t_s,p_Pa,L_fast_dB_SPL
0,3.52244442462e-05,-25.0858882097
0.000125,2.25693737335e-05,-23.5951264884
0.00025,-1.9979915331e-05,-22.7057719393
0.000375,4.44565403679e-05,-19.8731817344
0.0005,5.17484809838e-05,-17.7012777229
0.000625,5.66036022425e-05,-16.0264428789
0.00075,7.89275862967e-05,-13.924639243
0.000875,7.95200229365e-05,-12.4974040928
0.001,5.18533066154e-05,-12.0114178911
0.001125,9.04204060029e-05,-10.7937283495
0.00125,6.31588467131e-05,-10.306729166
0.001375,4.16334275359e-05,-10.1135635693
0.0015,7.68268589122e-05,-9.50509990981
0.001625,4.02389820013e-05,-9.35526787751
0.00175,8.1526035102e-05,-8.77797066503
0.001875,-1.26266910293e-05,-8.76926197503
0.002,4.7523656839e-05,-8.59263456129
0.002125,3.74904682188e-06,-8.59587344918
0.00225,1.61097709593e-05,-8.57986053792
0.002375,-1.84346205599e-05,-8.5576654718
0.0025,-1.40249656733e-05,-8.5467064826
0.002625,-1.85747452876e-05,-8.52431195754
0.00275,-2.49871649196e-06,-8.52817208541
0.002875,-5.98794412168e-05,-8.26348952143
0.003,-1.01302331654e-05,-8.26036529848
0.003125,-4.81372901968e-05,-8.0992673043
0.00325,-6.55386021688e-05,-7.81239089559
0.003375,-7.88353800503e-05,-7.42680908526
0.0035,-9.48218029833e-05,-6.92212715382
0.003625,-7.08536102648e-05,-6.66598154572
0.00375,-5.16826738049e-05,-6.5377127039
0.003875,-4.36195444936e-05,-6.44991320206
0.004,-4.16617700741e-05,-6.37178949103
0.004125,-3.56927786197e-05,-6.31652541843
0.00425,-3.23011704391e-05,-6.27260526962
0.004375,-2.53961328567e-05,-6.24735061607
0.0045,-1.05046405891e-05,-6.24664478051
0.004625,3.35517573996e-05,-6.19976380706
0.00475,-3.88049347311e-06,-6.20342495079
0.004875,3.40235656908e-05,-6.15562037704
0.005,-4.77804115071e-05,-6.05882020703
0.005125,1.94093021147e-05,-6.04668080806
0.00525,2.92761030309e-05,-6.01371854158
0.005375,6.14059040256e-05,-5.85748569499
0.0055,2.27388562727e-05,-5.84024386102
0.005625,7.97357557139e-05,-5.58734213858
0.00575,6.40743238107e-05,-5.43316164589
0.005875,5.22309609194e-05,-5.33517827903
0.006,5.25443509345e-05,-5.23826108184
0.006125,8.33346315761e-05,-4.99763421435
0.00625,4.98372997001e-05,-4.91753006373
0.006375,6.17673308435e-05,-4.79514852516
0.0065,1.32595195465e-05,-4.79373410167
0.006625,6.29508868716e-05,-4.67016620317
0.00675,4.02034042352e-05,-4.623350001
0.006875,9.46316943524e-06,-4.62487320804
0.007,3.80955760816e-05,-4.58372766634
0.007125,-1.3360520311e-05,-4.58250282463
0.00725,5.21144194365e-05,-4.50291823956
0.007375,2.70772179854e-06,-4.50703657382
0.0075,-6.36801269602e-07,-4.51136708345
0.007625,-1.80824505588e-05,-4.50568486598
0.00775,-2.12381554359e-05,-4.49622228022
0.007875,-3.85904353483e-05,-4.45524883775
0.008,-7.30246160584e-05,-4.30093883778
0.008125,-4.71771435981e-05,-4.24067703823
0.00825,-8.23554559366e-05,-4.05368599694
0.008375,-3.22422170195e-05,-4.02940510143
0.0085,-7.59809612736e-05,-3.87797946825
0.008625,-6.38980320653e-05,-3.77532980236
0.00875,-5.81738845406e-05,-3.69286015293
0.008875,-4.53259809721e-05,-3.64528444598
0.009,-4.92608831066e-05,-3.5890318014
0.009125,-1.34484310678e-05,-3.58888766909
0.00925,-3.04909078329e-05,-3.57021515274
0.009375,-2.44063406327e-05,-3.55986094264
0.0095,-2.25979732912e-05,-3.55163092086
0.009625,1.12475616175e-05,-3.55286167842
0.00975,7.27190463994e-06,-3.55590307903
0.009875,4.36891855216e-05,-3.51347905278
0.01,4.97427953994e-05,-3.45787753167
0.010125,1.9735499215e-06,-3.46212667261
0.01025,2.89041568453e-05,-3.44637546613
0.010375,1.43711396361e-05,-3.44576033103
0.0105,5.8850718989e-05,-3.36770941413
0.010625,6.82101686467e-05,-3.26366465483
0.01075,6.2512816115e-05,-3.17892673542
0.010875,7.29828433141e-05,-3.06460297856
0.011,6.50013278651e-05,-2.97697729821
0.011125,9.94904065856e-05,-2.77299414281
0.01125,2.24273509713e-05,-2.76700281196
0.011375,3.32811337582e-05,-2.74865218691
0.0115,4.96846289048e-06,-2.75249020826
0.011625,1.52183604042e-05,-2.7520941252
0.01175,5.74817050244e-05,-2.68931739036
0.011875,3.61521808147e-05,-2.66736813369
0.012,-3.52043975299e-05,-2.64690083488
0.012125,4.76363077676e-05,-2.60613610727
0.01225,-1.50392658215e-05,-2.60600413902
0.012375,-3.17567658603e-05,-2.59043034559
0.0125,-8.20679022636e-05,-2.46392372629
0.012625,-0.00010561929008,-2.2596505873
0.01275,-6.11351010159e-05,-2.19621464086
0.012875,-6.68201791679e-05,-2.12087053084
0.013,-7.67955424802e-05,-2.02204854138
0.013125,-4.05868087665e-05,-1.99797994464
0.01325,-0.000124657986192,-1.7428213083
0.013375,-7.23944845032e-05,-1.66294395851
0.0135,-6.72261387249e-05,-1.59588052525
0.013625,-3.98992445367e-05,-1.57532267303
0.01375,-2.26211017356e-05,-1.5716837946
0.013875,-3.69382097962e-05,-1.55479431932
0.014,-1.74092724471e-05,-1.55443023607
0.014125,2.47943991308e-05,-1.54923172768
0.01425,4.25237914252e-05,-1.52560230357
0.014375,-7.18009311796e-06,-1.52914959835
0.0145,1.02056429602e-05,-1.53188391099
0.014625,5.10388267697e-05,-1.49614704066
0.01475,3.20795278986e-05,-1.48474201871
0.014875,7.4458137297e-05,-1.40513208032
0.015,1.54455416181e-06,-1.40943921062
0.015125,5.72915281733e-05,-1.36473525504
0.01525,5.33910486607e-05,-1.32688518543
0.015375,8.64737531533e-05,-1.22234933464
0.0155,5.66176906086e-05,-1.18079532675
0.015625,2.91375681345e-05,-1.17305114345
0.01575,4.69403034059e-05,-1.14614947044
0.015875,5.40283208107e-05,-1.10940174562
0.016,5.70820215496e-05,-1.06828719613
0.016125,8.95195571667e-05,-0.962704706564
0.01625,5.98762362039e-05,-0.918708198864
0.016375,8.37307561701e-06,-0.922110261408
0.0165,-8.46268714818e-06,-0.92549132602
0.016625,-2.70820305407e-05,-0.919985986983
0.01675,-4.7257348424e-05,-0.894448703182
0.016875,-5.49736646248e-05,-0.858641543399
0.017,-1.58335905278e-05,-0.859667082585
0.017125,-6.90990507579e-05,-0.801246061397
0.01725,-6.21043090501e-06,-0.805085175816
0.017375,-8.83672060568e-05,-0.708508295775
0.0175,-8.93958877676e-05,-0.611840611092
0.017625,-0.000113318546395,-0.458488197632
0.01775,-4.82053425785e-05,-0.434868271494
0.017875,-3.40616842292e-05,-0.425303207302
0.018,-8.29246416259e-05,-0.348034524147
0.018125,-2.15600586729e-05,-0.346910187639
0.01825,-5.97116745944e-05,-0.309502620231
0.018375,-4.67483588894e-05,-0.28842688863
0.0185,-3.16337919441e-05,-0.281168537971
0.018625,-6.98941803217e-05,-0.22926118567
0.01875,-3.86622934447e-06,-0.23343295788
0.018875,-3.46728970376e-05,-0.224017217782
0.019,-8.52050877922e-06,-0.227529866979
0.019125,1.26926183227e-05,-0.230029050383
0.01925,2.48606088214e-05,-0.22729882345
0.019375,2.33296620586e-05,-0.225416229396
0.0195,8.48492742958e-05,-0.148158648258
0.019625,5.98830569827e-05,-0.112381886708
0.01975,4.94713392916e-05,-0.0895274913805
0.019875,4.85233990842e-05,-0.0678392202462
0.02,0.000117770483584,0.0782208255357
0.020125,5.53362548169e-05,0.106424850675
0.02025,8.667505019e-05,0.180992569627
0.020375,8.07130551007e-05,0.24400275623
0.0205,7.03588197006e-05,0.290201386345
0.020625,8.29358663306e-05,0.355190628038
0.02075,7.23890465439e-05,0.402986191545
0.020875,4.54421184629e-05,0.41903900322
0.021,6.54113761151e-05,0.456695401445
0.021125,-5.03106236845e-05,0.477033114407
0.02125,4.6088718249e-05,0.493315255779
0.021375,-2.11952637132e-05,0.493326125243
0.0215,1.26861113963e-05,0.490543407823
0.021625,-2.47218789928e-06,0.486259761972
0.02175,-1.91347655445e-05,0.485471362509
0.021875,-2.73778951611e-05,0.488403378572
0.022,-7.5529382999e-05,0.539087802656
0.022125,-3.97470132214e-05,0.549876459633
0.02225,-5.89186358242e-05,0.578631628875
0.022375,-4.51163104071e-05,0.593598566177
0.0225,-6.83414318138e-05,0.633285392393
0.022625,-2.24103245609e-05,0.633655188657
0.02275,-7.70509257008e-05,0.684693104708
0.022875,-7.94944916123e-05,0.73859144227
0.023,-3.18660622213e-05,0.743544030112
0.023125,-2.30449740423e-05,0.744059522391
0.02325,-4.1842326106e-05,0.755710950166
0.023375,-0.000109972641673,0.860380847277
0.0235,1.29740843942e-05,0.857537524636
0.023625,-2.85179595426e-05,0.860439978864
0.02375,6.42249784313e-06,0.85646455918
0.023875,-2.87130839453e-05,0.859468230155
0.024,1.82475176919e-05,0.858091850635
0.024125,5.69363548035e-06,0.854037905367
0.02425,2.51937185248e-05,0.855355257229
0.024375,2.14798964431e-05,0.855126315463
0.0245,1.49611228106e-05,0.852779815889
0.024625,7.2362436879e-05,0.89492727051
0.02475,7.13188507312e-05,0.935316386613
0.024875,9.81495311015e-05,1.0145340468
0.025,5.5194429955e-05,1.03631102751
0.025125,9.29763860858e-05,1.10531522319
0.02525,8.40987086744e-05,1.16013215585
0.025375,5.64162339688e-05,1.18217781133
0.0255,6.15822919252e-05,1.20910078323
0.025625,4.5790246618e-05,1.22196529629
0.02575,3.0343381003e-05,1.22516451134
0.025875,-5.65594026472e-06,1.22108363908
0.026,5.2332762828e-05,1.23914130895
0.026125,-1.30357153947e-05,1.23618584728
0.02625,7.8600538537e-06,1.23234773659
0.026375,-9.81265796941e-06,1.22879227381
0.0265,-5.61662337333e-05,1.25019622524
0.026625,-1.45810458551e-05,1.24758474112
0.02675,-7.54326666848e-05,1.28937284624
0.026875,-7.54629291367e-05,1.33075799616
0.027,-8.17086046567e-05,1.37947241963
0.027125,-6.03999333438e-05,1.40387888231
0.02725,-7.62953148069e-05,1.44506314228
0.027375,-7.39928135282e-05,1.48315194701
0.0275,-6.79882252079e-05,1.5143488444
0.027625,-0.000119816755596,1.61867274027
0.02775,-4.38479963259e-05,1.62869313251
0.027875,-6.6593548146e-05,1.65733289516
0.028,-4.6080312973e-05,1.66870995964
0.028125,7.71938404943e-06,1.66480778656
0.02825,-3.6015318413e-05,1.67005786472
0.028375,2.56797904979e-05,1.67058880105
0.0285,5.68559907986e-07,1.66624824644
0.028625,1.20406800912e-06,1.66191603207
0.02875,1.95908434452e-05,1.66041567587
0.028875,6.71172604669e-05,1.689331362
0.029,1.1192959655e-05,1.6859106745
0.029125,6.4154711256e-05,1.71178781227
0.02925,0.000105454872288,1.78814141033
0.029375,5.42774023686e-05,1.8049483272
0.0295,0.0001026643382,1.8755145608
0.029625,2.91917804315e-05,1.87717796887
0.02975,7.24056283723e-05,1.90964170938
0.029875,5.65358744296e-05,1.92760927665
0.03,0.00010048248594,1.99306811797
0.030125,0.000100572511062,2.05761328827
0.03025,3.76980487076e-05,2.06287181362
0.030375,4.38100445435e-05,2.07147542333
0.0305,-6.23630291587e-06,2.06739468005
0.030625,4.02386010952e-05,2.07396468117
0.03075,1.58405003519e-05,2.0713121706
0.030875,-3.10857588234e-05,2.0734796255
0.031,-2.52219620863e-05,2.07342154426
0.031125,-2.12795228925e-05,2.07212909621
0.03125,-1.75937138313e-05,2.06987227152
0.031375,7.06942327287e-06,2.06586638527
0.0315,-2.3346866796e-05,2.06520157946
0.031625,-4.8094100234e-05,2.07644788529
0.03175,-6.05207191575e-05,2.09670150478
0.031875,-5.0179059431e-05,2.10920366952
0.032,-7.66753441115e-05,2.14397859696
0.032125,-3.66989004832e-05,2.14855644828
0.03225,-2.73650286095e-05,2.14917062736
0.032375,-5.74077910806e-05,2.16659861819
0.0325,-6.34704340644e-05,2.18874673324
0.032625,-4.28658872816e-06,2.18452437095
0.03275,-7.35121614597e-05,2.21553542421
0.032875,-2.39539157302e-05,2.21493318843
0.033,-3.11624606489e-05,2.21692011841
0.033125,-2.90739960271e-05,2.21808504135
0.03325,-1.61875605749e-05,2.21544979193
0.033375,4.17616051212e-05,2.22246696247
0.0335,3.36693514994e-05,2.22549958548
0.033625,2.50710125099e-05,2.22524482856
0.03375,4.80203437085e-05,2.23588210764
0.033875,1.46989484252e-05,2.23294151046
0.034,7.93535213918e-06,2.22900759953
0.034125,7.80485542074e-05,2.264092005
0.03425,8.25178363921e-05,2.30344502362
0.034375,7.63460172214e-05,2.336196935
0.0345,2.34520227815e-05,2.33534144044
0.034625,5.18166407128e-05,2.34800031825
0.03475,4.95505235785e-05,2.35916204193
0.034875,7.85775994055e-05,2.39360572466
0.035,6.7189884866e-05,2.4174323013
0.035125,6.20255527851e-05,2.43697542596
0.03525,5.77967994036e-05,2.45328715673
0.035375,6.07625484702e-05,2.4716819546
0.0355,2.0097282787e-05,2.46982170745
0.035625,-1.76599498048e-06,2.46549794655
0.03575,6.11029042808e-06,2.46138488317
0.035875,-2.5043079447e-05,2.46090547706
0.036,-4.93406871532e-07,2.45656403283
0.036125,-5.69336554845e-05,2.47217486661
0.03625,-1.34681859479e-05,2.46894695154
0.036375,-3.26246905657e-05,2.47114754089
0.0365,-4.72768483219e-05,2.4805272292
0.036625,-3.30240516403e-05,2.48287103446
0.03675,-8.39054888714e-05,2.5214901649
0.036875,-7.70344770377e-05,2.55306962367
0.037,-5.9533143286e-05,2.57006130229
0.037125,-7.65633077795e-05,2.60081138993
0.03725,-3.74334498563e-05,2.60482374844
0.037375,-4.73499008109e-05,2.61382921757
0.0375,-4.73447936231e-05,2.62280420963
0.037625,-2.46437555796e-05,2.62206617618
0.03775,-1.45805478096e-05,2.61898569659
0.037875,-4.84364189864e-05,2.62856440147
0.038,-6.49004749184e-06,2.62447124277
0.038125,4.31738581217e-05,2.63117883633
0.03825,2.69157023502e-05,2.63112750337
0.038375,3.51886889482e-05,2.63411733116
0.0385,7.20875265469e-05,2.66044451459
0.038625,9.93379999724e-05,2.71380999737
0.03875,6.9248666758e-05,2.73726372078
0.038875,2.11943271521e-05,2.73551809027
0.039,4.05311454963e-05,2.74067009362
0.039125,3.04889789999e-05,2.7416961285
0.03925,3.96313285104e-05,2.74641876747
0.039375,8.98689150684e-05,2.78844167532
0.0395,0.000101795587305,2.84293028504
0.039625,5.82193736956e-05,2.85767833749
0.03975,9.41427562923e-05,2.90291080575
0.039875,0.000105094298747,2.9596272105
0.04,3.97963925359e-05,2.96397850102
0.040125,2.54687608421e-06,2.95967116501
0.04025,8.2332321688e-06,2.95570069463
0.040375,2.27183189176e-05,2.95419555058
0.0405,-1.60370059079e-05,2.9512674146
0.040625,-2.57477642621e-06,2.94696096971
0.04075,-1.45207843791e-05,2.9437799214
0.040875,-3.25185212097e-05,2.94526516557
0.041,-5.80646590182e-05,2.95947081363
0.041125,-5.42244968625e-05,2.97125580586
0.04125,-9.65000254332e-05,3.01765063413
0.041375,-1.62310241195e-05,3.01473591504
0.0415,-5.24976762373e-05,3.02532096384
0.041625,-9.45807027798e-05,3.06912895032
0.04175,-9.49381922645e-05,3.1128153683
0.041875,-7.6663334458e-05,3.13953812372
0.042,-3.16589522685e-05,3.14047618504
0.042125,-2.40596391317e-05,3.13918337878
0.04225,-6.4041491947e-05,3.15641127314
0.042375,-7.18390992797e-05,3.17908740233
0.0425,-3.36134609467e-05,3.18064326515
0.042625,-4.52018781461e-05,3.18695786429
0.04275,-1.61161928468e-05,3.18396918211
0.042875,-3.11579099876e-05,3.1846894715
0.043,2.03523262486e-05,3.18250721742
0.043125,5.44863712735e-05,3.19363436118
0.04325,1.50313343719e-05,3.19046770609
0.043375,2.59906492521e-05,3.18964322466
0.0435,7.70846019535e-05,3.21615833952
0.043625,5.39116418068e-05,3.22684470617
0.04375,6.63258440524e-05,3.24517369155
0.043875,5.98809995163e-05,3.25924191361
0.044,9.57378522317e-05,3.30165576198
0.044125,5.10759844866e-05,3.31054244882
0.04425,5.64165995821e-05,3.32230209175
0.044375,4.17441053409e-05,3.32675871872
0.0445,5.77505903531e-05,3.33922461442
0.044625,5.20434478598e-05,3.34849831523
0.04475,8.19899560574e-05,3.37780107209
0.044875,4.04960408872e-05,3.38163481876
0.045,-6.46746753717e-06,3.37750043638
0.045125,3.02584379329e-05,3.37772475505
0.04525,2.82044877584e-05,3.37735013321
0.045375,-4.76699310101e-05,3.38433455684
0.0455,-2.81907934475e-05,3.38395005771
0.045625,-5.13917394929e-05,3.39274954759
0.04575,-8.78277600409e-05,3.42660269554
0.045875,-3.93228079678e-05,3.42988385802
0.046,-1.38372389284e-05,3.42648498445
0.046125,-8.29839009785e-05,3.45599424528
0.04625,-5.67492823154e-05,3.46740834336
0.046375,-8.89268251781e-05,3.50155472742
0.0465,-5.27307775025e-05,3.51067785313
0.046625,-5.84989614462e-05,3.52286758284
0.04675,-2.46717509358e-05,3.52146166416
0.046875,-4.99220290998e-05,3.52913524207
0.047,-5.43133029518e-05,3.53898713571
0.047125,-4.30290732093e-05,3.54353869939
0.04725,5.09606515261e-06,3.53932050767
0.047375,-1.35848787719e-05,3.53586487535
0.0475,-1.08523794589e-06,3.53152759821
0.047625,-1.12225125068e-05,3.52779130393
0.04775,6.73395215846e-05,3.5452561444
0.047875,6.25142675695e-05,3.55963887732
0.048,6.87672534512e-05,3.57787010079
0.048125,9.40539899711e-05,3.6154846325
0.04825,4.16689921041e-05,3.61933782343
0.048375,6.49569460504e-05,3.63486794427
0.0485,3.85992616272e-05,3.63752765082
0.048625,7.57203877308e-05,3.6600548614
0.04875,4.10703045853e-05,3.66359321409
0.048875,7.59187728744e-05,3.6860998404
0.049,4.68770783083e-05,3.69196023434
0.049125,3.87858972456e-05,3.69459550201
0.04925,3.73102079763e-05,3.69670634297
0.049375,6.49482779851e-05,3.71188115393
0.0495,5.43442929501e-05,3.721164566
0.049625,5.80101225189e-05,3.73231185069
0.04975,1.11687220323e-05,3.72854261079
0.049875,-2.69872276235e-05,3.72755114252
0.05,-2.599390543e-05,3.72631829464
0.050125,-1.00669508008e-05,3.72244209754
0.05025,-3.43889160825e-05,3.72354746267
0.050375,-7.06719233531e-05,3.74216241787
0.0505,-5.02817197146e-05,3.74940633992
0.050625,-1.71116353787e-05,3.74640466699
0.05075,-4.42443110126e-05,3.75102707832
0.050875,-6.94990947544e-05,3.76874859755
0.051,-7.13205609017e-05,3.78754433794
0.051125,-5.01200871446e-05,3.79459446686
0.05125,-6.80430386873e-05,3.81119274098
0.051375,-5.32404386961e-05,3.81963377685
0.0515,-2.81546739772e-05,3.81886274202
0.051625,-7.20563808758e-05,3.83786685861
0.05175,-2.37456064375e-05,3.83605434656
0.051875,-6.22057505783e-05,3.84905461924
0.052,-3.61055250214e-05,3.85054467031
0.052125,-8.37373795297e-07,3.84620486401
0.05225,1.64217937461e-05,3.84307001612
0.052375,-2.33534494828e-05,3.84117170797
0.0525,-1.16876354442e-05,3.8374414619
0.052625,1.58138482698e-05,3.83422109461
0.05275,8.421154925e-05,3.8616230873
0.052875,-5.05324735919e-06,3.85739414504
0.053,3.33466996955e-05,3.85801780308
0.053125,4.53603327495e-05,3.86285887965
0.05325,5.07114180434e-05,3.86997881723
0.053375,0.000124215835692,3.93385125217
0.0535,7.54354615674e-05,3.95442332034
0.053625,5.67033211304e-05,3.96410898181
0.05375,0.000101249738853,4.00423867394
0.053875,6.58134019923e-05,4.01856865265
0.054,8.06537356609e-05,4.04214708135
0.054125,4.84859721747e-05,4.04786084963
0.05425,6.57250142315e-05,4.06195508892
0.054375,4.27380815807e-05,4.06539227599
0.0545,1.71487108691e-05,4.06230190284
0.054625,4.89434788125e-05,4.0681587397
0.05475,-7.56749857931e-07,4.06381823286
0.054875,-1.10718055721e-05,4.05999764868
0.055,-3.11964013834e-05,4.05980370213
0.055125,-4.22985020021e-05,4.06308558076
0.05525,-6.85427654474e-05,4.07872085995
0.055375,-7.16692541863e-05,4.0961373066
0.0555,-0.000104101262484,4.13739362124
0.055625,-7.9380311979e-05,4.15937219765
0.05575,-9.32958184525e-05,4.1911636365
0.055875,-0.000104615919774,4.231878064
0.056,-8.85152075555e-05,4.25953794583
0.056125,-0.000105355649852,4.3001783971
0.05625,-8.30488733049e-05,4.32358162517
0.056375,-7.62595386335e-05,4.34251997274
0.0565,-3.75077274168e-05,4.34379591127
0.056625,-9.02368388236e-05,4.37186513014
0.05675,-3.79597444886e-05,4.37323849418
0.056875,-4.11025174834e-05,4.37559469595
0.057,-1.38712533768e-05,4.37201484027
0.057125,-9.8472682533e-06,4.36805679933
0.05725,1.95142826663e-05,4.3652265982
0.057375,3.76255050274e-05,4.36650839056
0.0575,7.13627998966e-05,4.38235953691
0.057625,0.000109725461342,4.42543503439
0.05775,7.01588215947e-05,4.44034956375
0.057875,8.25010863386e-05,4.46252209415
0.058,1.91444794557e-05,4.45960378943
0.058125,9.37899954732e-05,4.48934783608
0.05825,5.14996238743e-05,4.49524024714
0.058375,5.79720014412e-05,4.50384541538
0.0585,0.000100836885885,4.53848278341
0.058625,3.5648136127e-05,4.53899187709
0.05875,4.56741959808e-05,4.54261026898
0.058875,5.92996049154e-05,4.55166760412
0.059,3.77300633738e-05,4.55274315635
0.059125,5.9802016792e-05,4.56199645214
0.05925,6.215463008e-06,4.55780029225
0.059375,1.06601025889e-05,4.55388952539
0.0595,-1.38592888278e-05,4.55027771607
0.059625,2.08547655334e-05,4.5475914622
0.05975,-3.16026058327e-05,4.5470542461
0.059875,-2.56305157652e-05,4.54521525068
0.06,-5.001730477e-05,4.55040430171
0.060125,-1.10153923714e-05,4.54652360792
0.06025,-6.5979328531e-05,4.55874889758
0.060375,-5.00838850782e-05,4.56393361047
0.0605,-3.64599794297e-05,4.56463644958
0.060625,-5.79658305443e-05,4.57303395535
0.06075,-5.47037436598e-05,4.58001777123
0.060875,-7.92874188805e-05,4.59939738896
0.061,-0.000113779239288,4.64354986922
0.061125,-3.91409658518e-05,4.64491597761
0.06125,-8.2346867513e-05,4.66577782983
0.061375,-3.84390237897e-05,4.66691304189
0.0615,-7.09960537e-05,4.68122467969
0.061625,-3.32116741089e-05,4.68095738368
0.06175,-2.50105035016e-05,4.67892637064
0.061875,2.84104548554e-05,4.67756781869
0.062,1.04314444632e-05,4.67362745506
0.062125,5.66331311064e-06,4.66940328221
0.06225,5.36067619928e-05,4.67569951943
0.062375,8.72098980094e-06,4.67163808149
0.0625,5.39542725172e-05,4.67806699556
0.062625,3.7424351122e-05,4.67890231732
0.06275,6.15286188917e-05,4.6885393477
0.062875,6.85495983771e-05,4.70150379856
0.063,9.67228310911e-05,4.7314481793
0.063125,0.00011087324266,4.77179558207
0.06325,0.000117687745093,4.81730998349
0.063375,8.87663056681e-05,4.84110541926
0.0635,6.34175148679e-05,4.85106898962
0.063625,4.22154361419e-05,4.85305687357
0.06375,4.50492427299e-05,4.85591920232
0.063875,6.58604665888e-05,4.86695179008
0.064,8.16731711551e-06,4.86284510696
0.064125,3.83160456282e-05,4.86370401687
0.06425,1.95010531386e-05,4.86070885459
0.064375,-2.42469634043e-05,4.85845078978
0.0645,-2.48247399871e-05,4.85629438025
0.064625,-3.42372321286e-05,4.85611151198
0.06475,-4.76015484791e-05,4.8598069838
0.064875,-4.14148550075e-05,4.86154495487
0.065,-9.06581295492e-05,4.88625208021
0.065125,-7.64038586481e-05,4.90244531474
0.06525,-4.54166701162e-05,4.90534281827
0.065375,-5.25582002163e-05,4.91068719504
0.0655,-8.36238758175e-05,4.93079601385
0.065625,-2.67607873703e-05,4.92895188753
0.06575,-5.47569839797e-05,4.935065829
0.065875,-7.93924840433e-05,4.95264573757
0.066,-9.51578123195e-05,4.97963552239
0.066125,-5.76253012296e-05,4.98673800335
0.06625,-3.09895054496e-05,4.98570280015
0.066375,3.40231687065e-06,4.98139975036
0.0665,-6.04679605519e-06,4.97718294351
0.066625,8.45232487586e-06,4.97308669532
0.06675,-1.29624855767e-05,4.96932448865
0.066875,3.36039466358e-05,4.96888630393
0.067,4.07724659494e-05,4.97029112925
0.067125,6.26013580689e-05,4.97948146365
0.06725,3.38647026015e-05,4.97909482635
0.067375,4.93577373455e-05,4.98315271505
0.0675,8.22815513242e-05,5.0020942432
0.067625,4.40264778419e-05,5.0044013865
0.06775,7.45149968436e-05,5.01907087715
0.067875,8.10857022111e-05,5.03715647482
0.068,7.66979772358e-05,5.05280265661
0.068125,6.52592596978e-05,5.06288830124
0.06825,4.21987996324e-05,5.06457028037
0.068375,5.35771690364e-05,5.06993151195
0.0685,5.17311274378e-05,5.07462506848
0.068625,4.27213596255e-05,5.07644042816
0.06875,2.24409937056e-05,5.07379688734
0.068875,4.39492718115e-05,5.07597231547
0.069,1.43426912314e-06,5.07163631458
0.069125,-3.97543543404e-05,5.07263016322
0.06925,-2.12683540741e-05,5.06981503013
0.069375,1.70361512287e-05,5.0664530512
0.0695,-2.41157774511e-05,5.06407708827
0.069625,-5.74749883209e-05,5.07090105548
0.06975,-6.2601179762e-05,5.07978187374
0.069875,-8.78543369932e-05,5.10139215808
0.07,-5.04543027718e-05,5.10558359174
0.070125,-7.94629878312e-05,5.12235883096
0.07025,-8.30634580527e-05,5.14099726284
0.070375,-4.73965190668e-05,5.14411814234
0.0705,-1.93554000882e-05,5.14101991772
0.070625,-5.25756876291e-05,5.14585924635
0.07075,-3.26410010274e-05,5.14505387614
0.070875,-2.75607804627e-05,5.14323379028
0.071,-9.0932639032e-05,5.16628684668
0.071125,-2.93524658964e-05,5.16479137478
0.07125,-1.66978852736e-05,5.16137044752
0.071375,-4.11634947506e-05,5.16263215475
0.0715,5.50894537524e-06,5.15838962761
0.071625,3.67048068869e-05,5.15850658561
0.07175,5.22559194403e-05,5.16319826316
0.071875,-3.70642480276e-06,5.15890076791
0.072,9.12555041376e-05,5.18204905864
0.072125,3.02577726542e-05,5.18072092239
0.07225,4.4847834652e-05,5.18300046565
0.072375,8.97410102679e-05,5.20509990177
0.0725,6.6415180654e-05,5.2151862332
0.072625,6.25638003438e-05,5.22362032374
0.07275,5.49324650908e-05,5.22911173251
0.072875,5.33476717995e-05,5.23403277543
0.073,4.90728008208e-05,5.23752102999
0.073125,6.20281433816e-05,5.24567325141
0.07325,3.0719343969e-05,5.24439258668
0.073375,4.60556562045e-05,5.2469317901
0.0735,2.88902292746e-05,5.2452966347
0.073625,3.26444410373e-05,5.24441194772
0.07375,-2.37074924704e-05,5.24189365596
0.073875,7.39196608355e-06,5.23772823763
0.074,-8.83735448344e-06,5.23363927339
0.074125,-2.8413884562e-05,5.23192361493
0.07425,-4.28447686572e-05,5.23355440585
0.074375,-6.23358709549e-05,5.24184224817
0.0745,-5.91788441574e-05,5.2488630595
0.074625,-7.52835880451e-05,5.26286597921
0.07475,-0.000112082210206,5.29895316882
0.074875,-6.59881635168e-05,5.30855081021
0.075,-6.15925519231e-05,5.31632881407
0.075125,-8.47526453736e-05,5.33486663678
0.07525,-6.82138364019e-05,5.34529642759
0.075375,-4.60845123174e-05,5.34768611915
0.0755,-4.07593853884e-05,5.34860776816
0.075625,-4.01633780081e-05,5.3493755848
0.07575,-7.11086405796e-05,5.36103000907
0.075875,-4.42632448662e-05,5.36287599321
0.076,-1.32823692307e-05,5.35909046142
0.076125,-1.96526364913e-05,5.35596879033
0.07625,-1.10923976656e-06,5.35162973951
0.076375,6.91843219416e-05,5.3624236906
0.0765,1.52876781755e-06,5.35808813131
0.076625,1.09671818623e-05,5.35412564188
0.07675,2.59062111524e-05,5.35190706873
0.076875,5.73555436123e-05,5.35797245404
0.077,7.19592037164e-06,5.35379330728
0.077125,5.82490963221e-05,5.36018046626
0.07725,7.32486513234e-05,5.37276825956
0.077375,6.86212815039e-05,5.38324507265
0.0775,9.92162126893e-05,5.40975097314
0.077625,7.06090323099e-05,5.4209644195
0.07775,9.93935526544e-05,5.44731352948
0.077875,5.13203522417e-05,5.45112478947
0.078,0.000106715206544,5.48189942322
0.078125,2.03500051805e-05,5.4788294448
0.07825,3.39544018076e-05,5.47803196678
0.078375,2.48485331358e-05,5.47558854613
0.0785,-8.81717032677e-07,5.47124799485
0.078625,3.73742066176e-05,5.47120779391
0.07875,-4.15652758457e-05,5.47218612709
0.078875,-1.88821342449e-05,5.46894160652
0.079,-1.22487180075e-05,5.46506126153
0.079125,-7.67528364806e-05,5.4788616361
0.07925,-4.34762671682e-05,5.48032993681
0.079375,-0.000104706546871,5.50957434016
0.0795,-7.30754910102e-05,5.52151359857
0.079625,-7.39108760717e-05,5.53378089914
0.07975,-0.000105805483981,5.56331338918
0.079875,-4.8027100829e-05,5.56592445165
0.08,-8.00058000969e-06,5.56177451796
0.080125,-6.68776572792e-05,5.5709103977
0.08025,-6.26338031183e-05,5.57836734083
0.080375,-4.26741195708e-05,5.57949657448
0.0805,-5.27138142657e-05,5.58349857311
0.080625,-2.38709274221e-05,5.58086660722
0.08075,-4.25903091315e-05,5.58197124723
0.080875,-5.73504786176e-05,5.58749847738
0.081,-2.90107863387e-05,5.58568008505
0.081125,1.3128175553e-05,5.58185445677
0.08125,1.95689999411e-05,5.57866187728
0.081375,4.88791248823e-05,5.58149626759
0.0815,1.50379391383e-05,5.57783273684
0.081625,7.38185075833e-05,5.58984555048
0.08175,5.88399586002e-05,5.59587270792
0.081875,9.82015331734e-05,5.62031373735
0.082,6.62695711083e-05,5.62902905383
0.082125,5.72753816632e-05,5.63442450774
0.08225,1.98699066911e-05,5.63125330521
0.082375,5.3836096031e-05,5.63551104788
0.0825,3.85953835471e-05,5.63558625021
0.082625,3.86052231454e-05,5.63566362793
0.08275,2.81528501394e-05,5.63367195197
0.082875,4.05725566548e-05,5.63421322253
0.083,-1.22522379738e-05,5.63031586083
0.083125,3.78856611113e-05,5.63023524047
0.08325,1.01784995704e-05,5.6262000967
0.083375,1.25442211335e-05,5.62232508683
0.0835,-2.82516037879e-05,5.6203572121
0.083625,-6.93805262097e-05,5.63032510986
0.08375,-5.50431301102e-06,5.62607217918
0.083875,-5.3835656169e-05,5.63034003784
0.084,-8.2453347525e-05,5.64614899681
0.084125,-0.00010184052119,5.67240011881
0.08425,-4.40599995523e-05,5.67376545054
0.084375,-4.9666224874e-05,5.67667228362
0.0845,-4.81696763047e-05,5.67914457491
0.084625,-9.41670448235e-05,5.70077483867
0.08475,-7.43296602907e-05,5.71255252408
0.084875,-2.35033426295e-05,5.70981972426
0.085,-4.15143756234e-05,5.71050142322
0.085125,-2.4249073984e-05,5.70787320909
0.08525,-5.32366083093e-05,5.7117937196
0.085375,-1.87066446043e-05,5.70847101606
0.0855,-5.63935616891e-05,5.71339828694
0.085625,1.65087766251e-05,5.70984965522
0.08575,-4.02085349802e-05,5.71022036022
0.085875,-3.82448069546e-06,5.70592007947
0.086,3.77587029183e-05,5.70573792233
0.086125,2.41675131366e-05,5.70310006381
0.08625,3.54296944375e-05,5.70242303899
0.086375,5.20250750568e-05,5.70598195651
0.0865,6.55547815325e-05,5.71416827178
0.086625,0.000103940267674,5.74119592845
0.08675,6.99543069621e-05,5.75100255027
0.086875,5.89364434878e-05,5.75668514389
0.087,0.000106474733374,5.78493602807
0.087125,9.54137340607e-05,5.8066167109
0.08725,5.21186660297e-05,5.81001623047
0.087375,4.97097706751e-05,5.81271164467
0.0875,0.000135490257859,5.8603544814
0.087625,7.31338437801e-05,5.87105647356
0.08775,4.46205098049e-05,5.87230627642
0.087875,-3.09019153597e-06,5.86799016528
0.088,5.05975035599e-06,5.86371923117
0.088125,-4.50433608065e-05,5.86508509734
0.08825,-5.77910417377e-05,5.87013255954
0.088375,-2.6164178445e-05,5.86771379705
0.0885,-3.12130645689e-05,5.86611057067
0.088625,-9.21438842862e-05,5.88559474624
0.08875,-2.46824202916e-05,5.88295816737
0.088875,-6.05518258626e-05,5.88888088007
0.089,-0.000113857294178,5.92067617125
0.089125,-7.01464570942e-05,5.92998542389
0.08925,-7.68899366525e-05,5.94200550209
0.089375,-5.39822060956e-05,5.94571336751
0.0895,-3.53306093478e-05,5.94481788891
0.089625,-3.64990951961e-05,5.94415487685
0.08975,-7.32407343428e-05,5.95461293404
0.089875,-4.08201463141e-05,5.95486196604
0.09,-1.15894500116e-05,5.95088932865
0.090125,-3.14247549954e-05,5.94927071644
0.09025,-3.38608339048e-05,5.94809188107
0.090375,-4.91861201571e-05,5.95042443337
0.0905,2.77391493683e-05,5.94820463112
0.090625,7.92709347043e-06,5.94403520261
0.09075,3.11796351108e-05,5.9423785033
0.090875,4.17468652761e-05,5.94285182532
0.091,7.04712281066e-05,5.95221752047
0.091125,7.95146262522e-05,5.96528234397
0.09125,3.92697431236e-05,5.96517892588
0.091375,9.42129474213e-05,5.98518194125
0.0915,7.95111333761e-05,5.99811388079
0.091625,0.00013040418398,6.03994545469
0.09175,0.000118611338999,6.07347330655
0.091875,9.11095959617e-05,6.09134356866
0.092,7.28510229454e-05,6.10115759659
0.092125,4.87142067225e-05,6.10313616253
0.09225,8.08766917684e-05,6.11618742435
0.092375,5.18673237015e-05,6.11898538571
0.0925,2.30097732661e-05,6.1160478325
0.092625,-1.21752238574e-05,6.11209868333
0.09275,4.35154690513e-05,6.11278804769
0.092875,1.82747906519e-05,6.10933291916
0.093,-2.34850876816e-05,6.10645727529
0.093125,-2.06841234553e-05,6.10325330248
0.09325,-4.64148751341e-05,6.10464681375
0.093375,-1.7439855752e-05,6.10111393805
0.0935,-9.83658475639e-05,6.12248870048
0.093625,-8.90765557355e-05,6.13914333088
0.09375,-6.82091072457e-05,6.14707754506
0.093875,-5.74960188183e-05,6.1514457133
0.094,-9.25997483785e-05,6.16963941058
0.094125,-5.8666788689e-05,6.17431863544
0.09425,-7.75862014466e-05,6.18572606366
0.094375,-7.42602820815e-05,6.19577647929
0.0945,-5.53650622386e-05,6.19942149597
0.094625,-1.09789729907e-05,6.19539267945
0.09475,-4.60986437028e-05,6.19658962907
0.094875,-3.60370129731e-05,6.19563209067
0.095,5.13310437682e-05,6.19815658863
0.095125,-4.11051867524e-05,6.19821613945
0.09525,-3.058635118e-05,6.19631130466
0.095375,-4.91243743671e-06,6.19203129615
0.0955,-2.31002488145e-05,6.18908119388
0.095625,2.79605221305e-05,6.18678008961
0.09575,6.17879388322e-05,6.19240432792
0.095875,9.23219938572e-05,6.21025363218
0.096,3.78546564358e-05,6.20963433471
0.096125,0.000106643117743,6.23476066287
0.09625,0.000112080600079,6.2627702061
0.096375,4.9465984795e-05,6.26470732056
0.0965,5.47455928304e-05,6.26805186723
0.096625,9.09231096147e-05,6.28486458573
0.09675,8.23217596027e-05,6.29780467068
0.096875,3.99545521171e-05,6.29752700407
0.097,5.03353586136e-05,6.29963484384
0.097125,1.93080451404e-05,6.29624120704
0.09725,4.8027272991e-05,6.29777314821
0.097375,4.35089490158e-05,6.29825057273
0.0975,3.2696061144e-05,6.29663014847
0.097625,-2.81111257289e-06,6.29230734247
0.09775,-4.18389850536e-05,6.29242763365
0.097875,-4.38988489929e-05,6.29299783074
0.098,-4.24279757989e-07,6.28865534506
0.098125,-4.56327746908e-05,6.28962569627
0.09825,-8.41830087036e-05,6.3033347334
0.098375,-5.08680236176e-05,6.30557092274
0.0985,-2.46614091841e-05,6.30277445271
0.098625,-9.83342619102e-05,6.32296990932
0.09875,-8.70333242917e-05,6.33777208177
0.098875,-5.44094830191e-05,6.34089603253
0.099,-4.97182234061e-05,6.3427842848
0.099125,-4.73563673642e-06,6.33849788795
0.09925,-5.44377406393e-05,6.34162834191
0.099375,-5.19202595024e-05,6.34407919503
0.0995,-9.23334300896e-06,6.33995115236
0.099625,-3.84539080995e-05,6.33933762375
0.09975,-5.66013126974e-05,6.34307180406
0.099875,3.04139250513e-06,6.3387521819
0.1,-2.66046902722e-05,6.33619528611
0.100125,3.33495063335e-05,6.33466010386
0.10025,1.10954319541e-05,6.33062815043
0.100375,4.36827989884e-05,6.33110755249
0.1005,8.41158184277e-05,6.34461686594
0.100625,6.87015588756e-05,6.35215398684
0.10075,9.23306591308e-05,6.3692077856
0.100875,5.78195538339e-05,6.37323534436
0.101,3.91012456483e-05,6.37271895309
0.101125,5.07185025437e-05,6.37481296437
0.10125,4.4136514745e-05,6.37534320096
0.101375,3.79611274658e-05,6.37460525481
0.1015,5.5488094408e-05,6.37796239499
0.101625,4.7070857013e-05,6.37915769965
0.10175,3.91235519145e-05,6.37864045534
0.101875,3.76304019938e-05,6.37783730586
0.102,4.8356529116e-05,6.37933924267
0.102125,3.77224470622e-06,6.37503187781
0.10225,1.57818175416e-05,6.3713122675
0.102375,1.21677129834e-05,6.36734018237
0.1025,-5.32346378613e-05,6.3700969546
0.102625,-5.38932585123e-06,6.36582678726
0.10275,1.11350093405e-05,6.36179481669
0.102875,-1.94795972087e-05,6.35840439235
0.103,-7.16631756305e-05,6.36694539034
0.103125,-6.7064123816e-05,6.37386570713
0.10325,-3.68224146956e-05,6.37291596477
0.103375,-6.55636093339e-05,6.37932374981
0.1035,-0.000107015883589,6.40352236678
0.103625,-9.70545073556e-05,6.42253831185
0.10375,-5.98640750468e-05,6.42705829023
0.103875,-4.04168111627e-05,6.42675326657
0.104,-6.64813701295e-05,6.43332774371
0.104125,-6.94359704087e-05,6.44087483278
0.10425,-2.8098509515e-05,6.43847780029
0.104375,-3.53650790184e-05,6.43721867369
0.1045,-4.24907420274e-05,6.43732804112
0.104625,-3.97981348108e-05,6.43689115532
0.10475,5.43769974375e-05,6.43983805514
0.104875,7.25297891471e-06,6.43562482348
0.105,2.07450403751e-05,6.4323439519
0.105125,8.14806526208e-05,6.44436907534
0.10525,3.9065535589e-05,6.44378367606
0.105375,7.9458448007e-05,6.45496698678
0.1055,0.00011558834952,6.48333072868
0.105625,7.08468834667e-05,6.4912237417
0.10575,6.06310384225e-05,6.49582953112
0.105875,7.10633189773e-05,6.50376198458
0.106,7.75888542992e-05,6.51402175527
0.106125,6.32594174625e-05,6.51936839412
0.10625,9.98499723953e-05,6.53909657673
0.106375,3.35235496966e-05,6.53746130628
0.1065,4.33848037684e-05,6.53765405627
0.106625,6.74621186914e-05,6.54426953283
0.10675,2.95892498699e-06,6.53994766368
0.106875,6.90015956346e-05,6.54706227471
0.107,1.82780034864e-05,6.54352295331
0.107125,-1.93719930851e-05,6.54008343458
0.10725,-5.96513002785e-05,6.5443058303
0.107375,-2.69163962827e-05,6.54170652838
0.1075,-4.98615146549e-05,6.5433477343
0.107625,-5.00403694248e-05,6.54502964239
0.10775,-2.3446244923e-05,6.54200957307
0.107875,-7.22075758349e-05,6.55020609112
0.108,-5.97025118097e-05,6.55442322994
0.108125,-0.000102634161015,6.57530470599
0.10825,-0.000101888467875,6.59570311289
0.108375,-5.15223464502e-05,6.59767042279
0.1085,-6.77912642535e-05,6.60424128084
0.108625,-5.28969056126e-05,6.60653646891
0.10875,-6.8076063241e-05,6.61317668714
0.108875,-8.33720793992e-05,6.62527151369
0.109,-5.98843015748e-05,6.62939337474
0.109125,-2.41182544474e-05,6.62642328675
0.10925,-5.63995722068e-05,6.62958749662
0.109375,-7.14336467461e-06,6.62536499502
0.1095,8.7571609328e-06,6.62120323534
0.109625,9.40660285211e-06,6.61706954575
0.10975,2.30352234428e-05,6.61398250536
0.109875,1.84211564873e-05,6.61044333987
0.11,2.40516476111e-05,6.60747165013
0.110125,5.82003491284e-05,6.61115738265
0.11025,1.59749298808e-05,6.60741932368
0.110375,8.67349876774e-05,6.62088774873
0.1105,9.46938926187e-05,6.63770104018
0.110625,5.54160335544e-05,6.64058713746
0.11075,3.57186715172e-05,6.6392469706
0.110875,6.32265093587e-05,6.64430872434
0.111,5.91288351247e-05,6.64818249708
0.111125,5.24312739908e-05,6.65029581511
0.11125,2.79622724273e-05,6.64778926066
0.111375,4.2626109607e-05,6.64771506366
0.1115,2.13782988742e-05,6.64444626297
0.111625,1.71212563774e-05,6.64079281716
0.11175,9.87279362342e-06,6.63667934494
0.111875,8.10976947204e-05,6.64780734335
0.112,-1.84237021408e-05,6.64426216296
0.112125,-9.92144692148e-06,6.6401507729
0.11225,-5.4598062722e-05,6.64282125306
0.112375,-2.43197366311e-05,6.63986988612
0.1125,-7.37416901992e-05,6.64831313283
0.112625,-7.82722049773e-05,6.65834513867
0.11275,-6.47950952315e-05,6.66383549814
0.112875,-0.000114939110727,6.6903209734
0.113,-9.4894688179e-05,6.70688770397
0.113125,-2.86729704814e-05,6.70445067092
0.11325,-5.41855651334e-05,6.70691421693
0.113375,-5.56324821091e-05,6.70974175434
0.1135,-0.000116899459761,6.73694985907
0.113625,-5.59453219083e-05,6.73980826454
0.11375,-3.16978971359e-05,6.73777688402
0.113875,-7.53735949618e-05,6.74649411682
0.114,-4.13826080373e-05,6.74608423697
0.114125,-6.40449352139e-05,6.75115654084
0.11425,1.05046852853e-05,6.7470668634
0.114375,1.55266562195e-05,6.74327773137
0.1145,2.45232725902e-05,6.74031740208
0.114625,7.70052327578e-05,6.74959733626
0.11475,5.45740202119e-05,6.75208739978
0.114875,3.01470215807e-05,6.74982950899
0.115,7.96054049195e-05,6.76001159931
0.115125,6.71351837273e-05,6.76598022957
0.11525,4.65202684239e-05,6.76658472424
0.115375,2.40189517225e-05,6.76356102348
0.1155,6.91372027294e-05,6.77014411335
0.115625,8.4616578573e-05,6.78213248422
0.11575,5.99028582588e-05,6.78595940233
0.115875,7.7981761168e-05,6.79544066456
0.116,2.5655325721e-05,6.79259284551
0.116125,3.96048050411e-05,6.79181440975
0.11625,3.26867094702e-05,6.78990020483
0.116375,1.24240026879e-05,6.78590838115
0.1165,-7.39757006073e-06,6.78169003764
0.116625,3.75033456549e-05,6.78055153379
0.11675,-1.91136735066e-05,6.7770413742
0.116875,1.94354958722e-06,6.77270704782
0.117,-3.18753393921e-05,6.7706839771
0.117125,-4.82672646321e-06,6.76639426465
0.11725,-5.43923514154e-05,6.76881276625
0.117375,-1.55806720879e-05,6.7650247088
0.1175,-9.61926250631e-05,6.78180041663
0.117625,-6.55237176239e-05,6.78723141286
0.11775,-4.57879874514e-05,6.78765807894
0.117875,-5.40993085901e-05,6.78997133246
0.118,-8.7406255189e-05,6.80297289089
0.118125,-1.15156205751e-05,6.79893069484
0.11825,-6.65119287944e-05,6.80461878747
0.118375,-3.55282596153e-05,6.80313662243
0.1185,-6.26048605373e-05,6.80767340975
0.118625,-1.82199635931e-05,6.80408248868
0.11875,-7.1019056175e-05,6.81116074668
0.118875,-1.3849401148e-05,6.80725197774
0.119,-4.51836032674e-05,6.80753227706
0.119125,5.59164030874e-06,6.80326016973
0.11925,2.93979863949e-05,6.80087675825
0.119375,5.55396184437e-06,6.79660380667
0.1195,4.8759590709e-05,6.79765759996
0.119625,4.64326641732e-05,6.7982076894
0.11975,6.5005182993e-05,6.80344853723
0.119875,4.58087272483e-05,6.80386173924
0.12,6.48107906374e-05,6.8090330355
0.120125,8.09440105492e-05,6.8195038989
0.12025,6.67638825727e-05,6.82522033372
0.120375,3.87393394706e-05,6.82426235728
0.1205,6.33254820493e-05,6.82896048859
0.120625,6.58154107202e-05,6.83437221874
0.12075,8.0239782936e-05,6.84450231852
0.120875,-1.01412738538e-06,6.84016168405
0.121,-2.0884331853e-05,6.83679939695
0.121125,2.7552494997e-05,6.83416449201
0.12125,-7.14402712828e-06,6.8299364698
0.121375,6.90110414789e-05,6.83631485895
0.1215,-4.03050763667e-05,6.8356265722
0.121625,-4.19880478679e-05,6.83525035011
0.12175,2.88213014268e-05,6.8327770115
0.121875,-2.76573011354e-05,6.83015671746
0.122,-6.41748929822e-05,6.83508617816
0.122125,-3.63328916284e-05,6.83371410741
0.12225,-2.58784135152e-05,6.83087905368
0.122375,-7.23986128292e-05,6.8383318206
0.1225,-6.82303031361e-05,6.84444907101
0.122625,-3.23016340889e-05,6.8424494289
0.12275,-5.17160953137e-05,6.84411334559
0.122875,-8.25255100546e-05,6.85504404531
0.123,-4.16191188273e-05,6.85458107461
0.123125,-4.50247211766e-05,6.85477920159
0.12325,-7.45454828309e-05,6.86287235878
0.123375,-6.72048308994e-05,6.86862079414
0.1235,-2.56767298997e-05,6.86575045069
0.123625,5.46807602889e-05,6.86808635363
0.12375,-1.67391943311e-05,6.8643694035
0.123875,-6.23044637027e-07,6.86002732673
0.124,-8.04549205765e-06,6.85582927135
0.124125,1.18971275593e-05,6.85180344894
0.12425,5.69091647184e-05,6.85471759661
0.124375,8.10301409218e-05,6.86506486829
0.1245,5.70857121106e-05,6.86800182992
0.124625,9.29901746532e-05,6.88293640661
0.12475,8.5992001569e-05,6.89502741339
0.124875,7.03062312475e-05,6.90164617533
0.125,9.72721787876e-05,6.91823025026
0.125125,7.34596972678e-05,6.92578934777
0.12525,8.72634405771e-05,6.93820312667
0.125375,8.36589383624e-05,6.94921970272
0.1255,0.00011090546505,6.97176610447
0.125625,5.1631798246e-05,6.97323493416
0.12575,3.90984373981e-05,6.97222448934
0.125875,4.2365864476e-05,6.97179495583
0.126,1.75118235376e-06,6.96745870099
0.126125,-3.94777787014e-06,6.9631497891
0.12625,4.17198970044e-05,6.9626098134
0.126375,-2.79306802984e-05,6.95997200163
0.1265,-3.36027625888e-05,6.95809833933
0.126625,-1.80127529301e-06,6.95376249505
0.12675,-0.000126986443773,6.98460148134
0.126875,-2.55349900295e-05,6.98167655477
0.127,-5.40388942778e-05,6.98368500505
0.127125,-6.14285481701e-05,6.98754375
0.12725,-0.000103687133154,7.00650698077
0.127375,-0.00010718188568,7.02695500118
0.1275,-4.90980013848e-05,7.02780142017
0.127625,-6.33514817108e-05,7.03209309267
0.12775,-3.49588395835e-05,7.03037868887
0.127875,-5.40438219347e-05,7.0323175078
0.128,-2.51283179906e-05,7.02933277842
0.128125,-3.30055456419e-05,7.02733441225
0.12825,-5.07092062242e-05,7.02852630522
0.128375,-6.11209405802e-05,7.03221986182
0.1285,6.93076061027e-06,7.02798025883
0.128625,3.012688687e-06,7.0236568597
0.12875,2.46698452311e-05,7.02062564068
0.128875,2.73765437762e-05,7.01789912003
0.129,4.14531663806e-05,7.017263679
0.129125,1.43608116427e-05,7.01336592975
0.12925,6.21686941937e-05,7.01736615618
0.129375,5.68711066473e-05,7.01999973957
0.1295,9.41099531528e-05,7.03472276796
0.129625,8.13815360691e-05,7.04459688743
0.12975,5.66259926718e-05,7.04712731287
0.129875,6.12338139481e-05,7.05081610961
0.13,0.000112704141905,7.07359896956
0.130125,7.5337112035e-05,7.08133403749
0.13025,7.33443378662e-05,7.08841907977
0.130375,3.83875417468e-05,7.08720454557
0.1305,7.57368592838e-06,7.08298345187
0.130625,6.80000065224e-05,7.0884618277
0.13075,-3.95531349645e-06,7.08415210715
0.130875,-1.6304082745e-05,7.08037421738
0.131,3.22217736373e-06,7.07605336288
0.131125,-9.48141893475e-05,7.09081454806
0.13125,-5.97029534084e-05,7.09403076517
0.131375,-6.05946026073e-05,7.09746849401
0.1315,-3.83121942962e-05,7.09623521126
0.131625,-5.0965990662e-05,7.09739531979
0.13175,-6.48516155847e-05,7.1019566438
0.131875,-6.28980742133e-05,7.1059813213
0.132,-3.48017612318e-05,7.10419942462
0.132125,-6.53578075373e-05,7.1088860055
0.13225,-6.08534343162e-05,7.11236351511
0.132375,-4.88763656939e-05,7.11306312702
0.1325,-7.90362911333e-05,7.12189150957
0.132625,-3.28164705191e-05,7.11981750272
0.13275,-3.01594735843e-05,7.11739195195
0.132875,-7.40009728941e-05,7.12458620024
0.133,-3.02451086852e-05,7.12216943534
0.133125,-4.43856275362e-05,7.12197604792
0.13325,-2.27117363802e-05,7.11872000466
0.133375,-1.56419243533e-05,7.11489302936
0.1335,1.65397803757e-05,7.11112749253
0.133625,4.0193284759e-05,7.11019620299
0.13375,8.56495028711e-05,7.12132708161
0.133875,6.71278629832e-05,7.12647137865
0.134,4.82348070386e-05,7.12702363625
0.134125,2.47208542493e-05,7.12396687145
0.13425,0.000125660343266,7.15275866087
0.134375,8.53076404926e-05,7.16361703222
0.1345,7.80630185619e-05,7.1719750098
0.134625,8.38953056546e-05,7.18227024861
0.13475,0.000115961195529,7.20578506403
0.134875,6.77765814281e-05,7.21092735105
0.135,6.50928671473e-05,7.21532374375
0.135125,5.34966134054e-05,7.21687964028
0.13525,5.550017313e-05,7.21888305745
0.135375,-3.5014361468e-05,7.21706603093
0.1355,2.48169755728e-06,7.21273578401
0.135625,1.72763809164e-05,7.20900878521
0.13575,3.2554205509e-05,7.20685433449
0.135875,-5.35657425578e-05,7.20843701238
0.136,-7.49217298643e-05,7.21567475163
0.136125,-4.99715316664e-05,7.21647889906
0.13625,-3.46887399407e-05,7.21461649639
0.136375,-3.58169779853e-05,7.21291915917
0.1365,-3.86394359473e-05,7.21165625972
0.136625,-7.53818248821e-05,7.2190278025
0.13675,-4.78368126813e-05,7.21939818378
0.136875,-5.72802234424e-05,7.22181098387
0.137,-6.62940402503e-05,7.22650988683
0.137125,-7.40261130663e-05,7.23342587724
0.13725,-7.86596491058e-05,7.24177312588
0.137375,-6.3044236251e-05,7.24557062075
0.1375,-4.16388599934e-05,7.24477748163
0.137625,-7.64693848313e-05,7.25239755167
0.13775,-5.36723790223e-05,7.25394181008
0.137875,-6.09569454066e-05,7.25718838273
0.138,5.61314131492e-05,7.25927694843
0.138125,5.63331342222e-06,7.25499879815
0.13825,7.67245728049e-05,7.26267046378
0.138375,4.17186871223e-05,7.26187694574
0.1385,5.08504958416e-05,7.2628072767
0.138625,-3.18263621044e-05,7.26053033728
0.13875,6.16796952611e-05,7.26394601996
0.138875,7.31606295873e-05,7.2705063378
0.139,9.58883355016e-05,7.28484816648
0.139125,9.19798479522e-05,7.29764419538
0.13925,9.85176299234e-05,7.31289983384
0.139375,9.59981132978e-05,7.32710284692
0.1395,4.13507724921e-05,7.32619569244
0.139625,2.23223621091e-05,7.32285448096
0.13975,9.37007974683e-05,7.33614188053
0.139875,7.40583124426e-05,7.34278710638
0.14,4.26387201795e-05,7.34208405851
0.140125,1.12174992497e-05,7.3379931787
0.14025,-2.83621074338e-05,7.33526287797
0.140375,1.82698506168e-05,7.33158958906
0.1405,-7.01864317419e-06,7.3273455642
0.140625,-5.24594614118e-05,7.32853074812
0.14075,-4.05630171864e-05,7.32749289602
0.140875,-8.24609661637e-05,7.33679598848
0.141,-4.89845992135e-05,7.3372629928
0.141125,-5.53316127978e-05,7.3390556196
0.14125,-7.08156090758e-05,7.34475401655
0.141375,-8.38276015086e-05,7.35445658774
0.1415,-4.28483277655e-05,7.35377954005
0.141625,-0.000103790532745,7.37090526511
0.14175,-0.000106553721161,7.38909749633
0.141875,-6.16341496296e-05,7.39227594705
0.142,-3.47409205756e-05,7.39032233733
0.142125,-2.8907706102e-05,7.38763460498
0.14225,-7.26662400166e-05,7.39374657627
0.142375,-4.48041226214e-05,7.39337558507
0.1425,-2.8818404303e-05,7.390676488
0.142625,-2.93756242893e-05,7.38804262396
0.14275,2.07141207793e-05,7.38455008787
0.142875,3.88665170941e-05,7.38320277143
0.143,5.48834701741e-06,7.3789195991
0.143125,4.89854714197e-06,7.37462431732
0.14325,4.14615649617e-05,7.37369801541
0.143375,5.9139747642e-05,7.37630504288
0.1435,1.09544973222e-05,7.37220059563
0.143625,7.77760008617e-05,7.37987508169
0.14375,6.64633444345e-05,7.38429568766
0.143875,7.11702878432e-05,7.38998982342
0.144,0.000111440358678,7.41018267381
0.144125,7.10930016706e-05,7.41579559475
0.14425,5.50863726761e-05,7.41742508754
0.144375,6.51287167529e-05,7.42142523021
0.1445,5.27522247046e-05,7.42255253294
0.144625,5.07586354142e-05,7.42327311253
0.14475,7.54711964338e-05,7.43011468635
0.144875,1.75482448477e-05,7.42637620097
0.145,5.34825263627e-05,7.42764951157
0.145125,-9.85646477276e-06,7.42349738035
0.14525,-1.79483202135e-05,7.41978773293
0.145375,-1.68915360207e-05,7.41600618878
0.1455,1.19924574625e-05,7.41194647646
0.145625,-8.74636126719e-05,7.42265742203
0.14575,-2.31543963393e-05,7.41936859698
0.145875,-4.2576929405e-05,7.41859160004
0.146,-7.09779031557e-05,7.424153173
0.146125,-7.41468075073e-05,7.43060395155
0.14625,-4.37569278392e-05,7.43001753702
0.146375,-7.22996801686e-05,7.43592402686
0.1465,-0.000116517205294,7.45811502729
0.146625,-6.14783402935e-05,7.46113764501
0.14675,-3.91094009766e-05,7.45977487015
0.146875,-4.94517840944e-05,7.46019721868
0.147,-4.74216538088e-05,7.46023610911
0.147125,-4.36828972367e-05,7.45961155321
0.14725,-4.75128886071e-05,7.45966790471
0.147375,1.23365447396e-05,7.45562167997
0.1475,-5.63933919815e-05,7.45748064744
0.147625,-3.67718174931e-06,7.45316407943
0.14775,1.47930525577e-06,7.44882540769
0.147875,1.93776776436e-06,7.4444898023
0.148,5.25245543743e-06,7.4402008352
0.148125,4.43702862468e-05,7.43971190314
0.14825,2.0003888445e-05,7.43615267656
0.148375,0.000100420003444,7.45153305724
0.1485,6.66293004401e-05,7.45585345419
0.148625,0.000104478800267,7.47276005183
0.14875,6.4100623538e-05,7.47639688738
0.148875,7.09293502178e-05,7.48181429837
0.149,0.000109647786449,7.50073063584
0.149125,6.58761852538e-05,7.50476118215
0.14925,5.21000887861e-05,7.50565280164
0.149375,9.18391638502e-05,7.51755111728
0.1495,8.94213428849e-05,7.52856497084
0.149625,-5.82144068054e-06,7.52428706036
0.14975,1.74518278007e-05,7.52052912833
0.149875,-6.19276055079e-06,7.51625991508
0.15,1.30223637562e-05,7.51224331666
0.150125,-3.07629627461e-05,7.50972293397
0.15025,-4.09707021485e-05,7.50861409545
0.150375,-1.54951035118e-05,7.50473400663
0.1505,-4.86796030936e-05,7.50496124504
0.150625,-5.33717924045e-05,7.50611110631
0.15075,-2.61560638423e-05,7.50308766083
0.150875,-9.78786007604e-05,7.51719849046
0.151,-8.56026704431e-05,7.52693196677
0.151125,-3.93026236774e-05,7.52555346522
0.15125,-0.000112634790239,7.54550546619
0.151375,-6.83531247406e-05,7.55008450679
0.1515,-8.01934919113e-05,7.55800459754
0.151625,-0.000100026510024,7.57269080551
0.15175,-8.72797542459e-05,7.58279483449
0.151875,-6.7712984455e-05,7.58713293031
0.152,-1.25535763349e-05,7.58308835072
0.152125,-2.75250480977e-05,7.58018095167
0.15225,1.28235988273e-05,7.57614984385
0.152375,2.26403574509e-05,7.57277974574
0.1525,2.55877841438e-05,7.56968036076
0.152625,4.45167903637e-05,7.56910300432
0.15275,2.58016352059e-05,7.56602556015
0.152875,2.97494139659e-05,7.56336610936
0.153,7.8422114396e-05,7.57071539123
0.153125,9.62297298136e-05,7.58393590375
0.15325,4.72802546494e-05,7.58382642242
0.153375,7.38435283056e-05,7.58980319095
0.1535,0.000102666898163,7.60535903888
0.153625,6.28953311885e-05,7.60846804089
0.15375,0.000157885319149,7.65083838247
0.153875,4.78199793858e-05,7.65075988911
0.154,7.74948758056e-05,7.65760750433
0.154125,3.80986245253e-05,7.65596767229
0.15425,0.000103475649172,7.67153261886
0.154375,1.17394465719e-05,7.66744557427
0.1545,3.48419470091e-05,7.66535836907
0.154625,-4.96825103929e-06,7.66106132401
0.15475,5.80711116582e-06,7.65678114924
0.154875,-1.78665182522e-05,7.65303292572
0.155,-6.49332399114e-05,7.65654558339
0.155125,-4.07846183457e-05,7.65530094814
0.15525,-3.10699713461e-05,7.65275688728
0.155375,-3.46989498242e-05,7.65065878669
0.1555,-3.14509608596e-05,7.64816107472
0.155625,-0.000100239724549,7.66253653538
0.15575,-6.69463407947e-05,7.66652512275
0.155875,-9.17081865437e-05,7.6777893634
0.156,-6.59813248574e-05,7.68151136159
0.156125,-0.000108143521535,7.69878117912
0.15625,-7.30071323146e-05,7.70426255743
0.156375,-7.49124258681e-05,7.71024975582
0.1565,-6.80032028896e-05,7.71440937771
0.156625,-5.13930988897e-05,7.71492007169
0.15675,-9.53689323142e-05,7.72726606119
0.156875,-5.71504880721e-05,7.72890661998
0.157,8.53933296218e-06,7.72469730149
0.157125,3.70826446259e-05,7.72287601977
0.15725,-2.35392106469e-05,7.71954976094
0.157375,3.69925064512e-05,7.7177192139
0.1575,5.03217292747e-05,7.71802621776
0.157625,3.90574707797e-05,7.71648487861
0.15775,9.25758633148e-05,7.72786373179
0.157875,8.80064355632e-05,7.73769422179
0.158,3.14384140394e-05,7.73515846341
0.158125,0.000114345952304,7.75467569638
0.15825,8.61402810485e-05,7.76382895138
0.158375,9.99848823396e-05,7.77762111676
0.1585,6.78653728198e-05,7.7816161143
0.158625,7.5823422404e-05,7.78766918061
0.15875,5.98198636024e-05,7.78979084287
0.158875,3.791637687e-05,7.78804498329
0.159,3.49078009411e-05,7.785904315
0.159125,3.69905123279e-05,7.7840354177
0.15925,-6.83243190901e-06,7.77977693936
0.159375,2.85471628335e-05,7.77690975512
0.1595,-2.89018944785e-05,7.77408046721
0.159625,1.64524529462e-05,7.77022839659
0.15975,1.31529395677e-05,7.76619946547
0.159875,-4.16882860104e-05,7.76501291886
0.16,-5.24439647619e-05,7.76566550238
0.160125,-7.75019075533e-05,7.77222326213
0.16025,-7.76066974267e-05,7.77879401111
0.160375,-6.45539841084e-05,7.78199383852
0.1605,-3.80057497743e-05,7.7802649203
0.160625,-9.68969899038e-05,7.79289216839
0.16075,-8.39579964629e-05,7.80125908316
0.160875,-6.94114459851e-05,7.80559062861
0.161,-9.94163672719e-05,7.81900633456
0.161125,-4.12938753988e-05,7.81772295098
0.16125,-5.84994454153e-05,7.81951996775
0.161375,-6.81277014661e-05,7.82349889053
0.1615,-9.59522376905e-05,7.835632929
0.161625,-2.80336557217e-06,7.83130403614
0.16175,-3.73765764615e-05,7.82946077544
0.161875,1.14938435129e-05,7.82535437582
0.162,6.32039999393e-05,7.82816524157
0.162125,2.20684858115e-05,7.82469451752
0.16225,3.35021947598e-05,7.82236306314
0.162375,7.1262005693e-05,7.8271185442
0.1625,1.82090392134e-05,7.82336958235
0.162625,6.0463374503e-05,7.82557694572
0.16275,4.4834889913e-05,7.82483510718
0.162875,9.71796605293e-05,7.83738737629
0.163,4.02309119971e-05,7.83593629572
0.163125,0.000100800103116,7.84972190078
0.16325,6.29007468876e-05,7.8524247276
0.163375,6.1788244728e-05,7.85487649315
0.1635,6.11588829259e-05,7.85718689595
0.163625,6.95878308847e-05,7.8614510931
0.16375,4.14686270693e-05,7.86016365263
0.163875,6.46221670903e-05,7.86323922619
0.164,2.14879552636e-05,7.85971657007
0.164125,-9.99188240061e-06,7.85555114864
0.16425,1.10055756592e-05,7.85142378017
0.164375,-2.60114604826e-05,7.84828606088
0.1645,-4.70127146166e-05,7.84788175881
0.164625,-6.96080161357e-05,7.85216939873
0.16475,-4.86780419294e-05,7.85204516509
0.164875,-8.547689716e-05,7.86069746737
0.165,-2.72256229729e-05,7.85767205559
0.165125,-1.68709082526e-06,7.85333417427
0.16525,-4.81710395753e-05,7.85312145319
0.165375,-4.04768842074e-05,7.85169524787
0.1655,-0.000100482128136,7.86530178119
0.165625,-3.28158461578e-05,7.8628708145
0.16575,-8.14188561834e-05,7.87029081606
0.165875,-6.11745580033e-05,7.87258106041
0.166,-8.13272814663e-05,7.87994847543
0.166125,-5.95064165558e-05,7.88186822272
0.16625,-4.58573476517e-05,7.88124393883
0.166375,-7.75643569151e-05,7.88753286705
0.1665,-1.7039235772e-05,7.88370285775
0.166625,6.71870078482e-06,7.87943973772
0.16675,6.42683418778e-06,7.8751699048
0.166875,4.72918488426e-06,7.87086658734
0.167,3.26441114238e-05,7.86841324324
0.167125,0.000101124068516,7.88217967276
0.16725,8.24556228628e-05,7.88984729202
0.167375,6.97366921978e-05,7.89408361866
0.1675,5.46144361116e-05,7.8949994546
0.167625,8.41338715835e-05,7.90312344758
0.16775,7.18543001878e-05,7.90786039292
0.167875,8.32142099258e-05,7.91567769185
0.168,6.97934982002e-05,7.91987707935
0.168125,5.90092988172e-05,7.92163637809
0.16825,5.76379673582e-05,7.92311318075
0.168375,4.39571696275e-05,7.92215493735
0.1685,6.85814378669e-05,7.9260482002
0.168625,4.70229029387e-06,7.92174397701
0.16875,-1.98474470115e-05,7.9180914975
0.168875,4.72969625543e-05,7.91767141151
0.169,1.37677508832e-05,7.91366103719
0.169125,9.61739028248e-06,7.90948052816
0.16925,-6.95770688212e-05,7.91363918086
0.169375,-3.64508101297e-05,7.91162902415
0.1695,-5.00150787886e-05,7.91167907554
0.169625,-0.000104249225505,7.92638925708
0.16975,-6.53577650393e-05,7.92951979812
0.169875,-7.80229355777e-05,7.93581588292
0.17,-6.62320091614e-05,7.93913089297
0.170125,-7.88218301857e-05,7.94562171847
0.17025,-9.22863457686e-05,7.95610098125
0.170375,-6.29398842102e-05,7.95864200728
0.1705,-7.19861541632e-05,7.96329663326
0.170625,-4.42823531278e-05,7.96235701033
0.17075,-1.58311732397e-05,7.95844928689
0.170875,-7.31709071675e-05,7.96340260801
0.171,-7.49423039004e-05,7.96879987057
0.171125,-3.77815941719e-05,7.96693148765
0.17125,-2.21851538292e-05,7.96344229248
0.171375,-4.88705882906e-06,7.95914081349
0.1715,-3.31255799246e-06,7.95481693879
0.171625,5.01762946458e-05,7.95485161403
0.17175,4.90533176109e-05,7.95469259412
0.171875,0.000102445630865,7.9685696249
0.172,9.22611719562e-05,7.97896287775
0.172125,3.83287824151e-05,7.97716071958
0.17225,8.05230408503e-05,7.98402518468
0.172375,0.000110286371043,8.00064912393
0.1725,9.02690626975e-05,8.01031024185
0.172625,4.50233687628e-05,8.0094475628
0.17275,9.55485995255e-05,8.02075995347
0.172875,4.51095568877e-05,8.01990221375
0.173,4.43510633279e-05,8.01892896585
0.173125,7.8704675292e-05,8.02519123129
0.17325,3.61151315875e-05,8.02308026063
0.173375,4.59060186081e-05,8.02234469948
0.1735,5.29848043192e-05,8.02280759535
0.173625,1.35286247063e-05,8.01877808904
0.17375,2.59115303889e-05,8.01558592411
0.173875,-2.27519292089e-05,8.01213090157
0.174,-6.70088371619e-05,8.01549002562
0.174125,-4.59517952158e-05,8.01476797964
0.17425,-4.17538472644e-05,8.01341528939
0.174375,-3.9527455174e-05,8.01175313966
0.1745,-1.73925819755e-05,8.00792955463
0.174625,-5.72635345864e-05,8.00921809864
0.17475,-2.76057472803e-05,8.00618419479
0.174875,-0.000106635292983,8.02134640364
0.175,-0.000104026608676,8.03550340225
0.175125,-0.000103124747571,8.04928264069
0.17525,-0.000110538570998,8.06568897609
0.175375,-4.89711455874e-05,8.06541093116
0.1755,-1.70314494447e-06,8.06107290564
0.175625,-1.64205158259e-05,8.05718766503
0.17575,-2.28641964643e-05,8.05373287813
0.175875,-4.33329438528e-05,8.05258180175
0.176,1.24125625652e-05,8.04850091233
0.176125,-3.48860289822e-05,8.04622949589
0.17625,-9.30221976809e-06,8.04203394662
0.176375,3.57486780777e-05,8.03986945953
0.1765,3.82238297686e-05,8.03801822958
0.176625,2.67883066403e-05,8.03489981343
0.17675,8.68200223423e-05,8.04341116818
0.176875,7.40521585351e-05,8.04840525602
0.177,6.98257020435e-05,8.0523554104
0.177125,6.14058162277e-05,8.05442167499
0.17725,7.90522519916e-05,8.06069072678
0.177375,3.94804642859e-05,8.05899326289
0.1775,5.63939475099e-05,8.06004837201
0.177625,6.47400388621e-05,8.06281636637
0.17775,8.06791723015e-05,8.06950483164
0.177875,5.0485883071e-05,8.0694782212
0.178,1.16051858669e-05,8.06536346105
0.178125,4.29350034259e-05,8.06414567349
0.17825,2.46056669069e-05,8.06082967052
0.178375,1.98616886529e-05,8.05715639035
0.1785,8.34739390289e-06,8.05293183736
0.178625,5.5660274222e-05,8.05385482957
0.17875,-1.3807788877e-05,8.04983606613
0.178875,-7.47566074315e-05,8.0549943965
0.179,-5.25899591237e-05,8.05535053058
0.179125,-6.13000508487e-05,8.05739035178
0.17925,-8.58631642334e-05,8.06555548765
0.179375,-6.12883205669e-05,8.06757790431
0.1795,-8.49996431675e-05,8.07546439144
0.179625,-0.000110635698457,8.0917824852
0.17975,-0.00010788731247,8.10701557916
0.179875,-0.000104368128082,8.12093102421
0.18,-4.10664071673e-05,8.11941088293
0.180125,-5.21309882038e-05,8.11961745013
0.18025,-6.97490270932e-05,8.1234149656
0.180375,-1.1918313944e-05,8.11930971452
0.1805,-3.33587531477e-05,8.11683030212
0.180625,-1.35332496547e-05,8.11279429292
0.18075,2.84828853687e-05,8.10981204685
0.180875,-1.08480053346e-05,8.10566663982
0.181,-7.39195753329e-07,8.1013246131
0.181125,1.90842891292e-05,8.09759420253
0.18125,-1.41265442819e-05,8.0935871787
0.181375,8.28621148436e-05,8.1007978248
0.1815,4.12114160487e-05,8.09931085216
0.181625,8.0690708037e-05,8.10591024773
0.18175,1.93419842428e-05,8.10219582578
0.181875,3.04494254314e-05,8.09941172319
0.182,0.000145529514912,8.13056046869
0.182125,8.23130023751e-05,8.13752216993
0.18225,8.05193240777e-05,8.143979862
0.182375,6.20864094994e-05,8.14605219968
0.1825,6.38488167005e-05,8.14849039735
0.182625,5.60129464812e-05,8.14936430331
0.18275,8.09457986185e-05,8.15590688123
0.182875,2.56301315521e-05,8.15265486901
0.183,1.0931452152e-05,8.14851054365
0.183125,6.97296858666e-06,8.14424849385
0.18325,5.57380851127e-05,8.14507640162
0.183375,3.11867390153e-05,8.14235262817
0.1835,-4.52974853039e-05,8.14142698669
0.183625,-2.0218363226e-05,8.13776521376
0.18375,-4.95423181305e-05,8.13751405583
0.183875,-2.49365004306e-05,8.13420818379
0.184,-8.13515304245e-05,8.1408984099
0.184125,-0.00012507881817,8.16255219353
0.18425,-5.5133166107e-05,8.16324727241
0.184375,-9.04792699874e-05,8.17245737961
0.1845,-8.66599153674e-05,8.18052271826
0.184625,-8.19607287805e-05,8.18725995074
0.18475,-7.70726327171e-05,8.19270123417
0.184875,-0.000105980163291,8.20681682637
0.185,-0.000106566326299,8.22107629698
0.185125,-1.56467239968e-05,8.21713390579
0.18525,-2.42655101788e-05,8.21375514234
0.185375,-4.43177872443e-05,8.21263001353
0.1855,2.27296968761e-06,8.20829553835
0.185625,-3.88983503607e-05,8.20643487017
0.18575,8.45278039832e-06,8.20220922354
0.185875,3.46957151011e-05,8.19984403766
0.186,2.353522401e-05,8.19641173599
0.186125,2.26444539794e-05,8.19291247909
0.18625,0.000104374565494,8.20647328833
0.186375,3.95255502704e-05,8.20469436581
0.1865,3.98927337046e-05,8.20296435831
0.186625,8.46799487567e-05,8.21038711441
0.18675,7.61870728064e-05,8.21555437183
0.186875,6.84858489089e-05,8.21888864404
0.187,0.000102029338764,8.23155365389
0.187125,0.000115194751375,8.24881652961
0.18725,8.33995463451e-05,8.25576692522
0.187375,0.000101106556783,8.26798530634
0.1875,8.00122639593e-05,8.27399231677
0.187625,3.85006618136e-05,8.27204466621
0.18775,1.83913796231e-05,8.26824865963
0.187875,-1.99714503496e-05,8.26455122567
0.188,2.71757701738e-05,8.26140444361
0.188125,-1.16154171625e-05,8.2572802043
0.18825,-2.79806059526e-05,8.25420743631
0.188375,4.01059741863e-06,8.24989060935
0.1885,-5.7806972582e-05,8.25097568462
0.188625,-9.50593005782e-05,8.26129159305
0.18875,-4.66551805796e-05,8.26047589384
0.188875,-5.00403987858e-05,8.26019114012
0.189,-5.27048817821e-05,8.26035012742
0.189125,-6.21581821796e-05,8.26226740892
0.18925,-0.000102779182229,8.27501164514
0.189375,-8.29283841723e-05,8.28176789961
0.1895,-4.44059432122e-05,8.28060539959
0.189625,-0.000114036365424,8.2971997412
0.18975,-4.69584585735e-05,8.29640061898
0.189875,-7.65292749892e-05,8.30146543241
0.19,-8.39569902499e-05,8.30842937838
0.190125,-4.80440056743e-05,8.30778635036
0.19025,-1.80333478123e-05,8.30396494778
0.190375,-2.07693953702e-05,8.30031440459
0.1905,-1.48447377401e-05,8.2963254876
0.190625,8.04098961706e-06,8.29208651629
0.19075,3.08371966909e-05,8.28927397548
0.190875,3.59488261312e-05,8.28701206602
0.191,6.15955830833e-05,8.2887790182
0.191125,6.63664644583e-05,8.29152542361
0.19125,9.82294973773e-05,8.30268838885
0.191375,6.04504370819e-05,8.30420923277
0.1915,7.2120041678e-05,8.30820723541
0.191625,7.47023664822e-05,8.31280439108
0.19175,6.39769657191e-05,8.31501354867
0.191875,9.40780114765e-05,8.32481905092
0.192,9.93401393771e-05,8.33621310891
0.192125,6.4395839914e-05,8.33847262189
0.19225,3.76132764552e-05,8.33638217254
0.192375,3.89212742596e-05,8.33445222434
0.1925,5.73369433107e-05,8.33534653123
0.192625,4.95371622857e-05,8.3349126579
0.19275,9.54336988891e-06,8.33071487292
0.192875,2.15615019406e-05,8.32711356433
0.193,1.48446292001e-05,8.32312246439
0.193125,-3.59141738796e-05,8.32084042447
0.19325,-4.72585721688e-05,8.32006724882
0.193375,-4.79718435742e-06,8.31576110891
0.1935,-7.49775617777e-05,8.32040855145
0.193625,-4.7457055466e-05,8.31966576982
0.19375,-7.59742366965e-05,8.32454527682
0.193875,-4.57607039692e-05,8.32354663121
0.194,-8.42727516782e-05,8.33053797674
0.194125,-0.000127974904036,8.3522466128
0.19425,-9.23757882019e-05,8.36142927243
0.194375,-4.8109027483e-05,8.36075128098
0.1945,-7.91350946087e-05,8.36631914215
0.194625,-0.000101018961053,8.37809412567
0.19475,-8.49632710746e-05,8.38512812301
0.194875,-4.41644924297e-05,8.38385718059
0.195,-2.78608378812e-05,8.38073739489
0.195125,-3.95925684556e-05,8.3788660121
0.19525,-5.17619424325e-05,8.37874843713
0.195375,-1.15254036758e-05,8.37461508129
0.1955,1.42626118826e-05,8.37059340046
0.195625,4.81290306671e-05,8.36991072755
0.19575,8.18332389389e-06,8.36567366045
0.195875,0.000111510384076,8.380965342
0.196,5.83516419814e-05,8.38198879379
0.196125,8.98354776136e-05,8.39035167551
0.19625,6.29894191625e-05,8.3922479396
0.196375,6.23034186623e-05,8.39400647681
0.1965,0.000101544639354,8.40584602636
0.196625,8.76372200186e-05,8.41352939761
0.19675,0.000101756449389,8.42536365164
0.196875,7.61459220833e-05,8.43006232703
0.197,7.3028435021e-05,8.43402752147
0.197125,7.8114822434e-05,8.43918035912
0.19725,5.63112708954e-05,8.43976878347
0.197375,2.7475062514e-05,8.43660015003
0.1975,3.08197216892e-05,8.43373585376
0.197625,-1.58540096871e-05,8.4297844944
0.19775,-1.75289432691e-05,8.42592067648
0.197875,-5.11130640539e-05,8.42565349957
0.198,-3.16270525307e-05,8.4228716001
0.198125,-3.60932762737e-05,8.42056290948
0.19825,-8.89219518973e-05,8.42855913796
0.198375,-7.17261203625e-05,8.43223369956
0.1985,-9.78710423023e-05,8.4427940109
0.198625,-9.08660543211e-05,8.4512691869
0.19875,-9.76046081211e-05,8.46168388914
0.198875,-0.000107556882228,8.47521222334
0.199,-0.000116722805808,8.49184334186
0.199125,-0.000103937842052,8.5040762348
0.19925,-7.04329342158e-05,8.507331398
0.199375,-5.41911748728e-05,8.50748460174
0.1995,-2.40159246935e-05,8.50402503675
0.199625,-7.01548568807e-05,8.50722046271
0.19975,-5.90102631271e-05,8.50820850908
0.199875,-1.9858029834e-05,8.5044694611
0.2,3.32168539177e-06,8.50014342889
0.200125,4.10114764017e-05,8.49838042016
0.20025,-1.03807588709e-05,8.49420288215
0.200375,4.28052939297e-05,8.49267427005
0.2005,3.40305513788e-05,8.49011092789
0.200625,7.86023863787e-05,8.49525931589
0.20075,7.53206267101e-05,8.49962215816
0.200875,6.86454170795e-05,8.50250426677
0.201,8.06313260361e-05,8.50811997575
0.201125,5.31090972299e-05,8.50809472059
0.20125,6.95374428541e-05,8.51115122544
0.201375,4.11394298641e-05,8.50939776574
0.2015,0.000119887285099,8.52700560099
0.201625,6.71555537562e-05,8.52953430831
0.20175,0.000112635585935,8.54448323449
0.201875,9.88784814476e-05,8.55496394622
0.202,3.52666642233e-05,8.552504996
0.202125,1.91283042193e-05,8.54871669757
0.20225,-3.02426797064e-05,8.54576127827
0.202375,-2.68131159173e-05,8.54250978724
0.2025,-2.17099133889e-07,8.53816691404
0.202625,-2.14147005123e-05,8.53452142059
0.20275,-4.5345227657e-05,8.5333074073
0.202875,-3.56222244274e-05,8.53089623607
0.203,-5.3366064176e-05,8.53089005091
0.203125,-6.64538752771e-05,8.53327001018
0.20325,-0.000100204554055,8.54418957862
0.203375,-0.000123984379677,8.56313246061
0.2035,-8.02415747756e-05,8.56851566052
0.203625,-4.27775814039e-05,8.56693573688
0.20375,-9.62066930134e-05,8.57655519533
0.203875,-7.04496125636e-05,8.57968825116
0.204,-0.000101353293789,8.59079343078
0.204125,-5.80546166537e-05,8.59151202468
0.20425,-4.94996742062e-05,8.59084876761
0.204375,-6.15666900253e-05,8.59219780573
0.2045,-5.82475591112e-05,8.59294843306
0.204625,3.90332291045e-06,8.58862837132
0.20475,5.51177703448e-06,8.58433109951
0.204875,-3.49369253083e-06,8.58000652333
0.205,4.19634227962e-05,8.57831543515
0.205125,2.04050215852e-05,8.57459990214
0.20525,5.03287594518e-05,8.57407572285
0.205375,8.74193621623e-05,8.58124537823
0.2055,4.25910197897e-05,8.57963340052
0.205625,5.23794000152e-05,8.57942181151
0.20575,8.54334159254e-05,8.58606147767
0.205875,9.81057782989e-05,8.59617298346
0.206,0.000128146167961,8.61640574841
0.206125,0.000138407287577,8.64058558713
0.20625,5.98004994087e-05,8.64155181758
0.206375,0.000116408738029,8.65728838244
0.2065,4.79718444346e-05,8.65634963912
0.206625,4.1596878283e-05,8.65456704807
0.20675,9.66505456618e-06,8.65036242373
0.206875,5.71113386817e-05,8.65085127181
0.207,1.02473310338e-05,8.64666394867
0.207125,-2.96929837404e-05,8.64362873174
0.20725,-3.54307645243e-05,8.64114893125
0.207375,-6.02519167981e-05,8.64219487068
0.2075,-3.82510000068e-05,8.64002412167
0.207625,-3.69018173152e-05,8.63770388601
0.20775,-8.13190967018e-05,8.64317989345
0.207875,-6.85204159077e-05,8.64580185344
0.208,-9.21463527715e-05,8.65403913444
0.208125,-9.96948513773e-05,8.66439046287
0.20825,-9.32287693432e-05,8.67286967464
0.208375,-7.08852169108e-05,8.67592952394
0.2085,-5.53085983873e-05,8.67609172192
0.208625,-8.20213469619e-05,8.68165004815
0.20875,-4.35527900324e-05,8.68009751909
0.208875,-4.60150298243e-05,8.6788704157
0.209,-6.84877764925e-05,8.68142884328
0.209125,-4.40806181668e-06,8.67711449362
0.20925,-2.29383028844e-05,8.67354657048
0.209375,-2.77666595203e-05,8.67034014616
0.2095,-1.13544445931e-05,8.66618740976
0.209625,3.41321191172e-05,8.66356460275
0.20975,4.28107231773e-05,8.66192907258
0.209875,5.51852779692e-05,8.66208568779
0.21,6.26880813454e-05,8.66354788143
0.210125,0.00010517266184,8.6755195371
0.21025,7.28459103917e-05,8.67898943679
0.210375,3.1386801655e-05,8.67609681302
0.2105,6.34200182206e-05,8.67767614064
0.210625,9.37819882575e-05,8.68626817796
0.21075,8.50812296627e-05,8.69255321186
0.210875,7.83299658659e-05,8.69720715096
0.211,5.58956179834e-05,8.69744296041
0.211125,7.48849042147e-05,8.70131439886
0.21125,5.03530228924e-05,8.7006840313
0.211375,7.92050120278e-05,8.70552270509
0.2115,1.26504785328e-05,8.70141396271
0.211625,5.87403580131e-05,8.7021225215
0.21175,3.49140296256e-05,8.69956458371
0.211875,-6.38425216162e-05,8.70119070795
0.212,-2.91879498995e-05,8.69809562699
0.212125,-3.69450931484e-05,8.69575321381
0.21225,-4.36163222926e-05,8.69419975873
0.212375,-1.62056074356e-05,8.69024214395
0.2125,-7.22667237054e-05,8.69356241017
0.212625,-7.19559974894e-05,8.69681117517
0.21275,-0.000109455515085,8.7100013306
0.212875,-7.74493183864e-05,8.71441907842
0.213,-6.5263223398e-05,8.71629234493
0.213125,-0.000105010412263,8.72801782506
0.21325,-3.32399407737e-05,8.72528322729
0.213375,-8.36247098135e-05,8.73111619851
0.2135,-5.63270102077e-05,8.7313867754
0.213625,-7.65985437741e-05,8.73557124548
0.21375,-3.63524432502e-05,8.73314854085
0.213875,-2.42362637989e-05,8.7296597089
0.214,-6.50921744025e-05,8.73147881006
0.214125,-4.23518315184e-05,8.72974446566
0.21425,-7.4980367068e-06,8.72548334058
0.214375,2.27072965536e-05,8.72189147622
0.2145,6.53530173369e-05,8.7237711396
0.214625,3.25627546762e-05,8.72097319802
0.21475,5.74413468306e-05,8.72143923267
0.214875,5.31669652195e-05,8.72121607994
0.215,0.000149265177624,8.74924125474
0.215125,0.00012664226672,8.76807308118
0.21525,8.11211078896e-05,8.77321274239
0.215375,0.000111470758852,8.78673666753
0.2155,8.83390303493e-05,8.79358844227
0.215625,0.000140760196057,8.8175676001
0.21575,7.23963479514e-05,8.82069334736
0.215875,9.56040797967e-05,8.82935732327
0.216,7.78667044014e-05,8.83362983898
0.216125,5.63341816537e-05,8.83379399326
0.21625,1.28710009127e-05,8.82968643137
0.216375,-6.78092067e-06,8.8254088819
0.2165,3.70003225588e-05,8.82301449889
0.216625,1.72995946405e-05,8.81909782977
0.21675,6.30884187915e-06,8.81481163002
0.216875,-1.91574564476e-05,8.81099241807
0.217,1.0891871466e-05,8.80681892216
0.217125,-6.86729441136e-05,8.8092134034
0.21725,-4.34415867926e-05,8.80756631467
0.217375,-2.1237600128e-05,8.8038680785
0.2175,-0.000128365745863,8.82303644644
0.217625,-9.99690682587e-05,8.8329056041
0.21775,-0.000128151075944,8.85183987642
0.217875,-3.45078613876e-05,8.84918158031
0.218,-7.33607453803e-05,8.85245188529
0.218125,-4.97799817614e-05,8.85161347646
0.21825,-0.000100834869091,8.86163478989
0.218375,-4.32853452358e-05,8.85993624752
0.2185,-6.01326635705e-05,8.86069733621
0.218625,-1.67016484932e-05,8.85674827756
0.21875,-2.9504447621e-05,8.8536355452
0.218875,-5.69958971276e-06,8.84933854798
0.219,-1.69669507208e-05,8.84540316626
0.219125,-1.99647427421e-05,8.84162502882
0.21925,3.15555965558e-05,8.83869417006
0.219375,4.41608035092e-05,8.8371182156
0.2195,6.43120193464e-05,8.83864368151
0.219625,9.03815505278e-05,8.84587937883
0.21975,3.87577379277e-05,8.8436643966
0.219875,1.08959988312e-05,8.83948975822
0.22,0.000104692192046,8.8506722775
0.220125,6.86246275179e-05,8.85298974622
0.22025,0.000116454504339,8.8677892557
0.220375,8.39708078376e-05,8.87337570292
0.2205,9.50292126115e-05,8.88172923416
0.220625,8.52821231501e-05,8.8875950737
0.22075,7.36554706104e-05,8.89085909692
0.220875,5.58739044609e-05,8.89089192537
0.221,4.4347627649e-05,8.88930609766
0.221125,3.63222573327e-05,8.88681354601
0.22125,-4.25337782911e-05,8.88500924119
0.221375,3.12127834252e-05,8.88203414224
0.2215,-2.9003079937e-06,8.87770301765
0.221625,-3.81331282393e-05,8.87540498096
0.22175,-9.4709962345e-06,8.87118827295
0.221875,-7.92372980835e-05,8.87568101091
0.222,-6.04232779291e-05,8.87647288558
0.222125,-6.54449368529e-05,8.87815200197
0.22225,-5.4584595374e-05,8.87799754282
0.222375,-7.14405160692e-05,8.8808271255
0.2225,-9.63997922768e-05,8.88952661577
0.222625,-7.49250042403e-05,8.89305139158
0.22275,-4.06618962386e-05,8.89102528523
0.222875,-7.65386246855e-05,8.89488944268
0.223,-0.000120230402705,8.91075203852
0.223125,-6.78894546469e-05,8.91283818255
0.22325,-8.27799965066e-05,8.91804584214
0.223375,-5.30661234246e-05,8.91762551048
0.2235,-6.86382339452e-05,8.91984376201
0.223625,-1.67125169194e-05,8.91588988149
0.22375,-2.82870450457e-05,8.9126624426
0.223875,3.03818789652e-05,8.90960727314
0.224,6.83864264523e-06,8.90532962894
0.224125,5.45614892705e-05,8.90514553162
0.22425,6.41103213134e-05,8.90654369527
0.224375,4.16325501287e-05,8.90462195832
0.2245,6.53225708601e-05,8.90623985742
0.224625,0.00010726262072,8.91794457122
0.22475,0.000104816163785,8.92888570006
0.224875,5.3736817847e-05,8.92855508088
0.225,8.20070632825e-05,8.93355158906
0.225125,0.00011491456957,8.94750738723
0.22525,9.15000933804e-05,8.9547376843
0.225375,3.58194544552e-05,8.95216736508
0.2255,9.47586225393e-05,8.9602221508
0.225625,6.41132348698e-05,8.96154852836
0.22575,6.09558111587e-05,8.96232901187
0.225875,4.75224844107e-05,8.9611003003
0.226,4.14012701275e-05,8.95912186221
0.226125,1.34489206912e-05,8.95502860195
0.22625,-2.56570685302e-05,8.95159516658
0.226375,-5.03517098504e-05,8.95075679528
0.2265,-4.06066885125e-05,8.94869391398
0.226625,7.49188151198e-06,8.94442863857
0.22675,-7.31157698237e-05,8.94748431425
0.226875,-8.50104342302e-05,8.95313303396
0.227,-2.80726782076e-05,8.94987937386
0.227125,-6.24158598283e-05,8.95092252555
0.22725,-0.000104843379742,8.96175610115
0.227375,-0.000136424688755,8.98301499154
0.2275,-0.0001256418297,9.0002906242
0.227625,-9.47329997579e-05,9.00820236357
0.22775,-7.4921667975e-05,9.0115145618
0.227875,-4.36680520869e-05,9.00977170265
0.228,-3.15216221398e-05,9.00678430194
0.228125,-7.73359118188e-05,9.01059999167
0.22825,-5.88933914828e-05,9.01098614295
0.228375,-1.08556439158e-05,9.00680394629
0.2285,-1.2787193597e-05,9.00268425607
0.228625,1.69243650891e-05,8.99873276302
0.22875,2.84677084112e-05,8.99549827253
0.228875,4.27824810326e-05,8.99366027353
0.229,2.01521038252e-05,8.98987347422
0.229125,6.3029132171e-05,8.99097260613
0.22925,9.00845311878e-05,8.99773646796
0.229375,8.14008653767e-05,9.00245028536
0.2295,3.34623683172e-05,8.99963748804
0.229625,9.24883638623e-05,9.00697789979
0.22975,7.45370055618e-05,9.01021389684
0.229875,0.000101485210906,9.01989986361
0.23,0.000100772164301,9.02935893038
0.230125,0.000113225579635,9.04239501251
0.23025,8.34362191112e-05,9.04746966791
0.230375,3.06969366112e-05,9.04440116742
0.2305,6.20914224584e-05,9.04527381665
0.230625,3.66195516913e-05,9.0427453403
0.23075,5.12677272735e-05,9.04196015985
0.230875,1.38687466016e-05,9.03787771452
0.231,8.9730465245e-06,9.03364392079
0.231125,-7.45587613452e-06,9.02937641059
0.23125,-1.67142944656e-05,9.02541292137
0.231375,-2.34774079343e-05,9.02181928913
0.2315,-9.28994732204e-05,9.02920368549
0.231625,-7.12510226762e-05,9.03175136771
0.23175,-3.78804176467e-05,9.02935601714
0.231875,-9.70902618397e-05,9.03779857466
0.232,-7.44393608399e-05,9.04096133603
0.232125,-0.000111590784933,9.05345520481
0.23225,-3.50081261315e-05,9.05076746172
0.232375,-0.000112891816965,9.0636166504
0.2325,-6.70200243021e-05,9.06532274612
0.232625,-0.000101108698436,9.07472967077
0.23275,-7.12270341955e-05,9.07720096687
0.232875,-2.89033370606e-05,9.07398019877
0.233,-4.08180833273e-05,9.0718766799
0.233125,-2.25343886055e-05,9.06821672017
0.23325,-3.36174859934e-05,9.06539493298
0.233375,2.17450995651e-05,9.06168891998
0.2335,1.1633734075e-05,9.05752844947
0.233625,-2.87335349683e-06,9.05319664673
0.23375,5.02680910268e-05,9.05226591374
0.233875,3.297054605e-05,9.04939153585
0.234,8.0863314595e-05,9.05388068601
0.234125,7.56930943409e-05,9.05726951765
0.23425,0.000141217383009,9.07975829663
0.234375,8.01529167805e-05,9.08403269481
0.2345,8.42144417307e-05,9.08919221226
0.234625,9.94961234315e-05,9.09809183775
0.23475,6.22060824152e-05,9.09891947517
0.234875,6.7653865329e-05,9.10069058095
0.235,6.22755277948e-05,9.10152666443
0.235125,8.12480112457e-05,9.10599367532
0.23525,6.44287009089e-05,9.10718708665
0.235375,7.45961215036e-05,9.110262099
0.2355,4.83216681156e-05,9.10903118221
0.235625,5.78855464587e-05,9.10915461363
0.23575,7.31338835962e-06,9.10488299676
0.235875,-2.24853485015e-05,9.10121491971
0.236,-6.22322616092e-05,9.10204318966
0.236125,-4.35050140349e-05,9.10022773465
0.23625,-5.3624586151e-05,9.09972588042
0.236375,-0.000112644137688,9.11230835897
0.2365,-7.63914544728e-05,9.11573524667
0.236625,-5.32318875404e-05,9.11516387991
0.23675,-8.1662652771e-05,9.119693075
0.236875,-7.54780412667e-05,9.12292255106
0.237,-9.3902725329e-05,9.13028592046
0.237125,-9.1407280416e-05,9.13701738647
0.23725,-6.27000314993e-05,9.13788057074
0.237375,-7.90438000545e-05,9.14180705473
0.2375,-6.31307547942e-05,9.14273615499
0.237625,-3.06927696197e-05,9.13963966832
0.23775,-3.73805589641e-05,9.13714674424
0.237875,-4.79329816481e-05,9.13584709074
0.238,-4.28808229619e-05,9.1339406165
0.238125,4.68733509481e-05,9.1325100903
0.23825,-1.17533306953e-05,9.12835037828
0.238375,2.64892919538e-05,9.12493897145
0.2385,3.90543643128e-05,9.12262224114
0.238625,3.59970629973e-05,9.12000166958
0.23875,3.83248328635e-05,9.11761218322
0.238875,7.30667789767e-05,9.12036934941
0.239,6.88854720693e-05,9.12233371818
0.239125,6.71923127572e-05,9.12398933783
0.23925,8.69719713588e-05,9.1296879026
0.239375,0.000101442585024,9.13898234784
0.2395,0.000136456722705,9.15923191648
0.239625,0.000106072503955,9.16969652643
0.23975,7.43984307126e-05,9.17262695132
0.239875,6.77800753435e-05,9.17431767112
0.24,6.72624925565e-05,9.17591434571
0.240125,2.17120646892e-05,9.17219044464
0.24025,4.34007179753e-05,9.17032259844
0.240375,2.3493857594e-05,9.16670539453
0.2405,5.27894774347e-05,9.16602836448
0.240625,-1.49457936369e-05,9.16197942953
0.24075,-1.19954492345e-05,9.15782605361
0.240875,-1.74342953022e-05,9.15388392718
0.241,-5.18225565684e-05,9.15308432852
0.241125,-6.92206719714e-05,9.15506242436
0.24125,-0.000101341735162,9.16425064426
0.241375,-8.75317486129e-05,9.16998498738
0.2415,-7.15620532558e-05,9.17237137622
0.241625,-8.02939430223e-05,9.1764938138
0.24175,-7.59151653812e-05,9.17971172714
0.241875,-6.9699956712e-05,9.18173845047
0.242,-9.12519674374e-05,9.18830253918
0.242125,-7.33770949588e-05,9.19100457757
0.24225,-6.65647944051e-05,9.19245645934
0.242375,-5.21599464394e-05,9.19167140198
0.2425,-1.32942808038e-05,9.18755971287
0.242625,-5.60301039272e-05,9.18732658864
0.24275,4.99899654119e-06,9.18301637584
0.242875,3.401710955e-05,9.18019033754
0.243,9.72990699982e-06,9.17597159616
0.243125,2.39362601039e-05,9.17238100026
0.24325,2.26691618499e-05,9.16871342354
0.243375,5.53077112187e-05,9.1683924633
0.2435,8.11436584767e-05,9.17270275699
0.243625,5.22580186423e-05,9.17194735999
0.24375,0.000102108777042,9.18128764299
0.243875,6.37954606584e-05,9.1822795886
0.244,8.56087336786e-05,9.18753660737
0.244125,6.18372287783e-05,9.18819904848
0.24425,0.000124637672455,9.20415185149
0.244375,5.73300980717e-05,9.20409515511
0.2445,0.000118118283872,9.21791813935
0.244625,3.8617095938e-05,9.21551434688
0.24475,6.46299242526e-05,9.21660372651
0.244875,0.000104392845103,9.22641593673
0.245,8.56450930723e-05,9.23158405851
0.245125,2.67707327429e-05,9.22817020231
0.24525,1.72174814199e-05,9.22421188867
0.245375,-3.01905719152e-05,9.22105254068
0.2455,-3.92394494684e-05,9.21871029601
0.245625,-4.65847195745e-05,9.21718843744
0.24575,-2.97158673898e-05,9.21399402181
0.245875,-6.64071282233e-05,9.2153880737
0.246,-0.000141823706188,9.23714238348
0.246125,-0.000101648484595,9.24615803918
0.24625,-0.000103587367551,9.25565862652
0.246375,-7.73553175748e-05,9.25902419253
0.2465,-9.93287981286e-05,9.26737396588
0.246625,-8.03132018488e-05,9.27131737702
0.24675,-7.62105740261e-05,9.27442977115
0.246875,-6.08105928297e-05,9.27483164609
0.247,-4.06707975161e-05,9.27261154269
0.247125,-5.55495133981e-05,9.27222994377
0.24725,-4.75422339792e-05,9.27078923373
0.247375,-1.44896291513e-05,9.26671604025
0.2475,-2.12100423538e-05,9.26295162296
0.247625,-4.38636733596e-05,9.26108457483
0.24775,5.66783510548e-05,9.2608764888
0.247875,1.5754190216e-05,9.25685316109
0.248,6.53924355199e-05,9.25801874653
0.248125,9.22926608455e-05,9.26463870756
0.24825,1.34547392568e-05,9.26052868797
0.248375,6.91661710173e-05,9.26234272962
0.2485,6.68564171518e-05,9.26375028806
0.248625,0.000101457614894,9.27263473499
0.24875,7.21747661071e-05,9.27497699132
0.248875,0.00011249474825,9.28684831337
0.249,9.70268321038e-05,9.29454015753
0.249125,0.000123016282168,9.30949233571
0.24925,5.32813129485e-05,9.3087631682
0.249375,5.8553529563e-05,9.30878491007
0.2495,6.90234807751e-05,9.31050588543
0.249625,5.86387803176e-05,9.31053858433
0.24975,4.69463787537e-05,9.30900076026
0.249875,6.48456882419e-05,9.31001006034
0.25,-2.09511784327e-05,9.30622600952
0.250125,-4.51499177161e-06,9.30190904425
0.25025,-2.23155315691e-05,9.29820133278
0.250375,-8.20043337011e-05,9.3024359923
0.2505,-4.28849006042e-05,9.30043829904
0.250625,-7.37100480559e-05,9.30302330193
0.25075,-5.01667133348e-05,9.30188891601
0.250875,-6.99045445403e-05,9.30377545273
0.251,-0.00010530873578,9.31355094507
0.251125,-9.96262840247e-05,9.32181766727
0.25125,-0.000132408354731,9.33968120127
0.251375,-4.02223153017e-05,9.33738378346
0.2515,-9.33558995483e-05,9.34405460447
0.251625,-0.000123945906627,9.35907729546
0.25175,-7.58863140868e-05,9.36197868367
0.251875,-9.27041678126e-05,9.36843519913
0.252,-8.23871613768e-06,9.36417752755
0.252125,-4.90964719472e-05,9.36286479312
0.25225,-2.04979432946e-05,9.35905035337
0.252375,3.69473615217e-05,9.35642578135
0.2525,1.11451078393e-05,9.35223931682
0.252625,3.67982204854e-06,9.34791344738
0.25275,6.32640092822e-05,9.348619569
0.252875,6.7922703499e-05,9.35009522405
0.253,2.305664586e-05,9.34642292114
0.253125,0.000103893675398,9.35568805565
0.25325,0.000128552017206,9.37211773799
0.253375,0.000108452349924,9.38251387677
0.2535,0.000105982038251,9.39221368653
0.253625,0.000142560441391,9.41319003617
0.25375,7.9165088706e-05,9.41663284291
0.253875,0.000107790918981,9.42670181518
0.254,7.94461337746e-05,9.43017561533
0.254125,6.32681480755e-05,9.43078770171
0.25425,1.74102639623e-05,9.42682012265
0.254375,6.84332111517e-05,9.42827818269
0.2545,2.18270259372e-05,9.42452553855
0.254625,-1.6278360299e-05,9.42051121359
0.25475,-9.28912702963e-06,9.41627537995
0.254875,-1.65999043117e-05,9.41227481483
0.255,-5.45660974401e-05,9.41163334403
0.255125,-0.000101517941968,9.42009080046
0.25525,-3.95356814439e-05,9.41768790981
0.255375,-6.97149898988e-05,9.41937782647
0.2555,-4.03000285451e-05,9.41705098876
0.255625,-9.88099986415e-05,9.42482050543
0.25575,-9.92146688273e-05,9.43266750065
0.255875,-8.64354805561e-05,9.43756295738
0.256,-8.51673790822e-05,9.4421795111
0.256125,-0.000116071300486,9.45444552945
0.25625,-7.26984541941e-05,9.45660720588
0.256375,-0.000113343947605,9.4680508342
0.2565,-0.000104960097954,9.47721335023
0.256625,-7.1490879726e-05,9.47912801573
0.25675,-5.99263749709e-05,9.47918094138
0.256875,-7.41386005013e-05,9.48156428986
0.257,-3.97064533626e-05,9.47915069397
0.257125,-3.92347765858e-05,9.47669258936
0.25725,-2.54347777333e-05,9.47314230736
0.257375,2.23077040212e-05,9.46940961072
0.2575,5.64342076313e-06,9.4651057575
0.257625,4.31436204993e-05,9.46304919977
0.25775,9.39207433978e-05,9.46953599441
0.257875,5.55943562346e-05,9.46898497414
0.258,6.01288310352e-05,9.46907797984
0.258125,0.000118906421556,9.4820562343
0.25825,9.96271613732e-05,9.48984395701
0.258375,8.93631426657e-05,9.49524611915
0.2585,0.000118365420271,9.5079645174
0.258625,9.96388596603e-05,9.51568301697
0.25875,7.92404841955e-05,9.51895886963
0.258875,2.4787487523e-05,9.51536146891
0.259,9.58062540668e-05,9.52215214061
0.259125,4.4478217644e-05,9.52020748251
0.25925,2.7016480408e-05,9.51674992646
0.259375,3.97045069862e-05,9.51432057839
0.2595,4.85539080268e-05,9.51284058944
0.259625,2.61978278547e-05,9.50933160669
0.25975,-5.94391822732e-05,9.50928342505
0.259875,-5.28941310644e-05,9.5083418828
0.26,-5.7620622831e-05,9.50803596194
0.260125,-6.48697513619e-05,9.50880944091
0.26025,-7.82684010528e-05,9.51191143544
0.260375,-0.000143911101492,9.53266904446
0.2605,-0.000102592124101,9.54103964836
0.260625,-7.82819436826e-05,9.54408919862
0.26075,-8.33425912353e-05,9.5481186135
0.260875,-5.73209022975e-05,9.54773441532
0.261,-0.000100431483542,9.5555337589
0.261125,-0.000127559852928,9.57072696293
0.26125,-4.49450321014e-05,9.56880566653
0.261375,-5.0293906521e-05,9.56749619361
0.2615,-1.97122191594e-05,9.56361952106
0.261625,-1.17538058642e-05,9.55944250752
0.26175,-2.53613481295e-05,9.555872783
0.261875,4.29608141516e-06,9.5515520456
0.262,-6.6478057389e-06,9.54726232879
0.262125,2.55481496821e-05,9.54370623916
0.26225,5.40354451686e-05,9.54288499333
0.262375,7.40911372014e-05,9.54516199483
0.2625,8.26396997088e-05,9.54904888618
0.262625,0.000106938267628,9.55846582337
0.26275,0.000107900617423,9.56810083481
0.262875,6.3316329445e-05,9.56856542509
0.263,9.13451932406e-05,9.57422147397
0.263125,0.000111461291357,9.58473871557
0.26325,8.15901989681e-05,9.58834538503
0.263375,0.000107720040097,9.59783835823
0.2635,7.6648560531e-05,9.6004908663
0.263625,7.79397049992e-05,9.60337642569
0.26375,0.000106233067493,9.61244421577
0.263875,3.72714530942e-05,9.60975082759
0.264,3.06948382193e-05,9.60652742666
0.264125,-7.5396238788e-06,9.60225208776
0.26425,2.40392971404e-05,9.5985970431
0.264375,-5.41347978727e-05,9.59774437849
0.2645,-2.48866281627e-05,9.5941394437
0.264625,-8.131985654e-05,9.59767650743
0.26475,-1.70023763204e-05,9.59367805201
0.264875,-5.28512180359e-05,9.59266566627
0.265,-6.06503146645e-05,9.59270925738
0.265125,-8.00751802466e-05,9.59600967028
0.26525,-0.000154626774503,9.62007786024
0.265375,-7.84967238659e-05,9.62303405643
0.2655,-9.05191974598e-05,9.62838804768
0.265625,-0.000153005500677,9.65165948424
0.26575,-6.10553627498e-05,9.65170188561
0.265875,-6.30667625613e-05,9.65203778311
0.266,-0.000109283670047,9.66172770556
0.266125,-5.40283676403e-05,9.66081118452
0.26625,-4.2078852e-05,9.65854738179
0.266375,-2.4173038086e-05,9.65489105451
0.2665,-1.72487700188e-05,9.65089801549
0.266625,-4.22772628407e-05,9.64865865644
0.26675,-2.2774232225e-06,9.64432182052
0.266875,-9.07842769402e-06,9.64007604425
0.267,2.36237492106e-05,9.63639166436
0.267125,4.18591654106e-05,9.63411781244
0.26725,6.27763442444e-05,9.63442953865
0.267375,5.59728072172e-05,9.63378715568
0.2675,0.000110331482963,9.64380715052
0.267625,8.54465471662e-05,9.64806462676
0.26775,8.98051980694e-05,9.65321162026
0.267875,7.47779822251e-05,9.65544281711
0.268,8.15112554339e-05,9.65890611406
0.268125,0.000107855720271,9.66821071894
0.26825,3.75666462086e-05,9.66552218181
0.268375,7.802705113e-05,9.66831635291
0.2685,7.79935563459e-05,9.67109982011
0.268625,2.76757855139e-05,9.66765427629
0.26875,1.3009046338e-05,9.66350978419
0.268875,1.1262574879e-05,9.65931572694
0.269,2.46972821875e-05,9.65568937487
0.269125,4.44514705281e-06,9.6513696651
0.26925,2.41048792497e-05,9.64771060082
0.269375,-6.9536884165e-05,9.64906032869
0.2695,-3.07142233227e-05,9.64582824299
0.269625,-0.000102017442424,9.65373413751
0.26975,-7.41871521792e-05,9.65586115772
0.269875,-0.000126013184962,9.670150039
0.27,-0.000125133098645,9.68411990114
0.270125,-7.26252632362e-05,9.68593435152
0.27025,-0.000109666188258,9.69561283603
0.270375,-0.00012503617529,9.70944773444
0.2705,-0.000109556966369,9.7190229109
0.270625,-0.00012059731984,9.73150179236
0.27075,-7.77648709763e-05,9.73414131704
0.270875,-6.77603186477e-05,9.73509760801
0.271,-8.21249486577e-06,9.73083253461
0.271125,-7.15105870049e-05,9.73239572761
0.27125,7.57861287108e-06,9.72811913846
0.271375,-4.83934712196e-06,9.72380327696
0.2715,2.98079278219e-05,9.72048875875
0.271625,3.79191793456e-05,9.71781124704
0.27175,4.88956562572e-05,9.71623882922
0.271875,4.90918527528e-05,9.71468969364
0.272,9.07887225222e-05,9.71989796507
0.272125,0.00011098918791,9.72980454452
0.27225,0.000107604536991,9.73882613305
0.272375,8.57673032161e-05,9.74296089571
0.2725,7.80994600671e-05,9.74564204314
0.272625,8.79830905151e-05,9.75020607432
0.27275,0.000104204166382,9.75833889227
0.272875,0.000103947692367,9.76638726788
0.273,0.000110536522695,9.77602779431
0.273125,7.74005325683e-05,9.77853159557
0.27325,0.00010578937425,9.78696284617
0.273375,3.84617628807e-05,9.78430730584
0.2735,2.80685245973e-05,9.78086366178
0.273625,-5.7467911592e-06,9.77655844846
0.27375,2.67595108428e-05,9.77303434739
0.273875,2.1166737302e-05,9.76920416979
0.274,-1.90570154155e-05,9.76527724097
0.274125,-8.15979499627e-05,9.76856194724
0.27425,-5.76022914086e-05,9.76801892545
0.274375,-3.73951052321e-05,9.76527807836
0.2745,-4.96341782265e-05,9.76375893496
0.274625,-7.28977275997e-05,9.76550699557
0.27475,-8.75493705489e-05,9.76994330861
0.274875,-0.000105308099472,9.77828378394
0.275,-0.00014302346426,9.79726258635
0.275125,-7.47490096161e-05,9.7992745358
0.27525,-8.24004969393e-05,9.80264928847
0.275375,-8.2613058728e-05,9.80605785393
0.2755,-5.4944360461e-05,9.80514267021
0.275625,-6.16981227646e-05,9.8051224241
0.27575,-4.6231189602e-05,9.80320708412
0.275875,-7.07958343959e-05,9.80455727451
0.276,-3.80749385423e-05,9.80186128506
0.276125,2.65682745682e-05,9.7983208345
0.27625,-1.25609068239e-05,9.7941574219
0.276375,1.82471334082e-05,9.79019370131
0.2765,8.70138455013e-06,9.78593707313
0.276625,9.98781016026e-05,9.79296306284
0.27675,7.64630752491e-05,9.79527615699
0.276875,8.00785276001e-05,9.79822915093
0.277,6.88620417246e-05,9.79927893636
0.277125,7.27758108671e-05,9.80095724072
0.27725,0.000128263758431,9.81528324633
0.277375,8.10471846084e-05,9.8183793437
0.2775,0.000108772507344,9.82741690784
0.277625,8.88637229652e-05,9.8319906371
0.27775,8.83696066856e-05,9.83645630996
0.277875,8.40906005756e-05,9.84008215294
0.278,3.25040186499e-05,9.83692975872
0.278125,6.53298794758e-05,9.83739777287
0.27825,2.24416106789e-05,9.83362274047
0.278375,6.55436574136e-06,9.82932828408
0.2785,-3.32781499396e-06,9.82499785125
0.278625,-1.83461360076e-05,9.8210355442
0.27875,-6.28888597521e-05,9.82116727564
0.278875,-4.22975166783e-05,9.81884899622
0.279,-7.19359172438e-05,9.82036278253
0.279125,-7.97440529881e-05,9.82321336824
0.27925,-8.93347556007e-05,9.82789049479
0.279375,-5.88052272973e-05,9.82745406017
0.2795,-9.62043170268e-05,9.83355982499
0.279625,-9.19429790623e-05,9.83874804543
0.27975,-8.7267247382e-05,9.84298219739
0.279875,-7.07305208604e-05,9.84427012132
0.28,-0.000116236285281,9.85511300199
0.280125,-6.15776141284e-05,9.85502665926
0.28025,-5.14658368528e-05,9.85365762699
0.280375,-4.95624142557e-05,9.85207362483
0.2805,-0.000101763165028,9.85935410277
0.280625,-1.79275824311e-05,9.85537176275
0.28075,-9.38793010068e-06,9.85112779601
0.280875,-1.26182014885e-05,9.84696383539
0.281,1.6966565026e-05,9.8429447949
0.281125,3.77416942765e-05,9.84020586937
0.28125,4.04391323027e-05,9.8377055303
0.281375,8.37849157999e-06,9.83344174418
0.2815,9.05136172852e-05,9.83833648518
0.281625,6.22964570251e-05,9.83836690658
0.28175,0.000134051022046,9.85423711201
0.281875,0.00011203237763,9.86397086718
0.282,0.00014016276926,9.88159190419
0.282125,7.31738036541e-05,9.88322199177
0.28225,3.87947002453e-05,9.88055816074
0.282375,0.00010133203498,9.8876652445
0.2825,7.76967381783e-05,9.89004655629
0.282625,0.000109577800582,9.89906076627
0.28275,7.50782723218e-05,9.90098036536
0.282875,5.03104886922e-05,9.8994494503
0.283,5.14902550239e-05,9.89805295697
0.283125,2.5536025272e-05,9.89443512655
0.28325,2.80513078539e-05,9.89096789195
0.283375,-7.74070735598e-06,9.88669168966
0.2835,2.57424315551e-06,9.88235613359
0.283625,-6.46724015026e-05,9.88267882146
0.28375,-7.40677421094e-05,9.8844541076
0.283875,-5.48423404662e-05,9.88346514168
0.284,-0.000119783770768,9.89510274456
0.284125,-9.35385789277e-05,9.9004856228
0.28425,-8.95433489513e-05,9.90504522725
0.284375,-0.000119184719885,9.91644539965
0.2845,-8.09850151788e-05,9.91935922539
0.284625,-0.000138739723621,9.93626556528
0.28475,-0.000100396584304,9.94301942268
0.284875,-6.32372989781e-05,9.94307560174
0.285,-9.72568324612e-05,9.94913076095
0.285125,-9.18407290759e-05,9.95404834832
0.28525,-9.90608947834e-05,9.96046517489
0.285375,-7.09524214253e-05,9.96163733305
0.2855,-8.63874384417e-05,9.96546529651
0.285625,-3.6933854376e-05,9.96261572901
0.28575,-1.47487660305e-05,9.95851111455
0.285875,1.26800975952e-05,9.95434449995
0.286,1.1664444825e-05,9.95015091286
0.286125,-1.42684908752e-05,9.94603167078
0.28625,8.87129488299e-05,9.95033601375
0.286375,6.69729820268e-05,9.95091868836
0.2865,8.84126240754e-05,9.95515499001
0.286625,6.84026623071e-05,9.95594438442
0.28675,7.6459201513e-05,9.9580118525
0.286875,0.000119681897112,9.96935132017
0.287,8.18595759813e-05,9.97233289347
0.287125,9.54447442528e-05,9.9779374673
0.28725,7.15794532773e-05,9.97918494897
0.287375,0.000126522885239,9.99227969558
0.2875,8.98995339134e-05,9.99672270677
0.287625,6.36966212793e-05,9.99678816778
0.28775,8.03714737027e-05,9.99946164435
0.287875,4.28963462917e-06,9.99513869054
0.288,3.21057121433e-05,9.99191656654
0.288125,1.6775970844e-05,9.98787989552
0.28825,-7.25354022726e-05,9.98926447758
0.288375,-1.45587909158e-05,9.98515234249
0.2885,-1.36497709944e-05,9.98101247752
0.288625,-0.000103636620299,9.98837210845
0.28875,-8.03392824093e-05,9.99105355829
0.288875,-9.88996770538e-05,9.99734455017
0.289,-7.02892020398e-05,9.99836841125
0.289125,-7.62144380729e-05,10.0003330604
0.28925,-0.000111145321056,10.0093875151
0.289375,-0.000114264599883,10.0191738325
0.2895,-0.000105225656472,10.0267891847
0.289625,-8.58844054428e-05,10.0304022135
0.28975,-8.73044497117e-05,10.0342734304
0.289875,-5.15555518848e-05,10.0327941481
0.29,-3.17245314638e-05,10.0295361246
0.290125,-4.62362484857e-05,10.0274990654
0.29025,-6.75198648093e-05,10.0280743499
0.290375,1.62502091713e-05,10.0240164004
0.2905,6.31899125565e-06,10.0197165909
0.290625,5.58837137751e-05,10.0187494059
0.29075,-1.25790901165e-05,10.014577603
0.290875,6.77163205099e-05,10.0151962648
0.291,7.49257890058e-05,10.0169260062
0.291125,0.000102677408857,10.0239758207
0.29125,0.00010661293305,10.0318945694
0.291375,8.90146083284e-05,10.0360874935
0.2915,0.000116377504784,10.0463106159
0.291625,9.04848900578e-05,10.0507583606
0.29175,0.000132419062014,10.065201101
0.291875,8.92220979146e-05,10.0693683736
0.292,6.93789315077e-05,10.0701682651
0.292125,0.000124591362618,10.0823857744
0.29225,4.15966995382e-05,10.0798866918
0.292375,6.63431735882e-05,10.080235236
0.2925,2.40156407394e-05,10.0765072919
0.292625,3.80375279477e-05,10.0737083144
0.29275,-2.57376954178e-05,10.0700727852
0.292875,-3.38151311246e-05,10.066951908
0.293,-4.70334789198e-05,10.0649745681
0.293125,-6.21865363236e-05,10.0647680937
0.29325,-2.77996074854e-05,10.0612521397
0.293375,-8.29545728047e-05,10.0642734473
0.2935,-8.32841550604e-05,10.0673481804
0.293625,-9.89671461185e-05,10.0734684589
0.29375,-9.560747713e-05,10.0788774462
0.293875,-0.000131494994936,10.0929401691
0.294,-0.000101098112796,10.0994512476
0.294125,-0.000115217962643,10.1091795629
0.29425,-9.74400906006e-05,10.1148826947
0.294375,-8.13911499096e-05,10.1175423191
0.2945,-6.9190089991e-05,10.1182578782
0.294625,-0.000113539718544,10.1275209453
0.29475,-6.77285889902e-05,10.1280140598
0.294875,-6.17923857253e-05,10.127696512
0.295,-4.59472827248e-05,10.1255798492
0.295125,-3.56634705711e-05,10.1225789387
0.29525,-1.53047365942e-05,10.1184833501
0.295375,8.18681794966e-05,10.1212193647
0.2955,1.69307914369e-05,10.117179222
0.295625,6.98495493382e-05,10.1179920404
0.29575,4.8126144209e-05,10.1160969299
0.295875,6.27358653116e-05,10.115914581
0.296,5.26788819248e-05,10.1145057463
0.296125,7.74095473963e-05,10.1164980428
0.29625,8.34669790167e-05,10.1195163715
0.296375,0.000121029338927,10.1306259112
0.2965,9.23789409025e-05,10.1352691537
0.296625,9.01263184208e-05,10.1394707852
0.29675,7.67011747754e-05,10.141312121
0.296875,7.27054076625e-05,10.1425239443
0.297,0.000101742547091,10.1490490284
0.297125,1.54650530347e-05,10.1449571143
0.29725,-4.8301912624e-06,10.1406386812
0.297375,4.93688504899e-05,10.1388581871
0.2975,2.02341323892e-05,10.1349459704
0.297625,-2.93796826269e-05,10.1315118828
0.29775,-3.30657244313e-06,10.1271804605
0.297875,-3.34494148012e-05,10.1240176772
0.298,-3.10933214634e-05,10.1206952557
0.298125,-7.94399950461e-05,10.1230145041
0.29825,-0.000114241886693,10.132431058
0.298375,-4.40259799047e-05,10.1301299186
0.2985,-8.60555004938e-05,10.1335869936
0.298625,-8.82470323607e-05,10.1374395056
0.29875,-9.46153124492e-05,10.1425078634
0.298875,-0.000121300456784,10.1536047783
0.299,-8.35739171307e-05,10.1565792302
0.299125,-0.000102396478374,10.1632087671
0.29925,-8.77511064799e-05,10.1669144773
0.299375,-2.50888977261e-05,10.1632294635
0.2995,-2.92920354891e-05,10.1597840978
0.299625,-6.39126480525e-05,10.1597160232
0.29975,-4.07542165213e-05,10.157111792
0.299875,-6.65150245954e-06,10.152815199
0.3,2.3367092164e-05,10.1490448402
0.300125,5.32862592991e-05,10.1476812246
0.30025,4.51509055638e-05,10.1454782084
0.300375,7.81227985401e-05,10.1475418823
0.3005,4.27100175783e-05,10.1451138593
0.300625,8.42568927641e-05,10.1482228369
0.30075,0.000115089932857,10.1577634097
0.300875,9.07890903322e-05,10.1620462992
0.301,0.000116139376892,10.1717959509
0.301125,0.000107503053735,10.1795033886
0.30125,0.000103629147337,10.1863392631
0.301375,0.000120083379601,10.196976743
0.3015,8.30592390861e-05,10.1997896586
0.301625,0.000102312486467,10.206292908
0.30175,4.21865758146e-05,10.2037931467
0.301875,9.7367092393e-05,10.2092653244
0.302,6.64110662113e-05,10.2094855604
0.302125,3.04436778959e-05,10.2061018819
0.30225,1.87767315786e-05,10.2021241558
0.302375,-2.0580694066e-05,10.1982203754
0.3025,-4.95018161782e-05,10.1964197762
0.302625,-9.78197289734e-05,10.2020001323
0.30275,-5.88320922146e-05,10.2012446772
0.302875,-6.57064029408e-05,10.201376893
0.303,-7.39880592404e-05,10.2027073477
0.303125,-0.00011832943091,10.2128565087
0.30325,-8.15576539414e-05,10.2153880701
0.303375,-0.000105447133477,10.2225239696
0.3035,-9.38018221926e-05,10.2272520841
0.303625,-0.000131630257895,10.2407344116
0.30375,-4.6261277968e-05,10.2385903054
0.303875,-9.12669942686e-05,10.242803583
0.304,-5.87875255242e-05,10.2420092137
0.304125,-4.27412470603e-05,10.2395427367
0.30425,-2.90105590415e-05,10.2360648716
0.304375,-1.86811263031e-05,10.2320809505
0.3045,-3.4264719706e-05,10.2289468415
0.304625,-1.12112153926e-05,10.2247334193
0.30475,-3.30528015816e-06,10.2204017435
0.304875,1.31699432194e-05,10.2162378841
0.305,6.01887440616e-06,10.2119323802
0.305125,7.29784502578e-05,10.2130957646
0.30525,4.88939582823e-05,10.2112246504
0.305375,0.000108851275125,10.2191243091
0.3055,8.91915873405e-05,10.2229899125
0.305625,0.000106790788426,10.2303992531
0.30575,0.00010765083472,10.2379780618
0.305875,0.000149382738236,10.2565226841
0.306,0.000105085236069,10.263472701
0.306125,7.0281561101e-05,10.2641766555
0.30625,7.29426893695e-05,10.2652689113
0.306375,4.02269445719e-05,10.2625793211
0.3065,5.66613329435e-05,10.2615180321
0.306625,6.56563429227e-05,10.2615818808
0.30675,0.000102046013904,10.2678765297
0.306875,2.22314803093e-05,10.2640383221
0.307,4.00625615216e-05,10.2613357142
0.307125,1.18908321503e-05,10.2571373884
0.30725,-2.88929327786e-06,10.2528029905
0.307375,-2.2971438418e-05,10.2490008131
0.3075,-5.25616819226e-05,10.247490814
0.307625,-3.88301053942e-05,10.2446947334
0.30775,-3.77483679363e-05,10.2418146232
0.307875,-8.7571979947e-05,10.2453438888
0.308,-7.39840384224e-05,10.2466166239
0.308125,-0.000115189699882,10.2558701787
0.30825,-0.000114870095856,10.2650197713
0.308375,-0.000133018242211,10.2787219289
0.3085,-8.28973830091e-05,10.2813742
0.308625,-0.000108585054016,10.2890191972
0.30875,-9.84991304308e-05,10.2945256981
0.308875,-8.10577756306e-05,10.2968469074
0.309,-7.60147948386e-05,10.2983621075
0.309125,-3.75126606897e-05,10.2954460499
0.30925,-9.24339140915e-07,10.2911039722
0.309375,-2.00652609985e-05,10.2871700057
0.3095,-1.98054836083e-05,10.2832258795
0.309625,2.76732301841e-05,10.2796622256
0.30975,4.1012506883e-05,10.2770321423
0.309875,6.62502543811e-05,10.2771600445
0.31,6.98984072669e-05,10.2777934529
0.310125,0.000114121159844,10.2867009939
0.31025,7.30015383199e-05,10.2877738737
0.310375,0.000121200176596,10.298339121
0.3105,3.15534580345e-05,10.29500578
0.310625,0.00010739399046,10.3023528816
0.31075,0.000132263840567,10.315698954
0.310875,0.000100136207679,10.3214729201
0.311,9.6650964461e-05,10.3265431438
0.311125,0.000102126078991,10.3326964828
0.31125,6.8085045326e-05,10.3330152152
0.311375,8.61711155361e-05,10.3361365882
0.3115,5.28864240392e-05,10.3346047393
0.311625,4.63489782531e-05,10.3324217925
0.31175,3.16642836122e-05,10.3290876084
0.311875,1.32070770408e-05,10.3249203093
0.312,-3.78144514557e-05,10.3220184608
0.312125,-6.51063981373e-05,10.3219489134
0.31225,-4.71660170632e-05,10.3198492969
0.312375,-9.58500321018e-05,10.3247677795
0.3125,-5.40825624265e-05,10.3233721856
0.312625,-9.32749696514e-05,10.327793117
0.31275,-0.000143436905744,10.3441253769
0.312875,-0.000104575398479,10.3507431715
0.313,-7.65767363377e-05,10.3522719725
0.313125,-0.000127594900695,10.3642057455
0.31325,-0.000113251285472,10.3726556532
0.313375,-0.000144747597006,10.3891507225
0.3135,-8.81488419144e-05,10.3925181271
0.313625,-0.000103775777273,10.3988496893
0.31375,-9.18584270496e-05,10.4028604041
0.313875,-4.52742511281e-05,10.4005463402
0.314,-1.24595937099e-05,10.3963571708
0.314125,-1.87276735647e-05,10.3923619671
0.31425,4.07706208158e-05,10.3896683899
0.314375,-1.66061042494e-05,10.3855992848
0.3145,-2.63751817528e-05,10.3819477536
0.314625,2.73056750677e-05,10.3783464869
0.31475,0.00010420661004,10.3848018906
0.314875,7.92481295286e-05,10.3866981233
0.315,8.13307772141e-05,10.3889234797
0.315125,0.000114855834491,10.3976633425
0.31525,0.000145866694536,10.4143598794
0.315375,6.98627758376e-05,10.414833709
0.3155,0.000123350731286,10.42548732
0.315625,9.99479980219e-05,10.4309720205
0.31575,0.000111806050853,10.4389080138
0.315875,3.41423888416e-05,10.4357094779
0.316,4.58652534243e-05,10.4334330302
0.316125,6.22980971283e-05,10.4329038778
0.31625,2.47139554992e-05,10.4291614227
0.316375,1.78441963985e-05,10.4251318091
0.3165,6.98088722373e-06,10.4208368649
0.316625,-4.10369285217e-05,10.4181539828
0.31675,-1.66513393772e-05,10.4140845716
0.316875,-3.62237996384e-05,10.411037183
0.317,-5.27854189608e-05,10.4094467429
0.317125,-2.49828820841e-05,10.4057207496
0.31725,-4.3990196655e-05,10.4032919969
0.317375,-8.67008518633e-05,10.4063841588
0.3175,-8.66225492101e-05,10.4094576305
0.317625,-0.000127513270348,10.4211583682
0.31775,-9.09382258546e-05,10.4249608019
0.317875,-0.000105399847655,10.4315468164
0.318,-0.000101261741153,10.4372772192
0.318125,-0.000102885109785,10.4433191062
0.31825,-0.000108601042083,10.4505292945
0.318375,-8.60916461172e-05,10.453438185
0.3185,-7.67168162215e-05,10.4548508454
0.318625,-8.13905077988e-05,10.4569835018
0.31875,-2.80694213592e-05,10.4534108777
0.318875,-3.99147250414e-05,10.4506267269
0.319,1.40793719539e-05,10.4464778866
0.319125,9.13808367703e-05,10.4503119615
0.31925,5.20750356191e-05,10.4486238465
0.319375,2.88806205609e-05,10.4450979567
0.3195,6.25770264436e-05,10.4445926996
0.319625,7.82767912646e-05,10.446253856
0.31975,6.47906178573e-05,10.4460236837
0.319875,9.33480361859e-05,10.4502141515
0.32,8.48408361897e-05,10.4529145318
0.320125,0.000133166331379,10.4658925712
0.32025,8.45133544097e-05,10.4685135607
0.320375,9.93782784756e-05,10.47379099
0.3205,0.000108776958646,10.480957655
0.320625,7.03081932899e-05,10.4814188691
0.32075,4.76707070765e-05,10.4792849071
0.320875,0.000140953370538,10.4942260618
0.321,2.08962136494e-05,10.490306402
0.321125,2.60760615746e-05,10.4866231805
0.32125,3.57413471322e-05,10.4835206278
0.321375,-3.34459552186e-06,10.4791885541
0.3215,-1.6003789345e-05,10.4750947564
0.321625,-2.05728340538e-05,10.4711639088
0.32175,-3.62944799496e-05,10.4681046005
0.321875,-2.43201161841e-05,10.4643384666
0.322,-6.86308260629e-05,10.4645908475
0.322125,-9.39829356438e-05,10.4688608085
0.32225,-7.04787283807e-05,10.4693588009
0.322375,-0.000100271250078,10.4748077968
0.3225,-4.99734037752e-05,10.4728960314
0.322625,-0.000112492289901,10.4808637574
0.32275,-0.000108953072329,10.4880489074
0.322875,-0.00010861507553,10.495143823
0.323,-7.66851157418e-05,10.4964968054
0.323125,-8.73249971836e-05,10.4995362983
0.32325,-8.40100148468e-05,10.5020215894
0.323375,-8.63082557562e-05,10.504881154
0.3235,-2.14921777995e-05,10.5009848844
0.323625,2.84172897695e-05,10.497423512
0.32375,2.03042990713e-05,10.4934799185
0.323875,-2.72433542174e-05,10.489856553
0.324,3.21664216287e-05,10.486517556
0.324125,3.01675561257e-05,10.4830583538
0.32425,5.11904847188e-05,10.4812615756
0.324375,7.46440545412e-05,10.48233284
0.3245,8.83224853619e-05,10.4855664519
0.324625,0.000116923259717,10.4944828967
0.32475,7.94772187771e-05,10.4962588403
0.324875,0.000115714357932,10.5048710377
0.325,0.00012574585296,10.5157924417
0.325125,0.000136361565387,10.5293494088
0.32525,0.00012014833422,10.5388660064
0.325375,6.94717208085e-05,10.539151554
0.3255,4.53810458126e-05,10.5367841069
0.325625,3.80582998289e-05,10.5338314103
0.32575,5.1778452042e-05,10.5320631719
0.325875,6.01986628926e-05,10.5312014737
0.326,6.52136708345e-05,10.5309444908
0.326125,-3.07814372114e-05,10.5275122543
0.32625,-1.66627401497e-05,10.5234364069
0.326375,-5.50719759828e-05,10.5220129937
0.3265,-6.59477817551e-05,10.521857321
0.326625,-1.6557565038e-05,10.5177784562
0.32675,-3.86930980117e-05,10.5148788176
0.326875,-6.42116112187e-05,10.5145121981
0.327,-0.000120866393971,10.5242426049
0.327125,-8.50629032892e-05,10.5268603061
0.32725,-0.000126915533961,10.5379881071
0.327375,-7.95903787413e-05,10.5397203544
0.3275,-0.000146566232999,10.5559367383
0.327625,-7.94094463216e-05,10.55761649
0.32775,-0.000121716421506,10.567404498
0.327875,-7.63844230786e-05,10.5686197344
0.328,-7.21347558329e-05,10.5692326701
0.328125,-2.2863954361e-05,10.5653878018
0.32825,-5.91186057554e-05,10.5643766995
0.328375,-2.9522505207e-05,10.5608650755
0.3285,1.59779408515e-05,10.5567658469
0.328625,5.57664911087e-06,10.5524526194
0.32875,5.48636847716e-05,10.5509878831
0.328875,6.0054528835e-05,10.5500944826
0.329,3.28110240497e-05,10.5467817344
0.329125,8.55697435624e-05,10.5494461323
0.32925,9.6096914742e-05,10.5539334613
0.329375,5.75734029527e-05,10.5527588691
0.3295,8.17932526212e-05,10.5548100447
0.329625,0.000148198356314,10.5714130246
0.32975,7.71490463618e-05,10.5727347944
0.329875,0.000105197651027,10.5789151948
0.33,0.000113907500066,10.5868902036
0.330125,4.45362656426e-05,10.584429113
0.33025,5.55323430426e-05,10.5830133129
0.330375,6.75297006551e-05,10.5829996246
0.3305,5.53853164681e-05,10.5815693088
0.330625,-5.89492602283e-06,10.5772593811
0.33075,-1.81349729921e-06,10.5729195642
0.330875,3.18307013256e-05,10.5695411005
0.331,2.13261483083e-06,10.5652024889
0.331125,-9.51619911696e-06,10.5609459103
0.33125,-7.00995218008e-05,10.5612915587
0.331375,-3.75016364929e-05,10.5582909017
0.3315,-5.02422940132e-05,10.5563585881
0.331625,-6.50143394396e-05,10.5560532317
0.33175,-6.79531385234e-05,10.5561212622
0.331875,-9.51568609684e-05,10.5604235611
0.332,-0.000106778978789,10.5669530538
0.332125,-0.000105435608001,10.5731951229
0.33225,-6.60920899229e-05,10.5730085377
0.332375,-8.21636188615e-05,10.5750877156
0.3325,-8.74046956121e-05,10.5780081551
0.332625,-8.28436839729e-05,10.5801864981
0.33275,-3.42753984081e-05,10.5769599847
0.332875,-6.73250969249e-05,10.5769261143
0.333,-4.76815295893e-05,10.574745097
0.333125,-5.0565188504e-06,10.5704264837
0.33325,-9.20008250082e-06,10.5661641654
0.333375,6.54714638673e-06,10.5618620927
0.3335,2.47444329532e-05,10.5581035087
0.333625,8.02099303898e-05,10.5599021465
0.33375,6.09977088025e-05,10.559110611
0.333875,5.96100221843e-05,10.5581600061
0.334,9.53011963431e-05,10.5624844595
0.334125,0.00010882701622,10.5694291242
0.33425,9.38004773807e-05,10.5734612765
0.334375,9.95704048132e-05,10.5785455693
0.3345,7.91509344465e-05,10.5801551513
0.334625,0.000107622066771,10.58680679
0.33475,9.64273347964e-05,10.5912788044
0.334875,8.24187232065e-05,10.593370786
0.335,6.90404049634e-05,10.5935420884
0.335125,8.84293117607e-05,10.5966021745
0.33525,7.52295873457e-05,10.5976146163
0.335375,1.92448815699e-05,10.5936222562
0.3355,4.19204437586e-05,10.5909440565
0.335625,-4.35826773459e-06,10.58661912
0.33575,-2.33059285716e-05,10.5827916253
0.335875,-2.5085768582e-06,10.578454658
0.336,-3.59504539832e-05,10.575340406
0.336125,-7.09576854831e-05,10.5757856018
0.33625,-1.82403179156e-05,10.5717591849
0.336375,-6.13404443712e-05,10.5709978667
0.3365,-9.13380788876e-05,10.5745936046
0.336625,-0.00012514077539,10.5851283569
0.33675,-8.89136361707e-05,10.5882841884
0.336875,-6.78686671905e-05,10.5883087476
0.337,-0.00011623249505,10.5967633193
0.337125,-0.000110063240592,10.6038748944
0.33725,-0.000144009782986,10.6190915348
0.337375,-8.3834653663e-05,10.6213638768
0.3375,-7.23962461401e-05,10.6219525631
0.337625,4.77066222774e-07,10.6176098325
0.33775,-1.31500103084e-05,10.6134298265
0.337875,-7.20749049812e-05,10.613983788
0.338,1.10548036385e-05,10.6097560927
0.338125,-8.53769585103e-06,10.6054819567
0.33825,5.40059733847e-05,10.603894123
0.338375,6.70267789453e-05,10.6037957758
0.3385,4.02854770956e-05,10.6009866787
0.338625,9.45139255745e-05,10.6050850912
0.33875,0.000111540038173,10.612483208
0.338875,0.000107092287482,10.6189463671
0.339,6.17211664892e-05,10.6181904582
0.339125,0.000131100891533,10.6300106381
0.33925,0.000139622520926,10.6439460493
0.339375,9.68449513051e-05,10.6483784053
0.3395,0.000143549148666,10.6632726964
0.339625,5.89407379395e-05,10.6621678007
0.33975,8.39369202284e-05,10.6643908793
0.339875,9.67434774276e-05,10.6687637879
0.34,6.46611474401e-05,10.668312704
0.340125,5.4298595938e-05,10.6667148085
0.34025,-1.41130993441e-06,10.6623737195
0.340375,6.93414290157e-06,10.6580756169
0.3405,3.94937961009e-06,10.6537472331
0.340625,-1.57820214133e-05,10.6496370333
0.34075,-4.6945083269e-05,10.6473549791
0.340875,-7.33646510716e-05,10.6480462054
0.341,-0.000116401126443,10.6563628056
0.341125,-0.000109560128508,10.663215538
0.34125,-0.000106577842418,10.6694511091
0.341375,-0.000153299125032,10.6869346565
0.3415,-0.000105101049148,10.6928234738
0.341625,-0.000158836996947,10.7117827245
0.34175,-0.000124143610335,10.721627166
0.341875,-8.64545301337e-05,10.7241550747
0.342,-9.18663286979e-05,10.7275647947
0.342125,-9.17373927269e-05,10.7309467254
0.34225,-4.98942439954e-05,10.7288885031
0.342375,-6.47396757659e-05,10.7283932589
0.3425,-3.77957053687e-05,10.7253622768
0.342625,-1.42115352655e-05,10.7212049747
0.34275,-5.53656127097e-05,10.7196814528
0.342875,-2.58775352137e-05,10.7159548026
0.343,4.05640902484e-05,10.71312735
0.343125,0.00013549086597,10.7256734101
0.34325,7.59808636258e-05,10.7266334139
0.343375,7.27749928508e-05,10.7271545329
0.3435,9.98708291814e-05,10.7319663178
0.343625,7.36310544618e-05,10.7325963702
0.34375,0.000113014000604,10.7399581441
0.343875,4.67521818259e-05,10.7376171313
0.344,0.00011073673389,10.7444995859
0.344125,0.000107149581876,10.7506508009
0.34425,9.85995489151e-05,10.7551831434
0.344375,0.000114480992317,10.7627881214
0.3445,0.00010905723214,10.769270235
0.344625,4.3773458588e-05,10.7666704974
0.34475,8.03532184308e-05,10.7682022733
0.344875,4.69169386637e-05,10.7658623261
0.345,5.89363245133e-05,10.7646813913
0.345125,-1.19713926072e-05,10.7604689902
0.34525,3.13421676889e-05,10.7570216326
0.345375,-5.83910654196e-05,10.7557888039
0.3455,-4.65954265545e-05,10.7534271585
0.345625,-6.16471867545e-05,10.7525535932
0.34575,-6.7161391565e-05,10.7523289635
0.345875,-7.17174073829e-05,10.7526819629
0.346,-8.54878217734e-05,10.7550093621
0.346125,-0.000144144523428,10.7695937811
0.34625,-0.000101947092086,10.7746970854
0.346375,-0.000144388359343,10.7892597428
0.3465,-8.2083584754e-05,10.7910153001
0.346625,-0.000112052791501,10.7980255356
0.34675,-0.000102176474615,10.8031095001
0.346875,-0.000120818004542,10.811925944
0.347,-3.69816594514e-05,10.8088151392
0.347125,-5.10089672666e-05,10.8068176961
0.34725,-3.78852492069e-05,10.8037693503
0.347375,-4.6962823258e-05,10.801416957
0.3475,-5.39132568537e-05,10.7996985914
0.347625,-1.53401785346e-05,10.7955682753
0.34775,1.38065805295e-05,10.7913977348
0.347875,1.81992238134e-05,10.787354632
0.348,6.78308292108e-05,10.7871789596
0.348125,6.1229261891e-05,10.7862320472
0.34825,8.18451095693e-05,10.7879564705
0.348375,9.6193702548e-05,10.7919892094
0.3485,0.000117188271718,10.8000596445
0.348625,8.0215115047e-05,10.8015264494
0.34875,9.97320592715e-05,10.8061579911
0.348875,0.000140148991258,10.8195006975
0.349,0.000115438481737,10.8271277483
0.349125,5.9352324995e-05,10.8259466885
0.34925,0.000131502122526,10.8371074997
0.349375,5.19829709385e-05,10.8351846471
0.3495,0.00011792817531,10.8432878721
0.349625,2.27400192807e-05,10.8394074906
0.34975,4.91592904147e-05,10.8372277812
0.349875,5.03271977784e-05,10.8351531901
0.35,1.37246679324e-05,10.8309790643
0.350125,-1.1131977939e-05,10.8267472883
0.35025,-9.98178346023e-06,10.8224938137
0.350375,-2.24859352409e-05,10.8186053243
0.3505,-1.53649425835e-05,10.8144747685
0.350625,-5.68786021247e-05,10.8130441915
0.35075,-6.58955400177e-05,10.8126110382
0.350875,-0.0001157421762,10.8203201435
0.351,-8.87241943528e-05,10.8230507885
0.351125,-0.000175743397151,10.8463779101
0.35125,-0.000101997192985,10.8513249618
0.351375,-9.1155979006e-05,10.8543952661
0.3515,-8.67853254534e-05,10.8567675181
0.351625,-0.000130346268739,10.8675499241
0.35175,-8.91441598227e-05,10.8702704648
0.351875,-7.74890869446e-05,10.8712624503
0.352,-4.3264111701e-05,10.8685828709
0.352125,-5.50496751875e-06,10.8642668781
0.35225,-5.84043111059e-05,10.8629595911
0.352375,6.32161088278e-07,10.8586170021
0.3525,5.07186036751e-05,10.8565665066
0.352625,4.47380717302e-05,10.8540081997
0.35275,2.11214326185e-05,10.8500633323
0.352875,7.66525283984e-05,10.8509651503
0.353,8.89705008033e-05,10.8536851184
0.353125,0.000114945513617,10.8611173692
0.35325,0.000109784681226,10.8674989206
0.353375,0.000111561594608,10.8742137576
0.3535,9.8946572743e-05,10.87855816
0.353625,8.01905799891e-05,10.879917478
0.35375,6.78901527357e-05,10.8796611034
0.353875,0.000132103801032,10.8907718803
0.354,0.000101077414583,10.8954596255
0.354125,0.00010329560225,10.9005374867
0.35425,0.000111013854506,10.9070612662
0.354375,7.77133692594e-05,10.9080389235
0.3545,2.07257351356e-05,10.904074542
0.354625,8.56149709697e-06,10.8997962564
0.35475,1.48331905355e-05,10.8956475885
0.354875,3.73479912271e-05,10.8925373215
0.355,-3.55778326934e-05,10.8893137908
0.355125,-1.43744985764e-05,10.8851537344
0.35525,-7.72617500245e-05,10.8860963482
0.355375,-7.3147598142e-05,10.8864903133
0.3555,-0.000109172855041,10.8926911038
0.355625,-0.000162541519449,10.9116524165
0.35575,-7.16453057069e-05,10.9118272594
0.355875,-0.000108895280949,10.9179136181
0.356,-9.54374750672e-05,10.9215724763
0.356125,-0.000103610891495,10.9266511148
0.35625,-0.000112264581155,10.9333542827
0.356375,-6.44385287478e-05,10.9326481046
0.3565,-8.79795187015e-05,10.9350831493
0.356625,-9.96240318634e-05,10.9394243506
0.35675,-2.13891919745e-05,10.9354816893
0.356875,1.17916505449e-05,10.9312605134
0.357,-3.2814683677e-05,10.9278614223
0.357125,1.12433898781e-05,10.9236293808
0.35725,-2.77871293888e-05,10.9199644396
0.357375,7.80686080682e-05,10.9209749012
0.3575,2.60875954406e-05,10.9172299302
0.357625,0.00010452041345,10.9224841023
0.35775,4.01940918509e-05,10.9195600404
0.357875,4.36353572203e-05,10.9168904152
0.358,0.000116106651643,10.9243880913
0.358125,0.000138497011729,10.9368541807
0.35825,0.000103339808669,10.9418507506
0.358375,6.50883773217e-05,10.941211014
0.3585,0.000125503051334,10.9506224503
0.358625,9.21440706566e-05,10.9536831199
0.35875,5.45048141056e-05,10.9519302563
0.358875,6.48794964641e-06,10.9476240365
0.359,2.1535957353e-05,10.9436861217
0.359125,-1.13944085778e-05,10.9394566651
0.35925,-1.44333149632e-05,10.9352959918
0.359375,1.10100542361e-05,10.931059213
0.3595,2.86525123324e-05,10.9274359243
0.359625,-1.37021087916e-06,10.9230946267
0.35975,-1.20376610528e-05,10.9188789472
0.359875,-3.2077421542e-05,10.9154404997
0.36,-7.39529997023e-05,10.9159067073
0.360125,-4.10707880137e-05,10.9130474509
0.36025,-0.00013779386915,10.9253870446
0.360375,-0.000120374400883,10.9337450395
0.3605,-0.000100354748541,10.938216683
0.360625,-8.25900418238e-05,10.9398396504
0.36075,-8.22173240003e-05,10.9414067216
0.360875,-0.000105521142201,10.9467910995
0.361,-0.000107399138191,10.9525119242
0.361125,-0.000142748797248,10.9659087466
0.36125,-7.5214247202e-05,10.9664828556
0.361375,-7.83562362574e-05,10.9674753913
0.3615,-6.93869877972e-05,10.9673159565
0.361625,-4.44483748181e-05,10.9646902707
0.36175,3.48802736591e-05,10.9614055541
0.361875,-9.60963047416e-06,10.9571430008
0.362,1.88672925048e-05,10.9531102481
0.362125,4.07318631201e-06,10.9487817743
0.36225,8.11528815625e-05,10.9501850707
0.362375,7.79762786182e-05,10.9511458726
0.3625,3.63398164353e-05,10.947955146
0.362625,6.19936063423e-05,10.9469670428
0.36275,7.5733962141e-05,10.9476310769
0.362875,0.000118546164583,10.9555438981
0.363,0.000125713789607,10.9649560926
0.363125,0.000105842058904,10.9703467963
0.36325,0.000121623649964,10.978836051
0.363375,8.95829585803e-05,10.9814459263
0.3635,7.92220294721e-05,10.9825382003
0.363625,9.44301063932e-05,10.9859135732
0.36375,9.56421194104e-05,10.9894820199
0.363875,5.63310699385e-05,10.9878828728
0.364,7.19049688594e-05,10.988011368
0.364125,3.62643500751e-05,10.9848061638
0.36425,-1.68143803228e-06,10.9804656671
0.364375,-2.22382219813e-05,10.9765513434
0.3645,2.44151067032e-05,10.9727255024
0.364625,-0.000119603557539,10.9807858453
0.36475,-0.000130422507104,10.9911603282
0.364875,-6.02523985356e-05,10.9899551254
0.365,-3.34378014578e-05,10.9865790616
0.365125,-0.000147325035705,11.000981705
0.36525,-8.39614717739e-05,11.002715904
0.365375,-0.000103137847336,11.0075361721
0.3655,-0.000126893178905,11.0170407429
0.365625,-0.000139581523416,11.0294109113
0.36575,-0.000100909236525,11.0337861549
0.365875,-9.41373750341e-05,11.0370238863
0.366,-5.76488847686e-05,11.0355232996
0.366125,-6.85539063957e-05,11.0352006
0.36625,-4.27840970095e-05,11.0324240738
0.366375,-4.42655304086e-05,11.0297589535
0.3665,1.94651761411e-05,11.0257406965
0.366625,3.05531707246e-05,11.0221983966
0.36675,3.49572919575e-05,11.0189043776
0.366875,4.86602457033e-05,11.0165951845
0.367,3.91305469203e-05,11.0135682158
0.367125,8.1364324016e-05,11.0149160031
0.36725,3.55397144983e-05,11.0116590423
0.367375,5.34868915332e-05,11.0097772993
0.3675,7.34726635549e-05,11.010079326
0.367625,0.000158686374222,11.0273601401
0.36775,0.000112120842771,11.0337828336
0.367875,8.09894231884e-05,11.0350521667
0.368,0.000128409777052,11.0447997651
0.368125,8.35425955375e-05,11.0464131617
0.36825,0.000106092289057,11.0516683731
0.368375,9.62095338002e-05,11.0552106978
0.3685,8.07347596596e-05,11.0564173829
0.368625,9.78826629358e-05,11.0602271782
0.36875,3.94168804477e-05,11.0572061899
0.368875,5.21761850288e-05,11.0551809045
0.369,3.51659610179e-05,11.051891414
0.369125,-1.25845656068e-06,11.0475498194
0.36925,-2.08594134037e-05,11.043578215
0.369375,-3.62505709752e-05,11.0403576949
0.3695,-5.00453016146e-05,11.0381552997
0.369625,-4.24213552696e-05,11.0353512822
0.36975,-7.57918740786e-05,11.0359220068
0.369875,-0.000146046322793,11.0497936558
0.37,-0.000116661421522,11.0570448049
0.370125,-0.000146339839034,11.0709010423
0.37025,-0.000105946590202,11.0760761777
0.370375,-9.62430595037e-05,11.0795798113
0.3705,-9.6567417062e-05,11.0831300103
0.370625,-7.87916449837e-05,11.0840390833
0.37075,-0.000118893896347,11.091643148
0.370875,-0.000103789969379,11.0963916559
0.371,-4.18539284101e-05,11.0935268011
0.371125,-6.01661443138e-05,11.0922397649
0.37125,-2.58500768435e-05,11.0884612538
0.371375,-1.1054923742e-05,11.0842216331
0.3715,4.53844350276e-05,11.0816214822
0.371625,1.00209537355e-05,11.0773635715
0.37175,7.64296678498e-05,11.0779692184
0.371875,3.41992848662e-05,11.0746174
0.372,4.0656737997e-05,11.0716762186
0.372125,8.78728344387e-05,11.0738819822
0.37225,9.21417867215e-05,11.0767352947
0.372375,0.000135572920636,11.0879461294
0.3725,0.000127782950516,11.0973880735
0.372625,0.000137423623476,11.1089499935
0.37275,0.000122914786693,11.1173016733
0.372875,0.000134134340524,11.1280434335
0.373,0.000125598330941,11.1368965677
0.373125,4.91314660252e-05,11.1345713869
0.37325,4.20596779366e-05,11.1317080351
0.373375,7.97799325684e-05,11.1326897486
0.3735,4.58586264701e-05,11.1301064551
0.373625,9.54061735009e-06,11.1258397322
0.37375,-3.05543691753e-05,11.1222792526
0.373875,-2.36988930606e-05,11.1184074436
0.374,1.61292938801e-05,11.1142829329
0.374125,-6.75573219391e-05,11.1137741136
0.37425,-6.26155462268e-05,11.1127254729
0.374375,-0.000101353404336,11.1170106077
0.3745,-0.000101202332513,11.1212615907
0.374625,-9.17823442995e-05,11.1239815032
0.37475,-0.000115849652788,11.1308786714
0.374875,-0.000105940142708,11.1359222618
0.375,-0.000120633961391,11.1437322373
0.375125,-0.000115319480599,11.1504764226
0.37525,-0.000107208164994,11.1557025763
0.375375,-0.000127828224098,11.1649410612
0.3755,-0.000109926089303,11.1706245738
0.375625,-3.62066779461e-05,11.1673690607
0.37575,-2.89272164527e-05,11.1637207933
0.375875,-5.79226918384e-05,11.1621647878
0.376,-6.3627894958e-05,11.1611858114
0.376125,-4.93798162829e-05,11.1588697114
0.37625,1.97234790817e-05,11.1548503643
0.376375,-1.7881576272e-05,11.1507736481
0.3765,-1.14114906139e-05,11.1465392317
0.376625,0.000107165003625,11.1517663529
0.37675,5.27819055102e-05,11.1497441078
0.376875,5.96741064288e-05,11.1483686617
0.377,8.01624649248e-05,11.1493809571
0.377125,0.000119800529757,11.1569867847
0.37725,0.000123544204817,11.1653277517
0.377375,0.000101972237271,11.1696134221
0.3775,7.15898386243e-05,11.1695212742
0.377625,7.50969868692e-05,11.1698556861
0.37775,9.67480664538e-05,11.1732725757
0.377875,0.000107239489178,11.1784542449
0.378,6.86434226068e-05,11.1780116079
0.378125,3.6629225544e-05,11.1747797301
0.37825,6.0338934939e-05,11.1734533174
0.378375,1.99463440523e-05,11.1694402148
0.3785,-1.304376811e-05,11.1652384576
0.378625,5.46201850626e-06,11.160920294
0.37875,-2.36901092727e-05,11.1570439659
0.378875,-7.00272613791e-05,11.1567801497
0.379,-6.43115831264e-05,11.1558780872
0.379125,-5.79447654087e-05,11.1543292451
0.37925,-0.000110287788288,11.1601034334
0.379375,-8.78389530926e-05,11.1621723601
0.3795,-0.000108352646554,11.1675774216
0.379625,-0.000109444005555,11.1731672603
0.37975,-8.49083911863e-05,11.1747977935
0.379875,-0.000121195241494,11.182611805
0.38,-0.000122273453764,11.1906205658
0.380125,-6.2576839461e-05,11.1895101694
0.38025,-5.80268330101e-05,11.1879476367
0.380375,-9.76250451635e-05,11.1914728983
0.3805,-8.26779665922e-05,11.1927701175
0.380625,-7.90445449306e-05,11.1935812455
0.38075,-6.8988679371e-05,11.1931642321
0.380875,-4.91828451046e-05,11.1908172506
0.381,-2.38727911168e-05,11.1869448958
0.381125,2.57621765113e-05,11.1831504611
0.38125,5.50388510624e-05,11.1813127018
0.381375,4.3406301893e-05,11.1785287273
0.3815,5.72045058753e-05,11.1768948113
0.381625,6.86010365818e-05,11.1764487597
0.38175,0.000130784591165,11.1862540466
0.381875,8.33818200327e-05,11.1876545355
0.382,0.000129898753542,11.1972332093
0.382125,8.34394046153e-05,11.198627117
0.38225,0.000107258855029,11.2037568195
0.382375,0.000115244762256,11.2103348653
0.3825,0.000122787441729,11.2183683943
0.382625,0.000125300201226,11.226889118
0.38275,8.78863331223e-05,11.228867077
0.382875,4.71107016283e-05,11.2263404971
0.383,5.07303188453e-05,11.2241049051
0.383125,1.14793405122e-05,11.2198699443
0.38325,5.17286943512e-05,11.217721359
0.383375,4.77092596714e-05,11.2152460033
0.3835,-4.10986915553e-05,11.2122898256
0.383625,-7.4664396173e-05,11.2125252486
0.38375,-0.00010351353159,11.2169774564
0.383875,-7.13839973394e-05,11.2168150904
0.384,-8.87569868354e-05,11.2189337737
0.384125,-0.000110196568457,11.2245422838
0.38425,-0.000109368547981,11.229989336
0.384375,-0.000125084181246,11.2384316026
0.3845,-0.000119972621912,11.2458288574
0.384625,-0.000150425816375,11.2598971284
0.38475,-9.18347326854e-05,11.2624031212
0.384875,-8.5354913241e-05,11.2639739202
0.385,-3.24762253014e-05,11.260487288
0.385125,-9.06746778061e-05,11.2628205679
0.38525,-7.02956753634e-05,11.2624892085
0.385375,-7.06581825486e-05,11.2621996202
0.3855,-5.74139654825e-05,11.2605335176
0.385625,-2.09484439284e-05,11.2565471666
0.38575,2.31396282836e-05,11.2526397113
0.385875,3.79482868935e-05,11.2494689707
0.386,5.22236438732e-05,11.2473473803
0.386125,5.30106016662e-05,11.2452943418
0.38625,9.98783210623e-05,11.2490787306
0.386375,0.000121954006416,11.2568367664
0.3865,8.00313856176e-05,11.2576999892
0.386625,0.000140733049324,11.2694323659
0.38675,8.22549285419e-05,11.2705727956
0.386875,0.000106744990299,11.2754580661
0.387,0.00013061720999,11.2849096407
0.387125,0.000107215349005,11.2898456797
0.38725,6.83164312927e-05,11.289268203
0.387375,9.36534040813e-05,11.291999958
0.3875,0.000104803014491,11.2965091141
0.387625,5.38658457673e-05,11.2945039332
0.38775,8.85338697565e-05,11.2964762913
0.387875,2.69972034988e-06,11.2921392204
0.388,-2.96861129663e-05,11.2885071595
0.388125,-1.08731487922e-05,11.2842596692
0.38825,-3.48399709375e-05,11.2808976183
0.388375,-4.12051770336e-05,11.2779277244
0.3885,-3.87037329651e-05,11.2747970341
0.388625,-0.000118884399677,11.2818865514
0.38875,-5.55874020676e-05,11.280041539
0.388875,-0.000163090614944,11.297163135
0.389,-0.000119671216349,11.3043448529
0.389125,-0.000159057358398,11.3203067164
0.38925,-9.15164995545e-05,11.3226714802
0.389375,-0.000137034392176,11.3333455093
0.3895,-9.55890888486e-05,11.3362981264
0.389625,-9.34656963495e-05,11.3389257403
0.38975,-7.75911134694e-05,11.3393849127
0.389875,-2.36455148884e-05,11.3354881151
0.39,-7.01998645168e-05,11.3350794795
0.390125,-4.32575142264e-05,11.3322309866
0.39025,-1.77915625948e-05,11.3281410496
0.390375,2.87084826252e-05,11.3244574531
0.3905,1.22050764516e-05,11.3202337891
0.390625,6.11274908761e-05,11.3188847736
0.39075,2.39457105473e-06,11.3145464261
0.390875,7.03386516258e-05,11.3141724389
0.391,7.37285312855e-05,11.3141904063
0.391125,0.000137766681211,11.3250546963
0.39125,5.3562678006e-05,11.3230081421
0.391375,0.000110318652911,11.3284027899
0.3915,9.07076567647e-05,11.3306373349
0.391625,0.000121129567741,11.3380107347
0.39175,7.7437290061e-05,11.3384519034
0.391875,0.000111188752893,11.3439655123
0.392,0.000154642769181,11.3586444165
0.392125,0.000107625542028,11.3634942762
0.39225,7.30240971407e-05,11.3633810643
0.392375,7.0307301391e-05,11.3629592217
0.3925,2.53060624852e-05,11.3591245175
0.392625,8.76220354073e-05,11.3608762531
0.39275,5.76837882155e-05,11.3591746788
0.392875,-3.00352635791e-05,11.3555482916
0.393,1.51070236275e-05,11.3513867877
0.393125,-7.50222340302e-05,11.3515205527
0.39325,-3.70508638092e-05,11.3482698816
0.393375,-6.22524568631e-05,11.347012065
0.3935,-5.80625886291e-05,11.3453538391
0.393625,-0.00012717735754,11.3538809976
0.39375,-0.000111980895858,11.3594999732
0.393875,-0.000120685731143,11.3667108463
0.394,-0.00014010319754,11.377905696
0.394125,-9.3329730933e-05,11.3804468436
0.39425,-0.000113538737533,11.3862822143
0.394375,-0.000109585266861,11.3914091396
0.3945,-0.000124717530247,11.3993135711
0.394625,-9.28387978603e-05,11.4017490729
0.39475,-8.11006028076e-05,11.4025769095
0.394875,-5.00292903776e-05,11.4002020054
0.395,-8.69524339634e-05,11.4018045479
0.395125,-2.8269676444e-05,11.3980901986
0.39525,1.50892843679e-05,11.3939265045
0.395375,1.35653517905e-05,11.3897285716
0.3955,2.42944773117e-05,11.3858511705
0.395625,-1.03903823103e-06,11.381509078
0.39575,7.6435289388e-05,11.3817808776
0.395875,8.5528958613e-05,11.383214913
0.396,0.000115578488582,11.3894121209
0.396125,0.000114789186308,11.3954512238
0.39625,0.000114484251197,11.4014209728
0.396375,0.000119126962311,11.4082276956
0.3965,9.68920174403e-05,11.4112523548
0.396625,0.000109975411839,11.4163921364
0.39675,8.86335585368e-05,11.4182036648
0.396875,0.000109409012418,11.4232311325
0.397,8.89424046278e-05,11.4250758511
0.397125,8.25594425192e-05,11.4260625833
0.39725,6.32275839678e-05,11.424845661
0.397375,8.38306093149e-06,11.4205577031
0.3975,4.03672870308e-06,11.416227521
0.397625,3.91947426969e-05,11.4130888192
0.39775,-1.75603564985e-05,11.408987803
0.397875,2.67640306374e-05,11.4052073518
0.398,-5.28783128167e-05,11.4030615892
0.398125,-1.55170026803e-05,11.398907984
0.39825,-0.000123507005084,11.406555454
0.398375,-9.12243754744e-05,11.4087465373
0.3985,-0.000131902771711,11.4180460425
0.398625,-0.000136455076596,11.4282706872
0.39875,-0.000130790582391,11.4372813776
0.398875,-7.39141660338e-05,11.4371988847
0.399,-0.000133567119851,11.4467530877
0.399125,-0.000108975477604,11.4516456741
0.39925,-8.44409100973e-05,11.4528439524
0.399375,-7.50188712976e-05,11.4528740076
0.3995,-9.66449124765e-05,11.4557862607
0.399625,-4.62750214891e-05,11.453106625
0.39975,-4.0538780905e-05,11.4500410255
0.399875,-4.67846264574e-05,11.4474004688
0.4,3.25063738488e-06,11.443065749
0.400125,4.20045043959e-05,11.4400973459
0.40025,5.91919059293e-05,11.4384853894
0.400375,5.62726876552e-05,11.4366116931
0.4005,0.000138899963427,11.4472978459
0.400625,8.63577600116e-05,11.448756188
0.40075,0.000107539179985,11.4534030372
0.400875,0.000152399212417,11.467076388
0.401,0.000152521087828,11.4807218997
0.401125,0.00013058553945,11.4895312544
0.40125,0.000113687107815,11.4951403722
0.401375,0.00016648185032,11.5120835468
0.4015,0.000102484114639,11.5157877839
0.401625,0.000121156134095,11.5226777355
0.40175,7.1464628121e-05,11.5222401474
0.401875,7.36880919269e-05,11.522049653
0.402,1.96577500742e-05,11.518002366
0.402125,3.12455997591e-05,11.5144070423
0.40225,-1.33771650595e-06,11.5100654691
0.402375,3.15003736896e-06,11.5057301375
0.4025,6.66068350197e-06,11.5014212652
0.402625,-3.93763735338e-05,11.4982701418
0.40275,-2.5203634009e-05,11.4944158678
0.402875,-6.87373562862e-05,11.4937095913
0.403,-5.48948881837e-05,11.4916868086
0.403125,-5.33413214196e-05,11.4895356124
0.40325,-5.87632369116e-05,11.4878537988
0.403375,-8.9685605198e-05,11.4897094256
0.4035,-0.000120913716669,11.4966218254
0.403625,-0.000127465665466,11.5047653961
0.40375,-0.00015306554898,11.5183830791
0.403875,-0.000129843266583,11.5269314521
0.404,-8.16184416667e-05,11.5276767814
0.404125,-8.61591134201e-05,11.5290026581
0.40425,-6.74410484486e-05,11.5281328044
0.404375,-0.000112519625593,11.5334526271
0.4045,-1.88302360399e-05,11.5293802614
0.404625,-1.06307380698e-05,11.5251236395
0.40475,5.16038916379e-07,11.5207808983
0.404875,1.36215969525e-05,11.5165799613
0.405,9.92855898796e-05,11.5197823529
0.405125,2.93897370191e-05,11.5161005909
0.40525,6.67002145121e-05,11.5151649864
0.405375,4.12317352303e-05,11.5121246776
0.4055,0.000155980138814,11.5263998767
0.405625,0.000127485780713,11.5344621551
0.40575,9.8341892917e-05,11.5374915227
0.405875,6.71505815086e-05,11.5365851072
0.406,0.000161088759399,11.551985742
0.406125,9.02986929863e-05,11.5538343021
0.40625,0.00016672614753,11.5705539549
0.406375,0.000127698740139,11.5785319297
0.4065,8.33603367652e-05,11.5794339781
0.406625,0.000104177968594,11.5832783281
0.40675,3.60988286651e-05,11.579918377
0.406875,4.94399127527e-05,11.5774205019
0.407,2.48973880965e-05,11.5735458133
0.407125,4.30887760335e-05,11.5706064739
0.40725,-6.40294768052e-05,11.5693644143
0.407375,-7.67092877991e-05,11.5694726824
0.4075,-6.0574446272e-05,11.5679058325
0.407625,-5.50658102572e-05,11.5658579803
0.40775,-0.000107449518501,11.5702513396
0.407875,-0.000126596813433,11.5780187322
0.408,-9.89448902153e-05,11.5810642975
0.408125,-0.000115791318485,11.5868297322
0.40825,-9.36944356171e-05,11.5890991315
0.408375,-0.000119540403924,11.5955090285
0.4085,-8.13208038008e-05,11.5961382458
0.408625,-0.000134283151708,11.6053376318
0.40875,-0.000125013456093,11.6127095004
0.408875,-4.4936897097e-05,11.6098794236
0.409,-0.000101181569,11.6132060807
0.409125,-8.3589414416e-05,11.6140950647
0.40925,-5.32457331369e-05,11.611875342
0.409375,-2.93242432028e-05,11.6081768266
0.4095,-2.95253251167e-05,11.6044877353
0.409625,5.85018452726e-05,11.6027134315
0.40975,5.93865396994e-05,11.601018461
0.409875,6.20466860944e-05,11.5995670764
0.41,9.34076681437e-05,11.6017768598
0.410125,0.000146691985495,11.6135689374
0.41025,0.000113702219403,11.618900718
0.410375,0.000128565168068,11.6269081553
0.4105,7.91178289314e-05,11.6272378872
0.410625,9.95607834757e-05,11.6302914112
0.41075,0.000100256797359,11.6334433553
0.410875,9.59470371491e-05,11.635960302
0.411,0.000170295676967,11.6531786199
0.411125,9.61488919662e-05,11.6556932296
0.41125,8.86309093717e-05,11.6571746865
0.411375,7.0824715799e-05,11.6565505838
0.4115,0.000100346666407,11.6596707365
0.411625,4.1656422182e-05,11.6566138896
0.41175,4.82147960912e-05,11.6539950135
0.411875,2.82448609854e-05,11.6502441635
0.412,-3.3525298912e-05,11.6467360921
0.412125,-9.41897623897e-06,11.642459106
0.41225,-5.07018078527e-05,11.640028861
0.412375,-8.33019734476e-05,11.6408499723
0.4125,-0.000120551077453,11.6473128611
0.412625,-0.00010594783877,11.6513062966
0.41275,-9.94061967236e-05,11.6542961727
0.412875,-8.08493998424e-05,11.6548019021
0.413,-0.000117199172306,11.6606402102
0.413125,-8.00244276114e-05,11.6610406181
0.41325,-0.000145491401125,11.6723554089
0.413375,-0.000148911153063,11.6843709166
0.4135,-0.000113955662252,11.6895888565
0.413625,-0.000119226353623,11.6956980322
0.41375,-6.61494855311e-05,11.6945707009
0.413875,-4.83221240595e-05,11.691944441
0.414,-4.93069664615e-05,11.6893899354
0.414125,6.51990876569e-06,11.6850782863
0.41425,7.34209543691e-06,11.6807750672
0.414375,3.96134539897e-05,11.6775895438
0.4145,3.08895890136e-05,11.6739509215
0.414625,8.71528092923e-05,11.6752162443
0.41475,8.64777225913e-05,11.6763934677
0.414875,0.000102346593666,11.6797784403
0.415,9.48370387898e-05,11.6820666326
0.415125,9.25466103691e-05,11.684035299
0.41525,0.000146386770241,11.6954594976
0.415375,0.00012831782941,11.7032048461
0.4155,0.000145661564612,11.7144048553
0.415625,0.000103371879841,11.7178766594
0.41575,0.000113348411365,11.7229204651
0.415875,0.000113161976675,11.727922603
0.416,7.79863170802e-05,11.7280153794
0.416125,7.39504668438e-05,11.7276610516
0.41625,0.000138363082617,11.7372663092
0.416375,5.64474574796e-05,11.7352428285
0.4165,5.2513676152e-05,11.7329083364
0.416625,2.09268921302e-05,11.7288845778
0.41675,5.81299710728e-06,11.724566285
0.416875,-2.80041383588e-05,11.7207960052
0.417,-3.71782125838e-05,11.7174632162
0.417125,-7.95052393962e-05,11.7177414801
0.41725,-9.46310926809e-05,11.7199435068
0.417375,-0.000144529725768,11.7308445665
0.4175,-0.000119310255586,11.7368695999
0.417625,-7.92319907641e-05,11.7370957185
0.41775,-0.000108115195634,11.74125593
0.417875,-0.000144418528313,11.7520592028
0.418,-0.000138251804724,11.7615641798
0.418125,-7.5509957109e-05,11.7613477856
0.41825,-0.000116066742261,11.7667487899
0.418375,-6.43308659784e-05,11.7653978051
0.4185,-5.86549078453e-05,11.7635430644
0.418625,-6.05563705291e-05,11.7618533452
0.41875,-2.95967860165e-05,11.7581445819
0.418875,-3.26785863853e-05,11.7545754124
0.419,-7.1569970931e-06,11.7502696163
0.419125,2.90397879446e-05,11.7465388397
0.41925,6.86902429693e-05,11.7456228337
0.419375,3.59776225032e-05,11.7422204718
0.4195,0.000108620468267,11.7464501569
0.419625,4.84547447337e-05,11.7438128381
0.41975,0.000143212849369,11.7543559496
0.419875,0.000135109084157,11.7632324689
0.42,0.00012557406256,11.7702880339
0.420125,0.000130998651807,11.7783281222
0.42025,0.000125096453284,11.7852580578
0.420375,9.75664113552e-05,11.7877648486
0.4205,6.67681194302e-05,11.7866292284
0.420625,0.000126840356612,11.7938531308
0.42075,0.000113111596959,11.798695861
0.420875,7.88836464531e-05,11.7988179277
0.421,3.98055305089e-05,11.7956123212
0.421125,6.454965743e-05,11.7942617685
0.42125,5.27765212807e-05,11.7919200526
0.421375,3.50372508163e-05,11.7884597108
0.4215,-9.61193666599e-07,11.7841174308
0.421625,-4.97133681585e-05,11.7815543512
0.42175,-4.11294433846e-05,11.7784304823
0.421875,-8.60933363751e-05,11.7794303551
0.422,-8.04713817406e-05,11.7797545198
0.422125,-9.39494312283e-05,11.7817712704
0.42225,-9.41580542024e-05,11.7838133126
0.422375,-0.00012358305721,11.7904586169
0.4225,-0.000108382169204,11.7945565805
0.422625,-0.000111673319992,11.7991659843
0.42275,-0.000100586069015,11.8020797145
0.422875,-8.41802443683e-05,11.8028171922
0.423,-9.39425139121e-05,11.8047993537
0.423125,-7.35113608942e-05,11.8043287788
0.42325,-7.14428258451e-05,11.8036438276
0.423375,-4.02748825082e-05,11.8004639037
0.4235,-2.29649062852e-05,11.7964994063
0.423625,-4.55335494534e-05,11.7936454114
0.42375,2.60351875943e-05,11.7897896293
0.423875,1.79325113243e-05,11.7856780151
0.424,3.9300745725e-05,11.7824471084
0.424125,5.76219083396e-05,11.7804961155
0.42425,7.70545279756e-05,11.7804315006
0.424375,9.48236299761e-05,11.782566058
0.4245,6.77453880871e-05,11.781528932
0.424625,7.79698147387e-05,11.7815654678
0.42475,7.53094129062e-05,11.7813083422
0.424875,0.000104453039864,11.7848224545
0.425,0.000109837991489,11.7891597215
0.425125,0.000129017521194,11.7967766002
0.42525,4.31432489859e-05,11.7937703207
0.425375,7.82559397912e-05,11.7938266304
0.4255,0.000146481122256,11.8048777115
0.425625,6.08748074732e-05,11.8031905712
0.42575,0.000118144738066,11.8088465018
0.425875,7.26643554484e-05,11.8082837212
0.426,5.35604548176e-05,11.8059952421
0.426125,2.54640535628e-05,11.8021169985
0.42625,-2.77848102148e-05,11.7983278078
0.426375,-1.39052564697e-05,11.7941236854
0.4265,-4.51047075709e-05,11.7912425803
0.426625,-3.25522741581e-05,11.7876616124
0.42675,-6.44396331935e-05,11.7863063336
0.426875,-0.00010136033548,11.7893539489
0.427,-0.000114502983078,11.7944335547
0.427125,-0.000111200431674,11.7989676289
0.42725,-9.77093566763e-05,11.8014728548
0.427375,-0.000118779209155,11.8072403356
0.4275,-0.000101768362175,11.8103117266
0.427625,-0.000166029516832,11.8256610587
0.42775,-0.000122008617067,11.8319259277
0.427875,-7.3198967077e-05,11.8313986282
0.428,-0.000102388553728,11.834518989
0.428125,-4.0221369111e-05,11.8313277609
0.42825,-5.84595818191e-05,11.8294192523
0.428375,-3.04621387096e-05,11.8257377426
0.4285,1.16957626389e-05,11.8214923911
0.428625,-1.19212077107e-05,11.8172509373
0.42875,2.59168709051e-05,11.813388121
0.428875,2.93848184687e-05,11.8096629334
0.429,9.10166989392e-06,11.8053793104
0.429125,8.4214007276e-05,11.8061170025
0.42925,8.56141178536e-05,11.8070240423
0.429375,9.77199814424e-05,11.8095180717
0.4295,8.1618195817e-05,11.8099430061
0.429625,0.00016519107709,11.8250960466
0.42975,0.0001066283924,11.8288584611
0.429875,0.000105051050844,11.8323762547
0.43,0.000126296602617,11.8393813189
0.430125,9.39398093781e-05,11.841310129
0.43025,7.65178717763e-05,11.8411275182
0.430375,6.25084602112e-05,11.8395615197
0.4305,3.32540471847e-05,11.8360049596
0.430625,5.80966788825e-05,11.834063741
0.43075,3.18578984097e-05,11.8304434549
0.430875,-1.89567112715e-06,11.8261030711
0.431,-4.21641697378e-05,11.8230282303
0.431125,-2.09655136707e-05,11.8189990718
0.43125,-5.87625498386e-05,11.817122845
0.431375,-0.000112614381235,11.8218364755
0.4315,-7.88663959463e-05,11.8219328853
0.431625,-9.62107175866e-05,11.8241948188
0.43175,-0.000136923090774,11.8332118974
0.431875,-0.000105139882758,11.8367350968
0.432,-0.000125141598867,11.8435226534
0.432125,-0.000135389331502,11.852184629
0.43225,-0.000139812243263,11.8616812119
0.432375,-0.000115022552418,11.8666895612
0.4325,-0.000153382753952,11.8789423152
0.432625,-0.000153172282176,11.8911031027
0.43275,-0.000142791708393,11.9010662709
0.432875,-6.51232082401e-05,11.899696072
0.433,-6.54793496554e-05,11.898359413
0.433125,-3.96959921169e-05,11.8951219296
0.43325,-1.28679623241e-05,11.8908952482
0.433375,3.23243856778e-05,11.8872866072
0.4335,4.294344651e-05,11.8842406677
0.433625,3.01795078324e-05,11.8805387991
0.43375,7.61871606382e-05,11.8802832511
0.433875,0.000119820540834,11.8860437736
0.434,0.000127003714261,11.893035348
0.434125,0.000109931145093,11.8971735645
0.43425,0.000116635091365,11.9023674854
0.434375,8.32657140355e-05,11.9028818332
0.4345,0.000122825562975,11.9090998308
0.434625,0.000123943474908,11.9154953411
0.43475,0.000114866351042,11.9203636121
0.434875,0.000134088740451,11.9285538951
0.435,8.8551399289e-05,11.929671092
0.435125,4.87330597547e-05,11.9269821607
0.43525,0.000115240768829,11.9318860515
0.435375,4.59829268729e-05,11.929014987
0.4355,4.63522559189e-05,11.9261686462
0.435625,5.10920484272e-05,11.923645152
0.43575,1.88701813812e-05,11.9195505873
0.435875,-3.39084293146e-05,11.9160103579
0.436,-3.89796152444e-05,11.9127290169
0.436125,-8.63445754839e-05,11.9135965571
0.43625,-9.57555338291e-05,11.9156596465
0.436375,-0.000106427732687,11.9192251204
0.4365,-5.89460763287e-05,11.9173077103
0.436625,-5.91314215048e-05,11.9154066508
0.43675,-0.000156752397436,11.928202174
0.436875,-9.62666312789e-05,11.9303120579
0.437,-9.73480870925e-05,11.9325644246
0.437125,-0.00013351340241,11.9406127281
0.43725,-8.5903071259e-05,11.9413941636
0.437375,-6.54071402192e-05,11.9400222268
0.4375,-0.000116807541773,11.9451505338
0.437625,-3.66909571532e-05,11.9417419136
0.43775,-5.37348710793e-05,11.9394042692
0.437875,-1.21328068322e-05,11.9351636345
0.438,-5.00867431699e-05,11.9325656416
0.438125,3.80717394018e-05,11.9292315777
0.43825,3.20276311281e-05,11.9256031822
0.438375,2.9799409729e-05,11.9218793441
0.4385,6.26490931217e-05,11.9202744799
0.438625,0.000108198636802,11.9240964057
0.43875,5.56679859145e-05,11.9219143616
0.438875,0.000122281568558,11.9279934114
0.439,0.000119767073749,11.9336347686
0.439125,8.96266614046e-05,11.9348787518
0.43925,0.00012557849579,11.9414939292
0.439375,0.000111635594147,11.9457999655
0.4395,0.00010490263515,11.9490875155
0.439625,0.000100791516356,11.9517838578
0.43975,0.000102116735836,11.9546618882
0.439875,7.63009500008e-05,11.9543492088
0.44,0.000104759141812,11.9576009643
0.440125,1.52783915097e-05,11.9534195775
0.44025,5.26847163044e-05,11.9509991608
0.440375,1.73169266014e-05,11.9468640768
0.4405,-2.58939626241e-05,11.9429863204
0.440625,7.90610848465e-06,11.9386867832
0.44075,-7.59234176834e-05,11.9383490368
0.440875,-9.13554667157e-05,11.9398041923
0.441,-8.75547311867e-05,11.9407854439
0.441125,-0.000108398662975,11.9445989814
0.44125,-7.0242828148e-05,11.9436798837
0.441375,-6.91404026042e-05,11.9426549008
0.4415,-9.83751765642e-05,11.9450279639
0.441625,-0.000108092753507,11.9487876612
0.44175,-0.000131357135681,11.9563948405
0.441875,-9.59704129477e-05,11.9584236365
0.442,-0.000163525312248,11.9725455307
0.442125,-0.000103195768654,11.9755417011
0.44225,-8.68489738989e-05,11.9763946096
0.442375,-3.18920295231e-05,11.9727525248
0.4425,-1.48169887367e-05,11.9685609983
0.442625,-3.38686162006e-05,11.9650098995
0.44275,-2.0007624707e-06,11.9606697205
0.442875,4.69861901325e-06,11.9563420448
0.443,6.17808181631e-05,11.954640794
0.443125,6.36819402616e-05,11.9531056712
0.44325,8.13299760113e-05,11.9533431238
0.443375,9.31691578718e-05,11.9550098541
0.4435,7.60712134245e-05,11.9546726321
0.443625,9.54530875755e-05,11.9566354679
0.44375,7.8593680979e-05,11.9565665719
0.443875,0.00013889447515,11.9655584685
0.444,0.000139702715459,11.9746779098
0.444125,0.000126506984421,11.9813542045
0.44425,8.85511152834e-05,11.9824054268
0.444375,8.87029149001e-05,11.9834738383
0.4445,7.56537470126e-05,11.9830669214
0.444625,0.000126810577363,11.9897747607
0.44475,7.63541899392e-05,11.9894352213
0.444875,5.71221478693e-05,11.9873335505
0.445,7.23828205235e-05,11.9865905777
0.445125,-1.69316634076e-05,11.9824447261
0.44525,-9.70175946773e-06,11.9781665544
0.445375,-6.78118367392e-05,11.9769900952
0.4455,-7.43282413762e-05,11.9764521965
0.445625,-6.79114827062e-05,11.9752863
0.44575,-9.56136277507e-05,11.9772404112
0.445875,-4.17110715526e-05,11.9740960276
0.446,-0.000116755457947,11.9791420264
0.446125,-0.000110970775966,11.983271762
0.44625,-0.000125523217082,11.9897561368
0.446375,-7.97726180128e-05,11.9897829265
0.4465,-0.000169158454938,12.0050541336
0.446625,-0.000137023006382,12.0135457543
0.44675,-0.000108293589337,12.0172083759
0.446875,-8.25206852811e-05,12.0175118029
0.447,-9.73115718918e-05,12.0196283189
0.447125,-9.85258285199e-05,12.021903696
0.44725,-7.05357154119e-05,12.0209523125
0.447375,-1.83793195845e-05,12.0168397736
0.4475,-4.37598292495e-05,12.0138040328
0.447625,-1.77719316057e-05,12.0096768722
0.44775,3.7005686737e-05,12.0062703328
0.447875,2.10251287116e-06,12.0019304134
0.448,7.23558222923e-05,12.0011726913
0.448125,8.47466795053e-05,12.0017481443
0.44825,9.20278736162e-05,12.0032036972
0.448375,0.000139251568836,12.0121211979
0.4485,0.000145233842251,12.0221710495
0.448625,0.000136025729214,12.0304271142
0.44875,0.000114556655768,12.0350068062
0.448875,0.000148973415817,12.0457266368
0.449,0.000131647909396,12.0531221135
0.449125,0.000120299766633,12.0585666147
0.44925,7.77374054774e-05,12.0583081865
0.449375,8.45457294384e-05,12.058796413
0.4495,8.66525998076e-05,12.0595277116
0.449625,7.95281452332e-05,12.0594585916
0.44975,2.96890516975e-05,12.0557115263
0.449875,3.06226082194e-05,12.0520030689
0.45,7.77902461523e-06,12.0477011057
0.450125,2.62866862133e-05,12.0438265638
0.45025,-1.67136108595e-05,12.0396731542
0.450375,-5.74622654825e-05,12.0375721678
0.4505,-8.18367487748e-05,12.0377775698
0.450625,-0.000100407516308,12.0402793168
0.45075,-7.99703065844e-05,12.0402770145
0.450875,-0.000157393754456,12.0527240044
0.451,-0.000109383090227,12.0564750875
0.451125,-0.000153653270011,12.0680755146
0.45125,-8.65860393801e-05,12.0687882184
0.451375,-0.000178266451514,12.0858314013
0.4515,-0.000109410053746,12.08952503
0.451625,-0.000101903727405,12.0921486831
0.45175,-0.000117621344734,12.0970790562
0.451875,-8.43140458885e-05,12.0974981763
0.452,-2.55337311755e-05,12.0935921479
0.452125,-0.00010116591999,12.0961089439
0.45225,-3.04510390247e-05,12.0923875887
0.452375,-8.14755532892e-06,12.0880891844
0.4525,1.76654922411e-05,12.083955831
0.452625,1.87264122903e-05,12.0798486316
0.45275,1.97493585139e-05,12.0757681386
0.452875,0.000104442570791,12.0787661507
0.453,7.26128115613e-05,12.0779706372
0.453125,0.000148473454604,12.0884426731
0.45325,0.000163473692432,12.1020097928
0.453375,0.000112927639405,12.1061961692
0.4535,7.15663658198e-05,12.1052774989
0.453625,0.000112438179346,12.1093838168
0.45375,9.36605718798e-05,12.1108998751
0.453875,0.000119793433491,12.1161341307
0.454,9.39316845443e-05,12.1176749881
0.454125,6.97167714687e-05,12.1165730987
0.45425,6.75246112824e-05,12.1152714331
0.454375,8.42847663787e-05,12.1156673665
0.4545,5.70323184322e-05,12.1134946643
0.454625,2.32077836274e-05,12.1095113375
0.45475,-1.92443664432e-05,12.1054158983
0.454875,-2.24357994491e-05,12.1014096714
0.455,-3.90348712822e-05,12.0980868554
0.455125,-6.19213338901e-05,12.0963124425
0.45525,-4.61197755326e-05,12.093395149
0.455375,-6.63922384057e-05,12.0920080978
0.4555,-0.000129677722746,12.0989347354
0.455625,-8.97547484774e-05,12.0999855698
0.45575,-0.000112654290824,12.1041346982
0.455875,-0.000120793641303,12.1095445335
0.456,-0.000107717857889,12.112949328
0.456125,-0.000115069265087,12.1174396936
0.45625,-0.000139297071781,12.1260218833
0.456375,-0.00010008121246,12.1283425733
0.4565,-4.3207286169e-05,12.1252417358
0.456625,-4.66202719258e-05,12.1223458777
0.45675,-4.83731316369e-05,12.1195619014
0.456875,-6.89728820622e-05,12.1183898635
0.457,-2.88879546267e-05,12.1146034739
0.457125,3.22480717084e-05,12.11095468
0.45725,-3.65481113617e-05,12.1075040771
0.457375,7.72747977156e-06,12.1032010591
0.4575,5.26469339168e-05,12.1007128191
0.457625,0.000105384513624,12.1038009586
0.45775,0.000103961429371,12.106684788
0.457875,0.000125333828107,12.1128344857
0.458,9.02394506161e-05,12.1139262857
0.458125,7.71228049544e-05,12.1135526599
0.45825,0.000171087399215,12.1287102658
0.458375,9.81145703984e-05,12.1307678726
0.4585,0.000134610952463,12.1384593054
0.458625,8.99963935063e-05,12.1394901055
0.45875,0.000111593642555,12.143404848
0.458875,0.000131185522802,12.1504592255
0.459,8.20885818027e-05,12.1505752871
0.459125,8.43163665245e-05,12.1509363985
0.45925,6.37819080944e-05,12.1492856594
0.459375,-2.64368490223e-07,12.1449427608
0.4595,-1.00527193421e-05,12.1406668062
0.459625,-3.18682220718e-05,12.1369977013
0.45975,-4.76413008064e-05,12.1341618271
0.459875,-5.49513537596e-05,12.1318251171
0.46,-4.41237115181e-05,12.1287764824
0.460125,-7.47986233868e-05,12.1281545831
0.46025,-0.000112296785056,12.132195448
0.460375,-0.000138513084114,12.1405894852
0.4605,-9.9782718962e-05,12.1428483511
0.460625,-7.65682809512e-05,12.1423919191
0.46075,-0.000130922381895,12.1494033235
0.460875,-0.000133293556655,12.1568102157
0.461,-0.000124632370393,12.1627240083
0.461125,-4.37555036708e-05,12.1596448428
0.46125,-0.000107789380357,12.1629710164
0.461375,-8.83806523899e-05,12.1637815574
0.4615,-7.65672279005e-05,12.1633063393
0.461625,-3.00032834201e-05,12.1595575754
0.46175,-9.23364937217e-06,12.1552709593
0.461875,-5.45980452519e-05,12.1528989391
0.462,1.59572011658e-05,12.1487244775
0.462125,7.92839531803e-06,12.1444231657
0.46225,1.55272330688e-05,12.1402400586
0.462375,6.03188550456e-05,12.1383109231
0.4625,7.90162840662e-05,12.1381111833
0.462625,9.47652458332e-05,12.1397266514
0.46275,9.79808087096e-05,12.1417506717
0.462875,0.000118224622905,12.1466700323
0.463,0.000102214935073,12.1492447165
0.463125,9.42753902429e-05,12.1507836978
0.46325,0.000154247874189,12.162163019
0.463375,0.000127151120413,12.1684819191
0.4635,8.59231217142e-05,12.1690038318
0.463625,8.5551685714e-05,12.169483219
0.46375,9.30741501463e-05,12.1708467235
0.463875,4.07953576473e-05,12.1676003162
0.464,4.52120180394e-05,12.1646051602
0.464125,3.00300034807e-05,12.160857277
0.46425,-4.24690476328e-05,12.1577054131
0.464375,3.5968943529e-06,12.1533710194
0.4645,-3.71064537573e-05,12.1499389474
0.464625,-9.99406762064e-05,12.1522044843
0.46475,-6.52688973939e-05,12.1506798748
0.464875,-0.000106381280477,12.1538225812
0.465,-0.000116559224301,12.1584581309
0.465125,-9.96040689903e-05,12.1606664068
0.46525,-0.000112670751467,12.1647002653
0.465375,-0.000134489073547,12.1722765824
0.4655,-9.29908440077e-05,12.1736262229
0.465625,-0.000121776735276,12.1790381076
0.46575,-0.000111108771868,12.182807177
0.465875,-0.000106793593981,12.1859524197
0.466,-7.4907772381e-05,12.1852925946
0.466125,-0.000139297876492,12.1936748552
0.46625,-9.60470501566e-05,12.1953747336
0.466375,-4.01760703985e-06,12.1910423652
0.4665,-4.49903406883e-06,12.1867126966
0.466625,-3.10448012249e-05,12.1830024787
0.46675,6.16718408723e-05,12.1811580959
0.466875,5.07833300563e-05,12.178510204
0.467,4.76002230392e-05,12.1756574228
0.467125,8.00185183829e-05,12.175527038
0.46725,9.79327693523e-05,12.1774926409
0.467375,0.000114409636925,12.1817534341
0.4675,0.000104536687738,12.1845875184
0.467625,0.000107847398913,12.1878780146
0.46775,8.93944754184e-05,12.1887772616
0.467875,0.000124293223998,12.1945606509
0.468,0.000113801985247,12.1986970268
0.468125,0.000151320832244,12.2093205969
0.46825,9.63390175931e-05,12.2110353963
0.468375,0.000174251026449,12.2264712234
0.4685,3.745994842e-05,12.2230410942
0.468625,7.10552522631e-05,12.2219841333
0.46875,8.39016718398e-05,12.2222231895
0.468875,8.75232774689e-06,12.217930129
0.469,3.76946979952e-05,12.2145132945
0.469125,1.15334749038e-05,12.2102571269
0.46925,-6.96053587184e-05,12.2090767728
0.469375,-1.83036419996e-05,12.2049526535
0.4695,-6.59560644811e-05,12.2034529486
0.469625,-8.45242351679e-05,12.2037800929
0.46975,-0.00011165224732,12.2075821483
0.469875,-0.000102693153046,12.2101244887
0.47,-0.000110099580455,12.2136902397
0.470125,-0.000105496058288,12.2166030412
0.47025,-0.000130619564062,12.2233708108
0.470375,-0.000108078709922,12.2266259615
0.4705,-0.000110304791639,12.2301911172
0.470625,-9.11578308555e-05,12.2312462659
0.47075,-0.000124189116678,12.2369144553
0.470875,-4.20290011882e-05,12.2337177908
0.471,-5.03513548084e-05,12.2310211488
0.471125,-2.3510311051e-05,12.2270374055
0.47125,-3.58833498728e-05,12.2235319549
0.471375,2.39117381467e-06,12.2191927324
0.4715,5.39811906447e-05,12.2167482946
0.471625,1.7159837442e-05,12.2125973419
0.47175,4.07320686318e-05,12.2093370781
0.471875,5.90254441574e-05,12.207269087
0.472,8.91965011323e-05,12.2081219179
0.472125,0.000132529526252,12.2152388898
0.47225,8.22922246976e-05,12.2153107797
0.472375,0.00011535242925,12.2196380588
0.4725,0.000133514199406,12.2268949665
0.472625,0.000122995761754,12.2323817317
0.47275,0.00011290219046,12.2363123827
0.472875,0.000110985918194,12.2399575939
0.473,0.00011232291457,12.2437893835
0.473125,4.39327165888e-05,12.2406969169
0.47325,7.47821649543e-05,12.2399787934
0.473375,4.04898427678e-05,12.2366989695
0.4735,6.27512262822e-05,12.2349110091
0.473625,3.38283474404e-05,12.2313110403
0.47375,-1.70751360798e-05,12.2271575606
0.473875,-1.51105816931e-05,12.2229631343
0.474,-2.99122421411e-05,12.2192027137
0.474125,-9.22066850591e-05,12.2203967005
0.47425,-6.78910241337e-05,12.2190555189
0.474375,-5.85565406383e-05,12.2169465324
0.4745,-0.000111599603817,12.2207163066
0.474625,-0.000126045310659,12.2267106417
0.47475,-0.000115816491414,12.2310848625
0.474875,-0.000154210080667,12.2421691116
0.475,-0.000136940819662,12.2499651785
0.475125,-0.000131934223953,12.2568708046
0.47525,-0.000110532653447,12.2604135779
0.475375,-5.8353446019e-05,12.2582681047
0.4755,-6.14566133195e-05,12.2563637005
0.475625,-7.08867383473e-05,12.2552661899
0.47575,-7.43234944364e-05,12.2544917695
0.475875,-2.44410989035e-06,12.250152686
0.476,-2.43299665814e-05,12.2461927335
0.476125,-2.02979191381e-05,12.2421166047
0.47625,3.51404193883e-05,12.2385740536
0.476375,3.94787043302e-05,12.2352421278
0.4765,6.38541993884e-05,12.2335456341
0.476625,6.81292539968e-05,12.2322164134
0.47675,0.000103791639787,12.2348669732
0.476875,5.4198454388e-05,12.2324309518
0.477,6.59006516814e-05,12.2309085762
0.477125,0.000109167319096,12.2343039916
0.47725,0.000107352812794,12.2374386774
0.477375,0.000144490861573,12.2466227439
0.4775,9.97699473059e-05,12.2487208481
0.477625,0.000102861359084,12.25122067
0.47775,0.000108001098868,12.2544164653
0.477875,0.000115656902068,12.2587114764
0.478,2.43700146519e-05,12.2547520292
0.478125,5.97124307225e-05,12.2527130744
0.47825,1.11177118611e-05,12.2484500572
0.478375,-6.27989429034e-06,12.2441326394
0.4785,3.23495764344e-05,12.2404676974
0.478625,1.55511314743e-05,12.236281576
0.47875,-9.77402469439e-06,12.2320006405
0.478875,-4.41036969343e-05,12.2289213498
0.479,-0.000100204993918,12.2311022232
0.479125,-6.89642488274e-05,12.2298490387
0.47925,-0.000100087078741,12.2320131898
0.479375,-6.58692277712e-05,12.2304883969
0.4795,-0.000109903432043,12.233989187
0.479625,-9.32863955444e-05,12.2352942692
0.47975,-9.69626565442e-05,12.2370511306
0.479875,-0.000104677105749,12.2398135193
0.48,-0.000131682283027,12.2467024715
0.480125,-0.000110389812991,12.2502433156
0.48025,-0.000120879129707,12.255344187
0.480375,-4.48838652119e-05,12.2523029768
0.4805,-0.000105034779024,12.2550889061
0.480625,-6.28380973763e-05,12.2532971999
0.48075,-3.80216003133e-05,12.2498888552
0.480875,-4.09839220521e-06,12.2455567791
0.481,1.79551146865e-06,12.2412159225
0.481125,3.49572352322e-05,12.2376652134
0.48125,6.87039514347e-05,12.2363841283
0.481375,5.29861776085e-05,12.2338631364
0.4815,8.8808524606e-05,12.234639467
0.481625,0.000106425306374,12.2376450422
0.48175,0.000107599263088,12.2408082987
0.481875,0.000149414526097,12.2509172059
0.482,6.29812187575e-05,12.2491395933
0.482125,0.000121193226571,12.2542919633
0.48225,7.62106067254e-05,12.253701819
0.482375,0.000100120082522,12.2558346212
0.4825,6.73080124735e-05,12.2544181541
0.482625,0.000106097477715,12.2573454071
0.48275,0.00011775291444,12.2619499852
0.482875,5.79058573559e-05,12.2597701739
0.483,4.04537410118e-05,12.2564836306
0.483125,9.93665269669e-05,12.2585153098
0.48325,6.06456221402e-05,12.2565468538
0.483375,-4.50581555894e-05,12.2535154082
0.4835,-1.78139544293e-05,12.249377627
0.483625,-2.58809870885e-05,12.2454681369
0.48375,-6.77670832801e-05,12.2440987991
0.483875,-6.3028175704e-05,12.2423290476
0.484,-0.000129056300104,12.2487688085
0.484125,-6.50186484279e-05,12.2471611558
0.48425,-8.79483605453e-05,12.2478235163
0.484375,-0.000175380823832,12.2633474494
0.4845,-9.31233641132e-05,12.2645949254
0.484625,-8.38194479154e-05,12.2647803844
0.48475,-6.22356737184e-05,12.2629344329
0.484875,-0.000119677304777,12.2678216656
0.485,-3.90618845902e-05,12.2644618634
0.485125,-6.52573020818e-05,12.2628643857
0.48525,-7.89293865785e-05,12.2625387165
0.485375,-2.79070076574e-05,12.2586982172
0.4855,-6.80555248815e-05,12.2573451192
0.485625,-3.92232746155e-05,12.2539958508
0.48575,5.255627127e-05,12.251438167
0.485875,5.62938914769e-05,12.2491445798
0.486,5.87015827604e-05,12.2470311745
0.486125,2.71501576943e-05,12.2431654942
0.48625,4.34732820159e-05,12.2400471898
0.486375,7.40655009106e-05,12.2392604834
0.4865,9.89560938048e-05,12.2412647523
0.486625,0.000123528627269,12.246804062
0.48675,0.000125452066669,12.252640177
0.486875,0.000116895035786,12.2571245378
0.487,0.000161779285178,12.2696560908
0.487125,0.000144160073401,12.2786790212
0.48725,7.73260648669e-05,12.2781778635
0.487375,0.000125956402966,12.2840221165
0.4875,6.45639309974e-05,12.2823545514
0.487625,3.27320002377e-05,12.2786996514
0.48775,6.00797133802e-05,12.2766762966
0.487875,5.5223075978e-05,12.2742940782
0.488,5.89729532221e-06,12.2699735112
0.488125,-3.1110314692e-05,12.2662539017
0.48825,-1.27306326961e-05,12.2620154315
0.488375,-5.4682794732e-05,12.259601543
0.4885,-7.71149324832e-06,12.2552969915
0.488625,-4.99950687577e-05,12.2525690945
0.48875,-6.66583576593e-05,12.2510985843
0.488875,-0.000134195350862,12.2583895239
0.489,-0.000102256113305,12.2607940913
0.489125,-9.05878317466e-05,12.2617445756
0.48925,-0.000133005085382,12.2688023791
0.489375,-8.71771648199e-05,12.2693529618
0.4895,-7.31861518474e-05,12.2684590039
0.489625,-0.000117258340778,12.2729660027
0.48975,-0.000115998747273,12.2772751036
0.489875,-8.39076985758e-05,12.2774568749
0.49,-7.27081507163e-05,12.2765116854
0.490125,-3.48860740175e-05,12.2729513686
0.49025,-4.55970722717e-05,12.2699464153
0.490375,8.38711487948e-06,12.2656487779
0.4905,-1.87485507758e-05,12.2615324544
0.490625,5.62542367427e-05,12.2592312316
0.49075,4.10970440508e-05,12.2559786847
0.490875,4.36056846057e-05,12.2528642208
0.491,6.44637226952e-05,12.2512075574
0.491125,8.91901030253e-05,12.2520073802
0.49125,0.000123097887518,12.2574537523
0.491375,0.00010830166467,12.2606806671
0.4915,0.000158372665718,12.2724971379
0.491625,0.000105622729451,12.2753296196
0.49175,0.000160991568626,12.2876277915
0.491875,0.000108489215391,12.2908283765
0.492,0.000122878404922,12.2961532015
0.492125,8.8512065988e-05,12.2968230575
0.49225,4.80096265562e-05,12.2939552827
0.492375,6.4762479739e-05,12.2922980448
0.4925,3.62699513001e-05,12.2887979755
0.492625,4.61572110537e-05,12.2858210993
0.49275,-9.60159274078e-06,12.2815373165
0.492875,3.41326076279e-05,12.277942695
0.493,-5.60051178403e-05,12.2756158027
0.493125,-3.31636385388e-05,12.2719802641
0.49325,-9.45263090647e-05,12.2733859101
0.493375,-0.000128549557677,12.2796651256
0.4935,-3.87343272624e-05,12.2762862735
0.493625,-0.000112905437595,12.2801342539
0.49375,-0.000106619297953,12.2830898277
0.493875,-0.000107850178393,12.2862096699
0.494,-7.97341615097e-05,12.2859443332
0.494125,-0.000125944324287,12.2917684581
0.49425,-9.12719249153e-05,12.2927609781
0.494375,-9.60603991129e-05,12.2943262812
0.4945,-0.000105162571447,12.2970607949
0.494625,-6.57455289553e-05,12.295483706
0.49475,-0.000117991493304,12.3000460737
0.494875,-1.93758740662e-05,12.2959432595
0.495,-0.000109835498116,12.2993172827
0.495125,-1.23807401519e-05,12.2950723993
0.49525,2.90169717649e-06,12.2907348463
0.495375,1.7366691894e-05,12.2865852285
0.4955,5.86195386802e-06,12.2822643316
0.495625,3.84227450549e-05,12.2788694655
0.49575,9.20234911143e-05,12.2799662831
0.495875,0.000102075249719,12.2823137247
0.496,6.25544429615e-05,12.2804832494
0.496125,9.92557855714e-05,12.2824657121
0.49625,0.000141532273563,12.2909686345
0.496375,0.000153525942426,12.3017075133
0.4965,0.000130231010447,12.3081953029
0.496625,0.000123337664352,12.3135536202
0.49675,0.000147373892636,12.3230379213
0.496875,0.000109267274871,12.3262849169
0.497,6.41137604964e-05,12.3245546439
0.497125,7.62053457478e-05,12.323903789
0.49725,2.94936468067e-05,12.3201141693
0.497375,3.68267435494e-05,12.3166346275
0.4975,-3.06110575647e-06,12.3122976535
0.497625,-1.8620729555e-05,12.3081758623
0.49775,-4.20556595187e-05,12.3049619757
0.497875,-5.93313757385e-05,12.3028675765
0.498,-3.71308299958e-05,12.2994058428
0.498125,-6.2284787333e-05,12.2975439782
0.49825,-5.9611632067e-05,12.2954747452
0.498375,-7.77234537214e-05,12.2949981833
0.4985,-0.000133362410906,12.3020299315
0.498625,-8.67927497853e-05,12.3025005278
0.49875,-0.000139784023927,12.310630921
0.498875,-9.99577140549e-05,12.3126587538
0.499,-0.000119019625769,12.3173411045
0.499125,-8.9023897994e-05,12.3180444037
0.49925,-0.000126967467399,12.3239581912
0.499375,-0.000119947815497,12.3287579184
0.4995,-5.05765233474e-05,12.3260400821
0.499625,-5.1885472484e-05,12.3234085055
0.49975,-4.9050600161e-05,12.3205959882
0.499875,-3.91081724512e-05,12.3172266158
0.5,-6.49998265367e-06,12.3129105889
0.500125,-2.33683557623e-05,12.3089158926
0.50025,3.61216945016e-05,12.305405755
0.500375,6.02825241515e-05,12.3033837705
0.5005,9.00687229758e-05,12.3042227611
0.500625,9.80079706914e-05,12.3060136963
0.50075,0.000120375563803,12.3109167624
0.500875,9.05062034964e-05,12.3117971217
0.501,0.000140283776634,12.3199899099
0.501125,0.000149598971846,12.3298731421
0.50125,0.000135642330348,12.3372026172
0.501375,0.000135469343257,12.3444827728
0.5015,0.000102831464811,12.3468295908
0.501625,0.000104396536551,12.3493777072
0.50175,0.000135450960763,12.3566222263
0.501875,7.9074698327e-05,12.356225281
0.502,9.41381769316e-05,12.3574743842
0.502125,2.72179990076e-05,12.3535990486
0.50225,4.53508043109e-05,12.3505553355
0.502375,4.59394287108e-06,12.3462257338
0.5025,8.94071418629e-06,12.3419333785
0.502625,-2.98625565299e-05,12.3381553367
0.50275,-5.66310734397e-05,12.3358453755
0.502875,-7.59773852729e-05,12.3351629491
0.503,-8.16289998973e-05,12.3350457449
0.503125,-0.000102906148829,12.3374168384
0.50325,-9.79846918391e-05,12.3391582131
0.503375,-8.83253015247e-05,12.3397577921
0.5035,-0.000101737922727,12.3419703141
0.503625,-0.000111711745856,12.3455259152
0.50375,-0.000120797810888,12.3504096535
0.503875,-0.000128409459853,12.3564796592
0.504,-7.83479411626e-05,12.3560106731
0.504125,-0.000103345692088,12.3584066155
0.50425,-5.55278295891e-05,12.3560091425
0.504375,-6.70955381379e-05,12.3545079469
0.5045,-3.73447682236e-05,12.3510458607
0.504625,-1.11698639456e-05,12.3467817889
0.50475,-8.48177247352e-06,12.3424843674
0.504875,1.0455245875e-05,12.3382106628
0.505,0.000102740382497,12.3405552882
0.505125,8.28767145116e-05,12.3405627862
0.50525,8.32784387347e-05,12.3406125329
0.505375,0.000127036058017,12.3464842363
0.5055,0.000118015690891,12.3509463499
0.505625,0.000121746233192,12.3559637062
0.50575,0.000170095686225,12.3698521532
0.505875,0.000137213062159,12.3773438556
0.506,9.96706088425e-05,12.3792386813
0.506125,0.000101370015222,12.3813450596
0.50625,0.000102417801471,12.3835821593
0.506375,0.000148521163915,12.3930579669
0.5065,8.86117139134e-05,12.3936283107
0.506625,6.53192257306e-05,12.3919554639
0.50675,3.59634796884e-05,12.3884224143
0.506875,5.36141634062e-05,12.3858806957
0.507,6.06330692575e-05,12.3838426784
0.507125,1.08204516097e-05,12.3795731924
0.50725,-6.5732289556e-05,12.3779429743
0.507375,-7.41754631168e-06,12.3736345968
0.5075,-5.46875893755e-05,12.371172101
0.507625,-1.11785132609e-05,12.3669077862
0.50775,-4.35756898232e-05,12.363760699
0.507875,-0.000109063290192,12.3669088955
0.508,-8.33306684054e-05,12.3669375639
0.508125,-0.000132888195661,12.3737033637
0.50825,-0.000120451518808,12.3784750668
0.508375,-0.000124512350748,12.3838603187
0.5085,-0.000111202154725,12.387269025
0.508625,-0.00011866732202,12.3917454149
0.50875,-8.55812075445e-05,12.3919869969
0.508875,-8.23365173104e-05,12.3918874678
0.509,-0.000101619729587,12.3940068012
0.509125,-6.97917571797e-05,12.392711728
0.50925,-5.19440129197e-05,12.390057889
0.509375,3.55530554832e-06,12.3857228635
0.5095,-2.11356276704e-05,12.3816600654
0.509625,1.54359287109e-05,12.3774666868
0.50975,-5.87866456465e-06,12.3731454565
0.509875,8.35433982638e-05,12.3731901601
0.51,0.000108200884593,12.3762044765
0.510125,7.91714611083e-05,12.3757994023
0.51025,0.000103443135949,12.3781773789
0.510375,8.92476878175e-05,12.3788355579
0.5105,0.000120229538646,12.3835630184
0.510625,6.97555476041e-05,12.3822721125
0.51075,0.000134978308882,12.3893492993
0.510875,0.000116405402256,12.3934889475
0.511,0.000150698245034,12.4033398162
0.511125,0.000106292506214,12.4060480253
0.51125,8.9188146326e-05,12.4066676066
0.511375,6.87721614606e-05,12.4052755484
0.5115,7.09198172621e-05,12.4040716098
0.511625,6.65789037721e-05,12.4024960478
0.51175,6.09166291206e-05,12.4004707522
0.511875,6.39508914966e-05,12.398683213
0.512,-5.23817379881e-05,12.3960555963
0.512125,-5.69978328772e-05,12.3937447792
0.51225,-9.56254843234e-05,12.3951222588
0.512375,-4.83510905801e-05,12.3922420591
0.5125,-0.000107661549098,12.395151416
0.512625,-9.08494251042e-05,12.3959704069
0.51275,-4.88884779804e-05,12.393122605
0.512875,-8.98623899586e-05,12.3938324646
0.513,-0.000129920864595,12.4000428195
0.513125,-0.000143117823265,12.4084844193
0.51325,-0.00014195954961,12.4166958293
0.513375,-7.91415052817e-05,12.4162512772
0.5135,-7.69636936439e-05,12.4155955926
0.513625,-0.000108505408432,12.4185795147
0.51375,-8.51895384147e-05,12.4187512845
0.513875,-4.31656087044e-05,12.4155678754
0.514,-9.06646579049e-05,12.4163418064
0.514125,-3.06918793446e-05,12.4125854385
0.51425,-4.66606636843e-06,12.4082560638
0.514375,4.50958215093e-05,12.40518172
0.5145,1.74826073518e-05,12.4010295962
0.514625,4.48947277711e-05,12.3979460588
0.51475,0.0001021704582,12.400126474
0.514875,8.05729410005e-05,12.39983959
0.515,0.000120061663881,12.4044981701
0.515125,0.000138163907672,12.4120590235
0.51525,6.69821343182e-05,12.4105119279
0.515375,0.000133154717248,12.4172110706
0.5155,0.000121103895231,12.4219899234
0.515625,0.000126952475894,12.4276590547
0.51575,0.000151783522004,12.4376020997
0.515875,0.000156466952343,12.4484041471
0.516,0.000105329441243,12.4509138428
0.516125,5.32858628391e-05,12.4483247237
0.51625,7.25530306596e-05,12.4472345797
0.516375,7.61037796444e-05,12.4464713749
0.5165,3.44314261748e-05,12.4428615376
0.516625,7.5193058531e-06,12.4385535881
0.51675,-5.65159001907e-05,12.4361891088
0.516875,-2.09063781362e-05,12.4321171
0.517,-6.85842278517e-05,12.4306917998
0.517125,-6.0220075227e-05,12.428599165
0.51725,-6.53587970785e-05,12.4269081198
0.517375,-0.000139058214095,12.4345613838
0.5175,-9.62577975939e-05,12.4359605298
0.517625,-9.1470690518e-05,12.4368014076
0.51775,-0.000121383473248,12.4415811807
0.517875,-0.000148967577348,12.4509559205
0.518,-0.000135361058622,12.4579179091
0.518125,-0.000108102920578,12.4607771512
0.51825,-0.000131147617858,12.4670232082
0.518375,-0.000104459012156,12.4693913894
0.5185,-7.83428730732e-05,12.4688225378
0.518625,-6.03787025363e-05,12.4667220011
0.51875,-4.5091417534e-05,12.4636304515
0.518875,-4.19980743174e-05,12.4603738895
0.519,-8.39917344046e-05,12.4603776464
0.519125,5.43744212769e-05,12.4578569262
0.51925,2.06896399281e-05,12.4537780084
0.519375,6.00983542602e-05,12.4516644091
0.5195,6.93683155414e-05,12.4502927797
0.519625,7.67986891738e-05,12.4495926545
0.51975,8.30715272101e-05,12.4495122987
0.519875,9.90135914566e-05,12.4512238378
0.52,0.00014682847772,12.4601785351
0.520125,0.000102048706776,12.4622509031
0.52025,9.58945536264e-05,12.4635706265
0.520375,9.11229752995e-05,12.464339608
0.5205,8.72628673456e-05,12.464684064
0.520625,8.184485511e-05,12.464464464
0.52075,7.27870431544e-05,12.4633831898
0.520875,5.14718766203e-05,12.4606720249
0.521,5.93983106761e-05,12.4585033515
0.521125,5.33533635225e-05,12.4559156082
0.52125,4.6883167486e-05,12.4529288393
0.521375,-3.36774180524e-05,12.4492862058
0.5215,-5.7040520625e-05,12.4469536463
0.521625,-4.45935968676e-05,12.4438402046
0.52175,-8.27249257027e-05,12.4437299705
0.521875,-6.03660686631e-05,12.4416414805
0.522,-0.000106675993225,12.4443383093
0.522125,-7.9697049633e-05,12.4439235837
0.52225,-0.00011671999377,12.4480027015
0.522375,-0.000124026993157,12.4531592094
0.5225,-0.000137769747685,12.4605206319
0.522625,-0.000123902296452,12.4656308119
0.52275,-0.000146774743854,12.4745318526
0.522875,-0.000112425219919,12.4779483011
0.523,-0.000114312125338,12.4816208525
0.523125,-8.74165475165e-05,12.4819631539
0.52325,-9.93020773476e-05,12.4836646979
0.523375,-7.7427255204e-05,12.4829960903
0.5235,-4.14075102424e-05,12.4797044961
0.523625,-5.94392684468e-05,12.477529303
0.52375,4.90099389571e-05,12.4746609885
0.523875,1.10127483521e-05,12.470392562
0.524,3.34814628239e-07,12.4660496861
0.524125,4.36125079811e-05,12.4628775882
0.52425,4.90967608964e-05,12.4600195022
0.524375,1.802339067e-05,12.4558768212
0.5245,7.88782561735e-05,12.4553716248
0.524625,0.000151556454942,12.4651815775
0.52475,0.000116141514901,12.4691368217
0.524875,0.000153603566504,12.4792851199
0.525,0.000100751471052,12.4811681079
0.525125,0.000143860539959,12.4895038407
0.52525,8.60439960618e-05,12.489692017
0.525375,0.000142279445552,12.4977267046
0.5255,6.4684265325e-05,12.4959402156
0.525625,6.03857194014e-05,12.4938262422
0.52575,7.93758287669e-05,12.4933357984
0.525875,2.72461969325e-05,12.4894470012
0.526,7.16570627063e-06,12.4851354986
0.526125,-2.43665652774e-05,12.4811564674
0.52625,-3.83753979822e-05,12.4777169359
0.526375,-2.3306117835e-06,12.4733773261
0.5265,-3.7416368298e-05,12.4698947488
0.526625,-2.38504984065e-05,12.4659016923
0.52675,-6.77708365641e-05,12.4643855513
0.526875,-9.92126246153e-05,12.4661006706
0.527,-8.21667442654e-05,12.4659121978
0.527125,-9.76628803934e-05,12.4674376011
0.52725,-8.17102990086e-05,12.4672018572
0.527375,-0.000133643288787,12.4738380073
0.5275,-0.000151330342319,12.4835460541
0.527625,-0.000105789932084,12.4860600858
0.52775,-0.00011943342859,12.4904498817
0.527875,-8.69956689106e-05,12.4907377814
0.528,-9.37965180622e-05,12.4917771873
0.528125,-4.43428766528e-05,12.4886374799
0.52825,-2.95454795287e-05,12.4848291402
0.528375,-2.46220755299e-05,12.480857807
0.5285,2.20102556606e-05,12.4768120911
0.528625,1.9073595662e-06,12.4724713805
0.52875,8.30520333097e-06,12.4681708383
0.528875,5.72915307373e-05,12.4658472095
0.529,6.47666072197e-05,12.4640861084
0.529125,6.34496077462e-05,12.4622221081
0.52925,0.000110208067316,12.4653569333
0.529375,8.54008654608e-05,12.4655025367
0.5295,0.000104799175973,12.4679168274
0.529625,0.00013600318968,12.4749417624
0.52975,0.00011681860777,12.4789751225
0.529875,0.000137968234143,12.4863007743
0.53,0.000118332258931,12.4905299652
0.530125,8.55028163599e-05,12.4906602959
0.53025,6.28985863293e-05,12.4887385817
0.530375,9.33338803202e-05,12.4897275081
0.5305,6.34582620625e-05,12.4878495911
0.530625,7.16913051312e-05,12.4866539027
0.53075,-1.67691499503e-05,12.4824832595
0.530875,-2.44681191578e-05,12.4785074922
0.531,-1.89361768076e-05,12.4743846698
0.531125,-6.0229838592e-05,12.472270237
0.53125,-0.000100268583894,12.4741036915
0.531375,-5.6922333579e-05,12.4717514062
0.5315,-3.96383746548e-05,12.4683744004
0.531625,-0.000106162610558,12.4709609365
0.53175,-0.00010731511014,12.4736944064
0.531875,-0.000144710974455,12.4822023241
0.532,-0.000142420271009,12.4902828673
0.532125,-0.000147569706602,12.499251878
0.53225,-0.000148268203437,12.5083193309
0.532375,-0.000140949739324,12.5160721465
0.5325,-9.37097140072e-05,12.5170703718
0.532625,-7.26707422849e-05,12.5159395563
0.53275,-7.89875575468e-05,12.5153921649
0.532875,-7.19323645374e-05,12.5141976463
0.533,-4.05520037529e-05,12.5108558449
0.533125,4.46618161507e-06,12.5065250543
0.53325,-1.32525938705e-05,12.5022892331
0.533375,-1.81143975126e-06,12.4979482917
0.5335,3.35056611794e-06,12.4936122078
0.533625,7.26910445033e-05,12.492500587
0.53375,1.63828680504e-05,12.4883218762
0.533875,7.46149930135e-05,12.4873876492
0.534,9.66288335288e-05,12.4887612061
0.534125,0.000109234450822,12.4917198857
0.53425,0.000120674793598,12.4962803715
0.534375,0.000103728366546,12.4985106717
0.5345,0.00016198530683,12.5101721931
0.534625,8.55457583631e-05,12.5102868199
0.53475,0.000118694819212,12.5145211119
0.534875,8.83508991093e-05,12.5149279505
0.535,0.000122614246673,12.519727682
0.535125,5.21507697878e-05,12.5170382497
0.53525,6.02337442413e-05,12.5149023287
0.535375,2.3333630595e-05,12.5108908196
0.5355,1.97245615505e-05,12.5067849332
0.535625,7.84400004789e-06,12.5024795147
0.53575,-1.51720772596e-05,12.4982771023
0.535875,-3.97132520027e-05,12.4948978456
0.536,-4.32472019189e-05,12.4916985966
0.536125,-4.20401467634e-05,12.4884372003
0.53625,-0.000114239701542,12.4920803146
0.536375,-0.000119441876546,12.4964592581
0.5365,-0.000126494250639,12.5018875263
0.536625,-0.000132895721191,12.5083150871
0.53675,-0.000100157208467,12.5100839372
0.536875,-0.000119641178815,12.5144558169
0.537,-0.000129257626628,12.5202730228
0.537125,-0.00017856314238,12.5352733661
0.53725,-9.12174705214e-05,12.5359691182
0.537375,-0.000129958373663,12.5418459645
0.5375,-7.2787378602e-05,12.5407071401
0.537625,-0.000107041400063,12.5432925142
0.53775,-5.65651325778e-05,12.5408842671
0.537875,-4.88876618088e-05,12.5379873589
0.538,-3.54121996752e-05,12.5344037092
0.538125,-6.2634745943e-06,12.5300845399
0.53825,3.95119425608e-05,12.5266885787
0.538375,5.79631688255e-05,12.5243849046
0.5385,5.53709206135e-05,12.5219039328
0.538625,7.63470087384e-05,12.5211022501
0.53875,7.31255812555e-05,12.5200087372
0.538875,9.97311026406e-05,12.5217094469
0.539,0.000145786857172,12.5302656841
0.539125,0.000138017648831,12.5374627719
0.53925,0.000116461159196,12.5413261206
0.539375,0.00010042526408,12.5430812106
0.5395,0.000149571550952,12.5522482762
0.539625,0.000133531173497,12.5586537471
0.53975,9.01455874285e-05,12.5592054372
0.539875,0.000104538174026,12.561442732
0.54,7.37894628767e-05,12.5603778856
0.540125,4.87306945482e-05,12.5574652746
0.54025,8.30614419434e-05,12.5572793871
0.540375,2.5243292164e-06,12.5529402838
0.5405,-5.83807563361e-06,12.5486179067
0.540625,-4.96872906526e-05,12.5457660242
0.54075,-8.06516690414e-05,12.5453531023
0.540875,-7.91780355785e-05,12.544798299
0.541,-9.81479559173e-05,12.5462754902
0.541125,-0.00010949480484,12.5491725512
0.54125,-6.80001306453e-05,12.5476215338
0.541375,-0.000107546879407,12.5502613274
0.5415,-8.6351401988e-05,12.5504185545
0.541625,-0.000122036801425,12.5550588295
0.54175,-0.000108866274578,12.5578586296
0.541875,-0.000124433577343,12.5628388751
0.542,-0.000117333189669,12.566776977
0.542125,-0.000136285873559,12.5735925735
0.54225,-3.62145472895e-05,12.5700372346
0.542375,-3.64910954319e-05,12.5664946243
0.5425,-5.64370370661e-05,12.5640673669
0.542625,-7.87924541998e-05,12.563459651
0.54275,8.31006295656e-06,12.5591582783
0.542875,-3.88080600809e-06,12.554824409
0.543,8.40951984413e-06,12.550524122
0.543125,5.97363118746e-05,12.5483352391
0.54325,2.0446229707e-05,12.5442448294
0.543375,6.82429298646e-05,12.54271697
0.5435,8.76252180772e-05,12.5430159264
0.543625,0.000106909540929,12.545580585
0.54375,9.36447066873e-05,12.5465353112
0.543875,0.000119147618899,12.5507633382
0.544,0.000112165565017,12.5540097459
0.544125,0.00010627480575,12.5564754458
0.54425,0.000128480227174,12.5620743999
0.544375,0.00011238374264,12.5653305351
0.5445,8.9356600111e-05,12.565789584
0.544625,0.000106795518134,12.5683035056
0.54475,5.67257895745e-05,12.565895091
0.544875,6.07198930967e-05,12.5637698476
0.545,7.75820805066e-05,12.5630485509
0.545125,5.12924318165e-05,12.5602892736
0.54525,-1.11318581332e-05,12.5560209813
0.545375,-1.33671325898e-05,12.5517857848
0.5455,-2.40391926698e-05,12.547791647
0.545625,-8.13227061229e-05,12.5474425017
0.54575,-9.64107032043e-05,12.5487121954
0.545875,-0.000105721387523,12.5511154414
0.546,-0.000162176552754,12.562621916
0.546125,-0.000105694458539,12.5650001837
0.54625,-0.000132842262645,12.5712640186
0.546375,-0.000119934239318,12.5755562186
0.5465,-9.93693812801e-05,12.5771369977
0.546625,-0.000114004437144,12.580586639
0.54675,-8.80922701279e-05,12.5808944749
0.546875,-7.09054789274e-05,12.579564959
0.547,-0.000102670068577,12.5815396817
0.547125,-4.71165744564e-05,12.5785274009
0.54725,-6.9226436416e-05,12.5770584708
0.547375,-2.10271723508e-05,12.5729808546
0.5475,-1.93865168916e-05,12.5688636618
0.547625,-4.38368185125e-05,12.5656759655
0.54775,-2.50987237657e-05,12.5617120373
0.547875,-2.4813212341e-05,12.5577398737
0.548,4.004322778e-05,12.5543633743
0.548125,6.43337033399e-05,12.5525165034
0.54825,8.41955750482e-05,12.5524497244
0.548375,0.000110391530744,12.5554553109
0.5485,0.000107450947713,12.5580701113
0.548625,0.000146718345422,12.5666827022
0.54875,0.000117254000747,12.5706023314
0.548875,0.000143243160582,12.5785737843
0.549,0.00015356010451,12.5883540864
0.549125,0.000104990952474,12.590604097
0.54925,9.42741077032e-05,12.5915748912
0.549375,0.000118655589027,12.5956447294
0.5495,0.000101910175644,12.5975033595
0.549625,2.55231216841e-05,12.593549495
0.54975,-1.18525416527e-05,12.5892905359
0.549875,5.68765335532e-06,12.5849669499
0.55,-3.48626524207e-05,12.5813520015
0.550125,-5.2878811456e-05,12.5786851023
0.55025,-4.95608538066e-05,12.5758154089
0.550375,-1.15914035851e-05,12.5715531185
0.5505,-6.11866311425e-05,12.5694591599
0.550625,-6.444514463e-05,12.567612253
0.55075,-5.67728074364e-05,12.5652073542
0.550875,-0.000135831169728,12.5719527127
0.551,-0.000144537527468,12.5801435061
0.551125,-0.000143115164359,12.5880660547
0.55125,-0.000128034604839,12.5935247654
0.551375,-0.000138712855056,12.6006699124
0.5515,-0.000113759462184,12.6040442365
0.551625,-0.000113045082355,12.6073161112
0.55175,-9.8067175845e-05,12.6087007416
0.551875,-6.28868596525e-05,12.6067132444
0.552,-7.89646306469e-05,12.6060852209
0.552125,-4.78775077568e-05,12.6031085183
0.55225,5.88761854823e-06,12.5987862515
0.552375,-1.73617646341e-05,12.5946232939
0.5525,-4.24036594538e-05,12.5913549126
0.552625,5.02641108503e-05,12.5885229052
0.55275,6.42068517793e-05,12.58664673
0.552875,4.4620580137e-05,12.5834958164
0.553,6.08058950479e-05,12.5813678654
0.553125,8.20524516522e-05,12.5810593868
0.55325,0.000110807741688,12.5840718697
0.553375,0.000121884529005,12.5886206659
0.5535,0.00011326197759,12.5919489348
0.553625,7.24972913632e-05,12.5907481842
0.55375,8.43806949836e-05,12.5906625955
0.553875,0.000103834660785,12.5927648689
0.554,0.000145142800933,12.6010003681
0.554125,8.21230795091e-05,12.600680615
0.55425,0.000103782786383,12.6027616304
0.554375,7.22245671119e-05,12.6015295398
0.5545,3.65634898838e-05,12.5979843029
0.554625,3.08684879286e-05,12.5942104014
0.55475,-2.66907464536e-06,12.589871715
0.554875,-1.60173880182e-05,12.5856822778
0.555,-5.1025354418e-05,12.5828984092
0.555125,-6.9569673818e-05,12.5814551212
0.55525,-6.50769292085e-05,12.5796503607
0.555375,-8.06396942298e-05,12.5792057518
0.5555,-7.97657639871e-05,12.5786775318
0.555625,-0.000114634155084,12.5822106275
0.55575,-8.20800487763e-05,12.581904079
0.555875,-0.000124329185996,12.586817369
0.556,-0.000125708972983,12.5919263352
0.556125,-8.9174865751e-05,12.5923366998
0.55625,-9.55193701663e-05,12.5934465359
0.556375,-0.000132999937707,12.5996662066
0.5565,-9.01300814089e-05,12.6001702506
0.556625,-5.10612153443e-05,12.5973833751
0.55675,-2.9003140437e-05,12.5935428516
0.556875,-2.94854068667e-05,12.589719634
0.557,-2.32276222247e-05,12.585699511
0.557125,1.10935779355e-05,12.5814302736
0.55725,-2.52688491018e-05,12.5774701097
0.557375,2.50846602508e-05,12.5735047301
0.5575,6.76583247349e-05,12.5719102873
0.557625,0.000110870237928,12.5749465786
0.55775,0.000123550335291,12.5797590234
0.557875,0.000138081520817,12.5868360649
0.558,0.000103333771135,12.5888819739
0.558125,0.00011828848442,12.5929050675
0.55825,0.000142791626848,12.6007365236
0.558375,0.000113085779667,12.6040196783
0.5585,5.69684217795e-05,12.6016118678
0.558625,0.00011669974469,12.6053881389
0.55875,8.42023961771e-05,12.6052703262
0.558875,0.000107930778249,12.6078673583
0.559,6.00273511166e-05,12.605670987
0.559125,4.06570694282e-05,12.6023134075
0.55925,4.99451063873e-05,12.5994585267
0.559375,1.77678804221e-05,12.5953040585
0.5595,6.02797199063e-07,12.5909613308
0.559625,1.06334678887e-05,12.5866860242
0.55975,-1.42483455721e-05,12.5824646408
0.559875,-7.65963804163e-05,12.5816367803
0.56,-4.08137562414e-05,12.5782923192
0.560125,-8.17095605136e-05,12.5779530401
0.56025,-0.000124228960904,12.5828598309
0.560375,-0.000115850077476,12.5865530038
0.5605,-7.52857170054e-05,12.5856027298
0.560625,-0.000127297702132,12.590954555
0.56075,-0.00012798014464,12.5963984344
0.560875,-0.000124528386447,12.6013104706
0.561,-0.000138358096209,12.6083765636
0.561125,-8.44016007594e-05,12.6082758376
0.56125,-6.7048589289e-05,12.6066105766
0.561375,-6.4886143064e-05,12.6047763906
0.5615,-3.59126411651e-05,12.6012024347
0.561625,-5.61498823052e-05,12.5987406461
0.56175,5.82750134864e-06,12.5944179796
0.561875,-4.43986553648e-05,12.5912531301
0.562,3.16580110875e-05,12.5875096359
0.562125,-2.16036117612e-06,12.5831694852
0.56225,8.4299422748e-05,12.5830831213
0.562375,6.01779339307e-05,12.5809098742
0.5625,0.000108487506377,12.5836180371
0.562625,9.94597870239e-05,12.585198594
0.56275,0.000135713601348,12.5918740189
0.562875,0.000114094508173,12.5953095513
0.563,0.000121703611518,12.5998091104
0.563125,0.000133671784568,12.6061200324
0.56325,0.000133811730167,12.6124377628
0.563375,5.43996655854e-05,12.6098559914
0.5635,9.91458430617e-05,12.6113638072
0.563625,6.3061154807e-05,12.6093879296
0.56375,7.84924393447e-05,12.6087133698
0.563875,4.26779373689e-05,12.6054554075
0.564,2.08557909264e-05,12.6013717829
0.564125,2.57695715659e-05,12.5974251151
0.56425,-2.22076107832e-05,12.5933767398
0.564375,1.6955054136e-05,12.5892056625
0.5645,-5.33455078005e-05,12.5865653916
0.564625,-2.71791898485e-05,12.582664766
0.56475,-8.67178615955e-05,12.5828265316
0.564875,-8.92388103328e-05,12.5832536908
0.565,-9.42200803985e-05,12.5842273853
0.565125,-8.24723725251e-05,12.5839576059
0.56525,-8.96649566158e-05,12.584429153
0.565375,-0.000157090283923,12.5948452803
0.5655,-0.000138513621932,12.6019540159
0.565625,-0.000111531540283,12.6050270866
0.56575,-5.86083338818e-05,12.602731789
0.565875,-0.000124747242711,12.6076628302
0.566,-0.000102180871701,12.6095372095
0.566125,-5.81805317074e-05,12.607210041
0.56625,-1.94613051922e-05,12.6030928074
0.566375,-3.12545005082e-05,12.59933254
0.5665,-4.17810495987e-05,12.5960317082
0.566625,-2.97912344395e-05,12.5922190233
0.56675,2.20409717873e-06,12.5878789837
0.566875,2.60688106565e-05,12.5839428339
0.567,6.95483633939e-05,12.5824970737
0.567125,9.65998364801e-05,12.5837435272
0.56725,7.18607914909e-05,12.5824937002
0.567375,0.000111943070894,12.5856550742
0.5675,0.000125709955366,12.5907667152
0.567625,7.05497127279e-05,12.5894002744
0.56775,0.000131117694912,12.5953330004
0.567875,0.000116292518601,12.5990644128
0.568,9.60186958519e-05,12.6002228468
0.568125,0.000115933265476,12.6038954736
0.56825,0.000101328203501,12.6056718975
0.568375,0.000109268229527,12.6084411934
0.5685,8.70583449092e-05,12.6086115308
0.568625,3.63452155417e-05,12.6050555149
0.56875,7.45333678825e-05,12.6040236667
0.568875,8.05587159117e-05,12.6035494725
0.569,-2.34272791284e-05,12.5995338789
0.569125,1.76441220837e-05,12.595376791
0.56925,-2.57944336388e-05,12.5914314367
0.569375,-9.73192756274e-05,12.5927497503
0.5695,-0.000122817973231,12.5974171162
0.569625,-9.07366020286e-05,12.5979891205
0.56975,-7.17537340703e-05,12.5967199919
0.569875,-0.000128424485998,12.6022188117
0.57,-9.16400390605e-05,12.6028835833
0.570125,-0.000111878128115,12.6060011813
0.57025,-0.000105883287735,12.60833648
0.570375,-9.21519940891e-05,12.6090502033
0.5705,-0.000124626024365,12.613949807
0.570625,-0.000116355868219,12.6176554668
0.57075,-8.30795836765e-05,12.6174141802
0.570875,-0.000111753896748,12.6204903897
0.571,-6.25105349961e-05,12.6184684859
0.571125,-1.54321703302e-05,12.6142671015
0.57125,-3.25745347665e-05,12.6105554623
0.571375,-7.76663827259e-06,12.6062484386
0.5715,-4.90262601306e-05,12.6033380199
0.571625,6.3130199942e-05,12.6013717138
0.57175,1.7312138032e-05,12.5972076222
0.571875,8.1232935708e-05,12.5968046029
0.572,3.5197915117e-05,12.5932017027
0.572125,8.99151531407e-05,12.5936898522
0.57225,0.000114967130993,12.5972414159
0.572375,0.000104030226,12.5993581868
0.5725,0.000107107070758,12.6018590799
0.572625,0.000112933376941,12.6051197474
0.57275,8.96263635646e-05,12.6055637835
0.572875,6.48216278164e-05,12.6037252159
0.573,0.000106813360461,12.60618182
0.573125,6.18833125381e-05,12.6041210888
0.57325,0.000144748238051,12.6122557686
0.573375,5.11056474897e-05,12.609467271
0.5735,7.26710750343e-05,12.608268892
0.573625,6.96853192236e-05,12.6068183086
0.57375,6.98300783012e-08,12.6024753667
0.573875,-2.87970585413e-05,12.5986271487
0.574,-7.92041419368e-05,12.5980286477
0.574125,-3.52006857311e-05,12.5944256554
0.57425,-5.46054653442e-05,12.5918646054
0.574375,-0.000108018755645,12.59449442
0.5745,-0.000115367107194,12.5980994885
0.574625,-0.000154070856291,12.6079100701
0.57475,-9.98027436372e-05,12.6094982745
0.574875,-0.00011862517037,12.613529207
0.575,-0.000105459534147,12.6157997346
0.575125,-0.000157636443151,12.6262117081
0.57525,-8.60432262749e-05,12.626259467
0.575375,-9.04038682277e-05,12.6267632342
0.5755,-7.4346893515e-05,12.6256984248
0.575625,-8.17597672849e-05,12.6253205665
0.57575,-5.90844460783e-05,12.6230489655
0.575875,-7.40306271281e-05,12.621959116
0.576,-5.57979263944e-05,12.6194649682
0.576125,-1.52007826848e-05,12.6152593391
0.57625,2.03168638585e-05,12.611161931
0.576375,2.55335536351e-05,12.607207162
0.5765,4.40837875281e-05,12.6040222494
0.576625,6.02471056539e-05,12.6018435347
0.57675,0.000100427961383,12.6035146212
0.576875,8.6607870087e-05,12.6036434636
0.577,0.000111254471386,12.6066768977
0.577125,8.7747095017e-05,12.6069207542
0.57725,0.000122125841487,12.6114579627
0.577375,0.000117940912119,12.6153889298
0.5775,9.85822094819e-05,12.6168230972
0.577625,9.46029799948e-05,12.6177988199
0.57775,0.000147110522342,12.6263030183
0.577875,8.38774472109e-05,12.6261325408
0.578,7.88894258862e-05,12.6254809122
0.578125,0.000126686801579,12.6306523438
0.57825,4.25370321531e-05,12.6273817995
0.578375,6.2998665336e-07,12.6230390901
0.5785,5.47884503065e-05,12.6204782224
0.578625,1.09066217311e-06,12.6161359844
0.57875,-3.87686006818e-05,12.6126868459
0.578875,-4.91918840585e-05,12.6097839847
0.579,-5.59975347211e-05,12.6073083117
0.579125,-8.11947454962e-05,12.6068924504
0.57925,-3.40295653128e-05,12.603239635
0.579375,-0.000106356007581,12.6056389334
0.5795,-0.000108415421142,12.6082977866
0.579625,-0.000133966464202,12.6146348058
0.57975,-0.000109728788643,12.6174493592
0.579875,-7.78410789482e-05,12.6167075061
0.58,-0.000167912517732,12.629098567
0.580125,-8.9059873216e-05,12.6294563025
0.58025,-0.000113247612492,12.6327109158
0.580375,-0.000111396650722,12.6357139099
0.5805,-6.56612724259e-05,12.63392285
0.580625,-2.36545571623e-05,12.6299113126
0.58075,-2.42770937456e-05,12.6259177705
0.580875,-5.90481804046e-06,12.6215955157
0.581,4.72005576056e-05,12.6185757238
0.581125,4.74870737505e-05,12.6155729732
0.58125,4.69068519033e-05,12.6125385814
0.581375,8.52313904386e-05,12.6125174962
0.5815,8.19339822804e-05,12.6121686442
0.581625,0.000104398769349,12.6143089256
0.58175,0.000105772843734,12.6166175839
0.581875,0.000107702421351,12.6191672853
0.582,8.8622848957e-05,12.619489676
0.582125,5.50706552692e-05,12.6169486818
0.58225,7.47954942669e-05,12.61593104
0.582375,0.000123423345423,12.6206389664
0.5825,0.000105160354673,12.6228613033
0.582625,0.000120436034304,12.6271231022
0.58275,8.70568668328e-05,12.6272739242
0.582875,5.55312208358e-05,12.6247599094
0.583,4.28155698175e-05,12.6215049286
0.583125,4.88842012272e-05,12.6185812278
0.58325,-3.09205920371e-05,12.6148065476
0.583375,2.04728222567e-05,12.6107129495
0.5835,-3.86662134085e-05,12.6072602075
0.583625,-1.99193077036e-05,12.6031537197
0.58375,-4.91246211491e-05,12.600250079
0.583875,-7.75133015258e-05,12.5994921385
0.584,-8.3787238227e-05,12.5993384655
0.584125,-5.70180201237e-05,12.5969361156
0.58425,-0.000130673387463,12.6027817269
0.584375,-0.000138861843864,12.609927052
0.5845,-0.000111151178836,12.612936171
0.584625,-0.000100137441642,12.6145572946
0.58475,-8.25295820801e-05,12.6142647926
0.584875,-9.51897238518e-05,12.6153098245
0.585,-8.31254018059e-05,12.6150752784
0.585125,-0.000119392387417,12.6192038974
0.58525,-4.06554316183e-05,12.6158431734
0.585375,-9.53994304481e-05,12.6169099912
0.5855,-1.06730857195e-05,12.6126347836
0.585625,-7.0556201304e-06,12.6083214698
0.58575,4.26803602828e-05,12.6050637286
0.585875,3.39434655563e-06,12.6007276536
0.586,5.18451314264e-05,12.5979887092
0.586125,7.15998845613e-05,12.5967064183
0.58625,8.71301953e-05,12.59689643
0.586375,9.19109386577e-05,12.5975970086
0.5865,7.88998258036e-05,12.5969706827
0.586625,9.1997142184e-05,12.5976806346
0.58675,0.00013856386641,12.6047901991
0.586875,9.72564513682e-05,12.6060838573
0.587,0.00011784200401,12.6100111838
0.587125,8.24851492676e-05,12.6097185592
0.58725,8.40192218302e-05,12.6095782022
0.587375,5.49757868413e-05,12.6070351085
0.5875,6.18703490822e-05,12.6049729734
0.587625,3.66557026952e-05,12.6014311295
0.58775,4.80073805513e-05,12.5984633206
0.587875,9.42905641388e-06,12.5941734678
0.588,-1.4983395432e-06,12.589831865
0.588125,4.38710783263e-06,12.5855004365
0.58825,3.48539498619e-06,12.5811647677
0.588375,-2.52668923525e-05,12.5772045679
0.5885,-3.60630952673e-05,12.5736420064
0.588625,-0.000111980180374,12.57682366
0.58875,-6.85683857045e-05,12.5753014738
0.588875,-7.14263514732e-05,12.5740203174
0.589,-6.42869726335e-05,12.5721585701
0.589125,-0.000137085036446,12.5790912815
0.58925,-0.000136354496201,12.5858865173
0.589375,-9.9225730618e-05,12.58743617
0.5895,-0.000110180108328,12.5903549723
0.589625,-0.000103515438976,12.5924181597
0.58975,-6.78558736843e-05,12.5908277757
0.589875,-0.000110313272918,12.5937584494
0.59,-0.000103744706965,12.5958449871
0.590125,-0.000107678360469,12.5984246175
0.59025,-3.41678656281e-05,12.5947787803
0.590375,1.54376029413e-05,12.5905782704
0.5905,-2.9076419396e-05,12.5867410806
0.590625,1.16560360042e-05,12.5824794872
0.59075,3.59983304864e-05,12.5789131818
0.590875,8.16144390656e-05,12.5785640199
0.591,3.34847294003e-05,12.5748936568
0.591125,9.46364750593e-05,12.5759247471
0.59125,8.40680778165e-05,12.575822128
0.591375,5.82270551563e-05,12.573513915
0.5915,0.000107996006524,12.5761702841
0.591625,0.000111987548098,12.579348551
0.59175,0.000132788866513,12.5855689565
0.591875,0.00012411692536,12.5904429288
0.592,0.000127848281032,12.595867823
0.592125,9.0054419587e-05,12.5963679687
0.59225,6.34853701977e-05,12.5944323318
0.592375,4.57427918038e-05,12.5913398794
0.5925,6.69144971035e-05,12.5896743395
0.592625,3.10494841705e-05,12.5859082328
0.59275,1.39435553283e-05,12.5816817252
0.592875,-2.12514271435e-05,12.5776095102
0.593,2.22327556831e-05,12.5735631525
0.593125,1.1167094183e-08,12.5692202077
0.59325,-2.73976650878e-05,12.56532852
0.593375,-0.0001087117188,12.5680912613
0.5935,-0.000102353167767,12.5700436702
0.593625,-8.9257791637e-05,12.5704869167
0.59375,-0.000157892120323,12.581101699
0.593875,-7.80881432256e-05,12.5804131769
0.594,-8.70520208609e-05,12.580612061
0.594125,-9.8631712768e-05,12.5820984903
0.59425,-9.75606136739e-05,12.58345713
0.594375,-8.80733269246e-05,12.5837598971
0.5945,-6.69283361644e-05,12.582100142
0.594625,-9.71688370612e-05,12.5834131093
0.59475,-3.35402220421e-05,12.5797442242
0.594875,-0.000136219578275,12.5865157884
0.595,-4.76244933974e-05,12.5835307903
0.595125,-7.39549612135e-05,12.5824639611
0.59525,-8.80720391218e-06,12.5781675073
0.595375,1.7602641355e-05,12.5740104589
0.5955,4.93417905293e-05,12.5711293451
0.595625,6.36915397657e-05,12.5692234825
0.59575,4.8763561484e-05,12.5663098874
0.595875,0.000112188659983,12.5695323112
0.596,6.77600214405e-05,12.5679486564
0.596125,0.000122037297857,12.572552854
0.59625,0.00013678857539,12.5794358936
0.596375,9.73402206542e-05,12.5807722977
0.5965,0.000176620170884,12.5950936358
0.596625,7.74516360513e-05,12.5943342463
0.59675,6.72467895833e-05,12.5926934926
0.596875,5.80843763091e-05,12.5903674737
0.597,8.5795181894e-05,12.5904261275
0.597125,4.98877297383e-05,12.5875718989
0.59725,3.38696101751e-05,12.5839156593
0.597375,2.59724758016e-05,12.5799768774
0.5975,-3.02463568993e-05,12.576182541
0.597625,4.06856364245e-05,12.5728330685
0.59775,-5.37549969497e-05,12.5702255617
0.597875,5.78630485323e-07,12.5658828181
0.598,-6.66783419118e-05,12.5642140436
0.598125,-6.98187859734e-05,12.562804139
0.59825,-0.000120709266252,12.5672252274
0.598375,-8.31250620293e-05,12.5670363659
0.5985,-7.76470002594e-05,12.5663184039
0.598625,-0.000135691326762,12.5730381447
0.59875,-9.63367169014e-05,12.5742663232
0.598875,-0.000114594952384,12.5778020289
0.599,-7.21891550605e-05,12.5765847957
0.599125,-6.28567410237e-05,12.5746125049
0.59925,-5.04417514347e-05,12.5717970705
0.599375,-5.56267853258e-05,12.5693129432
0.5995,-5.42647073212e-05,12.5667399306
0.599625,-4.43582934025e-05,12.5635804577
0.59975,-6.74205746932e-05,12.5619729804
0.599875,2.63973745817e-06,12.5576342319
0.6,-3.15621137558e-06,12.553297292
0.600125,2.24253656259e-05,12.5492577892
0.60025,2.64953422894e-05,12.5453388128
0.600375,7.77808413688e-05,12.5446515641
0.6005,9.20259699267e-05,12.5454259236
0.600625,0.0001000234114,12.5471266384
0.60075,0.000122778767549,12.5518832517
0.600875,0.000124335795035,12.5568616686
0.601,0.00015947854681,12.5678258716
0.601125,0.000144482925222,12.5760191001
0.60125,0.000101708154971,12.5778811418
0.601375,9.59949108176e-05,12.5790637212
0.6015,0.000118699885379,12.5831641008
0.601625,7.54759835026e-05,12.5822336508
0.60175,9.28815851085e-05,12.5830586635
0.601875,7.6447489504e-05,12.5822166776
0.602,6.5483568322e-05,12.5804432765
0.602125,5.27098769981e-05,12.5777660358
0.60225,2.13844296074e-05,12.5736974673
0.602375,4.93713605925e-05,12.5708182112
0.6025,-8.98507913789e-06,12.5665237842
0.602625,-1.94775177149e-05,12.5624090548
0.60275,-3.57878812499e-05,12.5588372513
0.602875,-0.000112766911446,12.5621509468
0.603,-7.06353860768e-05,12.5608114551
0.603125,-9.15867360193e-05,12.5615182964
0.60325,-0.000103574992359,12.5636315464
0.603375,-7.52289973203e-05,12.5626940836
0.6035,-0.000123736818309,12.5675600744
0.603625,-8.58858598248e-05,12.567651246
0.60375,-8.90346849099e-05,12.5680732314
0.603875,-0.0001596212435,12.5790253248
0.604,-5.83309551099e-05,12.5767228729
0.604125,-6.43124282707e-05,12.5748615461
0.60425,-0.000109184986975,12.5776705359
0.604375,-9.07394199843e-05,12.5782652322
0.6045,-9.92963628209e-06,12.5739814407
0.604625,-3.00410095382e-05,12.5701804285
0.60475,-1.65603482871e-05,12.5660023204
0.604875,-9.69315304283e-06,12.5617159043
0.605,3.74755092471e-05,12.5582186718
0.605125,7.22689453659e-05,12.5570225021
0.60525,4.92283040464e-05,12.5541403747
0.605375,9.13919965566e-05,12.5548335021
0.6055,9.76573770834e-05,12.5562394046
0.605625,7.67003722678e-05,12.5554424308
0.60575,0.000112852412191,12.5587737222
0.605875,0.000123585135719,12.5636254607
0.606,0.000110809236342,12.5666677038
0.606125,7.97829136253e-05,12.5661521525
0.60625,7.96164678253e-05,12.5656211075
0.606375,6.56432883825e-05,12.5638701354
0.6065,9.11916605392e-05,12.5645300069
0.606625,3.47344459828e-05,12.5609131227
0.60675,5.41154750826e-05,12.5583337976
0.606875,-2.81966788764e-07,12.5539909007
0.607,-3.11292809903e-05,12.5502325458
0.607125,-1.15139347027e-06,12.5458904015
0.60725,-6.47798926125e-06,12.5415728215
0.607375,-2.48146524828e-05,12.5376024245
0.6075,-3.63044164406e-05,12.5340575851
0.607625,-8.02464853754e-05,12.5336157907
0.60775,-7.78476774905e-05,12.5329447186
0.607875,-9.8845519932e-05,12.5345210008
0.608,-7.16423219757e-05,12.5332874318
0.608125,-7.35949340317e-05,12.5322265315
0.60825,-8.9300696705e-05,12.5327162537
0.608375,-0.000134874377396,12.5393881416
0.6085,-7.75770382713e-05,12.5386867526
0.608625,-0.000111116775651,12.5418127409
0.60875,-9.28237381568e-05,12.5426795572
0.608875,-0.000105094392734,12.5450123428
0.609,-4.61260995393e-05,12.5419554822
0.609125,-5.79594479131e-05,12.5396443929
0.60925,-4.76239414255e-05,12.5366740957
0.609375,-2.24901644291e-05,12.5326375194
0.6095,1.40881159435e-05,12.5284149055
0.609625,2.15355200463e-05,12.5243534077
0.60975,8.77572518701e-05,12.5246860739
0.609875,3.3108039654e-05,12.521008872
0.61,0.000106202636993,12.5235171579
0.610125,0.000114489601625,12.5271307479
0.61025,8.33076371313e-05,12.5269988248
0.610375,0.000102756926257,12.5290612394
0.6105,6.40076812937e-05,12.5272035743
0.610625,0.000105065524629,12.5295564956
0.61075,8.28399376138e-05,12.5293751214
0.610875,0.000122003730349,12.5340540975
0.611,0.000125419706051,12.5392345384
0.611125,9.7151784347e-05,12.5406015668
0.61125,8.58881525471e-05,12.5407205723
0.611375,6.93901094015e-05,12.5392904829
0.6115,2.68518971354e-05,12.5353839941
0.611625,7.11062103941e-05,12.5341034712
0.61175,5.19382967469e-06,12.5297768759
0.611875,3.55053706285e-05,12.5261986709
0.612,-1.73260706949e-05,12.522037995
0.612125,-5.66732506645e-05,12.5196466751
0.61225,-1.21480250339e-05,12.5153934697
0.612375,-1.56991714032e-05,12.5112005446
0.6125,-0.000136361602819,12.5181722145
0.612625,-0.000107951739744,12.5209124671
0.61275,-6.60800933534e-05,12.5192232652
0.612875,-0.000141621486604,12.5270609092
0.613,-8.15429781217e-05,12.5267526229
0.613125,-0.000111351020331,12.5299307288
0.61325,-0.000107233036691,12.5325581737
0.613375,-0.000106905411972,12.5351389381
0.6135,-8.66169108022e-05,12.5353396527
0.613625,-9.40199248923e-05,12.536349491
0.61375,-0.000102589848992,12.5383773868
0.613875,-9.46946560932e-05,12.5394604865
0.614,-0.000117113477367,12.5434121216
0.614125,-2.59622216739e-05,12.5394768044
0.61425,1.77150113238e-05,12.5353238218
0.614375,1.46410791262e-05,12.5311107589
0.6145,6.12945737753e-05,12.52904585
0.614625,5.02780092216e-05,12.5262365202
0.61475,0.000104298510741,12.5284935765
0.614875,0.000132423629429,12.5347796105
0.615,0.000122961734285,12.5395892929
0.615125,7.03803637972e-05,12.5382436859
0.61525,8.01029471558e-05,12.5377842108
0.615375,8.64186984604e-05,12.5379614121
0.6155,7.49474167414e-05,12.5370185436
0.615625,0.000102802581912,12.539071884
0.61575,0.000102741340846,12.5411145939
0.615875,9.48061518225e-05,12.5422070461
0.616,6.96762166041e-05,12.5408000137
0.616125,8.04873858706e-05,12.5403755809
0.61625,4.50097491467e-05,12.5372585383
0.616375,3.994959099e-05,12.5338820715
0.6165,-2.04545368148e-05,12.5297927095
0.616625,-1.40321344058e-05,12.5255692195
0.61675,-1.19292375909e-05,12.521312693
0.616875,2.38362500235e-05,12.5173151056
0.617,-2.5293797e-05,12.5133614018
0.617125,-5.16609504378e-05,12.5106434402
0.61725,-4.81845030208e-05,12.5077150547
0.617375,-0.000118136987897,12.5118740218
0.6175,-0.000137086318158,12.5189643486
0.617625,-8.35735822774e-05,12.5188673137
0.61775,-0.000140674229318,12.5265437673
0.617875,-0.000111073321998,12.5296847984
0.618,-9.32148536315e-05,12.5306102664
0.618125,-6.1841214742e-05,12.5285864272
0.61825,-0.000113666259966,12.5320769536
0.618375,-8.95234681616e-05,12.5325909709
0.6185,-0.000101393140931,12.5344765921
0.618625,-5.06752673952e-05,12.5316896421
0.61875,2.09866993276e-05,12.527613781
0.618875,-1.41073133729e-05,12.523391635
0.619,1.50358096238e-06,12.5190500637
0.619125,3.77751776172e-05,12.5155748919
0.61925,2.81148597476e-05,12.5117130431
0.619375,3.86030961598e-05,12.5082778542
0.6195,0.000112462842473,12.5116394461
0.619625,5.66120664327e-05,12.5092485828
0.61975,8.26607135007e-05,12.5090686413
0.619875,8.92450361528e-05,12.5095781358
0.62,0.000118900451934,12.5138435465
0.620125,0.000121474436106,12.5184765024
0.62025,0.000145209816555,12.5269404949
0.620375,0.000123680324001,12.5318740631
0.6205,0.000104626025601,12.5341639938
0.620625,0.000109463247224,12.537077076
0.62075,0.000105120387113,12.5394217768
0.620875,8.86948304718e-05,12.5398382947
0.621,3.79823835731e-05,12.5363684789
0.621125,2.1010027717e-05,12.5322929237
0.62125,5.49858331175e-05,12.5297828088
0.621375,-2.79324931142e-05,12.5259131885
0.6215,-2.10013830159e-05,12.5218380572
0.621625,-3.87808262188e-05,12.5184091122
0.62175,-4.09586725265e-05,12.5150864989
0.621875,-7.67364817351e-05,12.5143266417
0.622,-9.03713458863e-05,12.5149533013
0.622125,-9.45160357173e-05,12.5160451792
0.62225,-0.000110270293139,12.5190963165
0.622375,-8.70043085966e-05,12.5193547007
0.6225,-5.81260670706e-05,12.5170659675
0.622625,-9.27493511354e-05,12.5179541473
0.62275,-0.000105290794229,12.520350116
0.622875,-8.01409565854e-05,12.519910367
0.623,-0.000103957590765,12.5221339304
0.623125,-8.31184672533e-05,12.5219877375
0.62325,-7.98813388655e-05,12.5215212905
0.623375,-9.88207458063e-05,12.5231101796
0.6235,-4.13140112908e-05,12.5198042218
0.623625,-1.15469909174e-05,12.5155423535
0.62375,6.43459331033e-06,12.5112246102
0.623875,2.08684517568e-05,12.5071469953
0.624,3.15593351346e-05,12.5034114188
0.624125,2.69257722681e-05,12.4995109753
0.62425,8.86715329788e-05,12.4999688873
0.624375,3.78658748367e-05,12.4965017261
0.6245,8.15492232784e-05,12.4962225386
0.624625,9.19078467358e-05,12.4970409795
0.62475,0.000125196586505,12.5022687355
0.624875,8.44116986859e-05,12.5022739202
0.625,0.000100697643925,12.5041174516
0.625125,0.000146414472016,12.5128375522
0.62525,9.00114804533e-05,12.5134264241
0.625375,7.70145580656e-05,12.5126939511
0.6255,8.56944896588e-05,12.5128214882
0.625625,6.06135601949e-05,12.5107156519
0.62575,5.17941022311e-05,12.5080070712
0.625875,5.57582996374e-05,12.5055593701
0.626,6.98413466657e-06,12.5012461836
0.626125,-1.19378339345e-05,12.4969902677
0.62625,-4.9829594497e-05,12.4941648669
0.626375,-3.07246648666e-05,12.4903993136
0.6265,-2.79465128069e-05,12.4865344844
0.626625,-7.09353319595e-05,12.4852737276
0.62675,-4.13633893468e-05,12.4819793443
0.626875,-6.38611857024e-05,12.4801372772
0.627,-0.000105815228739,12.4826599685
0.627125,-0.00011891767239,12.486981354
0.62725,-8.91313903017e-05,12.4875031695
0.627375,-8.30541151279e-05,12.4873840143
0.6275,-0.000106654827486,12.4900043823
0.627625,-0.00014174298493,12.4979451562
0.62775,-0.000119540346927,12.5023266943
0.627875,-9.10046102861e-05,12.5030371406
0.628,-4.09067280445e-05,12.4997155495
0.628125,-3.44213128129e-05,12.4960963547
0.62825,-4.56899193494e-05,12.4930295808
0.628375,4.49331340641e-06,12.4886989889
0.6285,2.60168226698e-05,12.4847705774
0.628625,-8.52436190365e-06,12.4804721762
0.62875,2.90025157768e-05,12.4766453385
0.628875,7.28262287036e-05,12.475558434
0.629,3.06351331168e-05,12.4717919853
0.629125,0.00012482437306,12.4770183922
0.62925,6.54720575036e-05,12.4753070483
0.629375,9.62114976124e-05,12.4766471414
0.6295,8.65388932099e-05,12.4769011444
0.629625,0.000121361203243,12.4815938466
0.62975,0.000142626876348,12.4897121524
0.629875,8.20692698503e-05,12.4894913718
0.63,7.44780379693e-05,12.4885437338
0.630125,0.000130610435605,12.4946364744
0.63025,8.95852829701e-05,12.4951992847
0.630375,7.35960263284e-05,12.4941673821
0.6305,3.30895226908e-05,12.4904941249
0.630625,8.47376849433e-05,12.4905448312
0.63075,2.51235085741e-05,12.4865882785
0.630875,-2.89312967606e-06,12.4822504625
0.631,-1.98244812507e-05,12.4781485682
0.631125,-2.44942247975e-05,12.4741739521
0.63125,2.16584278581e-05,12.4701192534
0.631375,-2.13329048523e-05,12.4660562168
0.6315,-0.000112899382555,12.4695534681
0.631625,-9.30963664151e-05,12.4705387802
0.63175,-0.000103307299842,12.472754594
0.631875,-9.02642530715e-05,12.4734171475
0.632,-4.6552470596e-05,12.4704059402
0.632125,-0.000110018485477,12.4735010654
0.63225,-5.90414594589e-05,12.4713000169
0.632375,-0.000155701842321,12.4818388454
0.6325,-0.000136123396017,12.488847458
0.632625,-5.92300580524e-05,12.4866525101
0.63275,-7.28885696199e-05,12.4855636763
0.632875,-6.58169950692e-05,12.4838749001
0.633,-3.29694251171e-05,12.4801983682
0.633125,3.8032525031e-06,12.4758642997
0.63325,-1.92726209564e-05,12.4717495073
0.633375,2.90213352664e-06,12.467411741
0.6335,4.5160999158e-05,12.4643238566
0.633625,2.86154145077e-05,12.460485206
0.63375,7.00096564707e-05,12.4591626151
0.633875,9.08888871567e-05,12.4599105428
0.634,6.70916990985e-05,12.4583418716
0.634125,0.000117852257892,12.4625565894
0.63425,7.30655363272e-05,12.4615017563
0.634375,7.73575141448e-05,12.4608452923
0.6345,0.000120200357614,12.4653989374
0.634625,0.000108685523272,12.4683234345
0.63475,0.000114427615179,12.4720299784
0.634875,6.36885026054e-05,12.4701801118
0.635,0.00014194255965,12.4782117298
0.635125,8.54917342026e-05,12.4783535976
0.63525,5.58682072016e-05,12.4759264071
0.635375,1.93322969207e-05,12.4718130266
0.6355,7.01430608176e-05,12.4704940582
0.635625,-4.53585902192e-05,12.4674162805
0.63575,-4.83997230181e-05,12.464514832
0.635875,-2.18842844865e-05,12.4604668314
0.636,-5.70141235091e-05,12.4581272491
0.636125,-4.28264275229e-05,12.454915391
0.63625,-7.57889081512e-05,12.4541163672
0.636375,-8.23881196886e-05,12.4539618363
0.6365,-7.59892889426e-05,12.4531823514
0.636625,-8.75481066633e-05,12.4535696146
0.63675,-0.000114206899955,12.4572724258
0.636875,-8.60899372727e-05,12.4574992107
0.637,-0.000134162336296,12.4642454148
0.637125,-9.25626962813e-05,12.465176289
0.63725,-6.60079091381e-05,12.4635154857
0.637375,-6.90531306406e-05,12.4621089046
0.6375,-8.24519505206e-05,12.4619531539
0.637625,-5.64276281396e-05,12.4595719049
0.63775,-6.26440636231e-05,12.4576478894
0.637875,-1.20624817176e-05,12.4533946969
0.638,-2.71954749608e-05,12.4495083905
0.638125,1.20046276547e-05,12.4452545059
0.63825,4.07624367072e-05,12.441939305
0.638375,6.04735646551e-05,12.4398597821
0.6385,5.36833839935e-05,12.4373014585
0.638625,0.00010697753738,12.4400451827
0.63875,7.34017664375e-05,12.4390379088
0.638875,0.000120495422338,12.4436801992
0.639,0.000111369642687,12.4470059875
0.639125,7.83498057073e-05,12.446457302
0.63925,4.90908050204e-05,12.4436044782
0.639375,0.000138991954878,12.4512004051
0.6395,0.000102209018691,12.4533062379
0.639625,9.4413785791e-05,12.4544638496
0.63975,6.42623673931e-05,12.4526693841
0.639875,3.94392545669e-05,12.4492869095
0.64,6.788128427e-05,12.4477908537
0.640125,1.97767326108e-05,12.4436897106
0.64025,3.67448126536e-05,12.4401822203
0.640375,1.2105578599e-05,12.4359300345
0.6405,-2.89903464744e-08,12.4315870902
0.640625,7.95663521486e-06,12.4272834316
0.64075,-6.01221112787e-05,12.4251852438
0.640875,-9.04823342722e-05,12.4259273613
0.641,-7.81663420533e-05,12.425379301
0.641125,-8.81710156045e-05,12.4258648735
0.64125,-8.51396927987e-05,12.42602381
0.641375,-7.97958206704e-05,12.4256354569
0.6415,-9.11787646105e-05,12.426455572
0.641625,-0.000108905257491,12.4294751295
0.64175,-9.55498906946e-05,12.4307968089
0.641875,-8.48545512267e-05,12.4309205841
0.642,-8.53297797375e-05,12.4310943764
0.642125,-0.000155144665487,12.4416642554
0.64225,-4.16631854263e-05,12.4383958597
0.642375,-5.7237704024e-05,12.4360823017
0.6425,-4.1543925562e-05,12.4328091378
0.642625,1.71367234301e-06,12.4284680148
0.64275,-1.53804185126e-05,12.4242719706
0.642875,-9.09628300391e-06,12.4199804586
0.643,2.35234498069e-05,12.4159818068
0.643125,6.83910971841e-05,12.4145508986
0.64325,5.77983862032e-05,12.4122886745
0.643375,7.60327926182e-05,12.4115476524
0.6435,8.10190174114e-05,12.4112950167
0.643625,0.000124135321117,12.4165487914
0.64375,0.000101699110791,12.4186415955
0.643875,0.000134836284066,12.4255998801
0.644,0.000127988206899,12.4314244061
0.644125,8.30337905577e-05,12.4313580248
0.64425,0.00011613587905,12.4353772757
0.644375,8.99112288379e-05,12.4360436781
0.6445,0.000138511195411,12.4435779007
0.644625,8.98009226616e-05,12.4442226049
0.64475,7.87597280053e-05,12.4437161654
0.644875,5.73090322925e-05,12.4414051771
0.645,3.9784327617e-05,12.4380421194
0.645125,1.07462092685e-05,12.4337707303
0.64525,-5.11071171051e-05,12.4310475287
0.645375,-1.92438950733e-05,12.4269344163
0.6455,-2.9021173031e-05,12.4231146523
0.645625,-1.94867048861e-05,12.4190078069
0.64575,-5.72597528407e-05,12.4167048972
0.645875,-8.30292053673e-05,12.4166525542
0.646,-6.42591696375e-05,12.4148801112
0.646125,-0.00014021226841,12.4227668122
0.64625,-0.000107585650452,12.4256152746
0.646375,-0.00011893376855,12.4300534756
0.6465,-0.000130928273208,12.4363390187
0.646625,-0.000128235866654,12.4421777066
0.64675,-7.4263823416e-05,12.4412475369
0.646875,-0.000135423284339,12.4482451981
0.647,-3.90139884951e-05,12.4448430821
0.647125,-6.14904818921e-05,12.4428387378
0.64725,-3.34009160989e-05,12.4391862551
0.647375,-2.25209257825e-05,12.435157491
0.6475,-5.74164592397e-05,12.4328581484
0.647625,-3.0076962277e-06,12.4285208157
0.64775,3.90526231874e-05,12.4251248545
0.647875,1.5722656673e-05,12.4209355387
0.648,3.71578984354e-05,12.417451424
0.648125,7.50840391291e-05,12.4166169362
0.64825,6.27609373601e-05,12.4147260793
0.648375,0.00012733141178,12.4204718401
0.6485,9.64601335551e-05,12.4219138604
0.648625,0.000115257338781,12.4258251063
0.64875,0.000116474123194,12.4299038024
0.648875,8.67185926762e-05,12.4302268307
0.649,9.65458156649e-05,12.431666132
0.649125,8.12126201142e-05,12.4314140729
0.64925,9.25842964096e-05,12.432387421
0.649375,8.11845782564e-05,12.4321318601
0.6495,4.31493675824e-05,12.4289440148
0.649625,5.98489036732e-05,12.4268246272
0.64975,3.21255817813e-06,12.4224880939
0.649875,-5.89954117541e-06,12.4181667926
0.65,-4.95681911481e-05,12.4153530133
0.650125,-2.96448929536e-05,12.4115574354
0.65025,-1.78291407803e-05,12.40741266
0.650375,-4.82672519723e-05,12.4045232743
0.6505,-3.84660524591e-05,12.4011041725
0.650625,-6.05598228956e-05,12.3990525474
0.65075,-8.53181678962e-05,12.3992583499
0.650875,-8.64676471078e-05,12.3995872597
0.651,-7.15060706276e-05,12.3984395941
0.651125,-0.000106897652003,12.4012362977
0.65125,-0.000125763560496,12.4067660038
0.651375,-0.000101106984256,12.4087984729
0.6515,-9.94720443215e-05,12.4106236831
0.651625,-5.88566362378e-05,12.4084402821
0.65175,-4.62854030829e-05,12.4054336827
0.651875,-5.39276285998e-06,12.4011088938
0.652,-5.85409257698e-05,12.3989070774
0.652125,-6.20661744802e-05,12.396972043
0.65225,1.28146484155e-05,12.3927318176
0.652375,4.10909621503e-06,12.3883994449
0.6525,-6.80792857023e-06,12.384085549
0.652625,2.44418202532e-05,12.3801173884
0.65275,8.49645529201e-05,12.3803052837
0.652875,1.47701651744e-05,12.3760993244
0.653,5.40844893431e-05,12.3735945472
0.653125,0.000100873222024,12.3756462122
0.65325,0.000101135188089,12.3777280754
0.653375,9.16835437994e-05,12.378663351
0.6535,0.000110993018977,12.3820521923
0.653625,0.000130129732577,12.388325187
0.65375,0.00010558094336,12.390963456
0.653875,6.97310756001e-05,12.389665219
0.654,9.96519849569e-05,12.3915400626
0.654125,0.000115292569125,12.3955142612
0.65425,7.58359652283e-05,12.3947684836
0.654375,4.43579978291e-05,12.3916567908
0.6545,2.65715619587e-05,12.3877560145
0.654625,2.78461992421e-05,12.3838991113
0.65475,-3.43195101586e-05,12.3802950854
0.654875,-3.79304867973e-05,12.3768554648
0.655,-2.45177342963e-05,12.3728902641
0.655125,-9.77332908876e-05,12.3745512721
0.65525,-3.81241103967e-05,12.371122104
0.655375,-3.51271921813e-05,12.3675555446
0.6555,-0.000117806810714,12.3719441243
0.655625,-0.000114019152671,12.3757725341
0.65575,-9.25285843776e-05,12.3768079153
0.655875,-0.000114517223961,12.3806985858
0.656,-0.000105005560785,12.383273159
0.656125,-0.000146514802999,12.3923796645
0.65625,-0.000116012540485,12.3964563368
0.656375,-0.000131390554333,12.4028999951
0.6565,-6.85597503878e-05,12.4014922873
0.656625,-8.3930438225e-05,12.4015489227
0.65675,-5.33102057062e-05,12.3989814691
0.656875,-4.72713209347e-05,12.396035436
0.657,-1.20151409244e-05,12.3917828127
0.657125,3.41099064338e-05,12.3881684657
0.65725,1.8480925706e-05,12.3840395936
0.657375,3.98822792934e-05,12.3806944581
0.6575,2.61825927702e-05,12.3767819168
0.657625,7.37837124756e-05,12.3758588711
0.65775,7.67631778185e-05,12.3752182668
0.657875,0.000117944989595,12.3796119078
0.658,6.86168526404e-05,12.3782248926
0.658125,0.000125466795008,12.3837602565
0.65825,0.00011780827129,12.3881165652
0.658375,0.000104920489174,12.3906681664
0.6585,5.99939490437e-05,12.3885793406
0.658625,9.78107549151e-05,12.3902281936
0.65875,9.91674846202e-05,12.3920419686
0.658875,9.62004706207e-05,12.3934906705
0.659,8.25588756118e-05,12.3934126045
0.659125,1.84937812421e-05,12.3892837717
0.65925,3.6464933665e-05,12.3857739752
0.659375,1.4419484281e-05,12.3815614242
0.6595,-1.13343384158e-05,12.3772991237
0.659625,-1.22789131081e-05,12.3730509174
0.65975,-8.18741776045e-05,12.3729222155
0.659875,-1.43946540979e-05,12.3687096009
0.66,-6.55045154454e-05,12.3670673661
0.660125,-6.7942405773e-05,12.3656309275
0.66025,-0.000100548134969,12.3676531253
0.660375,-9.69778039516e-05,12.3692288609
0.6605,-0.000100761845226,12.3712728356
0.660625,-0.000118344147664,12.3757336369
0.66075,-0.000113110785833,12.3794254789
0.660875,-3.9402992728e-05,12.3760575431
0.661,-0.000140489943831,12.3841027539
0.661125,-7.20690821289e-05,12.3830171732
0.66125,-4.28567161006e-05,12.3798266727
0.661375,-9.27224115038e-05,12.38087956
0.6615,-1.32960300498e-05,12.3766476073
0.661625,-6.49605635059e-05,12.37495587
0.66175,9.46978584879e-07,12.370613489
0.661875,-3.08787178265e-05,12.3668705682
0.662,1.27887762529e-05,12.36263064
0.662125,1.80157295184e-05,12.3584923264
0.66225,5.7723138826e-05,12.3562516444
0.662375,7.393521915e-05,12.3553589175
0.6625,7.41224396863e-05,12.3544843918
0.662625,6.81541460816e-05,12.3530745745
0.66275,0.000132986305136,12.3598922855
0.662875,0.000109493471319,12.3631063647
0.663,6.02399431369e-05,12.3610505222
0.663125,9.59157373373e-05,12.3625062182
0.66325,7.25380474464e-05,12.3614795959
0.663375,9.47780529892e-05,12.3627980791
0.6635,5.05794091924e-05,12.3600677413
0.663625,5.70910877828e-05,12.3577805382
0.66375,4.93460260604e-05,12.3549743
0.663875,3.1831825175e-05,12.3512712891
0.664,1.07753954655e-05,12.3470017411
0.664125,6.34289934254e-05,12.3452038075
0.66425,7.12943645497e-07,12.3408611844
0.664375,9.26862306831e-06,12.3365726752
0.6645,-5.05688611231e-05,12.3338514265
0.664625,-5.23511795357e-05,12.3312475727
0.66475,-5.90331450524e-05,12.3291172026
0.664875,-9.30622391194e-05,12.3302734863
0.665,-8.27151796768e-05,12.330274317
0.665125,-7.45458877871e-05,12.3294598305
0.66525,-0.000111427136118,12.332997922
0.665375,-0.000113134937807,12.3367726068
0.6655,-0.000115748940315,12.3409189983
0.665625,-0.000113440790739,12.3447227338
0.66575,-0.000118225785846,12.3492197746
0.665875,-8.7753960348e-05,12.3497443701
0.666,-7.13710274335e-05,12.3486213813
0.666125,-6.44332033605e-05,12.3469036675
0.66625,-3.98745253057e-05,12.3435667085
0.666375,-6.60545246166e-05,12.3419859428
0.6665,-1.838454029e-05,12.3378571084
0.666625,-1.180307952e-05,12.3336025005
0.66675,2.87035480606e-05,12.3297824648
0.666875,1.8763050044e-05,12.3256631649
0.667,4.88808185204e-06,12.3213354133
0.667125,6.85575841533e-05,12.3199831448
0.66725,3.46007014793e-05,12.3164024104
0.667375,8.79398460019e-05,12.3169846938
0.6675,8.97826330259e-05,12.3177747461
0.667625,0.000133594865654,12.3247865018
0.66775,0.000136924314328,12.3323512729
0.667875,7.95912640823e-05,12.3320284214
0.668,0.000106929747178,12.3349394002
0.668125,8.12394841046e-05,12.3347821984
0.66825,0.000117543719635,12.3391976405
0.668375,9.80865056923e-05,12.3409491593
0.6685,8.04707229183e-05,12.3407074745
0.668625,3.84572298529e-05,12.3373016166
0.66875,5.39204090166e-05,12.3348020969
0.668875,4.02597971316e-06,12.3304694371
0.669,3.27198797985e-05,12.3268064531
0.669125,-2.2509095656e-05,12.3227855862
0.66925,-2.25779724668e-05,12.3187669933
0.669375,-4.23362295305e-05,12.3155654333
0.6695,-0.000109863712172,12.3189086431
0.669625,-7.6031140033e-05,12.3182457135
0.66975,-0.00010135356881,12.3204411169
0.669875,-0.000112903289852,12.324206011
0.67,-8.6026479881e-05,12.324567961
0.670125,-0.000107790774922,12.3276087943
0.67025,-0.000141679889709,12.3360055695
0.670375,-0.000124711586167,12.3415177394
0.6705,-8.26083385385e-05,12.3414961641
0.670625,-8.94065078758e-05,12.3422146936
0.67075,-8.27789272078e-05,12.3422102793
0.670875,-0.000100859652488,12.3443065564
0.671,-8.93170444971e-05,12.3450117015
0.671125,-1.53726011551e-05,12.3408183553
0.67125,-2.80060433429e-05,12.3369723898
0.671375,2.34739159816e-05,12.3329789053
0.6715,2.02809144513e-05,12.3288970597
0.671625,7.36347108625e-05,12.327997969
0.67175,4.80770523572e-05,12.3251237608
0.671875,4.90334754733e-05,12.3223095715
0.672,0.000111770931944,12.3259093799
0.672125,6.17517573776e-05,12.3239904093
0.67225,0.000101118539193,12.3261469503
0.672375,9.93844832311e-05,12.3280795317
0.6725,0.000149212498863,12.3378631794
0.672625,0.000114339179423,12.3418021568
0.67275,0.000136349843487,12.349221243
0.672875,0.000118581075292,12.3537622431
0.673,9.34362985813e-05,12.3549314464
0.673125,7.02994852387e-05,12.3537088034
0.67325,5.51124632871e-05,12.3512844139
0.673375,5.60611297403e-05,12.3489277351
0.6735,5.99665555559e-05,12.3468585953
0.673625,3.26361960521e-05,12.3431895901
0.67375,-8.55730115059e-06,12.3388930214
0.673875,-1.17219849866e-05,12.334637183
0.674,-8.64038980375e-05,12.3350291039
0.674125,-2.25614314624e-05,12.3310091243
0.67425,-6.20991874686e-05,12.3291146224
0.674375,-9.19179128967e-05,12.3301365829
0.6745,-9.58869788337e-05,12.331630175
0.674625,-7.82617130447e-05,12.3311748409
0.67475,-0.000104567212713,12.333770436
0.674875,-0.000135167023483,12.3410079773
0.675,-0.000130458303034,12.3474357711
0.675125,-8.12185569545e-05,12.3472643993
0.67525,-4.7242407518e-05,12.3443333693
0.675375,-8.05787883471e-05,12.3440995002
0.6755,-9.48676365903e-05,12.3454514137
0.675625,-7.05273742542e-05,12.3442558867
0.67575,-5.60452820852e-05,12.3419012999
0.675875,-4.32017679334e-05,12.3387405669
0.676,-1.9836469878e-05,12.3346470722
0.676125,-1.65756765994e-06,12.3303058709
0.67625,-2.50451736796e-05,12.3263613442
0.676375,4.9412246117e-05,12.323570418
0.6765,4.94119793727e-05,12.3207804726
0.676625,0.00011200624542,12.3244165359
0.67675,7.03991264296e-05,12.3232247971
0.676875,0.000101551737006,12.3254382586
0.677,9.8027854211e-05,12.3272017987
0.677125,0.000126213584395,12.3329729646
0.67725,0.000122356282507,12.3381234241
0.677375,8.73243576826e-05,12.3386128284
0.6775,0.00010286239307,12.3409727145
0.677625,0.000116557809744,12.345229739
0.67775,0.000129881016736,12.3515521781
0.677875,8.25851565018e-05,12.3515182164
0.678,7.73261658536e-05,12.3509531998
0.678125,5.80537150604e-05,12.3487403535
0.67825,7.35388030628e-05,12.3478166488
0.678375,4.16887045545e-05,12.3445730683
0.6785,3.96969975727e-05,12.3412277078
0.678625,-4.31083534326e-05,12.338062051
0.67875,-4.86554148882e-05,12.3352199054
0.678875,-1.97299747635e-05,12.3311239397
0.679,-2.63918295064e-05,12.3272233244
0.679125,-7.86717520502e-05,12.326812802
0.67925,-0.000102700385883,12.3291697726
0.679375,-9.09261451263e-05,12.330076589
0.6795,-8.62127238309e-05,12.3304525422
0.679625,-8.76351417702e-05,12.3309849836
0.67975,-0.000108273754534,12.334081087
0.679875,-0.00015137333477,12.3442561168
0.68,-8.43338964475e-05,12.3444140283
0.680125,-8.56261343985e-05,12.3447106858
0.68025,-8.69617014138e-05,12.3451527989
0.680375,-7.76869853439e-05,12.3446286969
0.6805,-5.91359825253e-05,12.3424992115
0.680625,-4.59369536385e-05,12.3394927057
0.68075,-3.42452027198e-05,12.3358930444
0.680875,-7.18333277816e-05,12.3348223048
0.681,2.28721988211e-05,12.3308112992
0.681125,5.36085833838e-05,12.3282932489
0.68125,2.19085558471e-05,12.3242553213
0.681375,5.05196185007e-05,12.3215355125
0.6815,4.31897518274e-05,12.3183796751
0.681625,0.000110960738765,12.3218719355
0.68175,5.836160663e-05,12.3196961977
0.681875,8.4429317975e-05,12.3198898643
0.682,7.01677981996e-05,12.3186807211
0.682125,0.000108466619345,12.3218244901
0.68225,9.6597119327e-05,12.3234161339
0.682375,0.000110915000574,12.3268928766
0.6825,8.35207569153e-05,12.3269821325
0.682625,4.28297352468e-05,12.3238051264
0.68275,7.75204573373e-05,12.3232834061
0.682875,4.76595384814e-05,12.3203853705
0.683,5.1217240925e-05,12.3177121771
0.683125,1.27528199154e-05,12.3134728365
0.68325,6.57549985436e-05,12.311886112
0.683375,-1.28415634646e-06,12.3075442191
0.6835,-1.96818498804e-05,12.3034486212
0.683625,-3.04198484797e-05,12.2996970762
0.68375,-4.09663916543e-05,12.2964275608
0.683875,-2.12738145407e-06,12.2920875133
0.684,-0.000133942386715,12.2992259621
0.684125,-6.55967121473e-05,12.2976349982
0.68425,-5.31527160618e-05,12.295099804
0.684375,-8.77234283337e-05,12.2956819747
0.6845,-0.000142540790597,12.3043288149
0.684625,-0.000134137286116,12.3114682889
0.68475,-0.000139764030716,12.319569434
0.684875,-0.000117916923219,12.3240714211
0.685,-7.93092467726e-05,12.3237277582
0.685125,-6.5258357546e-05,12.3220931682
0.68525,-6.46521821551e-05,12.3204095126
0.685375,-9.50212518206e-06,12.3161240507
0.6855,-1.46667222594e-05,12.3119181904
0.685625,-4.79148218046e-05,12.3090394989
0.68575,1.37404907443e-05,12.3048170676
0.685875,2.76930789547e-05,12.3009641022
0.686,8.41468401137e-06,12.2966664386
0.686125,5.45481252407e-05,12.2942278109
0.68625,2.53599104897e-05,12.2902967678
0.686375,0.00011076294664,12.2938117475
0.6865,9.0827733484e-05,12.2947500095
0.686625,8.04028515093e-05,12.2945451789
0.68675,6.63804370516e-05,12.2930233836
0.686875,0.000118322513908,12.2976408064
0.687,0.000130260231264,12.3041435893
0.687125,0.000121642486468,12.309246153
0.68725,7.30030878844e-05,12.3083036026
0.687375,0.000108928193679,12.3115292176
0.6875,6.89903108109e-05,12.3102216522
0.687625,8.67620596575e-05,12.3106797875
0.68775,5.65793583234e-05,12.3083789917
0.687875,6.32860859447e-05,12.3065922316
0.688,-2.63544857786e-05,12.302692864
0.688125,1.78006121871e-05,12.298552469
0.68825,-4.69077037481e-05,12.295617205
0.688375,-6.28965536534e-05,12.2938065118
0.6885,-8.12675978708e-05,12.2936920465
0.688625,-0.000108726373026,12.2969150563
0.68875,-8.79392453357e-05,12.2975194093
0.688875,-8.42957269485e-05,12.2977218778
0.689,-8.91527118363e-05,12.2984626831
0.689125,-0.000121603928275,12.3035716085
0.68925,-0.000106261076646,12.3064392763
0.689375,-5.93509805889e-05,12.3043455979
0.6895,-0.000109935155085,12.3077186892
0.689625,-0.000100488007624,12.309818563
0.68975,-7.15923247597e-05,12.3087454774
0.689875,-5.61479315083e-05,12.3064145599
0.69,-5.1982578603e-05,12.3037971723
0.690125,-1.88400912055e-05,12.2996810658
0.69025,-5.5622275722e-05,12.2973167846
0.690375,-2.15525208576e-05,12.2932711371
0.6905,-1.00133083016e-07,12.2889281987
0.690625,1.9413126518e-05,12.2848269266
0.69075,1.96354938948e-05,12.280731456
0.690875,6.84785685689e-05,12.2794003179
0.691,8.20115045566e-05,12.2793778826
0.691125,0.0001157486502,12.2836370557
0.69125,5.70213272597e-05,12.281381234
0.691375,9.6705113894e-05,12.2830417549
0.6915,0.000103750991634,12.285605603
0.691625,0.000120749339967,12.2906098899
0.69175,0.000129535682416,12.2970098585
0.691875,8.37771508302e-05,12.2971571287
0.692,0.000128954306454,12.3034449809
0.692125,6.36502426625e-05,12.3016906524
0.69225,7.74044710037e-05,12.3011769515
0.692375,6.10747477613e-05,12.2992186747
0.6925,-1.2773019949e-05,12.2949801061
0.692625,2.27029753068e-05,12.290967221
0.69275,1.01527486079e-05,12.2866903468
0.692875,1.36003963362e-05,12.2824660798
0.693,-9.97424020842e-06,12.2781870277
0.693125,-4.12384196102e-05,12.2749372138
0.69325,-6.33240769373e-05,12.2731732998
0.693375,-6.47744942031e-05,12.2715299414
0.6935,-8.07461829838e-05,12.2713828729
0.693625,-0.000111055762051,12.274973863
0.69375,-8.66940523166e-05,12.2754635205
0.693875,-9.69654243567e-05,12.2771646069
0.694,-0.000109862143897,12.2805757979
0.694125,-0.00012568151968,12.2863700945
0.69425,-9.2951723418e-05,12.287567565
0.694375,-0.00010966637996,12.2909327014
0.6945,-0.00010930767481,12.2942416142
0.694625,-7.19565261927e-05,12.2932137335
0.69475,-5.35755277821e-05,12.290709278
0.694875,-6.45690038991e-05,12.2890380174
0.695,-9.74023180698e-06,12.2847559104
0.695125,-7.89047554877e-06,12.2804529297
0.69525,-1.02021173925e-05,12.2761768614
0.695375,-5.39799857488e-05,12.2737075975
0.6955,7.13227234843e-05,12.2726370267
0.695625,3.18111239244e-05,12.2689454151
0.69575,5.87028154907e-05,12.2668219635
0.695875,0.000128960478637,12.2731852628
0.696,9.63312319723e-05,12.2748107291
0.696125,5.00503749969e-05,12.2720791515
0.69625,0.000120032579045,12.2770016987
0.696375,0.000131140468106,12.2837036697
0.6965,0.000105719820942,12.286530828
0.696625,5.57868206711e-05,12.2841843027
0.69675,9.58859201038e-05,12.2857398062
0.696875,8.09704401381e-05,12.2856022895
0.697,7.84961575711e-05,12.2852119224
0.697125,0.000112498919668,12.2889844006
0.69725,2.62471059563e-05,12.2850832131
0.697375,5.14530285562e-05,12.2824391772
0.6975,1.13658343197e-05,12.2781791976
0.697625,2.31977858897e-05,12.2741821917
0.69775,1.52470825103e-05,12.2699888323
0.697875,-4.75046094245e-05,12.2670991412
0.698,-5.55896035501e-05,12.264747416
0.698125,-5.22088352701e-05,12.262161856
0.69825,-0.000105853088728,12.2650428012
0.698375,-6.82797552295e-05,12.2637050389
0.6985,-0.000116583829415,12.2681201887
0.698625,-9.90870616916e-05,12.2700991383
0.69875,-8.14930314277e-05,12.2700314161
0.698875,-0.000101428194331,12.2723094873
0.699,-8.32247385706e-05,12.2724230288
0.699125,-9.27773457534e-05,12.2736174874
0.69925,-8.11594951799e-05,12.2735114264
0.699375,-8.9026768947e-05,12.2742662095
0.6995,-7.91476901402e-05,12.2739521963
0.699625,-5.16512582443e-05,12.2713256662
0.69975,-4.75834888778e-05,12.2684403558
0.699875,-4.26196972879e-05,12.2652676098
0.7,2.16581097188e-05,12.261227106
0.700125,3.42518406563e-06,12.2568917328
0.70025,2.205532399e-06,12.2525519305
0.700375,0.000108616221407,12.2558314341
0.7005,4.13388349622e-05,12.2525926177
0.700625,6.03929278623e-05,12.2506076332
0.70075,8.32134974726e-05,12.2507422789
0.700875,7.79668926453e-05,12.2503302264
0.701,0.000118001261201,12.2549870575
0.701125,7.32214642382e-05,12.2541078616
0.70125,0.000128965391103,12.2605033279
0.701375,0.000140488637465,12.2688818538
0.7015,9.26958630455e-05,12.2700711025
0.701625,6.25197594138e-05,12.2682449254
0.70175,8.80206498487e-05,12.2688912464
0.701875,8.27246738165e-05,12.2689548865
0.702,7.73943407335e-05,12.2684691361
0.702125,4.4317530478e-05,12.265391459
0.70225,-2.64278364803e-05,12.2614988153
0.702375,-3.75070202946e-05,12.2580636311
0.7025,1.46122410022e-05,12.2538585855
0.702625,-4.72290388323e-05,12.2509574299
0.70275,-4.46035928864e-05,12.2479013148
0.702875,-7.26152132833e-05,12.2469705816
0.703,-7.3790134882e-05,12.2461518714
0.703125,-7.712908636e-05,12.2456598964
0.70325,-0.000127944932602,12.2519068568
0.703375,-9.27538236898e-05,12.2531247004
0.7035,-0.000110439903734,12.2566610446
0.703625,-7.09199844099e-05,12.2555663556
0.70375,-9.21545840242e-05,12.2567080047
0.703875,-9.25393158967e-05,12.2578940622
0.704,-3.62744081928e-05,12.2544009047
0.704125,-6.21786529321e-05,12.2525563433
0.70425,-3.46025925626e-05,12.2489876185
0.704375,-2.77674797205e-05,12.2451436624
0.7045,-6.11392514958e-05,12.2432214474
0.704625,-1.39275238728e-06,12.2388797596
0.70475,4.33484770956e-05,12.2357556367
0.704875,2.79186509485e-05,12.2319186674
0.705,2.68933854145e-05,12.2280456352
0.705125,5.07881690524e-05,12.2253798646
0.70525,4.61833399184e-05,12.2224246491
0.705375,8.2955847382e-05,12.2225605806
0.7055,0.000109256299166,12.2259835045
0.705625,0.000103549421581,12.2286114765
0.70575,0.000108437217125,12.2319078576
0.705875,0.000161987115362,12.2445810336
0.706,0.000113316371274,12.2485490849
0.706125,0.00016260578008,12.2612867834
0.70625,0.000111730794363,12.2649931004
0.706375,0.000110025255726,12.2684491201
0.7065,0.000113856350672,12.2724505502
0.706625,8.14662078667e-05,12.272377704
0.70675,5.90550682535e-05,12.270279188
0.706875,-1.67939963607e-05,12.2661178837
0.707,6.06216633194e-05,12.2641434038
0.707125,4.74897559114e-06,12.2598150044
0.70725,1.99281192351e-05,12.255728437
0.707375,-1.094910492e-05,12.2514629601
0.7075,-6.17551551611e-05,12.2495861586
0.707625,-6.47978909118e-05,12.2479594579
0.70775,-6.53206244558e-05,12.2463777783
0.707875,-8.00757037168e-05,12.2461853075
0.708,-0.000107626648769,12.2493376411
0.708125,-9.68280010068e-05,12.2510579599
0.70825,-0.00010604154874,12.253983173
0.708375,-6.55251548549e-05,12.252414957
0.7085,-8.51786919498e-05,12.2527615217
0.708625,-5.92904699587e-05,12.250691169
0.70875,-7.84928382502e-05,12.2503323515
0.708875,-4.69282354941e-05,12.2474140478
0.709,-0.000106198888218,12.2503669409
0.709125,-6.81778724728e-05,12.2490303586
0.70925,-5.54903154612e-05,12.2466797986
0.709375,4.65443230894e-08,12.2423368552
0.7095,-5.15518201662e-05,12.2397162139
0.709625,1.12659420111e-05,12.2354555882
0.70975,7.31814821017e-05,12.2345882013
0.709875,7.24332964258e-05,12.2336508192
0.71,9.5802119384e-05,12.2352648902
0.710125,2.92367024993e-05,12.2314768828
0.71025,0.000112350150808,12.2353286051
0.710375,9.60291921891e-05,12.2369686189
0.7105,7.66271802472e-05,12.2364347519
0.710625,9.95290974054e-05,12.238516862
0.71075,0.000125280240328,12.2443445114
0.710875,9.81127639666e-05,12.2462338386
0.711,0.000113603427894,12.2502408349
0.711125,6.89833611928e-05,12.2489757737
0.71125,8.33820569421e-05,12.249130257
0.711375,6.08261443281e-05,12.2471811203
0.7115,-4.53625874798e-06,12.242851499
0.711625,7.79791863579e-06,12.2385479647
0.71175,2.71510318907e-05,12.2346832483
0.711875,-1.30389798794e-05,12.2304506999
0.712,-3.39566145747e-05,12.2268571448
0.712125,7.32837365441e-07,12.2225145493
0.71225,-4.47298296389e-06,12.2181846327
0.712375,-4.58751929944e-05,12.2152132335
0.7125,-6.14673662976e-05,12.2133339793
0.712625,-8.51398047772e-05,12.2137185938
0.71275,-9.48992541852e-05,12.2152478591
0.712875,-0.000100177652636,12.217445721
0.713,-9.40049292568e-05,12.2188599624
0.713125,-7.042388231e-05,12.2177479945
0.71325,-6.14239718926e-05,12.2158638289
0.713375,-0.000109058941221,12.2192706772
0.7135,-7.46572908531e-05,12.2185583234
0.713625,-4.44752633861e-05,12.2155043944
0.71375,-0.00013671690416,12.2233352631
0.713875,-2.86353436708e-05,12.2195261275
0.714,-3.67200890761e-05,12.2160617042
0.714125,-4.10873342066e-05,12.2128195284
0.71425,2.16242998252e-05,12.2087817442
0.714375,7.50591006514e-05,12.2081174291
0.7145,6.70826629285e-05,12.2067135099
0.714625,1.35699959301e-05,12.2024909088
0.71475,6.86789230225e-05,12.2012324664
0.714875,8.53177618957e-05,12.2016500931
0.715,8.53465197692e-05,12.2020704701
0.715125,6.95723219548e-05,12.2008930751
0.71525,0.000158125960949,12.2128822168
0.715375,0.000124809510572,12.2186933576
0.7155,9.22795441605e-05,12.2198967425
0.715625,8.47770564421e-05,12.2202341058
0.71575,4.58642098544e-05,12.2172614033
0.715875,0.000127798858421,12.2235534571
0.716,3.70276213179e-05,12.2201029812
0.716125,7.04164440405e-05,12.218989407
0.71625,5.97625238236e-06,12.2146697377
0.716375,5.47957542405e-05,12.2122850532
0.7165,2.71519636256e-05,12.2084232704
0.716625,-4.15204757336e-05,12.2052064011
0.71675,2.17533508705e-05,12.2011728117
0.716875,-2.66155672105e-05,12.1972933911
0.717,-5.623984989e-05,12.1950215264
0.717125,-6.6760656677e-05,12.1935982568
0.71725,-4.67567098289e-05,12.1906881526
0.717375,-8.03184150657e-05,12.1905747313
0.7175,-0.000119047484792,12.1955184571
0.717625,-9.24918755183e-05,12.1967771717
0.71775,-0.000102173326292,12.1992670023
0.717875,-0.000119173436218,12.2042117802
0.718,-8.08852032013e-05,12.2041449038
0.718125,-0.000108218748848,12.2074535083
0.71825,-0.000112114813755,12.2113161908
0.718375,-8.63015633833e-05,12.2118328869
0.7185,-5.94018056115e-05,12.2097926686
0.718625,-2.85421830073e-05,12.2059817217
0.71875,-5.37803327602e-05,12.2035289247
0.718875,-4.73585017371e-05,12.2006525782
0.719,-9.324908463e-06,12.19636654
0.719125,3.78422088834e-05,12.1929616125
0.71925,6.91978056097e-05,12.191756813
0.719375,4.72954199393e-05,12.1888805323
0.7195,5.33958838254e-05,12.1864081639
0.719625,7.07474068723e-05,12.1853503861
0.71975,3.69021920553e-05,12.1819017059
0.719875,7.60660722712e-05,12.181360158
0.72,7.24299313254e-05,12.1804644351
0.720125,8.04266966797e-05,12.1803724103
0.72025,9.96732921864e-05,12.1825567936
0.720375,0.000127458037724,12.188877035
0.7205,7.45664035317e-05,12.1881812753
0.720625,6.59327034e-05,12.1866905471
0.72075,8.87232318633e-05,12.1875128226
0.720875,9.90538589191e-05,12.1896058056
0.721,7.56956438968e-05,12.1890206704
0.721125,6.45427134828e-05,12.1874104587
0.72125,2.41453397881e-05,12.1834502046
0.721375,1.71220402361e-05,12.1792998782
0.7215,9.75210290447e-06,12.1750194802
0.721625,-5.83427217676e-05,12.1729168081
0.72175,-4.32055259341e-05,12.1698031889
0.721875,-7.41033413423e-05,12.1690781381
0.722,-7.28322677719e-05,12.1682306711
0.722125,-0.000142481590965,12.1772526815
0.72225,-0.000108412948958,12.1806364028
0.722375,-7.5003094117e-05,12.1799904741
0.7225,-4.71047031547e-05,12.1771063369
0.722625,-9.45525419397e-05,12.1786421192
0.72275,-7.82051995532e-05,12.1783202983
0.722875,-0.000109936314561,12.1819205368
0.723,-6.50619273028e-05,12.1803589968
0.723125,-5.41251565863e-05,12.1779418362
0.72325,-9.87711695258e-05,12.1800122715
0.723375,-8.94362725006e-05,12.1809259249
0.7235,-2.8102788501e-05,12.1771021646
0.723625,-2.28521835066e-05,12.1731028328
0.72375,1.0217884075e-05,12.1688286501
0.723875,1.02108496715e-05,12.1645544405
0.724,1.88616706707e-05,12.1604462613
0.724125,7.84463872957e-05,12.1601662489
0.72425,8.58855297234e-05,12.1606932186
0.724375,3.89062242676e-05,12.1573499523
0.7245,4.23616981342e-05,12.1541930326
0.724625,5.67297278599e-05,12.151978409
0.72475,0.000105986389842,12.1550634726
0.724875,6.32624440488e-05,12.1533665578
0.725,0.000117670206313,12.1581748587
0.725125,7.26004937835e-05,12.157313916
0.72525,9.6487384341e-05,12.1591205256
0.725375,0.000107973851177,12.1624738765
0.7255,9.08621265033e-05,12.1635783094
0.725625,4.51576756879e-05,12.1605811615
0.72575,0.00011539977173,12.1650254838
0.725875,4.77275753099e-05,12.1621853437
0.726,5.52760477643e-05,12.1598593532
0.726125,1.17855456936e-06,12.155517326
0.72625,-6.8580099331e-06,12.1512054829
0.726375,-2.10250814432e-05,12.147155143
0.7265,-8.6972341491e-05,12.1478210459
0.726625,-4.46466729659e-05,12.1447983979
0.72675,-8.70051878563e-05,12.145470802
0.726875,-4.3258417635e-05,12.1423680056
0.727,-5.34679861878e-05,12.1399208827
0.727125,-8.79548528613e-05,12.1407090609
0.72725,-9.4737206619e-05,12.1423174474
0.727375,-0.000125814018701,12.1484613117
0.7275,-0.00011116619207,12.1522960799
0.727625,-0.000115730391167,12.1568076326
0.72775,-9.0584385891e-05,12.1578858989
0.727875,-6.2713857671e-05,12.1561416172
0.728,-0.000112255694899,12.160122591
0.728125,-6.48629625667e-06,12.1558074383
0.72825,-5.91083845983e-05,12.1537741289
0.728375,5.72726861633e-06,12.149452884
0.7285,-1.64003016043e-06,12.1451117204
0.728625,1.86908381391e-05,12.1410003424
0.72875,5.96273390575e-05,12.1390157808
0.728875,1.72825297294e-05,12.1348711003
0.729,7.70178354471e-05,12.1344676455
0.729125,3.39650679135e-05,12.1308912169
0.72925,8.84003843675e-05,12.1317422602
0.729375,0.000115661640657,12.1362852187
0.7295,6.77369316654e-05,12.1349888474
0.729625,9.03028236868e-05,12.1360606038
0.72975,0.00010603620849,12.1391799235
0.729875,9.93210350436e-05,12.1413800066
0.73,6.54189869482e-05,12.139875433
0.730125,9.15050453366e-05,12.1410859823
0.73025,0.000135009904045,12.1488200677
0.730375,0.000104376356116,12.1516865909
0.7305,6.6210890274e-06,12.1473726616
0.730625,9.02157760463e-05,12.1484186118
0.73075,3.67983338107e-05,12.144972499
0.730875,-3.19852381477e-06,12.1406363359
0.731,-2.21103617701e-06,12.136296635
0.731125,9.25856313342e-06,12.1320106274
0.73125,-6.51829161586e-05,12.1304916962
0.731375,-5.94043262322e-05,12.1284952005
0.7315,-7.96281901034e-05,12.1283693642
0.731625,-2.25295674408e-05,12.1243641679
0.73175,-0.000101592097075,12.1268900319
0.731875,-0.000131313411224,12.1340100629
0.732,-0.000103898158973,12.1368351137
0.732125,-7.92006692098e-05,12.1366561377
0.73225,-8.3114910243e-05,12.1368988802
0.732375,-8.48173228046e-05,12.1373310296
0.7325,-6.62534012294e-05,12.1359020142
0.732625,-0.000124218292182,12.141796958
0.73275,-4.50279500561e-05,12.1387988169
0.732875,-6.2563295285e-05,12.1370534641
0.733,-5.80848208197e-05,12.1349505266
0.733125,-3.13637280918e-05,12.1312611172
0.73325,-1.18307017585e-05,12.1270112471
0.733375,1.71851614893e-05,12.1228648816
0.7335,-1.16513286021e-06,12.1185228412
0.733625,8.46640054463e-06,12.1142277027
0.73375,5.64294306007e-05,12.1120100752
0.733875,1.95619954801e-05,12.1079227263
0.734,4.29677681955e-05,12.1048139461
0.734125,9.89644508073e-05,12.1070187364
0.73425,0.000112731570162,12.1111657616
0.734375,0.000142553458238,12.1203779095
0.7345,0.000109209816805,12.1239787921
0.734625,0.000125957511293,12.1301909845
0.73475,8.71307864174e-05,12.1308948071
0.734875,9.63174975336e-05,12.1327171605
0.735,7.80665576925e-05,12.1324236778
0.735125,4.3030754577e-05,12.1293115556
0.73525,-8.36456527166e-06,12.1250151581
0.735375,7.20576423865e-05,12.1241286391
0.7355,2.59498331402e-05,12.1202342076
0.735625,-2.4168168892e-05,12.1162806539
0.73575,-2.1756894082e-05,12.1122535668
0.735875,-2.78490236723e-05,12.1084285986
0.736,-5.09238279601e-05,12.1058188752
0.736125,-6.08303606884e-05,12.1039503688
0.73625,-8.78193712753e-05,12.1047652796
0.736375,-0.000100635898322,12.1071930139
0.7365,-8.93518717492e-05,12.1081854164
0.736625,-0.000107181411755,12.1115157008
0.73675,-0.000102053264413,12.114124537
0.736875,-0.000115553386329,12.1186869022
0.737,-0.000117976136394,12.1236164699
0.737125,-6.96722921519e-05,12.1225060241
0.73725,-9.3636359486e-05,12.1240014003
0.737375,-8.4175753209e-05,12.1243756034
0.7375,-3.29281097788e-05,12.1207547653
0.737625,-4.37942188024e-05,12.1176901289
0.73775,-1.94106378501e-05,12.1135985113
0.737875,1.31272614727e-05,12.1093706265
0.738,7.16927303121e-06,12.1050620337
0.738125,4.4952510173e-07,12.1007192241
0.73825,4.35073884026e-05,12.0976437333
0.738375,6.15853337739e-05,12.0958417884
0.7385,1.00407034614e-05,12.0915664336
0.738625,6.15630553734e-05,12.0897662058
0.73875,8.14992703024e-05,12.0898803307
0.738875,9.04923996923e-05,12.0910315664
0.739,7.73727466695e-05,12.090704805
0.739125,0.000103918519502,12.0936044639
0.73925,5.34283649903e-05,12.0911759032
0.739375,7.99803918949e-05,12.0911241349
0.7395,3.99807899599e-05,12.0878538898
0.739625,6.46873826267e-05,12.0863206114
0.73975,0.000122047906371,12.091974677
0.739875,8.55108288681e-05,12.0925356257
0.74,4.29955369653e-05,12.0894328265
0.740125,6.78242056349e-06,12.085120768
0.74025,4.54169788314e-05,12.0821639296
0.740375,1.18873678506e-06,12.0778219352
0.7405,-1.40494778087e-05,12.0736118745
0.740625,-7.70693185937e-06,12.0693089556
0.74075,-5.12613235453e-05,12.0667381654
0.740875,-3.41030730752e-05,12.0631801226
0.741,-7.6628910617e-05,12.0628018795
0.741125,-6.43699193783e-05,12.0612571898
0.74125,-6.07853514401e-05,12.0594104992
0.741375,-7.63085644473e-05,12.0590026042
0.7415,-8.2559748192e-05,12.0592659105
0.741625,-8.09282659728e-05,12.0593487889
0.74175,-5.47651754769e-05,12.0570331262
0.741875,-8.53677378278e-05,12.0576171449
0.742,-3.25848070606e-05,12.0539922823
0.742125,-9.30232773929e-05,12.0555030692
0.74225,-0.000116923508863,12.0604014168
0.742375,-4.99281239258e-05,12.0577431139
0.7425,-3.79091270665e-05,12.0543720345
0.742625,5.31432095346e-06,12.0500482058
0.74275,-2.77173918409e-05,12.0462257545
0.742875,-4.075121361e-05,12.0430088235
0.743,1.55260260191e-05,12.0388294673
0.743125,5.65851378005e-06,12.0345082726
0.74325,0.00011617692731,12.0393332718
0.743375,2.95371943568e-05,12.035582866
0.7435,8.54803447792e-05,12.0362043294
0.743625,8.61716134077e-05,12.0369056423
0.74375,6.71582060109e-05,12.0356267477
0.743875,6.16809955932e-05,12.0338693489
0.744,0.000104675568552,12.0369715446
0.744125,7.43114311256e-05,12.0363797807
0.74425,4.74232175679e-05,12.0335651377
0.744375,0.000101463378076,12.0362182566
0.7445,8.03976239208e-05,12.036266545
0.744625,6.81967455706e-05,12.0350835787
0.74475,5.00168707259e-05,12.0324411514
0.744875,3.98996083111e-05,12.029181087
0.745,1.58399915829e-05,12.0250089567
0.745125,2.82522314123e-05,12.0212099117
0.74525,7.25844573875e-06,12.0169029009
0.745375,-2.9291786788e-05,12.0131457079
0.7455,-1.24574403657e-05,12.0089088054
0.745625,-6.0653092047e-05,12.0070813976
0.74575,-9.28444435109e-05,12.0086329996
0.745875,-5.82186257498e-05,12.0066079093
0.746,-6.48391366782e-05,12.0051411132
0.746125,-6.73024585648e-05,12.0038979723
0.74625,-8.16404297056e-05,12.0041168055
0.746375,-0.00011043188463,12.0081164636
0.7465,-9.00722899087e-05,12.0093202214
0.746625,-9.93189192866e-05,12.0117184629
0.74675,-7.76217903426e-05,12.0114920464
0.746875,-7.74409854788e-05,12.0112466975
0.747,-7.67658935462e-05,12.0109304787
0.747125,-3.94932861847e-05,12.0076537412
0.74725,-2.95482762592e-05,12.0039081212
0.747375,-7.07616690123e-06,11.9995994646
0.7475,-4.35681767456e-05,11.9965574538
0.747625,1.02285238528e-05,11.9922862732
0.74775,5.71037081395e-07,11.9879435523
0.747875,1.00475066025e-05,11.9836699916
0.748,9.45296736514e-05,11.9854703734
0.748125,4.07333714629e-05,11.9822683037
0.74825,6.07554589452e-05,11.9804649177
0.748375,6.21384313932e-05,11.9787795305
0.7485,5.51409283494e-05,11.9765302497
0.748625,0.000104109532234,11.9796500097
0.74875,7.47095345003e-05,11.9791488798
0.748875,7.98053832512e-05,11.9791899471
0.749,5.07792616317e-05,11.9766224443
0.749125,0.000130534148918,11.9840052623
0.74925,4.89020406856e-05,11.9813071159
0.749375,7.80493640234e-05,11.981155386
0.7495,5.06492546552e-05,11.9785780065
0.749625,6.20832995912e-05,11.9768890595
0.74975,4.05006290391e-05,11.9736762218
0.749875,-4.06643604018e-06,11.9693446795
0.75,-2.49194299243e-05,11.9654303441
0.750125,-1.46080806559e-05,11.9612348264
0.75025,-2.16982777756e-05,11.9572174575
0.750375,-4.48353603937e-05,11.9542657189
0.7505,-4.54591143205e-05,11.9513539246
0.750625,-5.87907493121e-05,11.9494059732
0.75075,-9.76343083998e-05,11.9516680691
0.750875,-0.000102972551735,11.9546677341
0.751,-0.000103281032754,11.957706325
0.751125,-7.22864445992e-05,11.9569783429
0.75125,-8.82754321135e-05,11.9580262051
0.751375,-8.98710684103e-05,11.9592692399
0.7515,-0.000107572330906,11.9629249272
0.751625,-5.97153414545e-05,11.9610463053
0.75175,-9.98689298638e-05,11.9635954831
0.751875,-8.02037713857e-05,11.9636962852
0.752,-4.17565495896e-05,11.9605582676
0.752125,-1.2689474188e-05,11.9563266925
0.75225,-5.85176185987e-05,11.9543538309
0.752375,-1.9342553678e-05,11.9502700179
0.7525,1.1303505081e-05,11.9460156532
0.752625,1.9918948713e-05,11.9419480419
0.75275,0.00010709865961,11.9455651634
0.752875,8.7278825331e-05,11.9465059233
0.753,2.53902562082e-05,11.9426102824
0.753125,8.51627147513e-05,11.9433015058
0.75325,0.000112524471918,11.9477420296
0.753375,7.31871836812e-05,11.947113168
0.7535,7.01922911943e-05,11.9461871695
0.753625,8.82348621856e-05,11.9472434717
0.75375,8.69170874945e-05,11.9481385275
0.753875,8.77982679456e-05,11.9491391627
0.754,4.90324495597e-05,11.946463125
0.754125,7.50730350899e-05,11.9460291981
0.75425,5.94452370735e-05,11.9441378561
0.754375,3.48666440935e-05,11.94063884
0.7545,2.64695381783e-06,11.9363007634
0.754625,-1.783601648e-05,11.9321790751
0.75475,1.16730138496e-05,11.9279309907
0.754875,-2.15319948699e-05,11.9239111189
0.755,-2.919561786e-05,11.9201626798
0.755125,-6.1227000678e-05,11.9184359917
0.75525,-4.16884325946e-05,11.9153066267
0.755375,-7.39914810587e-05,11.9147882555
0.7555,-8.61740964749e-05,11.9156327943
0.755625,-0.000105333380734,11.9190366586
0.75575,-9.72633264285e-05,11.9212946565
0.755875,-7.41440196178e-05,11.9207867747
0.756,-9.35556769721e-05,11.9225490005
0.756125,-8.17701722148e-05,11.9228688177
0.75625,-2.55428530645e-05,11.9189810398
0.756375,-7.07226071852e-05,11.9181293802
0.7565,-6.63950983417e-05,11.9168642799
0.756625,-5.42828511261e-05,11.9145794871
0.75675,-3.6370823108e-05,11.9111611203
0.756875,-2.30004061968e-05,11.9071882404
0.757,-5.23090334214e-05,11.9047607873
0.757125,-7.17865587606e-06,11.900453946
0.75725,1.40112653939e-06,11.8961123779
0.757375,5.21089473864e-05,11.8936751551
0.7575,8.89590698224e-05,11.8948871157
0.757625,9.71266092014e-05,11.89716326
0.75775,3.25700356519e-05,11.8935647461
0.757875,5.32748888226e-05,11.8912149076
0.758,4.7265011452e-05,11.8884416786
0.758125,0.000112069982358,11.8929221076
0.75825,9.40407326098e-05,11.8947874362
0.758375,9.57174012744e-05,11.8968731899
0.7585,0.00012226607779,11.9030097809
0.758625,0.00011823294412,11.9084533518
0.75875,9.28257895178e-05,11.9101378352
0.758875,3.14667300163e-05,11.9064876719
0.759,7.56404822023e-05,11.9061497134
0.759125,6.03794087747e-05,11.9043593323
0.75925,1.73676819086e-05,11.900227726
0.759375,2.48610223502e-05,11.8963182272
0.7595,-1.6731731592e-06,11.8919772475
0.759625,3.21034204252e-05,11.888358422
0.75975,2.29806450871e-06,11.8840191911
0.759875,-2.00726574125e-05,11.8799598652
0.76,-4.82177594769e-05,11.8772547837
0.760125,-6.6082233776e-05,11.8759895761
0.76025,-6.67628626575e-05,11.8747889867
0.760375,-5.39866561557e-05,11.8725016137
0.7605,-0.000100985149021,11.8753506195
0.760625,-8.67070511892e-05,11.876307362
0.76075,-0.000104132668006,11.8796045811
0.760875,-0.000109088908851,11.8836393067
0.761,-0.000111111272467,11.8879791576
0.761125,-8.00575826089e-05,11.8881415078
0.76125,-4.85175329033e-05,11.8854537306
0.761375,-4.31229965569e-05,11.88241921
0.7615,-4.98422883844e-05,11.8798253386
0.761625,-3.71852338729e-05,11.8764566009
0.76175,-2.2800319347e-05,11.8724802281
0.761875,-1.11380991162e-05,11.8682248444
0.762,2.1394391936e-05,11.8642052718
0.762125,-2.0403584134e-06,11.859865271
0.76225,6.93259093642e-05,11.8589230867
0.762375,4.06581595354e-05,11.855750412
0.7625,3.45075548017e-05,11.8522510984
0.762625,0.000124506459785,11.858886858
0.76275,9.1082877588e-05,11.8604138409
0.762875,0.00012844694774,11.8677326658
0.763,9.88468903555e-05,11.8702881353
0.763125,9.12763985547e-05,11.8718246263
0.76325,0.000111281369894,11.8762147572
0.763375,6.96232083032e-05,11.8752889086
0.7635,2.34936357957e-05,11.871335272
0.763625,2.64874445968e-05,11.8674876215
0.76375,0.000105476877601,11.870999103
0.763875,3.28633022592e-05,11.8674186336
0.764,-1.63053419547e-05,11.8632635556
0.764125,1.20285553838e-05,11.8590229488
0.76425,3.04521434203e-05,11.8553365151
0.764375,2.62423462119e-05,11.8514815354
0.7645,5.48007022529e-07,11.8471388036
0.764625,6.38506400727e-06,11.8428248026
0.76475,-3.95587528245e-06,11.8384929788
0.764875,-6.95089762223e-05,11.8375856307
0.765,-7.59583013811e-05,11.8373459383
0.765125,-0.000116761481187,11.8426929425
0.76525,-9.07921421957e-05,11.8442043111
0.765375,-7.21933540762e-05,11.843562463
0.7655,-6.43656419263e-05,11.8421622203
0.765625,-0.00012527898549,11.8489602851
0.76575,-2.32755863072e-05,11.8450017793
0.765875,-4.04932768871e-05,11.8418233598
0.766,-6.14314389114e-05,11.8401620918
0.766125,-4.91130922595e-05,11.8375340283
0.76625,-4.09554314439e-05,11.8343843884
0.766375,-5.44191237021e-05,11.8321495898
0.7665,-5.48905464466e-05,11.829952569
0.766625,-1.53693878734e-05,11.8257779888
0.76675,6.0131130665e-05,11.8240139379
0.766875,4.20517241218e-05,11.8209329502
0.767,6.04982022841e-06,11.816616147
0.767125,2.36506684797e-05,11.8126730978
0.76725,6.07185988624e-05,11.8109676124
0.767375,9.10028740793e-05,11.8125492627
0.7675,9.22022996444e-05,11.8142857926
0.767625,7.3955180732e-05,11.8138535483
0.76775,8.80424153025e-05,11.8150525573
0.767875,0.000122673201198,11.8214593542
0.768,0.000105896938341,11.8251177402
0.768125,6.62804529844e-05,11.8239083983
0.76825,8.09433890559e-05,11.8242393565
0.768375,4.98023331005e-05,11.821666229
0.7685,6.99752866606e-05,11.8208186244
0.768625,4.53462072526e-05,11.8179441599
0.76875,5.43516925099e-05,11.8157121151
0.768875,-2.67753135483e-05,11.8118818118
0.769,-1.35235900627e-05,11.8076697643
0.769125,-4.49698301046e-05,11.8047754064
0.76925,-5.09242180135e-05,11.8022912063
0.769375,-5.39091453144e-05,11.800032431
0.7695,-6.63100608459e-05,11.7988440503
0.769625,-2.89252445932e-05,11.7951016997
0.76975,-6.98711568376e-05,11.7942650773
0.769875,-4.34306538531e-05,11.7912774466
0.77,-0.000139817052794,11.8009701365
0.770125,-0.000101771831107,11.8040527364
0.77025,-0.000122168961913,11.8103984558
0.770375,-0.000101411583559,11.8134126483
0.7705,-6.49188788624e-05,11.8120840385
0.770625,-8.00430925094e-05,11.8123241124
0.77075,-8.70103354675e-05,11.8133959373
0.770875,-4.75424108657e-05,11.8106698935
0.771,-5.72357819626e-05,11.8086716768
0.771125,-7.69798327318e-05,11.8085711759
0.77125,-3.81755961853e-05,11.8052719987
0.771375,-3.16449936858e-05,11.8016468291
0.7715,-7.90308903017e-07,11.7973043323
0.771625,-2.27219173656e-05,11.7933321386
0.77175,4.19650318354e-06,11.7890018523
0.771875,6.10520110993e-05,11.7873399716
0.772,6.38067386768e-05,11.7859265308
0.772125,1.80067394161e-05,11.7818170432
0.77225,8.4149343192e-05,11.7825745214
0.772375,0.00010566053025,11.7862688303
0.7725,0.000122663419712,11.7927452974
0.772625,9.66787015339e-05,11.7951165301
0.77275,0.000119999718504,11.8011077048
0.772875,6.20674302654e-05,11.7995280093
0.773,6.74865496225e-05,11.7984528966
0.773125,6.69864663246e-05,11.7973303479
0.77325,8.43325364935e-05,11.7980917894
0.773375,4.51984134189e-05,11.7952154232
0.7735,8.02096756417e-05,11.7954924834
0.773625,4.63565821018e-05,11.7926931495
0.77375,2.11187599811e-05,11.7886708265
0.773875,3.26296688705e-05,11.7850939393
0.774,-7.47602762052e-06,11.780791245
0.774125,-6.85422732847e-05,11.7798337009
0.77425,1.75023631207e-05,11.775711628
0.774375,-6.183152565e-05,11.7741270519
0.7745,-9.95336127505e-05,11.7769308956
0.774625,-4.84811271267e-05,11.7742834946
0.77475,-0.000113295950107,11.7791977353
0.774875,-7.76739959219e-05,11.7792034515
0.775,-3.1495883755e-05,11.7755758145
0.775125,-9.1043119797e-05,11.7772111905
0.77525,-7.5959977645e-05,11.7770290948
0.775375,-0.000124924423922,11.7839314462
0.7755,-4.19595564868e-05,11.7808565815
0.775625,-7.70117391435e-05,11.7807868642
0.77575,-0.000107992363367,11.7848429443
0.775875,-6.73515852176e-06,11.7805326696
0.776,-2.64956446357e-05,11.7766957963
0.776125,3.92189472462e-05,11.7734625584
0.77625,1.10887882938e-05,11.7692084025
0.776375,1.88578679973e-05,11.7651224932
0.7765,4.03057623389e-05,11.7619547293
0.776625,6.71097826288e-05,11.7608713123
0.77675,3.19188838434e-05,11.7572661237
0.776875,5.93552954838e-05,11.7554759164
0.777,4.91279285786e-05,11.7528826705
0.777125,2.67568797695e-05,11.7490591212
0.77725,8.58046874799e-05,11.7500592409
0.777375,3.32971431881e-05,11.7465211355
0.7775,5.0129780344e-05,11.7440037237
0.777625,9.12182645351e-05,11.7457058642
0.77775,7.56535561911e-06,11.7414045131
0.777875,9.0010108264e-05,11.7429512129
0.778,5.87861772022e-05,11.7411205662
0.778125,4.87137003841e-05,11.7385036396
0.77825,4.94126520654e-05,11.7359376586
0.778375,-2.08986773353e-05,11.731912818
0.7785,-1.06758905959e-05,11.7276529643
0.778625,5.52385177e-05,11.7255361412
0.77875,-4.88062979978e-05,11.7229320085
0.778875,-3.66293446785e-06,11.7185988655
0.779,-8.61163795809e-05,11.7196757063
0.779125,-1.80727033427e-05,11.7155715471
0.77925,-3.80794966848e-05,11.7122895981
0.779375,-6.49165854968e-05,11.7110317558
0.7795,-9.2585476516e-05,11.7129637608
0.779625,-2.53537366976e-05,11.7090914741
0.77975,-0.0001003665827,11.7121248831
0.779875,-9.54197625506e-05,11.714444979
0.78,-6.66457897339e-05,11.7133520084
0.780125,-0.000139604942762,11.7232551435
0.78025,-9.50654807534e-05,11.7255089754
0.780375,-7.59392878721e-05,11.7253743936
0.7805,-1.12177695103e-05,11.721123327
0.780625,-2.77820128766e-05,11.7173444461
0.78075,-5.86468832045e-06,11.7130266604
0.780875,1.36665599017e-05,11.7088204729
0.781,-2.1557139669e-05,11.7048181124
0.781125,1.36098178313e-05,11.7006110482
0.78125,2.1795795206e-05,11.696616929
0.781375,5.80964311454e-05,11.6947540014
0.7815,6.32973376743e-05,11.6933560865
0.781625,3.0638773703e-05,11.6897035629
0.78175,8.03369802038e-05,11.6901092082
0.781875,8.16572927987e-05,11.6906716724
0.782,5.87743478585e-05,11.6888704192
0.782125,0.000110128811228,11.6934484063
0.78225,7.51158874692e-05,11.6932535959
0.782375,0.000120401053019,11.6995605159
0.7825,0.000115139134697,11.7049438105
0.782625,8.30213957324e-05,11.7056541586
0.78275,4.32599396094e-05,11.7026836092
0.782875,-1.12770196836e-05,11.6984340021
0.783,3.58075511728e-05,11.6950329474
0.783125,7.81930019536e-05,11.6951831357
0.78325,-9.64027055157e-06,11.6909085188
0.783375,-1.72129277338e-05,11.6867836205
0.7835,-3.81529382637e-06,11.6824513988
0.783625,-3.59007985593e-05,11.6790587459
0.78375,-6.89222833522e-05,11.678219927
0.783875,-8.00374324411e-05,11.6786027185
0.784,-6.44100094814e-05,11.6773205732
0.784125,-5.39965181688e-05,11.6751295842
0.78425,-9.54949461977e-05,11.6775172231
0.784375,-0.000104522538703,11.6812318971
0.7845,-8.97272622038e-05,11.6828232643
0.784625,-8.63873933943e-05,11.6839793347
0.78475,-4.6896257187e-05,11.6812572251
0.784875,-5.32080530005e-05,11.6790019707
0.785,-9.85093980277e-05,11.6818145063
0.785125,-2.67651683226e-05,11.6779998529
0.78525,-5.29864722046e-05,11.6757288039
0.785375,-8.44161171616e-05,11.676645503
0.7855,-4.32429392582e-05,11.6736830642
0.785625,1.78073173502e-05,11.669574412
0.78575,-1.91782509337e-05,11.6655034794
0.785875,2.38099767179e-05,11.6615801854
0.786,3.85148339871e-05,11.6583362074
0.786125,2.16381134535e-05,11.6543404223
0.78625,8.10832465861e-05,11.6548741753
0.786375,7.2855623195e-05,11.654468393
0.7865,9.00506290589e-05,11.6561395034
0.786625,5.24140059262e-05,11.6538341653
0.78675,0.000145674491715,11.6652143394
0.786875,9.406606285e-05,11.6674171331
0.787,8.20752494256e-05,11.6680558598
0.787125,0.000114541878471,11.6734086252
0.78725,0.000111567433662,11.6782535756
0.787375,8.58280055499e-05,11.6793444158
0.7875,5.28428815093e-05,11.6770615175
0.787625,3.61138726337e-05,11.6736813709
0.78775,2.33858896801e-05,11.6697425002
0.787875,2.38384197908e-05,11.665819799
0.788,-1.53845360924e-05,11.6616520483
0.788125,-7.28616754859e-06,11.6573484379
0.78825,-5.21848197441e-05,11.6550247615
0.788375,-3.52172707778e-05,11.6516020636
0.7885,-4.77518143427e-05,11.6489521945
0.788625,-3.02693826591e-05,11.6452900494
0.78875,-7.87773077225e-05,11.6455601112
0.788875,-4.45212196483e-05,11.6426909912
0.789,-0.0001195454895,11.6489700774
0.789125,-0.000100201385173,11.6520816434
0.78925,-9.10503100455e-05,11.6538903053
0.789375,-6.2289311406e-05,11.65242632
0.7895,-8.70093403459e-05,11.6537009608
0.789625,-7.12830649952e-05,11.6531281397
0.78975,-9.13488612085e-05,11.6549756899
0.789875,-9.47273495475e-05,11.6572864259
0.79,-3.63476721291e-05,11.6539232351
0.790125,-4.91443436783e-05,11.6513725735
0.79025,-3.72507393273e-05,11.6480600681
0.790375,1.08937628865e-05,11.6438053271
0.7905,4.5468971067e-05,11.6410002334
0.790625,4.02215733278e-05,11.6378614906
0.79075,-1.91868806301e-05,11.6337927982
0.790875,-2.84428216779e-05,11.6300530757
0.791,7.11593379095e-05,11.6294876884
0.791125,6.8633124522e-05,11.6286594132
0.79125,9.27168024741e-05,11.6307296234
0.791375,9.53955067803e-05,11.6331722284
0.7915,7.95497646499e-05,11.6335462869
0.791625,0.000109898736602,11.6382008514
0.79175,8.64716051226e-05,11.6394245074
0.791875,7.79608549648e-05,11.6396055981
0.792,8.9845169869e-05,11.6412698243
0.792125,0.000102315850605,11.6447128183
0.79225,7.26003541111e-05,11.6442886611
0.792375,7.48288203032e-06,11.6399873695
0.7925,5.96955695047e-05,11.6382971623
0.792625,3.2083377532e-05,11.6347209319
0.79275,1.72389653708e-06,11.6303802027
0.792875,1.96343059417e-05,11.6263249448
0.793,-8.84559792838e-06,11.6220404467
0.793125,-3.27717398518e-06,11.6177055323
0.79325,-8.80655751569e-05,11.6191634585
0.793375,-7.33679351729e-05,11.6188461676
0.7935,-7.26775761415e-05,11.6184537967
0.793625,-7.12008349988e-05,11.6179029246
0.79375,-5.84682175115e-05,11.6161177587
0.793875,-0.000107612284328,11.6204368549
0.794,-7.97558989504e-05,11.6208492946
0.794125,-9.14880605283e-05,11.6227620018
0.79425,-7.64776373053e-05,11.6227894015
0.794375,-6.15067673291e-05,11.6212737246
0.7945,-3.18501573209e-05,11.6176893563
0.794625,-8.11182346004e-05,11.6182686584
0.79475,-2.59551639717e-05,11.6144298371
0.794875,-6.38535429689e-05,11.6131398152
0.795,-3.55952006765e-05,11.6097460818
0.795125,3.51817470086e-05,11.6063311525
0.79525,-1.88745759756e-05,11.6022555388
0.795375,4.73922130027e-05,11.599599324
0.7955,-3.71476687528e-06,11.5952667507
0.795625,2.42343878058e-05,11.5913656375
0.79575,0.000102037015506,11.5948557032
0.795875,5.01024275613e-05,11.5924010933
0.796,0.000113783164294,11.5977939231
0.796125,8.79712993938e-05,11.5992660265
0.79625,8.37363351895e-05,11.6001902767
0.796375,6.95435663743e-05,11.5994802425
0.7965,9.92037481793e-05,11.6025279035
0.796625,7.71815073358e-05,11.6026568537
0.79675,7.04037150852e-05,11.6020350906
0.796875,8.34706722726e-05,11.6029226583
0.797,1.89417994253e-05,11.5988491635
0.797125,4.63277191262e-05,11.5961193055
0.79725,5.98610715427e-05,11.5944708955
0.797375,-1.04462842315e-05,11.5902100641
0.7975,-1.2576841426e-05,11.5859862593
0.797625,-2.32335174148e-05,11.5820502751
0.79775,-3.24323654127e-05,11.578501026
0.797875,-1.74419705686e-05,11.5743878394
0.798,-7.96777595969e-05,11.574841534
0.798125,-5.43144255277e-05,11.5727279288
0.79825,-3.33643236517e-05,11.5692267498
0.798375,-8.78162667397e-05,11.5707166049
0.7985,-5.23668885508e-05,11.5684479986
0.798625,-8.45802409805e-05,11.5695171298
0.79875,-9.14616144281e-05,11.5715005048
0.798875,-2.97174351879e-05,11.5678255665
0.799,-6.08918411531e-05,11.5662889393
0.799125,-7.48242166089e-05,11.5661842293
0.79925,-7.85461984782e-05,11.5665115317
0.799375,-2.3975058973e-05,11.5626038862
0.7995,-5.89208890506e-05,11.5608917432
0.799625,-3.42818385902e-06,11.5565577104
0.79975,-5.78518807028e-05,11.5547545315
0.799875,-1.47664254915e-05,11.5505771669
0.8,-4.63481334619e-05,11.5478667727
0.800125,1.52369623141e-05,11.5437004083
0.80025,-1.78765782389e-05,11.5396007557
0.800375,-2.83051558783e-05,11.5358683057
0.8005,3.33773920386e-05,11.5323749657
0.800625,5.1921866292e-05,11.5300893402
0.80075,8.25497069242e-05,11.5309475952
0.800875,5.65126634977e-05,11.5290425531
0.801,6.21856954391e-05,11.5276526567
0.801125,0.000102397979452,11.531314663
0.80125,7.60512529155e-05,11.5313854105
0.801375,5.55554872966e-05,11.5293982693
0.8015,7.12372645207e-05,11.5289298844
0.801625,7.89893533518e-05,11.5293506725
0.80175,9.24676723212e-05,11.5315339208
0.801875,1.86188181449e-05,11.5274556303
0.802,3.92008441247e-05,11.5242868476
0.802125,1.89901751329e-05,11.5202196791
0.80225,-1.69573135471e-05,11.5160968355
0.802375,-5.96498231916e-06,11.5117811522
0.8025,-2.76826856195e-05,11.5080259002
0.802625,-1.91346889381e-06,11.5036857659
0.80275,-5.87836678836e-05,11.5019971427
0.802875,-1.76460923675e-05,11.4978935443
0.803,-9.16570780648e-05,11.5000095381
0.803125,-1.4451287414e-05,11.4958271933
0.80325,-8.31107476738e-05,11.4967980757
0.803375,-8.77522441049e-05,11.4983773163
0.8035,-9.79272594614e-05,11.5014056418
0.803625,-0.000113425670853,11.5069420743
0.80375,-9.38495598252e-05,11.5093564395
0.803875,-0.000101925498802,11.5129782646
0.804,-6.75903834156e-05,11.5121366929
0.804125,-5.668958989e-05,11.510257581
0.80425,-4.25608985904e-05,11.5073041659
0.804375,-4.80657209488e-05,11.5047345664
0.8045,-8.81951123979e-05,11.5063627783
0.804625,-2.26530198558e-05,11.5024138712
0.80475,2.54536073432e-05,11.4985688628
0.804875,1.527440849e-05,11.4944053931
0.805,1.87002202029e-05,11.4903317139
0.805125,5.1062024288e-05,11.48799788
0.80525,6.39016114164e-05,11.4868027409
0.805375,6.35224024998e-05,11.485571222
0.8055,5.72342952698e-05,11.4837550762
0.805625,3.15521527251e-05,11.4801805281
0.80575,7.3466728314e-05,11.4800052831
0.805875,9.34953387759e-05,11.4824104681
0.806,9.27286693779e-05,11.4847018482
0.806125,0.00011869414985,11.4912178292
0.80625,5.97393712665e-05,11.4896240667
0.806375,8.36585742301e-05,11.4906728797
0.8065,8.88222667475e-05,11.4924058832
0.806625,8.53606096726e-05,11.4936725837
0.80675,5.60387035697e-06,11.489353824
0.806875,3.23047449101e-05,11.4858153282
0.807,1.79623719477e-05,11.481721312
0.807125,-1.66201572687e-05,11.4775916859
0.80725,2.64325844317e-07,11.4732487951
0.807375,-6.70383986705e-05,11.4723819326
0.8075,-7.39431147809e-05,11.4722684708
0.807625,-9.77224696133e-05,11.4753102491
0.80775,-8.67807264708e-05,11.4767878802
0.807875,-7.43558769909e-05,11.4767174117
0.808,-8.77475152434e-05,11.4783234387
0.808125,-0.000118527456866,11.4848248743
0.80825,-8.97206482579e-05,11.4866896675
0.808375,-0.00010565813033,11.4909496874
0.8085,-7.97891075232e-05,11.4915100434
0.808625,-7.89806224901e-05,11.49197097
0.80875,-9.62575202793e-05,11.4947607758
0.808875,-5.3255590955e-05,11.4926009965
0.809,-6.58502307237e-05,11.4915971486
0.809125,-1.78283589846e-05,11.4874991057
0.80925,-1.45954806482e-05,11.4833204543
0.809375,-3.29523499244e-05,11.4798156953
0.8095,-5.57217647631e-05,11.4778709744
0.809625,2.57372492168e-05,11.4740400096
0.80975,-3.31153301054e-05,11.4705453722
0.809875,4.79924507423e-05,11.4679853958
0.81,5.69340595069e-05,11.4661529596
0.810125,4.92918284807e-05,11.4636927182
0.81025,8.11656322201e-05,11.4644555434
0.810375,8.65416935542e-05,11.4659156514
0.8105,5.45934847447e-05,11.4638821965
0.810625,9.37466470603e-05,11.4663488929
0.81075,5.78709811678e-05,11.4646007161
0.810875,2.73995268135e-05,11.460839792
0.811,6.23804746773e-05,11.4595154357
0.811125,7.00987036801e-05,11.4589850736
0.81125,2.89584998545e-05,11.4552931011
0.811375,6.54044255748e-05,11.4542726205
0.8115,4.50626927101e-05,11.4515075398
0.811625,4.11666156312e-05,11.4484822909
0.81175,5.81604158838e-05,11.4467709266
0.811875,3.59044585089e-05,11.4434314671
0.812,-3.38111272119e-05,11.4399791026
0.812125,-4.45109828501e-05,11.4371807033
0.81225,-5.52562430241e-05,11.4352193487
0.812375,-6.16005685547e-05,11.4338374211
0.8125,-0.000115145036168,11.439834727
0.812625,-2.43478298757e-05,11.4359540093
0.81275,-7.27692322551e-05,11.4357418734
0.812875,-7.34104740854e-05,11.4356030295
0.813,-5.86682082476e-05,11.4339457541
0.813125,-7.3952714461e-05,11.4338709794
0.81325,-9.52708288484e-05,11.4366094513
0.813375,-9.1065945849e-05,11.438733005
0.8135,-0.000104951884546,11.4429726719
0.813625,-7.61322418253e-05,11.4431436667
0.81375,-7.5155068599e-05,11.4431994155
0.813875,-3.23961308704e-05,11.4396741198
0.814,-3.2201157331e-06,11.4353392606
0.814125,1.38398507432e-05,11.4311458233
0.81425,1.02815567269e-05,11.4268854709
0.814375,-2.29120352931e-05,11.4229530702
0.8145,-2.87058859828e-05,11.4192551196
0.814625,4.16401535007e-05,11.4162704028
0.81475,7.59098847283e-05,11.4164427447
0.814875,9.66031746045e-05,11.4194097507
0.815,4.4931364641e-05,11.4166481292
0.815125,8.46129932832e-05,11.4179139891
0.81525,3.86954742764e-05,11.4147443515
0.815375,7.97657197516e-05,11.4153885316
0.8155,4.90836517566e-05,11.4129343692
0.815625,6.04384267101e-05,11.411456467
0.81575,7.09333804352e-05,11.4110608189
0.815875,0.000109735091622,11.4161596631
0.816,6.88808362736e-05,11.4155349497
0.816125,3.65509507999e-05,11.4122394541
0.81625,4.80767843142e-05,11.4097099263
0.816375,6.40581302718e-05,11.4085877385
0.8165,-1.69614472694e-05,11.4044707358
0.816625,2.56443825408e-05,11.4006447463
0.81675,-1.23201859734e-05,11.3964212294
0.816875,2.65785560542e-06,11.3920838482
0.817,-5.13636407589e-05,11.3898203163
0.817125,-4.6588191266e-05,11.3871890632
0.81725,-4.07727334426e-05,11.384158006
0.817375,-4.65523349398e-05,11.381526349
0.8175,-6.33255513562e-05,11.3803514277
0.817625,-7.53738104143e-05,11.3804972062
0.81775,-9.69668620104e-05,11.3835804689
0.817875,-8.86206014812e-05,11.3854368265
0.818,-0.00011237445225,11.3910533215
0.818125,-8.46572884031e-05,11.3923582174
0.81825,-4.45613806411e-05,11.3895803819
0.818375,-9.24736760758e-05,11.3919777899
0.8185,-5.50091651856e-05,11.390019879
0.818625,-6.49813771331e-05,11.3890062182
0.81875,-3.03823283378e-05,11.3853914665
0.818875,-5.49760851102e-05,11.3834343031
0.819,-3.06954323029e-05,11.3798355903
0.819125,-6.83465161943e-06,11.3755295763
0.81925,3.03039850607e-05,11.3719133257
0.819375,4.4332985155e-05,11.369126799
0.8195,5.32407537916e-05,11.367029829
0.819625,5.07396095215e-05,11.3647278264
0.81975,8.34104382609e-05,11.3659010011
0.819875,3.72393906944e-05,11.3626578255
0.82,9.33917636079e-05,11.3652323451
0.820125,8.40839725461e-05,11.3664942558
0.82025,5.03116442001e-05,11.3641582248
0.820375,8.26606301738e-05,11.3652334441
0.8205,8.00485766984e-05,11.3659705885
0.820625,5.928057326e-05,11.3644139566
0.82075,3.47321120348e-05,11.3610280177
0.820875,2.7841392471e-05,11.3573005187
0.821,6.30665797021e-05,11.3561173186
0.821125,6.4337896101e-05,11.3550636397
0.82125,7.71857046164e-05,11.3554551731
0.821375,7.28325695502e-06,11.3511544023
0.8215,-1.71703818275e-05,11.3470460824
0.821625,-8.45800160666e-05,11.3483980576
0.82175,-3.86446285717e-05,11.3452442186
0.821875,-4.21173198485e-05,11.3423146828
0.822,-4.59988265715e-05,11.3396587538
0.822125,-6.40393634083e-05,11.3385870011
0.82225,-4.95068301494e-05,11.3361998148
0.822375,-9.40624048179e-05,11.3389168036
0.8225,-9.8508519364e-05,11.3423115331
0.822625,-9.37146360168e-05,11.3449666091
0.82275,-0.000109713456587,11.3502063093
0.822875,-7.8978320288e-05,11.3508257271
0.823,-8.44159061947e-05,11.3521507068
0.823125,-6.33399778544e-05,11.3509987316
0.82325,-9.43353122767e-05,11.3537325768
0.823375,-5.39819312884e-06,11.3494128093
0.8235,-9.03842478358e-06,11.3451349048
0.823625,-7.21154478645e-05,11.3449346025
0.82375,1.06845502947e-05,11.3406826398
0.823875,3.2690360803e-05,11.3371921471
0.824,4.7397942545e-05,11.3346424967
0.824125,4.49523156971e-05,11.3319135412
0.82425,5.59922318918e-05,11.3300760157
0.824375,6.78057603913e-05,11.3294082904
0.8245,6.92449077099e-05,11.3288987502
0.824625,0.000109928749827,11.334211673
0.82475,4.77818139165e-05,11.3316924324
0.824875,7.58850885214e-05,11.3319505175
0.825,0.000109437392502,11.337170694
0.825125,6.07289178068e-05,11.3357712781
0.82525,2.25331774663e-05,11.3318338315
0.825375,7.25665523528e-05,11.3316983534
0.8255,7.10811375667e-05,11.3313925924
0.825625,4.3343205165e-05,11.3285512992
0.82575,2.52964296408e-05,11.3247202474
0.825875,5.36207111862e-05,11.3226788478
0.826,4.25499646584e-05,11.3197860082
0.826125,3.63064512094e-05,11.3164995832
0.82625,-2.83479897313e-05,11.3128012584
0.826375,-5.17672588188e-06,11.3084798301
0.8265,-4.54194356063e-05,11.30579454
0.826625,-6.52869450144e-05,11.3048780372
0.82675,-5.95800830985e-05,11.3033894815
0.826875,-4.15327570205e-05,11.3004342976
0.827,-3.61723515335e-05,11.2971447663
0.827125,-7.86952947376e-05,11.2977892323
0.82725,-7.30962606444e-05,11.2977489544
0.827375,-2.87285104837e-05,11.2940709146
0.8275,-0.000117099693425,11.3007711366
0.827625,-4.67456267418e-05,11.2981871616
0.82775,-8.96162201714e-05,11.3003092792
0.827875,-7.29156970937e-05,11.3002452986
0.828,-5.15180875814e-05,11.2980389851
0.828125,-1.77430015268e-05,11.2939496577
0.82825,-1.60090036183e-05,11.2898133769
0.828375,-0.000102901909803,11.2940089014
0.8285,-3.44849680555e-05,11.2906248102
0.828625,-1.12373242362e-05,11.2863837714
0.82875,-5.38427776192e-06,11.2820642449
0.828875,1.59016631672e-05,11.2779257609
0.829,3.50518567891e-05,11.2745771248
0.829125,6.22256238688e-05,11.2733693819
0.82925,0.000125494060914,11.2817677351
0.829375,6.7406166139e-05,11.2810974468
0.8295,4.1338043402e-05,11.278136357
0.829625,0.000120130565424,11.2854575208
0.82975,5.09989790344e-05,11.283215516
0.829875,0.000110148850701,11.2886694996
0.83,7.44010685549e-05,11.2887934886
0.830125,0.000106551573431,11.2936069272
0.83025,4.6300134006e-05,11.2909924405
0.830375,5.15661507542e-05,11.288794679
0.8305,5.65244755334e-05,11.2870304659
0.830625,5.09964811657e-05,11.2847874947
0.83075,-3.39019250295e-05,11.2813732276
0.830875,1.54619092377e-05,11.2772236224
0.831,1.29914061215e-05,11.2730173008
0.831125,1.32852228671e-05,11.2688173673
0.83125,-2.17636222996e-05,11.2648585743
0.831375,-2.98521297735e-05,11.2612390155
0.8315,-7.58397350731e-05,11.2615667241
0.831625,-9.94504610069e-05,11.265251587
0.83175,-8.74360508455e-05,11.2671100071
0.831875,-7.62314764089e-05,11.2674796939
0.832,-8.97741909688e-05,11.2696706085
0.832125,-8.19121411235e-05,11.2707651612
0.83225,-0.000102546638051,11.2749391235
0.832375,-7.22424028176e-05,11.2748211199
0.8325,-9.60255893214e-05,11.2779402598
0.832625,-4.92781803005e-05,11.2755622968
0.83275,-8.59125438753e-05,11.2771924511
0.832875,-6.62960077683e-05,11.2764059764
0.833,-9.97806241517e-07,11.2720638377
0.833125,-3.71882602917e-05,11.2688415965
0.83325,-5.44094998749e-06,11.2645226624
0.833375,2.61225255464e-05,11.2607336948
0.8335,6.59063327421e-05,11.2599188914
0.833625,5.94563543308e-05,11.2584480663
0.83375,5.86874188518e-05,11.2569044039
0.833875,6.94461175824e-05,11.2564820447
0.834,9.58185151484e-05,11.2596004777
0.834125,4.50481829514e-05,11.2569066578
0.83425,8.14275015913e-05,11.2579529037
0.834375,3.57196397374e-05,11.2546472686
0.8345,5.16575500908e-05,11.2524752038
0.834625,3.78374829531e-05,11.2492976728
0.83475,7.93466758454e-05,11.2500811322
0.834875,6.55927993811e-05,11.2492414325
0.835,6.38622309826e-05,11.2482200273
0.835125,4.28579036645e-05,11.2453736851
0.83525,4.89886896759e-05,11.2429873217
0.835375,2.5169106477e-05,11.2391612126
0.8355,6.36400476925e-07,11.2348185985
0.835625,4.43537460569e-06,11.2304917349
0.83575,1.39395026191e-05,11.2263077834
0.835875,-4.33549029471e-05,11.2235040922
0.836,-4.68744282349e-05,11.220961564
0.836125,-8.00831904444e-05,11.2218747387
0.83625,-4.29462428913e-05,11.2190437137
0.836375,-3.49657947869e-05,11.2157037062
0.8365,-9.06314305112e-05,11.2180997045
0.836625,-7.12566864922e-05,11.2179213714
0.83675,-0.000122111384021,11.2257978451
0.836875,-9.33362971811e-05,11.2285851752
0.837,-9.44522614196e-05,11.2315392042
0.837125,-8.55900013718e-05,11.2331849815
0.83725,-5.70740753804e-05,11.2315050148
0.837375,-6.48648066089e-05,11.2306026939
0.8375,-5.23299670891e-05,11.2284998631
0.837625,-3.31607672669e-05,11.2250570284
0.83775,-2.34104968182e-05,11.2211630714
0.837875,-4.65833857767e-05,11.2185992183
0.838,2.74375280754e-05,11.2148739209
0.838125,-6.26905525766e-06,11.2105632503
0.83825,4.24673280867e-05,11.2077025537
0.838375,6.18089808204e-06,11.2033910337
0.8385,7.36352731655e-06,11.1990927338
0.838625,4.28475832622e-05,11.1962626855
0.83875,9.25537520868e-05,11.1989788559
0.838875,4.13145168162e-05,11.196042537
0.839,5.02032627654e-05,11.1937778394
0.839125,8.12094145424e-05,11.1948737122
0.83925,9.19926550401e-05,11.1975068492
0.839375,6.42950404912e-05,11.1965709299
0.8395,0.000119297143071,11.2039488135
0.839625,6.74873159297e-06,11.199643365
0.83975,5.16764906264e-05,11.1975005746
0.839875,9.72656943055e-05,11.2009509243
0.84,8.53557850176e-05,11.2026060611
0.840125,7.25927118908e-05,11.2026007215
0.84025,-4.81420779515e-05,11.2001660284
0.840375,-2.93105724918e-06,11.1958301626
0.8405,-2.27282946481e-05,11.1919132779
0.840625,1.32275172947e-05,11.1877147771
0.84075,-5.68649463458e-05,11.186043151
0.840875,-3.54893497709e-05,11.1827412792
0.841,-7.55788362931e-05,11.1831214827
0.841125,-6.32205571434e-05,11.1820836082
0.84125,-0.000106220208491,11.1870663551
0.841375,-2.21972785233e-05,11.1831306161
0.8415,-0.000102117333038,11.1874054709
0.841625,-8.8129121832e-05,11.1894763804
0.84175,-5.48169400878e-05,11.1876148503
0.841875,-7.83601550085e-05,11.1883431784
0.842,-7.40694601327e-05,11.1885308675
0.842125,-6.06577307485e-05,11.1872267692
0.84225,-9.25952165795e-05,11.1899639646
0.842375,-4.4813414586e-05,11.1872793776
0.8425,4.96224958103e-06,11.182956783
0.842625,9.88677183813e-06,11.1786947013
0.84275,-3.54139824677e-05,11.1753901684
0.842875,7.97942769556e-07,11.1710477512
0.843,2.8509165164e-05,11.1673789804
0.843125,2.44253161931e-05,11.1635313252
0.84325,6.47555832452e-05,11.1626715018
0.843375,7.74369377987e-05,11.163309615
0.8435,3.1731351728e-05,11.1598033241
0.843625,7.52545320355e-05,11.1601678874
0.84375,5.31458091159e-05,11.1581731979
0.843875,7.60464985759e-05,11.1586391132
0.844,5.87077569687e-05,11.1571624921
0.844125,9.24531213638e-05,11.1599269835
0.84425,9.80807910933e-05,11.1635771707
0.844375,0.000123668899058,11.1719244734
0.8445,5.13348276589e-05,11.1697665917
0.844625,2.84811103454e-05,11.1660966933
0.84475,8.63912795928e-05,11.1679476158
0.844875,6.16956023061e-05,11.1667632897
0.845,6.49202714779e-05,11.1659185952
0.845125,1.14201480465e-05,11.1616839652
0.84525,-4.26594922429e-05,11.1588536368
0.845375,-3.45257948592e-05,11.1555021947
0.8455,-1.17825705607e-05,11.1512748253
0.845625,-3.43589043287e-05,11.1479155369
0.84575,-2.30682823872e-05,11.1440163625
0.845875,-5.37367261619e-05,11.1420831109
0.846,-6.07806173453e-05,11.1408241293
0.846125,-0.000117695120723,11.1480369328
0.84625,-7.8545241022e-05,11.1488358501
0.846375,-0.000108626147854,11.1543202275
0.8465,-6.41370978058e-05,11.1534014648
0.846625,-8.61086562173e-05,11.1552299577
0.84675,-0.000104820392764,11.1600250533
0.846875,-7.11011661681e-05,11.1598843625
0.847,-0.000101275763655,11.1640633471
0.847125,-1.02176287344e-05,11.1598071446
0.84725,-1.60299465183e-05,11.1556779046
0.847375,-2.80455179988e-05,11.1519896983
0.8475,-7.121510814e-06,11.1476890091
0.847625,3.29450359337e-05,11.1442511867
0.84775,6.21822250964e-05,11.1431344142
0.847875,4.40334561635e-05,11.1404099692
0.848,3.52103451437e-06,11.1360773816
0.848125,9.56199657498e-05,11.1393736546
0.84825,4.0377051285e-05,11.136392798
0.848375,4.89647442079e-05,11.1340541819
0.8485,2.78407269797e-05,11.1303596696
0.848625,3.64718383922e-05,11.1271304169
0.84875,9.23522278676e-05,11.1299285882
0.848875,7.04281679573e-05,11.1297374183
0.849,0.000120141205378,11.137465606
0.849125,6.40389356308e-05,11.1365496428
0.84925,3.35039208134e-05,11.1331451906
0.849375,5.80314843551e-05,11.1316194184
0.8495,4.37627552047e-05,11.128879382
0.849625,1.66552078373e-05,11.1247687868
0.84975,4.49461418323e-06,11.1204427795
0.849875,2.17467298244e-06,11.1161038037
0.85,8.05565006512e-06,11.1118153756
0.850125,-4.81411724571e-05,11.1094209103
0.85025,-4.22905095824e-05,11.1065825272
0.850375,-0.000117326778786,11.1138139874
0.8505,-2.77554044778e-05,11.1101185174
0.850625,-5.94979274223e-05,11.108752611
0.85075,-6.68412010224e-05,11.1081677529
0.850875,-0.000122674167748,11.1164721259
0.851,-9.86244818476e-05,11.1202922887
0.851125,-8.74749926503e-05,11.1223667449
0.85125,-7.95216160251e-05,11.1233254383
0.851375,-6.73121539511e-05,11.1227809397
0.8515,-6.32642011046e-05,11.1217939152
0.851625,-9.65928604257e-05,11.125271948
0.85175,-2.29597981474e-05,11.1213709076
0.851875,-5.7928250629e-05,11.1198427429
0.852,2.66612586406e-05,11.1160964055
0.852125,1.14389003615e-05,11.1118633853
0.85225,-8.56040858454e-06,11.1075820632
0.852375,1.53593852288e-06,11.1032411042
0.8525,1.98329614951e-05,11.0992295773
0.852625,-2.34294788427e-05,11.0953495681
0.85275,6.16245165096e-05,11.0942110721
0.852875,6.76069213611e-05,11.0937256617
0.853,6.16811819374e-05,11.0925942596
0.853125,7.61732349679e-05,11.0931495758
0.85325,0.000114217109747,11.0998103264
0.853375,3.108183641e-05,11.0962819603
0.8535,3.42658528895e-05,11.0929298174
0.853625,8.20032574163e-05,11.0942626701
0.85375,6.92541713991e-05,11.0939673915
0.853875,6.22380274845e-05,11.0928940337
0.854,5.1752494145e-05,11.0908126148
0.854125,3.71042170517e-05,11.0876328544
0.85425,1.83421080402e-05,11.0835743966
0.854375,6.60920599929e-05,11.0829271613
0.8545,5.50635926782e-05,11.0811501745
0.854625,5.64213014604e-06,11.0768341892
0.85475,-2.97683331885e-06,11.0724987566
0.854875,-3.0310963137e-05,11.0689353763
0.855,-3.70063125815e-05,11.065755329
0.855125,-4.8186599823e-05,11.0633853514
0.85525,-5.74083996234e-05,11.0618440557
0.855375,-6.48116103552e-07,11.0575014682
0.8555,-4.91537090614e-05,11.0552153661
0.855625,-9.04510666726e-05,11.0578370674
0.85575,-5.03374140188e-05,11.0556510311
0.855875,-6.63896038764e-05,11.0550611753
0.856,-7.55656015411e-05,11.0555805167
0.856125,-7.96374803795e-05,11.0566370086
0.85625,-5.43154336524e-05,11.0548059426
0.856375,-4.64317049003e-05,11.0522995291
0.8565,-5.46923248661e-05,11.0505059775
0.856625,-8.51424272936e-05,11.0523414037
0.85675,-6.44438020953e-05,11.0515375577
0.856875,-1.97700623519e-05,11.0475278759
0.857,-2.51278765158e-05,11.0437237878
0.857125,-5.65262919185e-05,11.042109404
0.85725,-1.11485383223e-05,11.0378726681
0.857375,-1.98540279624e-06,11.033533095
0.8575,3.66277430635e-05,11.0303387033
0.857625,7.94208272601e-05,11.0313971583
0.85775,5.16578490199e-05,11.0293396025
0.857875,1.06645417178e-05,11.0250941313
0.858,6.92949628153e-05,11.0248686477
0.858125,0.000108015441439,11.030524006
0.85825,8.88842338055e-05,11.0329450099
0.858375,8.63341276448e-05,11.0349801904
0.8585,3.81020982809e-05,11.0318796962
0.858625,3.45476376916e-05,11.028558959
0.85875,3.14060621467e-05,11.0250614299
0.858875,1.37087639738e-05,11.0208797069
0.859,3.82291080038e-05,11.0177915753
0.859125,3.33716365935e-05,11.014405537
0.85925,9.3676926889e-06,11.0101380601
0.859375,5.8351727161e-06,11.0058244265
0.8595,3.12537916574e-05,11.002323114
0.859625,-5.61997089321e-06,10.9980074072
0.85975,-3.02641349921e-05,10.9944550641
0.859875,-4.80709744073e-05,10.9921081261
0.86,-2.12866698927e-05,10.9881568569
0.860125,-7.02911173296e-05,10.9880867167
0.86025,-5.88737190722e-05,10.986741732
0.860375,-4.60617055093e-05,10.9842347147
0.8605,-6.7261987423e-05,10.9838079403
0.860625,-6.31782967321e-05,10.9829205976
0.86075,-6.67885507062e-05,10.9824400801
0.860875,-6.32563323451e-05,10.9815623666
0.861,-6.90664504881e-05,10.9813509709
0.861125,-6.05293885109e-05,10.9801818313
0.86125,-3.1262532072e-05,10.9766859759
0.861375,-5.85389110678e-05,10.9753147899
0.8615,-4.87624763644e-05,10.973034746
0.861625,-4.9842465268e-05,10.9708482006
0.86175,2.12787163483e-05,10.9668985594
0.861875,-6.95928521592e-06,10.9625977239
0.862,-5.90683448611e-05,10.961290344
0.862125,4.8187332718e-05,10.9589684497
0.86225,2.79094330386e-05,10.955303947
0.862375,2.78373467242e-05,10.951636514
0.8625,5.18455497219e-05,10.9496382491
0.862625,6.41390034064e-05,10.9488848756
0.86275,5.17496142955e-05,10.946879424
0.862875,7.21581582883e-05,10.9470821409
0.863,9.23874439108e-05,10.9501880024
0.863125,5.89381116056e-05,10.9488759015
0.86325,5.02004323946e-05,10.9467326332
0.863375,0.000113048747879,10.9535388486
0.8635,8.54824863141e-05,10.9555642027
0.863625,0.000104158073056,10.9606683576
0.86375,6.25475995175e-05,10.9597304799
0.863875,7.96010269198e-05,10.9609023381
0.864,6.30773110016e-05,10.9600221697
0.864125,3.02376841001e-05,10.9564753778
0.86425,-2.64445947633e-05,10.9527418819
0.864375,2.88408940555e-05,10.9491244555
0.8645,-2.6484344569e-06,10.9447876343
0.864625,-3.67367115948e-05,10.9416239352
0.86475,-3.02101034827e-05,10.9380790652
0.864875,-5.07487695822e-05,10.935989695
0.865,-5.76783685024e-05,10.9345589611
0.865125,-6.50495599778e-05,10.9339210234
0.86525,-6.26611742663e-05,10.933016622
0.865375,-0.000102512838577,10.937872586
0.8655,-5.51979243236e-05,10.9361956796
0.865625,-6.77144556246e-05,10.9358658722
0.86575,-7.92425324871e-05,10.9370182956
0.865875,-0.000107258013656,10.9427353063
0.866,-7.42142030361e-05,10.9432052006
0.866125,-1.01160718203e-05,10.9389517181
0.86625,-2.96170076064e-05,10.9353762943
0.866375,-5.56609295239e-05,10.9337458457
0.8665,-3.12601218744e-05,10.9302589633
0.866625,-4.18134913372e-05,10.9274487702
0.86675,-3.91633423381e-05,10.9244513412
0.866875,9.10747319127e-06,10.9201812228
0.867,3.68924424613e-05,10.9170342978
0.867125,4.60543149645e-05,10.9145563814
0.86725,1.50806010193e-05,10.910413567
0.867375,5.6738761418e-05,10.9089053939
0.8675,3.43786021583e-05,10.9056037477
0.867625,8.72336926105e-05,10.9079660427
0.86775,7.62078659591e-05,10.9087386049
0.867875,9.19316829807e-05,10.9118365683
0.868,0.00010773832429,10.9177027293
0.868125,4.90813610584e-05,10.9154776506
0.86825,6.40523582915e-05,10.9147428472
0.868375,4.52867742639e-05,10.9122042481
0.8685,0.000103602495799,10.9173016815
0.868625,3.8544037031e-05,10.9142650892
0.86875,4.98684843022e-05,10.9121101977
0.868875,4.11883067307e-05,10.9092607476
0.869,1.44770334148e-05,10.9051024595
0.869125,8.30809892521e-07,10.9007601235
0.86925,-3.07106881438e-05,10.8972497145
0.869375,-1.10068251369e-05,10.893013807
0.8695,-4.21260536148e-05,10.8902400076
0.869625,-5.93510586192e-05,10.8890132146
0.86975,-8.63795260272e-05,10.8912700848
0.869875,-9.50003815462e-05,10.8949046295
0.87,-8.33815252384e-05,10.8967033136
0.870125,-0.000102482681451,10.9016309829
0.87025,-9.97347218392e-05,10.9060587034
0.870375,-6.41545772699e-05,10.9053432761
0.8705,-9.92130334927e-05,10.9096721652
0.870625,-5.62724486331e-05,10.9081180787
0.87075,-4.57137588963e-05,10.9056164632
0.870875,-7.3672007895e-05,10.906057017
0.871,-6.04692921453e-05,10.9049369542
0.871125,-2.5525110878e-05,10.9011685944
0.87125,-1.3782309572e-05,10.8969933215
0.871375,-1.47457912167e-05,10.892842495
0.8715,6.58357463396e-06,10.8885378837
0.871625,3.39600603854e-05,10.8852158162
0.87175,1.71908961355e-05,10.881134692
0.871875,5.92233706817e-05,10.8799010197
0.872,3.66920279117e-05,10.8767521595
0.872125,5.56109240507e-05,10.8751536264
0.87225,8.27815664874e-06,10.8708715357
0.872375,4.20896362542e-06,10.8665443381
0.8725,7.38949219251e-05,10.8670573345
0.872625,6.03398026663e-05,10.8659524253
0.87275,6.61839993846e-05,10.8655058256
0.872875,7.80790735267e-05,10.8665852497
0.873,8.33148310639e-05,10.8684142061
0.873125,7.32396752507e-05,10.8688394611
0.87325,5.06199257195e-05,10.8667746889
0.873375,7.05262871684e-05,10.8668550287
0.8735,7.38847361469e-05,10.8673663401
0.873625,-1.22251552207e-05,10.863156351
0.87375,-2.02698283557e-05,10.8591792601
0.873875,-3.03869215775e-05,10.8556592319
0.874,-3.81538808871e-05,10.852614626
0.874125,-2.61841636459e-05,10.8488836465
0.87425,-3.92163432682e-05,10.8459144862
0.874375,-5.39191593929e-05,10.8441699434
0.8745,-8.98255016266e-05,10.8470374627
0.874625,-3.85779148538e-05,10.844024509
0.87475,-5.84322746589e-05,10.8427343193
0.874875,-6.55289468872e-05,10.8422314734
0.875,-5.73644742094e-05,10.8408319822
0.875125,-8.1777579181e-05,10.8424707792
0.87525,-1.82086804369e-05,10.838424479
0.875375,-6.50772424019e-05,10.8378726561
0.8755,-5.38242380414e-05,10.8361237729
0.875625,-7.3260757687e-05,10.8365873572
0.87575,1.30043784166e-05,10.8323959269
0.875875,-5.5437753804e-05,10.8308083232
0.876,-4.70364150927e-05,10.8284497813
0.876125,-6.76277909884e-06,10.8241478895
0.87625,2.84342242902e-05,10.8205313401
0.876375,3.09762847165e-05,10.8170511829
0.8765,2.82624762804e-05,10.8134270592
0.876625,1.52212088218e-05,10.8092927972
0.87675,6.93000205994e-05,10.809277606
0.876875,8.37672464473e-05,10.8112565386
0.877,0.000101709078647,10.816226164
0.877125,0.000103268184553,10.8214721992
0.87725,8.24230432149e-05,10.8232328583
0.877375,4.93960483362e-05,10.8210821782
0.8775,3.59020450751e-05,10.8178980473
0.877625,8.01503684051e-05,10.8193317233
0.87775,2.89381802497e-05,10.8157419833
0.877875,8.0114884047e-05,10.8171734131
0.878,2.92593988388e-05,10.8136008685
0.878125,8.31871155746e-06,10.8093202527
0.87825,6.0555285221e-05,10.8082821318
0.878375,3.82277596495e-05,10.8052568522
0.8785,3.78191520255e-05,10.8022044574
0.878625,1.71374072614e-05,10.7981267275
0.87875,3.5832826096e-06,10.7937953889
0.878875,-2.59262589217e-05,10.7900605948
0.879,-2.82279225264e-05,10.7864391846
0.879125,-7.58618049204e-05,10.7873091859
0.87925,-9.06437424952e-05,10.7904052353
0.879375,-6.61811399844e-05,10.7900266335
0.8795,-3.37024903905e-05,10.7867122054
0.879625,-4.45192825006e-05,10.7841651384
0.87975,-4.8390491735e-05,10.7819451393
0.879875,-7.84061645362e-05,10.7831762162
0.88,-8.53998402825e-05,10.7854433624
0.880125,-7.94572075021e-05,10.7868201765
0.88025,-5.18595347175e-05,10.7849138912
0.880375,-7.41866099961e-05,10.7855580888
0.8805,-4.51633376283e-05,10.7830638391
0.880625,-1.87389841146e-07,10.7787209262
0.88075,-6.64838157283e-05,10.7783894248
0.880875,-8.19356451115e-06,10.7741074401
0.881,-1.20917389289e-05,10.7698973881
0.881125,3.52337276416e-05,10.7666837514
0.88125,-1.91203090772e-05,10.7626736549
0.881375,3.4639602939e-05,10.7594240753
0.8815,3.18269562273e-05,10.7560048563
0.881625,4.91177938192e-05,10.7538633605
0.88175,4.83440631221e-05,10.7516541225
0.881875,9.93306695813e-05,10.7563163591
0.882,4.8729424045e-05,10.7541400408
0.882125,7.12155799939e-05,10.7544256578
0.88225,1.52052833481e-05,10.7502938077
0.882375,5.31923870309e-05,10.7485359894
0.8825,7.69068781844e-05,10.749597451
0.882625,3.41431734661e-05,10.746319964
0.88275,4.49062469359e-05,10.7438213158
0.882875,5.58044840163e-05,10.7423277818
0.883,2.09517654339e-05,10.738386748
0.883125,-3.30274774672e-05,10.7350433511
0.88325,4.18570573753e-05,10.7323069562
0.883375,-1.64254187711e-05,10.7282116003
0.8835,-1.79599589629e-05,10.724164945
0.883625,-1.94274996719e-05,10.7201690097
0.88375,-7.78781308235e-05,10.7214040416
0.883875,-6.55650744751e-05,10.7210142944
0.884,-6.22048285437e-05,10.7202302046
0.884125,-5.14431075276e-05,10.7183219915
0.88425,-2.97456904327e-05,10.7147935946
0.884375,-6.82483213677e-05,10.7147403957
0.8845,-9.99478881297e-05,10.719592517
0.884625,-9.71043107408e-05,10.7239197035
0.88475,-7.86753160426e-05,10.7252645295
0.884875,-5.33899794933e-05,10.7235409952
0.885,-3.91493779659e-05,10.7206072309
0.885125,-3.35126963802e-05,10.7172976371
0.88525,-6.81868170202e-05,10.7172342467
0.885375,-2.15264197734e-05,10.7133180193
0.8855,-9.7789517921e-06,10.7090632179
0.885625,-7.32698974987e-07,10.7047207684
0.88575,2.92607179049e-05,10.7011685019
0.885875,3.28671355064e-05,10.697823943
0.886,4.71763408907e-05,10.6955392792
0.886125,9.56511556855e-05,10.6996558395
0.88625,2.86201806958e-05,10.6960702205
0.886375,6.91367517989e-05,10.6961483858
0.8865,5.00918219589e-05,10.6941268103
0.886625,6.19313755802e-05,10.6933334111
0.88675,5.10283576097e-05,10.6914009866
0.886875,5.18158052399e-05,10.6895446167
0.887,8.79627603103e-05,10.6923668405
0.887125,4.01046197658e-05,10.6895133224
0.88725,4.21401879854e-05,10.6868158886
0.887375,2.33541195717e-05,10.6829787238
0.8875,4.14405786589e-05,10.6802295119
0.887625,4.25261425325e-05,10.6775659377
0.88775,7.75828471479e-05,10.6788133142
0.887875,-1.02568398338e-05,10.6745681116
0.888,2.54203896065e-05,10.6708260901
0.888125,2.1942664251e-05,10.6669312868
0.88825,-3.52354947572e-05,10.663744857
0.888375,3.60669829471e-06,10.6594140401
0.8885,-3.88439709312e-05,10.6564790119
0.888625,-7.92445832584e-05,10.6579966348
0.88875,-7.31044625637e-05,10.6586400113
0.888875,-6.91234076506e-05,10.6587547052
0.889,-7.65928037219e-05,10.6598840403
0.889125,-7.43041316976e-05,10.6606900794
0.88925,-8.28711388693e-05,10.6627497722
0.889375,-6.21078656754e-05,10.6620024981
0.8895,-6.37902483157e-05,10.6614532283
0.889625,-2.79879551529e-05,10.657840921
0.88975,-7.77610885718e-05,10.6591395458
0.889875,-6.31868832368e-05,10.658521334
0.89,-2.13875243112e-05,10.654605351
0.890125,-9.19603507194e-08,10.650262414
0.89025,-4.62274968498e-05,10.647917564
0.890375,4.56398657502e-06,10.6435941104
0.8905,-4.27108262523e-05,10.6409594988
0.890625,-5.54384661432e-06,10.6366453589
0.89075,-5.8898980822e-06,10.6323349596
0.890875,7.33342132779e-06,10.6280425179
0.891,4.93979091314e-05,10.6259927613
0.891125,2.23347147629e-05,10.6221189318
0.89125,3.59783667057e-05,10.6189942795
0.891375,7.403154585e-05,10.6198109543
0.8915,0.000103935381728,10.6256300055
0.891625,0.000112736038031,10.6332243857
0.89175,0.000100168294749,10.6382918608
0.891875,0.000119704618517,10.6473661525
0.892,6.2244377251e-05,10.6466475057
0.892125,6.16871869181e-05,10.6458648776
0.89225,5.81994723922e-05,10.6446917527
0.892375,5.12424643238e-05,10.6428069638
0.8925,5.07450993032e-05,10.6408757474
0.892625,3.49026335786e-05,10.6376744007
0.89275,1.4571979224e-05,10.6335306154
0.892875,1.66272388342e-05,10.6294472174
0.893,-3.53875999573e-05,10.6262809032
0.893125,5.55226620911e-05,10.6248360296
0.89325,-5.6273716204e-05,10.6234710537
0.893375,-6.63977443608e-06,10.6191695946
0.8935,-3.82915235104e-05,10.6162075452
0.893625,-6.61903697762e-05,10.6159922606
0.89375,-2.55876974733e-05,10.6122664418
0.893875,-6.47940999111e-05,10.6118825179
0.894,-7.14718995216e-05,10.6123566436
0.894125,-8.98029090388e-05,10.6156153247
0.89425,-3.71831321957e-05,10.6125755669
0.894375,-6.50955291443e-05,10.612228263
0.8945,-7.10349469275e-05,10.6126433228
0.894625,-6.44328765551e-05,10.6122150596
0.89475,-3.71489395622e-05,10.6091739252
0.894875,-6.97335700813e-05,10.6094195618
0.895,-2.87084894681e-05,10.60585462
0.895125,-3.50009328821e-06,10.60152325
0.89525,3.81304931833e-06,10.5971940562
0.895375,1.36205735834e-05,10.5930267435
0.8955,4.24764884518e-05,10.5903932257
0.895625,9.0741896229e-05,10.5938508767
0.89575,6.25107173811e-06,10.5895449542
0.895875,6.23477578626e-05,10.588887068
0.896,6.17723683592e-05,10.588162055
0.896125,5.95940045338e-05,10.587187032
0.89625,9.09898827544e-05,10.5906931261
0.896375,1.69848892949e-05,10.5866236981
0.8965,9.59723363531e-05,10.5910131721
0.896625,6.16377471643e-05,10.5902706512
0.89675,0.000102279266592,10.5958358919
0.896875,4.62939950157e-05,10.5935220578
0.897,7.98519733995e-05,10.5952166343
0.897125,5.43383885271e-06,10.5909016556
0.89725,1.19284270276e-05,10.5866936105
0.897375,1.76488380339e-05,10.5826462555
0.8975,3.14976421328e-05,10.5792456034
0.897625,-1.00700855573e-05,10.5749990589
0.89775,4.42203641366e-05,10.5725164578
0.897875,-8.13370845614e-06,10.5682365019
0.898,-3.29540795321e-05,10.5649284239
0.898125,-2.29542599546e-05,10.5610879953
0.89825,-3.92016436166e-05,10.5582118403
0.898375,-8.16961436432e-05,10.5602398548
0.8985,-7.00885871546e-05,10.560584803
0.898625,-8.45903773416e-05,10.5630681299
0.89875,-7.87517234867e-05,10.5646388823
0.898875,-7.23309353449e-05,10.5652833624
0.899,-4.1956781304e-05,10.5626189647
0.899125,-6.40794950853e-05,10.5621927343
0.89925,-4.84005808481e-05,10.5600849648
0.899375,-6.11352363082e-05,10.5593093049
0.8995,-2.65099772932e-06,10.5549730717
0.899625,-7.61861321174e-05,10.5561753464
0.89975,-4.64993854488e-05,10.5538983291
0.899875,-2.12170012708e-05,10.5499858099
0.9,-3.34757870309e-05,10.5467152504
0.900125,3.59569749759e-05,10.5436104587
0.90025,6.27004020183e-05,10.5430339686
0.900375,2.97194462773e-05,10.5395376217
0.9005,4.03587405868e-05,10.5367570502
0.900625,2.84368133391e-05,10.5331903325
0.90075,5.94935527377e-05,10.5322467095
0.900875,8.47160604807e-05,10.5347951051
0.901,0.00010270103426,10.5405704148
0.901125,5.59902748314e-05,10.5392332649
0.90125,3.47027911339e-05,10.5360456053
0.901375,8.06341792206e-05,10.5379409182
0.9015,8.19807920646e-05,10.5400433649
0.901625,7.45453128784e-05,10.5410277726
0.90175,3.26827977155e-05,10.5377091249
0.901875,2.02894365192e-05,10.5337612653
0.902,6.20209086031e-05,10.5331119805
0.902125,3.40878041463e-05,10.529885314
0.90225,4.3913841642e-06,10.5255609111
0.902375,-1.09289381158e-05,10.5213329234
0.9025,-2.88688899015e-05,10.5177928171
0.902625,-6.00957441281e-05,10.5169306444
0.90275,-5.68732723899e-05,10.5157059352
0.902875,-1.62833724237e-05,10.5116187588
0.903,-8.61543768833e-05,10.5144368556
0.903125,-3.88891595422e-06,10.5101085041
0.90325,-7.91896096742e-05,10.5118184713
0.903375,-3.80591805377e-05,10.5088738529
0.9035,-8.9525102452e-05,10.5122676278
0.903625,-6.81870131411e-05,10.5124110388
0.90375,-5.31649782977e-05,10.5107959112
0.903875,-4.89594078345e-05,10.5087672602
0.904,-6.02221590049e-05,10.5079270098
0.904125,-4.28514580933e-05,10.5053582188
0.90425,-3.1406322524e-05,10.5019689309
0.904375,-6.11316136641e-05,10.50124088
0.9045,4.40848519829e-07,10.4968981233
0.904625,-9.43372156703e-06,10.4926413995
0.90475,-4.77899529476e-05,10.4905127719
0.904875,4.93637751324e-06,10.4861934703
0.905,-1.62894627959e-05,10.4821082304
0.905125,9.16107042013e-06,10.4778468722
0.90525,4.31590340019e-05,10.475316142
0.905375,7.0183215539e-05,10.4757665203
0.9055,7.3442516705e-05,10.4766716199
0.905625,2.44450376914e-05,10.4729102781
0.90575,5.13377034717e-05,10.4711341508
0.905875,0.000101181141122,10.4767573879
0.906,6.33624035892e-05,10.4763204564
0.906125,3.71658442911e-05,10.4733219169
0.90625,7.74974613712e-05,10.4748254174
0.906375,7.41571398692e-05,10.4758342405
0.9065,2.97741417441e-05,10.4723542611
0.906625,2.07195723739e-05,10.4684295767
0.90675,3.6056870034e-05,10.4653543164
0.906875,-2.24566300029e-06,10.461016293
0.907,7.02773591998e-06,10.456721595
0.907125,3.71431755457e-06,10.4523921406
0.90725,3.93703047665e-05,10.4495661204
0.907375,-9.1919400373e-06,10.4453059307
0.9075,-2.49201378897e-05,10.4415717953
0.907625,-6.91129647188e-05,10.4419134136
0.90775,-3.56174822747e-05,10.4388150246
0.907875,-2.25653453833e-05,10.434972021
0.908,-7.17736215978e-05,10.4356887322
0.908125,-7.42414529231e-05,10.4367582497
0.90825,-4.87912335609e-05,10.4347532395
0.908375,-0.00010042914004,10.4403115553
0.9085,-4.75223498983e-05,10.438184741
0.908625,-3.18284952042e-05,10.4348365268
0.90875,-3.99267518203e-05,10.4320599993
0.908875,-6.68850946274e-05,10.432114235
0.909,-7.33005305555e-05,10.4330518534
0.909125,3.97046787967e-06,10.4287244081
0.90925,-3.09084684788e-05,10.4253215697
0.909375,-1.26700274316e-05,10.4211367338
0.9095,3.75842067437e-05,10.4181862049
0.909625,4.89971158767e-05,10.4162110627
0.90975,1.07270078435e-05,10.4119816901
0.909875,1.4498377699e-05,10.4078464143
0.91,6.61768597661e-05,10.4078321218
0.910125,5.25142823443e-05,10.4062154969
0.91025,3.26351541528e-05,10.4029260619
0.910375,0.000104026066914,10.4092834702
0.9105,3.79980678016e-05,10.4063676596
0.910625,7.4866381687e-05,10.4075658828
0.91075,0.000141113265413,10.4228718164
0.910875,8.27420435439e-05,10.4252705753
0.911,7.73414140583e-05,10.4268153108
0.911125,5.41636613602e-05,10.4253599299
0.91125,7.39732471308e-05,10.4264032228
0.911375,2.51850035982e-05,10.4226848089
0.9115,3.48127455518e-05,10.4195360992
0.911625,6.60891889317e-05,10.4194987519
0.91175,-1.87017450284e-06,10.4151592565
0.911875,-2.69822312864e-05,10.4115350079
0.912,-5.17353520095e-05,10.4098358753
0.912125,1.52824026883e-05,10.4057237804
0.91225,-6.98986011012e-05,10.4062121409
0.912375,-6.02393378495e-05,10.4054575991
0.9125,-2.47072447002e-05,10.4017186226
0.912625,-0.000104646266829,10.4082068493
0.91275,-5.51034992327e-05,10.4068653404
0.912875,-9.51959729485e-05,10.4114769566
0.913,-2.38383380131e-05,10.4076954703
0.913125,-4.20747369076e-05,10.4051028849
0.91325,-6.27517457831e-05,10.4046547661
0.913375,-5.10305315107e-05,10.4028881862
0.9135,-4.19219479195e-05,10.4002848381
0.913625,-7.451879442e-05,10.4014394502
0.91375,-2.8972033661e-05,10.3979277215
0.913875,-5.04703086795e-05,10.3961088062
0.914,-7.22140514212e-05,10.3969337793
0.914125,-8.25694233928e-06,10.3926584246
0.91425,1.28675849129e-05,10.3884797888
0.914375,2.09685200343e-05,10.3845735681
0.9145,2.45919436029e-05,10.3808318521
0.914625,4.46338515705e-06,10.3765087311
0.91475,2.27064205232e-05,10.3726793121
0.914875,5.36086379504e-05,10.3712005445
0.915,4.41254219471e-05,10.3687989419
0.915125,3.79864437854e-05,10.3658956138
0.91525,4.48001855445e-05,10.3635562705
0.915375,8.20416292712e-05,10.3659325387
0.9155,0.000111290775072,10.3739390817
0.915625,5.17445009032e-05,10.3722638712
0.91575,5.60045489529e-05,10.3710470446
0.915875,8.84845385278e-05,10.3745056593
0.916,3.27513255512e-05,10.3712315115
0.916125,6.66197165736e-05,10.37131244
0.91625,6.35460940979e-05,10.370994688
0.916375,-2.08567002537e-05,10.3670855651
0.9165,2.92687825312e-05,10.363597686
0.916625,1.87816007449e-05,10.3596071359
0.91675,-1.91523719512e-05,10.3556309727
0.916875,-4.48233156174e-05,10.3532984433
0.917,-2.18982506805e-05,10.3494356812
0.917125,-7.62299559648e-05,10.3509132083
0.91725,-0.000141897134668,10.3666978012
0.917375,-1.83138918117e-05,10.3626896802
0.9175,-4.40807609064e-05,10.3602879503
0.917625,-6.4475505911e-05,10.3600992731
0.91775,-8.74279115747e-05,10.3633920471
0.917875,-4.58838887159e-05,10.3611519972
0.918,-0.000102466364942,10.3672915486
0.918125,-7.27104021605e-05,10.3682226228
0.91825,-4.72540710645e-05,10.3661075297
0.918375,-7.02030846497e-05,10.3666826831
0.9185,-1.34105197877e-05,10.3625192759
0.918625,-5.25388038204e-05,10.360933809
0.91875,-9.62534980221e-06,10.3566834781
0.918875,-8.01011819125e-05,10.3587560283
0.919,1.4794578828e-05,10.3546319907
0.919125,4.22109025852e-05,10.3520724033
0.91925,1.37540980625e-05,10.3479189497
0.919375,3.210582891e-07,10.3435761082
0.9195,4.69781330377e-05,10.3414476072
0.919625,6.0648370588e-05,10.3407965663
0.91975,8.48470013914e-05,10.3436775523
0.919875,0.000112710960759,10.3520658068
0.92,7.00629759026e-05,10.3526372147
0.920125,0.000140819159423,10.3681100008
0.92025,4.83201530209e-05,10.3660965983
0.920375,3.09032677468e-05,10.3627070926
0.9205,6.21593841655e-05,10.3622232938
0.920625,8.44567062303e-05,10.3650028294
0.92075,4.53583201263e-05,10.3627141304
0.920875,5.75802805474e-05,10.3616828935
0.921,1.22563595389e-05,10.357490086
0.921125,8.37495670745e-05,10.3601585776
0.92125,-3.277911066e-05,10.356889786
0.921375,2.9343510871e-05,10.3534082982
0.9215,-5.18492130489e-05,10.3517565809
0.921625,2.28885204396e-05,10.3479384134
0.92175,2.73618438456e-05,10.3443460552
0.921875,-7.15411585176e-05,10.3451360026
0.922,-8.25721923855e-05,10.3476282969
0.922125,-3.79379991263e-05,10.3447283156
0.92225,-4.36111423245e-05,10.342293326
0.922375,-7.47689302791e-05,10.3435592336
0.9225,-6.87627297175e-05,10.343959305
0.922625,-6.11171271523e-05,10.3433633633
0.92275,-6.02701615545e-05,10.3426648318
0.922875,-5.07283822027e-05,10.340904432
0.923,-6.6560244522e-05,10.3410083987
0.923125,-8.00448580848e-05,10.3430950842
0.92325,-8.26402015827e-05,10.3456018493
0.923375,-1.96166011308e-05,10.3416449243
0.9235,1.15669428965e-05,10.3374363201
0.923625,-1.90638286012e-05,10.3334586334
0.92375,-3.67001940976e-06,10.3291292383
0.923875,3.6350059789e-05,10.3261166631
0.924,8.22918370253e-06,10.3218419584
0.924125,5.7220716265e-05,10.3208004184
0.92425,1.41033676508e-05,10.3166581504
0.924375,5.3635029256e-05,10.3152194121
0.9245,8.34489173633e-05,10.3179057247
0.924625,8.83195485017e-05,10.3214309026
0.92475,8.67254740228e-05,10.3246687164
0.924875,0.000125549882641,10.3361861657
0.925,8.26659741556e-05,10.3387081041
0.925125,9.59758515321e-05,10.3436106989
0.92525,7.54433408587e-05,10.3449764482
0.925375,4.19344585753e-05,10.3423974999
0.9255,7.2979176336e-05,10.3433981366
0.925625,7.51504821874e-05,10.3447199574
0.92575,3.34217174365e-05,10.3414976652
0.925875,6.58022836504e-06,10.3371981985
0.926,-2.356335729e-05,10.3334132973
0.926125,-1.20472390899e-05,10.3292163575
0.92625,-1.3779507491e-06,10.3248753247
0.926375,-2.86979834919e-05,10.3213624508
0.9265,-1.51304799164e-05,10.317250446
0.926625,-1.06587989808e-06,10.3129086483
0.92675,-2.78573259292e-05,10.309350018
0.926875,-6.67990641141e-05,10.3095185803
0.927,-8.01764338082e-05,10.3116733133
0.927125,-4.11758372436e-05,10.3090442206
0.92725,-7.11776374954e-05,10.3098236117
0.927375,-8.69672790153e-05,10.3131241034
0.9275,-2.57861285458e-05,10.3094531562
0.927625,-6.31582455348e-05,10.3091434564
0.92775,-6.01399442545e-05,10.3084578934
0.927875,-8.8546789095e-05,10.3120407827
0.928,-3.93747684148e-05,10.309264932
0.928125,-4.72299537722e-05,10.3071779775
0.92825,-6.12641008133e-05,10.3066320794
0.928375,-1.00493510958e-05,10.3023913577
0.9285,3.08899946727e-05,10.2990151084
0.928625,4.56810472029e-06,10.2946933233
0.92875,1.51638661922e-05,10.2905837675
0.928875,2.69080699741e-05,10.2869763714
0.929,1.85137679625e-05,10.2829819372
0.929125,5.02263345684e-05,10.281205709
0.92925,5.4582939877e-05,10.2798951408
0.929375,6.53816309778e-05,10.279903765
0.9295,-9.20312352675e-07,10.2755616828
0.929625,0.000101989036107,10.2818103631
0.92975,6.35896786891e-05,10.2815820215
0.929875,5.64399140654e-05,10.2804809338
0.93,8.76506623932e-05,10.2839544994
0.930125,2.74862337243e-05,10.2803802213
0.93025,3.76035405631e-05,10.2774770327
0.930375,4.21003267125e-05,10.2749399077
0.9305,-1.24696948443e-05,10.2707555074
0.930625,2.48381376069e-05,10.2670421739
0.93075,-9.36530701691e-07,10.262700125
0.930875,-5.18533618626e-05,10.2611056304
0.931,-5.30255213386e-07,10.2567629732
0.931125,-5.70410045831e-05,10.255750249
0.93125,-2.5587420417e-05,10.2520777843
0.931375,-3.09886131113e-05,10.2487190518
0.9315,-3.42976063613e-05,10.2455826335
0.931625,-6.49853996699e-05,10.2455727829
0.93175,-4.46851579556e-05,10.2432791513
0.931875,-6.80237210326e-05,10.2436862416
0.932,-4.18941420621e-05,10.2411454402
0.932125,-5.35235091371e-05,10.2397453509
0.93225,-6.47987089438e-05,10.2397164438
0.932375,-0.000132148605184,10.2532877637
0.9325,-6.6740742538e-05,10.2535069383
0.932625,-4.49863549948e-05,10.2512372295
0.93275,-7.96343310008e-05,10.2533909958
0.932875,5.29508788733e-06,10.2490767817
0.933,-9.567667804e-06,10.2448277317
0.933125,-1.70522011894e-05,10.2407833283
0.93325,1.49805386433e-06,10.2364426898
0.933375,1.37311580657e-05,10.2322937004
0.9335,2.71619060955e-05,10.2287103725
0.933625,5.43025861682e-05,10.2274052305
0.93375,5.36237428278e-06,10.2230919281
0.933875,2.38385466324e-05,10.2193353408
0.934,4.70467749537e-05,10.2172777495
0.934125,5.83842601765e-05,10.2164555064
0.93425,5.62931203315e-05,10.2153862917
0.934375,3.70363500489e-05,10.2124610599
0.9345,4.71275663432e-05,10.2104149541
0.934625,4.59200271818e-05,10.20825371
0.93475,3.17380138973e-05,10.2049536191
0.934875,7.27789606761e-05,10.2060957615
0.935,9.32196722953e-05,10.2107456663
0.935125,6.11668428114e-05,10.2102726731
0.93525,1.38277310494e-05,10.2061276103
0.935375,3.28365641043e-05,10.2029014986
0.9355,-7.37365898997e-06,10.1986149194
0.935625,2.6470014739e-05,10.1949990041
0.93575,-1.40926765915e-06,10.1906581219
0.935875,-2.87839986889e-05,10.1871764383
0.936,-3.44852220466e-05,10.1840706596
0.936125,-7.63947919129e-07,10.1797283225
0.93625,-1.17620291206e-05,10.1755295646
0.936375,-1.19297003875e-05,10.1713350903
0.9365,-2.45605427018e-05,10.1676220176
0.936625,-5.38921846376e-05,10.1663135168
0.93675,-7.73427425103e-05,10.1682199495
0.936875,-5.3084172896e-05,10.1668207647
0.937,-4.32903956899e-05,10.1644364147
0.937125,-7.52887373797e-05,10.1660181049
0.93725,-5.12126774825e-06,10.1617025818
0.937375,-1.34951112792e-05,10.1575502333
0.9375,-9.13792253005e-05,10.1619459396
0.937625,-8.9817810675e-05,10.166037314
0.93775,8.10014399955e-06,10.1617629685
0.937875,-2.95765883578e-05,10.1583354336
0.938,9.69702145519e-06,10.1540909759
0.938125,7.85325959681e-06,10.1498126901
0.93825,3.27811935999e-05,10.1465973409
0.938375,-3.2056720579e-06,10.1422651885
0.9385,1.83999919312e-05,10.1382781473
0.938625,4.33526317041e-05,10.1359123804
0.93875,5.62737757822e-05,10.1349021316
0.938875,8.54255363409e-05,10.1382370921
0.939,6.91200235771e-05,10.1389184326
0.939125,7.84414333033e-05,10.1410441907
0.93925,6.4567908889e-05,10.1410830343
0.939375,6.26641418602e-05,10.1408673795
0.9395,7.96925864357e-05,10.143197984
0.939625,4.80920510993e-05,10.1412852658
0.93975,4.52973501435e-05,10.1390993237
0.939875,8.32655912771e-05,10.1420442092
0.94,2.32852507231e-06,10.1377069647
0.940125,2.38811782506e-05,10.1339641594
0.94025,6.13573371263e-05,10.133584724
0.940375,4.0387378538e-05,10.1309596418
0.9405,4.36993377519e-05,10.1286290057
0.940625,-3.30438377553e-05,10.1254373966
0.94075,-3.7094977354e-06,10.1211089739
0.940875,-1.27372602171e-05,10.1169374145
0.941,5.42393043444e-06,10.1126255779
0.941125,-4.36106390307e-05,10.1102952596
0.94125,-6.40317672132e-05,10.1102922767
0.941375,-5.23948790729e-05,10.1088556598
0.9415,-4.73819451085e-05,10.1068904464
0.941625,-6.18508184247e-05,10.1066001665
0.94175,-2.2340765441e-05,10.1027862161
0.941875,-4.8330721839e-05,10.100920611
0.942,-5.86796809334e-05,10.1002306037
0.942125,-9.58979996341e-05,10.1056386751
0.94225,-4.71573140024e-05,10.1036527211
0.942375,-7.00343960211e-05,10.1045090059
0.9425,-6.87825236675e-05,10.1051801966
0.942625,-2.42813990518e-05,10.1014623376
0.94275,3.74330659112e-06,10.0971342626
0.942875,-7.51907951794e-06,10.0928513735
0.943,1.4782978702e-05,10.0887407925
0.943125,2.29179284067e-05,10.0849568199
0.94325,3.60608074685e-05,10.0819988676
0.943375,6.721642002e-05,10.0824693196
0.9435,4.66485608531e-05,10.0804451311
0.943625,5.81373973018e-05,10.0797048854
0.94375,6.95157081521e-05,10.0805127957
0.943875,5.61038669675e-05,10.0795249706
0.944,7.71988729791e-05,10.0815337742
0.944125,4.77257515015e-05,10.0796184022
0.94425,8.70242121672e-05,10.0833451371
0.944375,4.16492482569e-05,10.0808503069
0.9445,7.40798309489e-05,10.0823547784
0.944625,7.85630344905e-05,10.0845855926
0.94475,-1.3671847004e-06,10.0802446391
0.944875,1.83266954598e-05,10.0762598463
0.945,2.56336554332e-05,10.0726181977
0.945125,1.50823672631e-05,10.0685182531
0.94525,4.62477524718e-05,10.0664617313
0.945375,-2.32309108516e-05,10.062696083
0.9455,6.80342193117e-06,10.0584026974
0.945625,-2.06626565503e-05,10.0545173153
0.94575,-2.52292850977e-05,10.0508571264
0.945875,-7.48650286612e-05,10.0525274843
0.946,-3.53912190451e-05,10.0495285807
0.946125,-8.47009522033e-05,10.0528836774
0.94625,-8.50581278576e-05,10.0562977872
0.946375,-7.70777890221e-05,10.058320626
0.9465,-9.67753786245e-05,10.0640039137
0.946625,-2.87752959079e-05,10.0605471784
0.94675,-5.94851836066e-05,10.0599931491
0.946875,-8.69334087481e-05,10.0637395065
0.947,-6.27949731465e-05,10.0636155306
0.947125,-7.9421309987e-06,10.0593401086
0.94725,5.12445917757e-06,10.0550253023
0.947375,7.28883191784e-07,10.0506829274
0.9475,-1.7701238874e-05,10.0466763885
0.947625,9.3420750999e-06,10.0424272336
0.94775,1.51162090754e-06,10.0380867468
0.947875,3.07925598125e-05,10.0347646788
0.948,4.93441491941e-05,10.0330447756
0.948125,7.00439072162e-05,10.0339876636
0.94825,4.14541788709e-05,10.0314964875
0.948375,2.99950221632e-05,10.028123699
0.9485,2.1818650914e-05,10.0242945129
0.948625,6.52275159627e-05,10.0245450712
0.94875,7.09376773217e-05,10.0256342454
0.948875,6.67054087501e-05,10.0260937192
0.949,7.43590980893e-05,10.0277170319
0.949125,4.5220465289e-05,10.025580717
0.94925,5.30542497625e-05,10.0242763603
0.949375,7.15370266979e-05,10.0254579966
0.9495,2.5752836665e-05,10.0218312118
0.949625,3.02496715128e-05,10.0184771621
0.94975,6.97762888429e-05,10.0193973742
0.949875,2.07034225506e-05,10.0155179434
0.95,9.07732049499e-06,10.0112641854
0.950125,-4.86474859268e-05,10.0094845893
0.95025,5.24123374258e-07,10.0051419422
0.950375,-3.1247104663e-05,10.0018582362
0.9505,-3.98428366122e-05,9.99923862754
0.950625,-5.78394628024e-05,9.99852884213
0.95075,-5.95738331927e-05,9.99804074244
0.950875,-6.51634204157e-05,9.99831006549
0.951,-7.99435646547e-05,10.0009066573
0.951125,-9.84905072692e-05,10.0070860771
0.95125,-7.90226181796e-05,10.0095101499
0.951375,-5.47155711652e-05,10.0084109758
0.9515,-3.14157776741e-05,10.0051379293
0.951625,-9.01500103318e-05,10.0096038248
0.95175,-3.55532764641e-05,10.0066307264
0.951875,-6.27857213588e-05,10.006561309
0.952,-1.29469832983e-05,10.0024001724
0.952125,-2.96720178246e-05,9.99901298535
0.95225,-8.47550365851e-06,9.99474808953
0.952375,-5.91004484794e-06,9.9904431327
0.9525,4.06451787387e-05,9.98789833548
0.952625,1.61546952395e-05,9.98383966324
0.95275,6.67333688586e-05,9.98434961405
0.952875,8.94534753167e-05,9.98872162403
0.953,4.68203999469e-05,9.98676550221
0.953125,3.01511557172e-05,9.98341298637
0.95325,6.02076703693e-05,9.98302103463
0.953375,0.000106343826408,9.99099347593
0.9535,1.59905190886e-05,9.98692885684
0.953625,8.89659730473e-05,9.99120111738
0.95375,3.04672621612e-05,9.98786844317
0.953875,4.67993235623e-05,9.98591064194
0.954,4.90879068421e-05,9.98419293209
0.954125,5.11247610974e-05,9.98269865853
0.95425,6.15103734171e-05,9.98248012636
0.954375,1.78164835935e-05,9.97848337603
0.9545,6.36949555343e-05,9.97856714935
0.954625,-1.50971865672e-05,9.97447301255
0.95475,5.87117853812e-05,9.9738949942
0.954875,-8.31709951034e-06,9.96962764419
0.955,-3.14615854847e-05,9.96636734368
0.955125,-6.86807640719e-05,9.96718519759
0.95525,-6.59094374013e-05,9.96759429783
0.955375,-2.67181477374e-05,9.96403254124
0.9555,-5.70721517095e-05,9.96325581864
0.955625,-4.12699938823e-05,9.96077835742
0.95575,-8.84634121385e-05,9.96500505047
0.955875,-2.93158357834e-05,9.96160312486
0.956,-9.84860020508e-05,9.96787711689
0.956125,-6.35694346688e-05,9.96795424514
0.95625,-8.04572222983e-05,9.97068948962
0.956375,-6.064600475e-06,9.96638676785
0.9565,-2.99852144417e-05,9.96302798803
0.956625,-2.48067699818e-05,9.95935917595
0.95675,-2.44052408483e-05,9.95566927012
0.956875,-6.28599902938e-05,9.95566050038
0.957,-4.77449077855e-05,9.95381850263
0.957125,1.10275874407e-05,9.94960906786
0.95725,-1.16231457401e-05,9.94541458683
0.957375,2.1332626144e-05,9.94157221066
0.9575,3.41589519755e-05,9.93851375106
0.957625,-5.80000640322e-06,9.93420786964
0.95775,1.01163025985e-05,9.92997778966
0.957875,6.39195826229e-05,9.93014286809
0.958,1.07724358455e-05,9.92592802312
0.958125,8.93799965165e-05,9.93040344911
0.95825,3.1604703468e-05,9.92716293031
0.958375,7.51812851591e-05,9.92905923974
0.9585,5.13707654649e-05,9.92762917083
0.958625,7.28551185907e-05,9.92914498639
0.95875,8.24511622711e-05,9.93230176953
0.958875,8.85302039956e-05,9.93659779973
0.959,6.4699312326e-05,9.93686644221
0.959125,9.43859927132e-06,9.93262168689
0.95925,2.37793452745e-05,9.92890254572
0.959375,4.09564727359e-05,9.92641144205
0.9595,2.62033418998e-05,9.9228270325
0.959625,-2.45515905606e-05,9.919150564
0.95975,-4.12831016018e-05,9.91669333731
0.959875,-1.47631801338e-05,9.91259172728
0.96,-5.41138381786e-05,9.91149320013
0.960125,-6.53810319142e-06,9.90719764604
0.96025,-7.30284138023e-05,9.90876908774
0.960375,-8.23797845606e-05,9.91194808057
0.9605,-3.29808354992e-05,9.90881075369
0.960625,-6.79173447919e-05,9.90958187194
0.96075,-9.46344424466e-05,9.91516061532
0.960875,-0.000105351657592,9.92309472469
0.961,-3.40711223254e-05,9.92003511689
0.961125,-4.92014467119e-05,9.91836985919
0.96125,-4.51323431257e-05,9.91628098517
0.961375,9.78455088851e-06,9.91204406086
0.9615,-5.87220418198e-05,9.91152186342
0.961625,-4.96313079198e-06,9.9072062272
0.96175,-5.70211355206e-05,9.90647000079
0.961875,2.30464832318e-05,9.90271654312
0.962,1.40336738158e-05,9.89859237529
0.962125,-6.64737633013e-06,9.89429856427
0.96225,6.41706585221e-05,9.89453656947
0.962375,3.68636811118e-05,9.89170582599
0.9625,3.94333197691e-05,9.88909433537
0.962625,5.37529356021e-05,9.88797005337
0.96275,5.53928299083e-05,9.88704596315
0.962875,3.10602804641e-05,9.88377847734
0.963,7.49055918389e-05,9.88569128119
0.963125,8.50350134667e-05,9.88940518163
0.96325,7.25343793184e-05,9.89092086316
0.963375,6.77029013312e-05,9.89168072125
0.9635,7.8864374612e-05,9.89425909802
0.963625,-1.84790732778e-07,9.88991619121
0.96375,3.49422271874e-05,9.88693338455
0.963875,3.35628895784e-05,9.88384619221
0.964,2.69331367022e-05,9.88031251149
0.964125,6.56867238016e-06,9.87601774626
0.96425,-7.52098238047e-06,9.87173802598
0.964375,4.46980711177e-06,9.86741743459
0.9645,-4.13036327707e-05,9.86498469808
0.964625,-5.84216512886e-05,9.86446471111
0.96475,-1.7044069344e-05,9.860447322
0.964875,-6.16977481644e-05,9.86037235314
0.965,-4.77584332804e-05,9.85858726669
0.965125,-3.73048644171e-05,9.85580579895
0.96525,-4.07830806653e-05,9.85333021215
0.965375,-0.000125560241129,9.86666508115
0.9655,-3.75983461795e-05,9.86390532728
0.965625,-7.88180166809e-05,9.86651989561
0.96575,-5.03599801194e-05,9.86501695241
0.965875,-0.000114021112032,9.87521797636
0.966,-8.46464036922e-05,9.87887773112
0.966125,-3.21712883863e-05,9.87569071972
0.96625,-2.31584458676e-05,9.87194723636
0.966375,-1.84155424194e-05,9.8679836911
0.9665,-3.64628180707e-05,9.86512931588
0.966625,-1.67540265901e-05,9.86110089321
0.96675,-2.48904138886e-05,9.85745275012
0.966875,4.56082192285e-05,9.85544415394
0.967,2.89721520753e-05,9.85204377443
0.967125,4.15159230797e-05,9.84963756222
0.96725,4.86215267941e-05,9.84795229333
0.967375,7.79250317221e-05,9.85043523234
0.9675,8.76864160338e-05,9.85472864702
0.967625,8.88519631893e-05,9.85924419174
0.96775,0.00011985811985,9.87099092133
0.967875,0.000112447903276,9.88077460728
0.968,0.0001158274385,9.89138503131
0.968125,6.13548092302e-05,9.89123282582
0.96825,3.14201028902e-05,9.88798933847
0.968375,0.000112164940827,9.89764731386
0.9685,4.8842455714e-05,9.8959567696
0.968625,4.83076440336e-05,9.89420948435
0.96875,4.22762944025e-05,9.89185544854
0.968875,2.83562727935e-05,9.888407888
0.969,5.16686910274e-05,9.88703939462
0.969125,2.76140519124e-05,9.88354652103
0.96925,-1.89874097966e-05,9.87960582817
0.969375,-2.14543442173e-05,9.87577691006
0.9695,-5.29841600189e-05,9.8745708535
0.969625,-4.20705458106e-05,9.87220643468
0.96975,-6.27425018823e-05,9.87226523001
0.969875,-8.78867767877e-05,9.87655466115
0.97,-6.06382089146e-05,9.87631917649
0.970125,-3.90751522153e-05,9.87368241468
0.97025,-4.65284982395e-05,9.87175988739
0.970375,-7.7086444562e-05,9.87406032595
0.9705,-6.72760150502e-05,9.87477566306
0.970625,-6.13539149196e-06,9.87047480509
0.97075,-8.1870018233e-06,9.86620687387
0.970875,-0.000112998243061,9.87614464394
0.971,-4.82699637492e-05,9.87440515838
0.971125,1.85514066686e-06,9.87006606173
0.97125,-2.62597789115e-05,9.86649487008
0.971375,-1.10396555914e-05,9.86228844525
0.9715,2.6757418466e-05,9.85874821459
0.971625,1.75591917367e-05,9.85475125568
0.97175,3.17429599242e-05,9.85153994129
0.971875,2.07556130145e-05,9.8476812072
0.972,5.37255019551e-05,9.84658443799
0.972125,5.6421890391e-05,9.84582245133
0.97225,1.72441606343e-05,9.8418141841
0.972375,7.35323132418e-05,9.84355836305
0.9725,6.59708156434e-05,9.84411370738
0.972625,7.5328461346e-05,9.84615529418
0.97275,3.38062143083e-05,9.84309839012
0.972875,-1.71667598084e-05,9.83908733343
0.973,8.85262414337e-05,9.84356981013
0.973125,3.15217477863e-05,9.84034565678
0.97325,3.67690364029e-05,9.83752604635
0.973375,5.48387087528e-05,9.83657305559
0.9735,2.31605342866e-05,9.83283510478
0.973625,1.01427083109e-05,9.82860829414
0.97375,3.8055632271e-06,9.82428171439
0.973875,2.54736569556e-05,9.82067270729
0.974,-6.93286531161e-07,9.8163303066
0.974125,-7.11794006541e-07,9.81198793592
0.97425,4.25377041934e-05,9.80969704223
0.974375,-2.81750998386e-05,9.80625495816
0.9745,-4.79880115579e-05,9.80452688723
0.974625,-7.08078237502e-05,9.80587727549
0.97475,-5.0119686933e-05,9.80438684493
0.974875,-6.7583444149e-05,9.80523099342
0.975,-5.62875657444e-05,9.80448606723
0.975125,-5.6996737135e-05,9.80383296944
0.97525,-7.93260397182e-05,9.80663552112
0.975375,-3.64011325771e-05,9.80379721592
0.9755,-6.2710945565e-05,9.80392136507
0.975625,-7.73875523175e-05,9.80637908697
0.97575,-4.93838588208e-05,9.80480521997
0.975875,-4.75093745726e-05,9.80302611794
0.976,-2.15478302004e-05,9.79921091259
0.976125,-1.03011249429e-05,9.794988689
0.97625,4.66624945219e-05,9.79312461886
0.976375,3.40910921756e-05,9.79010554196
0.9765,3.10351581879e-05,9.78686055067
0.976625,6.90574852703e-05,9.78795517812
0.97675,4.93493276817e-05,9.7863891931
0.976875,-9.70588578569e-06,9.78215373816
0.977,4.41818389026e-05,9.78003975313
0.977125,0.000115962727024,9.79103616534
0.97725,5.43391392838e-05,9.79005752391
0.977375,8.17488084789e-05,9.79332691464
0.9775,4.83933658989e-05,9.79165111766
0.977625,5.62458356593e-05,9.79091210752
0.97775,7.09236568597e-05,9.7922990488
0.977875,7.0082601234e-05,9.7935492006
0.978,6.15132439814e-05,9.79351458014
0.978125,7.16776749579e-05,9.79502041651
0.97825,6.84154298451e-05,9.79600445318
0.978375,-4.9494093577e-05,9.79444960856
0.9785,-2.70327841932e-05,9.79093888052
0.978625,-2.60863743064e-05,9.78737153295
0.97875,-3.17863311999e-05,9.78418105252
0.978875,-3.96553768538e-05,9.78163299753
0.979,-2.69578151042e-05,9.77812010616
0.979125,-5.80503956191e-05,9.77762792878
0.97925,-6.8051814371e-05,9.77857666305
0.979375,-4.66138867438e-05,9.77671679583
0.9795,-7.92047030109e-05,9.77954210333
0.979625,-7.11621179139e-05,9.78098272582
0.97975,-4.89654170539e-05,9.77937810735
0.979875,-0.00010197918234,9.78690468138
0.98,-7.77178416984e-05,9.78944743738
0.980125,-7.09344242739e-05,9.79083804949
0.98025,-9.50108266248e-05,9.79677266168
0.980375,-7.83410224169e-05,9.79941033067
0.9805,-2.63877254755e-05,9.79585945803
0.980625,-2.85755379511e-05,9.79244611701
0.98075,-1.9756420166e-05,9.78854789678
0.980875,-1.25401476486e-05,9.78438429438
0.981,1.71946745304e-05,9.78037884982
0.981125,-1.91232907329e-05,9.77645374302
0.98125,3.71887106581e-05,9.77369218928
0.981375,6.13393083666e-05,9.77365287337
0.9815,5.7310120195e-05,9.7730670131
0.981625,7.452334321e-05,9.77507594135
0.98175,3.55313382377e-05,9.77217705513
0.981875,3.68864337951e-05,9.76939143529
0.982,6.53289888122e-05,9.7699346752
0.982125,2.12258602593e-05,9.76610773408
0.98225,5.55966971606e-05,9.76530681394
0.982375,5.54630339601e-05,9.76448953989
0.9825,6.7401991143e-05,9.76535347561
0.982625,7.15325813302e-05,9.76687354233
0.98275,1.62356691418e-05,9.76283271746
0.982875,6.69588078917e-05,9.76363040544
0.983,-1.05820847483e-06,9.75928874508
0.983125,1.55122534537e-05,9.75522207971
0.98325,3.67639301246e-06,9.75089466815
0.983375,-3.74385548365e-05,9.74816388859
0.9835,-3.62352857008e-05,9.74533211235
0.983625,-3.52942824857e-05,9.7424238152
0.98375,-7.10576082023e-05,9.74389693788
0.983875,-9.72195186748e-05,9.75043113395
0.984,-4.01550612811e-05,9.74794294271
0.984125,-8.50792847801e-05,9.7519248886
0.98425,-6.74009901377e-05,9.75280374617
0.984375,-7.67910320589e-05,9.75523633177
0.9845,-7.266685615e-05,9.75695777998
0.984625,-7.36198076778e-05,9.75883674813
0.98475,-1.07269048711e-05,9.75462593289
0.984875,-7.17188605793e-05,9.7561911204
0.985,-7.90700005409e-05,9.75902590233
0.985125,-5.57586553419e-05,9.7582514521
0.98525,-5.76127605933e-05,9.75771884246
0.985375,-4.91663598204e-05,9.75615156182
0.9855,-7.76689435324e-05,9.75873449417
0.985625,-9.38628691442e-06,9.75449271909
0.98575,-2.727355996e-05,9.75100470932
0.985875,9.81213500328e-06,9.74677251929
0.986,3.00966396111e-05,9.74347248752
0.986125,5.75633374808e-05,9.74294630678
0.98625,4.20214622106e-05,9.74063800132
0.986375,1.94854680264e-05,9.73673285823
0.9865,4.29609201211e-05,9.73451956648
0.986625,0.000100530074844,9.74183125671
0.98675,2.28291179457e-05,9.7380890796
0.986875,4.58515180585e-05,9.73617117395
0.987,6.58274393289e-05,9.73682728872
0.987125,5.62112936812e-05,9.73612956306
0.98725,3.42829435743e-05,9.73314310922
0.987375,5.71760909977e-05,9.73257473326
0.9875,5.52866919684e-05,9.73176157725
0.987625,2.4255157837e-06,9.7274254303
0.98775,4.47340234114e-05,9.72539646313
0.987875,5.20317093276e-05,9.72418522753
0.988,4.29720225746e-05,9.72197919995
0.988125,-4.90165125159e-06,9.71766407961
0.98825,1.13511345085e-05,9.71347049886
0.988375,-7.24906941387e-06,9.70918852962
0.9885,-3.53506776539e-06,9.70486009981
0.988625,-5.70883883118e-05,9.70430473354
0.98875,-2.99278686926e-05,9.70100317181
0.988875,-6.84212584292e-05,9.70210463964
0.989,-5.623695183e-05,9.70143951645
0.989125,-4.57079337838e-05,9.69952686775
0.98925,-6.25540612324e-05,9.69973665574
0.989375,-8.48263177604e-05,9.70376149747
0.9895,-6.87940983422e-05,9.70491893213
0.989625,-7.66451566886e-05,9.70740059593
0.98975,-5.94840600533e-05,9.70716722825
0.989875,-1.29919213545e-06,9.70282624486
0.99,-7.24310712875e-05,9.70458152907
0.990125,-3.81564538908e-05,9.70193110778
0.99025,-2.87954997868e-05,9.69855276769
0.990375,-3.85212269648e-06,9.69422710055
0.9905,-9.47930264878e-06,9.68998888458
0.990625,4.20026819824e-05,9.68770369516
0.99075,-3.22032804311e-06,9.6833728555
0.990875,-1.90228042419e-06,9.67903413886
0.991,4.79200569006e-05,9.67737615804
0.991125,5.29298227874e-05,9.67630994507
0.99125,3.94988226821e-05,9.67379252411
0.991375,4.31813101364e-05,9.67163253393
0.9915,6.81231288154e-05,9.67272328954
0.991625,6.70662702755e-05,9.67364553632
0.99175,5.09629699823e-05,9.67234301696
0.991875,5.1908069839e-05,9.67115521608
0.992,3.29415362839e-05,9.66808357726
0.992125,6.38631781483e-05,9.66852027235
0.99225,5.5722648697e-05,9.66781623493
0.992375,1.19903012566e-05,9.66364187227
0.9925,9.80363965713e-06,9.65941173712
0.992625,-2.42688401129e-06,9.65507571217
0.99275,2.14026907331e-05,9.65127146333
0.992875,1.55263867536e-05,9.64721227183
0.993,1.653878492e-05,9.64319159068
0.993125,-3.84856750817e-05,9.64059500364
0.99325,-6.18392428281e-05,9.64076214445
0.993375,-4.03856480414e-05,9.63834327986
0.9935,-4.62792021443e-05,9.63652819193
0.993625,-3.44134920995e-05,9.63358379141
0.99375,-3.72799240632e-05,9.63088314105
0.993875,-6.02726254144e-05,9.6308343606
0.994,-3.93090483792e-05,9.62831847134
0.994125,-8.24701291389e-05,9.63201635658
0.99425,-6.98797729085e-05,9.63344312598
0.994375,-2.97471012737e-05,9.63014594636
0.9945,-4.09324371532e-05,9.62778435988
0.994625,-9.30810324611e-05,9.63368314326
0.99475,-2.33001115056e-05,9.6299817877
0.994875,-2.26092814991e-05,9.62624346858
0.995,5.53580140921e-06,9.62193680451
0.995125,1.44729167577e-05,9.61784208584
0.99525,5.57381695208e-06,9.613535993
0.995375,3.54518579738e-05,9.61068512534
0.9955,2.2259872354e-05,9.60693087353
0.995625,3.31477501045e-05,9.60389437387
0.99575,3.90017068817e-05,9.60136122155
0.995875,4.10234853997e-05,9.59902168887
0.996,9.59491049673e-05,9.60563275968
0.996125,5.80221128274e-05,9.6052926263
0.99625,7.24697622455e-05,9.60719297414
0.996375,5.59390258465e-05,9.60656937039
0.9965,5.67329394709e-05,9.60605259148
0.996625,6.70311632007e-05,9.60705064768
0.99675,4.05341325807e-05,9.60466105488
0.996875,4.64232789943e-05,9.60288152451
0.997,-1.56190013947e-05,9.59882894541
0.997125,2.92022429276e-05,9.59550187546
0.99725,4.03718171046e-05,9.59310183196
0.997375,4.5099885142e-05,9.59118472001
0.9975,5.63689862635e-05,9.59063242719
0.997625,-2.85165196214e-05,9.58726004319
0.99775,3.27842105838e-06,9.58292993775
0.997875,-2.32715713643e-05,9.57923453432
0.998,-3.88047467397e-05,9.57669335243
0.998125,-5.01424921636e-05,9.57536017882
0.99825,-5.49087807862e-05,9.57462724526
0.998375,-3.18552184211e-05,9.57149986815
0.9985,-9.9127309439e-05,9.57892186439
0.998625,-6.63949518727e-05,9.57985189496
0.99875,-1.39811775104e-05,9.57574285115
0.998875,-9.11787186766e-05,9.58134609666
0.999,-5.43068436488e-05,9.58052961754
0.999125,-3.5313222296e-05,9.57767839725
0.99925,-7.66861825719e-05,9.5803703227
0.999375,-7.79459204063e-05,9.5832905782
0.9995,-5.24663769529e-05,9.58223774068
0.999625,-1.214793166e-05,9.5780712832
0.99975,-3.80735191215e-05,9.57546331508
0.999875,-3.34334231796e-05,9.57245909074
1,2.17743325536e-05,9.56868441872
1.000125,6.69102156358e-06,9.56439518391
1.00025,2.52329136726e-05,9.56081677615
1.000375,5.82329609004e-06,9.5565145877
1.0005,6.21715899488e-05,9.55681938012
1.000625,6.06617294237e-05,9.55690097276
1.00075,5.29917377374e-05,9.55593477759
1.000875,3.58709759721e-05,9.553139783
1.001,4.91444164547e-05,9.55170374104
1.001125,7.82321828729e-05,9.5547258124
1.00125,5.52384945974e-05,9.55405373767
1.001375,8.20633048106e-05,9.5578097501
1.0015,0.000115626560154,9.56951672921
1.001625,8.77821359795e-05,9.57440673201
1.00175,6.42530243938e-05,9.575007358
1.001875,7.69741676132e-05,9.57775653355
1.002,5.32583270117e-05,9.57680805219
1.002125,-1.11270549714e-05,9.57261336387
1.00225,-4.10736417511e-05,9.57029206678
1.002375,1.21732278723e-05,9.56612683321
1.0025,-3.93181303351e-06,9.56180244563
1.002625,-5.69087253276e-05,9.56134927557
1.00275,2.38797307778e-06,9.55701318351
1.002875,-5.38063414772e-06,9.55270506483
1.003,-2.39066142842e-05,9.54905025354
1.003125,-0.000103571410624,9.55761565673
1.00325,-3.10669656105e-05,9.55443341077
1.003375,-7.73037677009e-05,9.55727734066
1.0035,-0.000118859079036,9.56989456535
1.003625,-8.46357728956e-05,9.57413445517
1.00375,-6.45689870943e-05,9.57478410531
1.003875,-3.92694844858e-05,9.57228822098
1.004,-2.80316789871e-05,9.56888708723
1.004125,-3.53526951553e-05,9.56604321574
1.00425,-4.3217367414e-05,9.56394178619
1.004375,-8.6583214731e-06,9.55968887613
1.0045,-3.71098420032e-05,9.55700119825
1.004625,-4.14339087477e-06,9.55267890496
1.00475,-1.50070909529e-05,9.54860713727
1.004875,8.99556065194e-06,9.54436172114
1.005,1.17856366123e-05,9.54018634893
1.005125,-1.59943819196e-05,9.53615232148
1.00525,2.57786825183e-05,9.53261254676
1.005375,1.3025357632e-05,9.52847483592
1.0055,3.122954905e-05,9.52531266403
1.005625,3.65608886021e-05,9.52258915126
1.00575,5.45655224253e-05,9.5218548066
1.005875,4.21179148432e-05,9.51966257343
1.006,5.94630859461e-05,9.51960763771
1.006125,5.74122812628e-05,9.51926221098
1.00625,7.41711004722e-05,9.52158965494
1.006375,2.92470130485e-05,9.5182839846
1.0065,8.71285312024e-05,9.52314497588
1.006625,3.67985001548e-05,9.520443396
1.00675,5.31167048878e-05,9.51952172884
1.006875,4.34337099381e-05,9.51746716717
1.007,-2.25422061759e-05,9.51374103996
1.007125,7.46979800418e-06,9.50946588765
1.00725,4.15648188205e-05,9.50722353454
1.007375,1.13842308892e-06,9.5028821667
1.0075,-1.96376467008e-05,9.49900890902
1.007625,-3.48069198233e-05,9.49614268347
1.00775,-3.74470460441e-05,9.4935100565
1.007875,-3.84288802593e-05,9.49096936496
1.008,-8.09474074793e-05,9.49462201161
1.008125,-4.70741020222e-05,9.49298245364
1.00825,-5.60942996822e-05,9.49247913289
1.008375,-7.78157796687e-05,9.4955230422
1.0085,-5.62145273615e-05,9.49503393669
1.008625,-6.61134671174e-05,9.49602128896
1.00875,-8.68838115308e-05,9.50087769192
1.008875,-5.65777744425e-05,9.5004337223
1.009,-7.38797164209e-05,9.50273763191
1.009125,-1.2082543096e-05,9.49857250502
1.00925,-4.32790444167e-05,9.49651266265
1.009375,-4.03900907915e-06,9.49218961718
1.0095,-1.16701632895e-05,9.48801296311
1.009625,2.66360468404e-05,9.48453705279
1.00975,3.47356340511e-05,9.48166969374
1.009875,3.3797234048e-05,9.47872461942
1.01,7.26798992312e-05,9.48084676143
1.010125,1.72102533129e-05,9.47686640442
1.01025,5.63861299755e-05,9.47641753811
1.010375,4.28587788574e-05,9.47432502993
1.0105,3.19153648335e-05,9.47123075079
1.010625,3.39612431471e-05,9.46830267039
1.01075,6.4725512194e-05,9.46910022315
1.010875,7.27927588701e-05,9.47125682108
1.011,3.85989788691e-05,9.46874145482
1.011125,9.3067321309e-05,9.47501866003
1.01125,1.5799743915e-05,9.47098171732
1.011375,6.93621646216e-05,9.47253797896
1.0115,-1.1864868064e-05,9.46836769937
1.011625,-1.47533195878e-05,9.46429197571
1.01175,-7.76753947749e-06,9.46002317481
1.011875,2.23389352049e-05,9.45629403922
1.012,-2.70505938099e-05,9.45285187837
1.012125,-5.29654575499e-05,9.45196410008
1.01225,-6.32444062685e-05,9.45254770605
1.012375,-3.44472471791e-05,9.44966667804
1.0125,-5.63492833119e-05,9.4492371484
1.012625,-6.89031272652e-05,9.4507448395
1.01275,-2.30274632381e-05,9.44705551646
1.012875,-6.71560984433e-05,9.44827326291
1.013,-5.13997115421e-05,9.44718772971
1.013125,-5.94969138844e-05,9.44720987605
1.01325,-4.52034347607e-05,9.44538714484
1.013375,-0.000108013855856,9.45542035363
1.0135,3.35224645582e-06,9.45109124672
1.013625,-6.17619240872e-05,9.45144766504
1.01375,-7.41521898908e-05,9.4538765502
1.013875,-2.57493587289e-05,9.45035027393
1.014,-2.67204760188e-05,9.44688746723
1.014125,-1.66078947799e-05,9.44288482472
1.01425,-2.84039330359e-05,9.43953811113
1.014375,2.16185743895e-05,9.43577274731
1.0145,9.19804333875e-06,9.43153445506
1.014625,6.96810141325e-05,9.43319932509
1.01475,3.67455167703e-05,9.4305272659
1.014875,9.18504536011e-05,9.43662021055
1.015,7.86519819783e-05,9.43992119313
1.015125,6.51931633304e-05,9.44082742257
1.01525,7.212260105e-05,9.44290662646
1.015375,3.73078117691e-05,9.44028224064
1.0155,8.69488777759e-05,9.44527129173
1.015625,4.06709419693e-05,9.44296952433
1.01575,3.34780660891e-05,9.44001045196
1.015875,7.93967864394e-05,9.44345068711
1.016,1.1454016137e-05,9.43926973815
1.016125,7.85991346505e-05,9.44255580947
1.01625,-4.60491751047e-06,9.43823905422
1.016375,5.03103222081e-05,9.43702417149
1.0165,1.76887582246e-05,9.43306814065
1.016625,1.3493723558e-05,9.42895056111
1.01675,2.15576798603e-06,9.42461337401
1.016875,-2.50676444315e-05,9.42104966381
1.017,2.02655295138e-06,9.41671181643
1.017125,-4.85832008512e-05,9.41530041257
1.01725,-2.38066101637e-05,9.41166178991
1.017375,-6.54237643946e-05,9.41263968626
1.0175,-7.4403707465e-05,9.41517569974
1.017625,-7.08497746487e-05,9.41706707518
1.01775,-6.46386558993e-05,9.41791165306
1.017875,-8.24560837723e-05,9.4220054319
1.018,-7.46399173578e-05,9.4245702561
1.018125,-6.14852716431e-05,9.42491320395
1.01825,-3.93299858026e-05,9.42248805267
1.018375,-3.84212564586e-05,9.41997634353
1.0185,-4.25145023491e-05,9.41787679437
1.018625,-7.48954706972e-05,9.42049557324
1.01875,-2.3536838902e-05,9.41684025684
1.018875,-1.660251701e-05,9.41283975495
1.019,-2.52558418608e-05,9.40928993497
1.019125,4.17451526447e-05,9.40711527423
1.01925,4.10516992764e-05,9.40487024174
1.019375,6.16604333627e-05,9.40526132559
1.0195,4.95390211827e-05,9.40397440916
1.019625,2.7024299818e-05,9.40054139322
1.01975,8.49779571254e-05,9.4051944607
1.019875,5.72792346011e-05,9.40493670509
1.02,0.000102490054825,9.41366021533
1.020125,5.59647244095e-05,9.41320959978
1.02025,7.34934486132e-05,9.41557757694
1.020375,6.05890896033e-05,9.41579441929
1.0205,8.64159432639e-05,9.42072161256
1.020625,0.000119575959146,9.43409081287
1.02075,6.79676859383e-05,9.43546070329
1.020875,2.35589107008e-05,9.43180430741
1.021,3.97971001057e-06,9.42748097193
1.021125,9.41446070726e-06,9.42324787173
1.02125,1.20470428372e-05,9.41908496674
1.021375,-1.13901464895e-05,9.41490311748
1.0215,-2.53544602558e-05,9.41135912333
1.021625,2.26344654763e-05,9.40765343489
1.02175,-9.32153356748e-06,9.4034186697
1.021875,-5.2682439127e-05,9.40253319536
1.022,-2.77719264071e-05,9.39915153543
1.022125,-3.7249297794e-05,9.39653910806
1.02225,-5.3982764839e-05,9.39583209742
1.022375,-5.19804169425e-05,9.39486100993
1.0225,-0.000105539451297,9.40440449295
1.022625,-6.79017045312e-05,9.40580238644
1.02275,-5.17649784181e-05,9.40479575238
1.022875,-8.68541277315e-05,9.4098408134
1.023,-7.56684250522e-05,9.41261706189
1.023125,-8.14234330634e-05,9.41651107192
1.02325,-8.22598841648e-05,9.42056749355
1.023375,-4.50445493815e-05,9.41874247685
1.0235,-3.03074213681e-05,9.41554006589
1.023625,-2.45255482498e-05,9.41194458038
1.02375,-6.9906538283e-05,9.41367569283
1.023875,6.93843577506e-06,9.40939260213
1.024,-1.21005974875e-05,9.4052318818
1.024125,1.00501471927e-05,9.40101475906
1.02425,6.27679912163e-05,9.40158169508
1.024375,6.52056821187e-05,9.40253647376
1.0245,7.94399516209e-05,9.40605262806
1.024625,5.41166415738e-05,9.40535567417
1.02475,4.83121456662e-05,9.40391924881
1.024875,6.38742824701e-05,9.40465728482
1.025,4.06945576029e-06,9.40033497228
1.025125,3.86433934712e-05,9.39785396626
1.02525,3.60765069877e-05,9.39513478901
1.025375,1.01110653086e-05,9.39091949261
1.0255,7.41069216635e-05,9.39343496842
1.025625,6.54781175698e-05,9.39444410521
1.02575,5.21229318083e-05,9.3934926084
1.025875,2.89445154803e-05,9.39019600273
1.026,6.78438200819e-05,9.39160288718
1.026125,-3.96163622634e-05,9.38922073804
1.02625,1.03131768456e-05,9.3850107767
1.026375,-2.83548540335e-05,9.38167394065
1.0265,-3.8374710291e-05,9.37917504334
1.026625,-7.69520498552e-06,9.37490630822
1.02675,-5.34634311875e-05,9.37414750608
1.026875,-5.88281916844e-05,9.37414447121
1.027,-8.68037884961e-05,9.379245008
1.027125,-9.0319341746e-05,9.38511305346
1.02725,-5.44021121414e-05,9.38447245097
1.027375,-9.79973306309e-05,9.39213340698
1.0275,-5.99115368511e-05,9.39227300985
1.027625,-8.55317548392e-05,9.39706093852
1.02775,-4.37858341918e-05,9.39511011411
1.027875,-7.00092074686e-05,9.39688271172
1.028,-5.26065542871e-05,9.39599247831
1.028125,-2.08105207687e-05,9.39219013979
1.02825,-3.1291169689e-05,9.38907041591
1.028375,-1.83323539311e-06,9.38473167323
1.0285,3.38981760551e-05,9.38182669594
1.028625,-1.77642256419e-05,9.37787896448
1.02875,9.7369749014e-06,9.37365486872
1.028875,2.79829466962e-05,9.37029438138
1.029,1.44841080978e-05,9.36621487697
1.029125,3.16271464987e-05,9.36312905338
1.02925,1.15354086739e-05,9.35895348186
1.029375,5.29996982635e-05,9.35814575471
1.0295,0.000108724082462,9.36866336979
1.029625,0.000103699325156,9.37780857619
1.02975,6.39109788024e-05,9.37858310563
1.029875,9.14794172566e-05,9.3847164152
1.03,7.49198439336e-05,9.38739307327
1.030125,5.51328916934e-05,9.38685056675
1.03025,5.36760480153e-05,9.38611039861
1.030375,2.47258187841e-05,9.38253233425
1.0305,6.22241956779e-05,9.38303517869
1.030625,3.96472258548e-05,9.38065996242
1.03075,8.40264871394e-06,9.37640546875
1.030875,-1.25650863738e-05,9.37226050424
1.031,3.56478852136e-06,9.36793351021
1.031125,3.03175267252e-05,9.3647452887
1.03125,-1.73247704196e-06,9.36040611788
1.031375,5.18467780806e-06,9.35609700624
1.0315,-5.46677932909e-05,9.3555176893
1.031625,-3.67772508671e-05,9.35287871877
1.03175,-6.11664339306e-05,9.35325036672
1.031875,-1.91261329657e-05,9.34936857776
1.032,-5.9652448412e-05,9.34951346673
1.032125,-8.85440699992e-05,9.35505184138
1.03225,-6.30919347938e-05,9.35572230743
1.032375,-6.478873017e-05,9.35666507926
1.0325,-6.72077936481e-05,9.35800843626
1.032625,-7.21157225824e-05,9.36020994359
1.03275,-5.907484552e-05,9.36025741951
1.032875,-5.14539901641e-05,9.35924557182
1.033,-4.83180383264e-05,9.35784087599
1.033125,-1.04005241377e-05,9.35363415749
1.03325,1.97616432672e-05,9.34978347836
1.033375,-8.79718100105e-06,9.34553817749
1.0335,2.16528467647e-05,9.34178732314
1.033625,2.02257271934e-05,9.33796144337
1.03375,4.79372083896e-05,9.33652483237
1.033875,3.0989033266e-05,9.33339707786
1.034,3.77844633997e-05,9.3308618811
1.034125,6.59220730968e-05,9.33202247219
1.03425,3.82124692466e-05,9.32952903856
1.034375,8.16806045537e-05,9.33363506731
1.0345,5.57686380656e-05,9.33322908422
1.034625,7.70534679849e-05,9.33639937903
1.03475,1.49474917348e-05,9.33233919817
1.034875,6.56600818777e-05,9.33345430291
1.035,9.64156927226e-05,9.3408685475
1.035125,4.77886973811e-05,9.3394120304
1.03525,5.56340741478e-05,9.33898187394
1.035375,2.87600363891e-05,9.33568502106
1.0355,2.60214903979e-05,9.33219910316
1.035625,2.47989344014e-05,9.32863517844
1.03575,-5.89666803896e-05,9.32869850249
1.035875,-5.4405966852e-05,9.32810681731
1.036,-8.90415802547e-06,9.32386440615
1.036125,-4.16290473605e-05,9.32172052615
1.03625,-4.58221723882e-05,9.32004313541
1.036375,-5.35958986913e-05,9.31934788032
1.0365,-7.50400021156e-05,9.32215376406
1.036625,-2.6084912295e-05,9.31867471566
1.03675,-5.33483687902e-05,9.31794699749
1.036875,-0.000105379294509,9.32769540264
1.037,-0.000103847236274,9.33700705593
1.037125,-2.89411235017e-05,9.33372389804
1.03725,-5.52011838807e-05,9.33323816075
1.037375,-2.80319226113e-05,9.32989033187
1.0375,-7.76266384404e-05,9.33317857933
1.037625,-4.96291754165e-05,9.33195410625
1.03775,2.49202118377e-05,9.32839786333
1.037875,-4.81371649173e-05,9.32699199904
1.038,-2.36495000974e-05,9.32335838817
1.038125,1.99099081698e-05,9.31951861829
1.03825,6.48442610086e-05,9.32051474492
1.038375,2.93868506116e-05,9.317268635
1.0385,7.90770451967e-05,9.32086747906
1.038625,5.51553493249e-05,9.3203867532
1.03875,2.86859482616e-05,9.31708898328
1.038875,8.56477192073e-05,9.32206137054
1.039,6.35153025124e-05,9.32283802637
1.039125,6.00980402638e-05,9.32307807391
1.03925,7.67863029316e-05,9.32621384789
1.039375,6.7030546573e-05,9.32756704476
1.0395,0.000102086812517,9.33642076119
1.039625,5.67327155426e-05,9.33614939623
1.03975,7.55295783946e-05,9.33902084608
1.039875,4.17875392964e-05,9.33688602083
1.04,6.0412003782e-05,9.33715910516
1.040125,1.9527372169e-05,9.33329865117
1.04025,-8.03336168171e-07,9.32895652369
1.040375,2.40003586912e-05,9.32534378385
1.0405,1.0097800698e-05,9.32113021518
1.040625,-8.52441982392e-06,9.31687956012
1.04075,-2.70524870356e-05,9.31346691185
1.040875,-5.97521343536e-05,9.31366416312
1.041,-1.91642280823e-05,9.30978845223
1.041125,-4.6302931749e-05,9.30817475635
1.04125,-5.69837880209e-05,9.30796628207
1.041375,-8.15207985631e-05,9.31208116328
1.0415,-0.000125064515866,9.32759953975
1.041625,-9.46686593231e-05,9.33460739101
1.04175,-6.51444183456e-05,9.33563435171
1.041875,-9.85087822504e-05,9.34355773254
1.042,-5.12402642344e-05,9.34253100221
1.042125,-8.34868241333e-05,9.34698808816
1.04225,-3.79339454061e-05,9.34446152824
1.042375,-8.7980161824e-05,9.34988592525
1.0425,-2.98435112412e-05,9.34666654116
1.042625,4.368693053e-06,9.3423476941
1.04275,-4.45259193647e-05,9.34050974652
1.042875,-5.77759476443e-05,9.34038545384
1.043,4.40409420506e-05,9.33849435701
1.043125,4.19329595323e-05,9.33637519253
1.04325,5.17988008485e-05,9.33542673075
1.043375,5.52878441801e-05,9.33495159226
1.0435,1.54290096498e-05,9.33091002253
1.043625,8.75985651294e-05,9.33628019698
1.04375,-9.12680997255e-06,9.33204267779
1.043875,8.60239719669e-05,9.33706473479
1.044,8.66487428621e-05,9.34221219914
1.044125,7.19469245101e-05,9.34440684631
1.04425,9.59481324028e-05,9.35167820064
1.044375,7.02384112148e-05,9.35355270315
1.0445,7.20871851404e-05,9.35575574339
1.044625,4.30158814788e-05,9.35374360935
1.04475,1.63601343793e-05,9.34973804815
1.044875,3.11920493182e-05,9.34662252596
1.045,1.82076689059e-05,9.34269815008
1.045125,7.84835312155e-06,9.33843304921
1.04525,3.18813355951e-05,9.33537570749
1.045375,-4.09165385831e-06,9.33105395607
1.0455,-7.39785427163e-05,9.33364049872
1.045625,-4.4727954361e-05,9.33183040033
1.04575,-6.66228708527e-05,9.33310729755
1.045875,-6.8984111937e-05,9.33478755872
1.046,-6.83297936776e-05,9.33635189382
1.046125,-2.16780083293e-05,9.3326036728
1.04625,-7.87089158966e-05,9.33610110418
1.046375,-5.8700982703e-05,9.33611733273
1.0465,-6.24853222018e-05,9.3367133854
1.046625,-8.91224111222e-05,9.34241062975
1.04675,-5.50095736766e-05,9.34189052232
1.046875,-8.20312264532e-05,9.34604497439
1.047,-4.11468463093e-05,9.34383951528
1.047125,-5.61080720125e-05,9.3434722322
1.04725,-3.67345239889e-05,9.34083402622
1.047375,-2.65441866848e-05,9.33738182435
1.0475,-1.12127502179e-05,9.33319796101
1.047625,7.54474878974e-06,9.32892711161
1.04775,2.05450728864e-05,9.3251192698
1.047875,3.90140232172e-05,9.32270729034
1.048,-2.99526563581e-06,9.31837573597
1.048125,-2.20019820509e-05,9.31464796344
1.04825,6.73065474181e-05,9.31606343896
1.048375,8.36255643548e-05,9.32060368574
1.0485,6.94398615016e-05,9.32238132324
1.048625,5.20720707426e-05,9.32147982448
1.04875,1.54638548579e-05,9.31744055802
1.048875,8.04399990784e-05,9.32131494101
1.049,6.17319715819e-05,9.3218091334
1.049125,4.85862174092e-05,9.32046284471
1.04925,3.75096955764e-05,9.31790676979
1.049375,3.18371759802e-05,9.31485194246
1.0495,5.65732732676e-05,9.31457788292
1.049625,-1.04226103465e-05,9.3103731132
1.04975,3.8939976876e-05,9.30796035384
1.049875,1.55640975463e-05,9.30392599622
1.05,4.87957780994e-06,9.29961341211
1.050125,-2.28905987532e-05,9.29593921301
1.05025,1.15496946755e-05,9.29176667229
1.050375,-4.04967562787e-05,9.28952025449
1.0505,-3.75055117399e-05,9.28697655211
1.050625,-1.33791309603e-05,9.28286274058
1.05075,-7.7276199619e-05,9.28616456583
1.050875,-5.269673976e-05,9.28537559964
1.051,-5.59450115937e-05,9.28503879683
1.051125,-4.56936790057e-05,9.2833689581
1.05125,-4.54604961549e-05,9.28167293185
1.051375,-7.72510977147e-05,9.28497188719
1.0515,-0.000114917696809,9.29750899697
1.051625,-8.24635141005e-05,9.30184127078
1.05175,-1.60643398258e-05,9.29782753114
1.051875,-8.02424305439e-06,9.29356680354
1.052,-3.23094690882e-05,9.29055792603
1.052125,1.59895879823e-05,9.2865419783
1.05225,-2.54926091726e-05,9.2830309395
1.052375,-1.98527831393e-05,9.27919295348
1.0525,2.10254735159e-05,9.2754168812
1.052625,3.16172381946e-05,9.27235680893
1.05275,2.06513670621e-05,9.2685616061
1.052875,2.12518265421e-05,9.26479922356
1.053,2.24266165066e-05,9.26110335688
1.053125,-1.59948290538e-06,9.25676370656
1.05325,4.00325947884e-05,9.25448609113
1.053375,9.65469669102e-05,9.26214835591
1.0535,3.94798260237e-05,9.25981162296
1.053625,9.05883210814e-05,9.26602655868
1.05375,5.88958231098e-05,9.26614310009
1.053875,6.72082183505e-05,9.26760621642
1.054,3.49517729871e-05,9.26483378179
1.054125,1.02568092197e-05,9.26062619246
1.05425,2.55244568908e-05,9.25712222442
1.054375,3.06780183451e-05,9.25399217464
1.0545,-1.33110424013e-05,9.24987776601
1.054625,3.10304796683e-05,9.24677781377
1.05475,7.55129030767e-06,9.24250854093
1.054875,2.94329702326e-05,9.23928581477
1.055,-4.23738662411e-05,9.23726610376
1.055125,-5.59778384954e-06,9.23296373269
1.05525,1.44090309271e-05,9.22888988013
1.055375,-2.77698452931e-05,9.22554727937
1.0555,-4.67556433425e-05,9.22404168485
1.055625,-1.92840276721e-05,9.22018169725
1.05575,-0.000110694103323,9.23173801871
1.055875,-0.000109266380023,9.24284647955
1.056,-4.18125806159e-05,9.24076379143
1.056125,-6.41398331201e-05,9.24174015004
1.05625,-3.60595487664e-05,9.23907881012
1.056375,-5.46395638752e-05,9.23859824459
1.0565,-7.11175786771e-05,9.24079726822
1.056625,-6.2277157973e-05,9.2414692959
1.05675,4.51662709538e-06,9.23715274001
1.056875,-2.55726421485e-05,9.23365650595
1.057,-2.60022858233e-05,9.23018966396
1.057125,1.31258105295e-05,9.22607016052
1.05725,-3.11288992464e-05,9.22298497955
1.057375,-9.63506101303e-07,9.21864324075
1.0575,8.07366403337e-05,9.22276857234
1.057625,6.32140117003e-05,9.22361400885
1.05775,5.22168285381e-05,9.22281123344
1.057875,6.97092429117e-05,9.22477678171
1.058,7.91007228879e-05,9.22855127109
1.058125,5.7401615137e-05,9.22848120849
1.05825,2.97724821566e-05,9.22528817924
1.058375,5.4903073334e-05,9.22485733813
1.0585,7.75322497234e-05,9.22831324251
1.058625,3.8045181824e-05,9.22584795184
1.05875,5.56457979479e-05,9.22552310497
1.058875,5.80780325806e-05,9.22555733696
1.059,6.45115549138e-05,9.22661435465
1.059125,3.9861636329e-05,9.22433340286
1.05925,3.76868012019e-05,9.22183460059
1.059375,6.00205792615e-05,9.22217034754
1.0595,2.16277140581e-05,9.21843513919
1.059625,3.11729453568e-05,9.21535573866
1.05975,-4.2704641353e-05,9.21338546434
1.059875,-1.29659675264e-05,9.20926139739
1.06,-8.19357554137e-05,9.21365872929
1.060125,-7.37383436366e-05,9.21638886603
1.06025,-4.29167393504e-05,9.21444164224
1.060375,-3.63062390509e-05,9.21181413165
1.0605,-0.000107572210353,9.22251672625
1.060625,-6.72638620692e-05,9.2240481293
1.06075,-6.69961160742e-05,9.22553083744
1.060875,-3.28033540246e-05,9.22258475963
1.061,-8.86088546727e-05,9.22843072444
1.061125,-2.66572565267e-05,9.22500967836
1.06125,-1.69032853785e-06,9.22067044361
1.061375,-3.70999525726e-05,9.21811617493
1.0615,-1.62360199791e-05,9.21411605463
1.061625,-1.74625052187e-06,9.20977707938
1.06175,-1.55183521525e-05,9.2057479247
1.061875,8.72295087143e-06,9.2015042203
1.062,3.49706124365e-05,9.19875758727
1.062125,2.83931901344e-05,9.19546767417
1.06225,2.7580479431e-05,9.19211910075
1.062375,1.34834181357e-05,9.18801401389
1.0625,3.52771773693e-05,9.18530053868
1.062625,5.01088331441e-05,9.18424668226
1.06275,4.27821767744e-06,9.17992772805
1.062875,0.000108668219179,9.19105086419
1.063,0.000104690917105,9.20102776112
1.063125,5.62964274813e-05,9.20082094038
1.06325,0.000126108047184,9.21719413253
1.063375,3.2121042782e-05,9.21419313125
1.0635,2.21166542787e-06,9.20985655381
1.063625,7.31139611204e-06,9.2055832641
1.06375,2.13486477109e-05,9.20183474033
1.063875,4.05650135247e-05,9.1996393979
1.064,-6.43827304081e-06,9.1953505925
1.064125,6.41904949185e-05,9.19639132055
1.06425,2.81847749536e-05,9.19308657229
1.064375,2.19504980857e-06,9.1887499301
1.0645,-6.37401087339e-05,9.18972349044
1.064625,-2.18304497766e-05,9.18600437139
1.06475,-5.40682789807e-05,9.18548997988
1.064875,-3.01119735901e-05,9.18233502162
1.065,-5.25630225945e-05,9.18161356904
1.065125,-6.01571040182e-05,9.18201431928
1.06525,-0.000103514936986,9.19170094672
1.065375,-9.45936916773e-05,9.19905059884
1.0655,-6.26328090821e-05,9.19982899997
1.065625,-2.92092985702e-05,9.19660020892
1.06575,-3.35337071301e-05,9.19372676928
1.065875,-5.57064624014e-05,9.19344056391
1.066,-5.11002071212e-05,9.19251168605
1.066125,-4.6701675522e-05,9.19102115558
1.06625,-1.75482348897e-05,9.18708119318
1.066375,-1.8624786384e-05,9.18319260121
1.0665,-4.87686645889e-05,9.1819667374
1.066625,4.43890212269e-06,9.1776496327
1.06675,5.88237513375e-05,9.17784667831
1.066875,8.35124957223e-06,9.17359528282
1.067,-3.18746024797e-07,9.1692524715
1.067125,1.56115563003e-06,9.16491273227
1.06725,4.96826595183e-05,9.16381839645
1.067375,7.83276149505e-05,9.1675475377
1.0675,1.59853718342e-05,9.16354080658
1.067625,5.21857050353e-05,9.16278304407
1.06775,7.89059505934e-05,9.16663366514
1.067875,6.69714213871e-05,9.16818950005
1.068,7.50242806924e-05,9.17124526902
1.068125,8.95490371727e-05,9.17743193244
1.06825,0.000115004076168,9.19041737116
1.068375,3.02250618733e-05,9.18726999457
1.0685,2.35769355284e-05,9.18365508565
1.068625,5.60005403874e-05,9.18342131867
1.06875,7.71456188684e-06,9.17915639602
1.068875,-4.74976587725e-06,9.17484305645
1.069,-1.99933557119e-05,9.17102516363
1.069125,-5.24039734447e-06,9.16671832366
1.06925,3.78853307925e-05,9.16426388059
1.069375,-1.78110595658e-05,9.16033864467
1.0695,-2.68408734584e-05,9.15694510906
1.069625,-2.44599873572e-05,9.15339124231
1.06975,-5.01281021096e-05,9.1523641796
1.069875,-4.9324727253e-05,9.15123248302
1.07,-4.29486624859e-05,9.14932508087
1.070125,-8.92247002989e-06,9.14508732592
1.07025,-7.00547249736e-05,9.14723047561
1.070375,-4.85277408669e-05,9.14599955506
1.0705,-9.74504970523e-05,9.15419617659
1.070625,-6.7967763062e-05,9.15594611902
1.07075,-9.46261823198e-05,9.16340038981
1.070875,-3.1074343203e-05,9.16032901941
1.071,-6.10878169535e-05,9.16090162318
1.071125,-1.61546351272e-05,9.1569025754
1.07125,-2.16907581745e-05,9.15318017041
1.071375,1.50919431505e-05,9.14913790159
1.0715,3.77257412815e-05,9.14667517927
1.071625,5.15139578228e-05,9.14583933677
1.07175,2.42509202983e-05,9.14227402573
1.071875,7.80395627376e-05,9.14598377202
1.072,2.95471245808e-05,9.14279511961
1.072125,9.09007671472e-05,9.14937288594
1.07225,8.00365358271e-05,9.1534858034
1.072375,7.60495576761e-05,9.15677075592
1.0725,4.22687504689e-05,9.15478386608
1.072625,5.51066938145e-05,9.15444655755
1.07275,3.51213038171e-05,9.15173124655
1.072875,5.50925816636e-05,9.15139470142
1.073,7.3275077215e-05,9.15413708966
1.073125,5.83637820762e-05,9.15428769852
1.07325,4.36592847308e-05,9.15245976645
1.073375,1.11593191442e-05,9.14828124468
1.0735,7.38398053889e-05,9.15113833135
1.073625,-1.26791925513e-05,9.14700771109
1.07375,-1.31293803107e-05,9.14289265234
1.073875,-9.96297982243e-06,9.13868105573
1.074,-3.92267117337e-05,9.13637578771
1.074125,-4.05705040485e-05,9.13421364204
1.07425,-6.02199721157e-05,9.13467644431
1.074375,-5.11456626373e-05,9.13380021428
1.0745,-7.92659054743e-05,9.13778100093
1.074625,-7.00514788699e-05,9.13993446184
1.07475,-7.47598272075e-05,9.14298611954
1.074875,-7.19915028966e-05,9.14549588976
1.075,-1.47351591153e-05,9.14144008064
1.075125,-9.16479721138e-05,9.14820135097
1.07525,-0.000121045186247,9.16318031117
1.075375,-4.03071234899e-05,9.16097670774
1.0755,-6.55762251298e-05,9.16229685282
1.075625,-5.52947373983e-05,9.16197994797
1.07575,-8.64657438028e-05,9.16747574632
1.075875,-2.87786177898e-05,9.1642224321
1.076,-3.54982421821e-05,9.16153850103
1.076125,3.16560455739e-05,9.15851574168
1.07625,5.63672693429e-05,9.15836010115
1.076375,4.94410049808e-05,9.15723910745
1.0765,7.94459923525e-05,9.16121275981
1.076625,2.83394727145e-05,9.15792797375
1.07675,1.37455560511e-06,9.1535875205
1.076875,3.48866703119e-05,9.15085085645
1.077,8.03162354941e-05,9.15502002528
1.077125,0.000109587527712,9.16649577234
1.07725,7.68971968046e-05,9.16992825179
1.077375,5.97170978828e-05,9.17027248736
1.0775,6.3927622414e-05,9.17130014225
1.077625,5.96122220795e-05,9.17162646335
1.07775,3.92846940332e-05,9.16931178108
1.077875,0.000105949272681,9.17970787317
1.078,6.42962830737e-05,9.1807858279
1.078125,2.48980775712e-05,9.17725600164
1.07825,-8.97022251828e-06,9.17301869406
1.078375,-4.3223091775e-05,9.17113016735
1.0785,3.72579192811e-05,9.16861185093
1.078625,-1.55540234391e-05,9.16458714254
1.07875,1.700248823e-06,9.16024800406
1.078875,-9.56690106748e-06,9.15602568865
1.079,-4.34647808987e-05,9.15417440691
1.079125,-2.04544093178e-05,9.15038362893
1.07925,-6.69728573459e-05,9.15196181537
1.079375,-5.38063902518e-05,9.15144026558
1.0795,-7.02685700385e-05,9.15361351228
1.079625,-7.06577509667e-05,9.15585578992
1.07975,-8.04501071961e-05,9.16004350362
1.079875,-3.66722302217e-05,9.15747280137
1.08,-6.64490647055e-05,9.15894929322
1.080125,-1.22096839808e-05,9.15480288597
1.08025,-8.18402494274e-05,9.15928979505
1.080375,-1.39369616883e-05,9.1552029068
1.0805,-4.61236047938e-05,9.15366621844
1.080625,-3.97122414642e-05,9.15140450133
1.08075,-6.43877074429e-05,9.15253339587
1.080875,3.59614115092e-05,9.14989761898
1.081,3.10363790157e-07,9.14555480142
1.081125,1.82993698418e-05,9.14165468568
1.08125,4.66122261046e-05,9.14018670181
1.081375,4.58393098809e-05,9.13862513412
1.0815,4.95297307321e-05,9.1375304321
1.081625,6.26426852356e-05,9.13838348974
1.08175,2.74154569292e-05,9.13503605196
1.081875,6.30988015138e-05,9.13596803261
1.082,4.01628285409e-05,9.13376249067
1.082125,7.06408686665e-05,9.13603175597
1.08225,6.47846282296e-05,9.13724790835
1.082375,6.79084070554e-05,9.13901098664
1.0825,9.18727004207e-05,9.14583294562
1.082625,6.52078698933e-05,9.14710923621
1.08275,4.23130787572e-05,9.14513254612
1.082875,5.43355147632e-05,9.14469262005
1.083,3.19277239305e-05,9.14169783304
1.083125,-5.51243228398e-06,9.13739510953
1.08325,-1.46462251784e-06,9.1330550069
1.083375,-1.04029361577e-05,9.12885559142
1.0835,2.26797154302e-07,9.12451271489
1.083625,1.43672801862e-05,9.12044406995
1.08375,-4.81461359848e-05,9.11918336074
1.083875,-4.82258725986e-05,9.11793376308
1.084,-1.62016373885e-05,9.11394015837
1.084125,-1.62912516851e-05,9.10995075367
1.08425,-7.88158601072e-05,9.11388265334
1.084375,-9.27202175751e-05,9.12097718212
1.0845,-5.5939726918e-05,9.12079407554
1.084625,-5.92956647787e-05,9.12112497512
1.08475,-6.910745695e-05,9.12312892697
1.084875,-6.86295380667e-05,9.12504257475
1.085,-4.58253859775e-05,9.12348902491
1.085125,-3.4393483705e-05,9.12071812994
1.08525,-4.54420275692e-05,9.11912085161
1.085375,-6.70336294498e-05,9.12075260674
1.0855,-6.95385987386e-06,9.1164739773
1.085625,-8.63952867793e-06,9.11223040567
1.08575,-2.8512543456e-05,9.10897072957
1.085875,2.34059302862e-05,9.10535835115
1.086,1.52904907801e-05,9.10132746259
1.086125,2.13073559929e-05,9.09759102718
1.08625,5.46279195274e-05,9.09723660685
1.086375,8.47317604793e-05,9.10248392868
1.0865,7.25275190411e-05,9.10516115469
1.086625,5.19668709682e-05,9.10442149251
1.08675,8.95858905951e-05,9.11078001634
1.086875,7.52278573061e-05,9.11397485961
1.087,5.76554085186e-05,9.11405782697
1.087125,7.00269241599e-05,9.11624226964
1.08725,4.1996122431e-05,9.11424689325
1.087375,5.67267565944e-05,9.11418823458
1.0875,-2.83868974655e-05,9.11091854955
1.087625,7.01413046716e-05,9.11312904879
1.08775,6.32414595802e-05,9.11411167331
1.087875,9.95425046146e-06,9.10990071844
1.088,4.0249957044e-05,9.10771737836
1.088125,-8.73867540003e-06,9.10347630578
1.08825,-3.91175087646e-05,9.1011761997
1.088375,-9.09522650007e-05,9.10787147056
1.0885,-4.46387840661e-05,9.10618585994
1.088625,-3.23274058853e-05,9.10323733925
1.08875,-4.72724271522e-05,9.10187760826
1.088875,-8.6898277868e-05,9.10761029285
1.089,-7.06973561515e-05,9.10993009962
1.089125,-9.64494161306e-05,9.11797307387
1.08925,-3.44274733366e-05,9.11520728856
1.089375,-3.24845998183e-05,9.11226943827
1.0895,-4.50814827873e-05,9.11063403757
1.089625,-6.13898716872e-05,9.11131244214
1.08975,-5.4785900449e-05,9.11096846492
1.089875,-8.31241039752e-05,9.11582659271
1.09,-3.35152840209e-05,9.11297909088
1.090125,-4.26993792217e-05,9.11106479789
1.09025,-3.54690010276e-05,9.10839852882
1.090375,-4.09341310211e-06,9.1040779337
1.0905,1.52150652742e-05,9.10004406531
1.090625,8.11562077926e-06,9.09578913943
1.09075,3.1139895214e-05,9.09274317084
1.090875,3.2471852114e-05,9.08981149801
1.091,6.44263218166e-05,9.09102515341
1.091125,7.53558254384e-05,9.09428009302
1.09125,3.63231547129e-05,9.09170234176
1.091375,6.64724895834e-05,9.09327173815
1.0915,6.17731948262e-05,9.09403336357
1.091625,5.60779345701e-05,9.09389683097
1.09175,2.40090741407e-05,9.09032525848
1.091875,8.57979575157e-05,9.09583081934
1.092,9.38089685215e-05,9.10324386411
1.092125,5.52770031477e-05,9.10297943497
1.09225,9.02677232081e-05,9.10950487445
1.092375,1.37003606519e-05,9.10541221905
1.0925,5.92965161985e-05,9.10575982749
1.092625,2.05515389077e-05,9.10198055408
1.09275,-3.52895031399e-05,9.0993008356
1.092875,2.36517618524e-05,9.09570554539
1.093,8.22186474339e-06,9.09145302943
1.093125,1.21431249132e-05,9.08730753011
1.09325,-5.52190053603e-05,9.08704950599
1.093375,-2.10146477638e-05,9.08329846502
1.0935,-8.88015745022e-05,9.08952185937
1.093625,-7.85947554417e-05,9.09344620134
1.09375,-6.36657078472e-05,9.09452497415
1.093875,-8.2526803098e-05,9.0992858514
1.094,-2.29779221844e-05,9.09564857247
1.094125,-4.86799043439e-05,9.09447459382
1.09425,-8.98612804602e-05,9.10092358901
1.094375,-3.46280711947e-05,9.09818250817
1.0945,-8.14487924972e-05,9.10269988409
1.094625,-6.06600263934e-05,9.10326863074
1.09475,-1.77572636051e-05,9.09934674754
1.094875,-4.66152689032e-05,9.09790727722
1.095,-7.88148153045e-06,9.09364738674
1.095125,-4.6577415297e-05,9.09220700977
1.09525,1.38638600326e-05,9.08812138655
1.095375,4.4771955468e-05,9.08646383068
1.0955,4.02665304304e-05,9.0842939616
1.095625,5.90401239353e-05,9.08462377114
1.09575,6.14968931961e-05,9.08534993941
1.095875,5.79507904215e-05,9.08550790278
1.096,8.15159534403e-05,9.09006579403
1.096125,8.25518799891e-06,9.08581413102
1.09625,7.19724004167e-05,9.08841095517
1.096375,7.07606323204e-05,9.09077223481
1.0965,8.31842923645e-05,9.0956865821
1.096625,9.64797239914e-05,9.10377798666
1.09675,7.18845373941e-05,9.10632933729
1.096875,1.29211694805e-05,9.10220918522
1.097,3.17686605704e-05,9.09921411963
1.097125,1.84109520199e-06,9.09487570558
1.09725,-2.65239676394e-06,9.09054217382
1.097375,1.86364091722e-05,9.08666437413
1.0975,3.12513233716e-05,9.08363044973
1.097625,-3.03078388493e-06,9.0792998271
1.09775,3.84462157961e-06,9.07497673032
1.097875,-1.71687023555e-05,9.07102997134
1.098,-4.77165809758e-05,9.06974915923
1.098125,-2.59344608761e-05,9.06631127106
1.09825,-5.54228873382e-05,9.06610338689
1.098375,-2.44008251384e-05,9.06256230489
1.0985,-0.000101225557667,9.0720097298
1.098625,-2.00918935681e-05,9.06820972906
1.09875,-1.46823718211e-05,9.06415698493
1.098875,-3.17869561372e-05,9.06117534563
1.099,-4.86750110081e-05,9.06002597036
1.099125,-7.3243778946e-05,9.06291270164
1.09925,-4.45638586809e-05,9.06124573142
1.099375,-8.36631164183e-05,9.06633065495
1.0995,-5.19562112226e-05,9.06562185008
1.099625,-1.26694595444e-05,9.06149511968
1.09975,-2.65526173197e-05,9.05810269018
1.099875,2.28851199231e-05,9.05446639195
1.1,7.08080293962e-08,9.0501234539
1.100125,2.72424601816e-05,9.04678367237
1.10025,6.74456000475e-06,9.04250226894
1.100375,3.57013844722e-05,9.03988506301
1.1005,4.03850193839e-05,9.03775156267
1.100625,3.79540496317e-05,9.03536109044
1.10075,6.58906329186e-05,9.0369033079
1.100875,6.99387596282e-05,9.03918795233
1.101,5.5406601323e-05,9.0390035177
1.101125,7.41417189865e-05,9.04210436426
1.10125,7.88246859429e-05,9.04616830499
1.101375,7.18813939112e-05,9.04881103401
1.1015,6.44225197634e-05,9.05007670041
1.101625,6.42221871608e-05,9.05130593845
1.10175,3.35608295204e-06,9.04697821576
1.101875,2.96557999954e-05,9.04382487783
1.102,4.49708219069e-05,9.04221898967
1.102125,-1.8206615776e-05,9.03832495104
1.10225,-6.70288403059e-06,9.03404290792
1.102375,8.77182435028e-06,9.02980436582
1.1025,-5.92203911217e-05,9.03022206315
1.102625,-2.64159550688e-05,9.02682667357
1.10275,-3.32847449945e-05,9.02398920535
1.102875,-4.38502820833e-05,9.02226056777
1.103,-4.7492464905e-05,9.02098531285
1.103125,-4.69621259365e-05,9.01964283203
1.10325,-7.48814752229e-05,9.02292672637
1.103375,-4.57149461525e-05,9.02142577538
1.1035,-6.51041038516e-05,9.02284687611
1.103625,-7.70962838255e-05,9.02658222632
1.10375,-0.000110625225791,9.03884131312
1.103875,-9.14317490954e-05,9.0458141744
1.104,-4.07813910855e-05,9.04372117321
1.104125,-6.30106737077e-05,9.04475014164
1.10425,-3.28868078104e-05,9.0418708451
1.104375,-5.52586766229e-05,9.04166169261
1.1045,-1.77185336366e-05,9.0377439638
1.104625,-5.18325188969e-05,9.03704175901
1.10475,8.35070421849e-06,9.03279336795
1.104875,-1.74739062832e-05,9.02886482474
1.105,4.18767855916e-05,9.02690355542
1.105125,3.1468725983e-05,9.02390629174
1.10525,5.94935744368e-05,9.02437451358
1.105375,4.00203082903e-05,9.02220905799
1.1055,5.53924928298e-05,9.02203878038
1.105625,7.62985888573e-05,9.02560944984
1.10575,8.04819514763e-05,9.03006356615
1.105875,0.000111162610408,9.04247062215
1.106,9.32901647181e-05,9.04989770567
1.106125,5.9366767149e-05,9.05031688142
1.10625,9.4387940236e-05,9.05800049455
1.106375,4.98255552791e-05,9.05700626548
1.1065,5.15993392172e-05,9.05625542978
1.106625,4.86013482777e-05,9.05510000696
1.10675,7.40150793109e-05,9.0581480468
1.106875,5.10684841503e-05,9.05732278513
1.107,-1.74987439407e-05,9.05339308026
1.107125,-2.08976269698e-05,9.04964001946
1.10725,-3.03775012441e-06,9.0453095508
1.107375,-4.96282144189e-05,9.04429857704
1.1075,-4.72287774598e-05,9.04297401356
1.107625,-2.27040637468e-06,9.03863804867
1.10775,-7.69563495372e-05,9.0423149409
1.107875,-8.46588476822e-05,9.04766748763
1.108,-6.87716657129e-05,9.04971709315
1.108125,-0.000101372364664,9.05924538507
1.10825,-8.73624558543e-05,9.06518620954
1.108375,-7.3221487578e-05,9.06805997175
1.1085,-0.000100318559749,9.07724465046
1.108625,-7.54043451312e-05,9.08053352563
1.10875,-4.06214193919e-05,9.07840514151
1.108875,-5.89130063162e-05,9.07872117161
1.109,-5.19280934323e-05,9.07799809798
1.109125,-3.97782988735e-05,9.07578000103
1.10925,1.87787168299e-05,9.07191093975
1.109375,-3.40295369658e-05,9.0691253391
1.1095,-2.60355214043e-07,9.06478248551
1.109625,-1.21760543284e-05,9.06063928132
1.10975,2.42344803314e-05,9.05708830039
1.109875,2.28751568148e-05,9.05345155198
1.11,3.77950299669e-05,9.05103777164
1.110125,2.6294061814e-05,9.04762916985
1.11025,5.24192956015e-06,9.04332339216
1.110375,4.14658415886e-05,9.04130786186
1.1105,7.03092523007e-05,9.04365607153
1.110625,5.40042666738e-05,9.04325983179
1.11075,9.59688355105e-05,9.05136929043
1.110875,6.162306442e-05,9.0521553688
1.111,8.39601638328e-05,9.0573271586
1.111125,7.95700834881e-05,9.06152074632
1.11125,3.42166285892e-05,9.05875608467
1.111375,7.47106367039e-05,9.06193723871
1.1115,3.38851331805e-05,9.05914200096
1.111625,3.00194675091e-05,9.05601460516
1.11175,-4.86820712822e-06,9.05170365493
1.111875,3.72550598354e-05,9.04923591137
1.112,5.06354900255e-06,9.04492763434
1.112125,-1.95322111617e-06,9.04058985311
1.11225,-2.14523348081e-05,9.03687035661
1.112375,-3.46473823135e-05,9.03415488531
1.1125,-1.13983050273e-05,9.02998821834
1.112625,-5.32951124661e-05,9.02950116338
1.11275,-8.17223107104e-05,9.03422012285
1.112875,-8.42202104125e-05,9.039490453
1.113,-0.000115402302799,9.05315779233
1.113125,-5.78330530011e-05,9.05333082872
1.11325,-7.61796151548e-05,9.05682027333
1.113375,-6.66191426072e-05,9.05846362451
1.1135,-5.30955984472e-05,9.05792276664
1.113625,-9.47556600405e-05,9.06567895991
1.11375,-4.58742313374e-05,9.06416981703
1.113875,2.51139805153e-05,9.06067666515
1.114,-3.5253101897e-05,9.05800937571
1.114125,1.26134443103e-05,9.05388111367
1.11425,8.9888521047e-06,9.04964730192
1.114375,6.29700121989e-06,9.04535796659
1.1145,1.91086062627e-05,9.04150914925
1.114625,2.08574282718e-05,9.03775543141
1.11475,5.46025668288e-05,9.0374525673
1.114875,3.14488050847e-05,9.03445034063
1.115,6.37473243584e-05,9.03561731017
1.115125,7.37082005006e-05,9.03863716832
1.11525,5.43389815372e-05,9.03829459867
1.115375,6.32727177993e-05,9.03937508093
1.1155,6.15988523867e-05,9.04017129726
1.115625,0.00012070881697,9.05552612334
1.11575,4.53141384244e-05,9.05395469677
1.115875,3.40702608578e-06,9.04962743015
1.116,1.62708551127e-05,9.04564240174
1.116125,2.30021135524e-05,9.04201539742
1.11625,6.36727346121e-06,9.03772736169
1.116375,3.47980878445e-05,9.03502575266
1.1165,2.65006831521e-05,9.03163539653
1.116625,-6.72112497278e-06,9.02735377971
1.11675,-9.85240894026e-06,9.02314274691
1.116875,-2.23890446128e-05,9.01948161347
1.117,-3.86262553681e-05,9.01716942115
1.117125,1.23137219536e-05,9.01303301097
1.11725,-3.50393452627e-05,9.01036372317
1.117375,-0.000100278158963,9.01971800921
1.1175,-9.68938766734e-05,9.02813722144
1.117625,-5.36878789473e-05,9.02770885067
1.11775,-0.000107949700882,9.03917194107
1.117875,-8.29683302392e-05,9.04414828875
1.118,-7.38020514331e-05,9.04717241939
1.118125,-7.27702691876e-05,9.04998718742
1.11825,-0.000114674118337,9.06338557438
1.118375,-7.01810647339e-05,9.06567564702
1.1185,-5.8930599113e-05,9.06600813523
1.118625,-1.40897042009e-05,9.06193257172
1.11875,-2.26286039345e-05,9.05827991317
1.118875,-1.41065675582e-05,9.05420546742
1.119,-6.7733254133e-06,9.04992448407
1.119125,-1.84342332338e-05,9.04604092363
1.11925,4.54466604116e-06,9.04172592612
1.119375,5.55721146706e-05,9.0415639188
1.1195,8.11713037495e-05,9.04613644488
1.119625,1.15487214448e-05,9.04197396242
1.11975,4.25995717358e-05,9.04008816773
1.119875,5.02604938054e-05,9.03916671141
1.12,4.10455252024e-05,9.03710643228
1.120125,6.49565090831e-05,9.03848077849
1.12025,6.17747036739e-05,9.03930742537
1.120375,0.000103250166272,9.04938798814
1.1205,6.3622757914e-05,9.05051462561
1.120625,0.000108572251862,9.06207662769
1.12075,8.11650799615e-05,9.06660582686
1.120875,6.05483847979e-05,9.06719733805
1.121,7.17067044467e-05,9.06977262839
1.121125,5.76719897477e-05,9.06990341993
1.12125,-2.91483631446e-06,9.06557190861
1.121375,1.19760479424e-05,9.06142216137
1.1215,-5.87058154104e-05,9.06172361293
1.121625,-3.27971426954e-05,9.05883067024
1.12175,-7.35274951961e-05,9.06177547637
1.121875,-1.73387645129e-05,9.0578378347
1.122,-7.37490056122e-05,9.06082825519
1.122125,-2.93611437722e-05,9.05764768595
1.12225,-6.30288081522e-05,9.05866254719
1.122375,-2.80384424982e-05,9.0553801495
1.1225,-2.6182460427e-05,9.05196270827
1.122625,-7.66812455467e-05,9.05555804607
1.12275,-0.00010301683158,9.06552006012
1.122875,-6.24316970747e-05,9.0664244331
1.123,-4.57460850072e-05,9.0648990019
1.123125,-7.51640763036e-05,9.06816092956
1.12325,-6.57712772947e-05,9.06963776949
1.123375,-7.15326537084e-05,9.07217567789
1.1235,-1.7773722428e-05,9.0682576064
1.123625,-1.35402672332e-05,9.06416146879
1.12375,-4.92089198014e-05,9.06308026822
1.123875,6.08550868762e-05,9.06372591302
1.124,1.39149755146e-05,9.05964389623
1.124125,4.16572852207e-05,9.05764109234
1.12425,3.16076210325e-05,9.054646159
1.124375,2.58993462293e-05,9.05120896594
1.1245,5.98883375883e-05,9.05171067605
1.124625,0.000110047004574,9.06370238301
1.12475,6.8294625793e-05,9.06564045879
1.124875,4.36967459508e-05,9.0638687803
1.125,0.000105671506755,9.07454753622
1.125125,5.94777934801e-05,9.07495749234
1.12525,6.18164192673e-05,9.07574784858
1.125375,8.69464142651e-05,9.08155248588
1.1255,1.34387908395e-05,9.07745191979
1.125625,5.04617855788e-05,9.07652837995
1.12575,5.1132027749e-05,9.07569698702
1.125875,4.74074244295e-05,9.07437339271
1.126,1.80896518733e-05,9.07047033636
1.126125,-9.31308604072e-06,9.06624409288
1.12625,1.40951937394e-05,9.06216872322
1.126375,-1.71095832743e-05,9.05822040263
1.1265,-1.92853609331e-05,9.05437928004
1.126625,-1.94956932048e-05,9.0505496163
1.12675,-1.54638817823e-05,9.04652989832
1.126875,-7.20782120636e-05,9.04921031933
1.127,-6.01643979336e-05,9.04975902026
1.127125,-3.15669924517e-05,9.04676306629
1.12725,-0.000105990145561,9.0575919297
1.127375,-6.21554769006e-05,9.05845949863
1.1275,-6.31867288887e-05,9.05950021934
1.127625,-7.55561303561e-05,9.06285116724
1.12775,-4.68198190295e-05,9.06146193434
1.127875,-4.97678383765e-05,9.06045729382
1.128,-7.52888000929e-05,9.06375225934
1.128125,-4.9914090966e-05,9.06276549087
1.12825,-1.86459673797e-05,9.05889115582
1.128375,-1.94826827023e-05,9.05506027505
1.1285,-1.22486520819e-05,9.05091991273
1.128625,4.22333210867e-05,9.04898709226
1.12875,2.15814646862e-05,9.04527390461
1.128875,5.26312883489e-05,9.0446782275
1.129,1.1127077931e-05,9.04050286475
1.129125,2.17763326445e-05,9.03680235399
1.12925,7.99641539129e-05,9.04112142095
1.129375,4.74471225891e-05,9.0398270496
1.1295,6.47924481152e-05,9.04116901072
1.129625,7.34561302003e-05,9.04412930403
1.12975,5.52669463597e-05,9.04391923957
1.129875,6.83437017755e-05,9.04589503616
1.13,0.000104773953453,9.05638126582
1.130125,4.46579870299e-05,9.05472965174
1.13025,5.57697278347e-05,9.05458483464
1.130375,3.13401686918e-05,9.05156812135
1.1305,2.37093245962e-05,9.04798477671
1.130625,5.82513902514e-05,9.04822880536
1.13075,2.56891050231e-05,9.04477828596
1.130875,2.81548598908e-05,9.04150813618
1.131,2.12773108414e-05,9.03777837914
1.131125,-4.37914408454e-05,9.03603446951
1.13125,-3.63089744279e-07,9.03169170349
1.131375,-4.33978449523e-05,9.02990487627
1.1315,-8.85411770289e-05,9.03619625219
1.131625,-4.08097999027e-05,9.03411137988
1.13175,-4.87100232066e-05,9.03298658373
1.131875,-6.21755544325e-05,9.03388712306
1.132,-6.60088863906e-05,9.03545247277
1.132125,-5.34056318014e-05,9.03497655301
1.13225,-7.43103332039e-05,9.03811819732
1.132375,-5.36630190048e-05,9.03767722995
1.1325,-9.11938243553e-05,9.04459436561
1.132625,-6.60172091901e-05,9.04614666195
1.13275,-4.62102137663e-05,9.04469212384
1.132875,-3.72908277222e-05,9.04223101698
1.133,-8.87130236205e-05,9.04853344238
1.133125,-5.88883785336e-05,9.04887769182
1.13325,-3.49139545616e-06,9.04455123056
1.133375,-3.64960640706e-05,9.04201083977
1.1335,4.04261346366e-05,9.03988075623
1.133625,6.20244099659e-06,9.03558994002
1.13375,2.39973731827e-05,9.03202803083
1.133875,5.04337911737e-05,9.03113659753
1.134,9.04664247021e-05,9.03789172777
1.134125,4.32271896679e-05,9.036081226
1.13425,3.74361665325e-05,9.03363857644
1.134375,0.00011277783989,9.04652080605
1.1345,8.59241809464e-05,9.05215534975
1.134625,7.61686712215e-05,9.05564466387
1.13475,7.4242362045e-05,9.05873719466
1.134875,5.53051678292e-05,9.05851895532
1.135,5.34018053265e-05,9.05802200939
1.135125,5.87433958262e-05,9.05833304616
1.13525,5.63852123234e-05,9.05827779964
1.135375,5.55983583229e-05,9.05810382872
1.1355,2.24199084803e-05,9.05443909495
1.135625,5.51070524067e-06,9.05013716203
1.13575,-5.23363601812e-05,9.04949547833
1.135875,-1.72092039474e-05,9.04555293296
1.136,-5.79296547464e-05,9.04574899775
1.136125,-9.21509370516e-05,9.05288209598
1.13625,-4.48200013992e-05,9.05125222333
1.136375,-3.86016710961e-05,9.04892266802
1.1365,-9.58715900748e-05,9.05699076903
1.136625,-7.11719573437e-05,9.05947936407
1.13675,-0.000120309850466,9.07461787856
1.136875,-5.97111596394e-05,9.07506510652
1.137,-0.000117971836195,9.0893884515
1.137125,-5.94595944494e-05,9.08977930569
1.13725,-4.25921216852e-05,9.08786576982
1.137375,-9.99624601181e-05,9.09689370725
1.1375,-1.4431262023e-05,9.09282927629
1.137625,-3.46110279118e-05,9.09008960413
1.13775,-3.2701098677e-05,9.08717879974
1.137875,1.70452408096e-05,9.0832252679
1.138,1.23675398561e-05,9.07908752212
1.138125,1.62609851914e-05,9.07509964298
1.13825,-5.81646987582e-06,9.07080217059
1.138375,5.09394267473e-06,9.0664941372
1.1385,8.05710724719e-06,9.06223861947
1.138625,3.62127735195e-05,9.05966314779
1.13875,5.32445862743e-05,9.05914259257
1.138875,7.1325112659e-05,9.06165720175
1.139,7.08768899161e-05,9.06408204323
1.139125,7.89956484693e-05,9.06813987647
1.13925,8.29261355821e-05,9.0730449327
1.139375,5.41267393462e-05,9.07263988
1.1395,6.86590804467e-05,9.07463208174
1.139625,5.39784982489e-05,9.07420406791
1.13975,5.18575613563e-05,9.07347492677
1.139875,1.98394205876e-05,9.06966118886
1.14,4.70293621378e-05,9.06829377695
1.140125,4.39799306981e-05,9.06655393318
1.14025,4.42105642975e-05,9.06484250806
1.140375,-2.92169304456e-05,9.06164948664
1.1405,-8.65295790885e-07,9.05730755132
1.140625,6.18541639699e-07,9.05296512286
1.14075,-1.07907231737e-05,9.04877948147
1.140875,-1.42171431306e-05,9.04470985862
1.141,-7.77472488413e-05,9.04854086044
1.141125,-5.06229013029e-05,9.04766215776
1.14125,-4.08218652721e-05,9.04557266478
1.141375,-5.64227762997e-05,9.04553575742
1.1415,-8.53669514958e-05,9.05104368783
1.141625,-0.000102558013666,9.06089349088
1.14175,-4.43109734658e-05,9.0591974755
1.141875,-3.43189571506e-05,9.05644311573
1.142,-8.43545755124e-05,9.06169494239
1.142125,-7.53825816315e-05,9.06500675108
1.14225,-6.44822361852e-05,9.06626191146
1.142375,-0.000120961369755,9.08158085478
1.1425,-3.5551279539e-05,9.07893384445
1.142625,-3.80688545046e-05,9.07653666481
1.14275,3.59191941653e-06,9.07221105564
1.142875,-1.82525737775e-06,9.06787259175
1.143,2.72252393183e-05,9.06452745669
1.143125,4.03886643991e-06,9.06020649081
1.14325,3.56938256582e-05,9.05758153796
1.143375,1.66189899789e-05,9.05361130563
1.1435,5.89134954151e-05,9.05395407322
1.143625,7.57902304945e-05,9.05736261324
1.14375,6.96052230558e-05,9.05955341303
1.143875,8.23009121483e-05,9.06433769832
1.144,8.93309588868e-05,9.07073402033
1.144125,9.37413338248e-05,9.07819808348
1.14425,3.82333250723e-05,9.07581808156
1.144375,8.64308900645e-05,9.08150271759
1.1445,5.3111073086e-05,9.08094395588
1.144625,8.05629283952e-05,9.08530427876
1.14475,5.17485708022e-05,9.08455078711
1.144875,4.29805511322e-05,9.08268473114
1.145,3.55063589368e-05,9.08003300873
1.145125,1.97501920513e-05,9.07621373024
1.14525,4.34191040649e-05,9.0744033189
1.145375,-4.26042151458e-07,9.07006061809
1.1455,-3.06379788904e-05,9.06698064171
1.145625,-2.9228699989e-05,9.06378798043
1.14575,-1.06772200111e-05,9.05959866397
1.145875,-5.51156432629e-05,9.05935140445
1.146,-4.726910636e-05,9.05802153827
1.146125,-4.87387422127e-05,9.05688285341
1.14625,-0.000105312579349,9.06748388889
1.146375,-4.27708445072e-05,9.06560338385
1.1465,-5.33081662372e-05,9.06508672395
1.146625,-6.92514453767e-05,9.06719984056
1.14675,-8.338780326e-05,9.07221006568
1.146875,-5.01033581798e-05,9.07124221106
1.147,-5.32657393792e-05,9.07071451103
1.147125,-4.04463508379e-05,9.06857205264
1.14725,-8.08607298247e-05,9.07302175986
1.147375,1.59116538717e-05,9.06901926473
1.1475,-8.34353377596e-06,9.0647700189
1.147625,-3.81515439525e-05,9.0623876817
1.14775,3.74112644432e-05,9.05993104734
1.147875,1.29839901432e-05,9.05581548309
1.148,8.16835194125e-06,9.05156261743
1.148125,4.5854262814e-05,9.0500602238
1.14825,5.5902846981e-05,9.04993999778
1.148375,0.000103096103094,9.05994251415
1.1485,0.000102756666216,9.06981814595
1.148625,0.000100160776074,9.07895492116
1.14875,5.44932997814e-05,9.07859793595
1.148875,5.14184993506e-05,9.07780429359
1.149,7.29150306216e-05,9.08059707773
1.149125,3.36830883815e-05,9.07777688586
1.14925,5.9354021255e-05,9.07816357564
1.149375,3.90685805736e-05,9.07587027232
1.1495,5.79569821596e-05,9.07603902923
1.149625,2.490267029e-05,9.07252935827
1.14975,2.8476552716e-05,9.06927687123
1.149875,2.22687271274e-05,9.06560130338
1.15,1.79937360281e-05,9.06169447478
1.150125,-1.11837446964e-05,9.05752016122
1.15025,-2.78441147964e-05,9.05422339057
1.150375,-2.8243882992e-05,9.05095768976
1.1505,-4.84212729599e-05,9.04978255929
1.150625,-2.5383244922e-05,9.04631060606
1.15075,-7.62983122478e-05,9.04983715423
1.150875,-5.82001796788e-05,9.050071174
1.151,-6.82834355332e-05,9.05202691756
1.151125,-5.84469588947e-05,9.05229748773
1.15125,-5.26641974257e-05,9.05170043592
1.151375,-8.53617205871e-05,9.05719320491
1.1515,-0.00010589463467,9.06795851994
1.151625,-6.19281324185e-05,9.06877573985
1.15175,-6.43806180666e-05,9.07000844347
1.151875,-3.3362636633e-05,9.06716306644
1.152,-4.22394028411e-05,9.06522194253
1.152125,-1.82633602135e-05,9.06132832024
1.15225,-2.06617279365e-05,9.05756096531
1.152375,-3.23872465735e-05,9.05463336666
1.1525,4.0296637579e-05,9.05248275295
1.152625,7.57498804219e-05,9.05588567026
1.15275,8.29014531753e-05,9.0608113159
1.152875,4.96253838768e-05,9.05978809613
1.153,3.7549312417e-05,9.05734654295
1.153125,2.86821102388e-05,9.05411372733
1.15325,0.000122259784212,9.06991219402
1.153375,0.000107198509623,9.08100599295
1.1535,7.62425568403e-05,9.08445858366
1.153625,7.36873811369e-05,9.08739206286
1.15375,7.59814447085e-05,9.09078003076
1.153875,2.51884577247e-05,9.08728670482
1.154,4.94140646052e-05,9.08621528607
1.154125,7.50457980611e-05,9.08941623336
1.15425,7.66667821351e-05,9.09294050161
1.154375,2.62940793698e-05,9.08952293039
1.1545,5.84641269437e-05,9.08975654685
1.154625,3.23462225545e-05,9.08681494004
1.15475,-2.09185098779e-05,9.08305852782
1.154875,-9.28904748807e-06,9.07883134665
1.155,-5.2617770358e-05,9.0782049297
1.155125,-3.89376921268e-05,9.07589789971
1.15525,-1.92425347968e-05,9.07205252167
1.155375,-3.84354359117e-05,9.06969613153
1.1555,-3.88173100715e-05,9.06738050238
1.155625,3.93085561278e-06,9.06305836298
1.15575,-6.41196332592e-05,9.06425326304
1.155875,-9.23727117856e-05,9.07139262918
1.156,-9.58694527164e-05,9.07939622372
1.156125,-0.00010359084289,9.08943878425
1.15625,-6.20533346309e-05,9.09025133071
1.156375,-5.46214644639e-05,9.08990270999
1.1565,-4.7392771192e-05,9.08856739948
1.156625,-3.02901195487e-05,9.08545366233
1.15675,-6.52592956003e-06,9.08116782302
1.156875,-2.49452126155e-05,9.07766001451
1.157,-2.23349931722e-05,9.07398712959
1.157125,-2.37575736036e-06,9.06965177311
1.15725,-3.70160768121e-05,9.06715242065
1.157375,3.85404618424e-05,9.06480915391
1.1575,2.19834161637e-05,9.06111726514
1.157625,9.65765812958e-05,9.06933303885
1.15775,1.5907799322e-05,9.06533066793
1.157875,4.94259188891e-05,9.0642774014
1.158,7.61034106582e-05,9.06773153809
1.158125,4.2230420435e-05,9.06578907891
1.15825,4.80201353639e-05,9.0645510803
1.158375,9.095651971e-05,9.0713407532
1.1585,5.39268082503e-05,9.0709082095
1.158625,5.9119433613e-05,9.07126503013
1.15875,9.8997663475e-05,9.08008664922
1.158875,3.75568441439e-05,9.07763699089
1.159,2.98690240118e-05,9.07449233055
1.159125,3.1711984809e-05,9.07150105835
1.15925,2.72686056104e-05,9.06815826835
1.159375,4.29024369189e-07,9.06381557133
1.1595,-9.223963143e-06,9.05958728054
1.159625,4.45165536495e-05,9.05791667874
1.15975,-6.02314501032e-05,9.05846647007
1.159875,-3.64509206125e-05,9.05591587277
1.16,-2.97868449322e-05,9.05277060306
1.160125,-5.1488387872e-05,9.05200783107
1.16025,-7.90237955923e-05,9.0560950284
1.160375,-5.84478772702e-05,9.05636142609
1.1605,-5.72868845952e-05,9.05644634596
1.160625,-1.06636993209e-05,9.05225689993
1.16075,-8.59949227503e-05,9.05789468459
1.160875,-6.75383029649e-05,9.0597027255
1.161,-5.1227579934e-05,9.05889814023
1.161125,-7.72027026805e-05,9.0625888829
1.16125,-8.90046434392e-05,9.06891127429
1.161375,-8.21957941012e-05,9.0736527086
1.1615,-1.98945358198e-05,9.06984189315
1.161625,-5.41528708718e-05,9.0694435488
1.16175,-6.00089051057e-05,9.06994440532
1.161875,-1.54982164531e-05,9.0659246776
1.162,-1.80781986329e-05,9.06202191989
1.162125,3.93635594062e-05,9.05976742271
1.16225,-8.15359634439e-06,9.05551415027
1.162375,3.76125615023e-05,9.05308088459
1.1625,7.5512477058e-05,9.05643431007
1.162625,5.9935244302e-06,9.05213985615
1.16275,3.18159313384e-05,9.04916447766
1.162875,7.09336222931e-05,9.05161966124
1.163,7.88548746974e-05,9.05567164097
1.163125,4.98848305918e-05,9.05468718097
1.16325,6.97729822661e-05,9.05691353219
1.163375,9.64964868162e-05,9.06512063814
1.1635,8.91883518316e-05,9.07148081425
1.163625,6.60541831212e-05,9.07300331152
1.16375,6.46713004377e-05,9.07428097449
1.163875,3.91865640337e-05,9.07200191023
1.164,4.18109154894e-05,9.07000969734
1.164125,5.38553565734e-05,9.06956799775
1.16425,-3.70257138771e-06,9.06524350269
1.164375,-2.17908367342e-05,9.06154019397
1.1645,-1.03506281294e-06,9.05719869366
1.164625,-3.78909762698e-05,9.05479304643
1.16475,-5.21502258512e-05,9.05412115755
1.164875,-0.000106487480738,9.06506660548
1.165,-6.86527298162e-05,9.06706868301
1.165125,-6.90468855556e-05,9.06914081723
1.16525,-3.62540304148e-05,9.06656656174
1.165375,-6.67480069448e-05,9.06821961658
1.1655,-9.21495611829e-05,9.07529322783
1.165625,-0.000103934472054,9.0854448905
1.16575,-0.000108262831067,9.09679007328
1.165875,-8.50516056667e-05,9.1021108462
1.166,-0.000100622893177,9.11127147287
1.166125,-4.78093418631e-05,9.10997423121
1.16625,-2.70337017188e-05,9.10660561708
1.166375,-3.96279354823e-07,9.10226288181
1.1665,-3.21671355471e-05,9.09930181873
1.166625,-5.08712590201e-05,9.09841654263
1.16675,-2.10282511967e-06,9.09407950942
1.166875,2.12366592696e-05,9.0903400625
1.167,2.92727955305e-05,9.08714468586
1.167125,6.80815930901e-06,9.08286386846
1.16725,4.48066829896e-05,9.08121373568
1.167375,3.24791996441e-07,9.07687093245
1.1675,7.90688350188e-05,9.08091960018
1.167625,9.77516802785e-05,9.08938395192
1.16775,9.320239581e-05,9.09666287727
1.167875,5.95468026382e-05,9.0970596786
1.168,6.32918453536e-05,9.09807054824
1.168125,8.29849137227e-05,9.10292516628
1.16825,2.06922592875e-05,9.09915401099
1.168375,5.75196344328e-05,9.09923121907
1.1685,5.35920621048e-05,9.09872558897
1.168625,7.5487656013e-05,9.10199361753
1.16875,5.09307897271e-05,9.10111428883
1.168875,4.39395215836e-05,9.09935010896
1.169,3.62167932674e-05,9.09675999019
1.169125,3.83659979075e-06,9.09243673137
1.16925,-2.3132421124e-05,9.08881010177
1.169375,-6.49776650038e-05,9.09012050832
1.1695,-2.65645000318e-05,9.08672268027
1.169625,-3.18817974523e-05,9.08374207917
1.16975,-5.30464847102e-05,9.08317217801
1.169875,-9.32594909502e-05,9.09048196046
1.17,-5.87315183498e-05,9.09075649382
1.170125,-8.52895339978e-05,9.09614484457
1.17025,-8.1962437367e-05,9.10077841612
1.170375,-0.000126833032136,9.11787700643
1.1705,-0.000103056793691,9.12764647294
1.170625,-5.06450776577e-05,9.12670824555
1.17075,-4.86555798299e-05,9.12550854979
1.170875,-4.36846127866e-05,9.12370027174
1.171,-4.99478825413e-05,9.12267199372
1.171125,-8.20354356195e-05,9.127266842
1.17125,-1.83965391969e-05,9.1233733298
1.171375,-3.85363504849e-05,9.12100392818
1.1715,6.68655513707e-05,9.12260320447
1.171625,3.08785115275e-05,9.11952770869
1.17175,2.58815496207e-05,9.11607586031
1.171875,1.53297880405e-05,9.11204580468
1.172,3.47187076982e-05,9.10930900097
1.172125,4.34110065738e-05,9.10747843236
1.17225,1.1351601938e-05,9.10330739683
1.172375,8.22540678099e-05,9.10799001205
1.1725,7.07865795265e-05,9.11032605036
1.172625,7.76326195186e-05,9.11401089382
1.17275,8.72875776607e-05,9.11980562242
1.172875,6.37217149472e-05,9.12086108786
1.173,8.27291145734e-05,9.12561135656
1.173125,-5.85843311125e-06,9.12131400924
1.17325,9.27403652556e-05,9.12839396556
1.173375,7.4368752771e-05,9.13138798131
1.1735,1.79500651814e-05,9.1274725141
1.173625,2.523633056e-06,9.12313802686
1.17375,3.67755452372e-05,9.12059252886
1.173875,-2.05517935971e-05,9.11681134765
1.174,-4.90423688843e-06,9.11250042138
1.174125,-3.50651640146e-05,9.10979565528
1.17425,-1.26546856392e-05,9.10566623803
1.174375,-4.72224057799e-05,9.1042985353
1.1745,-6.0619480176e-05,9.10485891749
1.174625,-6.50489249626e-05,9.10616083776
1.17475,-2.92387058679e-05,9.10295862765
1.174875,-5.3705140414e-05,9.10246589632
1.175,-0.000100242638956,9.11152371885
1.175125,-8.34612894108e-05,9.11645538027
1.17525,-8.96338077778e-05,9.12279573401
1.175375,-4.61842826044e-05,9.12128749878
1.1755,-7.17760559197e-05,9.1237904386
1.175625,-4.2435240367e-05,9.12184023721
1.17575,-3.36120581092e-06,9.11751231505
1.175875,-3.47292497906e-05,9.11477446545
1.176,-5.59502973887e-05,9.1145988752
1.176125,-9.73359809861e-06,9.11038211956
1.17625,2.60176727028e-05,9.10694156634
1.176375,-1.68795469622e-06,9.10260242314
1.1765,1.63729910414e-05,9.0986175083
1.176625,3.50488441856e-05,9.09591645719
1.17675,6.79231061762e-05,9.097740549
1.176875,5.06259311502e-05,9.09682324784
1.177,8.8542827496e-05,9.10295260635
1.177125,9.54269262238e-05,9.11075419195
1.17725,5.05916293917e-05,9.10982202039
1.177375,4.36356568647e-05,9.10801721459
1.1775,6.18910304526e-05,9.10878096373
1.177625,6.7793415523e-05,9.11056338591
1.17775,9.23588205322e-05,9.11757771018
1.177875,3.96521172821e-05,9.1153270071
1.178,4.00434790769e-05,9.11311890382
1.178125,4.58304114041e-05,9.1115736337
1.17825,5.95610610988e-05,9.11195645979
1.178375,2.24913944487e-05,9.1082876469
1.1785,-7.01753638595e-06,9.10401038898
1.178625,-7.97725040277e-06,9.09975240967
1.17875,-1.56562480083e-05,9.09573705078
1.178875,-2.63796901708e-05,9.09232491506
1.179,1.1724394676e-05,9.08816599687
1.179125,-3.99979940469e-05,9.08596640718
1.17925,-6.57069769602e-05,9.08740813188
1.179375,-0.000121831095036,9.10291352624
1.1795,-0.00011020271196,9.11475976643
1.179625,-0.000105015310221,9.12508031228
1.17975,-7.60655661098e-05,9.12841850504
1.179875,-9.30750076541e-05,9.13556215604
1.18,-5.52485560513e-05,9.13526333939
1.180125,-4.36901955697e-05,9.13345002247
1.18025,-5.62812558757e-05,9.13330577036
1.180375,-5.47583523485e-05,9.13293760373
1.1805,-6.25014645164e-05,9.133772744
1.180625,3.12172881675e-06,9.1294427219
1.18075,-2.58707660015e-05,9.12598810103
1.180875,2.2719816969e-05,9.12233083079
1.181,1.37537517131e-05,9.11823938608
1.181125,1.17513102842e-05,9.11408021394
1.18125,3.82289286856e-05,9.1116836167
1.181375,7.54935844358e-05,9.11493018097
1.1815,6.55718210179e-05,9.11630988098
1.181625,7.16475744437e-05,9.11879616988
1.18175,9.01048146918e-05,9.12524314584
1.181875,9.86302068821e-05,9.13380619919
1.182,7.00527323088e-05,9.13596583661
1.182125,5.30285513994e-05,9.13534833668
1.18225,7.86910593127e-05,9.13920602415
1.182375,9.7116450842e-05,9.14733641679
1.1825,0.000107718562769,9.15830516221
1.182625,6.58611171313e-05,9.15967810038
1.18275,6.44823155818e-05,9.16081263835
1.182875,4.17090318955e-05,9.15876164722
1.183,4.32745209926e-05,9.15688705067
1.183125,-1.08235875498e-05,9.15269862685
1.18325,2.31293097983e-05,9.14906193723
1.183375,-1.15875474218e-05,9.14489641523
1.1835,-4.55346654802e-05,9.14329503864
1.183625,-3.09336492218e-05,9.14021802762
1.18375,-7.30615791774e-05,9.1429373579
1.183875,-3.01880244779e-05,9.13980016191
1.184,-6.10116015804e-05,9.14038373392
1.184125,-6.16346491756e-05,9.14106770476
1.18425,-9.53161048042e-05,9.14873541284
1.184375,-5.4377945571e-05,9.148298342
1.1845,-5.62779771501e-05,9.14813927889
1.184625,-4.44889727988e-05,9.14641151385
1.18475,-6.07930321802e-05,9.1469524349
1.184875,-0.000142036556299,9.16919936768
1.185,-3.60025727614e-05,9.16656094793
1.185125,-0.000102839530812,9.17611466673
1.18525,-3.27669696363e-05,9.1731814394
1.185375,-1.48738418895e-05,9.16912920134
1.1855,-1.17057337449e-05,9.16496648227
1.185625,-3.55745798392e-05,9.16228940742
1.18575,3.78168908005e-06,9.1579653027
1.185875,7.57577919447e-06,9.15369804044
1.186,-3.1835570591e-07,9.1493552294
1.186125,4.48130673366e-05,9.14766495116
1.18625,7.75862141032e-05,9.15127163
1.186375,5.13703250692e-05,9.15041257766
1.1865,7.74665278757e-05,9.15398976344
1.186625,0.000120491078283,9.16876717234
1.18675,0.00010428458329,9.17870628215
1.186875,0.000137723673658,9.199185884
1.187,8.69967189492e-05,9.20471788686
1.187125,8.58798231477e-05,9.20998600313
1.18725,5.65606186794e-05,9.20980947642
1.187375,8.32586358364e-05,9.21448988306
1.1875,6.87356526825e-05,9.21629232632
1.187625,2.69945559643e-05,9.2128974009
1.18775,6.06604765223e-05,9.21334322543
1.187875,2.60200519512e-05,9.20988169353
1.188,4.67767651865e-05,9.20838892137
1.188125,-2.44572661681e-05,9.2048255902
1.18825,-1.28192274552e-05,9.20069701928
1.188375,-4.10397334734e-05,9.19855279942
1.1885,6.12450042809e-06,9.19425885787
1.188625,-6.99371759555e-05,9.19630755093
1.18875,-6.07050182818e-05,9.19677875136
1.188875,-6.1092879007e-05,9.19731110274
1.189,-5.90014147214e-05,9.19751497899
1.189125,-0.00010492455233,9.20753439791
1.18925,-0.000101125665929,9.21650350682
1.189375,-0.000136180870309,9.23622189719
1.1895,-0.000111425994961,9.24792948922
1.189625,-0.000105801325922,9.25802127957
1.18975,-0.000114698863255,9.2705987606
1.189875,-4.62682497377e-05,9.26900567367
1.19,-8.18029854136e-06,9.264748744
1.190125,-6.14024090018e-05,9.26525416064
1.19025,-4.04910976507e-05,9.26301998831
1.190375,-2.42467092293e-05,9.25943371479
1.1905,2.9732760859e-05,9.25622947608
1.190625,3.19816009064e-05,9.25320494893
1.19075,2.17376313825e-05,9.249471562
1.190875,6.6300649543e-05,9.25080074825
1.191,3.39251405878e-05,9.24794315908
1.191125,6.29470101608e-05,9.24871516683
1.19125,2.50379308471e-05,9.24518173974
1.191375,0.00010567392915,9.25524794503
1.1915,9.91737329399e-05,9.26356916782
1.191625,4.03106371272e-05,9.26131705601
1.19175,0.000108645479178,9.27214720781
1.191875,8.60929097922e-05,9.27731438185
1.192,0.000103863632771,9.28678946221
1.192125,6.02325242584e-05,9.2870883829
1.19225,6.29545678776e-05,9.28781573745
1.192375,1.62360028692e-05,9.2838101586
1.1925,7.33360004203e-05,9.28635136907
1.192625,1.92085421576e-05,9.28248078254
1.19275,5.70739818004e-05,9.28230999937
1.192875,-2.11507058641e-05,9.27854028804
1.193,-3.89406995438e-05,9.27614179747
1.193125,-1.86866850517e-06,9.27180333382
1.19325,-4.3298026003e-05,9.26986794813
1.193375,-1.98599914238e-05,9.26603186266
1.1935,-2.60175849318e-05,9.26255953802
1.193625,-4.62763133617e-05,9.2609725045
1.19375,-4.76424686608e-05,9.25955160292
1.193875,-7.11496398953e-05,9.26172503024
1.194,-3.86215229736e-05,9.25930222042
1.194125,-0.000124058605191,9.27474152003
1.19425,-8.1200805338e-05,9.27885457839
1.194375,-4.89383059558e-05,9.27758207177
1.1945,-8.63115694274e-05,9.28278562071
1.194625,-6.83845566004e-05,9.28443064514
1.19475,-6.10653519855e-05,9.28486133793
1.194875,-7.05169067963e-05,9.28688229719
1.195,-1.96594798441e-05,9.28303408729
1.195125,-1.3704653207e-05,9.27893177933
1.19525,-4.03569630084e-06,9.2746097219
1.195375,-6.88758784526e-06,9.27032767631
1.1955,-3.67870946286e-06,9.26600212146
1.195625,3.38334534787e-05,9.26313135463
1.19575,3.94814841607e-05,9.26079433619
1.195875,5.40902350019e-05,9.26021766146
1.196,4.44105199245e-05,9.25841431156
1.196125,5.39274366323e-05,9.25781706087
1.19625,8.21118895197e-05,9.26215447692
1.196375,0.000139044251321,9.28263089075
1.1965,5.99760468994e-05,9.28289479207
1.196625,7.74891331642e-05,9.28623871151
1.19675,0.000107525154948,9.29667318909
1.196875,4.58971937851e-05,9.29501999441
1.197,2.79539787764e-05,9.29167538582
1.197125,3.2598612346e-05,9.28869108051
1.19725,5.37800599534e-05,9.28804752433
1.197375,2.47463928932e-05,9.2844882281
1.1975,1.48342761275e-05,9.2804271289
1.197625,1.34220813184e-05,9.27631513886
1.19775,1.50494390651e-05,9.27226282112
1.197875,-5.01193696275e-05,9.27114513927
1.198,-1.89371105849e-05,9.2672629084
1.198125,-6.94672647948e-05,9.26912101744
1.19825,-3.05911632198e-05,9.26598078347
1.198375,-5.95287033101e-05,9.26619367841
1.1985,-7.46136360602e-05,9.26900558691
1.198625,-7.92086528817e-05,9.27271982568
1.19875,-0.000110400424179,9.2840022212
1.198875,-5.4063478809e-05,9.28340177889
1.199,-6.92182452496e-05,9.28519272074
1.199125,-9.69336437007e-05,9.29286606413
1.19925,-4.79187573427e-05,9.29145751884
1.199375,-7.04588268886e-05,9.29345837167
1.1995,-4.03938760214e-05,9.29120050552
1.199625,1.64424702587e-05,9.28720329167
1.19975,1.10104017344e-05,9.28301552112
1.199875,-2.06569788206e-05,9.2792192727
1.2,-1.79652235238e-05,9.27529019804
1.200125,1.06096947685e-05,9.27109173431
1.20025,-1.42820149211e-05,9.26701084795
1.200375,6.95138219127e-05,9.26887762589
1.2005,5.62771923157e-05,9.26860393778
1.200625,7.17744331265e-05,9.27087842851
1.20075,6.54272404984e-05,9.27203210718
1.200875,9.12012857429e-05,9.27836019715
1.201,4.52198432803e-05,9.27663925098
1.201125,7.0186951862e-05,9.27861277652
1.20125,8.5638081082e-05,9.28366585698
1.201375,8.35209295097e-05,9.28825019094
1.2015,7.58626808307e-05,9.29126600965
1.201625,5.29631858448e-05,9.29050884603
1.20175,5.30415033299e-05,9.28976291735
1.201875,2.2039530283e-05,9.28604132609
1.202,6.12328956536e-05,9.28649645616
1.202125,4.81061704819e-05,9.28511524033
1.20225,5.89825583545e-06,9.28081684831
1.202375,1.52094699773e-06,9.27647686892
1.2025,-3.98428369688e-06,9.27215429421
1.202625,-1.36900270465e-05,9.26805207518
1.20275,-4.74453634028e-05,9.26660233508
1.202875,-5.38150548242e-05,9.26598247275
1.203,-9.21441139234e-05,9.27254722167
1.203125,-0.000105597710705,9.28250245369
1.20325,-0.000109677407602,9.29354658181
1.203375,-6.51091631857e-05,9.29461865961
1.2035,-0.00016080456345,9.32319341106
1.203625,-8.98473171871e-05,9.3290862354
1.20375,-0.00010127823145,9.33772750585
1.203875,-0.000120078381148,9.35158944106
1.204,-4.95557917399e-05,9.35034260754
1.204125,-4.8366309757e-05,9.34894982302
1.20425,-3.40548359497e-05,9.34607016994
1.204375,-4.8898302355e-05,9.3447455856
1.2045,-1.7801939626e-05,9.34080293706
1.204625,-3.66018139636e-05,9.33815347872
1.20475,5.02682646144e-05,9.33700614655
1.204875,-2.5336137806e-05,9.33347543558
1.205,1.88229235176e-05,9.32958118001
1.205125,3.70386787885e-05,9.32697686614
1.20525,0.000103326156871,9.3361542783
1.205375,5.84505036997e-05,9.33613335032
1.2055,7.84342822878e-05,9.33956989272
1.205625,9.14367671942e-05,9.34578777843
1.20575,9.86519578685e-05,9.35371810442
1.205875,9.19263854611e-05,9.36001457984
1.206,0.000136429252968,9.3790377334
1.206125,0.000117917864375,9.39208588956
1.20625,0.000109575467944,9.40271945139
1.206375,4.96127323042e-05,9.40144342677
1.2065,1.38103758918e-05,9.39733827341
1.206625,6.59104025493e-05,9.39841339913
1.20675,2.51025168106e-05,9.39485658612
1.206875,6.64526299344e-05,9.39602431392
1.207,3.10526187951e-05,9.39288495014
1.207125,-3.11080141557e-05,9.3897507571
1.20725,-1.10007513869e-06,9.38540932518
1.207375,-1.79648020354e-05,9.38147023515
1.2075,-7.75760416745e-05,9.3846586445
1.207625,-6.68889211741e-05,9.38591204052
1.20775,-0.000111495332786,9.39709607868
1.207875,-5.37822693566e-05,9.39636165859
1.208,-4.91386245166e-05,9.39503172432
1.208125,-0.000150651434355,9.41893574121
1.20825,-6.30906952325e-05,9.41953284829
1.208375,-8.81884811421e-05,9.42483551032
1.2085,-5.06337426021e-05,9.42367074978
1.208625,-9.08140488555e-05,9.42954588931
1.20875,-5.89620201012e-05,9.42950738159
1.208875,-2.81045225946e-05,9.42614278678
1.209,-5.90850883541e-05,9.42612564436
1.209125,-4.54224265526e-05,9.42433976428
1.20925,1.14443351177e-06,9.41999844384
1.209375,-2.66037229996e-05,9.41653408152
1.2095,1.24076503897e-05,9.41238241144
1.209625,-1.97723934081e-05,9.40852564699
1.20975,-2.54683737182e-05,9.40499003196
1.209875,1.79154512148e-05,9.40104691955
1.21,9.08716984632e-05,9.40698839373
1.210125,5.7028384968e-05,9.40669328002
1.21025,9.81070670777e-05,9.41431978349
1.210375,7.86988804513e-05,9.41766924007
1.2105,4.86721869124e-05,9.41626793301
1.210625,8.02669070963e-05,9.41992310573
1.21075,9.91166215371e-05,9.42775976113
1.210875,7.87751450057e-05,9.431100327
1.211,0.000100460732125,9.43923696311
1.211125,5.58422817423e-05,9.43874659643
1.21125,7.67790333459e-05,9.44168460092
1.211375,3.51493580637e-05,9.43886757525
1.2115,1.82570925148e-05,9.43493663057
1.211625,6.17153647092e-05,9.43530344722
1.21175,-3.03651845705e-06,9.43097190917
1.211875,-1.07544063651e-05,9.42677218644
1.212,-1.053901643e-05,9.4225669174
1.212125,-2.9140919722e-05,9.41927748249
1.21225,-5.45802838999e-05,9.4186319717
1.212375,-6.00573628084e-05,9.41876602523
1.2125,-7.07801475034e-05,9.42064002398
1.212625,-8.52586894689e-05,9.42531079836
1.21275,-5.97578584074e-05,9.42539352482
1.212875,-8.42470994827e-05,9.42984227047
1.213,-0.000121222826571,9.44366357862
1.213125,-0.000103879969105,9.45262436296
1.21325,-9.86324628013e-05,9.46025213422
1.213375,-5.45758085967e-05,9.45957131732
1.2135,-7.75926492487e-05,9.46262877671
1.213625,-0.000108416515553,9.47271190055
1.21375,-5.77755142951e-05,9.47246112238
1.213875,-7.58002496694e-06,9.46818865224
1.214,-4.56074900754e-05,9.46639880435
1.214125,-1.95501007679e-05,9.46252529526
1.21425,-5.81372336637e-05,9.46233561887
1.214375,2.24150554147e-05,9.45861034429
1.2145,9.25747105493e-06,9.4543728527
1.214625,4.57566849905e-05,9.45260791671
1.21475,3.69549715746e-05,9.44994742246
1.214875,7.35052040536e-05,9.45226104065
1.215,8.79166015139e-05,9.45743249478
1.215125,7.92472158502e-05,9.46081244372
1.21525,7.74860342236e-05,9.46384749052
1.215375,5.42942251454e-05,9.46312599934
1.2155,7.9206219682e-05,9.46648786853
1.215625,0.000107497718609,9.4763153358
1.21575,9.17132801431e-05,9.48226817713
1.215875,9.78435870465e-05,9.48962545848
1.216,0.00010481710562,9.4986846178
1.216125,0.000135978273058,9.51682638582
1.21625,3.43395869298e-05,9.51391489503
1.216375,1.13637549084e-05,9.50972883682
1.2165,-3.05952415883e-05,9.50652409431
1.216625,2.72611153632e-05,9.50308548816
1.21675,1.78015241167e-05,9.49912849064
1.216875,-2.66163642858e-05,9.49564908675
1.217,-3.59625257038e-05,9.49288374617
1.217125,-3.88733112865e-06,9.4885592496
1.21725,-6.87881481263e-05,9.48999492075
1.217375,-3.65881708165e-05,9.48728706581
1.2175,-6.95328217938e-05,9.48885017143
1.217625,-0.000119159665193,9.50182328041
1.21775,-0.000117607187307,9.51429877484
1.217875,-6.44537192647e-05,9.51499960103
1.218,-6.46337608637e-05,9.51572781019
1.218125,-4.10756147664e-05,9.51343335807
1.21825,-0.000100167292918,9.52126463393
1.218375,-9.5850562877e-05,9.52805047531
1.2185,-4.4188808975e-05,9.5260715052
1.218625,-8.11616809168e-05,9.52970185249
1.21875,-7.7644897674e-06,9.52543188593
1.218875,-5.424692741e-05,9.52465320918
1.219,1.0449099649e-05,9.52044258491
1.219125,2.59149991436e-05,9.51691426726
1.21925,3.36262397012e-06,9.5125850504
1.219375,1.66335138945e-05,9.50857833382
1.2195,5.66581427831e-05,9.5081385202
1.219625,3.04633393444e-05,9.50492439931
1.21975,8.77988423514e-05,9.50995616369
1.219875,8.26828626129e-05,9.51391863774
1.22,9.08005927617e-05,9.51958091267
1.220125,0.000107598209728,9.52926261888
1.22025,9.7854147632e-05,9.53649663914
1.220375,6.55129113208e-05,9.53733794963
1.2205,5.74115128493e-05,9.53697613703
1.220625,8.90736627977e-05,9.54221094269
1.22075,7.52352537885e-05,9.54469487024
1.220875,7.7188067472e-05,9.54753339311
1.221,7.2511365312e-05,9.54952452864
1.221125,3.43308104669e-05,9.54660157663
1.22125,-1.080361789e-06,9.54226003922
1.221375,4.09717661556e-05,9.53994283373
1.2215,2.46614684248e-05,9.53633431542
1.221625,-5.79352780605e-05,9.5360463764
1.22175,-4.55800939681e-05,9.53421394038
1.221875,-2.31246073931e-05,9.53051759675
1.222,-5.14886842587e-05,9.52938205052
1.222125,-6.98453743334e-05,9.53094089168
1.22225,-0.000107979807125,9.54068525243
1.222375,-0.000125446491012,9.55530245214
1.2225,-9.90368970646e-05,9.56274684675
1.222625,-6.0577568831e-05,9.56281016222
1.22275,-0.00014828266387,9.58480164247
1.222875,-6.33126555266e-05,9.58524723558
1.223,-9.58011975199e-05,9.59185925021
1.223125,-8.61744827376e-05,9.59636889285
1.22325,-6.9861597124e-05,9.59784016016
1.223375,-7.23345429314e-05,9.59972792307
1.2235,-4.01994294488e-05,9.59730945312
1.223625,-3.86802521507e-05,9.59474929749
1.22375,-3.19794261405e-06,9.59041854838
1.223875,2.11577386155e-05,9.58660993584
1.224,4.47691145655e-06,9.58229093721
1.224125,4.01405435762e-05,9.57987455247
1.22425,6.14256965147e-05,9.58004422553
1.224375,2.55086300971e-05,9.57647980543
1.2245,-1.87696267342e-06,9.57214107956
1.224625,9.56350033122e-05,9.57874811957
1.22475,7.2486739466e-05,9.58068965755
1.224875,0.000132113480804,9.59717841636
1.225,8.28422043593e-05,9.60100728195
1.225125,0.000106772755211,9.61021884502
1.22525,5.2541139516e-05,9.60915499982
1.225375,4.90905819429e-05,9.6076754362
1.2255,6.92640102173e-05,9.60903287596
1.225625,3.11347275077e-05,9.60584197956
1.22575,2.91178641199e-05,9.60250741862
1.225875,6.37890474265e-05,9.60300553867
1.226,2.21844989501e-05,9.59924834195
1.226125,8.87027474876e-08,9.59490540651
1.22625,-6.31990778905e-06,9.59061009053
1.226375,2.13617457739e-05,9.58681180728
1.2265,-8.10671910155e-05,9.59031323619
1.226625,-4.23585679765e-05,9.58811163137
1.22675,-3.20155850021e-05,9.58499271638
1.226875,-6.76363952192e-05,9.58611401299
1.227,-7.83603175926e-05,9.589101944
1.227125,-9.5397237535e-05,9.59561225682
1.22725,-7.96865456508e-05,9.59883366851
1.227375,-9.86889092825e-05,9.60607890492
1.2275,-0.000104225820404,9.61463742445
1.227625,-0.000108162183162,9.62415996807
1.22775,-7.32638777618e-05,9.62617015112
1.227875,-7.49449115699e-05,9.6284719234
1.228,-5.79292957735e-05,9.62809808113
1.228125,-2.38109871494e-05,9.62442602881
1.22825,1.32354411998e-05,9.62029055879
1.228375,-2.31180128597e-05,9.61658116522
1.2285,-4.14882469698e-05,9.61428010616
1.228625,1.33885936015e-05,9.6101499619
1.22875,1.59438963284e-05,9.60610908201
1.228875,4.27466087796e-05,9.60393896477
1.229,1.27182631091e-05,9.59978850348
1.229125,3.33335147754e-05,9.5967688598
1.22925,2.22104206162e-06,9.59243179499
1.229375,3.71033296616e-05,9.58973111034
1.2295,8.64687101191e-05,9.59430560944
1.229625,0.000101349605151,9.6021959537
1.22975,5.51702019109e-05,9.6014750212
1.229875,0.000111065536765,9.61179495612
1.23,0.000109690894495,9.62172087887
1.230125,0.000127030279441,9.63646017796
1.23025,6.77895195642e-05,9.63754160348
1.230375,5.30755125181e-05,9.63652379495
1.2305,9.6421709269e-05,9.6431479119
1.230625,7.37144833893e-06,9.63886904806
1.23075,2.20609966736e-05,9.63510058482
1.230875,-8.10573551607e-06,9.63083526693
1.231,2.66406197452e-05,9.6273315978
1.231125,-3.36781750507e-05,9.62433091812
1.23125,-5.04066379886e-05,9.6229963584
1.231375,-6.55244787252e-05,9.62373728761
1.2315,-5.3033997432e-05,9.62272484669
1.231625,-6.78406867929e-05,9.62383165659
1.23175,-5.49534296933e-05,9.62306447805
1.231875,-4.51954496162e-05,9.62114090988
1.232,-0.000112462353205,9.63176353408
1.232125,-0.000111454346686,9.6420836891
1.23225,-8.11994191671e-05,9.64551126956
1.232375,-6.55437592146e-05,9.64622890128
1.2325,-9.96998526935e-05,9.65358425183
1.232625,-4.80956421242e-05,9.65196186808
1.23275,-6.01600568361e-05,9.65187636668
1.232875,-5.58911685336e-05,9.65120841443
1.233,-3.72585037262e-05,9.6484992353
1.233125,-5.62109869279e-05,9.64787633355
1.23325,-3.27878974179e-05,9.64479963353
1.233375,-1.72588045447e-06,9.64046020013
1.2335,1.41598549258e-05,9.63635384796
1.233625,2.207041397e-05,9.63258620833
1.23375,0.00010666726035,9.64167318509
1.233875,6.8631013899e-05,9.6428833635
1.234,5.55691776183e-05,9.64218073447
1.234125,5.08834923889e-05,9.640890774
1.23425,0.00011776824463,9.65288180306
1.234375,8.1958037486e-05,9.65643548325
1.2345,0.000112381292188,9.66691582841
1.234625,8.12384125944e-05,9.67030656039
1.23475,5.05966313431e-05,9.66896280618
1.234875,7.35751529349e-05,9.67096133862
1.235,7.63096258876e-05,9.67343648884
1.235125,5.91623450464e-05,9.67319071155
1.23525,0.000106977546813,9.68223030163
1.235375,7.24548538283e-05,9.68401857579
1.2355,-3.73824631743e-06,9.67969195678
1.235625,1.0110755196e-05,9.67546855753
1.23575,2.35005314558e-05,9.67177203702
1.235875,-3.67565825148e-05,9.66901163478
1.236,-4.46048633414e-05,9.66700047308
1.236125,2.16959938846e-05,9.66320957129
1.23625,-0.000108370970787,9.67263105081
1.236375,-8.77798126126e-05,9.67730416609
1.2365,-7.77875866801e-05,9.68003543059
1.236625,-6.66025525297e-05,9.68087643174
1.23675,-0.000109641459521,9.69056490931
1.236875,-5.75664058612e-05,9.69008590129
1.237,-9.52236021895e-05,9.69630854568
1.237125,-0.000114530308962,9.70721977021
1.23725,-8.4047414864e-05,9.71107766129
1.237375,-0.000107402857885,9.72010672431
1.2375,-5.03525318572e-05,9.71870025652
1.237625,-5.89862547097e-05,9.71838792892
1.23775,-5.38878876138e-05,9.71740945501
1.237875,-4.31496975704e-05,9.71522449384
1.238,1.20387652008e-05,9.71104965165
1.238125,2.48230033621e-05,9.70742204172
1.23825,1.25969843505e-05,9.7032634809
1.238375,6.00053160052e-06,9.69896241472
1.2385,4.42790590077e-05,9.69690153433
1.238625,5.33073636988e-05,9.69586731163
1.23875,4.12780855397e-05,9.69350906562
1.238875,0.000101129007065,9.70107159383
1.239,0.000108453482343,9.71039453695
1.239125,6.11034269814e-05,9.71038486947
1.23925,0.00010573503248,9.71900453638
1.239375,0.000124237130942,9.73251211792
1.2395,0.000134753664778,9.74909702393
1.239625,9.75266767028e-05,9.75568689108
1.23975,2.62240155905e-05,9.75213413652
1.239875,5.82408992885e-05,9.75169051492
1.24,9.21794848539e-05,9.75710988427
1.240125,8.58136756185e-05,9.76121818801
1.24025,6.53992350141e-05,9.76178115441
1.240375,-1.95020396502e-05,9.75787462655
1.2405,6.15048479812e-05,9.75787433915
1.240625,-3.55762295822e-05,9.75498484807
1.24075,-2.11256032032e-05,9.75115480667
1.240875,-4.54988262164e-05,9.74919257653
1.241,1.05140907653e-05,9.74497685286
1.241125,-3.22291888892e-05,9.74183032546
1.24125,-0.000126095805271,9.75577869211
1.241375,-0.000104076400435,9.76386504327
1.2415,-4.50535743229e-05,9.76184963817
1.241625,-5.20602344425e-05,9.76061564025
1.24175,-8.59138042915e-05,9.76473682974
1.241875,-6.93576480236e-05,9.76590679416
1.242,-9.8446204643e-05,9.7726605484
1.242125,-9.90567273489e-05,9.77953475038
1.24225,-9.18878243942e-05,9.78483058228
1.242375,-4.85681581166e-05,9.78317934024
1.2425,-1.98537633995e-05,9.77928647233
1.242625,-5.87726152965e-06,9.77498300603
1.24275,-4.64065271691e-05,9.77310313921
1.242875,7.45064607489e-06,9.7688237298
1.243,1.7177776254e-05,9.76481883121
1.243125,9.58329338042e-06,9.76058119985
1.24325,4.71906540436e-05,9.75879370616
1.243375,6.46918629361e-05,9.75925385719
1.2435,6.35987787714e-05,9.75955266022
1.243625,7.04981184812e-05,9.76091209496
1.24375,0.00011888512604,9.77276096311
1.243875,4.3071127453e-05,9.77054092896
1.244,0.000126106577823,9.78437212331
1.244125,0.000131918450997,9.7998501043
1.24425,8.30037266542e-05,9.80333712953
1.244375,8.00340550922e-05,9.80626852559
1.2445,7.84186321239e-05,9.8089047568
1.244625,7.22198977987e-05,9.81047836672
1.24475,4.5674685247e-05,9.80850203051
1.244875,7.51438858055e-05,9.81056466279
1.245,7.54186184958e-07,9.80622236339
1.245125,1.72394876244e-05,9.80221697865
1.24525,-2.84650911653e-05,9.79879511709
1.245375,-1.1767838471e-05,9.79460973282
1.2455,-3.41244748337e-05,9.79159279606
1.245625,-4.70736787143e-05,9.78977456555
1.24575,-5.86652911285e-05,9.78935382641
1.245875,-5.93809538051e-05,9.78902971019
1.246,-8.34964528014e-05,9.79262963367
1.246125,-9.88795531132e-05,9.79941258747
1.24625,-7.76138995758e-05,9.80191721787
1.246375,-0.000109903555306,9.8112858526
1.2465,-9.86110029602e-05,9.81796115781
1.246625,-8.85425978711e-05,9.82248990037
1.24675,-0.0001290329492,9.83694676352
1.246875,-7.55762179739e-05,9.83904099229
1.247,-5.13962905403e-05,9.83767486413
1.247125,-7.34352138503e-05,9.83940877396
1.24725,-2.72345347282e-05,9.83590181461
1.247375,-5.13041993037e-05,9.83452717605
1.2475,4.25981812388e-05,9.83223147008
1.247625,2.25081088005e-05,9.82846048802
1.24775,5.0404050103e-05,9.82698754916
1.247875,4.4041724552e-05,9.82483671136
1.248,2.56183868823e-05,9.8212359722
1.248125,1.37940318437e-05,9.81710839955
1.24825,5.29829643805e-05,9.81594484743
1.248375,8.40923305562e-05,9.8196087099
1.2485,7.15100895708e-05,9.82105239749
1.248625,3.43837269743e-05,9.8180475116
1.24875,6.28808677738e-05,9.81818118375
1.248875,6.32971888542e-05,9.81837415904
1.249,5.49965663017e-05,9.81745576792
1.249125,5.96415339597e-05,9.81714084758
1.24925,5.83402661057e-05,9.81665243313
1.249375,9.52697172409e-05,9.8225818966
1.2495,9.70684716684e-05,9.82888790999
1.249625,3.04075004104e-05,9.82558959375
1.24975,5.5524821341e-05,9.82473148708
1.249875,7.91646671895e-07,9.82038925107
1.25,8.95338969768e-06,9.81613706176
1.250125,-7.14273517826e-06,9.81185193373
1.25025,-5.09780185323e-05,9.81045595296
1.250375,-8.62991231428e-05,9.81455580709
1.2505,-4.49761707848e-05,9.81250550416
1.250625,-2.95942782008e-05,9.80915580523
1.25075,-7.47573087686e-05,9.81115179451
1.250875,-3.94970474299e-05,9.808578417
1.251,-5.75436264916e-05,9.80799289627
1.251125,-0.000137555987844,9.82508030016
1.25125,-8.08804978014e-05,9.82812917637
1.251375,-6.24412931575e-05,9.82819028036
1.2515,-0.000114701015144,9.83869009438
1.251625,-0.000105304627549,9.84683084183
1.25175,-7.72863515807e-05,9.84920416717
1.251875,-7.97514382686e-05,9.85200850083
1.252,-4.38642365436e-05,9.84982754601
1.252125,-3.2793560033e-05,9.84669373789
1.25225,2.72460485806e-05,9.8431860833
1.252375,6.36416413281e-06,9.83888875302
1.2525,1.76664339798e-05,9.83489763815
1.252625,3.66119487754e-05,9.83206693709
1.25275,5.54282152008e-05,9.83119154594
1.252875,7.27968703872e-05,9.83282925517
1.253,6.99912413026e-05,9.83401305736
1.253125,7.80561375619e-05,9.83654096632
1.25325,0.000106138301007,9.84488613607
1.253375,0.00010517159623,9.85297767988
1.2535,0.000128818331165,9.86724139368
1.253625,5.8769652961e-05,9.86676505782
1.25375,8.97739604034e-05,9.87144020717
1.253875,6.22391863879e-05,9.87142946387
1.254,0.000119443782095,9.88302066098
1.254125,5.38307010613e-05,9.88191021112
1.25425,4.05287473371e-05,9.87940036213
1.254375,2.51862479791e-05,9.87576584084
1.2545,-3.4522796304e-05,9.87275491444
1.254625,5.61906651498e-05,9.87194232
1.25475,-1.63224676788e-05,9.86789743538
1.254875,-3.37665554777e-05,9.86483110993
1.255,-2.27025885856e-05,9.8610657027
1.255125,-6.44834915199e-05,9.8613839706
1.25525,-6.68725813511e-05,9.86205345921
1.255375,-5.38378112608e-05,9.86095950511
1.2555,-9.64484946394e-05,9.8670377015
1.255625,-7.47527066842e-05,9.8689490581
1.25575,-7.58847886949e-05,9.8710483086
1.255875,-9.79435315256e-05,9.87742677595
1.256,-0.000104041990146,9.8851623045
1.256125,-7.70843271881e-05,9.88744192509
1.25625,-8.94023188979e-05,9.89200020412
1.256375,-6.26477219376e-05,9.89202577185
1.2565,-7.70810921404e-05,9.894294388
1.256625,-3.485732789e-05,9.8913036173
1.25675,-3.61694891571e-05,9.88841754995
1.256875,2.20988887016e-05,9.88461887386
1.257,-2.5310122957e-05,9.88099047864
1.257125,-1.21334063509e-05,9.87681189518
1.25725,3.75103090267e-06,9.87248467428
1.257375,5.35052689007e-05,9.87134302703
1.2575,-6.59994376604e-06,9.86704882218
1.257625,6.43382666648e-05,9.86733974475
1.25775,4.6131419898e-05,9.86537956932
1.257875,0.000108048099612,9.87409786926
1.258,0.000104029744771,9.8818398055
1.258125,0.000129238039469,9.89610091899
1.25825,7.82912586012e-05,9.89857221042
1.258375,9.91875616657e-05,9.90515504152
1.2585,9.20326816476e-05,9.91020587619
1.258625,0.000113263722912,9.92006632749
1.25875,0.000108060249988,9.92862432938
1.258875,2.1451860546e-05,9.92478952479
1.259,4.26713752989e-05,9.92245861347
1.259125,4.06841717339e-05,9.91994568546
1.25925,7.71128359319e-05,9.92217737332
1.259375,3.80652587045e-05,9.91943657125
1.2595,1.42987862587e-05,9.91531987449
1.259625,-3.49192805401e-05,9.91232736114
1.25975,1.67581128995e-05,9.90829569072
1.259875,-4.66245175069e-05,9.90636387273
1.26,-8.06769889844e-05,9.9092393702
1.260125,-3.91624577769e-05,9.90659730031
1.26025,-6.43483081189e-05,9.90684767161
1.260375,-0.000125494310493,9.91994817448
1.2605,-0.000135140709839,9.9357661625
1.260625,-9.97437203046e-05,9.9423776067
1.26075,-6.88835152254e-05,9.94325469551
1.260875,-8.96816718517e-05,9.94775437555
1.261,-9.08238685719e-05,9.95247111323
1.261125,-9.06961347903e-05,9.95715261609
1.26125,-5.04257996053e-05,9.95559831075
1.261375,-5.13775401786e-05,9.9541512653
1.2615,-0.000114331007338,9.96413474779
1.261625,3.56479600187e-06,9.9598057216
1.26175,1.95585118916e-05,9.9558821605
1.261875,-2.35913211376e-05,9.95214991475
1.262,1.27604850865e-05,9.94798580468
1.262125,6.59081687384e-05,9.94841576418
1.26225,6.17634911692e-05,9.94826417002
1.262375,6.60786163029e-05,9.94871852723
1.2625,7.75291932185e-05,9.95097749887
1.262625,6.27129936412e-05,9.95095315278
1.26275,7.08025157765e-05,9.95211407998
1.262875,7.77112375363e-05,9.95439888789
1.263,8.29703932782e-05,9.95760634931
1.263125,0.000104352041822,9.96519191427
1.26325,5.5790733461e-05,9.96425600035
1.263375,8.42769980416e-05,9.96768527994
1.2635,4.38359019555e-05,9.96544479503
1.263625,5.91632931303e-05,9.9649328323
1.26375,9.93091758672e-05,9.97137656047
1.263875,9.98033515266e-05,9.97791164098
1.264,2.97166347187e-05,9.97453275018
1.264125,2.59515476798e-05,9.97092563613
1.26425,3.61269488541e-05,9.96800974442
1.264375,4.58148422481e-05,9.96596314959
1.2645,-2.80767210702e-05,9.96248317297
1.264625,-3.50776704619e-05,9.95948821997
1.26475,-7.35673512084e-05,9.96107543446
1.264875,-1.35301187356e-05,9.95693313408
1.265,-0.000118295895596,9.96791591373
1.265125,-4.0228774907e-05,9.96534362808
1.26525,-9.16010918393e-05,9.97017871258
1.265375,-0.000105327384343,9.97795291024
1.2655,-0.000122953621742,9.99008418593
1.265625,-0.00011820922338,10.0009283888
1.26575,-0.000107884764717,10.0092077184
1.265875,-8.77955582827e-05,10.0132121187
1.266,-5.55443441963e-05,10.0122090699
1.266125,-9.65115289422e-05,10.0179441394
1.26625,-1.2920485018e-05,10.0137817855
1.266375,-3.0359788149e-05,10.0104367955
1.2665,1.34642649217e-05,10.0062903012
1.266625,-1.73382442122e-05,10.002273423
1.26675,4.29324791783e-05,9.99993119695
1.266875,0.000116626905081,10.0103387993
1.267,0.00010618052985,10.0181966234
1.267125,0.000131171317779,10.0324261898
1.26725,0.000119101277635,10.0433507513
1.267375,0.000182043556789,10.0745039375
1.2675,0.000240882144778,10.1316816049
1.267625,0.00028418543085,10.2116247339
1.26775,0.000373212053602,10.3490512152
1.267875,0.000415247551761,10.5141999487
1.268,0.000463004855403,10.7119488568
1.268125,0.000550603784694,10.9785062587
1.26825,0.000618150674514,11.2934759499
1.268375,0.000757745466508,11.7291351068
1.2685,0.000849552327628,12.2217542053
1.268625,0.00100304542596,12.8277002605
1.26875,0.00113418688673,13.4969909235
1.268875,0.0013133878437,14.2585458137
1.269,0.00142914477785,15.0156035576
1.269125,0.00159146840836,15.8016789711
1.26925,0.00171028527871,16.5614287622
1.269375,0.00182624915649,17.2910948997
1.2695,0.00194081493567,17.9900821246
1.269625,0.00197898692331,18.6138484679
1.26975,0.00207646277881,19.2104202105
1.269875,0.00208558283339,19.7387362156
1.27,0.00212248895922,20.2252820853
1.270125,0.00207852864061,20.6451130954
1.27025,0.00202790926018,21.0097051705
1.270375,0.00199117660134,21.3339544863
1.2705,0.00190818445955,21.6112102972
1.270625,0.00175904776413,21.8328259174
1.27075,0.00165081753042,22.0183840316
1.270875,0.00149710990236,22.1643801401
1.271,0.00135027669012,22.2787236547
1.271125,0.00123220392133,22.3708967629
1.27125,0.00103606681354,22.4335841711
1.271375,0.000892678432632,22.4783900799
1.2715,0.00081843584184,22.5149754378
1.271625,0.000710510786012,22.54125588
1.27175,0.00058786337214,22.5577734613
1.271875,0.000492739370343,22.5680411125
1.272,0.000405505783544,22.5735754512
1.272125,0.000435078399048,22.5805865657
1.27225,0.000370896536302,22.5844845517
1.272375,0.000288131024085,22.5851123866
1.2725,0.00026408377929,22.5849449074
1.272625,0.000131712150336,22.5816410371
1.27275,0.00016289879469,22.578888592
1.272875,0.000126113323435,22.5754996
1.273,0.000124440725574,22.5720861995
1.273125,6.99673727852e-05,22.5680373643
1.27325,0.000126034362272,22.5646495615
1.273375,9.03355895763e-05,22.5607977165
1.2735,7.88354267787e-05,22.5568291285
1.273625,-9.13884985663e-06,22.5524912192
1.27375,6.11291771972e-06,22.5481505296
1.273875,1.64989320584e-05,22.5438240299
1.274,-3.54051471219e-05,22.5395568884
1.274125,-2.648108075e-05,22.5352563914
1.27425,-5.47495204302e-05,22.5310950681
1.274375,-5.2849580853e-05,22.5269215206
1.2745,-4.60612954322e-05,22.5227073756
1.274625,-0.000127116027956,22.5193462291
1.27475,-8.00046083618e-05,22.5153925242
1.274875,-0.000111139553126,22.5118013788
1.275,-0.000104694883751,22.5081261301
1.275125,-0.00012919215918,22.5048007225
1.27525,-8.58947800372e-05,22.5009079434
1.275375,-0.000132212035472,22.4976324284
1.2755,-6.12007206694e-05,22.4935184015
1.275625,-7.8424139512e-05,22.4895517014
1.27575,-2.03717222029e-05,22.4852341686
1.275875,-4.2837198557e-05,22.4810036984
1.276,-6.27531453873e-05,22.4769023554
1.276125,-1.12984725079e-05,22.4725672501
1.27625,1.38109165005e-05,22.4682360307
1.276375,6.25959205552e-06,22.4638954969
1.2765,2.74874339441e-05,22.4595990912
1.276625,5.02736093085e-05,22.4554119774
1.27675,6.68516754976e-05,22.4513448433
1.276875,5.15163033863e-05,22.4471658397
1.277,4.54666061069e-05,22.4429507163
1.277125,8.4503110859e-05,22.439049718
1.27725,6.58158256014e-05,22.4349751121
1.277375,0.000139358986838,22.4318362429
1.2775,9.79958471257e-05,22.4280891569
1.277625,9.68291986867e-05,22.424328471
1.27775,0.00013001920612,22.4210362078
1.277875,8.17623856563e-05,22.4171091009
1.278,9.11716399788e-05,22.4132836727
1.278125,4.74380787697e-05,22.4090809641
1.27825,2.66247223687e-05,22.4047822375
1.278375,4.83074346195e-05,22.4005850009
1.2785,-1.38967818075e-05,22.3962541261
1.278625,-2.58382781142e-05,22.3919529491
1.27875,-5.0585273008e-05,22.38777025
1.278875,-3.2730595474e-05,22.3834944587
1.279,-7.7610937452e-05,22.3795294505
1.279125,-1.80486680065e-05,22.3752069644
1.27925,-5.44786668405e-05,22.3710505993
1.279375,-8.65560183991e-05,22.3671790738
1.2795,-0.000115769758614,22.3636801857
1.279625,-0.000103037294932,22.3600063992
1.27975,-6.38170182082e-05,22.3559203762
1.279875,-0.000120822672407,22.352499154
1.28,-6.11002862657e-05,22.34839213
1.280125,-4.09942828835e-05,22.3441554877
1.28025,-8.46176949338e-05,22.3402658846
1.280375,-6.51093022329e-05,22.3361915902
1.2805,-4.94477899776e-05,22.3320037441
1.280625,-3.83491686461e-05,22.3277541781
1.28075,-2.95649945857e-05,22.3234667878
1.280875,-1.75487982735e-05,22.3191434354
1.281,2.05563514704e-06,22.3148007597
1.281125,5.85967461312e-05,22.3106766905
1.28125,5.70240223139e-05,22.3065412271
1.281375,9.08556874378e-05,22.3027254699
1.2815,5.67386261377e-05,22.2985883113
1.281625,6.72598770182e-05,22.294534821
1.28175,9.4464002986e-05,22.2907633445
1.281875,2.56456087305e-05,22.2864625585
1.282,8.94608068308e-05,22.2826331075
1.282125,6.88786348651e-05,22.2785948343
1.28225,6.47045173621e-05,22.2745210044
1.282375,7.61614347293e-05,22.270551259
1.2825,7.14342017367e-05,22.2665369253
1.282625,7.17150518794e-05,22.2625254868
1.28275,8.60637138814e-05,22.258660407
1.282875,6.13812052103e-05,22.2545607577
1.283,5.45898928749e-06,22.2502197391
1.283125,1.37090342291e-05,22.2458889543
1.28325,5.18747558858e-05,22.2417202928
1.283375,5.33907289164e-05,22.2375621437
1.2835,-2.05898518962e-06,22.233219474
1.283625,-6.15141608217e-05,22.2291223154
1.28375,-8.31976172736e-05,22.2252293872
1.283875,-4.9945681408e-06,22.2208880657
1.284,-6.16216116221e-05,22.2167924678
1.284125,-0.000112183514573,22.2132700243
1.28425,-8.92297003022e-05,22.2094466056
1.284375,-8.44795296427e-05,22.2055697579
1.2845,-6.76461223587e-05,22.20152594
1.284625,-0.000117731265911,22.1980898278
1.28475,-6.3183031293e-05,22.1940082919
1.284875,-8.59216379049e-05,22.1901492091
1.285,-7.45539220385e-05,22.1861708917
1.285125,-0.000109645075974,22.1826172853
1.28525,-4.98874609681e-05,22.1784378919
1.285375,-7.42712190714e-05,22.1744577917
1.2855,1.96377418794e-06,22.1701151007
1.285625,-1.5875302238e-05,22.1657887661
1.28575,3.02450356673e-05,22.1615061699
1.285875,2.47587737603e-05,22.1572037057
1.286,8.8097375024e-05,22.1533737657
1.286125,5.93593660717e-05,22.1492639362
1.28625,5.09323890647e-05,22.1450927801
1.286375,5.09921628385e-05,22.1409221929
1.2865,5.68726702068e-05,22.136793856
1.286625,0.000109388119316,22.133245537
1.28675,7.16168338881e-05,22.1292434947
1.286875,9.686962677e-05,22.1255248036
1.287,0.000105738679036,22.1219262814
1.287125,8.67634330861e-05,22.1180849824
1.28725,0.000115417603582,22.114630487
1.287375,7.82177356192e-05,22.1106959259
1.2875,7.72203234393e-05,22.1067513773
1.287625,6.17891459674e-05,22.1026637485
1.28775,7.52637558878e-05,22.0986999684
1.287875,4.84121291056e-05,22.0945140497
1.288,-1.50770823083e-05,22.0901863498
1.288125,-3.13307444508e-06,22.0858440639
1.28825,-2.18935129435e-05,22.0815333288
1.288375,-3.34756149821e-06,22.0771911377
1.2885,-7.14060985657e-05,22.0731914945
1.288625,-0.000112253916748,22.0696976967
1.28875,-4.81265328779e-05,22.0655109706
1.288875,-0.000110967709582,22.0619992957
1.289,-0.000110942581141,22.0584879165
1.289125,-0.000158445155076,22.0558422996
1.28925,-0.000120099545677,22.052475223
1.289375,-9.51884520203e-05,22.0487458025
1.2895,-7.62260329189e-05,22.0447966379
1.289625,-9.4574255001e-05,22.0410603978
1.28975,-9.63054330256e-05,22.0373471121
1.289875,-5.57160624301e-05,22.0332151064
1.29,-4.12468085921e-05,22.028987878
1.290125,-4.01956148768e-05,22.0247549336
1.29025,-4.06883510598e-05,22.0205248125
1.290375,1.49730908542e-05,22.0161971614
1.2905,8.1640934243e-06,22.0118587679
1.290625,-1.55573209266e-05,22.0075323664
1.29075,2.15205886625e-05,22.0032211096
1.290875,5.22244849774e-05,21.9990649569
1.291,8.27686539864e-05,21.9951916285
1.291125,9.30817488021e-05,21.9914431423
1.29125,6.49368281218e-05,21.987389775
1.291375,7.07483721648e-05,21.9833908776
1.2915,8.98457840706e-05,21.9796032869
1.291625,9.02853658199e-05,21.9758216327
1.29175,8.55006037142e-05,21.9719825046
1.291875,5.81292855324e-05,21.9678726486
1.292,8.87106398044e-05,21.9640730523
1.292125,7.35037801863e-05,21.9601034736
1.29225,0.000105728735577,21.9565337051
1.292375,-8.61959645668e-06,21.9521959038
1.2925,1.45868444927e-05,21.9478677039
1.292625,5.54130412794e-05,21.9437377535
1.29275,5.88020737591e-05,21.9396348803
1.292875,2.13203201348e-05,21.9353235266
1.293,-1.96037452945e-05,21.9310073171
1.293125,-6.87626295316e-05,21.9269936249
1.29325,-7.85899455175e-05,21.9230811617
1.293375,-6.95446200419e-05,21.9190756157
1.2935,-5.47065211909e-05,21.9149416494
1.293625,-0.000124008163947,21.9116734216
1.29375,-0.000101349245754,21.9080488982
1.293875,-0.000102687130356,21.9044440815
1.294,-5.72501737241e-05,21.9003307722
1.294125,-0.000128364590187,21.8971432507
1.29425,-0.000126836814384,21.8939292212
1.294375,-8.85728695458e-05,21.8901372394
1.2945,-8.04856242707e-05,21.8862496407
1.294625,-5.2390274114e-05,21.8820998074
1.29475,-7.01124075354e-05,21.8781030441
1.294875,-3.9070532596e-05,21.8738677023
1.295,-5.06969350843e-05,21.869706104
1.295125,-6.31785594728e-05,21.8656450599
1.29525,2.45549226764e-06,21.8613025413
1.295375,2.82624579751e-06,21.8569601617
1.2955,5.9486403848e-05,21.8528678673
1.295625,3.89615344298e-05,21.8486325495
1.29575,7.43103511768e-05,21.8446814885
1.295875,0.000113119358483,21.8412474136
1.296,4.59196434016e-05,21.8370543704
1.296125,0.000108220777081,21.833544753
1.29625,0.000133103375198,21.8304633512
1.296375,0.000142835337961,21.82757417
1.2965,0.000106490740085,21.8240398877
1.296625,0.000107462542011,21.820521101
1.29675,7.79262491605e-05,21.8166119019
1.296875,6.85206563778e-05,21.8126046225
1.297,3.85331457962e-05,21.8083679315
1.297125,8.17944561593e-05,21.8045041995
1.29725,7.9927764566e-06,21.8001658349
1.297375,1.54903118185e-05,21.7958401106
1.2975,4.50942000254e-05,21.791643246
1.297625,-3.04057319418e-05,21.7873667802
1.29775,-2.71218195494e-05,21.7830767822
1.297875,-6.1520671698e-05,21.7790065231
1.298,-3.04067767471e-05,21.7747302556
1.298125,-5.46752271072e-05,21.7706031045
1.29825,-8.34689719976e-05,21.7667635515
1.298375,-7.37621722848e-05,21.7628140778
1.2985,-6.06103015364e-05,21.758737046
1.298625,-0.000157562461461,21.7561924891
1.29875,-9.02603358024e-05,21.752440135
1.298875,-5.47372874233e-05,21.748314587
1.299,-0.00010964267621,21.744844665
1.299125,-9.9058552361e-05,21.7412149103
1.29925,-6.61431320524e-05,21.7371902193
1.299375,-4.15726932345e-05,21.7329731185
1.2995,-8.76127700279e-05,21.7291896104
1.299625,-9.09891552059e-05,21.7254505748
1.29975,-3.62835159582e-05,21.7212037492
1.299875,-1.04736346323e-05,21.7168688214
1.3,-2.93843151507e-06,21.7125265083
1.300125,-5.42267987744e-06,21.7081857168
1.30025,1.22007289124e-06,21.7038428811
1.300375,5.43810427754e-05,21.6997169271
1.3005,3.79229244765e-05,21.6954796077
1.300625,7.97271561447e-05,21.6916039488
1.30075,9.58108404238e-05,21.6879364282
1.300875,0.000104822300378,21.6844026067
1.301,9.94335024677e-05,21.6807883309
1.301125,6.67151255448e-05,21.6767737042
1.30125,0.000106824241759,21.6732732433
1.301375,0.000128863517923,21.6701572087
1.3015,8.88446124081e-05,21.6663979223
1.301625,9.44698528743e-05,21.6627154506
1.30175,8.12258159837e-05,21.658861196
1.301875,6.53444738194e-05,21.6548348121
1.302,4.56572790967e-05,21.6506465602
1.302125,9.79032412349e-05,21.6470155422
1.30225,4.26609829989e-05,21.6428078965
1.302375,1.05425537154e-05,21.6384732225
1.3025,-6.92273949958e-05,21.6344872482
1.302625,2.20511116096e-05,21.630180557
1.30275,-3.71877338587e-05,21.6259408213
1.302875,-5.4319826257e-05,21.6218182975
1.303,-9.64129938905e-05,21.6181703707
1.303125,-9.32269449876e-05,21.6144778173
1.30325,-0.000137549522214,21.6115517785
1.303375,-0.000135095570468,21.6085765629
1.3035,-0.00010673591611,21.6050880201
1.303625,-0.000111541820749,21.6016788916
1.30375,-9.64367429539e-05,21.598034539
1.303875,-0.000100416792927,21.5944496703
1.304,-7.29170996584e-05,21.5905067948
1.304125,-8.12330618326e-05,21.5866608217
1.30425,-5.60170709892e-05,21.5825544167
1.304375,-6.80198695713e-05,21.5785605641
1.3045,-3.69559257769e-05,21.5743207644
1.304625,-5.4583968501e-05,21.5702030506
1.30475,-3.39899286514e-05,21.5659475271
1.304875,1.73885272227e-05,21.5616274842
1.305,6.43517909614e-05,21.5575985066
1.305125,3.6289795479e-05,21.5533555032
1.30525,4.83009436474e-05,21.5491897766
1.305375,4.78284968183e-05,21.5450207669
1.3055,0.000114338558442,21.5416727122
1.305625,6.56926962691e-05,21.5376584615
1.30575,7.8201060215e-05,21.5337817224
1.305875,0.000125115325115,21.5306331083
1.306,0.000106869107288,21.5271622086
1.306125,0.000115405608493,21.5238369835
1.30625,9.84899124883e-05,21.5202358684
1.306375,6.32625179851e-05,21.5161992578
1.3065,3.25815724452e-05,21.511937645
1.306625,3.88235019579e-05,21.5077102931
1.30675,8.81860560819e-05,21.5039643017
1.306875,3.93432937674e-05,21.4997402839
1.307,6.62591795859e-05,21.4957349704
1.307125,-4.20030223653e-06,21.4913933837
1.30725,-9.24291251608e-06,21.4870570218
1.307375,-1.89807492099e-05,21.4827418652
1.3075,-5.9013426953e-05,21.4786677985
1.307625,-8.30451859363e-05,21.4748577921
1.30775,-6.89775277694e-05,21.4708828513
1.307875,-8.85066349821e-05,21.4671463279
1.308,-0.000131188230842,21.4641367508
1.308125,-0.000129818542648,21.4611003857
1.30825,-9.35348127103e-05,21.4574362444
1.308375,-9.04049540623e-05,21.4537279734
1.3085,-9.18812615375e-05,21.4500411584
1.308625,-0.000128213349443,21.446976829
1.30875,-0.000100082029664,21.4434135653
1.308875,-0.000116583885752,21.4401294456
1.309,-0.000103825058961,21.4366269102
1.309125,-1.54644843162e-05,21.432302627
1.30925,-5.14382009083e-05,21.4281663498
1.309375,-1.79397285413e-05,21.4238485675
1.3095,2.23024746891e-05,21.4195445506
1.309625,2.30530732838e-06,21.4152020221
1.30975,3.9990044945e-05,21.4109844834
1.309875,8.27250867667e-05,21.4071786825
1.31,6.25220708144e-05,21.4031428343
1.310125,7.67097459798e-05,21.3992625955
1.31025,8.97094034916e-05,21.3955530236
1.310375,9.12853443728e-05,21.391866459
1.3105,0.000166408380919,21.3897062244
1.310625,0.000138993183763,21.3868869172
1.31075,8.94449666395e-05,21.3831754138
1.310875,0.000105072485554,21.379704553
1.311,9.80009972669e-05,21.3761208744
1.311125,0.000127493272363,21.3730639256
1.31125,8.76791153662e-05,21.3693296719
1.311375,3.47811478222e-05,21.365082599
1.3115,5.55828534465e-05,21.3609847313
1.311625,-6.84249655142e-06,21.3566455041
1.31175,2.95791608343e-05,21.352372101
1.311875,1.22065304745e-05,21.3480410108
1.312,-9.97743268558e-06,21.3437059942
1.312125,-1.72810894877e-05,21.3393868568
1.31225,-4.00348124493e-05,21.3351718124
1.312375,-2.85837519606e-05,21.3308941294
1.3125,-8.50273443489e-05,21.3271292013
1.312625,-9.39151949042e-05,21.3234920294
1.31275,-7.07987676044e-05,21.3195505274
1.312875,-7.899405974e-05,21.3157077902
1.313,-0.00011808767888,21.3124835719
1.313125,-0.000109893761654,21.3091102229
1.31325,-9.89974013396e-05,21.3055547565
1.313375,-0.000107130832347,21.3021347418
1.3135,-7.29857782307e-05,21.2982205262
1.313625,-7.57561249619e-05,21.2943398898
1.31375,-6.78946307916e-05,21.2903686169
1.313875,-4.77728134131e-05,21.2862098583
1.314,-5.92500494865e-05,21.2821504988
1.314125,-3.44369961814e-05,21.2779034437
1.31425,-3.47009564784e-05,21.2736579595
1.314375,2.41707130913e-05,21.2693623464
1.3145,3.77385133121e-05,21.2651348981
1.314625,3.85372668519e-05,21.2609125079
1.31475,9.99590667045e-05,21.2573813724
1.314875,9.2985340452e-05,21.2537414953
1.315,6.89275967419e-05,21.249785215
1.315125,0.000126869804874,21.2467533042
1.31525,0.000157246564668,21.2444256037
1.315375,0.00010775786415,21.2410296579
1.3155,7.94660849492e-05,21.237202151
1.315625,0.000101660401645,21.2337034788
1.31575,0.000116076246759,21.2304620804
1.315875,9.26464782928e-05,21.226821428
1.316,0.000103895428861,21.2233623931
1.316125,5.44553707523e-05,21.2192624865
1.31625,2.89675214983e-05,21.2149883807
1.316375,1.39220323311e-05,21.2106613523
1.3165,1.06547611563e-05,21.2063277392
1.316625,3.67425346802e-06,21.2019859053
1.31675,-3.32677133985e-05,21.1977341162
1.316875,-2.41759169478e-05,21.1934393586
1.317,-4.56181002295e-05,21.1892681506
1.317125,-5.68386168354e-05,21.1851920687
1.31725,-8.37800590484e-05,21.1814294533
1.317375,-0.000108066516167,21.1780528542
1.3175,-9.55870927828e-05,21.1744665626
1.317625,-7.80898928401e-05,21.1706290457
1.31775,-5.48510072016e-05,21.1665356955
1.317875,-0.000110469908647,21.1632060208
1.318,-0.000109042038329,21.1598510816
1.318125,-6.3398311833e-05,21.155842405
1.31825,-8.52424912709e-05,21.1521042985
1.318375,-7.99113366244e-05,21.1482933654
1.3185,-5.97096702019e-05,21.1442477149
1.318625,-4.05067867496e-05,21.1400417212
1.31875,1.72057945008e-06,21.1356990237
1.318875,-5.03424415034e-05,21.131568027
1.319,-3.99821138806e-05,21.1273588986
1.319125,4.47631137448e-05,21.1231838488
1.31925,-8.15965097616e-06,21.1188464882
1.319375,5.65663800081e-05,21.1147721769
1.3195,2.54457671075e-05,21.1104836438
1.319625,2.56210746965e-05,21.1061959176
1.31975,0.000112133609245,21.1029115939
1.319875,8.23945126313e-05,21.0991406784
1.32,9.25205920531e-05,21.0955196188
1.320125,0.000126077495052,21.0925181953
1.32025,0.000105402703384,21.0891135603
1.320375,8.21566783577e-05,21.0853411571
1.3205,0.000128079003031,21.0823859068
1.320625,3.24023684429e-05,21.0781318518
1.32075,9.52304552576e-05,21.0745574029
1.320875,6.55112017378e-05,21.0705784558
1.321,6.93088444237e-05,21.0666433048
1.321125,4.02059997046e-05,21.0624377173
1.32125,1.80663004014e-05,21.0581225335
1.321375,-8.549074503e-06,21.0537858112
1.3215,-1.41615500593e-06,21.0494430373
1.321625,-9.06042281111e-06,21.0451070956
1.32175,-5.08706037976e-05,21.0409851311
1.321875,-7.04752277039e-05,21.0370667029
1.322,-6.27528567087e-05,21.0330606457
1.322125,-8.21276129615e-05,21.0292952447
1.32225,-7.91751587188e-05,21.0254895332
1.322375,-6.28832194214e-05,21.02148578
1.3225,-0.00015316786094,21.019156687
1.322625,-0.000133741928052,21.0163500709
1.32275,-0.000116363953719,21.0131709445
1.322875,-7.05139739427e-05,21.0092557136
1.323,-8.84903614176e-05,21.0055869461
1.323125,-7.62129936295e-05,21.0017445148
1.32325,-9.49933527458e-05,20.9981798118
1.323375,-7.71530844701e-05,20.9943506792
1.3235,-6.46436571668e-05,20.9903687618
1.323625,-1.83580757786e-05,20.9860549615
1.32375,1.52056932475e-05,20.9817320313
1.323875,2.43168663396e-05,20.9774403232
1.324,2.17237410067e-05,20.9731383105
1.324125,9.04497127043e-05,20.969505608
1.32425,2.87701337146e-05,20.9652345867
1.324375,8.26024727209e-05,20.9614850787
1.3245,8.95867770726e-05,20.9578407616
1.324625,0.000105398176325,20.9544655936
1.32475,9.74407982914e-05,20.9509504675
1.324875,0.000141013365402,20.9483424458
1.325,0.000103376983463,20.9449325582
1.325125,0.000116357394134,20.9417725925
1.32525,0.000120022521041,20.9386892305
1.325375,8.07639575677e-05,20.9349170794
1.3255,7.10580249284e-05,20.9310163704
1.325625,8.31084400294e-05,20.9272789057
1.32575,8.54511670843e-05,20.923576606
1.325875,5.83347297262e-05,20.9195324906
1.326,7.16771957263e-05,20.9156411184
1.326125,2.47503303291e-05,20.9113520671
1.32625,1.59781654473e-05,20.9070316056
1.326375,-3.81564665838e-05,20.9028170026
1.3265,7.69909506123e-06,20.8984792882
1.326625,-4.2102031654e-05,20.8942929074
1.32675,-6.98010891032e-05,20.8903807024
1.326875,-8.8459034564e-05,20.8867301514
1.327,-0.000104181122579,20.8833483727
1.327125,-9.19970529637e-05,20.8797555241
1.32725,-5.89047887175e-05,20.8757203674
1.327375,-0.000115968103292,20.8725713745
1.3275,-0.000113912340677,20.8693812676
1.327625,-0.000137987784482,20.8667311008
1.32775,-7.84748633077e-05,20.862936057
1.327875,-9.68610882732e-05,20.859428532
1.328,-3.32359210576e-05,20.8551840357
1.328125,-7.39702450762e-05,20.8513291954
1.32825,-9.65514556681e-05,20.8478185596
1.328375,-3.23703756723e-05,20.8435692524
1.3285,-2.41316698557e-05,20.8392783979
1.328625,1.58669372488e-05,20.8349579954
1.32875,6.4432038799e-05,20.8309871259
1.328875,3.2098031422e-05,20.8267366072
1.329,5.5598633997e-05,20.8226712386
1.329125,2.9809066073e-05,20.8184081607
1.32925,9.57609776874e-05,20.8148901828
1.329375,0.000112089481345,20.8116784022
1.3295,9.00954747917e-05,20.8080668373
1.329625,0.000100780024462,20.8046397711
1.32975,0.000117930458006,20.8015518927
1.329875,0.000135821058488,20.798874803
1.33,9.61755503249e-05,20.7953677336
1.330125,7.47222095997e-05,20.7915297743
1.33025,0.000124085228728,20.7885804964
1.330375,0.000106365885083,20.7852623464
1.3305,3.95953584293e-05,20.7810615351
1.330625,9.53950027368e-06,20.7767268485
1.33075,4.43675262787e-05,20.7725627131
1.330875,4.48920976159e-05,20.7684030064
1.331,-1.37072332271e-05,20.7640771617
1.331125,-9.68535635037e-06,20.7597427629
1.33125,-6.92636652985e-05,20.7558372962
1.331375,-2.87129940315e-05,20.7515696021
1.3315,-4.43741676564e-05,20.7474065593
1.331625,-8.18453636744e-05,20.7436761882
1.33175,-0.000120746506086,20.740667552
1.331875,-0.000160393905624,20.738680376
1.332,-9.26195705777e-05,20.7351234621
1.332125,-0.00012744403654,20.7322698568
1.33225,-6.62056525437e-05,20.7283291513
1.332375,-8.61646567852e-05,20.7246681255
1.3325,-0.000113678417683,20.7215130573
1.332625,-4.75468025342e-05,20.7173780929
1.33275,-5.84745654195e-05,20.7133500113
1.332875,-7.68563468551e-05,20.7095514923
1.333,-2.09917332151e-06,20.705208954
1.333125,4.63789186705e-06,20.7008679955
1.33325,-2.15276513389e-05,20.6965678904
1.333375,-3.44789348948e-05,20.6923349441
1.3335,1.13594408475e-05,20.6880039507
1.333625,2.96847397343e-05,20.6837427024
1.33375,3.55600415506e-05,20.6795171084
1.333875,7.34898047414e-05,20.6756758344
1.334,9.14234515039e-05,20.6721099419
1.334125,0.000126746722834,20.6692616118
1.33425,8.81148061997e-05,20.6656415648
1.334375,0.00014899155522,20.6633668423
1.3345,0.000101654586846,20.6599873063
1.334625,7.64025599641e-05,20.6561890288
1.33475,0.000157475160965,20.6541615101
1.334875,0.000123019585485,20.6512324147
1.335,0.00013350370227,20.6485556485
1.335125,0.000125439258271,20.645684607
1.33525,7.46267684071e-05,20.6418630204
1.335375,0.000104967591673,20.6385523948
1.3355,-2.00070504874e-06,20.6342098254
1.335625,4.38590019634e-05,20.6300474436
1.33575,-1.68814535517e-05,20.6257312754
1.335875,1.98934169733e-06,20.6213887028
1.336,-3.34893630297e-05,20.6171513451
1.336125,-2.05722783988e-05,20.6128482834
1.33625,-6.55491197008e-05,20.6089106325
1.336375,-8.01791870036e-05,20.6051746244
1.3365,-0.000100246104405,20.6017812158
1.336625,-0.000112479868114,20.5986346069
1.33675,-0.00014450493652,20.5962674695
1.336875,-0.000148488054196,20.5940118656
1.337,-0.000126422439207,20.5911828757
1.337125,-0.000100141864091,20.587790551
1.33725,-6.15838124218e-05,20.5838074198
1.337375,-5.70709302583e-05,20.5797737716
1.3375,-7.76592088592e-05,20.5760040468
1.337625,-6.21394618295e-05,20.5720284331
1.33775,-5.27134310968e-05,20.567950075
1.337875,-1.30679047805e-05,20.5636234065
1.338,-2.96196979361e-05,20.5593641638
1.338125,3.03218860959e-05,20.5551090227
1.33825,3.89980301471e-05,20.5509114592
1.338375,7.49169144092e-05,20.5471055255
1.3385,6.01344252009e-05,20.5431088866
1.338625,8.47119566761e-05,20.5394537789
1.33875,4.814106944e-05,20.5353331735
1.338875,0.000108965738152,20.5321302976
1.339,7.53558624868e-05,20.5283330293
1.339125,5.93761542944e-05,20.5243291748
1.33925,0.000116981407449,20.5213035048
1.339375,9.37220049387e-05,20.5178067189
1.3395,0.000128053176655,20.5150445215
1.339625,0.000118851139846,20.5120641994
1.33975,9.97081647457e-05,20.5086809833
1.339875,8.32612145276e-05,20.505007808
1.34,3.65725825757e-05,20.500794207
1.340125,3.90016147606e-05,20.4965985002
1.34025,5.07678050527e-05,20.4925052711
1.340375,3.41956839742e-05,20.4882757301
1.3405,-4.31556412687e-05,20.4841135777
1.340625,-3.2473375538e-06,20.4797716575
1.34075,-4.08062500121e-05,20.4755906734
1.340875,-7.12041322621e-05,20.4717413206
1.341,-8.88865376203e-05,20.4681682164
1.341125,-7.51854399319e-05,20.4643765419
1.34125,-7.99528761911e-05,20.4606575342
1.341375,-9.68749751461e-05,20.457231344
1.3415,-5.85127540706e-05,20.4532231354
1.341625,-0.000109905286629,20.4500621355
1.34175,-5.2761723326e-05,20.4459918118
1.341875,-0.000138465501421,20.4435278875
1.342,-0.000100971051808,20.4401847872
1.342125,-0.000141395166023,20.4378038199
1.34225,-0.000107816051779,20.4346023618
1.342375,-6.45268967079e-05,20.4306686233
1.3425,-6.54010539828e-05,20.4267464275
1.342625,2.2118731752e-05,20.4224516536
1.34275,2.51594630913e-05,20.418171096
1.342875,1.63233277431e-05,20.4138544382
1.343,4.38675645213e-05,20.4097015284
1.343125,-5.99819756996e-06,20.40536214
1.34325,7.21085985141e-05,20.4015336576
1.343375,6.88657263869e-05,20.397660359
1.3435,7.01943322763e-05,20.3938057911
1.343625,9.64846868982e-05,20.3903863349
1.34375,0.000163595475754,20.388699907
1.343875,0.000107465143683,20.3855039252
1.344,5.08312867953e-05,20.3814178072
1.344125,0.000129158788273,20.3787343142
1.34425,0.000127610729695,20.3760122887
1.344375,0.000121562712497,20.373141207
1.3445,8.53738947566e-05,20.3695247716
1.344625,1.62231849485e-05,20.3652080847
1.34475,4.94429232269e-05,20.3611092674
1.344875,7.56784253239e-05,20.3573387838
1.345,-1.57259470862e-05,20.3530205813
1.345125,2.77814568279e-05,20.3487549304
1.34525,-6.66323615138e-05,20.3448570411
1.345375,-2.29036108625e-05,20.3405667296
1.3455,-2.19020016926e-05,20.3362719629
1.345625,-5.78411192149e-05,20.3322653522
1.34575,-7.21356711447e-05,20.3284459945
1.345875,-4.40254412445e-05,20.3242982563
1.346,-8.69650685722e-05,20.3207176769
1.346125,-0.000126340126626,20.3179849024
1.34625,-0.000121437324695,20.3151305403
1.346375,-8.87968470146e-05,20.3115840916
1.3465,-9.75142216795e-05,20.3082024733
1.346625,-0.000136835963006,20.3057537337
1.34675,-8.36904432134e-05,20.3021198479
1.346875,-8.99592002533e-05,20.2985968386
1.347,-5.41399441632e-05,20.2945511306
1.347125,-6.81595765695e-05,20.2906797236
1.34725,-8.70484966741e-05,20.2871065427
1.347375,-6.36069979289e-05,20.283174956
1.3475,-3.53182268059e-05,20.2789589562
1.347625,-3.9130208455e-05,20.2747719889
1.34775,3.73495396313e-05,20.270571286
1.347875,5.76670927176e-05,20.2665677503
1.348,6.99562464433e-05,20.2627247395
1.348125,2.85910502739e-05,20.2584653791
1.34825,8.72449164199e-05,20.2549014321
1.348375,9.08269165827e-05,20.2514034513
1.3485,3.89113493605e-05,20.2472157259
1.348625,0.000126064863129,20.2445033025
1.34875,3.05368387285e-05,20.2402561067
1.348875,9.08403677611e-05,20.236761231
1.349,9.27960294667e-05,20.2333039723
1.349125,9.51049230983e-05,20.2298920722
1.34925,0.000134821249485,20.2274214271
1.349375,7.40152288573e-05,20.2236431764
1.3495,5.59441979761e-05,20.2196231338
1.349625,7.57221382056e-05,20.2158722894
1.34975,5.97522846427e-05,20.2118983602
1.349875,3.08745652332e-05,20.2076540317
1.35,2.63819185274e-05,20.2033831619
1.350125,3.26219691663e-05,20.1991505279
1.35025,2.17406321228e-05,20.1948566251
1.350375,-5.84167765857e-05,20.1908680962
1.3505,-4.82332332953e-05,20.1867669954
1.350625,-4.48753059932e-05,20.1826335917
1.35075,-5.89653707653e-05,20.1786527682
1.350875,-9.44891741217e-05,20.1752404892
1.351,-9.36087928305e-05,20.1718116682
1.351125,-9.75575216086e-05,20.1684623704
1.35125,-8.76371368245e-05,20.1649219006
1.351375,-0.000153021252721,20.1630270627
1.3515,-0.000122700533471,20.1602590177
1.351625,-0.000116974881854,20.1573483571
1.35175,-7.95554303152e-05,20.1536684117
1.351875,-6.80631817781e-05,20.1498111744
1.352,-4.81694337178e-05,20.1457117253
1.352125,-5.10700455549e-05,20.1416427417
1.35225,-2.64503164539e-05,20.1373733558
1.352375,-2.56896855966e-05,20.1330998684
1.3525,1.7656601282e-05,20.1287897666
1.352625,-8.86466395801e-06,20.1244551086
1.35275,5.42289834378e-05,20.1204225793
1.352875,8.41406782048e-05,20.1168275867
1.353,5.04198792914e-05,20.112753454
1.353125,7.7238781912e-05,20.1090419104
1.35325,0.000124900405887,20.1063512407
1.353375,0.000146818347591,20.1042925941
1.3535,8.4875910249e-05,20.1007135606
1.353625,0.000125406972013,20.0980395147
1.35375,7.90649610319e-05,20.0943604237
1.353875,0.00014549017405,20.0922668458
1.354,0.000106494468951,20.0891297935
1.354125,7.47984370532e-05,20.0853822144
1.35425,6.1074636925e-05,20.0814365573
1.354375,5.74674780463e-05,20.0774456788
1.3545,6.53938125145e-05,20.0735590308
1.354625,3.24847411176e-05,20.0693287898
1.35475,4.05267592923e-05,20.0651614285
1.354875,-4.41828967824e-05,20.0610273764
1.355,-1.84625105087e-05,20.0567209421
1.355125,-2.20876770345e-05,20.0524303051
1.35525,-9.97630511039e-05,20.0491553929
1.355375,-6.6257773246e-05,20.0452839419
1.3555,-6.49939986908e-05,20.0413950818
1.355625,-0.000109972142962,20.0383532119
1.35575,-7.58644161992e-05,20.0346299242
1.355875,-0.00013356881286,20.0322091525
1.356,-9.9537007517e-05,20.0289343678
1.356125,-0.000147514980078,20.0269389084
1.35625,-0.000115161179792,20.0240274533
1.356375,-8.28248523696e-05,20.0204255167
1.3565,-4.81484827311e-05,20.0163332126
1.356625,-9.63641338136e-05,20.012995089
1.35675,-5.27058473868e-05,20.0089529903
1.356875,-4.33294411219e-05,20.0048135632
1.357,-2.52422080077e-05,20.0005397555
1.357125,-9.2508400246e-05,19.9971262122
1.35725,-5.17352548056e-05,19.9930741967
1.357375,2.65834599656e-05,19.988808139
1.3575,3.26513702588e-08,19.9844651943
1.357625,3.96083536591e-05,19.9802932746
1.35775,7.62333774469e-05,19.9765844488
1.357875,0.000111126578329,19.9735900057
1.358,0.000113481218358,19.9706542747
1.358125,9.94856140234e-05,19.9673936171
1.35825,0.000100369771327,19.9641531069
1.358375,9.45450980361e-05,19.9607891003
1.3585,0.000134733631501,19.9584355235
1.358625,8.79526052767e-05,19.9549408855
1.35875,0.000137621580758,19.9526762805
1.358875,6.64827051745e-05,19.948818699
1.359,3.87640633513e-05,19.9446409161
1.359125,6.39355774791e-05,19.9407476891
1.35925,5.57946178818e-05,19.936747539
1.359375,6.72729026469e-05,19.9329033892
1.3595,-1.50876728536e-05,19.9285855572
1.359625,4.65040496465e-05,19.9244814224
1.35975,-4.55408022778e-05,19.9203677138
1.359875,-4.14247969279e-05,19.9162146213
1.36,-4.66734665973e-05,19.9121129158
1.360125,-8.63466189509e-05,19.9085963505
1.36025,-0.000124531735075,19.9059735145
1.360375,-0.000104498754713,19.9028425785
1.3605,-0.000104766195712,19.8997187316
1.360625,-0.000103392957577,19.8965639938
1.36075,-0.000116777214689,19.8937378391
1.360875,-0.000149503256011,19.8918822885
1.361,-0.000136733186534,19.8896209426
1.361125,-7.14737740669e-05,19.8858471708
1.36125,-4.18209881544e-05,19.8816992714
1.361375,-8.27926963933e-05,19.8781214251
1.3615,-6.78975605868e-05,19.8742934858
1.361625,-3.25388576376e-05,19.8700689299
1.36175,-4.42092969771e-05,19.8659447364
1.361875,-3.54064791244e-05,19.8617422364
1.362,1.50270744484e-05,19.8574246145
1.362125,5.84786639555e-05,19.8534655314
1.36225,4.70484626454e-05,19.8493712852
1.362375,7.23251166642e-05,19.8456165785
1.3625,5.90670259559e-05,19.8416663242
1.362625,8.15505704788e-05,19.8380725684
1.36275,4.60485124619e-05,19.8339687092
1.362875,6.24363852636e-05,19.8300657091
1.363,0.000103589976929,19.8269347843
1.363125,0.000129645465804,19.8244914637
1.36325,0.000146876262917,19.8225878659
1.363375,9.44630000189e-05,19.8192545358
1.3635,3.89048614801e-05,19.8150829928
1.363625,9.66534873974e-05,19.8117988513
1.36375,7.73354529122e-05,19.8081343051
1.363875,6.79043607715e-05,19.8043148368
1.364,7.23672230067e-05,19.8005669565
1.364125,2.53949844609e-05,19.7962973578
1.36425,-7.58857139548e-06,19.7919609688
1.364375,4.68902483997e-05,19.787868576
1.3645,-4.7909153066e-05,19.7837874366
1.364625,-4.81311501574e-06,19.7794471367
1.36475,-0.000101271371732,19.7762761485
1.364875,-5.91335698879e-05,19.7723331136
1.365,-0.000104861983863,19.7692487503
1.365125,-8.94138683491e-05,19.7658215633
1.36525,-0.000112503069164,19.7629294451
1.365375,-8.05012108637e-05,19.7593298894
1.3655,-0.000106556060867,19.7562904104
1.365625,-9.50155659846e-05,19.7529846359
1.36575,-3.94992707005e-05,19.7488210869
1.365875,-8.66601209429e-05,19.7453424226
1.366,-8.59308834115e-05,19.7418499561
1.366125,-6.55615853067e-05,19.7380024964
1.36625,-1.53169688574e-05,19.7336866215
1.366375,-7.53856204642e-05,19.7299999987
1.3665,-6.56062587027e-05,19.72615457
1.366625,8.04811133928e-06,19.7218191192
1.36675,4.2438041658e-05,19.7176847482
1.366875,2.14794796349e-05,19.7133952867
1.367,5.58133773152e-06,19.7090559566
1.367125,5.37774939498e-05,19.7050489197
1.36725,5.50668718089e-05,19.7010585079
1.367375,0.000133824829012,19.6987991175
1.3675,6.84665470032e-05,19.6950019194
1.367625,0.000116534458945,19.6922412093
1.36775,0.000116604574233,19.6894834105
1.367875,0.000100376945881,19.6863159107
1.368,0.000132469775673,19.6840214899
1.368125,9.71053823501e-05,19.6807800105
1.36825,6.76037958525e-05,19.676971358
1.368375,9.61662495282e-05,19.673710434
1.3685,7.56172156501e-05,19.6700370319
1.368625,4.78659543287e-05,19.6659626078
1.36875,6.73345217423e-05,19.6621515192
1.368875,4.92506267853e-05,19.6580933715
1.369,2.31713609904e-05,19.6538135271
1.369125,-4.68683413253e-05,19.6497289905
1.36925,-4.82246799198e-05,19.6456598836
1.369375,-2.91724642395e-06,19.6413179418
1.3695,-2.08358053359e-05,19.6370262156
1.369625,-4.90357044284e-05,19.6329672258
1.36975,-5.70838392259e-05,19.6290094504
1.369875,-0.000119611746178,19.6263589078
1.37,-8.94799000969e-05,19.6229637466
1.370125,-0.000110071896754,19.6200560474
1.37025,-9.77899620902e-05,19.6168467233
1.370375,-0.000136041912141,19.6146990715
1.3705,-0.000109719214823,19.6117849072
1.370625,-9.08488777996e-05,19.6084222491
1.37075,-4.18559931612e-05,19.6042875634
1.370875,-5.21698225766e-05,19.6002684622
1.371,-6.44756608456e-05,19.5964206043
1.371125,-4.15316435285e-05,19.592283271
1.37125,-3.18297316148e-05,19.5880612114
1.371375,-7.81869064755e-05,19.5844483406
1.3715,-7.95094799595e-07,19.5801054713
1.371625,6.29364490746e-05,19.5762364538
1.37175,5.0697907249e-05,19.5722013188
1.371875,4.828586636e-05,19.5681378519
1.372,0.000105337855098,19.5651260665
1.372125,0.000120597445255,19.5625290154
1.37225,6.3219731335e-05,19.5586662128
1.372375,0.000112684723844,19.5558498798
1.3725,0.000117183446929,19.5531589212
1.372625,9.71167821449e-05,19.5499513986
1.37275,5.49944311075e-05,19.5459728431
1.372875,6.72931230269e-05,19.5421759808
1.373,9.18872281267e-05,19.5388520572
1.373125,4.24955956544e-05,19.5347272513
1.37325,9.69335597507e-05,19.5315202593
1.373375,8.78914858422e-05,19.5281119372
1.3735,3.38900835515e-05,19.5239080736
1.373625,4.32232398876e-05,19.5197915797
1.37375,-1.09063151299e-05,19.5154630666
1.373875,-1.95461858697e-05,19.5111665216
1.374,-1.58584124244e-05,19.5068541502
1.374125,-4.27145175327e-05,19.5027332273
1.37425,-4.00913996733e-05,19.4985860591
1.374375,-5.79116241535e-05,19.4946519925
1.3745,-8.55371746575e-05,19.4912018215
1.374625,-0.000124985593464,19.4887662945
1.37475,-0.000133883580512,19.4866131776
1.374875,-0.000102879694232,19.4835640556
1.375,-0.000101062193188,19.4804705066
1.375125,-0.000131852951784,19.4782555428
1.37525,-6.551679977e-05,19.474438367
1.375375,-2.52907552111e-05,19.4701738405
1.3755,-6.51290041859e-05,19.4663514271
1.375625,-5.92967045052e-05,19.4624403451
1.37575,-6.157730005e-05,19.4585635393
1.375875,-5.11296568446e-05,19.4545422676
1.376,-4.58144151617e-05,19.4504578336
1.376125,1.43153181114e-05,19.4461401524
1.37625,6.17608660239e-06,19.4418019147
1.376375,4.26225813892e-06,19.437461214
1.3765,7.08800940837e-05,19.4337394426
1.376625,6.5032622125e-05,19.4299198618
1.37675,8.61204200258e-05,19.4264954946
1.376875,0.0001024649373,19.4234538498
1.377,9.08940758737e-05,19.4201356505
1.377125,8.82855566134e-05,19.4167602232
1.37725,0.000114151825693,19.4140359183
1.377375,8.4229454274e-05,19.4105748784
1.3775,7.35527061694e-05,19.4069049841
1.377625,0.000115763830497,19.4042304899
1.37775,0.000126164297119,19.4018704059
1.377875,8.9830691965e-05,19.3985333584
1.378,9.57680746267e-05,19.3953345358
1.378125,6.19517841385e-05,19.3914707633
1.37825,7.13004176228e-05,19.3877630716
1.378375,9.20074355207e-07,19.3834202327
1.3785,3.63874701546e-05,19.3792430536
1.378625,2.72362317957e-05,19.3749930711
1.37875,-3.28919016565e-05,19.3707858367
1.378875,-5.60401692297e-05,19.3668372058
1.379,-9.92942274746e-05,19.3637331825
1.379125,-0.000100508836828,19.3606605577
1.37925,-9.00691160259e-05,19.3573384964
1.379375,-0.000129130132276,19.3550952545
1.3795,-8.06864300096e-05,19.351572646
1.379625,-0.000122413058761,19.3491191939
1.37975,-0.000122777980096,19.3466780955
1.379875,-6.20906675058e-05,19.3428218963
1.38,-9.26272258202e-05,19.339563084
1.380125,-7.65242884174e-05,19.3359606762
1.38025,-7.69217862456e-05,19.3323666018
1.380375,-5.14849845511e-05,19.3283594327
1.3805,-4.43408407868e-05,19.3242657756
1.380625,-8.08495472328e-05,19.3207523541
1.38075,-4.50870541278e-05,19.3166676098
1.380875,2.13914262066e-06,19.3123252468
1.381,5.65565143974e-06,19.3079863727
1.381125,2.21958631583e-05,19.303706188
1.38125,4.21034246524e-05,19.2995892879
1.381375,4.04225415257e-07,19.2952463639
1.3815,4.31014762986e-05,19.2911407691
1.381625,0.000115204777329,19.2884948309
1.38175,8.45585447073e-05,19.2850667601
1.381875,7.75280886924e-05,19.2814935028
1.382,0.000131402221553,19.2793630765
1.382125,0.000161402524764,19.278359458
1.38225,0.000111120108899,19.2755999898
1.382375,9.52333253595e-05,19.2724209062
1.3825,0.000112600296049,19.2697061213
1.382625,0.000105346938281,19.2667892549
1.38275,4.25331007758e-05,19.2626789611
1.382875,6.04798031821e-05,19.2588068535
1.383,5.76442720149e-05,19.2548920151
1.383125,3.66095746824e-06,19.2505507986
1.38325,1.05475291143e-05,19.2462222149
1.383375,-8.24145097732e-06,19.2418880467
1.3835,6.74128395946e-06,19.23755098
1.383625,-4.33399338192e-05,19.233451228
1.38375,-3.81466417625e-05,19.2292968648
1.383875,-0.000103899321331,19.2263540463
1.384,-0.000141073656921,19.2245937707
1.384125,-9.03153851083e-05,19.2213099641
1.38425,-0.000110172993875,19.2185442017
1.384375,-0.000127927780671,19.216328957
1.3845,-9.28067271032e-05,19.2131065112
1.384625,-0.000108798422306,19.2103045533
1.38475,-0.000101193007844,19.2072955763
1.384875,-8.58118080331e-05,19.2039126023
1.385,-0.000123895916065,19.2015721186
1.385125,-7.61588969702e-05,19.1979863338
1.38525,-6.90013382564e-05,19.1942654411
1.385375,-7.82157871321e-05,19.190722448
1.3855,-5.1706758473e-05,19.1867294052
1.385625,-3.28953687374e-05,19.1825282129
1.38575,-8.92845518627e-06,19.1781957211
1.385875,1.25281833161e-05,19.1738733777
1.386,7.60370101554e-05,19.1702900001
1.386125,7.64770138857e-05,19.1667160722
1.38625,8.00892309226e-05,19.1632171924
1.386375,8.55657751943e-05,19.1598384579
1.3865,7.66439485584e-05,19.1562697514
1.386625,0.000109679190176,19.1535134657
1.38675,8.35400572001e-05,19.1500916778
1.386875,8.41121168857e-05,19.1466832834
1.387,0.000137877858972,19.144853015
1.387125,9.17004720642e-05,19.1416221699
1.38725,7.45598535546e-05,19.1380150129
1.387375,0.000111465005109,19.1353177079
1.3875,9.44039010781e-05,19.1321559823
1.387625,2.29334052595e-05,19.127882806
1.38775,8.06931438654e-05,19.1244043975
1.387875,1.69503782943e-05,19.1200996347
1.388,2.54321730979e-05,19.1158427286
1.388125,5.74394712315e-06,19.111504177
1.38825,-6.04900305954e-05,19.1076489114
1.388375,-5.43429474153e-05,19.1036999186
1.3885,-7.24955844618e-05,19.1000586867
1.388625,-7.38020681815e-05,19.0964435825
1.38875,-0.000107941571717,19.0936587426
1.388875,-6.54571809641e-05,19.0898892029
1.389,-7.26608418646e-05,19.0862534187
1.389125,-9.51489591103e-05,19.0831240402
1.38925,-0.000130596544936,19.0810686848
1.389375,-0.000148273873094,19.0796757017
1.3895,-0.000109353724332,19.0769380738
1.389625,-0.000114771756808,19.0743645422
1.38975,-0.000100922627424,19.0713906296
1.389875,-5.00974405985e-05,19.0673852959
1.39,-9.10826055968e-05,19.0641592606
1.390125,-2.18866111628e-05,19.0598808632
1.39025,-8.78486748477e-05,19.0565787292
1.390375,-8.88638085839e-06,19.0522464438
1.3905,1.67629042837e-05,19.0479414666
1.390625,1.3491470878e-05,19.0436231405
1.39075,5.84875980742e-05,19.039743305
1.390875,4.78552006454e-05,19.0357106803
1.391,7.24277994866e-05,19.0320791872
1.391125,7.68008873209e-05,19.0285368616
1.39125,9.03262928851e-05,19.0253022255
1.391375,8.15242155687e-05,19.021862804
1.3915,0.000112923038839,19.0192545959
1.391625,0.000115064069632,19.016713861
1.39175,0.000107088821798,19.0139329135
1.391875,0.000124432130259,19.0117000916
1.392,8.26257857062e-05,19.0082881606
1.392125,0.00010372139343,19.0054133844
1.39225,0.000135556782481,19.0035795351
1.392375,7.74021530372e-05,19.0000551468
1.3925,1.92621649944e-05,18.9957629412
1.392625,1.89984643623e-05,18.9914694047
1.39275,6.65307672323e-06,18.987132525
1.392875,1.02530502696e-05,18.9828039991
1.393,-6.46627843963e-05,18.979035093
1.393125,-5.2674110752e-06,18.9746959609
1.39325,-5.44480909605e-05,18.9707607875
1.393375,-8.60647106427e-05,18.9674375244
1.3935,-7.25587206159e-05,18.9638199181
1.393625,-0.000111749475459,18.9611987006
1.39375,-9.40697103899e-05,18.9580765999
1.393875,-9.65068147464e-05,18.9550194908
1.394,-9.5493436409e-05,18.9519364097
1.394125,-0.00010266173322,18.9490505744
1.39425,-0.000105143875085,18.9462370536
1.394375,-0.00011256215937,18.9436480495
1.3945,-0.000147468780805,18.9423169056
1.394625,-0.000100447582778,18.9393719984
1.39475,-6.59163108378e-05,18.9356315576
1.394875,-4.7871572445e-05,18.9316066792
1.395,-1.11745966433e-05,18.9272810822
1.395125,-1.9575434926e-05,18.9229914258
1.39525,-1.04676105003e-05,18.9186637334
1.395375,8.02970014028e-05,18.915219104
1.3955,1.30633466994e-05,18.9108999564
1.395625,4.86686240216e-05,18.9068876346
1.39575,4.12011162364e-05,18.9027818593
1.395875,0.000101414581323,18.8998770248
1.396,7.4767873e-05,18.8963163284
1.396125,9.81829897731e-05,18.8933233248
1.39625,0.00010401596409,18.8904964992
1.396375,8.02477655833e-05,18.887056606
1.3965,0.000144450963397,18.8856413864
1.396625,0.000129845160092,18.8836649636
1.39675,0.000114361031701,18.8811587232
1.396875,0.000104664250811,18.8783551568
1.397,9.42111335886e-05,18.8752603081
1.397125,4.84049208649e-05,18.8712471081
1.39725,6.44495067249e-05,18.8674892587
1.397375,5.83518521109e-05,18.8636263544
1.3975,2.09325628654e-05,18.8593452426
1.397625,-2.88269599077e-05,18.855119679
1.39775,-2.48903091614e-05,18.8508643305
1.397875,-6.2777972101e-05,18.8470791384
1.398,-9.43430996701e-05,18.8439968328
1.398125,-4.73949350055e-05,18.8399723003
1.39825,-3.14487821072e-05,18.8357696836
1.398375,-9.34199191992e-05,18.8326660533
1.3985,-0.000133509189182,18.8308557315
1.398625,-0.000141508009013,18.8293590537
1.39875,-0.000134433421426,18.8275858631
1.398875,-0.000110734068978,18.8249873669
1.399,-0.000176385526997,18.8250718068
1.399125,-0.000131539664621,18.8231916363
1.39925,-0.000101980535497,18.8203297862
1.399375,-4.55922571129e-05,18.8162831033
1.3995,-5.42198451804e-05,18.8123595395
1.399625,-8.82490684644e-05,18.8091285061
1.39975,-4.80133491615e-05,18.8051149709
1.399875,-7.2507213569e-05,18.8015239169
1.4,1.27232359883e-05,18.7972041451
1.400125,-2.20086159143e-05,18.7929306073
1.40025,6.16629141278e-05,18.7891330049
1.400375,4.63674068953e-05,18.7850986902
1.4005,8.99720622974e-05,18.7819187698
1.400625,8.94570266597e-05,18.778726416
1.40075,0.000141948067625,18.7772820351
1.400875,9.37865445145e-05,18.7742050825
1.401,9.63354964065e-05,18.7711988157
1.401125,9.16685552611e-05,18.7680670318
1.40125,0.000113023656839,18.7655664761
1.401375,0.00010213398585,18.7627289251
1.4015,8.67570208402e-05,18.7594729652
1.401625,0.000107579868821,18.7568025452
1.40175,6.65433280711e-05,18.7530999811
1.401875,8.03387569752e-05,18.7496912258
1.402,4.86132926997e-05,18.745690627
1.402125,-5.02643394463e-07,18.7413477188
1.40225,2.55118714635e-05,18.7370992424
1.402375,3.2430731747e-06,18.7327578257
1.4025,-9.85828039749e-06,18.7284290149
1.402625,-4.94770131031e-05,18.7244424291
1.40275,-7.98849663733e-05,18.7210292657
1.402875,-8.04472792475e-05,18.7176299777
1.403,-7.87064563348e-05,18.7141910029
1.403125,-9.57297523547e-05,18.7111863453
1.40325,-0.000114848669029,18.7087708296
1.403375,-0.000126947614145,18.7067839954
1.4035,-0.000116616526162,18.7044302752
1.403625,-0.000118683146911,18.7021487836
1.40375,-9.12026709996e-05,18.6990239328
1.403875,-0.000120249659331,18.6967998411
1.404,-6.32314482764e-05,18.6930431674
1.404125,-0.000154581501657,18.69220594
1.40425,-3.57294330046e-05,18.6880503927
1.404375,-2.45599774375e-05,18.6837960793
1.4045,-4.80515679304e-05,18.6797927285
1.404625,4.32839518525e-06,18.6754525419
1.40475,-1.25905174839e-05,18.6711329575
1.404875,3.3740435173e-05,18.66695794
1.405,2.05604972665e-05,18.6626774131
1.405125,1.3739535534e-05,18.6583623691
1.40525,6.13242137286e-05,18.6545757657
1.405375,8.13584304771e-05,18.6512128524
1.4055,9.11500833871e-05,18.6481009493
1.405625,9.36618539936e-05,18.6450587486
1.40575,0.000154514686362,18.6442573919
1.405875,0.000133084256661,18.6425425217
1.406,0.000102943930824,18.6397728715
1.406125,0.000144789904025,18.6385436862
1.40625,0.000118226742665,18.6362776372
1.406375,0.000110694663566,18.6337563888
1.4065,0.000100909780093,18.6309282486
1.406625,9.34173336903e-05,18.627884392
1.40675,3.21450827005e-05,18.6236953953
1.406875,2.21510041544e-05,18.6194256242
1.407,5.07415981946e-05,18.6154670127
1.407125,3.94716786959e-05,18.6113568525
1.40725,-2.71065041268e-05,18.6071237949
1.407375,-4.32755892521e-05,18.6030612004
1.4075,-6.10010085173e-05,18.5992758027
1.407625,-6.64154261381e-05,18.595594341
1.40775,-6.09212327475e-05,18.5918084428
1.407875,-0.000115874067768,18.5894821562
1.408,-0.000102113651133,18.5867062602
1.408125,-9.90509783375e-05,18.5838387319
1.40825,-6.73880188575e-05,18.5801792088
1.408375,-6.70192308512e-05,18.5765127964
1.4085,-0.000106611539123,18.573883071
1.408625,-0.000131507494986,18.5721482234
1.40875,-0.000117664738753,18.5698941652
1.408875,-8.78864473572e-05,18.5667173252
1.409,-7.18873257361e-05,18.5631551724
1.409125,-8.14823350036e-05,18.5598161559
1.40925,-9.58479583054e-05,18.5568633433
1.409375,-3.65675999752e-05,18.5527229045
1.4095,-4.60169924561e-07,18.5483799918
1.409625,1.67910229658e-05,18.5440798284
1.40975,3.30195707818e-05,18.5399024865
1.409875,6.06931969359e-05,18.5361195614
1.41,7.04234850467e-05,18.532531234
1.410125,8.09196653398e-05,18.5291854074
1.41025,8.77944381363e-05,18.5260170848
1.410375,9.83047262827e-05,18.5231478597
1.4105,0.00014417289338,18.5219762004
1.410625,0.000119008132646,18.5197949239
1.41075,0.000117129781146,18.5175470171
1.410875,0.000131005608229,18.515826089
1.411,0.000144845490646,18.5146894763
1.411125,1.93003386648e-05,18.5104034954
1.41125,0.00010548485898,18.5077634784
1.411375,0.000114877285558,18.5054413758
1.4115,5.62877392943e-05,18.5015839438
1.411625,4.23498579292e-05,18.497516088
1.41175,5.14485561583e-05,18.4935795078
1.411875,4.86654541009e-05,18.4896004838
1.412,-4.60390267287e-05,18.4855835389
1.412125,-2.4826253897e-05,18.4813354798
1.41225,-4.37566336424e-05,18.477287575
1.412375,-2.95786096618e-05,18.4730795766
1.4125,-8.34074708702e-05,18.4698105959
1.412625,-5.06166175279e-05,18.4658634976
1.41275,-0.000121133041871,18.4637891999
1.412875,-0.000109928850514,18.461315613
1.413,-7.58971510569e-05,18.4578643631
1.413125,-9.34959277014e-05,18.4548755868
1.41325,-9.62036284938e-05,18.4519673552
1.413375,-0.000157138007644,18.4514536784
1.4135,-0.000126722789147,18.4496017753
1.413625,-9.87059707756e-05,18.4467709724
1.41375,-7.10036252201e-05,18.4432110717
1.413875,-4.15594186713e-05,18.4391366279
1.414,-9.32688016867e-05,18.4361471042
1.414125,-1.84659852555e-05,18.4318572563
1.41425,2.39951326069e-05,18.4276040538
1.414375,4.60632281765e-05,18.4235921435
1.4145,3.78169014419e-05,18.4194725266
1.414625,6.74385275837e-05,18.4158404267
1.41475,7.5234399017e-05,18.4123828952
1.414875,5.01270601325e-05,18.4084333447
1.415,8.76478938652e-05,18.4052941073
1.415125,0.000118699811033,18.4031601927
1.41525,0.000137962610367,18.4018026236
1.415375,0.000126053101973,18.3999528014
1.4155,0.000137970537346,18.3985977803
1.415625,9.93783635347e-05,18.39580575
1.41575,0.000133453414276,18.3942610156
1.415875,0.00011590922227,18.3920298367
1.416,0.000112935508265,18.3896927454
1.416125,8.3103030164e-05,18.3864366055
1.41625,4.02071167371e-05,18.3823482798
1.416375,3.27966670408e-05,18.3781749083
1.4165,5.90823185656e-05,18.3743827858
1.416625,3.39916132929e-06,18.3700416659
1.41675,1.40962167226e-05,18.3657301364
1.416875,-2.82006898873e-05,18.3615130498
1.417,-6.45941269745e-05,18.3578310163
1.417125,-9.53765105131e-05,18.3549300844
1.41725,-0.000100338028519,18.3521841205
1.417375,-0.00010566117773,18.3496131824
1.4175,-0.000134368198803,18.3481372515
1.417625,-0.000139535280818,18.3468870308
1.41775,-9.5837632734e-05,18.3440037468
1.417875,-0.000139971933383,18.3427758681
1.418,-0.000171686921667,18.3431200204
1.418125,-0.000121357483451,18.3411193916
1.41825,-0.000108480654891,18.3386490273
1.418375,-7.52771841964e-05,18.3352083975
1.4185,-7.79255922176e-05,18.3318331343
1.418625,-5.79397651129e-05,18.3280255975
1.41875,-4.45766490983e-05,18.3239998561
1.418875,2.37727029147e-06,18.3196578144
1.419,2.77572921811e-05,18.3154381016
1.419125,2.4010721386e-05,18.3111874572
1.41925,3.44029254234e-05,18.3070341847
1.419375,8.38883475061e-05,18.3038199565
1.4195,6.3733684736e-05,18.3001290377
1.419625,8.65964094466e-05,18.2969907629
1.41975,8.85865276682e-05,18.2939093978
1.419875,7.41511481332e-05,18.2904510431
1.42,0.000140274016491,18.2892754221
1.420125,7.47104981188e-05,18.2858314205
1.42025,0.000133199785677,18.2843475302
1.420375,0.000117012385818,18.2822118786
1.4205,0.000113289590849,18.2799390599
1.420625,0.000114242212274,18.277702295
1.42075,0.000108978308516,18.2752769391
1.420875,9.48064351108e-05,18.2723861621
1.421,4.56472035443e-05,18.2683801276
1.421125,2.41593139414e-05,18.2641316472
1.42125,4.00805496428e-05,18.2600489475
1.421375,4.56736947857e-05,18.2560442637
1.4215,-4.17349277631e-05,18.2519840166
1.421625,-6.23980684645e-05,18.2482735619
1.42175,-6.5910292249e-05,18.2446369107
1.421875,-6.22491228367e-05,18.240924506
1.422,-7.09053055079e-05,18.2374003381
1.422125,-5.00208983989e-05,18.2334652278
1.42225,-0.00014534534267,18.2325675662
1.422375,-0.000158245693573,18.232309172
1.4225,-0.000128872149262,18.2306757526
1.422625,-0.000100813132087,18.2279917268
1.42275,-8.88189108467e-05,18.2249372949
1.422875,-0.000109818573355,18.2225654143
1.423,-8.66889693345e-05,18.2194514675
1.423125,-0.000104921592638,18.2169100299
1.42325,-0.000114387295388,18.2147094771
1.423375,-3.92134502964e-05,18.2106184902
1.4235,-4.35921776459e-05,18.2065872055
1.423625,-1.42371104748e-05,18.2022775362
1.42375,2.00120870916e-05,18.1980004019
1.423875,1.18918154427e-05,18.1936807185
1.424,3.18810661691e-05,18.1895051256
1.424125,3.66069296392e-05,18.1853830354
1.42425,4.09021436234e-05,18.1813160731
1.424375,6.45741866491e-05,18.1776616115
1.4245,5.30392306052e-05,18.1737835527
1.424625,0.000113711991374,18.1715789084
1.42475,0.000135854181523,18.170289316
1.424875,6.50464917209e-05,18.1666467376
1.425,0.000132691170475,18.1652199776
1.425125,9.11799409491e-05,18.1622547155
1.42525,0.000122596352744,18.1604037619
1.425375,0.000118855496806,18.1584040879
1.4255,7.99735010738e-05,18.1551226925
1.425625,9.17116239331e-05,18.1521767854
1.42575,8.27421835599e-05,18.1489717845
1.425875,2.92172515298e-05,18.1447708487
1.426,2.02966901481e-05,18.1404965019
1.426125,3.9143827527e-05,18.1364089481
1.42625,-8.28737611328e-05,18.1332117204
1.426375,-6.01180321566e-06,18.1288748099
1.4265,-2.1785612609e-05,18.1246111864
1.426625,-6.13091468938e-05,18.1208970226
1.42675,-5.67843650398e-05,18.1170939393
1.426875,-9.72747606027e-05,18.1143364467
1.427,-0.000113596317777,18.1121568588
1.427125,-0.000141362169617,18.1111653013
1.42725,-8.79131223218e-05,18.1081191401
1.427375,-0.00014468223132,18.1072900537
1.4275,-0.000127991219279,18.1056977587
1.427625,-6.26076122715e-05,18.1020133704
1.42775,-0.000114507108338,18.099874848
1.427875,-8.09771089858e-05,18.0966350247
1.428,-5.94971946778e-05,18.0928880729
1.428125,-5.67353040632e-05,18.0890875439
1.42825,-2.18143058911e-05,18.0848248614
1.428375,1.30496444191e-05,18.0805106677
1.4285,-8.69439930928e-06,18.0761804981
1.428625,-7.95681842963e-07,18.0718376604
1.42875,4.40399939387e-05,18.0678231402
1.428875,4.1007800479e-05,18.0637652171
1.429,7.39781658555e-05,18.060350652
1.429125,9.19396820414e-05,18.0574426701
1.42925,0.000102951262053,18.0549001316
1.429375,6.13462496081e-05,18.0511969151
1.4295,0.000138660921915,18.050124111
1.429625,8.30951998173e-05,18.0469561238
1.42975,0.000140440733556,18.045971051
1.429875,0.000162241147659,18.0461098012
1.43,0.000116897053282,18.0440939897
1.430125,0.000111617031401,18.0418737364
1.43025,8.1042828537e-05,18.0386505577
1.430375,0.000114435743976,18.0365416383
1.4305,4.19606555619e-05,18.0324992712
1.430625,6.79759881362e-05,18.0289458464
1.43075,6.31280740124e-05,18.0252843891
1.430875,1.74059251694e-05,18.020993301
1.431,4.47704576083e-05,18.0169937623
1.431125,-6.86254215536e-05,18.0134583719
1.43125,-2.84181958458e-05,18.0092540329
1.431375,-6.2136252251e-05,18.0055743317
1.4315,-0.000110683326269,18.0033373131
1.431625,-9.55028313105e-05,18.0005631474
1.43175,-9.58187941696e-05,17.9978003862
1.431875,-9.97120055311e-05,17.9951697054
1.432,-0.000115233402723,17.9931148178
1.432125,-0.000137119621208,17.9920127844
1.43225,-0.000122239079832,17.9902463477
1.432375,-0.000123178127199,17.9885207009
1.4325,-0.000147524058202,17.9879329066
1.432625,-7.78288992886e-05,17.9846355909
1.43275,-8.95811509024e-05,17.9816788972
1.432875,-8.52362734551e-05,17.9785918658
1.433,-5.13632887959e-05,17.9747053414
1.433125,-1.58074064719e-05,17.9704056669
1.43325,-2.09783424808e-05,17.9661390072
1.433375,-5.28231038785e-06,17.9618009038
1.4335,-9.62063583384e-06,17.9574740346
1.433625,1.4811485297e-05,17.9531692305
1.43375,2.09719157271e-05,17.9489028272
1.433875,8.16678753304e-05,17.9457215868
1.434,0.000144943602907,17.9450395126
1.434125,0.000122250717,17.943301582
1.43425,0.000101746197447,17.9407639706
1.434375,6.22026272988e-05,17.9370962512
1.4345,0.00011834598468,17.9351990821
1.434625,0.000111552638106,17.9330302025
1.43475,0.000140557156422,17.9321400601
1.434875,7.16167569631e-05,17.9286939491
1.435,6.72921676344e-05,17.9251434353
1.435125,5.94079584114e-05,17.9214186286
1.43525,6.29316226577e-05,17.9177699128
1.435375,0.000106214918568,17.915405926
1.4355,5.78832856869e-05,17.9116511173
1.435625,5.49043145916e-06,17.907313469
1.43575,2.56933268831e-05,17.9030866276
1.435875,-3.90633681802e-05,17.8990123154
1.436,-6.57751412898e-05,17.8954316702
1.436125,-4.07589120637e-05,17.8913816992
1.43625,-7.57879271254e-05,17.8880525553
1.436375,-9.75510109575e-05,17.8853904093
1.4365,-0.000103945642326,17.882956964
1.436625,-9.92320098158e-05,17.8803552738
1.43675,-0.000100603818301,17.8778031218
1.436875,-6.33516881313e-05,17.8741708045
1.437,-0.000111742936848,17.8720402103
1.437125,-9.51883184159e-05,17.8693035573
1.43725,-0.000100196476236,17.866741461
1.437375,-4.34935397966e-05,17.8627343312
1.4375,-9.48512478753e-05,17.859989745
1.437625,-8.90767910965e-05,17.8570573912
1.43775,-6.08859379189e-05,17.8533739797
1.437875,-5.96744961362e-05,17.8496651234
1.438,-2.20031685133e-05,17.8454084648
1.438125,2.69114410943e-05,17.8411947216
1.43825,-1.17363948602e-06,17.8368520228
1.438375,5.36774872992e-05,17.833024087
1.4385,8.03668361177e-05,17.8298365494
1.438625,8.62104229637e-05,17.8268240922
1.43875,0.000111075119644,17.8246910959
1.438875,0.000105492856877,17.8223425809
1.439,0.000128742071837,17.8209712995
1.439125,0.000140691210696,17.8201781294
1.43925,9.19414266063e-05,17.817351782
1.439375,7.34035373891e-05,17.8139762056
1.4395,0.000117738685759,17.8121235955
1.439625,0.000145283409829,17.8115735517
1.43975,6.8191675857e-05,17.8080666045
1.439875,5.17891732209e-05,17.8042062612
1.44,0.000101022438171,17.8017009743
1.440125,8.28430377162e-05,17.7985946077
1.44025,3.86714627804e-05,17.7945213435
1.440375,4.07664951835e-06,17.7901813985
1.4405,1.29990899517e-05,17.7858689851
1.440625,-3.15948360411e-05,17.7817065821
1.44075,2.0798628799e-06,17.7773644204
1.440875,-5.26567969026e-05,17.7735239209
1.441,-3.63859684347e-05,17.7694211053
1.441125,-0.000127712110861,17.7680383228
1.44125,-0.000112910341804,17.7660100494
1.441375,-0.000107440507189,17.7637639757
1.4415,-8.9565226505e-05,17.7608790763
1.441625,-8.30617128191e-05,17.7577909837
1.44175,-0.000102698457734,17.755367566
1.441875,-0.000108477401248,17.753167394
1.442,-5.43103339254e-05,17.7493619298
1.442125,-8.56590992099e-05,17.7463570752
1.44225,-6.20837711763e-05,17.7427175699
1.442375,-6.10195565553e-05,17.7390547268
1.4425,-5.56365268742e-05,17.7352776664
1.442625,1.54924429319e-05,17.7309786404
1.44275,-6.39287335092e-06,17.7266431814
1.442875,-1.47519845237e-05,17.7223401368
1.443,-1.1784801749e-05,17.7180226809
1.443125,2.98223468959e-05,17.713843122
1.44325,6.37613484044e-05,17.7102477178
1.443375,0.000101833028986,17.707812862
1.4435,9.10056536614e-05,17.7049947446
1.443625,8.56464821948e-05,17.7020032296
1.44375,0.000114353250256,17.7000708432
1.443875,0.000139048657683,17.6992931462
1.444,0.000126492872979,17.6979013883
1.444125,0.000100687027126,17.6954291465
1.44425,0.00014558866735,17.6949987352
1.444375,0.000160078478133,17.6953858975
1.4445,0.000113668603257,17.6934283717
1.444625,0.000130728657544,17.692241757
1.44475,5.14799804851e-05,17.6883885567
1.444875,5.56809698912e-05,17.6846190513
1.445,2.6475404765e-05,17.6804058717
1.445125,-2.06585746763e-05,17.6761420125
1.44525,2.76299155357e-06,17.6718004838
1.445375,-7.69200403847e-06,17.667468525
1.4455,-5.66003139078e-05,17.6637209715
1.445625,-4.56826585707e-05,17.6597662242
1.44575,-9.8831466885e-05,17.6572415747
1.445875,-8.12200004891e-05,17.6541274318
1.446,-7.71748503909e-05,17.6508947473
1.446125,-0.000100541248476,17.6484373881
1.44625,-9.15079074796e-05,17.6456573637
1.446375,-0.000108441270201,17.6435105341
1.4465,-0.00011898022785,17.6418124803
1.446625,-0.000107462054056,17.6396280878
1.44675,-0.000102674558923,17.6372566838
1.446875,-0.000109369910391,17.6351519427
1.447,-7.51629144613e-05,17.6318667421
1.447125,-6.09587321862e-05,17.6282200899
1.44725,-4.56275227063e-05,17.6242675846
1.447375,-4.78927038412e-05,17.620355198
1.4475,3.841613924e-06,17.6160150261
1.447625,-1.72519616689e-05,17.6117280589
1.44775,-1.65089931918e-05,17.6074364247
1.447875,4.87877511967e-05,17.6035420156
1.448,5.51823311303e-05,17.599773397
1.448125,8.51065919395e-05,17.5967976211
1.44825,0.000110188406049,17.5947477545
1.448375,0.000128153108597,17.5935077244
1.4485,0.000120754154695,17.5919206391
1.448625,0.000145048468891,17.591554889
1.44875,0.000154295788983,17.5917125304
1.448875,7.18534214685e-05,17.5883459599
1.449,0.000111929025551,17.5863736997
1.449125,9.71903529194e-05,17.5838191399
1.44925,0.000105164324654,17.581571232
1.449375,8.06399758943e-05,17.578460891
1.4495,6.95677327147e-05,17.5750359938
1.449625,9.17784324336e-05,17.5722920149
1.44975,3.29646348348e-06,17.5679511346
1.449875,6.2155353556e-06,17.5636155366
1.45,-1.2781826982e-05,17.5593036921
1.450125,-3.47769968905e-05,17.555191201
1.45025,-4.31520631411e-05,17.5512034028
1.450375,-4.63037042149e-05,17.547269749
1.4505,-2.61698014348e-05,17.5430576647
1.450625,-8.23070089036e-05,17.5400102413
1.45075,-8.91006737593e-05,17.5371865368
1.450875,-0.000109304758278,17.5351312261
1.451,-0.000103135776307,17.5328260044
1.451125,-0.000115111320128,17.531022675
1.45125,-0.000120883129009,17.5294814875
1.451375,-0.000150446185204,17.5294790316
1.4515,-0.000149994264882,17.5294505538
1.451625,-9.7500189941e-05,17.5269311526
1.45175,-8.48383281794e-05,17.5239697479
1.451875,-3.31814030366e-05,17.5198383095
1.452,-2.73717949018e-05,17.5156394291
1.452125,-2.16560028386e-05,17.5113867515
1.45225,-4.93719212332e-05,17.5075134189
1.452375,-1.5156371589e-05,17.5032147715
1.4525,-1.16086767891e-05,17.4988978393
1.452625,6.38765614156e-05,17.4953432014
1.45275,7.89560270671e-05,17.4922056185
1.452875,7.92972957898e-05,17.489079355
1.453,6.60001056893e-05,17.4855799015
1.453125,9.91777154857e-05,17.4831429282
1.45325,0.000173741937311,17.4846498233
1.453375,9.34066818275e-05,17.481997895
1.4535,6.22077514989e-05,17.4784055236
1.453625,0.00010656628357,17.476266674
1.45375,0.000116551048117,17.4745613679
1.453875,3.64677828548e-05,17.4704768222
1.454,0.000114704211806,17.4686920192
1.454125,6.40578419391e-05,17.4651473944
1.45425,9.30272287642e-05,17.4624893051
1.454375,9.9721918318e-05,17.4600835713
1.4545,3.73128988378e-05,17.4560120438
1.454625,-8.69950730461e-06,17.4516838672
1.45475,2.47750901008e-05,17.4474608164
1.454875,8.08957164174e-07,17.4431179996
1.455,-7.69879398136e-06,17.4387866552
1.455125,-6.73205634544e-05,17.4353315079
1.45525,-8.01146995907e-05,17.4322468214
1.455375,-5.37598525611e-05,17.4284709047
1.4555,-0.000154899797603,17.428837306
1.455625,-0.000125477835916,17.4275849217
1.45575,-9.93103511687e-05,17.4251787342
1.455875,-7.92370439716e-05,17.4220695146
1.456,-0.000106728534605,17.4199662377
1.456125,-0.000119533279699,17.4184337826
1.45625,-0.000123053312682,17.4170702854
1.456375,-0.000112600338946,17.4152230215
1.4565,-9.5910820868e-05,17.4126916829
1.456625,-4.71601721726e-05,17.4087870681
1.45675,-4.4116306532e-05,17.4048280443
1.456875,-2.70605829799e-05,17.4006296853
1.457,-1.7028797245e-05,17.3963440522
1.457125,-5.96013230444e-06,17.3920081352
1.45725,1.57921776215e-05,17.3877145785
1.457375,6.2512192991e-05,17.3841462038
1.4575,6.51770899297e-05,17.3806459622
1.457625,5.98572996425e-05,17.3770143547
1.45775,5.43088362394e-05,17.3732574829
1.457875,0.000142987077889,17.3729790283
1.458,9.13858946256e-05,17.3702968893
1.458125,0.000120845918536,17.3688595088
1.45825,9.70845938342e-05,17.3663926915
1.458375,0.00015365220797,17.3667502545
1.4585,0.000121128693217,17.3653288672
1.458625,0.00011013937298,17.3634023454
1.45875,0.000105398435866,17.3612733051
1.458875,0.000117907157096,17.359702122
1.459,3.84872627902e-05,17.3556546997
1.459125,7.37454842455e-05,17.3523976617
1.45925,3.44374238221e-05,17.3482917185
1.459375,-1.12529720045e-05,17.3439741043
1.4595,-5.12570051775e-06,17.3396364202
1.459625,-5.67605670809e-05,17.3359391876
1.45975,-5.52138486846e-05,17.3322077661
1.459875,-7.23525484368e-06,17.3278753319
1.46,-5.06586338423e-05,17.3240481322
1.460125,-9.57779108851e-05,17.3215500972
1.46025,-0.000112954648089,17.3197743915
1.460375,-0.000130713096347,17.3188704318
1.4605,-0.000122704188482,17.3175587362
1.460625,-0.000101856898398,17.3153053859
1.46075,-4.10950495373e-05,17.311302828
1.460875,-0.000126524113487,17.3101883504
1.461,-0.000105505182957,17.3080911377
1.461125,-0.000123037196161,17.3068034829
1.46125,-7.44059821556e-05,17.3035784844
1.461375,-5.64482167726e-05,17.2998794892
1.4615,-7.02002354475e-05,17.296533282
1.461625,-2.8347112359e-05,17.2923530035
1.46175,-1.62355904948e-05,17.2880634708
1.461875,1.27882137405e-05,17.2837536966
1.462,-2.21411223616e-05,17.2795102832
1.462125,3.73626399361e-05,17.2754510332
1.46225,4.67200839933e-05,17.2715520868
1.462375,9.47854761985e-05,17.2690379934
1.4625,0.000116322162372,17.2674507035
1.462625,0.000110677519885,17.2656034477
1.46275,9.34344411435e-05,17.2630400362
1.462875,0.000114770539934,17.2613834502
1.463,0.000137367284279,17.2608897657
1.463125,0.000122565543468,17.2596118601
1.46325,0.0001420939191,17.2593891813
1.463375,8.41012678166e-05,17.256490131
1.4635,8.8928071469e-05,17.253762621
1.463625,7.25537791104e-05,17.2504957238
1.46375,2.48781710017e-05,17.2462794049
1.463875,1.69278230546e-05,17.2419951431
1.464,5.55442504844e-05,17.2382845935
1.464125,5.16464388291e-05,17.2344888743
1.46425,4.52855858664e-06,17.2301501408
1.464375,-1.96388514424e-05,17.2258864743
1.4645,-6.93177067669e-05,17.2225320639
1.464625,-4.5824553559e-05,17.2186214966
1.46475,-4.3083854142e-05,17.2146611028
1.464875,-6.40560367279e-05,17.2111645142
1.465,-0.000104244184078,17.2090645036
1.465125,-7.60914578336e-05,17.2059173272
1.46525,-0.000116669494296,17.2043870845
1.465375,-0.000187103848201,17.2072769408
1.4655,-0.000121979630503,17.2060075067
1.465625,-0.000117964819871,17.2045399864
1.46575,-8.02829652885e-05,17.201529543
1.465875,-0.000145283278357,17.2015517717
1.466,-6.21221450623e-05,17.1980072614
1.466125,-0.000116710967199,17.1964841477
1.46625,-6.50123716314e-05,17.1930166729
1.466375,-3.56055211489e-05,17.1889365499
1.4665,-3.77777698581e-05,17.1848897509
1.466625,1.7281976399e-05,17.180608841
1.46675,2.68922719043e-05,17.1764162548
1.466875,5.55486624814e-05,17.1727154281
1.467,4.12199920412e-05,17.1687263731
1.467125,7.49011713355e-05,17.1655528943
1.46725,8.21420463742e-05,17.1626174444
1.467375,8.40406598802e-05,17.1597487964
1.4675,0.000102252357077,17.1575896074
1.467625,0.000107838074326,17.155676657
1.46775,5.03391580052e-05,17.1518635698
1.467875,9.29997200243e-05,17.1493304139
1.468,8.10047143857e-05,17.1463613856
1.468125,0.000142725507817,17.146285171
1.46825,0.000109652757032,17.1444612143
1.468375,0.000116599558984,17.1429676254
1.4685,8.50447562733e-05,17.1401412559
1.468625,4.81281465502e-05,17.1362843839
1.46875,-1.8398625051e-06,17.1319421501
1.468875,4.80125113228e-05,17.1280838594
1.469,-2.43343213501e-05,17.1238655281
1.469125,-1.68123617379e-05,17.1195821234
1.46925,-3.64515602692e-05,17.1155193356
1.469375,-7.42348271811e-05,17.1123393026
1.4695,-7.39711016183e-05,17.1091518685
1.469625,-8.58283311731e-05,17.1063656411
1.46975,-0.000124469297473,17.1052981059
1.469875,-0.000125559188702,17.1042889797
1.47,-0.000163411124283,17.1055927186
1.470125,-0.000170228256844,17.1073752408
1.47025,-0.000154004113486,17.1080443758
1.470375,-0.000114299098592,17.1064625466
1.4705,-6.66527586888e-05,17.1030590752
1.470625,-9.10856447771e-05,17.1004718197
1.47075,-3.34617556026e-05,17.0963660013
1.470875,-0.00010037065576,17.0941581242
1.471,-8.09646663792e-05,17.0912052831
1.471125,-8.09480360757e-06,17.0868762453
1.47125,-5.65763908309e-05,17.0832132714
1.471375,4.00971414092e-05,17.0792121721
1.4715,2.96843614087e-05,17.0750567554
1.471625,2.62711240197e-05,17.0708608337
1.47175,1.24186661025e-05,17.0665507743
1.471875,5.7265141464e-05,17.0629077232
1.472,9.73820287456e-05,17.060590161
1.472125,8.193115053e-05,17.0576817436
1.47225,0.000106633548233,17.0557701039
1.472375,0.000108364082587,17.0539391009
1.4725,0.000151706013708,17.0545200304
1.472625,0.000145148709221,17.0546841157
1.47275,0.000147004327531,17.0549639395
1.472875,0.000126289130002,17.0540329743
1.473,0.000104206602133,17.0520139028
1.473125,9.24329364242e-05,17.0495003304
1.47325,7.51764156011e-05,17.0463682462
1.473375,6.43649330658e-05,17.0429135998
1.4735,2.54051244531e-05,17.0387091665
1.473625,9.9799650243e-06,17.0343876174
1.47375,1.5145005153e-05,17.0300939944
1.473875,5.61340637879e-06,17.025757832
1.474,-8.21427108539e-06,17.0214294251
1.474125,-6.45227020887e-05,17.0179842785
1.47425,-8.34058960596e-05,17.015142613
1.474375,-6.72795297377e-05,17.01177723
1.4745,-5.02929011438e-05,17.0079809861
1.474625,-0.000123850063974,17.0069552286
1.47475,-8.22440337175e-05,17.0040757462
1.474875,-5.54460832642e-05,17.0003984459
1.475,-0.000110797070505,16.9987151555
1.475125,-0.000119334407678,16.9974585737
1.47525,-0.000117702734938,16.9961190661
1.475375,-0.00011495774578,16.9946420326
1.4755,-9.51707511248e-05,16.992264194
1.475625,-5.99902941337e-05,16.9887025854
1.47575,-5.48169458544e-05,16.985012573
1.475875,-4.93928491945e-05,16.9812001972
1.476,-3.10275550747e-06,16.976859348
1.476125,-1.96887920365e-05,16.9726008707
1.47625,4.1735645896e-05,16.9686378323
1.476375,1.22787633638e-05,16.9643278019
1.4765,3.08917958741e-05,16.9601933947
1.476625,8.28887497344e-05,16.957353032
1.47675,6.97425249098e-05,16.9540745936
1.476875,0.000121979904516,16.9529896234
1.477,0.000125169734346,16.9520780648
1.477125,0.000105270335021,16.9501629836
1.47725,9.86342966374e-05,16.9479524672
1.477375,0.000131724314109,16.9474139375
1.4775,0.000116500466202,16.9460474974
1.477625,8.1760359451e-05,16.9431712786
1.47775,8.06986444903e-05,16.9402581668
1.477875,0.000103130846055,16.938251777
1.478,0.000129739447585,16.9376077564
1.478125,5.18851823419e-05,16.9338566972
1.47825,4.33969161747e-05,16.929928184
1.478375,3.7031675017e-05,16.9258872902
1.4785,1.97475686548e-05,16.921630321
1.478625,-1.67386711182e-05,16.9173492088
1.47875,-2.81110257126e-05,16.9131808266
1.478875,-6.75500749913e-05,16.9098467272
1.479,-0.000112951308116,16.9083260502
1.479125,-9.04689390726e-05,16.9057945176
1.47925,-0.000122476523172,16.9047728235
1.479375,-0.000109668012488,16.9030936133
1.4795,-8.46553692195e-05,16.9003387096
1.479625,-0.000165321554029,16.9020528499
1.47975,-0.00011016427702,16.9003994779
1.479875,-9.53138696879e-05,16.8980707814
1.48,-9.78242424806e-05,16.8958506961
1.480125,-8.5090389586e-05,16.8931148297
1.48025,-8.61353543238e-05,16.8904197077
1.480375,-7.58201894687e-05,16.8873543936
1.4805,-0.000106046794317,16.8855122323
1.480625,-1.47647209063e-05,16.8812177982
1.48075,-3.72543307606e-05,16.8771839953
1.480875,-6.62016185059e-05,16.8738180884
1.481,1.57840543107e-06,16.8694756995
1.481125,5.70496705621e-05,16.8658596366
1.48125,8.25832640683e-05,16.863040967
1.481375,9.883533649e-05,16.8608825252
1.4815,9.71247099664e-05,16.8586501864
1.481625,4.10255423354e-05,16.8546840896
1.48175,2.85392331797e-05,16.8505236808
1.481875,0.000133451247342,16.8501740615
1.482,0.000129668701781,16.8496016767
1.482125,0.000130190803721,16.8490602044
1.48225,0.000138049354858,16.8489918103
1.482375,0.000121996877611,16.8479875301
1.4825,0.000103122496448,16.8460309139
1.482625,0.000136437016926,16.845866214
1.48275,9.25246566831e-05,16.8434453592
1.482875,6.18904678071e-05,16.8399630146
1.483,5.00554668745e-05,16.8361834739
1.483125,9.25431460934e-06,16.8318598048
1.48325,6.3567320332e-05,16.8284271459
1.483375,2.51301480555e-06,16.824085625
1.4835,-1.22902898096e-05,16.8197767724
1.483625,-3.57163741043e-05,16.815722021
1.48375,-7.13854971065e-05,16.8125312862
1.483875,-6.89666042945e-05,16.8092645891
1.484,-5.33881398581e-05,16.8055671087
1.484125,-0.000107309623384,16.8038335098
1.48425,-0.000142198589421,16.8040732452
1.484375,-0.000119119489394,16.8029464703
1.4845,-0.000105882554767,16.8011454846
1.484625,-0.000104836221023,16.7992955554
1.48475,-6.32757185641e-05,16.7958613527
1.484875,-0.000139357918986,16.7959279973
1.485,-0.000110511844426,16.7943585492
1.485125,-8.8007338438e-05,16.7917753724
1.48525,-6.7797435384e-05,16.7884774804
1.485375,-3.48539194106e-05,16.7844109643
1.4855,-3.07390866845e-05,16.7802832339
1.485625,-2.44448810508e-05,16.7760765221
1.48575,-1.55500132084e-06,16.7717341291
1.485875,5.393397522e-05,16.7680556303
1.486,4.58192637505e-05,16.7641926489
1.486125,8.6379959152e-05,16.7615568194
1.48625,5.73125653141e-05,16.7579659266
1.486375,8.23796075058e-05,16.7551778965
1.4865,0.000106477252685,16.7534339585
1.486625,0.000120979356742,16.7524472521
1.48675,0.000156356524406,16.7537102473
1.486875,0.000135712842904,16.7535901092
1.487,9.55372731757e-05,16.7513404259
1.487125,0.000139784643114,16.7514797946
1.48725,0.000121541633847,16.7505258702
1.487375,9.81840583631e-05,16.748395308
1.4875,6.46879060424e-05,16.7450133116
1.487625,0.000102004745024,16.7430612665
1.48775,4.74363244004e-05,16.7392357278
1.487875,1.40967899e-05,16.7349385187
1.488,1.01194673414e-05,16.7306191657
1.488125,1.09493277805e-05,16.7263038682
1.48825,1.15065837178e-05,16.7219914869
1.488375,-1.92438211234e-05,16.7177341119
1.4885,-4.59275289086e-05,16.713879021
1.488625,-5.86761704785e-05,16.7103330376
1.48875,-6.56150475358e-05,16.7069874832
1.488875,-0.000109859797728,16.705442105
1.489,-0.000111171085112,16.703964906
1.489125,-0.000125023702168,16.7032472986
1.48925,-9.91279289989e-05,16.7011841436
1.489375,-9.50254155728e-05,16.6989372304
1.4895,-0.000102887286858,16.6970526614
1.489625,-0.000101651380462,16.6951104433
1.48975,-0.000115403798815,16.693862892
1.489875,-5.74229746321e-05,16.690286758
1.49,-8.59507895013e-05,16.687663014
1.490125,-9.28810921041e-05,16.6853288352
1.49025,-1.68587528914e-05,16.6810521206
1.490375,-1.13221472423e-05,16.6767390773
1.4905,2.06300185572e-05,16.6724955039
1.490625,-5.31511220371e-06,16.6681591617
1.49075,1.98269732918e-05,16.6639081843
1.490875,9.99106844975e-05,16.6619022339
1.491,5.23704923469e-05,16.6582018177
1.491125,9.30228392217e-05,16.6558874852
1.49125,7.17702477923e-05,16.6527528582
1.491375,9.27185786309e-05,16.6504278097
1.4915,7.51948058337e-05,16.6474128952
1.491625,7.74533794218e-05,16.6444799222
1.49175,0.000116465408028,16.6433265163
1.491875,0.000103198704479,16.6414887118
1.492,0.000108437889392,16.6399128129
1.492125,5.6728532364e-05,16.6363275997
1.49225,7.77201556655e-05,16.6334079826
1.492375,8.62468761013e-05,16.6308189172
1.4925,7.22723724221e-05,16.6277083466
1.492625,3.90351059167e-05,16.6237252036
1.49275,5.67200123884e-06,16.6193898627
1.492875,-1.7474041881e-05,16.6151191592
1.493,1.21689384434e-05,16.6108112842
1.493125,-3.9403624623e-05,16.6068363957
1.49325,-6.0976038908e-05,16.60337558
1.493375,-5.47782279059e-05,16.5997451342
1.4935,-0.000133797501259,16.5996547482
1.493625,-0.000157551902237,16.6012074101
1.49375,-0.000105276030668,16.5994968424
1.493875,-0.000119212692406,16.598530407
1.494,-0.000124486072395,16.5978699883
1.494125,-0.000137266685364,16.5980048041
1.49425,-0.000103438918052,16.5962050667
1.494375,-0.000136906103591,16.5963181075
1.4945,-0.000112807790414,16.5950009372
1.494625,-9.8610190871e-05,16.5929709588
1.49475,-7.518077563e-05,16.589973226
1.494875,-7.25061519671e-05,16.5868823588
1.495,-5.08124514141e-05,16.5831548215
1.495125,-5.05717543366e-05,16.5794219915
1.49525,-1.16977343073e-06,16.5750793734
1.495375,2.45906415811e-05,16.5708809612
1.4955,5.96651330575e-05,16.5673896485
1.495625,5.47682695255e-05,16.5637648694
1.49575,8.36000609851e-05,16.5610964605
1.495875,0.000103718956677,16.5593323246
1.496,0.000107742269326,16.5577732007
1.496125,0.000134423528641,16.5577643469
1.49625,0.000143819072414,16.5583821819
1.496375,0.00012608943114,16.5578522649
1.4965,0.000112273539382,16.5565331676
1.496625,0.000162912071565,16.5585563653
1.49675,7.30007178126e-05,16.5554918482
1.496875,0.000112032221428,16.5541614069
1.497,7.89911752633e-05,16.5513167924
1.497125,1.92758625662e-05,16.5470631438
1.49725,7.40251400403e-05,16.5440382364
1.497375,5.35219267331e-05,16.540384843
1.4975,2.90753265914e-05,16.5362455752
1.497625,-1.58951489052e-05,16.531963562
1.49775,-2.17034174403e-05,16.5277343265
1.497875,-9.07919626316e-05,16.5253828036
1.498,-3.73663220508e-05,16.5213774157
1.498125,-8.4870576078e-05,16.5187772041
1.49825,-6.02828482473e-05,16.5153141065
1.498375,-6.93519725549e-05,16.5121365468
1.4985,-9.38160906544e-05,16.5099275104
1.498625,-4.87240725549e-05,16.5061605452
1.49875,-9.34981567594e-05,16.5039399914
1.498875,-0.000176629812031,16.5071705491
1.499,-0.000120902582401,16.5063750699
1.499125,-0.000170055029212,16.5090488113
1.49925,-8.72931432027e-05,16.5065547282
1.499375,-5.41816805597e-05,16.5029245631
1.4995,-6.57245966997e-05,16.4996312873
1.499625,-9.64421428744e-05,16.4975498549
1.49975,-2.45578392564e-05,16.4933536538
1.499875,5.55458836477e-06,16.4890182237
1.5,2.77223514467e-05,16.4848626447
1.500125,3.8526450164e-05,16.4808819054
1.50025,1.8956186985e-05,16.4766267316
1.500375,3.70856888944e-05,16.4726200463
1.5005,4.4866608925e-05,16.4687697094
1.500625,6.17630147565e-05,16.4653610397
1.50075,7.17847563809e-05,16.4622811046
1.500875,8.3895902933e-05,16.4596644291
1.501,0.000102738182893,16.4579115411
1.501125,0.000122688559159,16.4572632498
1.50125,0.000108264854456,16.4557980099
1.501375,0.000109675546733,16.4544092222
1.5015,6.14409635491e-05,16.4509938976
1.501625,9.7434992349e-05,16.4489852454
1.50175,6.231974121e-05,16.4455978353
1.501875,6.65412205321e-05,16.4423450968
1.502,6.70334662355e-05,16.4391093746
1.502125,7.88395712499e-05,16.4362990778
1.50225,-1.6358823584e-06,16.4319567934
1.502375,-2.14664040203e-07,16.42761386
1.5025,-2.51781162131e-07,16.4232709308
1.502625,6.70666185759e-07,16.4189280974
1.50275,-3.1215461267e-05,16.4148265741
1.502875,-5.4710769336e-05,16.4112259086
1.503,-6.98218612982e-05,16.4080928409
1.503125,-7.94777243397e-05,16.4053186131
1.50325,-7.65153360177e-05,16.4024305706
1.503375,-9.99614369242e-05,16.4005721268
1.5035,-0.000132691035978,16.4006079152
1.503625,-0.000141756342321,16.4012620448
1.50375,-9.32521921252e-05,16.3990819442
1.503875,-8.15360341006e-05,16.3963934344
1.504,-5.79119268791e-05,16.392885701
1.504125,-0.000135159266916,16.3930938627
1.50425,-9.07946953103e-05,16.3908051538
1.504375,-0.000111132988465,16.3895410907
1.5045,2.79112971757e-06,16.3852000892
1.504625,-5.33645075251e-06,16.3808642554
1.50475,3.27008986269e-05,16.3767885872
1.504875,2.62541496362e-05,16.3726180871
1.505,4.15383372325e-05,16.3687072145
1.505125,3.60627001934e-05,16.3646902346
1.50525,7.36312219153e-05,16.3617072571
1.505375,5.99974463113e-05,16.3582679433
1.5055,0.000101661301703,16.3565209479
1.505625,0.00010020824971,16.3547013105
1.50575,0.000126629825219,16.3543887071
1.505875,0.000126414593377,16.35406271
1.506,0.000121789986904,16.3534485895
1.506125,0.000174031632197,16.356717182
1.50625,9.27270495457e-05,16.3545348384
1.506375,0.000106317966426,16.3530334693
1.5065,6.68151185749e-05,16.3498133997
1.506625,9.97339836381e-05,16.3479738033
1.50675,1.11966319379e-05,16.3436624316
1.506875,8.1627058893e-06,16.3393362842
1.507,1.08346990891e-05,16.3350229631
1.507125,-2.57631200944e-05,16.3308476776
1.50725,1.13297880645e-05,16.3265371891
1.507375,-7.88663247523e-06,16.3222099866
1.5075,-9.73543270425e-05,16.320267593
1.507625,-9.51436849132e-05,16.3182184715
1.50775,-7.88761161943e-05,16.3154528903
1.507875,-0.000113772250236,16.3143932012
1.508,-9.14395840604e-05,16.3121718616
1.508125,-0.000116287723217,16.3112614946
1.50825,-9.71076829262e-05,16.3093129834
1.508375,-0.000122024264445,16.3087519684
1.5085,-0.000142583594318,16.3095725595
1.508625,-0.000141157714804,16.3102894974
1.50875,-0.000108663119923,16.3089452106
1.508875,-0.00012584729476,16.3086251133
1.509,-9.0414277729e-05,16.306359229
1.509125,-9.36028702239e-05,16.3042435524
1.50925,-2.13292333502e-05,16.3000163419
1.509375,-3.05494007029e-05,16.2959110446
1.5095,-4.09240146204e-05,16.2919949598
1.509625,4.0722832737e-05,16.28807507
1.50975,2.0312524379e-05,16.2838374805
1.509875,4.28946029464e-05,16.2799647973
1.51,8.69316029052e-05,16.2775547273
1.510125,8.67678181752e-05,16.2751384511
1.51025,0.000137935746884,16.2756656051
1.510375,7.881236933e-05,16.272912979
1.5105,0.000149591481398,16.2743003343
1.510625,8.48745240781e-05,16.2718022941
1.51075,0.000129780292521,16.2717741723
1.510875,0.000100496360801,16.2700190551
1.511,0.000125023499242,16.2696822174
1.511125,0.000108296389633,16.2683457012
1.51125,0.000110124419227,16.2671124577
1.511375,4.13262364341e-05,16.2632077005
1.5115,4.73439876198e-05,16.2594403567
1.511625,3.36662187243e-05,16.2553887328
1.51175,6.64478270358e-05,16.2521816024
1.511875,-4.87328711738e-05,16.2484500735
1.512,2.78663703782e-05,16.2443072288
1.512125,-3.94477361474e-05,16.2403656447
1.51225,-3.93406133595e-05,16.2364222462
1.512375,-3.76400334875e-05,16.2324453856
1.5125,-7.63629599006e-05,16.2296103912
1.512625,-6.82546680842e-05,16.2264729954
1.51275,-0.000168527198953,16.2294797005
1.512875,-6.96605980744e-05,16.2263925113
1.513,-0.00013018743126,16.2264371052
1.513125,-0.00012721537387,16.2262837113
1.51325,-0.000128071239169,16.2261870013
1.513375,-0.000125554075648,16.2259251857
1.5135,-0.000115424646113,16.2250318793
1.513625,-6.60956079445e-05,16.221820623
1.51375,-6.33623026589e-05,16.218518483
1.513875,-2.81950554049e-05,16.214381803
1.514,-7.47249442206e-05,16.2114888382
1.514125,-5.2394860692e-05,16.2078592953
1.51425,-3.48658406583e-06,16.2035195125
1.514375,2.5209714746e-05,16.1993420368
1.5145,5.51160469746e-05,16.1957907249
1.514625,3.97329545643e-05,16.1918595395
1.51475,4.43969799428e-05,16.1880311554
1.514875,7.59219465095e-05,16.1851941162
1.515,0.000107016564671,16.1838446379
1.515125,0.00010290440572,16.1822704607
1.51525,0.000134359414826,16.1826483048
1.515375,0.0001259451368,16.182453296
1.5155,9.73279134288e-05,16.1805880419
1.515625,9.25959869034e-05,16.1784887456
1.51575,0.000158677231912,16.1807343891
1.515875,9.83227599509e-05,16.1789210316
1.516,0.00012950185802,16.1789672518
1.516125,8.50267068363e-05,16.1765169157
1.51625,7.77852203311e-05,16.1737588813
1.516375,1.11819403769e-05,16.1694487157
1.5165,7.25127539034e-05,16.1664853812
1.516625,-9.8328869386e-06,16.1621678258
1.51675,-1.63964809589e-05,16.157895549
1.516875,2.3277538979e-05,16.1536951711
1.517,-4.32567147493e-05,16.1498450078
1.517125,-7.16463517176e-05,16.1468549997
1.51725,-9.93485434775e-05,16.1451149031
1.517375,-7.36476988128e-05,16.1422030808
1.5175,-8.94273114783e-05,16.1399714652
1.517625,-0.000105531393309,16.1385699645
1.51775,-9.25531235377e-05,16.1364903788
1.517875,-0.000131784521442,16.1367372127
1.518,-5.70162650815e-05,16.1332537213
1.518125,-0.000131895533613,16.1335117128
1.51825,-5.18618869174e-05,16.1298803932
1.518375,-0.000103833131077,16.1283916368
1.5185,-4.38239775426e-05,16.1245574373
1.518625,-0.000104169638511,16.1230907266
1.51875,-8.16707690946e-05,16.1205165758
1.518875,-3.91847788215e-05,16.1165811091
1.519,-2.89746143688e-05,16.1124611656
1.519125,-2.55194437416e-05,16.1082913735
1.51925,4.00143159909e-05,16.1043745388
1.519375,8.35860411309e-05,16.1018923031
1.5195,6.70007437643e-05,16.0987456902
1.519625,0.000114446486176,16.0978949302
1.51975,6.92330418774e-05,16.0948305271
1.519875,8.71444483129e-05,16.0925145019
1.52,0.000142933923341,16.0936252158
1.520125,0.000114615605104,16.0927889105
1.52025,9.8662005293e-05,16.0910451226
1.520375,0.000108094577167,16.0898231416
1.5205,0.000127218177176,16.089803755
1.520625,0.000133061273406,16.0901904488
1.52075,9.58802283804e-05,16.0883036701
1.520875,0.000123230025301,16.0880189984
1.521,7.28363045606e-05,16.0850943417
1.521125,3.90977445901e-05,16.0811603891
1.52125,7.22448623518e-05,16.0782150012
1.521375,5.04158989653e-06,16.073878868
1.5215,2.58184557461e-05,16.0697147387
1.521625,-3.10074944145e-05,16.0656299548
1.52175,-3.18090251371e-05,16.0615589453
1.521875,-3.19750446306e-05,16.0574910394
1.522,-8.21553472661e-05,16.054965171
1.522125,-0.0001396871216,16.0558762856
1.52225,-0.000133987329185,16.0563665949
1.522375,-9.94017007327e-05,16.0546841265
1.5225,-0.000157998011486,16.0570622796
1.522625,-0.000142085339883,16.058152615
1.52275,-0.000190670206717,16.0635866104
1.522875,-0.000130470490599,16.0638185344
1.523,-0.000101983082981,16.0622711966
1.523125,-4.38221119385e-05,16.0584447575
1.52325,-6.6021526372e-05,16.0552751138
1.523375,-6.94406017717e-05,16.0522310697
1.5235,-6.47272282625e-05,16.0490174941
1.523625,-3.74001637473e-05,16.0450519197
1.52375,4.76212161903e-06,16.0407150989
1.523875,-3.79397495651e-05,16.0367612346
1.524,6.64079443552e-05,16.0336113044
1.524125,6.57543283753e-05,16.0304388572
1.52425,-2.14553708873e-07,16.0260959248
1.524375,0.00011202275934,16.0251552933
1.5245,0.000118368630511,16.0246116977
1.524625,0.000100680416023,16.0230181207
1.52475,7.30492803477e-05,16.0201232779
1.524875,0.000114437638182,16.0193357386
1.525,0.00013044579226,16.0196127414
1.525125,0.000125945722593,16.0195763685
1.52525,7.63695856098e-05,16.0168173885
1.525375,0.000150563079032,16.0186317225
1.5255,8.15424346816e-05,16.016094934
1.525625,8.46982870971e-05,16.0137017609
1.52575,6.17068924325e-05,16.0103944038
1.525875,-6.40238238561e-06,16.0060626169
1.526,1.88093512119e-05,16.0018160723
1.526125,2.29507585383e-05,15.9976167911
1.52625,-1.25524415263e-05,15.9933168627
1.526375,-1.38426549124e-05,15.9890262834
1.5265,-3.3346524431e-05,15.9849875145
1.526625,-0.000117712697303,15.9844368439
1.52675,-7.18155171814e-05,15.9815059936
1.526875,-8.9082192727e-05,15.979337071
1.527,-0.00011087921223,15.9783634253
1.527125,-0.000142649806143,15.9795970697
1.52725,-0.000135079670447,15.9802534545
1.527375,-0.000141572987652,15.9814008895
1.5275,-7.0792164313e-05,15.9784310477
1.527625,-0.000108958845113,15.9773424257
1.52775,-9.72537270905e-05,15.9755930037
1.527875,-0.000106956868378,15.9743879844
1.528,-9.96127332393e-05,15.9727677174
1.528125,-4.03948143397e-05,15.9688727886
1.52825,-5.87273147411e-05,15.9654775792
1.528375,-6.92237486371e-05,15.9624523997
1.5285,-5.44161069342e-05,15.9589243664
1.528625,3.25559650811e-06,15.9545843411
1.52875,9.18828194959e-05,15.9525686048
1.528875,5.218335776e-05,15.9489767831
1.529,4.82143349423e-05,15.9452755856
1.529125,8.74050900871e-05,15.9430431238
1.52925,0.000130751742262,15.9434240271
1.529375,8.89074342629e-05,15.9412656525
1.5295,7.49788039023e-05,15.9384772917
1.529625,9.72124407955e-05,15.9367489556
1.52975,0.000121069491081,15.93646234
1.529875,0.000105170361499,15.9351808574
1.53,0.000112715834606,15.9343552771
1.530125,0.000136833223374,15.935195913
1.53025,0.000119522208578,15.9348077394
1.530375,5.46001154328e-05,15.9312904646
1.5305,7.54791031825e-05,15.9285265373
1.530625,5.96233052084e-05,15.9251695805
1.53075,4.67200105242e-05,15.9214325345
1.530875,-1.23810825512e-05,15.9171321802
1.531,-4.29374480318e-05,15.9133019493
1.531125,-3.679877269e-05,15.9093359331
1.53125,-7.94678676104e-05,15.906752139
1.531375,-6.43055799825e-05,15.9035618668
1.5315,-0.000134600944036,15.9042705214
1.531625,-8.74851467903e-05,15.9020619793
1.53175,-9.21599610386e-05,15.900088778
1.531875,-6.15676312888e-05,15.8968040742
1.532,-9.1628867309e-05,15.8948064836
1.532125,-0.000119648133243,15.8944636556
1.53225,-0.000121862264618,15.8942705006
1.532375,-0.000111892199655,15.8934265167
1.5325,-6.51111820833e-05,15.8902689332
1.532625,-9.6907366928e-05,15.8885532106
1.53275,-0.000101883319828,15.8871152721
1.532875,-8.88816597009e-05,15.8849841162
1.533,-2.82716791672e-05,15.8808651131
1.533125,-5.38093667453e-05,15.8773341199
1.53325,3.24416527849e-05,15.8732865674
1.533375,2.53163411337e-05,15.8691236778
1.5335,4.61505745013e-05,15.8653796317
1.533625,9.71569125861e-05,15.8636926261
1.53375,6.75925323688e-05,15.8606358719
1.533875,9.12063757082e-05,15.8586361367
1.534,0.000120186354534,15.8583631007
1.534125,0.000104501633722,15.8570976516
1.53425,0.000119596897895,15.8567862373
1.534375,0.000145745791289,15.8584295523
1.5345,0.000120030820033,15.8581461873
1.534625,0.000145709043287,15.8597846139
1.53475,8.79892176206e-05,15.8576229564
1.534875,0.00013496363168,15.8584128316
1.535,3.64749295252e-05,15.8544449205
1.535125,6.15869775969e-05,15.8511720681
1.53525,9.48670415839e-05,15.8493696745
1.535375,3.54096913744e-05,15.8453809155
1.5355,3.70687024044e-05,15.8414264775
1.535625,-3.53558352233e-06,15.8370870704
1.53575,4.8415544759e-05,15.8334081274
1.535875,-4.07624103133e-05,15.8295362649
1.536,-7.0736111661e-05,15.8266130287
1.536125,-3.58431403348e-05,15.8226349001
1.53625,-7.75805168123e-05,15.8200023557
1.536375,-3.7156650392e-05,15.8160520511
1.5365,-0.000100316584339,15.814572879
1.536625,-0.000115408437251,15.8140210736
1.53675,-0.000103717474751,15.8127407275
1.536875,-0.000107379259042,15.8116813357
1.537,-0.000101816863088,15.8102914023
1.537125,-6.85842011484e-05,15.8072890398
1.53725,-8.94039274747e-05,15.8052254491
1.537375,-0.000120304198834,15.8050108311
1.5375,-0.000118306502936,15.8046605064
1.537625,-0.000101546881874,15.8032596892
1.53775,-4.37813817817e-05,15.7994639708
1.537875,-5.55651677931e-05,15.7960032041
1.538,1.46163186912e-05,15.7917213554
1.538125,3.53253360488e-05,15.787735621
1.53825,2.08706771006e-05,15.783517482
1.538375,4.12458475399e-05,15.7796624315
1.5385,7.14683835581e-05,15.7767854728
1.538625,0.000104429770781,15.7755740467
1.53875,0.000109805664313,15.7746941649
1.538875,6.11537929129e-05,15.7714258654
1.539,0.00014270617307,15.7729360985
1.539125,9.7015256393e-05,15.771298312
1.53925,0.000133016268985,15.7720412559
1.539375,0.000100090008895,15.7705781939
1.5395,0.000119144434829,15.7703168176
1.539625,0.000132182690393,15.7709973887
1.53975,9.37003518694e-05,15.7691790751
1.539875,0.000111333698856,15.7684014508
1.54,5.48651638065e-05,15.7649247722
1.540125,1.14776033725e-05,15.7606197719
1.54025,4.1565593258e-05,15.756774934
1.540375,-2.43753388647e-05,15.7526034468
1.5405,-1.15654858435e-05,15.7482991393
1.540625,-6.6602648085e-05,15.745238615
1.54075,-4.52053335613e-05,15.7414869151
1.540875,-5.50096593915e-05,15.7380202179
1.541,-0.000106890164808,15.7369874366
1.541125,-7.55787465279e-05,15.7343001067
1.54125,-9.42729363331e-05,15.7325344126
1.541375,-7.00821312814e-05,15.729616522
1.5415,-0.000134107998583,15.7304930687
1.541625,-0.000127815981563,15.730890638
1.54175,-9.78955503412e-05,15.7293289383
1.541875,-0.000127022228369,15.7296690982
1.542,-0.000128344086699,15.7301068067
1.542125,-0.00012185816155,15.7300733387
1.54225,-5.65250406835e-05,15.7266580127
1.542375,-9.83066830582e-05,15.7251224491
1.5425,-5.79760896703e-05,15.7217564676
1.542625,4.51924325508e-06,15.7174194643
1.54275,-2.31286672856e-05,15.7132322927
1.542875,-1.91106066578e-05,15.7089958019
1.543,-6.32454348755e-07,15.7046529738
1.543125,7.33294256321e-05,15.7018802263
1.54325,6.20670410602e-05,15.6986629727
1.543375,0.000108191697941,15.6977421219
1.5435,0.000104690457942,15.6966041268
1.543625,0.000110538917339,15.6958350028
1.54375,0.00010146139802,15.6945037398
1.543875,0.000171036266909,15.6987161825
1.544,0.000160167172222,15.7018694525
1.544125,0.000116964852416,15.7015228755
1.54425,0.000145340702681,15.7033495049
1.544375,5.04322575883e-05,15.6997495557
1.5445,7.16404877141e-05,15.6969070161
1.544625,9.18356113738e-05,15.6950309606
1.54475,5.54216484104e-05,15.6915870006
1.544875,4.21954198292e-05,15.6877655954
1.545,-2.69475549423e-05,15.6836355591
1.545125,1.05583499228e-05,15.6793253309
1.54525,-3.54698538844e-05,15.6753519668
1.545375,-1.02880828956e-05,15.6710401444
1.5455,-1.38959933026e-05,15.6667540343
1.545625,-3.94750908882e-05,15.6628701706
1.54575,-6.54573696775e-05,15.6597905313
1.545875,-8.01285587959e-05,15.6573418586
1.546,-7.48317494532e-05,15.6546520036
1.546125,-6.71900877391e-05,15.6516426417
1.54625,-0.000113663849554,15.6511176538
1.546375,-9.28317602912e-05,15.6493220995
1.5465,-0.000108647526249,15.6484695484
1.546625,-0.000132173850613,15.6492922813
1.54675,-0.000102242012718,15.6480404608
1.546875,-9.40577717706e-05,15.6463144692
1.547,-7.82638960332e-05,15.6437842928
1.547125,-8.82311074677e-05,15.6417464559
1.54725,-9.23541222607e-05,15.6399302075
1.547375,-2.13302917981e-05,15.6357221389
1.5475,-1.58638802385e-05,15.6314538706
1.547625,3.33030877206e-05,15.6274403448
1.54775,4.91835603515e-05,15.6238165201
1.547875,9.51107017656e-06,15.6195004917
1.548,3.04071779449e-05,15.6154329253
1.548125,5.7248711435e-05,15.6120669494
1.54825,3.42134296938e-05,15.6080732338
1.548375,8.95694489096e-05,15.6061254472
1.5485,8.93249442375e-05,15.6041656738
1.548625,9.18039303428e-05,15.6023411106
1.54875,0.000134890606216,15.603435661
1.548875,0.000124947384305,15.6037573655
1.549,6.029700937e-05,15.6005011039
1.549125,0.00011126844932,15.5998602777
1.54925,0.000139904852741,15.6013696569
1.549375,0.000101328989635,15.6000965712
1.5495,4.8771449313e-05,15.5964652127
1.549625,2.87380506871e-05,15.5923695525
1.54975,8.78621573476e-05,15.590339698
1.549875,3.77941786109e-05,15.5864250412
1.55,6.72063184136e-06,15.582095652
1.550125,1.66870077646e-06,15.5777535437
1.55025,-2.59613127893e-05,15.5736132782
1.550375,-4.23374201416e-05,15.5698098464
1.5505,-8.24505824607e-05,15.5675145037
1.550625,-8.61435672029e-05,15.5654078273
1.55075,-0.000102778229193,15.5642494006
1.550875,-0.000131903431393,15.5651517088
1.551,-0.00010141959473,15.5639098584
1.551125,-9.43221757477e-05,15.5622500575
1.55125,-0.000111992063173,15.5616906827
1.551375,-8.03399057403e-05,15.5592955078
1.5515,-0.000118470498651,15.5591891928
1.551625,-8.82429585902e-05,15.5571973157
1.55175,-7.63473935956e-05,15.5546152199
1.551875,-7.12107709652e-05,15.5518051076
1.552,-7.85975994159e-05,15.5493306327
1.552125,-6.56013034712e-05,15.5462901594
1.55225,9.52169534508e-06,15.5419746771
1.552375,4.40105928371e-05,15.5382189904
1.5525,2.06503575925e-05,15.5340054557
1.552625,3.30862092792e-05,15.5299950314
1.55275,2.56549367596e-05,15.5258521989
1.552875,6.35732518763e-05,15.5227390799
1.553,5.84241089075e-05,15.519435576
1.553125,9.95209722319e-05,15.5181103325
1.55325,4.55955785054e-05,15.514401176
1.553375,0.000140196660144,15.5160516827
1.5535,0.000136181272647,15.5173618605
1.553625,6.67061212799e-05,15.5143755689
1.55375,0.000124019716621,15.5147234664
1.553875,0.000112329759607,15.514228799
1.554,8.05860938163e-05,15.5118671063
1.554125,8.51057556356e-05,15.5097350258
1.55425,4.98437262752e-05,15.5061509224
1.554375,3.2193036837e-05,15.5021248136
1.5545,4.28956176632e-05,15.4983448925
1.554625,2.3977789689e-05,15.4941780303
1.55475,-3.5864768819e-05,15.4902293975
1.554875,-2.16972711777e-05,15.486030904
1.555,-3.54864044464e-05,15.4820747205
1.555125,-5.74876536224e-05,15.4787476323
1.55525,-4.75149248405e-05,15.4750992192
1.555375,-5.39297670316e-05,15.4716517296
1.5555,-0.00010590612396,15.470763766
1.555625,-0.000142868198065,15.4727075087
1.55575,-0.000120513911378,15.4728367665
1.555875,-0.00013007764751,15.4737034009
1.556,-0.000127186198045,15.4743401438
1.556125,-0.000117593898837,15.4742538123
1.55625,-0.000115520926086,15.4740188824
1.556375,-7.46182045176e-05,15.4713904612
1.5565,-9.29704601999e-05,15.4697104433
1.556625,-5.27490893032e-05,15.466225242
1.55675,-8.43015800923e-05,15.4640745003
1.556875,-7.0590991733e-05,15.4612695532
1.557,-4.78931998097e-05,15.4576350871
1.557125,1.240263142e-05,15.4533396981
1.55725,2.87558987429e-05,15.4492526405
1.557375,-1.7410302618e-06,15.4449106346
1.5575,1.48829167408e-05,15.4406363686
1.557625,5.06680019939e-05,15.4370901435
1.55775,0.000104947575216,15.4361670426
1.557875,0.000117420730174,15.4361056401
1.558,0.000117136741268,15.4360236227
1.558125,0.000141983205277,15.4379396078
1.55825,0.000110063731063,15.4373571834
1.558375,4.97095701728e-05,15.4337816838
1.5585,0.000128110194005,15.43453763
1.558625,8.13685300639e-05,15.4322519859
1.55875,0.000148921176385,15.4348000785
1.558875,5.9893859375e-05,15.4315718653
1.559,9.96123505729e-05,15.4303139294
1.559125,7.07054071303e-05,15.4275260104
1.55925,8.01326967004e-05,15.4251815854
1.559375,5.16100703956e-05,15.4216682062
1.5595,2.41042060087e-05,15.4175063751
1.559625,-1.46911509841e-05,15.4132307743
1.55975,-3.39361321213e-05,15.4092475168
1.559875,-3.32703599938e-05,15.4052506025
1.56,-4.84666671519e-05,15.4016426216
1.560125,-0.000111001519745,15.4011566108
1.56025,-0.00010136799307,15.4000307815
1.560375,-7.30338577715e-05,15.3973585554
1.5605,-0.000116856921572,15.3972941995
1.560625,-8.02362971882e-05,15.3949689377
1.56075,-0.000115312688403,15.394794594
1.560875,-0.000146297404718,15.3971597537
1.561,-0.000126299888707,15.3978146395
1.561125,-0.000119022849797,15.3979098121
1.56125,-8.5437013274e-05,15.3958541942
1.561375,-5.53472053966e-05,15.3924717539
1.5615,-2.83859114876e-05,15.3883816733
1.561625,-5.88243389766e-05,15.3851255622
1.56175,-2.11419277341e-05,15.3809231286
1.561875,-8.00173699001e-06,15.3766003311
1.562,1.69582699723e-05,15.3723479679
1.562125,2.10348303169e-05,15.3681445242
1.56225,4.99901642818e-05,15.3645901793
1.562375,4.57517096691e-05,15.3609083298
1.5625,5.44728306456e-05,15.3575033003
1.562625,7.9842466164e-05,15.3551766697
1.56275,8.85826663235e-05,15.3533168417
1.562875,0.000116011860443,15.3532338182
1.563,0.00011292525277,15.3529273125
1.563125,9.89413263455e-05,15.3516835651
1.56325,0.000134957340819,15.3531066625
1.563375,0.000118906434322,15.3532389723
1.5635,0.000108167453179,15.3525996405
1.563625,6.66204901977e-05,15.3496621829
1.56375,0.000126748566272,15.3504079389
1.563875,4.69405073941e-05,15.3467631643
1.564,2.30710520414e-05,15.3425890269
1.564125,-1.12151454654e-05,15.3382860113
1.56425,-3.66259730011e-05,15.3343693219
1.564375,2.52267883766e-05,15.3302287807
1.5645,-1.36991951023e-05,15.3259455815
1.564625,-3.54605533507e-05,15.3220033353
1.56475,-7.44112714356e-05,15.319426145
1.564875,-8.68988799642e-05,15.3174925882
1.565,-0.00011311489634,15.3172330972
1.565125,-0.000149988944015,15.3200677274
1.56525,-8.7500428165e-05,15.3181672734
1.565375,-0.00011735140193,15.3182185465
1.5655,-9.57715580662e-05,15.3168027611
1.565625,-7.45097979426e-05,15.3142323697
1.56575,-0.000127545656347,15.3150844759
1.565875,-9.24807911276e-05,15.3134730206
1.566,-9.94949973989e-05,15.312292634
1.566125,-7.18539565424e-05,15.3095998683
1.56625,-1.71002753236e-05,15.3053504604
1.566375,-3.5200762959e-05,15.3014042417
1.5665,-4.36827867443e-05,15.2976727894
1.566625,-4.33633276244e-06,15.293335876
1.56675,1.48592749615e-05,15.2890638235
1.566875,7.57530391347e-06,15.2847393218
1.567,5.13835207125e-05,15.2812456999
1.567125,4.82370640548e-05,15.2776518574
1.56725,4.9308702612e-05,15.2740923139
1.567375,6.58721489227e-05,15.2711485245
1.5675,7.14009359055e-05,15.2684505278
1.567625,0.000142232713006,15.2706354152
1.56775,0.000158343286218,15.2743773386
1.567875,0.000113426102289,15.2741812828
1.568,0.000101270629054,15.273144507
1.568125,8.92854060587e-05,15.2713723098
1.56825,0.000107110649527,15.2707300704
1.568375,0.000112060584667,15.2704382135
1.5685,4.21208552575e-05,15.2666678846
1.568625,6.43045654141e-05,15.2636605863
1.56875,6.11993251558e-05,15.2605282624
1.568875,7.04086325711e-05,15.2577887856
1.569,2.49299432075e-05,15.2536470255
1.569125,-2.34807527476e-05,15.2494827261
1.56925,-9.80265661189e-07,15.245140093
1.569375,-5.22870049888e-05,15.2416846528
1.5695,-7.18576291898e-05,15.2390191013
1.569625,-3.86320173381e-05,15.2351613445
1.56975,-0.000122708063781,15.2357153612
1.569875,-9.41660575447e-05,15.2342565442
1.57,-0.000134769314177,15.2358210821
1.570125,-0.000129802514917,15.2369565109
1.57025,-0.000180333339589,15.2431785667
1.570375,-0.000138752094866,15.2450843302
1.5705,-8.79769224318e-05,15.2432535319
1.570625,-0.000172443636167,15.2485583806
1.57075,-7.52204141561e-05,15.2460505594
1.570875,-0.000141514670035,15.2482031437
1.571,-4.19874832059e-05,15.2444321149
1.571125,-6.61088107772e-05,15.2415080513
1.57125,-1.90011242064e-05,15.2372824187
1.571375,-9.59576754869e-06,15.2329694221
1.5715,-3.36088344143e-05,15.2289942107
1.571625,2.78993694491e-05,15.2249049061
1.57175,3.61589432829e-05,15.2209884044
1.571875,3.12282790286e-05,15.2169638228
1.572,9.69256175275e-05,15.2156896795
1.572125,5.94358925531e-05,15.2125012837
1.57225,0.000134153167187,15.2140413414
1.572375,0.000135521622984,15.2156998223
1.5725,0.000128903904904,15.2167847823
1.572625,0.00015556633968,15.2203431484
1.57275,0.000132282366229,15.2217100648
1.572875,0.000129007133102,15.2227962025
1.573,9.10285914234e-05,15.2211564836
1.573125,0.000102414665868,15.2202363189
1.57325,5.31518901585e-05,15.2168157525
1.573375,7.74920514884e-05,15.2144347044
1.5735,6.32804054271e-05,15.2114008542
1.573625,3.67469718962e-05,15.2074997061
1.57375,5.49017884555e-05,15.2041437567
1.573875,-3.86614621275e-05,15.2002906574
1.574,-5.75514886587e-05,15.1970340663
1.574125,-3.83046249695e-05,15.1931727546
1.57425,-0.000101133334208,15.1921890796
1.574375,-6.75172623328e-05,15.1893440159
1.5745,-4.55521452009e-05,15.185683395
1.574625,-0.000117942387802,15.1859164307
1.57475,-0.000112659312968,15.1857486664
1.574875,-0.000110840173937,15.1854473736
1.575,-0.000111663532275,15.1852066053
1.575125,-0.000115259507033,15.1852344087
1.57525,-0.000124982877038,15.1860302686
1.575375,-0.000151983782576,15.1892827671
1.5755,-8.16845657443e-05,15.1871335541
1.575625,-0.000104838539141,15.1864054511
1.57575,-2.90366402804e-05,15.1823399531
1.575875,-4.85220316333e-05,15.1787724455
1.576,-2.5892335387e-05,15.1746505024
1.576125,-1.62092444157e-05,15.1703942533
1.57625,-1.97574970039e-06,15.1660525978
1.576375,3.60602702148e-05,15.1621395582
1.5765,3.42422823805e-05,15.158184615
1.576625,7.31652558451e-05,15.1556144066
1.57675,5.44149450424e-05,15.152252684
1.576875,0.000100357731479,15.1512490044
1.577,0.000104625506024,15.1505360896
1.577125,7.44181611307e-05,15.148030334
1.57725,0.000121589876783,15.1485929424
1.577375,0.000124984791968,15.1494324746
1.5775,0.000115404922587,15.1495075325
1.577625,0.000136360780723,15.1513314083
1.57775,9.59455507844e-05,15.1500413128
1.577875,0.000127543443033,15.1510932737
1.578,9.95444158163e-05,15.1500365867
1.578125,3.7418199662e-05,15.1461582431
1.57825,5.69386843778e-05,15.1428919784
1.578375,2.75528315195e-05,15.1388013655
1.5785,-3.60325548467e-05,15.1348903671
1.578625,1.11659069349e-05,15.1305889404
1.57875,-3.27461399258e-05,15.1266034206
1.578875,-2.77447386909e-05,15.1225172962
1.579,-4.99783426224e-05,15.1190084392
1.579125,-6.38644353592e-05,15.116028478
1.57925,-9.41341615505e-05,15.114648215
1.579375,-9.52624024258e-05,15.113340335
1.5795,-7.58547228626e-05,15.1109225927
1.579625,-8.09357752815e-05,15.1087725571
1.57975,-9.87558786531e-05,15.1076956923
1.579875,-0.000181512830849,15.1143791829
1.58,-0.000138552642782,15.1164544233
1.580125,-6.61902654343e-05,15.1135763888
1.58025,-9.93229908618e-05,15.112533478
1.580375,-6.39986911932e-05,15.1095612943
1.5805,-6.07268879219e-05,15.1064534027
1.580625,-3.73004570523e-07,15.1021105045
1.58075,-1.67274366229e-05,15.0978614421
1.580875,-4.93408953525e-05,15.094336074
1.581,-5.04465643299e-06,15.0900016832
1.581125,5.49682148805e-05,15.0866752533
1.58125,6.46735429903e-05,15.0837404842
1.581375,0.000120938261418,15.0843230197
1.5815,9.49355125132e-05,15.083015467
1.581625,6.72775139585e-05,15.0801976405
1.58175,0.000114796632702,15.0802964846
1.581875,0.000142565520957,15.0828020857
1.582,0.00010493809585,15.0821688695
1.582125,7.19084904171e-05,15.0795685251
1.58225,0.000109646892738,15.0792785618
1.582375,0.000181167730263,15.0859922366
1.5825,7.77525720923e-05,15.0836847866
1.582625,9.84591267524e-05,15.0826071313
1.58275,8.12889357242e-05,15.0804907358
1.582875,6.17147387762e-05,15.0774319121
1.583,2.92665717131e-05,15.073377987
1.583125,-8.12260960473e-07,15.069035265
1.58325,-1.20344599464e-05,15.0647412856
1.583375,-1.15560646278e-05,15.0604435352
1.5835,3.88957579992e-05,15.0566130693
1.583625,-3.99353305089e-05,15.0528108386
1.58375,-4.89708279454e-05,15.0492816505
1.583875,-7.41275611574e-05,15.0468045674
1.584,-7.34389859283e-05,15.0442940329
1.584125,-0.000121288645837,15.0449503098
1.58425,-0.00011815765483,15.045351237
1.584375,-0.000106309021776,15.0448484987
1.5845,-0.000144907151907,15.0476386745
1.584625,-9.29327272761e-05,15.0462291096
1.58475,-0.000141224465426,15.0486594559
1.584875,-4.83941878175e-05,15.0451119781
1.585,-0.000104127081631,15.0444534899
1.585125,-0.000128163777756,15.0456920027
1.58525,-7.97520496879e-05,15.0435105214
1.585375,-3.59852876159e-05,15.0396079473
1.5855,2.43822513327e-05,15.0354673594
1.585625,-3.11330041572e-06,15.0311277171
1.58575,2.21091233842e-06,15.0267864394
1.585875,6.04011870952e-06,15.0224559498
1.586,7.66018280789e-06,15.0181330577
1.586125,0.000108856476751,15.0178417835
1.58625,4.78115573395e-05,15.0142807977
1.586375,5.2021136182e-05,15.010864313
1.5865,7.73299970601e-05,15.0085699278
1.586625,8.81040771319e-05,15.0068873618
1.58675,0.000114835413056,15.0070648328
1.586875,0.000101374793686,15.006244938
1.587,0.000129024856781,15.0076086059
1.587125,0.000116776480411,15.0079393272
1.58725,6.36784590182e-05,15.0049865371
1.587375,8.69049063091e-05,15.0032342013
1.5875,7.00163462151e-05,15.0005736703
1.587625,5.23996522732e-05,14.9971736866
1.58775,2.27876563479e-05,14.9930092321
1.587875,8.22026390292e-06,14.9886895366
1.588,8.33191051604e-06,14.9843705007
1.588125,-1.25879814925e-05,14.9800821837
1.58825,-8.35952795253e-05,14.9781501224
1.588375,-3.49315664435e-05,14.9742284292
1.5885,-5.08660588844e-05,14.9707794691
1.588625,-4.80039178073e-05,14.9672333752
1.58875,-9.71202305764e-05,14.9661538609
1.588875,-0.000102462155421,14.9654439664
1.589,-0.00013181010516,14.9671126743
1.589125,-0.000127134164736,14.9683605454
1.58925,-0.000160702613816,14.9729445873
1.589375,-0.000136488850756,14.9750362137
1.5895,-0.000157488137978,14.9792538936
1.589625,-0.000128644448532,14.980619327
1.58975,-0.000120440808386,14.9812787628
1.589875,-9.48201423015e-05,14.9800365182
1.59,-8.8463837726e-05,14.9783933907
1.590125,-3.53189825563e-05,14.9744810687
1.59025,-6.89144543224e-05,14.9717788345
1.590375,-1.42074313997e-05,14.9675056793
1.5905,-1.36282318027e-05,14.9632270131
1.590625,-3.21269989199e-05,14.959241622
1.59075,5.5772180148e-05,14.9559771238
1.590875,6.50554409564e-05,14.953102556
1.591,-1.41325982891e-05,14.9488289653
1.591125,6.70239686732e-05,14.9460471567
1.59125,0.000105906209653,14.9456034938
1.591375,0.000114955087265,14.9458547268
1.5915,0.000122182850585,14.9467011805
1.591625,0.000123162143768,14.9476300758
1.59175,0.000105951717639,14.9471883417
1.591875,0.000109859257871,14.9470399551
1.592,9.58266246967e-05,14.9458889175
1.592125,0.000125634527866,14.9470324838
1.59225,0.000117737270926,14.9475070783
1.592375,7.7351261144e-05,14.9452439335
1.5925,3.6795700062e-05,14.9413719527
1.592625,5.07149341246e-05,14.9379244371
1.59275,-4.26147246622e-06,14.9335878203
1.592875,-6.37653717321e-06,14.9292590579
1.593,-3.41608201969e-05,14.9253235419
1.593125,-1.74341031345e-05,14.9210868163
1.59325,-5.93250970778e-05,14.9179748435
1.593375,-5.90415844896e-05,14.9148520087
1.5935,-7.92139700526e-05,14.9127066705
1.593625,-4.57473625029e-05,14.9090971686
1.59375,-6.93047631419e-05,14.9064387342
1.593875,-0.000141862991779,14.9091538095
1.594,-0.000116938476782,14.9096049002
1.594125,-6.24521371401e-05,14.9066297069
1.59425,-0.000108290573476,14.9064006657
1.594375,-7.48908146686e-05,14.9040258796
1.5945,-0.000115107112255,14.9043335527
1.594625,-9.99741822265e-05,14.9034990024
1.59475,-5.47835083877e-05,14.9002100526
1.594875,-6.27354453231e-05,14.8972502833
1.595,-3.35239582231e-05,14.8933026207
1.595125,-2.70154246004e-05,14.8892166101
1.59525,3.97107014403e-05,14.8854293227
1.595375,2.01884291303e-05,14.8812301241
1.5955,7.34262550678e-05,14.8787901236
1.595625,4.8802119237e-05,14.8752883759
1.59575,5.60181041185e-05,14.8720546417
1.595875,7.57848652625e-05,14.8697431154
1.596,9.82944581107e-05,14.8688188179
1.596125,8.78106684502e-05,14.8672049621
1.59625,7.39988683718e-05,14.8648010011
1.596375,0.000131886461223,14.8666176746
1.5965,0.000116041410343,14.8670419732
1.596625,0.000121200352581,14.8678988092
1.59675,0.000100871971056,14.8671576057
1.596875,6.90117051777e-05,14.8645011631
1.597,8.39661688436e-05,14.8626561189
1.597125,5.34156354179e-05,14.8593246652
1.59725,3.41442838089e-05,14.8553953621
1.597375,5.68221578879e-05,14.8521989332
1.5975,1.63127743807e-05,14.8479505625
1.597625,-6.81130778273e-06,14.8436241224
1.59775,-9.5905463396e-06,14.8393139315
1.597875,-3.71648771758e-05,14.8354633106
1.598,-5.05576709576e-05,14.8320322163
1.598125,-8.25847764312e-05,14.8301238093
1.59825,-7.25761994105e-05,14.8276620148
1.598375,-7.52050239609e-05,14.8253400775
1.5985,-6.81402043654e-05,14.8226572215
1.598625,-8.81998123649e-05,14.8210970123
1.59875,-6.85488765468e-05,14.8184357669
1.598875,-9.40934950553e-05,14.8172628173
1.599,-0.000124289268335,14.8184509008
1.599125,-0.000111537210534,14.818561577
1.59925,-9.87324279717e-05,14.8177086725
1.599375,-0.000113536939022,14.8179811791
1.5995,-4.97784473934e-05,14.8145257615
1.599625,-5.30037206279e-05,14.8111898673
1.59975,-1.35571496665e-05,14.8069128635
1.599875,-1.13861522023e-05,14.8026164775
1.6,2.43185764145e-06,14.7982756587
1.600125,-1.65356390291e-05,14.7940311038
1.60025,2.24787742236e-05,14.7898701603
1.600375,4.01236188386e-05,14.7861076132
1.6005,4.07275908827e-05,14.7823631877
1.600625,0.000108268356275,14.7822517655
1.60075,0.000126573451008,14.7836912775
1.600875,0.000125163497671,14.7850008913
1.601,0.000131096415518,14.786856824
1.601125,8.88024018093e-05,14.785358098
1.60125,0.000132214646423,14.7873196372
1.601375,0.000107619014093,14.7871528676
1.6015,8.69759459937e-05,14.7855381975
1.601625,0.000116633969009,14.7861019856
1.60175,7.9269908436e-05,14.7840259527
1.601875,3.28966942607e-05,14.7800736903
1.602,7.77506030151e-05,14.777914644
1.602125,1.37973723258e-05,14.7736405231
1.60225,7.67917922777e-05,14.7714311161
1.602375,7.46259799121e-05,14.7691041116
1.6025,-5.42188162204e-06,14.7647718163
1.602625,-3.32849548791e-05,14.760830607
1.60275,-4.72511748887e-05,14.7572979571
1.602875,-8.13770385177e-05,14.7553599022
1.603,-7.70018970455e-05,14.7531712298
1.603125,-9.17774488274e-05,14.7518898483
1.60325,-0.000130598635958,14.7537458772
1.603375,-9.46509249506e-05,14.7526587032
1.6035,-0.000116219715868,14.7532247214
1.603625,-8.1829909856e-05,14.7513157815
1.60375,-0.000105229247859,14.7509989085
1.603875,-0.00010205733434,14.7504433591
1.604,-0.0001026726666,14.7499340879
1.604125,-7.2993563354e-05,14.74752944
1.60425,-9.37312521015e-05,14.746383899
1.604375,-2.95095538143e-05,14.7423580661
1.6045,-6.16011646018e-05,14.7393980964
1.604625,-2.01913947397e-05,14.735203857
1.60475,2.37264084752e-05,14.731066442
1.604875,3.70773602189e-06,14.7267285212
1.605,6.46266946837e-05,14.7239131993
1.605125,4.05173045411e-05,14.7201711531
1.60525,8.43901351881e-05,14.718436627
1.605375,8.56451514347e-05,14.7167813092
1.6055,6.36057963766e-05,14.7139215058
1.605625,0.000158870945688,14.718829284
1.60575,0.000134766787135,14.7211374121
1.605875,0.000135991287686,14.7235632634
1.606,8.74339942655e-05,14.7220180493
1.606125,9.2154388093e-05,14.7207840725
1.60625,8.10722902018e-05,14.7188481915
1.606375,0.000144861908384,14.7221891311
1.6065,6.89669667311e-05,14.7195876632
1.606625,7.23900165654e-05,14.7171644658
1.60675,2.82345559875e-05,14.713113783
1.606875,5.72655761151e-05,14.7099740919
1.607,2.44082162734e-05,14.7058499258
1.607125,-1.21134174898e-05,14.7015609181
1.60725,-2.12728400188e-07,14.6972179899
1.607375,-5.33376102973e-05,14.693922739
1.6075,-4.35001469132e-05,14.6902772164
1.607625,-9.48009505178e-05,14.6892484312
1.60775,-0.000106374103975,14.6890787882
1.607875,-9.20519065048e-05,14.6878615117
1.608,-0.000118645091792,14.6887112907
1.608125,-0.000142726286138,14.6918794309
1.60825,-0.000122694422683,14.6930843495
1.608375,-0.000103613974151,14.6926975469
1.6085,-0.000160588709375,14.697852484
1.608625,-0.00010901462863,14.697883824
1.60875,-0.00012935169803,14.6996981672
1.608875,-8.86274454299e-05,14.6982456601
1.609,-6.38232564636e-05,14.6954023996
1.609125,-5.96929455624e-05,14.6923722035
1.60925,1.20495847088e-05,14.6880827947
1.609375,-9.14422348228e-06,14.683770712
1.6095,3.18706613361e-06,14.6794315199
1.609625,7.96703453238e-06,14.6751120492
1.60975,1.35838229171e-06,14.6707697875
1.609875,8.6998706018e-05,14.6692306612
1.61,5.47644043652e-05,14.6659993446
1.610125,9.73545499575e-05,14.6651710193
1.61025,9.25680370044e-05,14.6640063209
1.610375,9.13360891916e-05,14.6627584492
1.6105,0.000104258369361,14.6624490392
1.610625,8.82798996967e-05,14.6609986093
1.61075,0.000123598459803,14.6623256795
1.610875,0.000162231716223,14.6677436895
1.611,0.000116158592853,14.6684013174
1.611125,0.000106261460572,14.6682428736
1.61125,0.000133659500457,14.6705188296
1.611375,5.12974595584e-05,14.6671509476
1.6115,2.07962428511e-05,14.6629683968
1.611625,7.09302600423e-05,14.6604927532
1.61175,4.45434971035e-05,14.6568867345
1.611875,-1.08167743943e-05,14.6525872854
1.612,-2.24400960823e-05,14.6484317204
1.612125,-7.21728945796e-05,14.6460285426
1.61225,-4.79650790669e-05,14.6425429239
1.612375,-3.88987398999e-05,14.6387643051
1.6125,-5.98531664245e-05,14.6357584867
1.612625,-0.000104917378765,14.6355256664
1.61275,-9.41327859914e-05,14.6344917864
1.612875,-0.000137996546392,14.6372589003
1.613,-0.000148701804458,14.6411656055
1.613125,-0.000112917386163,14.641577204
1.61325,-0.000122178314715,14.6427996252
1.613375,-8.00258833665e-05,14.6408445086
1.6135,-0.00010070101932,14.6402836868
1.613625,-0.00010162429253,14.6397930017
1.61375,-5.77085731799e-05,14.6366927981
1.613875,-5.89915388103e-05,14.6336493844
1.614,5.27885141521e-06,14.6293168545
1.614125,3.40116375349e-06,14.6249782374
1.61425,-9.7236738564e-06,14.6206707007
1.614375,3.80903040496e-06,14.6163331947
1.6145,3.71040624511e-05,14.6125068152
1.614625,7.17232635892e-05,14.6100954575
1.61475,6.71182553174e-05,14.6074450125
1.614875,9.3121696441e-05,14.6063614535
1.615,0.000118080178633,14.6072593049
1.615125,7.97783153282e-05,14.6053089355
1.61525,0.000110516848139,14.605558372
1.615375,0.000173375452478,14.6125080834
1.6155,0.000120293394197,14.6135964242
1.615625,9.21609854636e-05,14.6124414672
1.61575,0.000113478427022,14.6129322508
1.615875,0.000100685701818,14.612394647
1.616,8.35009344296e-05,14.6106696066
1.616125,0.000128815390769,14.6125568116
1.61625,7.65008174404e-05,14.6104112615
1.616375,2.64964191842e-05,14.6063321087
1.6165,3.99975298185e-05,14.6025908147
1.616625,-2.18328916389e-05,14.5984273002
1.61675,-2.38490591623e-05,14.5942986595
1.616875,-4.25830394173e-05,14.5906395488
1.617,-5.72958866677e-05,14.5875355788
1.617125,-3.38087133507e-05,14.5836243753
1.61725,-6.33042283888e-05,14.5807962774
1.617375,-8.58623912295e-05,14.5792415613
1.6175,-7.64530291763e-05,14.5771101633
1.617625,-0.000114971834176,14.5777694438
1.61775,-4.47517118749e-05,14.574184633
1.617875,-7.62538937328e-05,14.5720442947
1.618,-7.72018196049e-05,14.5699601572
1.618125,-9.38694302826e-05,14.5689578302
1.61825,-0.000100835206155,14.5684703551
1.618375,-7.74303360648e-05,14.5664014761
1.6185,-6.28025776271e-05,14.5635553921
1.618625,-5.54193783134e-05,14.5603788565
1.61875,-2.80834547905e-05,14.5563356827
1.618875,-1.10177414775e-05,14.5520389218
1.619,-4.26722087347e-06,14.5477029117
1.619125,2.26903515543e-05,14.5435562323
1.61925,-1.0239222935e-05,14.5392532928
1.619375,4.87476123412e-05,14.5358179124
1.6195,9.10844490764e-05,14.5346451894
1.619625,7.79592775891e-05,14.5326254971
1.61975,8.50214281223e-05,14.5310469307
1.619875,8.68452358164e-05,14.529589243
1.62,9.7957339565e-05,14.5289180467
1.620125,8.11246734663e-05,14.5270941104
1.62025,0.000115329430428,14.5278428064
1.620375,9.44945731981e-05,14.5269180817
1.6205,4.22430909375e-05,14.5232586185
1.620625,9.20009844829e-05,14.5221593565
1.62075,8.41420697513e-05,14.5205304516
1.620875,7.09377358412e-05,14.5181174591
1.621,8.70815875923e-05,14.5166841387
1.621125,4.51341928663e-05,14.5131232633
1.62125,1.54681113063e-05,14.5088722573
1.621375,-2.87623392084e-05,14.5048475027
1.6215,1.43201723379e-05,14.5005835074
1.621625,2.22729044487e-05,14.4964317359
1.62175,-4.40182391664e-05,14.4928361449
1.621875,-5.13531106099e-05,14.489511183
1.622,-5.12209982322e-05,14.4861817662
1.622125,-9.69392176e-05,14.4854707785
1.62225,-0.000102386771959,14.4851799275
1.622375,-0.000116476572805,14.48608069
1.6225,-9.85001834968e-05,14.4854876478
1.622625,-9.58747944405e-05,14.4846979381
1.62275,-0.000101253328861,14.4843186142
1.622875,-8.72199335311e-05,14.4829173399
1.623,-9.01553605166e-05,14.4817183453
1.623125,-6.045255611e-05,14.4787896573
1.62325,-3.28938090734e-05,14.4748657664
1.623375,-5.5789374522e-05,14.4717292389
1.6235,-4.99082619825e-05,14.4683524899
1.623625,-5.56312918546e-05,14.4652109363
1.62375,4.63521257747e-06,14.460876339
1.623875,-2.62321418941e-06,14.4565360704
1.624,1.31143413362e-05,14.4522600797
1.624125,2.79376136997e-05,14.4482212786
1.62425,7.22308332791e-05,14.4459128581
1.624375,6.82504822158e-05,14.443387398
1.6245,0.000132438570542,14.4458881299
1.624625,9.43946643893e-05,14.445021137
1.62475,0.000129902122313,14.4472599627
1.624875,9.60843771084e-05,14.4465173371
1.625,9.78819076862e-05,14.4459112602
1.625125,0.000128556261289,14.4480131911
1.62525,0.000118178232332,14.4491145569
1.625375,7.04021496541e-05,14.4467040487
1.6255,0.000102425613095,14.446452614
1.625625,5.01018603969e-05,14.4430890576
1.62575,9.41738557897e-05,14.4422080579
1.625875,4.94661284385e-05,14.4388207408
1.626,4.78378167483e-05,14.4353722487
1.626125,1.9568410047e-05,14.4311791025
1.62625,-3.94024122434e-06,14.4268422372
1.626375,-3.12423810425e-05,14.422881876
1.6265,-3.02836856218e-05,14.4188987242
1.626625,-9.15231423305e-05,14.4178439099
1.62675,-0.000120628538038,14.4192127468
1.626875,-8.10549584288e-05,14.4174487965
1.627,-0.000110607138921,14.4179089641
1.627125,-0.000102624371867,14.4177007274
1.62725,-0.000113351374634,14.4184017558
1.627375,-0.000143151416834,14.4220994491
1.6275,-0.000126347697317,14.4240161994
1.627625,-0.000123390008057,14.4256408784
1.62775,-0.000128421075998,14.4277593375
1.627875,-6.7988360777e-05,14.4252274998
1.628,-7.1179058009e-05,14.4228707592
1.628125,-7.03514763907e-05,14.4204691641
1.62825,-3.59145175529e-05,14.4166325209
1.628375,1.10347821683e-05,14.4123374174
1.6285,-4.23375322937e-05,14.4086993662
1.628625,1.16621930457e-05,14.4044099553
1.62875,3.79192806755e-05,14.4006335006
1.628875,3.53776141016e-05,14.3967840824
1.629,7.00061973114e-05,14.3943750614
1.629125,0.000108932794914,14.3947157949
1.62925,8.21555192718e-05,14.393037316
1.629375,0.000109217020152,14.393403959
1.6295,7.21477841261e-05,14.3911166411
1.629625,9.68244540133e-05,14.3904772167
1.62975,0.000145940175216,14.3945447929
1.629875,0.000104244180129,14.3944910467
1.63,0.000100717486181,14.3941521743
1.630125,8.07522096393e-05,14.3923838093
1.63025,9.14482899264e-05,14.3913437166
1.630375,2.8431786203e-05,14.3873202192
1.6305,3.21268304913e-05,14.3833855231
1.630625,8.30029457806e-05,14.3817693802
1.63075,2.07917736574e-05,14.3775976493
1.630875,5.08098488396e-05,14.3742780596
1.631,-4.17971646403e-05,14.3706281777
1.631125,-1.16978212647e-05,14.3663395687
1.63125,-5.17723948981e-05,14.363061872
1.631375,-8.20075522671e-05,14.3613932219
1.6315,-6.30316388398e-05,14.3586309439
1.631625,-9.24990164522e-05,14.3576935104
1.63175,-9.5497291214e-05,14.3569811179
1.631875,-7.5256948193e-05,14.3548935743
1.632,-0.000172450886306,14.3623862511
1.632125,-0.000117534486523,14.3635356644
1.63225,-0.000106372861407,14.3636907737
1.632375,-0.000100214885565,14.3633402583
1.6325,-0.000125491958613,14.3652566204
1.632625,-0.000115065185115,14.3661743406
1.63275,-7.90683644074e-05,14.3643157032
1.632875,-9.58370796252e-05,14.3636236127
1.633,-5.04509774443e-05,14.360292871
1.633125,1.65039198104e-05,14.3560583391
1.63325,4.72201115873e-06,14.3517242779
1.633375,-6.30745732344e-06,14.3473971994
1.6335,-7.59740818011e-06,14.3430772972
1.633625,3.37098493844e-05,14.3391884243
1.63375,4.12334417037e-05,14.3355254465
1.633875,0.000108823305151,14.3359205102
1.634,8.46664541521e-05,14.334445893
1.634125,8.00860792425e-05,14.3326702835
1.63425,0.000107785480954,14.3329785107
1.634375,0.000106022623577,14.333135599
1.6345,0.000118084670468,14.3343739607
1.634625,0.000102750202676,14.334256322
1.63475,7.25355511254e-05,14.3320196391
1.634875,8.52668546349e-05,14.3305884465
1.635,0.00010869457329,14.3309776868
1.635125,3.95591190164e-05,14.327261797
1.63525,6.14254462726e-05,14.324431843
1.635375,4.1217898347e-05,14.320770665
1.6355,-1.67437354828e-05,14.3165403267
1.635625,2.4025631393e-05,14.3124294554
1.63575,1.45694799297e-05,14.308171935
1.635875,-4.06440415889e-05,14.3044943933
1.636,-8.05116327185e-05,14.302764083
1.636125,-0.000129246471817,14.3051534746
1.63625,-8.72821542337e-05,14.303880425
1.636375,-0.000121897271962,14.3055249317
1.6365,-0.000117840489516,14.3067756763
1.636625,-9.9076325249e-05,14.3063864523
1.63675,-9.90825970349e-05,14.3059980829
1.636875,-0.000101084531818,14.3057714213
1.637,-5.83949242818e-05,14.3028026635
1.637125,-0.000100541968845,14.3025349495
1.63725,-0.000106227534373,14.3027412014
1.637375,-8.23204211227e-05,14.3011306668
1.6375,-5.99685368479e-05,14.2982385061
1.637625,-1.24399276836e-05,14.2939580426
1.63775,-5.01003913225e-05,14.2906294229
1.637875,-5.15152776643e-05,14.2873597184
1.638,4.35445410763e-07,14.2830168503
1.638125,-1.43929358986e-06,14.2786747448
1.63825,5.06338238055e-06,14.2743421981
1.638375,4.36953269951e-05,14.270774319
1.6385,6.36083771364e-05,14.2680750285
1.638625,5.8964941708e-05,14.2651454381
1.63875,4.60701444682e-05,14.2616659149
1.638875,0.000109971917513,14.2622444123
1.639,0.000126676077227,14.2644294625
1.639125,9.7369251303e-05,14.2639426274
1.63925,9.32308747029e-05,14.2631355009
1.639375,9.29559241245e-05,14.2623082114
1.6395,0.000115424768837,14.2633857452
1.639625,0.000159463194719,14.2693800943
1.63975,6.56068409034e-05,14.266786248
1.639875,7.3618543657e-05,14.2646468745
1.64,6.50623835544e-05,14.262025999
1.640125,4.2323565846e-05,14.2584122882
1.64025,5.52112398406e-05,14.2553112621
1.640375,1.72314494873e-05,14.2510893905
1.6405,-1.66610976188e-05,14.2468597467
1.640625,-2.07072830772e-05,14.2426919853
1.64075,-2.84401694054e-05,14.2386798059
1.640875,-6.03863981886e-05,14.2358292333
1.641,-6.95043100458e-05,14.2334645473
1.641125,-7.9926567675e-05,14.2317388602
1.64125,-9.94558194599e-05,14.23144937
1.641375,-9.52421998063e-05,14.2308240836
1.6415,-0.000122726374273,14.2326531435
1.641625,-7.54089090668e-05,14.2306404618
1.64175,-0.000142405188308,14.234605844
1.641875,-0.000105959834455,14.2348605241
1.642,-0.000100269348823,14.2346346275
1.642125,-5.22766379121e-05,14.2314112169
1.64225,-8.11579812684e-05,14.2297680487
1.642375,-5.97774220925e-05,14.2268905362
1.6425,-6.19044534357e-05,14.2241201889
1.642625,-5.83474191138e-05,14.2211752302
1.64275,-2.12732006621e-05,14.2170182715
1.642875,2.06078164765e-06,14.2126770737
1.643,6.41482086117e-05,14.2100283033
1.643125,5.33698762024e-05,14.2068588295
1.64325,0.000111117154772,14.2076040756
1.643375,6.03195944866e-05,14.2047608947
1.6435,1.60105656331e-05,14.2005236982
1.643625,9.68542779044e-05,14.2000527335
1.64375,9.7260549331e-05,14.1996147289
1.643875,7.3639339892e-05,14.1975109579
1.644,0.000122486644664,14.1993632522
1.644125,0.000111846501951,14.2001843728
1.64425,4.33231391149e-05,14.196616468
1.644375,0.000114779945401,14.1977152878
1.6445,0.000118900501188,14.1992100918
1.644625,7.18216490985e-05,14.1969973682
1.64475,6.60379706828e-05,14.1944563583
1.644875,4.55188071331e-05,14.1909701253
1.645,5.54569446006e-05,14.1878997828
1.645125,3.00540258128e-05,14.1839308953
1.64525,1.26956806951e-05,14.1796547628
1.645375,-4.44563287161e-05,14.176131796
1.6455,-3.8269186755e-05,14.1723969811
1.645625,-9.78998283409e-05,14.1720357181
1.64575,-9.11008776884e-05,14.1711411174
1.645875,-0.000175207846231,14.1795419194
1.646,-0.00011957960004,14.1811282959
1.646125,-9.53287088822e-05,14.1805531496
1.64625,-9.97570176615e-05,14.1803365613
1.646375,-9.12769440324e-05,14.1794486897
1.6465,-0.000121500237873,14.1812270604
1.646625,-8.83958348124e-05,14.1801239319
1.64675,-0.000110665244625,14.1808590451
1.646875,-7.09896248075e-05,14.1786060741
1.647,-4.15985481054e-05,14.1749812564
1.647125,-9.6988068388e-05,14.1745438839
1.64725,-4.29495425422e-05,14.1709671809
1.647375,-4.25103540663e-05,14.1673755071
1.6475,-7.85030424394e-06,14.1630582057
1.647625,7.49127762291e-06,14.1587386356
1.64775,4.00181040562e-05,14.1550633383
1.647875,4.79453247694e-05,14.1516795285
1.648,5.21950943077e-05,14.1484741482
1.648125,7.31857878245e-05,14.1463690776
1.64825,0.00010232134004,14.1464015374
1.648375,8.27463375446e-05,14.1449205014
1.6485,0.000111939160424,14.1458153891
1.648625,7.76012288365e-05,14.1439899546
1.64875,0.000108604888936,14.1445786869
1.648875,0.000122917641977,14.1465510751
1.649,8.34576427775e-05,14.1451193369
1.649125,8.18692668906e-05,14.1435787992
1.64925,7.79720505057e-05,14.1417787841
1.649375,8.67302675257e-05,14.1405832079
1.6495,9.29801648552e-05,14.1398583822
1.649625,5.42258910392e-07,14.1355155606
1.64975,3.81057257929e-05,14.131781227
1.649875,2.68400515995e-05,14.1277404964
1.65,-3.58167082121e-05,14.123936208
1.650125,-4.21543209723e-05,14.1203400467
1.65025,-5.25108209014e-05,14.1171568058
1.650375,-6.65830346198e-05,14.1146796377
1.6505,-7.06033506048e-05,14.1124357255
1.650625,-3.52065815035e-05,14.1086150801
1.65075,-8.2400942891e-05,14.1071350024
1.650875,-0.000159605147707,14.1135266345
1.651,-0.00010708519626,14.1140121232
1.651125,-7.11202766644e-05,14.1117993796
1.65125,-0.000113753217166,14.1129066843
1.651375,-0.00011191788532,14.1138382972
1.6515,-0.000134556067024,14.1171158467
1.651625,-7.11422408755e-05,14.1149028964
1.65175,-0.000116057752788,14.1162290765
1.651875,-4.85873069424e-05,14.1128799672
1.652,-2.52954904003e-06,14.1085397185
1.652125,-3.4039713579e-05,14.1046854653
1.65225,-3.01583216366e-05,14.1007264647
1.652375,-3.49220242418e-05,14.0968987982
1.6525,5.57084688337e-05,14.0938681392
1.652625,2.33179869019e-05,14.0897552989
1.65275,2.09160124254e-05,14.0855976708
1.652875,6.73094675748e-05,14.0831753307
1.653,7.00493998559e-05,14.0809136573
1.653125,8.47867297599e-05,14.0796210884
1.65325,0.000140190747193,14.0836149779
1.653375,4.57275741733e-05,14.0801589684
1.6535,0.000100070666573,14.0800654145
1.653625,0.00014903030512,14.0851416494
1.65375,0.000124175001304,14.0873325511
1.653875,8.37548807108e-05,14.0859618188
1.654,0.000116968842496,14.087415774
1.654125,8.82990229772e-05,14.0863761179
1.65425,8.94374884929e-05,14.0854229691
1.654375,4.69167853358e-05,14.082013298
1.6545,3.19799781338e-05,14.0781043382
1.654625,-1.50254656716e-07,14.073761403
1.65475,-5.77748609476e-06,14.0694326501
1.654875,3.0992937812e-05,14.0654984981
1.655,-5.1371648493e-05,14.062279595
1.655125,-6.79063621121e-05,14.0599019834
1.65525,-0.000109503663742,14.0606705929
1.655375,-6.50239557111e-05,14.0581303797
1.6555,-0.000106853129028,14.0586566555
1.655625,-0.000120169529633,14.0604705336
1.65575,-0.000113488781112,14.0616170004
1.655875,-0.000113022702181,14.0627170636
1.656,-0.000106681791809,14.0632226248
1.656125,-0.00012037328535,14.0650508975
1.65625,-5.70341050125e-05,14.0620935479
1.656375,-7.29432760598e-05,14.0600183222
1.6565,-5.52909190022e-05,14.0569790906
1.656625,-5.1311501256e-05,14.053759759
1.65675,-0.000118073040636,14.0553675331
1.656875,-5.38315228223e-05,14.0522617207
1.657,1.1326839646e-05,14.0479735948
1.657125,-5.59489102815e-05,14.0449692797
1.65725,2.46503286743e-05,14.0408863969
1.657375,9.65854304405e-06,14.0365834166
1.6575,7.43273375087e-05,14.0346089089
1.657625,8.03706510638e-05,14.0330363294
1.65775,7.44232651582e-05,14.0310698772
1.657875,8.24524897678e-05,14.0296450052
1.658,0.000116374105506,14.0311150429
1.658125,7.54285399791e-05,14.0292142871
1.65825,0.000139406476691,14.0332113968
1.658375,6.99529026261e-05,14.030968005
1.6585,0.000128944012035,14.0337583575
1.658625,0.000122492845789,14.0358491803
1.65875,9.07441866387e-05,14.0350365847
1.658875,6.67853393648e-05,14.0326065935
1.659,0.000121691536758,14.0346152606
1.659125,7.64840036193e-05,14.0327812873
1.65925,3.16176542449e-05,14.0288673859
1.659375,-1.97554988624e-05,14.0246920983
1.6595,5.88937334197e-07,14.0203493027
1.659625,3.03553575871e-06,14.0160103241
1.65975,-1.68295350847e-05,14.0117894126
1.659875,-1.84790988012e-05,14.0075937386
1.66,-6.74125529412e-05,14.0052121912
1.660125,-4.59417989678e-05,14.0017808177
1.66025,-0.000102484039983,14.0019757107
1.660375,-8.92603125001e-05,14.0010753818
1.6605,-5.99400059556e-05,13.9982855028
1.660625,-8.59636451844e-05,13.9971383815
1.66075,-0.000110827194732,13.9981073955
1.660875,-0.000101505475819,13.9982198527
1.661,-0.000110162608125,13.9991240827
1.661125,-0.000142698801358,14.0035800647
1.66125,-9.37793554924e-05,14.003035584
1.661375,-5.05421161231e-05,13.9997964372
1.6615,-2.97948053656e-05,13.9958373973
1.661625,5.53573292069e-06,13.9915077175
1.66175,-8.15216550952e-06,13.9871935689
1.661875,-3.98665897983e-07,13.982850693
1.662,3.96321937441e-05,13.9791896448
1.662125,2.12190691917e-05,13.9750423435
1.66225,2.06810223073e-05,13.970885424
1.662375,8.41728313123e-05,13.9696259697
1.6625,9.42246528059e-05,13.9691477155
1.662625,8.79015887856e-05,13.9681687395
1.66275,9.55580079955e-05,13.9678019191
1.662875,9.38147856421e-05,13.9672917395
1.663,8.12462956753e-05,13.9658240451
1.663125,0.000109879970982,13.9667404635
1.66325,9.11921743727e-05,13.9660199607
1.663375,0.000108975091185,13.9668499304
1.6635,0.000135536270688,13.9705047315
1.663625,0.000102611553197,13.9707437797
1.66375,6.45571163508e-05,13.9682149491
1.663875,6.28544979279e-05,13.9655927103
1.664,2.69371336613e-05,13.9615660436
1.664125,5.70831318566e-05,13.9586445416
1.66425,9.5080695992e-07,13.9543019915
1.664375,-1.63428409416e-05,13.9500757708
1.6645,-1.66259330689e-05,13.9458537465
1.664625,-6.78653735527e-05,13.943527086
1.66475,-7.95154078354e-05,13.9419533321
1.664875,-3.96157610054e-05,13.9382981644
1.665,-7.26731879787e-05,13.9362712502
1.665125,-0.000117162713015,13.9379482454
1.66525,-0.000125340242343,13.9404915598
1.665375,-9.70869534964e-05,13.9402791616
1.6655,-0.000121817733231,13.9424376557
1.665625,-7.32301758973e-05,13.9404441294
1.66575,-0.000129033854216,13.9433947467
1.665875,-0.000111318534497,13.9444776252
1.666,-7.82588270309e-05,13.9428164798
1.666125,-9.56858233301e-06,13.9385136543
1.66625,-8.25914990749e-05,13.937161674
1.666375,1.80882651468e-05,13.9329622821
1.6665,-9.71684119481e-06,13.9286608034
1.666625,2.12785662353e-05,13.924516903
1.66675,2.29339756425e-06,13.9201762727
1.666875,3.78611089798e-05,13.9164646906
1.667,8.51315021258e-06,13.912153696
1.667125,6.2586087411e-05,13.9095389564
1.66725,7.62106587201e-05,13.907759851
1.667375,0.000104595941609,13.9082469786
1.6675,0.000132353346278,13.9116343999
1.667625,8.87355518699e-05,13.9107652139
1.66775,0.000103798310729,13.9111757071
1.667875,0.000113589092116,13.9125240767
1.668,6.91140169613e-05,13.9102883814
1.668125,6.94716524858e-05,13.9080756416
1.66825,5.68612390934e-05,13.9051605881
1.668375,7.00904683432e-05,13.9029885182
1.6685,0.000122544436833,13.9052814454
1.668625,5.70436286878e-05,13.9023764901
1.66875,5.84488237548e-05,13.8995442509
1.668875,8.71316862018e-06,13.895234906
1.669,-1.56573230758e-05,13.8910005656
1.669125,-9.39755405651e-06,13.8866967832
1.66925,-3.95051814075e-05,13.8830465385
1.669375,-1.09086783314e-05,13.8787564599
1.6695,-7.88330664622e-05,13.8771762839
1.669625,-3.03304178626e-05,13.8732425622
1.66975,-0.000110143352401,13.8742980025
1.669875,-9.70152340701e-05,13.8741428212
1.67,-9.82706916194e-05,13.874096827
1.670125,-8.88337197222e-05,13.8732655377
1.67025,-9.47272301702e-05,13.8729161961
1.670375,-0.00012722189487,13.8757745938
1.6705,-9.57324116016e-05,13.8755080621
1.670625,-8.94953644378e-05,13.874728099
1.67075,-6.81236653812e-05,13.8724503509
1.670875,-9.69144858413e-05,13.872288258
1.671,-5.40491229536e-05,13.8692461563
1.671125,-4.27674727683e-05,13.8657182972
1.67125,-2.52829067677e-05,13.8616604604
1.671375,-1.22707776206e-05,13.8573847383
1.6715,3.23375728758e-05,13.8535090921
1.671625,3.0059575082e-05,13.8495702912
1.67175,2.38245933478e-06,13.8452298875
1.671875,2.85308839454e-05,13.8412517224
1.672,7.21742239509e-05,13.8392447288
1.672125,6.42315649156e-05,13.8367528481
1.67225,5.91555600775e-05,13.8339809127
1.672375,4.72026006129e-05,13.8306389474
1.6725,0.000123019945511,13.8330956849
1.672625,0.00014013209729,13.8375686327
1.67275,0.000116829549723,13.8393489638
1.672875,7.50185682148e-05,13.8375307661
1.673,9.2687378357e-05,13.8370429318
1.673125,7.1464970235e-05,13.8349924851
1.67325,4.66090387075e-05,13.8316252795
1.673375,3.62461953287e-05,13.8278729086
1.6735,6.1787732983e-05,13.8252473693
1.673625,0.000123782596055,13.827797154
1.67375,5.36762961806e-05,13.8247503794
1.673875,8.63799203632e-06,13.8204410308
1.674,-5.22792674601e-05,13.8173297572
1.674125,-3.51486490095e-05,13.8135439955
1.67425,-7.31281837394e-05,13.8116144877
1.674375,-5.38557877811e-05,13.8085812655
1.6745,-7.87528059401e-05,13.8070403671
1.674625,-8.87076804047e-05,13.8062535887
1.67475,-0.000151032032244,13.8122130588
1.674875,-0.000105062321335,13.8128516705
1.675,-0.000118224652221,13.8148147707
1.675125,-0.000101747507543,13.8151413655
1.67525,-8.9678615665e-05,13.8144260571
1.675375,-9.62547104869e-05,13.814262704
1.6755,-7.82831231677e-05,13.8126848745
1.675625,-5.44637107765e-05,13.8096810527
1.67575,-9.59438333822e-05,13.8094952956
1.675875,-0.000116676797504,13.8112992144
1.676,-4.547053091e-05,13.8078900074
1.676125,-3.09793817119e-05,13.8039808493
1.67625,-2.96927271056e-05,13.8000367674
1.676375,4.1654872353e-05,13.7964794744
1.6765,5.22930362852e-05,13.7933756665
1.676625,9.36555337295e-05,13.7930089561
1.67675,6.52923038602e-05,13.7905991718
1.676875,0.000106308383813,13.7913820108
1.677,6.36280352849e-05,13.7888756402
1.677125,9.59606567122e-05,13.7887113011
1.67725,5.93974050476e-05,13.7859698499
1.677375,0.000116439925198,13.787782082
1.6775,9.35281852181e-05,13.7874096788
1.677625,8.85700544455e-05,13.7866279332
1.67775,9.55632993676e-05,13.7864312207
1.677875,6.06842857912e-05,13.7837607801
1.678,4.5774437892e-05,13.7803701135
1.678125,4.33989222537e-05,13.7768838505
1.67825,3.44324871143e-05,13.7730806187
1.678375,3.64558583874e-05,13.7693432068
1.6785,2.66235467991e-05,13.7653235003
1.678625,-5.35646520755e-05,13.7622900396
1.67875,2.47512057382e-06,13.7579498932
1.678875,2.07452363664e-06,13.7536089162
1.679,-1.61343225548e-05,13.7493851164
1.679125,-0.000109758471841,13.7505579049
1.67925,-9.59395220445e-05,13.750428723
1.679375,-6.70378933684e-05,13.7481437358
1.6795,-0.000108574442183,13.7491997788
1.679625,-0.000105527524089,13.7499559867
1.67975,-0.000135971289456,13.7540739544
1.679875,-3.67485330319e-05,13.7503490021
1.68,-0.000108918731739,13.7514365618
1.680125,-7.6525675372e-05,13.7497745016
1.68025,-0.000132439188433,13.7534593395
1.680375,-5.68521976966e-05,13.7505955579
1.6805,-5.16032794792e-05,13.7474720955
1.680625,-7.08037908834e-06,13.7431521284
1.68075,-2.59978551469e-05,13.7391192722
1.680875,-3.93595210477e-05,13.7354876942
1.681,4.02652392332e-05,13.7318898519
1.681125,5.73237721109e-05,13.7290581923
1.68125,3.12857897703e-05,13.7251657606
1.681375,2.15291537974e-05,13.7210363503
1.6815,8.5509019952e-05,13.7200638965
1.681625,5.54055316106e-05,13.7171366495
1.68175,8.02673314896e-05,13.715766444
1.681875,9.39572205418e-05,13.7154975031
1.682,7.33256594891e-05,13.7136364315
1.682125,0.000108546983319,13.7147327661
1.68225,0.000107236152733,13.7156972633
1.682375,8.89271267075e-05,13.7150040236
1.6825,0.000128218632285,13.7182462266
1.682625,5.13784047234e-05,13.7151211974
1.68275,9.05802959395e-05,13.7145653587
1.682875,6.20663564274e-05,13.7120011376
1.683,2.69137026147e-06,13.70766154
1.683125,8.50657825259e-06,13.7033520674
1.68325,1.03657010291e-05,13.6990588735
1.683375,-1.6384348252e-05,13.6948403479
1.6835,1.10298278213e-06,13.6904979675
1.683625,-3.8021606755e-05,13.6868263264
1.68375,-6.08550994672e-05,13.6842043257
1.683875,-0.00012799563985,13.6874739407
1.684,-0.000112092284793,13.688966169
1.684125,-9.17893679042e-05,13.6885355408
1.68425,-0.000126280157653,13.6915952589
1.684375,-8.76371036464e-05,13.6908166594
1.6845,-0.000147239020604,13.6965291941
1.684625,-0.000153148659867,13.703049797
1.68475,-0.000127550066675,13.7062338447
1.684875,-6.77265367908e-05,13.7040128234
1.685,-6.31019491443e-05,13.7015129137
1.685125,-0.000117093767917,13.7035165581
1.68525,-8.3679585191e-05,13.702414522
1.685375,-2.29234224465e-05,13.6983149359
1.6855,-2.22369034862e-05,13.6942012082
1.685625,-2.49457808167e-05,13.6901469995
1.68575,9.77076559337e-06,13.6858483933
1.685875,1.88783510588e-05,13.6816711309
1.686,2.86886175045e-05,13.6777111647
1.686125,4.07148152031e-05,13.6741402543
1.68625,4.0088913208e-05,13.6705464074
1.686375,4.70756745743e-05,13.6672372429
1.6865,0.000128793842175,13.6706321606
1.686625,0.000124314439664,13.6734930081
1.68675,8.55864720306e-05,13.6725638134
1.686875,9.53762296178e-05,13.6724607469
1.687,8.95526213958e-05,13.6718560241
1.687125,0.000101121949659,13.6722796759
1.68725,0.000181795837079,13.6833222406
1.687375,9.97806868749e-05,13.683608121
1.6875,0.000126708492812,13.6867265535
1.687625,8.08720001874e-05,13.6854224865
1.68775,8.29702140116e-05,13.6842790532
1.687875,7.23139070744e-05,13.6823673922
1.688,6.08991714185e-05,13.6797496545
1.688125,8.28507461566e-06,13.6754386661
1.68825,-3.6874063908e-05,13.6717293107
1.688375,-1.92006900152e-05,13.6675583125
1.6885,-8.18769320308e-05,13.6663439843
1.688625,-5.35944736801e-05,13.6633421978
1.68875,-9.56750772599e-05,13.6632747943
1.688875,-7.75753483991e-05,13.6617432382
1.689,-5.13973682292e-05,13.6586350666
1.689125,-0.000140030831292,13.6634557413
1.68925,-8.99660111494e-05,13.6628934232
1.689375,-0.000109395246338,13.6641399344
1.6895,-7.8771525496e-05,13.6626951411
1.689625,-4.96498894059e-05,13.6595041922
1.68975,-4.45332167115e-05,13.656088745
1.689875,-6.78472404564e-05,13.6539000163
1.69,-2.83603740804e-05,13.6499337376
1.690125,-5.33180202039e-05,13.6469231772
1.69025,-7.23495233954e-05,13.6450349287
1.690375,2.32521885224e-05,13.6409457029
1.6905,7.78327476018e-06,13.6366312138
1.690625,1.44626008116e-05,13.6323866171
1.69075,2.87253610727e-05,13.6284320144
1.690875,4.1750961654e-05,13.6249101585
1.691,5.42331508337e-05,13.6219536847
1.691125,7.33953843454e-05,13.6201514586
1.69125,5.93153586586e-05,13.6174687796
1.691375,0.000116837855997,13.619568115
1.6915,0.000128340552645,13.6229934349
1.691625,0.000124132457548,13.6259123807
1.69175,0.000128463723439,13.6293412536
1.691875,6.62622928468e-05,13.6270657678
1.692,0.000109002907347,13.6283182247
1.692125,5.78287543068e-05,13.6255504178
1.69225,7.74847038799e-05,13.6240367594
1.692375,6.18640425846e-05,13.6214981787
1.6925,4.89645637426e-05,13.6182863284
1.692625,7.50945984655e-06,13.613970011
1.69275,2.87336167003e-05,13.6100172826
1.692875,-3.57165177801e-05,13.6062777969
1.693,9.14593737553e-06,13.6019744587
1.693125,-3.54065070071e-05,13.5982256425
1.69325,-3.03574638399e-05,13.5943198452
1.693375,-7.61360665995e-05,13.5927282945
1.6935,-8.03349249363e-05,13.5914495998
1.693625,-8.45647393795e-05,13.5905029494
1.69375,-0.000110522032088,13.5919609507
1.693875,-0.000132909274484,13.5960017249
1.694,-7.38602777042e-05,13.5942471942
1.694125,-6.37694314811e-05,13.5918346406
1.69425,-0.000133911794196,13.5960024896
1.694375,-0.000117320114452,13.5981872385
1.6945,-7.3446013138e-05,13.5964024748
1.694625,-0.000114712169183,13.5982998688
1.69475,-5.39986485627e-05,13.5953398792
1.694875,-6.28779938581e-05,13.5928732722
1.695,-6.58167381648e-05,13.5905872787
1.695125,5.13019227468e-06,13.5862568408
1.69525,-4.07718785729e-05,13.5827045704
1.695375,5.72758544849e-05,13.5799231045
1.6955,5.54170589251e-05,13.5770428857
1.695625,6.17612730983e-05,13.5745178776
1.69575,1.35290314078e-05,13.5702622337
1.695875,8.0418645738e-05,13.5690058468
1.696,0.000111671702864,13.5706144449
1.696125,5.35705989473e-05,13.5676413234
1.69625,0.000122509300269,13.5704624057
1.696375,0.000145777640671,13.5762532134
1.6965,7.70930392151e-05,13.5747429964
1.696625,0.000107916778214,13.5759510046
1.69675,7.28720357979e-05,13.5741393481
1.696875,0.000117634913421,13.5763922445
1.697,8.25050195973e-05,13.5752934486
1.697125,3.70388662615e-05,13.5716046801
1.69725,0.000108678250918,13.5728953169
1.697375,5.00672483312e-05,13.5697482851
1.6975,3.72740806332e-05,13.5660686974
1.697625,1.2890778422e-05,13.561805165
1.69775,3.94762741706e-05,13.5582076316
1.697875,-4.54018057633e-05,13.5548514606
1.698,-7.34045921489e-05,13.5530894311
1.698125,-8.05886287722e-05,13.5518583779
1.69825,-5.14146815336e-05,13.5487826956
1.698375,-6.27961106376e-05,13.5463313718
1.6985,-3.08259878217e-05,13.5424445894
1.698625,-0.000102041752124,13.5431020222
1.69875,-7.21147497868e-05,13.5412568597
1.698875,-0.000108929301422,13.5426131981
1.699,-9.27891687887e-05,13.5424051815
1.699125,-8.40293351805e-05,13.5414537477
1.69925,-9.70228297514e-05,13.5416326708
1.699375,-7.50485776571e-05,13.5399957263
1.6995,-7.95346263539e-05,13.5386929831
1.699625,-7.02606485163e-05,13.5367234759
1.69975,-2.26193510463e-05,13.5326266908
1.699875,-2.14358077513e-05,13.5285050287
1.7,3.10678576094e-05,13.5246273381
1.700125,-1.1749427532e-05,13.5203509986
1.70025,3.79618743029e-05,13.5167039859
1.700375,-6.60600998086e-06,13.5123821346
1.7005,6.99664710554e-05,13.5104070977
1.700625,0.00011230210382,13.512164738
1.70075,0.000109198477224,13.5135877296
1.700875,0.000105786285832,13.5146544569
1.701,8.92967304382e-05,13.5141658911
1.701125,0.000120858780329,13.5168817048
1.70125,0.000103233034576,13.5176866976
1.701375,0.000111282957989,13.5193241645
1.7015,0.00014663460065,13.525355624
1.701625,9.31456110141e-05,13.5251960034
1.70175,6.9433297882e-05,13.5231781563
1.701875,5.07851755579e-05,13.5200798274
1.702,5.07722298686e-05,13.5169817519
1.702125,6.2226281802e-05,13.514509909
1.70225,3.82301128299e-05,13.510873715
1.702375,-8.16183350659e-06,13.5065630126
1.7025,-4.01367378879e-05,13.5030004912
1.702625,1.45932006395e-05,13.4987608077
1.70275,-2.15818020895e-05,13.4946439259
1.702875,-3.86281763245e-05,13.4910258329
1.703,-6.3309804507e-05,13.4886313119
1.703125,-0.000136313131337,13.4933186665
1.70325,-6.88899728481e-05,13.4912814405
1.703375,-8.83160684232e-05,13.4907290546
1.7035,-6.98951037282e-05,13.4887609989
1.703625,-0.000108949482008,13.4901887363
1.70375,-0.000105564375374,13.4912618899
1.703875,-7.3069813716e-05,13.4895140895
1.704,-0.000110250804148,13.4910793851
1.704125,-6.82813207068e-05,13.489002775
1.70425,-4.99968986485e-05,13.4858756425
1.704375,-8.96075110336e-05,13.4854397335
1.7045,-3.64844504678e-05,13.4817447972
1.704625,-8.9942267989e-06,13.4774412702
1.70475,-4.37077193558e-05,13.474030006
1.704875,-2.9583334844e-05,13.4701142416
1.705,3.74072921937e-05,13.4664549068
1.705125,3.19133074671e-05,13.4626099453
1.70525,5.31590465377e-05,13.4596498206
1.705375,0.000113945688341,13.4616609832
1.7055,8.62377987105e-05,13.4609570945
1.705625,4.4562718406e-05,13.4575863159
1.70575,9.09965728352e-05,13.4572987378
1.705875,9.00346841482e-05,13.4569261794
1.706,8.86724184054e-05,13.4564347654
1.706125,0.000122815229846,13.4594782251
1.70625,6.94934788549e-05,13.4574999121
1.706375,9.2383903185e-05,13.4573369558
1.7065,3.47927048643e-05,13.4535871473
1.706625,0.000124057750129,13.456785628
1.70675,4.35829407543e-05,13.4533734684
1.706875,6.43644766083e-05,13.4510619217
1.707,4.34559468787e-05,13.4476455664
1.707125,-2.4407896133e-05,13.443595187
1.70725,4.67308175184e-06,13.4392629768
1.707375,-2.17439832214e-05,13.4351526706
1.7075,-1.38897093648e-05,13.4309047442
1.707625,-5.11348032402e-05,13.4278507009
1.70775,-4.08390396649e-05,13.4243305031
1.707875,-9.23752877173e-05,13.4241987932
1.708,-0.000135551366406,13.4289189359
1.708125,-0.000118163696449,13.4314573405
1.70825,-0.000136091984064,13.4362346039
1.708375,-4.54109649578e-05,13.4329069459
1.7085,-4.43512726054e-05,13.4295332035
1.708625,-9.87893142934e-05,13.4300005078
1.70875,-0.000118027931421,13.4325214131
1.708875,-9.55608359905e-05,13.4326765185
1.709,-6.90249640312e-05,13.430680875
1.709125,-4.85960521006e-05,13.4275021022
1.70925,-1.48320754567e-05,13.4232676974
1.709375,-1.48738922843e-06,13.4189258451
1.7095,2.31265419248e-05,13.4148472977
1.709625,1.72398291253e-05,13.4106514199
1.70975,5.16280591209e-05,13.4076284994
1.709875,7.54118571855e-05,13.406103399
1.71,9.42722215517e-05,13.4061647694
1.710125,3.97465077749e-05,13.4026050446
1.71025,0.000118532681052,13.4052285066
1.710375,8.04292104945e-05,13.4040924652
1.7105,0.000115681009995,13.4063827447
1.710625,0.000101688789099,13.4071636114
1.71075,0.000184942629664,13.4197427099
1.710875,5.82411728486e-05,13.4170760338
1.711,9.00221631772e-05,13.4167392873
1.711125,7.77817325599e-05,13.4153877336
1.71125,9.36074697118e-05,13.4153779719
1.711375,8.21560789695e-05,13.4143732565
1.7115,6.6865837211e-05,13.4122423983
1.711625,1.71420161764e-05,13.4080449437
1.71175,4.11737176553e-05,13.4045421069
1.711875,-3.48832313377e-05,13.4008026805
1.712,-2.77298012118e-05,13.3968414475
1.712125,-3.13947363697e-05,13.3929882212
1.71225,-3.29702236308e-05,13.3891858557
1.712375,-6.00471529484e-05,13.3866373058
1.7125,-5.63609426765e-05,13.383876174
1.712625,-9.50790427639e-05,13.3840361914
1.71275,-9.77904772976e-05,13.3844563808
1.712875,-0.000133250658472,13.3889522208
1.713,-9.30844526412e-05,13.3889203451
1.713125,-7.41193042187e-05,13.3873112549
1.71325,-0.000128640037585,13.3912011746
1.713375,-0.000116885532126,13.3936503167
1.7135,-7.81851140659e-05,13.3923459658
1.713625,-7.62717494258e-05,13.3908956296
1.71375,-9.01402407584e-05,13.3905936702
1.713875,-1.37759544172e-05,13.3863451577
1.714,4.42582316996e-06,13.3820119694
1.714125,-4.66945843499e-05,13.3787559981
1.71425,-1.06447957985e-05,13.3744695909
1.714375,-5.68916325858e-06,13.3701428117
1.7145,5.54350700821e-05,13.3673359672
1.714625,4.98621790519e-05,13.3642366439
1.71475,2.58258457379e-05,13.3602275943
1.714875,0.000124569429461,13.3636534359
1.715,8.21009271873e-05,13.3626841686
1.715125,0.000101430579106,13.3634905853
1.71525,6.43878791659e-05,13.361223017
1.715375,6.88098753387e-05,13.3592514576
1.7155,7.01951812974e-05,13.3573774355
1.715625,0.000120855592604,13.3603521353
1.71575,0.000107161768636,13.3617595959
1.715875,8.18376088917e-05,13.3607701927
1.716,7.37907775757e-05,13.3591545438
1.716125,8.69736442268e-05,13.3586013604
1.71625,1.09655178078e-05,13.3543186905
1.716375,3.77198801141e-05,13.3506896081
1.7165,6.76172246985e-05,13.3486421375
1.716625,4.21608413008e-05,13.3451921921
1.71675,-3.8133516072e-05,13.3415803854
1.716875,-8.41275307985e-05,13.3407977005
1.717,-4.08634441025e-05,13.3372951626
1.717125,-0.000153334064438,13.3447798483
1.71725,-7.27198480679e-05,13.3430954024
1.717375,-5.01682638016e-05,13.3400184374
1.7175,-0.000107527516537,13.3414923444
1.717625,-0.00010477386295,13.3426704547
1.71775,-0.000159854831649,13.3511651127
1.717875,-0.000102690469096,13.3521141775
1.718,-7.58191521282e-05,13.3506562183
1.718125,-7.65352688991e-05,13.3492539824
1.71825,-8.16903192632e-05,13.3482621555
1.718375,-0.000106877078309,13.3496550581
1.7185,-9.36425642371e-05,13.3497146444
1.718625,-2.86199957919e-05,13.3457831226
1.71875,-6.29978195428e-05,13.3434350471
1.718875,3.85866668211e-06,13.3390995922
1.719,4.56353385247e-06,13.3347671339
1.719125,2.77657810012e-05,13.3308127554
1.71925,-7.36972478687e-06,13.3264972113
1.719375,3.85194895794e-05,13.3229034968
1.7195,7.44280338564e-05,13.3213594319
1.719625,6.30430576855e-05,13.3190254857
1.71975,5.67414647112e-05,13.3163109315
1.719875,8.96127232084e-05,13.3160309844
1.72,8.54403682529e-05,13.3153818951
1.720125,0.000127258674406,13.3192305447
1.72025,9.39527053617e-05,13.3193504659
1.720375,0.000137773823983,13.3245984402
1.7205,6.71830012381e-05,13.3225352413
1.720625,9.16257732694e-05,13.3224337155
1.72075,3.60699539104e-05,13.3187483625
1.720875,6.05488449859e-05,13.3162597419
1.721,4.07259716906e-05,13.3127562888
1.721125,7.0446217749e-05,13.3109267089
1.72125,2.80362765938e-05,13.3069821184
1.721375,1.45012803481e-05,13.3027458457
1.7215,-2.48922391162e-05,13.2987175156
1.721625,2.73521931119e-06,13.2943783732
1.72175,-4.69669719863e-05,13.2911575312
1.721875,-6.51724238704e-05,13.288976535
1.722,-5.3279672434e-05,13.286079345
1.722125,-2.53555124437e-05,13.2820640892
1.72225,-9.92030299533e-05,13.2827391833
1.722375,-0.000107684788338,13.284307507
1.7225,-6.14314003225e-05,13.2818885192
1.722625,-0.000103122088888,13.2829678913
1.72275,-0.000110337181623,13.2848304661
1.722875,-6.39001862044e-05,13.2825689359
1.723,-6.37219058355e-05,13.2802968884
1.723125,-9.34085565922e-05,13.2804049943
1.72325,-5.23239681784e-05,13.2774591655
1.723375,-5.6976731778e-05,13.2747739276
1.7235,-7.23797564867e-05,13.2731074659
1.723625,-6.23686844325e-05,13.2707527413
1.72375,1.98411360456e-05,13.2666111639
1.723875,2.26635707953e-05,13.2625311998
1.724,1.30216730661e-05,13.2582751545
1.724125,6.56099256516e-05,13.256139923
1.72425,5.70183450955e-05,13.2534652749
1.724375,6.16150768555e-05,13.2510715977
1.7245,7.36677655514e-05,13.2495163779
1.724625,9.00675177339e-05,13.2493413382
1.72475,6.36913066375e-05,13.2470831887
1.724875,8.50643390731e-05,13.2464602377
1.725,6.73332656636e-05,13.244448808
1.725125,7.24472984914e-05,13.2428061256
1.72525,0.000103115379031,13.2439337712
1.725375,9.40486988957e-05,13.2441409811
1.7255,4.38855144805e-05,13.2407891425
1.725625,5.41024775812e-05,13.2379535734
1.72575,5.02571834617e-05,13.234912228
1.725875,5.55720611616e-05,13.2321617986
1.726,6.04975995684e-05,13.229707311
1.726125,2.37346838863e-05,13.2256552524
1.72625,1.88406717422e-05,13.2214957753
1.726375,-3.26191459315e-06,13.2171583352
1.7265,-9.05232690806e-05,13.2170570324
1.726625,-0.000112082213971,13.2192151463
1.72675,-3.00687278446e-05,13.2153401808
1.726875,-6.23245189657e-05,13.213009221
1.727,-6.84277422077e-05,13.2110927949
1.727125,-9.66938144023e-05,13.2115958931
1.72725,-0.000104366976664,13.2128974531
1.727375,-7.05618296384e-05,13.2111347619
1.7275,-0.000105178513073,13.2125249943
1.727625,-8.49402051708e-05,13.2119208186
1.72775,-6.52039114029e-05,13.2097817465
1.727875,-8.99509612723e-05,13.2096341222
1.728,-2.32295533288e-05,13.205571105
1.728125,-7.81503927969e-05,13.2043983713
1.72825,-8.68316268145e-05,13.2039697958
1.728375,-4.06725457573e-05,13.2004860707
1.7285,-2.50404637365e-05,13.1964690836
1.728625,2.25908487879e-05,13.1923916889
1.72875,2.95505247638e-05,13.1885035331
1.728875,1.06193665704e-05,13.1842193758
1.729,9.94243049376e-05,13.1850316472
1.729125,2.06324490005e-05,13.1809107923
1.72925,8.91187053244e-05,13.180713385
1.729375,0.000119905987152,13.1838724345
1.7295,7.49572481359e-05,13.1824606188
1.729625,7.63315322561e-05,13.1811582183
1.72975,7.7455882088e-05,13.1799469571
1.729875,0.000138446746318,13.1856042929
1.73,0.000143232591072,13.1919501789
1.730125,0.000103335809366,13.1931658952
1.73025,5.35322636981e-05,13.1903149939
1.730375,8.55623545353e-05,13.1897852068
1.7305,3.88173314943e-05,13.1862274525
1.730625,4.32639936088e-06,13.1818942704
1.73075,4.05477454085e-05,13.1784096324
1.730875,4.8192314627e-06,13.1740788231
1.731,-4.8945993833e-05,13.1709887461
1.731125,-2.27003332628e-05,13.1669155091
1.73125,-2.16431153923e-05,13.1628179658
1.731375,-4.0385670473e-05,13.1593302285
1.7315,-7.73933466062e-05,13.1581296629
1.731625,-7.68860373942e-05,13.1568889078
1.73175,-9.6560759936e-05,13.1574393465
1.731875,-8.86645454998e-05,13.1572220408
1.732,-0.000126652478173,13.1612935487
1.732125,-0.000108959470375,13.1631740493
1.73225,-6.8374648873e-05,13.1612818136
1.732375,-0.000122807561283,13.1648432565
1.7325,-6.78314528787e-05,13.1629113208
1.732625,-9.10583291141e-05,13.1629142026
1.73275,-9.72617879701e-05,13.1635290309
1.732875,-7.69257401731e-05,13.1622876224
1.733,-5.69871535839e-05,13.1596475476
1.733125,8.4041289952e-06,13.1553416675
1.73325,-2.2564431329e-05,13.1512661727
1.733375,-2.77013666482e-05,13.1473266848
1.7335,4.1021299979e-05,13.1438692294
1.733625,5.88803154124e-05,13.1413518758
1.73375,6.91630032296e-05,13.1395290901
1.733875,5.12520023287e-05,13.1365707985
1.734,8.76880667271e-05,13.1362825902
1.734125,5.07633662867e-05,13.1332990417
1.73425,9.37277068086e-05,13.1335918015
1.734375,7.65803105213e-05,13.1323438648
1.7345,0.000121660583642,13.1358102965
1.734625,8.18525783249e-05,13.1350012047
1.73475,0.000105060611048,13.1364796956
1.734875,9.08323968554e-05,13.1364874345
1.735,0.000110165340325,13.1385427624
1.735125,7.02662360183e-05,13.1368026754
1.73525,4.78151100535e-05,13.133665686
1.735375,4.50122387912e-05,13.1303922458
1.7355,1.97654700293e-05,13.1262556993
1.735625,-1.91378246779e-05,13.1221064374
1.73575,-2.68270792919e-05,13.1181444344
1.735875,-5.32745388493e-05,13.1153049474
1.736,-2.82123516078e-05,13.1113839599
1.736125,-4.58741398189e-06,13.1070521821
1.73625,-8.59000978816e-05,13.1066269058
1.736375,-6.48540311574e-05,13.1045177443
1.7365,-8.4671888676e-05,13.1039835082
1.736625,-8.34584130955e-05,13.1033413865
1.73675,-4.58102557986e-05,13.1001139607
1.736875,-0.000109519053132,13.1021476365
1.737,-0.00011443680885,13.1047631052
1.737125,-7.67942731319e-05,13.1035532021
1.73725,-0.00011228311161,13.105907255
1.737375,-0.000106524555896,13.1075891978
1.7375,-0.000131170363869,13.1123747128
1.737625,-3.51186805044e-05,13.1086860239
1.73775,-3.25844360637e-05,13.1049068013
1.737875,-2.01859272066e-05,13.1007803961
1.738,-7.1981594323e-05,13.0991927494
1.738125,-1.13004704933e-06,13.0948504841
1.73825,3.0646172321e-05,13.0910077856
1.738375,3.20810277244e-05,13.087213509
1.7385,1.77209347542e-05,13.0830381299
1.738625,5.61270046378e-05,13.0803774612
1.73875,9.65551800467e-05,13.0810142474
1.738875,3.76976943322e-05,13.0774306345
1.739,0.000106959453047,13.0792017684
1.739125,7.19740964812e-05,13.0776272649
1.73925,9.9902760407e-05,13.0786184919
1.739375,4.2902450601e-05,13.0752595461
1.7395,7.33473874471e-05,13.0737942709
1.739625,5.6678988886e-05,13.0711705019
1.73975,2.60356717375e-05,13.0671905882
1.739875,5.46801192317e-05,13.064450155
1.74,2.87243587936e-05,13.0605497731
1.740125,4.56436190077e-05,13.0573252118
1.74025,4.4559274252e-05,13.0540489413
1.740375,3.34108081878e-05,13.0503061751
1.7405,1.09618218292e-05,13.0460278959
1.740625,3.39503951268e-05,13.0423058163
1.74075,9.51739877183e-06,13.038011708
1.740875,-4.5835070862e-05,13.0348024144
1.741,-5.24891251577e-06,13.0304743494
1.741125,-0.000109674770771,13.0326294475
1.74125,-6.3753131658e-05,13.0304821966
1.741375,-7.99478858625e-05,13.0295933487
1.7415,-0.000145139638442,13.0366262918
1.741625,-7.16599087334e-05,13.035054706
1.74175,-0.00010730120123,13.036925235
1.741875,-9.21437277264e-05,13.0371631969
1.742,-9.70591379762e-05,13.0379023602
1.742125,-8.94494585416e-05,13.037875509
1.74225,-9.25804374673e-05,13.0381559613
1.742375,-7.36520255545e-05,13.0367395193
1.7425,-8.390675607e-05,13.0361955932
1.742625,3.59373268847e-06,13.0318596213
1.74275,-5.75639166741e-06,13.0275345848
1.742875,-4.44440137569e-06,13.0232023259
1.743,3.49341270731e-05,13.0195202085
1.743125,1.67515006741e-05,13.0153293497
1.74325,1.88578109225e-05,13.0111793267
1.743375,8.32563207858e-05,13.0105988242
1.7435,1.886040148e-05,13.0064490645
1.743625,0.000113947454569,13.0091587831
1.74375,0.000134876365587,13.0146878037
1.743875,0.000124456902113,13.0187412139
1.744,8.02791742963e-05,13.0178904644
1.744125,9.78550431727e-05,13.0187362297
1.74425,9.65951696889e-05,13.0194483401
1.744375,4.72233984535e-05,13.0163139065
1.7445,4.17383986243e-05,13.0129157498
1.744625,7.75606661986e-05,13.0118369523
1.74475,8.19122588734e-05,13.0111354505
1.744875,4.26307811113e-05,13.0077792966
1.745,2.10749316124e-05,13.0036777221
1.745125,2.56552607895e-05,12.9996927985
1.74525,1.1345404629e-05,12.995419936
1.745375,-2.59532215852e-05,12.9914440737
1.7455,-1.10597109578e-05,12.9871678527
1.745625,-2.72114434397e-05,12.9832292116
1.74575,-2.63585182309e-05,12.9792659676
1.745875,-4.61941616065e-05,12.9760901836
1.746,-0.000120967360517,12.9797505306
1.746125,-0.000113751694723,12.9824793626
1.74625,-8.53260088499e-05,12.9821143511
1.746375,-8.29912811335e-05,12.9815350352
1.7465,-7.46319497033e-05,12.9802363755
1.746625,-6.68888071738e-05,12.9783396897
1.74675,-9.3632797645e-05,12.9787910291
1.746875,-9.27573239979e-05,12.9791526935
1.747,-4.38291958355e-05,12.9758605018
1.747125,-0.000102505325844,12.9772661403
1.74725,-6.91790682769e-05,12.9755415796
1.747375,-3.04024913755e-05,12.9717046696
1.7475,-3.46025345526e-05,12.9680178006
1.747625,6.71525068806e-06,12.963699588
1.74775,1.67500221569e-05,12.9595106694
1.747875,-1.12507946632e-05,12.9552372836
1.748,7.54816745245e-05,12.9540272216
1.748125,8.33237952239e-05,12.9535027163
1.74825,8.34810570626e-05,12.9529930944
1.748375,8.73567797754e-05,12.9528479859
1.7485,6.90089786335e-05,12.9511252558
1.748625,0.000100933190046,12.9523878406
1.74875,8.64270756928e-05,12.9521544701
1.748875,0.0001102071715,12.954492067
1.749,9.35055096891e-05,12.9549566996
1.749125,7.43300307582e-05,12.9536519978
1.74925,8.04383703709e-05,12.9528680273
1.749375,7.51656158614e-05,12.9516334882
1.7495,3.22415902221e-05,12.9478627889
1.749625,0.000132052968428,12.9531176412
1.74975,-1.15710593987e-05,12.9488483802
1.749875,-1.17854569623e-05,12.9445819502
1.75,3.77459255538e-05,12.9410245741
1.750125,-4.67326282955e-05,12.9378867185
1.75025,-2.2153599156e-05,12.9338148102
1.750375,1.76015646451e-05,12.9296431246
1.7505,-8.06834607879e-05,12.9289007076
1.750625,-6.64096906199e-05,12.9269977768
1.75075,-7.40051030999e-05,12.9256860242
1.750875,-9.91297249537e-05,12.9267819498
1.751,-6.29618642875e-05,12.9246333693
1.751125,-8.69147346529e-05,12.9244731158
1.75125,-9.68830915724e-05,12.9253269026
1.751375,-3.43483257872e-05,12.92163737
1.7515,-0.000133945536316,12.9272287288
1.751625,-6.58990823451e-05,12.9252893561
1.75175,-8.18485770609e-05,12.9246553475
1.751875,-9.73233863792e-05,12.9255562272
1.752,-5.58853175664e-05,12.92294268
1.752125,-3.97726614778e-05,12.9194762771
1.75225,-8.82899564108e-06,12.9151765651
1.752375,-5.42490391036e-06,12.9108499586
1.7525,-1.99448414263e-05,12.906728072
1.752625,3.56999420881e-05,12.9030939999
1.75275,7.9875421571e-05,12.9023014845
1.752875,2.33203940414e-05,12.8982613481
1.753,7.25740871875e-05,12.8968528875
1.753125,6.65534596427e-05,12.8949786751
1.75325,7.31703927366e-05,12.8936208732
1.753375,7.90496570944e-05,12.8927629471
1.7535,7.41905129262e-05,12.8914904974
1.753625,8.22090647856e-05,12.8909184376
1.75375,8.8330806716e-05,12.890929171
1.753875,0.000109423501712,12.8932656004
1.754,5.7686567947e-05,12.8907790554
1.754125,4.49071259977e-05,12.8875618498
1.75425,0.000105474462265,12.8894300168
1.754375,3.05352831116e-05,12.8856077585
1.7545,-1.85708575455e-05,12.8814575817
1.754625,3.37145219212e-05,12.8777505503
1.75475,9.67536249291e-08,12.8734076107
1.754875,-1.3380882207e-05,12.8691650269
1.755,-3.03055500111e-05,12.8653373624
1.755125,-1.81352024613e-05,12.8611791076
1.75525,-2.7599334493e-05,12.8572643162
1.755375,-8.27383990892e-05,12.856771159
1.7555,-7.69030938988e-05,12.8557546999
1.755625,-6.9160250918e-05,12.8541029463
1.75575,-8.09565506988e-05,12.8534485096
1.755875,-7.78870418683e-05,12.8525202943
1.756,-3.69090764554e-05,12.8489445652
1.756125,-9.28172043883e-05,12.8494551903
1.75625,-8.16881702386e-05,12.8488717128
1.756375,-5.38100875193e-05,12.8461606927
1.7565,-7.19178352291e-05,12.8447341862
1.756625,-9.53499918996e-05,12.8455181198
1.75675,-6.04867400434e-05,12.8432386863
1.756875,2.26226747854e-05,12.8391846039
1.757,-3.38041978464e-05,12.8354872123
1.757125,-1.37360340464e-05,12.8312509541
1.75725,1.3318533147e-05,12.8270084071
1.757375,1.81642332076e-05,12.8228523864
1.7575,1.76024997778e-05,12.8186851515
1.757625,3.22489676017e-05,12.8149325098
1.75775,7.09555167923e-05,12.8134489826
1.757875,9.71511322276e-05,12.8144667717
1.758,0.0001492056764,12.8227547125
1.758125,8.54784812519e-05,12.8225534093
1.75825,0.000100468629714,12.8239313206
1.758375,0.000129540529893,12.8290918944
1.7585,9.70269058233e-05,12.8300767781
1.758625,4.07793282678e-05,12.8266752175
1.75875,5.59633174176e-05,12.8241064301
1.758875,8.65359332231e-05,12.8240068623
1.759,2.66798943137e-05,12.8200674595
1.759125,5.67709296033e-05,12.8175530162
1.75925,2.56686860808e-05,12.8135841602
1.759375,5.26274137565e-05,12.8108149389
1.7595,3.03339981869e-06,12.8064772267
1.759625,7.36513083354e-06,12.8021651602
1.75975,-5.70445053607e-07,12.7978224008
1.759875,-0.000109048349618,12.8002567844
1.76,-1.39495061996e-05,12.7960247642
1.760125,-5.45830851039e-06,12.7916988196
1.76025,-7.25245958824e-05,12.7903591288
1.760375,-5.78227212519e-05,12.7879260685
1.7605,-6.80576798806e-05,12.7862302265
1.760625,-7.49262256229e-05,12.7850966953
1.76075,-8.53888428712e-05,12.7849226901
1.760875,-0.00013800326703,12.7914611201
1.761,-8.70726538152e-05,12.7914467258
1.761125,-8.94005243359e-05,12.7916667632
1.76125,-2.44359785043e-05,12.7876648677
1.761375,-1.2564993944e-05,12.7834121828
1.7615,-7.40865741768e-05,12.7822091848
1.761625,-1.85017977042e-05,12.778062187
1.76175,-1.68953176993e-06,12.7737208777
1.761875,-3.71046375843e-05,12.770167495
1.762,4.64622964024e-05,12.7670635297
1.762125,4.94909252651e-05,12.7641273317
1.76225,-8.71418037241e-07,12.7597848234
1.762375,5.66105762349e-05,12.7572854755
1.7625,6.34415439993e-05,12.7552590962
1.762625,1.09444663607e-05,12.7509851438
1.76275,0.000137651041493,12.7575529921
1.762875,6.98517328252e-05,12.7560180669
1.763,5.53173446026e-05,12.7534369936
1.763125,8.66578750096e-05,12.753419163
1.76325,9.05454016731e-05,12.7537978951
1.763375,0.00010392569869,12.7556736077
1.7635,6.53234105204e-05,12.7537875713
1.763625,0.000110340187948,12.7564540072
1.76375,6.52161789122e-05,12.7545594736
1.763875,5.83902270183e-05,12.7521801951
1.764,-2.64593560503e-05,12.7482407672
1.764125,-1.41200725846e-05,12.7440128456
1.76425,-4.56124687236e-06,12.7396819153
1.764375,-1.72739470566e-05,12.7355114541
1.7645,-9.94151596448e-06,12.7312256957
1.764625,-1.57487972244e-05,12.7270264012
1.76475,-5.98688550692e-05,12.7247609365
1.764875,-5.65987906963e-05,12.7222757397
1.765,-6.26686491965e-05,12.7202115656
1.765125,-2.65296438958e-05,12.7162772813
1.76525,-9.5545611104e-05,12.7172367073
1.765375,-0.00014172886766,12.7245498156
1.7655,-0.00012764262415,12.7296476063
1.765625,-8.78537291679e-05,12.7297743126
1.76575,-8.00588304872e-05,12.7291432734
1.765875,-7.2963195849e-05,12.7278840892
1.766,-5.28962908622e-05,12.7251626648
1.766125,-8.0796242218e-05,12.7246043053
1.76625,1.37826712651e-06,12.7202624624
1.766375,-5.40100062051e-05,12.7176129935
1.7665,1.27701473182e-05,12.7133647961
1.766625,1.59930459443e-05,12.7091706023
1.76675,1.58787496113e-05,12.7049744316
1.766875,1.17262141547e-05,12.7007116095
1.767,1.3740511167e-05,12.6964787858
1.767125,3.09793745408e-05,12.6926961285
1.76725,2.4608014132e-05,12.688707024
1.767375,4.62185088519e-05,12.6856133027
1.7675,9.19716891718e-05,12.6862184873
1.767625,0.000113669901247,12.6894305135
1.76775,7.46991350322e-05,12.6883494374
1.767875,6.88178276013e-05,12.6867757924
1.768,9.32779891285e-05,12.6875210903
1.768125,5.13516942993e-05,12.6847206335
1.76825,6.17599047426e-05,12.6826100837
1.768375,0.000101239094003,12.684266113
1.7685,7.2005295764e-05,12.6829577023
1.768625,7.81682064405e-05,12.682191825
1.76875,4.03355777399e-05,12.6788017887
1.768875,-2.04544042011e-05,12.6747041017
1.769,-2.08553019744e-05,12.6706163631
1.769125,-2.70429288287e-05,12.6667029209
1.76925,-1.41471098633e-05,12.6624776285
1.769375,-2.95621344212e-05,12.6586488925
1.7695,-3.87700318497e-05,12.6551911136
1.769625,-3.15651327395e-05,12.6514353988
1.76975,-8.67125840681e-05,12.6515258907
1.769875,-0.000111698560023,12.6545368218
1.77,-7.55153839638e-05,12.6535542744
1.770125,-9.41762343204e-05,12.6544377862
1.77025,-9.60279575563e-05,12.6555276127
1.770375,-8.9744626947e-05,12.655928927
1.7705,-0.000101255787758,12.6576238886
1.770625,-0.000108432924196,12.6602017286
1.77075,-5.28054069476e-05,12.6575001143
1.770875,-4.75355867865e-05,12.6544881222
1.771,-9.53884019543e-05,12.6555058065
1.771125,-5.64430917574e-05,12.6530400967
1.77125,-3.49864757234e-05,12.6494189267
1.771375,1.28121175056e-05,12.6451728625
1.7715,2.17344104637e-05,12.641108983
1.771625,6.9057661364e-05,12.6395851569
1.77175,4.96675101826e-05,12.6367012104
1.771875,5.95727229596e-05,12.6344584685
1.772,8.34606913181e-05,12.6342389041
1.772125,-1.03756984577e-05,12.6299597194
1.77225,0.000104175859251,12.6320459932
1.772375,9.81447161808e-05,12.633407127
1.7725,0.000112301439669,12.6365286378
1.772625,8.26222643592e-05,12.636224758
1.77275,7.93779856779e-05,12.6356103009
1.772875,6.48313477621e-05,12.6337552173
1.773,5.11975873131e-05,12.6309646143
1.773125,6.65708602466e-05,12.6292475929
1.77325,5.7263790549e-05,12.626848574
1.773375,4.98109555192e-05,12.6239773749
1.7735,3.54689937806e-05,12.6203812298
1.773625,7.96687417836e-06,12.6160759968
1.77375,1.1540056723e-05,12.6118122557
1.773875,1.1026594607e-05,12.6075416944
1.774,2.05551959735e-06,12.6032012674
1.774125,5.28365249912e-06,12.5988749755
1.77425,-4.20820486401e-05,12.5955893225
1.774375,-4.03981729688e-05,12.5922214958
1.7745,-5.20060612473e-05,12.5894956865
1.774625,-6.22403852091e-05,12.5874702461
1.77475,-8.70756646482e-05,12.587664222
1.774875,-0.000118140943358,12.5916688168
1.775,-6.63065521971e-05,12.5899546629
1.775125,-8.32496529186e-05,12.5897565185
1.77525,-7.12663407162e-05,12.5884515393
1.775375,-7.75771658296e-05,12.587709271
1.7755,-9.45719510091e-05,12.5887172366
1.775625,-9.86433888332e-05,12.5901941808
1.77575,-2.14811882795e-06,12.5858539968
1.775875,-1.99519863138e-05,12.5817494575
1.776,-3.44982420013e-06,12.5774136472
1.776125,-2.35396999136e-05,12.5734031975
1.77625,6.02820574712e-05,12.5712423203
1.776375,2.17214125099e-05,12.5671828925
1.7765,9.09786476288e-06,12.5628897328
1.776625,5.2212415341e-05,12.5601878237
1.77675,1.58106177239e-05,12.5559954747
1.776875,5.34463452555e-05,12.5533747626
1.777,6.30657252738e-05,12.551431042
1.777125,4.44613831662e-05,12.5482812736
1.77725,7.63113266699e-05,12.5474548685
1.777375,0.000110670067543,12.5505060453
1.7775,4.94079127971e-05,12.5476368043
1.777625,0.000101522930628,12.5495167894
1.77775,8.29318969367e-05,12.5493255392
1.777875,9.83787009676e-05,12.550824022
1.778,7.76696290992e-05,12.5501217319
1.778125,2.18186009835e-05,12.5460662414
1.77825,4.54112621264e-05,12.5429695308
1.778375,5.92246352034e-05,12.5407475987
1.7785,2.76449231511e-05,12.5368671141
1.778625,-3.07519437052e-05,12.5330969274
1.77875,1.58198717199e-05,12.5289056982
1.778875,-4.04710732665e-05,12.5255565343
1.779,-7.04705567062e-05,12.5242283338
1.779125,-3.62989463059e-05,12.5206857146
1.77925,-0.00012511207226,12.5258487293
1.779375,-0.000102078091979,12.5278285274
1.7795,-6.52370734307e-05,12.5260679525
1.779625,-2.31348412904e-05,12.5220499838
1.77975,-9.70149488277e-05,12.5234235093
1.779875,-0.000134022403104,12.5299801214
1.78,-9.00015423168e-05,12.5305484916
1.780125,-4.1372603768e-05,12.5272436975
1.78025,-8.19884014069e-05,12.5269794174
1.780375,-7.24261067769e-05,12.5258197512
1.7805,-2.68166394787e-05,12.5219134694
1.780625,-7.43929574702e-06,12.5176041612
1.78075,-6.76917212754e-05,12.5160480615
1.780875,-5.2479497688e-06,12.5117218782
1.781,5.62999071985e-06,12.5073982435
1.781125,-2.4833216324e-05,12.5034313514
1.78125,-7.32495570845e-06,12.4991211563
1.781375,7.05006499056e-05,12.4978139462
1.7815,7.21490702323e-05,12.4966512607
1.781625,6.0536099461e-05,12.4945480334
1.78175,5.51040045951e-05,12.4920618673
1.781875,3.23254087358e-05,12.4883583501
1.782,5.95150471284e-05,12.4861843614
1.782125,0.000123843249853,12.49122996
1.78225,8.2880123023e-05,12.4910895287
1.782375,0.000103370586495,12.4932823975
1.7825,7.55326316252e-05,12.4924285093
1.782625,8.99542641009e-05,12.493034305
1.78275,7.40317888547e-05,12.4920433827
1.782875,8.64223592836e-05,12.4922688045
1.783,3.66336389202e-05,12.4887470308
1.783125,1.43888564075e-05,12.4845308841
1.78325,3.1661227528e-05,12.480802427
1.783375,2.13219209244e-05,12.4767384152
1.7835,-2.5885590477e-05,12.4728069641
1.783625,-6.75978175624e-05,12.4712719458
1.78375,-5.60036448003e-05,12.4688571938
1.783875,-0.000108398539781,12.4717376447
1.784,-9.95117835195e-05,12.4734790261
1.784125,-6.70213507624e-05,12.4718959088
1.78425,-9.76652072041e-05,12.4734135168
1.784375,-6.97810015852e-05,12.4720623195
1.7845,-7.44464223595e-05,12.4711254371
1.784625,-0.000109611212044,12.4741644194
1.78475,-7.31900197204e-05,12.4731119923
1.784875,-6.10908280084e-05,12.4710623832
1.785,-7.81329666949e-05,12.4704718998
1.785125,-9.36627243487e-05,12.4715210587
1.78525,-6.40179307915e-05,12.4696973372
1.785375,-4.80595587746e-05,12.4667749547
1.7855,-6.16023385908e-05,12.4647673042
1.785625,1.97131822287e-06,12.4604267526
1.78575,1.40093562761e-05,12.4562047921
1.785875,1.21234777536e-05,12.4519525396
1.786,1.82732911821e-05,12.4478158332
1.786125,8.90824496163e-05,12.4483763074
1.78625,8.36618922604e-05,12.448357933
1.786375,5.58256380841e-05,12.4459410791
1.7865,7.82265914548e-05,12.4453814015
1.786625,0.000136545400317,12.452556573
1.78675,9.71460559745e-05,12.4540379442
1.786875,8.70045172732e-05,12.4543657613
1.787,6.04225108283e-05,12.4522759648
1.787125,0.000100685811816,12.4541896083
1.78725,3.8469559368e-05,12.4507601692
1.787375,5.51385951138e-05,12.4482951697
1.7875,4.08244966953e-05,12.4449823789
1.787625,5.28967341331e-05,12.4423701047
1.78775,2.38183367779e-05,12.4383783237
1.787875,6.82315125633e-05,12.436918942
1.788,-2.28992989524e-05,12.432900993
1.788125,-4.69727810975e-05,12.4299266449
1.78825,-6.36747100808e-05,12.4280999684
1.788375,-8.66131904696e-05,12.4284135998
1.7885,-4.14285434758e-05,12.4251363825
1.788625,-6.48132072977e-05,12.4234033407
1.78875,-6.64275082617e-05,12.4218029799
1.788875,-6.42980572467e-05,12.4200305987
1.789,-5.95983558942e-05,12.4178971665
1.789125,-6.01793866207e-05,12.4158081214
1.78925,-6.72850124148e-05,12.4142839256
1.789375,-5.84138084403e-05,12.412066367
1.7895,-9.11166305525e-05,12.412895577
1.789625,-6.98673354626e-05,12.4115938549
1.78975,-5.13540117873e-05,12.4088947088
1.789875,-7.94651838513e-05,12.4084891584
1.79,-7.68191268819e-05,12.4078262091
1.790125,-1.00890103181e-05,12.4035467758
1.79025,-3.85232220622e-05,12.4001306303
1.790375,-6.56917347359e-05,12.3984842762
1.7905,-2.30024294241e-06,12.39414464
1.790625,2.52655799192e-06,12.3898056908
1.79075,7.35755361923e-05,12.3888532031
1.790875,3.40135560325e-05,12.3852352349
1.791,3.69081774355e-05,12.3817466098
1.791125,5.67821578153e-05,12.3794271008
1.79125,5.95587781196e-05,12.3773114572
1.791375,8.37295009522e-05,12.3773714971
1.7915,6.86101004108e-05,12.3759854248
1.791625,7.32764468135e-05,12.3750161535
1.79175,0.000114019999649,12.3788389119
1.791875,4.43188598414e-05,12.3757295634
1.792,9.83358610904e-05,12.3774608122
1.792125,9.12040760089e-05,12.3783413806
1.79225,4.14199484099e-05,12.375076073
1.792375,6.69515355437e-05,12.373550305
1.7925,8.99661031225e-05,12.3742946898
1.792625,1.7065647029e-05,12.3701348703
1.79275,4.20987901434e-05,12.3669072762
1.792875,-1.11034290345e-05,12.3626419849
1.793,-1.52249365462e-05,12.3584451841
1.793125,-5.00948625787e-06,12.3541180766
1.79325,-1.45704897166e-05,12.3499092449
1.793375,-5.41349738724e-05,12.3474190371
1.7935,-5.43273551369e-05,12.3449430882
1.793625,-6.99845229729e-05,12.3436996759
1.79375,-4.71780964532e-05,12.3407659611
1.793875,-0.000117968926114,12.3452326851
1.794,-0.000128443597352,12.3513206333
1.794125,-8.78205106922e-05,12.351850254
1.79425,-6.59359195943e-05,12.3502543381
1.794375,-0.000106070573029,12.3530194426
1.7945,-8.74022259721e-05,12.3535008975
1.794625,-7.9874629589e-05,12.3531870489
1.79475,-0.000111377755944,12.3566753
1.794875,-8.43055261958e-05,12.3568173482
1.795,6.19245456041e-06,12.3524986128
1.795125,-1.6041957483e-05,12.3483182971
1.79525,-8.20255360609e-06,12.3440179126
1.795375,3.21387359731e-05,12.340328948
1.7955,4.47874420065e-05,12.3372570383
1.795625,6.00056315942e-06,12.3329369284
1.79575,2.74485758319e-05,12.3290722429
1.795875,3.23795978658e-05,12.3253954049
1.796,7.2680081165e-05,12.3244103376
1.796125,7.39908432344e-05,12.3235482191
1.79625,6.24894896251e-05,12.3216888444
1.796375,8.04808048031e-05,12.3214664116
1.7965,8.85790125498e-05,12.3221146892
1.796625,7.93761732496e-05,12.3217795802
1.79675,0.000105348460091,12.3244943969
1.796875,2.13854966406e-05,12.3204423336
1.797,6.40718014048e-05,12.3187121545
1.797125,6.11233861027e-05,12.3167480547
1.79725,4.03846475778e-05,12.3134441858
1.797375,2.49786808103e-05,12.3094990881
1.7975,4.87608667482e-05,12.3066733982
1.797625,-1.75724911818e-05,12.3025276643
1.79775,1.6402163159e-05,12.2983567012
1.797875,-2.42177403978e-05,12.2943890354
1.798,2.81152832644e-05,12.2905523373
1.798125,-5.76563927874e-05,12.2883398587
1.79825,-0.000126006762261,12.2941684496
1.798375,-9.89627406223e-05,12.2960938746
1.7985,-7.87325346541e-05,12.2957177472
1.798625,-0.000110012579382,12.2991170532
1.79875,-0.000110008541901,12.3025097396
1.798875,-6.10656472897e-05,12.300550021
1.799,-0.000107823450658,12.3036362655
1.799125,-5.60155548084e-05,12.3012982307
1.79925,-8.99452239515e-05,12.3021255097
1.799375,-6.40060475221e-05,12.3004009892
1.7995,-7.70816293557e-05,12.2998565539
1.799625,-5.62174483978e-05,12.297534752
1.79975,1.36037182836e-06,12.2931929916
1.799875,-2.07416939009e-06,12.288852803
1.8,-4.14499197394e-05,12.2856115205
1.800125,3.36512642475e-05,12.2819952616
1.80025,3.15526589015e-05,12.2782917305
1.800375,5.63445603534e-05,12.2759891808
1.8005,3.15754617325e-05,12.2722874602
1.800625,0.000104220110171,12.274931124
1.80075,7.72936469119e-05,12.2744300598
1.800875,6.02605976592e-05,12.2724229844
1.801,0.00010963910746,12.2758111798
1.801125,2.71478844049e-05,12.2719422681
1.80125,9.032051197e-05,12.2728480937
1.801375,0.000109427220765,12.2762057092
1.8015,0.000111590129558,12.2798642816
1.801625,9.59263872908e-05,12.2814306326
1.80175,5.09000869769e-05,12.2787516838
1.801875,6.40807105652e-06,12.2744351338
1.802,2.89629633372e-05,12.2706318947
1.802125,-7.66662900565e-06,12.2663268015
1.80225,-1.91902710835e-05,12.2622212449
1.802375,8.03078683375e-06,12.2579199135
1.8025,-5.4487993958e-06,12.2535961444
1.802625,2.039182306e-05,12.2495220313
1.80275,-2.38757616309e-06,12.2451827754
1.802875,-6.61682336071e-05,12.2436750099
1.803,-3.6845481105e-05,12.2402116919
1.803125,-6.93593468047e-05,12.2389874525
1.80325,-7.98483507975e-05,12.2387784835
1.803375,-6.57404466421e-05,12.2372383172
1.8035,-4.86799070723e-05,12.2344329614
1.803625,-8.50973963886e-05,12.2347899934
1.80375,-9.4911397804e-05,12.2362923502
1.803875,-8.5790011543e-05,12.2367241148
1.804,-8.15704127339e-05,12.2366975389
1.804125,-0.00011468807077,12.2408832721
1.80425,-3.80970113416e-05,12.2374813236
1.804375,-4.40516259192e-05,12.2343974616
1.8045,-2.58792541728e-05,12.2304894109
1.804625,1.7505252676e-05,12.226345634
1.80475,2.3661923795e-05,12.2223669301
1.804875,1.57256115325e-05,12.2181850172
1.805,1.89254969402e-05,12.2140755288
1.805125,5.25040934479e-05,12.2115307523
1.80525,6.2624182722e-05,12.2097472453
1.805375,5.74095744387e-05,12.2075562289
1.8055,7.62089357871e-05,12.2070065036
1.805625,8.74662278402e-05,12.2076601265
1.80575,9.15036745079e-05,12.2087845602
1.805875,7.32257815846e-05,12.2079428079
1.806,0.000105836390213,12.2109121223
1.806125,0.000110428891215,12.2145237694
1.80625,5.77038180541e-05,12.2123524735
1.806375,6.00477082544e-05,12.2103623095
1.8065,8.01371674549e-05,12.2102108084
1.806625,7.48815631795e-05,12.2095279151
1.80675,8.23212212273e-06,12.2052292301
1.806875,4.09031531106e-05,12.201979933
1.807,6.28858078217e-06,12.1976628613
1.807125,3.75513939836e-05,12.1942432979
1.80725,1.58471808523e-05,12.1900649467
1.807375,-2.68659979785e-05,12.1861954989
1.8075,-2.27179765287e-05,12.1821914328
1.807625,-2.13509244823e-05,12.1781480872
1.80775,-3.98331770323e-05,12.1748488153
1.807875,-4.6377175571e-05,12.171921646
1.808,-9.83483223885e-05,12.1739461406
1.808125,-6.34486975005e-05,12.1722532807
1.80825,-0.000101808851713,12.1747328754
1.808375,-9.15534273708e-05,12.1759048813
1.8085,-0.000105246059256,12.178846414
1.808625,-9.30868564918e-05,12.1801991909
1.80875,-3.56521453932e-05,12.1766919474
1.808875,-5.57802099069e-05,12.1743960609
1.809,-6.11378154727e-05,12.1725134763
1.809125,-1.74818307569e-06,12.1681725446
1.80925,-6.49967971062e-06,12.163857455
1.809375,-1.26422541624e-06,12.159515565
1.8095,7.14306984853e-06,12.1552063302
1.809625,2.37159731512e-05,12.151235335
1.80975,4.61307198508e-05,12.1483007966
1.809875,-2.57566230273e-05,12.1443972591
1.81,2.10688597006e-05,12.1403485999
1.810125,4.36223043771e-05,12.1372682403
1.81025,9.32150363606e-05,12.1386916092
1.810375,5.72010148275e-05,12.1365202212
1.8105,0.000122840136428,12.1421880907
1.810625,7.91445262569e-05,12.1419980966
1.81075,7.04971767676e-05,12.1409506444
1.810875,2.42415030912e-05,12.1369975931
1.811,5.65278203815e-05,12.1347762318
1.811125,5.68761218623e-05,12.1325821877
1.81125,9.68432494883e-05,12.1344695639
1.811375,3.19416184236e-05,12.1308045328
1.8115,1.58362146762e-05,12.1266283724
1.811625,-1.41088124498e-05,12.1224179389
1.81175,2.44707354412e-05,12.1184739949
1.811875,2.60089751833e-05,12.114582197
1.812,-1.12940682509e-05,12.1103244013
1.812125,5.75402372071e-06,12.1060035798
1.81225,-2.90321358168e-05,12.1022243647
1.812375,-9.04862856761e-05,12.1033592764
1.8125,-7.03177392949e-05,12.1023243654
1.812625,-8.16930889868e-05,12.1024467798
1.81275,-6.10880609246e-05,12.1006012148
1.812875,-5.21545154498e-05,12.0980795392
1.813,-9.90528800048e-05,12.1003061988
1.813125,-5.49219718856e-05,12.0979830249
1.81325,-3.12976385055e-05,12.0942964271
1.813375,-5.86034762736e-05,12.0922562146
1.8135,-5.32273608134e-05,12.0898138697
1.813625,-5.39861123971e-05,12.087427184
1.81375,-6.45637401574e-05,12.0858834536
1.813875,-4.33094741375e-05,12.0828007566
1.814,-6.49457784286e-05,12.0812932584
1.814125,-1.90338612419e-05,12.0771940126
1.81425,-1.51479289361e-06,12.0728526128
1.814375,5.17542476833e-05,12.070314588
1.8145,4.58262921465e-05,12.0673876609
1.814625,7.79597245402e-05,12.0671442861
1.81475,5.64178408304e-05,12.0649489374
1.814875,3.72826635573e-05,12.0615444477
1.815,8.3045433103e-05,12.0618593544
1.815125,3.83681453103e-05,12.0585110072
1.81525,8.44997318692e-05,12.0589937559
1.815375,5.36649499e-05,12.056597633
1.8155,6.3125858969e-05,12.0549497055
1.815625,6.53787579227e-05,12.0534986073
1.81575,9.70804243597e-05,12.0555314836
1.815875,4.97446304282e-05,12.0528626991
1.816,5.13107004868e-05,12.0503020591
1.816125,4.61709561399e-05,12.0474031463
1.81625,2.87439737547e-05,12.043620303
1.816375,3.5715792724e-05,12.0401428377
1.8165,1.6947220703e-05,12.0359949287
1.816625,-3.43421204054e-05,12.032453581
1.81675,-1.94716213282e-05,12.0283685576
1.816875,-1.53927890395e-05,12.0241869487
1.817,-4.6242448257e-05,12.0213012455
1.817125,-2.34101256486e-05,12.017332067
1.81725,-4.39827696722e-05,12.014309528
1.817375,-0.000131007091068,12.0216754418
1.8175,-3.24495027571e-05,12.0180505461
1.817625,-6.75323585493e-05,12.0168193511
1.81775,-8.59273366154e-05,12.0175145473
1.817875,-0.000108426157061,12.0211894392
1.818,-9.53545938101e-05,12.0230436997
1.818125,-8.56211333117e-05,12.0236959134
1.81825,-4.23580524012e-05,12.0205758454
1.818375,-5.23718181122e-05,12.018103521
1.8185,-5.8167678131e-05,12.0160693381
1.818625,-6.06676332948e-05,12.0142389913
1.81875,-3.54867631092e-05,12.0107562622
1.818875,-4.54378136402e-05,12.0078246525
1.819,2.06476683144e-05,12.0037733741
1.819125,4.35700521242e-05,12.0007302256
1.81925,4.13095563278e-05,11.9975565407
1.819375,4.18527471448e-05,11.9944146808
1.8195,2.47887147259e-05,11.9904934198
1.819625,4.35187543826e-05,11.9874511837
1.81975,5.49437218472e-05,11.9851828121
1.819875,8.87799168025e-05,11.9862571535
1.82,7.84641184439e-05,11.9861452416
1.820125,9.38303904794e-05,11.9878516856
1.82025,0.000124241536154,11.9941051815
1.820375,7.58915561479e-05,11.9937133575
1.8205,5.50420475472e-05,11.9914494169
1.820625,6.81300743518e-05,11.9902929795
1.82075,4.63983350295e-05,11.9874286086
1.820875,4.86647000799e-05,11.984713255
1.821,4.09978117667e-05,11.981526246
1.821125,3.18679227547e-05,11.9778822758
1.82125,4.75278714233e-05,11.975095197
1.821375,5.02936192982e-06,11.9707696886
1.8215,8.11941997242e-06,11.9664722334
1.821625,1.86323651907e-05,11.9623690715
1.82175,-2.22548817601e-05,11.9583685301
1.821875,-1.75389817295e-05,11.9542384495
1.822,-5.16140099861e-05,11.9517403527
1.822125,-5.81326164063e-05,11.949738886
1.82225,-9.96339022203e-05,11.9522735576
1.822375,-8.45629480798e-05,11.9528831382
1.8225,-6.43109776241e-05,11.9514049
1.822625,-7.61195719271e-05,11.9510760992
1.82275,-8.88437391749e-05,11.9522009731
1.822875,-7.60124569927e-05,11.9518601548
1.823,-0.000102552139246,11.9547997141
1.823125,-4.75469449975e-05,11.9520221807
1.82325,-5.28140054218e-05,11.9496118308
1.823375,-1.76518044011e-05,11.9454849327
1.8235,-6.36093786105e-05,11.9439493273
1.823625,-5.31113211255e-05,11.9415644284
1.82375,-1.18590956104e-05,11.937319181
1.823875,-2.19354233599e-05,11.9333108046
1.824,6.07330561884e-05,11.931534307
1.824125,7.75122473935e-05,11.9313727421
1.82425,-1.83600549937e-06,11.9270321445
1.824375,7.08523432034e-05,11.9261868132
1.8245,6.37100188623e-05,11.924672633
1.824625,3.47187212209e-05,11.9211702306
1.82475,0.000123701991894,11.9274943372
1.824875,4.10390654628e-05,11.9243250145
1.825,9.38738917165e-05,11.9261238108
1.825125,6.61117341262e-05,11.924826894
1.82525,9.20142300122e-05,11.9263842444
1.825375,6.02241276648e-05,11.924568954
1.8255,6.58131521454e-05,11.9232456757
1.825625,9.66332123073e-05,11.92541218
1.82575,9.07835345288e-05,11.9268120825
1.825875,6.77202303015e-05,11.9256646268
1.826,4.16787915983e-05,11.9225326836
1.826125,-6.40493465398e-06,11.9182183618
1.82625,-1.59784226851e-05,11.9140537282
1.826375,3.22529848284e-05,11.9104379594
1.8265,-5.16068351913e-05,11.9079580409
1.826625,-7.15097503808e-05,11.9071935652
1.82675,-9.38880082256e-05,11.9090184725
1.826875,-6.96192947299e-05,11.9080665396
1.827,-4.89231709459e-05,11.9053988472
1.827125,-0.000131776044473,11.9132028469
1.82725,-6.05889596807e-05,11.9114260393
1.827375,-0.000113038160906,11.9160120882
1.8275,-9.10319321803e-05,11.9174559428
1.827625,-6.54865030439e-05,11.9161076733
1.82775,-0.00010195452964,11.919022125
1.827875,-8.42738814037e-05,11.9196357065
1.828,-3.55472446021e-05,11.9161749183
1.828125,-2.4628808521e-05,11.9122558014
1.82825,-8.61055455675e-06,11.9079647098
1.828375,-4.08734262902e-05,11.9047911799
1.8285,-1.18973607423e-05,11.9005474001
1.828625,8.23264563274e-06,11.8962519848
1.82875,4.62586345411e-05,11.8934108909
1.828875,2.01768564851e-06,11.8890708057
1.829,3.48518838557e-05,11.885581834
1.829125,5.00537665482e-05,11.8830015498
1.82925,8.27649255398e-05,11.8834791144
1.829375,3.21881251116e-05,11.8798655405
1.8295,8.93180533097e-05,11.8811402178
1.829625,9.44449126314e-05,11.8830759859
1.82975,0.000129319481121,11.8904921309
1.829875,3.24901346974e-05,11.886891108
1.83,3.24837177768e-05,11.8832904072
1.830125,2.07924266229e-05,11.8792518364
1.83025,4.72643140514e-05,11.8764828901
1.830375,6.8022885708e-05,11.8754016167
1.8305,3.05988318146e-05,11.8717190277
1.830625,5.05227393469e-05,11.8691776617
1.83075,1.88182505862e-05,11.8650848492
1.830875,-6.90043773943e-07,11.860742241
1.831,-2.57820900989e-05,11.8568697099
1.831125,2.56968740364e-05,11.8529944913
1.83125,-2.64425497742e-05,11.8491472522
1.831375,-2.7974570765e-05,11.8453596051
1.8315,-2.51062585101e-05,11.841464319
1.831625,-6.41464892703e-05,11.8400454904
1.83175,-3.2627564994e-05,11.8364594977
1.831875,-5.7158983551e-05,11.8344411532
1.832,-0.000127368242293,11.841633877
1.832125,-6.37029132697e-05,11.8401746482
1.83225,-2.91266181231e-05,11.8364349209
1.832375,-0.000101742011331,11.8394528696
1.8325,-5.23101553237e-05,11.8370556026
1.832625,-8.02106500463e-05,11.8372885015
1.83275,-7.97146295716e-05,11.8374647688
1.832875,-2.17573867188e-05,11.8334586391
1.833,-3.78588684138e-05,11.8301363514
1.833125,-7.27646993861e-05,11.829565485
1.83325,-3.1063379753e-05,11.8259103176
1.833375,3.40961290442e-05,11.8223966871
1.8335,-1.80401496735e-05,11.8182861071
1.833625,1.22612178458e-05,11.8140506045
1.83375,5.91063987078e-05,11.8122061662
1.833875,5.77553567629e-05,11.8102498567
1.834,7.41519754724e-05,11.8098420971
1.834125,6.98365658123e-05,11.8089901412
1.83425,7.16752275724e-05,11.8083250693
1.834375,9.1343169358e-05,11.8099547113
1.8345,8.06750959693e-05,11.810269687
1.834625,8.75533572863e-05,11.8114118585
1.83475,7.11331797763e-05,11.8106893733
1.834875,4.30670906224e-05,11.8076741202
1.835,7.83042650112e-05,11.8077217904
1.835125,5.56129539424e-05,11.805594033
1.83525,7.36784081223e-05,11.8051403579
1.835375,6.50206195699e-05,11.8038269634
1.8355,3.40314539705e-05,11.8003144013
1.835625,9.1052913108e-06,11.7960309534
1.83575,1.48223896147e-06,11.7916895869
1.835875,-1.88945905463e-05,11.7876033472
1.836,-5.05273996103e-05,11.7850975464
1.836125,-6.34292908915e-05,11.7836510554
1.83625,-9.26013340527e-05,11.7854811944
1.836375,-7.81316911774e-05,11.7855319265
1.8365,-6.88959671091e-05,11.7846056675
1.836625,-7.09751020797e-05,11.7838894226
1.83675,-6.35158761879e-05,11.7824516499
1.836875,-8.38096635535e-05,11.7831673192
1.837,-8.15488587337e-05,11.7836131123
1.837125,-9.7884560727e-05,11.7861672222
1.83725,-6.90265047743e-05,11.7852534161
1.837375,-8.75031325426e-05,11.7864209306
1.8375,-5.10350736011e-05,11.7839527348
1.837625,-6.07615710832e-05,11.7822685017
1.83775,-4.27438530762e-05,11.779241982
1.837875,-5.35674221702e-05,11.7769678221
1.838,-6.77741376244e-06,11.7726580187
1.838125,-4.0575500174e-05,11.7695039702
1.83825,-2.07092222437e-05,11.7654709836
1.838375,2.65843961855e-05,11.761639276
1.8385,5.51382845599e-05,11.7594970979
1.838625,3.89988107156e-05,11.7562557924
1.83875,3.5884284282e-05,11.7528462691
1.838875,2.97421218734e-05,11.7491450784
1.839,9.07594664651e-05,11.7507795284
1.839125,9.18351254805e-05,11.7525541018
1.83925,0.000104039539742,11.7560579197
1.839375,8.44829295416e-05,11.756886457
1.8395,5.31701157657e-05,11.7545922463
1.839625,4.42114617999e-05,11.7516666646
1.83975,6.19617912998e-05,11.7501090935
1.839875,9.16946638747e-05,11.7518659218
1.84,5.39289200724e-05,11.7496330274
1.840125,7.32963924402e-05,11.7491890393
1.84025,5.75031058122e-05,11.747246503
1.840375,1.21519644793e-05,11.7430108347
1.8405,-1.08352105026e-05,11.7387532609
1.840625,8.57584292918e-06,11.7344638486
1.84075,-3.88753502003e-05,11.7312219072
1.840875,-3.38511663774e-05,11.7277144207
1.841,-1.43462379542e-05,11.7235216651
1.841125,-6.26460717331e-05,11.72204444
1.84125,-6.37006773934e-05,11.7206654865
1.841375,-7.08261697003e-05,11.7199875856
1.8415,-8.24315886002e-05,11.7206092128
1.841625,-0.000144459344228,11.7314931252
1.84175,-8.04647707958e-05,11.7318682876
1.841875,-5.26059489439e-05,11.7295424246
1.842,-8.88797173241e-05,11.7309579168
1.842125,-6.07949066165e-05,11.7293092683
1.84225,-0.00010917363726,11.7336521621
1.842375,-9.89468154323e-05,11.7364381319
1.8425,-1.69084262231e-05,11.7323033933
1.842625,4.15444594148e-06,11.7279730301
1.84275,-9.12875567054e-06,11.7236908938
1.842875,-3.70153610078e-06,11.7193579567
1.843,4.28284150586e-05,11.7163559312
1.843125,5.172187741e-05,11.7139698322
1.84325,9.11458718857e-05,11.7157042424
1.843375,4.25547765275e-05,11.7126862535
1.8435,4.75355248108e-05,11.7099976561
1.843625,6.4866223753e-05,11.708736656
1.84375,8.5503151433e-05,11.7097487705
1.843875,4.54329559463e-05,11.7069181084
1.844,0.000110766034514,11.7115621371
1.844125,5.77743816802e-05,11.709663375
1.84425,5.79156477117e-05,11.7077776506
1.844375,5.74470001815e-05,11.7058533807
1.8445,6.60989177416e-05,11.7047136404
1.844625,6.4498094407e-05,11.7034214788
1.84475,2.31054748528e-05,11.6994702844
1.844875,5.01547007896e-05,11.6969745883
1.845,3.68376232688e-05,11.6936288323
1.845125,4.46208917955e-05,11.690750025
1.84525,3.90566197221e-05,11.6875296146
1.845375,2.24721306469e-05,11.6835585974
1.8455,-3.13008328428e-05,11.6799378589
1.845625,-7.99194544254e-05,11.6803048739
1.84575,2.59616204889e-05,11.6764591504
1.845875,-5.6463420259e-05,11.674469695
1.846,-7.2668747275e-05,11.6740261241
1.846125,-6.42928246288e-05,11.6727360698
1.84625,-7.80317818403e-05,11.6728907788
1.846375,-8.51221160941e-05,11.6738992613
1.8465,-8.56510227253e-05,11.6749731539
1.846625,-7.84412078891e-05,11.6751728202
1.84675,-6.51725553207e-05,11.6739660258
1.846875,-8.09124542102e-05,11.6744573843
1.847,-7.2826167018e-05,11.6740307293
1.847125,-5.23312961047e-05,11.6717106185
1.84725,-5.32649527376e-05,11.6694644334
1.847375,-6.98570120662e-05,11.6687292238
1.8475,2.04157743624e-05,11.664694587
1.847625,-1.97659048227e-05,11.6606409039
1.84775,1.0505278843e-05,11.6563797469
1.847875,3.14841470512e-05,11.6527720785
1.848,4.13274585692e-05,11.649697014
1.848125,-1.1410240792e-05,11.6454507982
1.84825,1.40765139677e-05,11.6412552132
1.848375,0.000122274338931,11.6480278122
1.8485,8.48177282047e-05,11.6490286006
1.848625,9.41135144498e-05,11.651262442
1.84875,0.000112127832021,11.6562472198
1.848875,7.18496290465e-05,11.6557322968
1.849,0.000121251283713,11.6622835715
1.849125,0.000103381438428,11.6658511039
1.84925,6.29117620716e-05,11.6644368506
1.849375,3.39291204679e-06,11.6601024298
1.8495,9.00130244427e-05,11.6617607368
1.849625,-5.71885448431e-07,11.6574180343
1.84975,1.1895773674e-05,11.6531800389
1.849875,4.86108080056e-05,11.6505909805
1.85,5.26475306446e-06,11.6462686248
1.850125,-5.10027360642e-05,11.6438594502
1.85025,-4.16942291422e-05,11.6408096372
1.850375,-2.98061849313e-05,11.6371280559
1.8505,-2.99489950734e-05,11.6334533931
1.850625,-5.37144091105e-05,11.6312615957
1.85075,-3.31658971029e-05,11.6277393006
1.850875,-5.80363578038e-05,11.6259108007
1.851,-7.49930508674e-05,11.6257672096
1.851125,-0.00013503070191,11.6350246003
1.85125,-5.83662566075e-05,11.6332204979
1.851375,-3.19934351855e-05,11.6296408667
1.8515,-8.57212083153e-05,11.6307791753
1.851625,-5.61809993538e-05,11.6287908717
1.85175,-3.57688409261e-05,11.6254029731
1.851875,-4.38069817337e-05,11.6224935893
1.852,-4.5525323427e-05,11.6196998917
1.852125,-8.99616792582e-06,11.6154174926
1.85225,-1.80760857134e-05,11.6113192266
1.852375,-5.01191289753e-06,11.6069951103
1.8525,-2.30846181495e-05,11.6030519881
1.852625,1.08765899158e-05,11.5987978851
1.85275,4.41780101613e-05,11.5959218407
1.852875,2.87861469907e-05,11.5922021788
1.853,6.75898404176e-05,11.591297284
1.853125,9.71773563072e-05,11.5940597076
1.85325,0.000104681033372,11.5979554785
1.853375,7.53534694486e-05,11.597879695
1.8535,0.000113273181254,11.6031733937
1.853625,7.25972998786e-05,11.6027865489
1.85375,8.64017480718e-05,11.6040466954
1.853875,6.60743979506e-05,11.6029804711
1.854,7.0906767749e-05,11.6024117713
1.854125,4.90577959954e-05,11.5998761088
1.85425,7.64260995328e-05,11.5999206715
1.854375,6.57080244142e-05,11.5988213025
1.8545,3.62369224407e-05,11.5954653473
1.854625,1.69485008621e-05,11.5913384985
1.85475,3.13258563461e-05,11.5877344383
1.854875,-1.80746110533e-05,11.5836376966
1.855,-1.26140608466e-05,11.5794147795
1.855125,-2.48730247211e-05,11.5755389605
1.85525,-3.81284083443e-05,11.5722945914
1.855375,-9.48299954301e-05,11.5747478072
1.8555,-1.6380784942e-05,11.5706076895
1.855625,-7.52593931994e-05,11.570548138
1.85575,-6.82783893073e-05,11.5697311492
1.855875,-5.55453308734e-05,11.5677224512
1.856,-0.000108001252797,11.5722018838
1.856125,-5.19320053708e-05,11.5698982784
1.85625,-5.76391305748e-05,11.568068729
1.856375,-6.52971464649e-05,11.5669525071
1.8565,-4.56925398282e-05,11.5641902926
1.856625,-3.08212822814e-06,11.559854546
1.85675,-2.99836048084e-05,11.5561934524
1.856875,-6.35263411785e-05,11.5549130118
1.857,6.79567789556e-06,11.5506051352
1.857125,-1.44436136191e-05,11.5464207618
1.85725,-4.09881602251e-06,11.5420905994
1.857375,5.94266254651e-06,11.537774551
1.8575,1.83454326895e-05,11.5336881769
1.857625,1.73999558899e-05,11.5295762562
1.85775,6.51147556762e-05,11.5284705955
1.857875,5.22422843852e-05,11.5262123072
1.858,4.71164027722e-05,11.5235659632
1.858125,4.44552049242e-05,11.5207343319
1.85825,9.60674897744e-05,11.5234491652
1.858375,8.64455584311e-05,11.5248183269
1.8585,6.33761886276e-05,11.5235455235
1.858625,6.07973123803e-05,11.5220288534
1.85875,6.51089743694e-05,11.5209282458
1.858875,3.75422757038e-05,11.5176638401
1.859,5.84903141005e-05,11.5159403568
1.859125,1.97008287447e-05,11.5118947851
1.85925,2.52923990839e-05,11.5080424176
1.859375,1.0667715437e-05,11.5037868254
1.8595,3.97826088684e-05,11.5006597544
1.859625,-4.80822745477e-05,11.4980940929
1.85975,-3.06026788548e-05,11.4944716165
1.859875,-2.42864873314e-05,11.4905828234
1.86,-6.88690947473e-05,11.4898937163
1.860125,-3.11976851414e-05,11.4863009409
1.86025,-5.3679165782e-05,11.4841803426
1.860375,-5.04895803653e-05,11.4818045076
1.8605,-0.000112362033883,11.4872005362
1.860625,-3.76517498851e-05,11.4839508857
1.86075,-6.68668744603e-05,11.483057757
1.860875,-6.33007900604e-05,11.4818072383
1.861,-0.000110306521089,11.4868505785
1.861125,-5.36375422603e-05,11.4847262553
1.86125,-5.88806208118e-05,11.48305804
1.861375,-4.67257609668e-05,11.4804003446
1.8615,-3.50213039334e-05,11.4770047678
1.861625,-3.12793184264e-05,11.4734181641
1.86175,-1.81317150715e-05,11.4693295886
1.861875,-1.96209230626e-06,11.4649896254
1.862,1.43453759876e-05,11.4608062165
1.862125,8.07127223398e-06,11.4565138241
1.86225,3.04585955688e-05,11.4528914454
1.862375,4.94877453677e-05,11.4504519989
1.8625,8.18636599992e-05,11.4513188185
1.862625,7.39837833254e-05,11.4512305833
1.86275,6.55557655685e-05,11.4502286129
1.862875,5.21810140452e-05,11.4480032381
1.863,8.20522758136e-05,11.4488970278
1.863125,5.93429761576e-05,11.4472934704
1.86325,8.50789895461e-05,11.4485813918
1.863375,7.56345524854e-05,11.4486878459
1.8635,7.46200775355e-05,11.4486756951
1.863625,2.0302196258e-05,11.4446534835
1.86375,8.6861991493e-05,11.4461832957
1.863875,7.19045779419e-05,11.4458641383
1.864,1.68791380493e-05,11.4417430359
1.864125,2.73514373586e-05,11.4379831311
1.86425,2.0630415265e-06,11.4336435064
1.864375,-4.31622328619e-05,11.4307550565
1.8645,-1.06627933767e-05,11.4265009507
1.864625,-2.49541556712e-05,11.4226450326
1.86475,-9.22578384603e-05,11.4249601919
1.864875,-1.32132114819e-05,11.4207538486
1.865,-7.04066463155e-05,11.4202915082
1.865125,-7.45631722606e-05,11.4203011101
1.86525,-7.66391577377e-05,11.4205563127
1.865375,-7.94856406039e-05,11.4211589328
1.8655,-9.38464306501e-05,11.4237075313
1.865625,-8.12635967447e-05,11.4245299931
1.86575,-3.24626709561e-05,11.4210115959
1.865875,-8.51114970337e-05,11.4223380013
1.866,-6.11809380328e-05,11.4209245563
1.866125,-2.51861818837e-05,11.417078374
1.86625,-2.19342129196e-05,11.4131125313
1.866375,-2.87846701198e-05,11.4094195967
1.8665,-1.56676638712e-05,11.4052694037
1.866625,2.44636200111e-06,11.4009311628
1.86675,1.9291566865e-05,11.3968810164
1.866875,-1.76681348951e-05,11.3927838945
1.867,6.44640199671e-05,11.3917153678
1.867125,3.43260995246e-05,11.3883013304
1.86725,5.0702207329e-05,11.3859863657
1.867375,5.5284785418e-05,11.3840557329
1.8675,8.60435675554e-05,11.3855563885
1.867625,7.9540861956e-05,11.3862059289
1.86775,7.82318979138e-05,11.3866918724
1.867875,5.66107387809e-05,11.3848778965
1.868,7.14064865267e-05,11.3845595985
1.868125,5.28645357383e-05,11.3824231542
1.86825,2.67475882604e-05,11.3786454589
1.868375,6.78382411381e-05,11.3779403591
1.8685,3.29291106723e-05,11.3744549744
1.868625,9.57576273965e-05,11.3773644015
1.86875,5.33815150504e-05,11.3752750428
1.868875,2.7938791453e-05,11.3715498275
1.869,-2.89267671984e-06,11.3672135107
1.869125,-9.24265291677e-06,11.3629383004
1.86925,-5.61303973336e-05,11.361095234
1.869375,-3.91977788663e-05,11.3579721039
1.8695,-1.49937280656e-05,11.3538077892
1.869625,-3.28639459378e-05,11.3503237732
1.86975,-0.000103678269084,11.3545286829
1.869875,-3.34079130357e-05,11.3510731861
1.87,-6.86689805492e-05,11.3504814204
1.870125,-5.13351929839e-05,11.3482355743
1.87025,-6.7411377921e-05,11.3475100871
1.870375,-5.45452335882e-05,11.3455362545
1.8705,-8.51358993518e-05,11.3469652879
1.870625,-6.46282034648e-05,11.3459483474
1.87075,1.0497325122e-06,11.3416062806
1.870875,-5.57467650025e-05,11.3397413072
1.871,-8.27796092064e-05,11.3408627419
1.871125,-2.25369061682e-05,11.3369249542
1.87125,-1.63099188312e-05,11.3327944033
1.871375,2.56817998028e-05,11.3289785507
1.8715,6.69117459943e-06,11.3246714193
1.871625,-1.79508727614e-05,11.3205864822
1.87175,3.58614243711e-05,11.3172741284
1.871875,2.46367269648e-05,11.3134179894
1.872,3.91728855209e-05,11.3103067567
1.872125,6.88011089484e-06,11.3060018396
1.87225,0.000109124436781,11.3112243792
1.872375,6.63613469355e-05,11.3104171118
1.8725,9.29043913926e-05,11.3130024529
1.872625,6.45413244711e-05,11.3120026116
1.87275,5.07416328496e-05,11.3097267917
1.872875,5.57116275897e-05,11.3078769248
1.873,6.30620489669e-05,11.3067294163
1.873125,5.81113631025e-05,11.3051007533
1.87325,5.66715909945e-05,11.3033402655
1.873375,3.01855130901e-05,11.2997304286
1.8735,2.64067140162e-05,11.2959490088
1.873625,3.25505812659e-05,11.2924599922
1.87375,1.48848363295e-05,11.288295768
1.873875,1.49530479874e-05,11.2841333586
1.874,-1.9050023232e-05,11.2800837086
1.874125,-3.28577748259e-06,11.2757494977
1.87425,-3.29611544235e-06,11.2714153507
1.874375,-1.31570836243e-05,11.2672127235
1.8745,-2.38577596741e-05,11.2633315813
1.874625,-8.07153586631e-05,11.2642762084
1.87475,-2.34032385983e-05,11.2603779394
1.874875,-9.35941375982e-05,11.2631478715
1.875,-6.76596338044e-05,11.2625211359
1.875125,-7.73062008291e-05,11.2630296844
1.87525,-5.66883318733e-05,11.2612958677
1.875375,-5.3731488076e-05,11.2592979744
1.8755,-4.55229386749e-05,11.2566392078
1.875625,-4.10296864908e-05,11.2536652695
1.87575,-3.01802816671e-05,11.2500636084
1.875875,-3.37947816671e-05,11.2466508883
1.876,-3.00511217933e-05,11.2430440845
1.876125,2.01822658432e-05,11.2390334626
1.87625,4.34570551413e-05,11.236232508
1.876375,5.39341826606e-05,11.2342660073
1.8765,3.82060269144e-05,11.2311162782
1.876625,2.76650145774e-05,11.2273994574
1.87675,8.74519644134e-05,11.2293144
1.876875,3.53087399596e-05,11.2259917448
1.877,7.00036115841e-05,11.2256610001
1.877125,5.1269628525e-05,11.2234707779
1.87725,9.24117316404e-05,11.2261214027
1.877375,8.17231503354e-05,11.2272454213
1.8775,7.68829659304e-05,11.2277401359
1.877625,4.64531315951e-05,11.2251636728
1.87775,2.80375056595e-07,11.2208207924
1.877875,6.57962794805e-05,11.2200266729
1.878,4.48421062791e-05,11.2173327574
1.878125,4.27174743017e-05,11.2144872355
1.87825,6.46888678059e-06,11.2101786583
1.878375,-1.25735388989e-05,11.2059656802
1.8785,-5.31048762072e-06,11.201645942
1.878625,-2.01291350765e-05,11.1976367389
1.87875,-1.07670705771e-05,11.1933893743
1.878875,-1.49271613969e-05,11.1892303151
1.879,-5.49135313071e-05,11.1873776761
1.879125,-5.84886876374e-05,11.1858609525
1.87925,-5.33995606074e-05,11.1838747544
1.879375,-7.36038241259e-05,11.1840102915
1.8795,-5.23759225592e-05,11.181935594
1.879625,-6.08285620681e-05,11.1806532733
1.87975,-0.000119419086956,11.1880981656
1.879875,-6.55150918288e-05,11.1873003911
1.88,-7.64190758916e-05,11.1877810742
1.880125,-9.51744858732e-05,11.1909169044
1.88025,-2.90127097426e-05,11.1872689705
1.880375,-5.1164462213e-06,11.1829476603
1.8805,-6.24022731281e-05,11.1818249427
1.880625,1.866765237e-05,11.1777703506
1.88075,-3.20741390117e-05,11.1742793906
1.880875,-4.19119802863e-05,11.1713922974
1.881,-1.67038920933e-06,11.167051667
1.881125,5.15858321031e-05,11.1649176765
1.88125,3.73424695574e-05,11.1617329699
1.881375,4.21181984835e-05,11.1588644886
1.8815,4.98335172755e-05,11.1565868994
1.881625,6.67352794766e-05,11.1559491276
1.88175,7.22713478883e-05,11.1559519012
1.881875,1.76578585329e-05,11.1518684994
1.882,5.9171401902e-05,11.1504418568
1.882125,5.24289907244e-05,11.1483893881
1.88225,7.87718913364e-05,11.1492175858
1.882375,4.85655707252e-05,11.1468406179
1.8825,8.50564622167e-05,11.1485284114
1.882625,7.31886755936e-05,11.1486497647
1.88275,2.5674112108e-05,11.1448564112
1.882875,2.85164062769e-05,11.1411920627
1.883,-8.34563195854e-07,11.1368496997
1.883125,7.05339978073e-05,11.1366643827
1.88325,-1.03382377329e-06,11.1323223316
1.883375,1.22909679366e-05,11.128105824
1.8835,1.8067809849e-05,11.1240363609
1.883625,-8.39355753012e-06,11.1197524942
1.88375,-5.86475376802e-05,11.1182957166
1.883875,-4.94222681619e-05,11.116003248
1.884,-2.99645268296e-05,11.1124145583
1.884125,-6.36049288585e-05,11.111471869
1.88425,-8.40108935959e-05,11.1130604837
1.884375,-2.67387998231e-05,11.1093185593
1.8845,-9.66989416928e-05,11.1128362919
1.884625,-7.32027949847e-05,11.1129962027
1.88475,-4.77228805395e-05,11.1105675114
1.884875,-5.89783033037e-05,11.1091495474
1.885,-5.17439603147e-05,11.1070589389
1.885125,-6.69645024839e-05,11.1064894233
1.88525,-6.13370756955e-05,11.1053129846
1.885375,1.34179010591e-06,11.1009715561
1.8855,-2.77218843702e-06,11.09663509
1.885625,-1.16215854094e-05,11.0924061185
1.88575,1.47136665702e-06,11.0880650023
1.885875,-2.99269340144e-05,11.0844792766
1.886,5.40160373535e-05,11.082604732
1.886125,7.84783624565e-06,11.0783139281
1.88625,7.72778991579e-05,11.0790288547
1.886375,7.28555357181e-05,11.0791810056
1.8865,7.33513353091e-05,11.0793943533
1.886625,6.72810067033e-05,11.0788849072
1.88675,8.61703720853e-05,11.0808291227
1.886875,4.36623924576e-05,11.0781005101
1.887,9.79825698297e-05,11.0818862931
1.887125,3.13663439565e-05,11.0783763368
1.88725,6.07877673069e-05,11.077163647
1.887375,7.72820936198e-05,11.0778804616
1.8875,5.84288286628e-05,11.0764299488
1.887625,2.89943593199e-05,11.0727996763
1.88775,-3.49499882912e-06,11.0684670961
1.887875,-1.44688906117e-05,11.0643019614
1.888,-4.41164332667e-06,11.0599755633
1.888125,-2.23919502502e-05,11.0560593025
1.88825,-4.90366835784e-05,11.0537641002
1.888375,-1.47861655403e-05,11.0496074786
1.8885,-4.90886118733e-05,11.0473196646
1.888625,-4.57671270264e-05,11.0447641432
1.88875,-3.74860336923e-05,11.0416210957
1.888875,-7.22194795499e-05,11.0417333314
1.889,-5.40095169771e-05,11.0398825936
1.889125,-7.85935202811e-05,11.0408175686
1.88925,-3.23502531732e-05,11.0373691032
1.889375,-4.64756081425e-05,11.0348735645
1.8895,-5.33855245721e-05,11.0329694366
1.889625,-3.96900441123e-05,11.0299752692
1.88975,-3.64144846916e-05,11.0267684739
1.889875,-6.80691007549e-05,11.0263971342
1.89,-6.41760057323e-05,11.0255849688
1.890125,-4.27997234409e-05,11.0228130608
1.89025,7.57531528903e-06,11.018519372
1.890375,1.48263843173e-06,11.0141783159
1.8905,-1.57673914267e-05,11.0100491833
1.890625,-1.27394374496e-05,11.0058459494
1.89075,5.67891612856e-05,11.004281111
1.890875,1.70757198059e-05,11.0001895046
1.891,6.59526058617e-05,10.9995980072
1.891125,3.40675306572e-05,10.9962564747
1.89125,4.67273824164e-05,10.9937987605
1.891375,8.87524881814e-05,10.9962569693
1.8915,8.71869931746e-05,10.9984738329
1.891625,7.48136849711e-05,10.998959416
1.89175,9.91206711114e-05,11.0030877773
1.891875,6.27856558665e-05,11.0021425219
1.892,7.67600074577e-05,11.0028781688
1.892125,6.66822867426e-05,11.0023677313
1.89225,4.67417902295e-05,10.9999085276
1.892375,5.89378229338e-05,10.9985619082
1.8925,2.67538981687e-05,10.9948367359
1.892625,2.07073489982e-06,10.9904974954
1.89275,-8.3897525001e-06,10.9862154183
1.892875,-6.95960310069e-06,10.9819143998
1.893,-1.52238597718e-05,10.9777722669
1.893125,-3.25737049449e-05,10.9743494592
1.89325,-5.79939358719e-05,10.9729247865
1.893375,-4.86206339745e-05,10.9706338903
1.8935,-7.43183841916e-05,10.9710864115
1.893625,-4.54143124545e-05,10.9685346035
1.89375,-6.09152597459e-05,10.9674155399
1.893875,-4.2740799316e-05,10.9646604317
1.894,-3.18313183712e-05,10.9611988211
1.894125,-5.4691022935e-05,10.9594591721
1.89425,-0.000111547682179,10.9659399179
1.894375,2.54759217993e-06,10.9616026174
1.8945,-0.000111281562184,10.9680265358
1.894625,-0.000105695687723,10.9733835139
1.89475,-8.76313211061e-05,10.9757023251
1.894875,4.83600832537e-06,10.9713796732
1.895,6.50278284245e-06,10.9670734566
1.895125,2.06759540728e-06,10.9627342285
1.89525,-8.09518598151e-06,10.9584483158
1.895375,1.72015420775e-05,10.9543631327
1.8955,5.15778837873e-05,10.9523392707
1.895625,2.84449400297e-05,10.9487021269
1.89575,7.66235041535e-05,10.9494823561
1.895875,7.73111676766e-05,10.9503539628
1.896,6.1453331666e-05,10.9493058419
1.896125,7.01078119837e-05,10.9492516326
1.89625,8.66110897837e-05,10.9514525794
1.896375,4.53862134526e-05,10.9489066602
1.8965,9.51782951895e-05,10.952465615
1.896625,3.68483005924e-05,10.9493069944
1.89675,3.09840547195e-05,10.9458020523
1.896875,5.50746822111e-05,10.9441084176
1.897,5.06045779548e-05,10.9420031548
1.897125,2.07510003376e-05,10.9380367407
1.89725,-1.73275187457e-05,10.933956579
1.897375,1.04341964464e-05,10.9297090146
1.8975,2.37167335541e-05,10.9258593068
1.897625,-4.92425892095e-05,10.9236441625
1.89775,-4.71590850241e-06,10.9193207479
1.897875,-2.10283334073e-05,10.9153664898
1.898,-5.88575330602e-05,10.9140704337
1.898125,-6.0602078018e-05,10.9129585704
1.89825,-6.72907522227e-05,10.9125999726
1.898375,-4.85466611978e-05,10.9103314469
1.8985,-8.28776616108e-05,10.9120346807
1.898625,-7.32341865569e-05,10.9124116025
1.89875,-7.41241327329e-05,10.9129034499
1.898875,-0.000113121394875,10.9198111648
1.899,-0.00010526511788,10.9251966513
1.899125,-5.22354074061e-05,10.9232483014
1.89925,-3.94090803936e-05,10.9202691264
1.899375,-2.53317424774e-05,10.9164901003
1.8995,-4.9343984175e-05,10.9142883387
1.899625,-4.93957277643e-05,10.9120921568
1.89975,-5.18883360143e-05,10.9101192387
1.899875,-1.09515876136e-05,10.9058819461
1.9,-4.01321747991e-05,10.9029589337
1.900125,2.89485254987e-05,10.8993553584
1.90025,4.50535663565e-05,10.8968045649
1.900375,3.42752609271e-05,10.8934995563
1.9005,5.31261581824e-05,10.8916516864
1.900625,7.73329446389e-05,10.8925961276
1.90075,5.72668449631e-05,10.8911528182
1.900875,6.64298245189e-05,10.8907125024
1.901,6.4471665999e-05,10.8900459697
1.901125,6.92547770989e-05,10.889945548
1.90125,4.2456117099e-05,10.8871975555
1.901375,4.32244459014e-05,10.8845088483
1.9015,0.000104501478892,10.8898320212
1.901625,4.2687489214e-05,10.887101499
1.90175,4.85800056922e-05,10.8848480523
1.901875,4.84265378949e-05,10.8825825051
1.902,4.75979958085e-05,10.8802475439
1.902125,1.57049806349e-05,10.8761233655
1.90225,-2.58229787119e-05,10.8723724078
1.902375,-9.92829342345e-06,10.8681170519
1.9025,-4.14278883752e-05,10.8653004041
1.902625,-1.41298728465e-05,10.8611351558
1.90275,-3.02871801733e-05,10.8576093667
1.902875,-2.3566662547e-05,10.8537615891
1.903,-8.16039101276e-05,10.8553573294
1.903125,-9.12713780103e-05,10.8584395077
1.90325,-2.61408211711e-05,10.8547056866
1.903375,-4.65679395946e-05,10.8522971505
1.9035,-5.70389097389e-05,10.8508576201
1.903625,-8.06768103504e-05,10.852323158
1.90375,-8.74090004308e-05,10.8547954456
1.903875,-6.30396756018e-05,10.8539966554
1.904,-6.19767352081e-05,10.8530800303
1.904125,-2.98235712689e-05,10.8495308891
1.90425,-1.92523559062e-05,10.8455190294
1.904375,-5.05914009934e-05,10.8434639401
1.9045,-6.10229089545e-05,10.8424507666
1.904625,1.58745890869e-05,10.8383332924
1.90475,1.29327328095e-05,10.8341401371
1.904875,-9.19138823909e-06,10.8298729254
1.905,5.7975820326e-05,10.8285450494
1.905125,-4.46990362193e-06,10.8242200388
1.90525,5.16614831106e-05,10.8222744545
1.905375,8.08805461331e-05,10.823807869
1.9055,3.18570117651e-05,10.8203767779
1.905625,4.62644052243e-05,10.8179582605
1.90575,9.56336551422e-05,10.8218369097
1.905875,4.97835460337e-05,10.8197214667
1.906,2.59495223624e-05,10.8159841385
1.906125,7.1003665869e-05,10.8161772433
1.90625,7.57244164034e-05,10.8169929676
1.906375,8.24543267374e-05,10.8187645562
1.9065,2.7152993484e-05,10.8150848462
1.906625,4.0294920782e-05,10.812203609
1.90675,6.44025868524e-05,10.8115960973
1.906875,3.59547927029e-05,10.8084179145
1.907,1.57874789362e-05,10.8042997271
1.907125,2.0819035504e-05,10.8003479952
1.90725,-1.47117538194e-05,10.796200586
1.907375,2.02327367437e-05,10.7922278205
1.9075,-4.54407497692e-05,10.7897534753
1.907625,-3.17692330201e-05,10.7863245046
1.90775,-5.85144869367e-05,10.7850838378
1.907875,-6.7551640878e-05,10.7848761083
1.908,-6.39364423021e-05,10.7842379702
1.908125,-4.75807785391e-05,10.7819475016
1.90825,-8.32759672969e-05,10.7838919656
1.908375,-5.66399681788e-05,10.7824574123
1.9085,-2.85056459896e-05,10.7788515577
1.908625,-6.17772119543e-05,10.7779723087
1.90875,-1.17935931994e-05,10.7737556717
1.908875,-4.06477968052e-05,10.7709143635
1.909,-4.44006519692e-05,10.7683642486
1.909125,-6.42988419969e-05,10.7677824766
1.90925,-4.11807538282e-05,10.7649829181
1.909375,-5.27924861107e-05,10.7631777916
1.9095,2.92048198683e-05,10.7596119772
1.909625,-7.90974801117e-07,10.755269603
1.90975,2.76068793858e-05,10.7516223459
1.909875,4.87009852688e-05,10.7494458399
1.91,1.93355239805e-05,10.7454446318
1.910125,4.72831768438e-05,10.7431467565
1.91025,7.61801773661e-05,10.7441132095
1.910375,4.93555774305e-05,10.7419991678
1.9105,3.56925334023e-05,10.7388225974
1.910625,3.88379007762e-05,10.7358616322
1.91075,0.000124322547022,10.7456683942
1.910875,5.40240982423e-05,10.7439948652
1.911,5.85186457095e-05,10.7427850176
1.911125,6.29224993886e-05,10.7420652847
1.91125,8.98208103203e-05,10.7451034178
1.911375,5.19517135676e-05,10.7432293954
1.9115,7.97174845746e-05,10.7446999149
1.911625,8.98529835139e-06,10.7404308511
1.91175,-2.43530543758e-05,10.7366311292
1.911875,5.22348953335e-05,10.7347889604
1.912,-2.17764393646e-05,10.7308809407
1.912125,2.11765548202e-05,10.7269496604
1.91225,-3.12401480622e-05,10.7235033757
1.912375,-8.68798060201e-05,10.7260959985
1.9125,-4.62825218819e-05,10.7237212459
1.912625,-1.1354878517e-05,10.7194968584
1.91275,-7.40471646342e-05,10.7201976972
1.912875,-3.27091363178e-05,10.7168392409
1.913,-0.000112140740964,10.7240629022
1.913125,-9.23217483519e-05,10.7275497757
1.91325,-9.33750089223e-05,10.731209735
1.913375,-6.02395789505e-05,10.730196588
1.9135,-6.29821282329e-05,10.7294942556
1.913625,-4.96637331278e-05,10.7274157338
1.91375,-2.90526534817e-05,10.7238482014
1.913875,-1.71082539724e-05,10.7197743819
1.914,-4.98334252105e-05,10.7177164637
1.914125,-6.03247755694e-06,10.7134070278
1.91425,-2.63703493234e-05,10.709704998
1.914375,-2.79790995025e-05,10.7060841615
1.9145,-2.32404112975e-06,10.7017462035
1.914625,2.73268024205e-05,10.6980933555
1.91475,4.65983050521e-05,10.6957584489
1.914875,7.05635808399e-05,10.6960212138
1.915,8.07083961214e-06,10.691738549
1.915125,6.31892687023e-05,10.6910927742
1.91525,8.31097910646e-05,10.6931444799
1.915375,8.00445666084e-05,10.69473071
1.9155,3.97660440896e-05,10.6918513571
1.915625,7.87145762109e-05,10.6932440255
1.91575,9.71125864333e-05,10.6976254057
1.915875,2.3465947791e-05,10.6937918266
1.916,6.84288713045e-06,10.6894922367
1.916125,3.97202413697e-05,10.6866112769
1.91625,3.37045165415e-05,10.6833217577
1.916375,2.75448069307e-05,10.6796829441
1.9165,1.91648833589e-05,10.6756811674
1.916625,-1.92682732279e-05,10.6716833995
1.91675,2.06359133164e-05,10.6677367334
1.916875,-3.41311451644e-05,10.6644787524
1.917,-4.81168172789e-05,10.6622934502
1.917125,-6.49416106559e-05,10.661882036
1.91725,-3.89115489369e-05,10.6589511075
1.917375,-6.74143809982e-05,10.6588479051
1.9175,-6.19094831411e-05,10.6580809169
1.917625,-6.74647412584e-05,10.6579848986
1.91775,-6.14995014571e-05,10.6571714255
1.917875,-6.79774890122e-05,10.6571410782
1.918,-0.000106774600813,10.6634305396
1.918125,-8.93945617289e-05,10.6665323143
1.91825,-6.72896621062e-05,10.666406083
1.918375,-5.31828354244e-05,10.6646977226
1.9185,-7.25423110324e-05,10.6652571846
1.918625,-3.94464824732e-05,10.6623642125
1.91875,-1.27300609672e-05,10.6581724004
1.918875,1.19073804868e-05,10.6539618135
1.919,-4.76491134975e-05,10.6517399089
1.919125,5.17601919163e-05,10.6499009625
1.91925,-1.31371218758e-06,10.6455596318
1.919375,-2.9561201223e-06,10.6412248684
1.9195,7.49699829027e-05,10.6421461019
1.919625,6.60421551001e-05,10.6418879034
1.91975,5.7818200822e-05,10.6406762628
1.919875,5.79023339959e-05,10.6394746145
1.92,8.43554531511e-05,10.6417980024
1.920125,0.000102660691866,10.6473195954
1.92025,9.90672756949e-05,10.6521517574
1.920375,9.59189364298e-05,10.6564010315
1.9205,7.66274105387e-05,10.6575382771
1.920625,9.13909003873e-05,10.6609865251
1.92075,3.7218471726e-05,10.6579356778
1.920875,6.2612898282e-05,10.6572511448
1.921,4.59654212656e-05,10.654880533
1.921125,9.06311374502e-06,10.6506143251
1.92125,-3.20815457579e-05,10.6472337513
1.921375,3.22239546096e-05,10.6438624952
1.9215,-8.93813790299e-06,10.6395943752
1.921625,-4.42051863758e-05,10.6370830569
1.92175,-3.00983285417e-05,10.6335898313
1.921875,-6.3289263426e-05,10.6330057333
1.922,-5.36098106041e-05,10.6313604942
1.922125,-8.56770721789e-05,10.6339070881
1.92225,-3.00446038802e-05,10.6304114514
1.922375,-0.000142067581525,10.6449894995
1.9225,-7.91266847735e-05,10.6465051771
1.922625,-5.62252330725e-05,10.6451202828
1.92275,-0.000102933838782,10.6506868034
1.922875,-6.59920474679e-05,10.6504144028
1.923,-8.30994057739e-05,10.6525246291
1.923125,-6.22279169378e-05,10.6517997682
1.92325,-8.30066426951e-05,10.6538935539
1.923375,-3.78870302269e-05,10.6508917246
1.9235,-9.53952311208e-06,10.6466338743
1.923625,-4.94425624803e-05,10.6445784535
1.92375,-2.92240507898e-05,10.6410352038
1.923875,-5.38534394294e-06,10.6367194399
1.924,-4.71874997057e-06,10.6323973843
1.924125,2.02739154612e-05,10.6284404132
1.92425,3.16546331701e-05,10.6250391952
1.924375,2.40107881827e-05,10.62123853
1.9245,9.67797412892e-05,10.6257049785
1.924625,3.88646231015e-05,10.6227824279
1.92475,3.12866550475e-05,10.6193606438
1.924875,6.20240863274e-05,10.6186396708
1.925,5.24083414847e-05,10.6168834435
1.925125,0.000101913181856,10.6223179328
1.92525,0.000110708054986,10.6294960352
1.925375,8.77596847648e-05,10.6323844568
1.9255,3.55185980584e-05,10.6292260676
1.925625,7.9123013846e-05,10.6307624891
1.92575,6.20841203423e-05,10.630039017
1.925875,5.90415566718e-05,10.6289701536
1.926,2.42803948806e-05,10.6251812324
1.926125,2.93796103294e-05,10.6216501358
1.92625,3.74074054271e-05,10.6186243123
1.926375,2.32206545811e-05,10.6147892959
1.9265,2.32061305138e-06,10.6104514288
1.926625,-5.31485180023e-06,10.6061351451
1.92675,-9.7079683388e-05,10.6106870753
1.926875,-5.43504634455e-05,10.6091311495
1.927,-7.21120543175e-05,10.609695009
1.927125,-5.42821272188e-05,10.6081327163
1.92725,-9.30815698074e-05,10.6119640012
1.927375,-0.000104238290192,10.617860764
1.9275,-6.66523826039e-05,10.6177016832
1.927625,-5.86654425331e-05,10.6166004466
1.92775,-5.7586867869e-05,10.6153819413
1.927875,-1.11224666824e-05,10.6111556236
1.928,-3.05573826505e-05,10.6076937565
1.928125,-8.77461317717e-05,10.6106162989
1.92825,-4.04464598469e-06,10.6062887938
1.928375,-1.19537702293e-05,10.6020808434
1.9285,3.13187113778e-06,10.5977471741
1.928625,4.88509178019e-05,10.5956626211
1.92875,-3.32828091996e-05,10.5923686455
1.928875,1.69035246247e-05,10.5882964988
1.929,2.55907582929e-05,10.5845747763
1.929125,4.288581465e-05,10.5819777503
1.92925,5.4454689512e-05,10.5804510701
1.929375,5.64613995506e-05,10.5791367692
1.9295,5.4112023192e-05,10.5775765873
1.929625,5.52078094906e-05,10.5761312527
1.92975,0.000106946368479,10.5826554907
1.929875,3.69074652499e-05,10.5796062641
1.93,5.35035239349e-05,10.5779835742
1.930125,7.90863684101e-05,10.579584224
1.93025,8.02783915928e-05,10.5813630106
1.930375,3.32234332436e-05,10.5780687428
1.9305,1.30792703759e-05,10.5738884628
1.930625,1.41142353349e-06,10.5695474141
1.93075,2.49711401303e-05,10.565798534
1.930875,2.11906825687e-05,10.5618837729
1.931,-2.46738357023e-05,10.5581218565
1.931125,-2.40505701627e-05,10.5543314373
1.93125,-5.36410074168e-05,10.552738695
1.931375,-5.3028727319e-05,10.5510845321
1.9315,-4.88327501627e-05,10.5490226716
1.931625,-5.08469834625e-05,10.5471539899
1.93175,-0.000105042036372,10.553365226
1.931875,-9.53142153533e-05,10.5577016128
1.932,-7.63843151627e-05,10.5589292573
1.932125,-6.93244705772e-05,10.5591739836
1.93225,-6.49931924567e-06,10.5548713808
1.932375,-8.68648004392e-05,10.557735885
1.9325,-7.8740515908e-05,10.5593122137
1.932625,-3.18323188623e-05,10.5559368746
1.93275,-4.32670647515e-05,10.5533827769
1.932875,-5.76365536011e-05,10.5522155391
1.933,1.09606545175e-05,10.547987512
1.933125,-2.79448128598e-05,10.5443922334
1.93325,-5.98165548826e-05,10.5434767586
1.933375,1.41822533132e-05,10.5393265995
1.9335,-4.7325276954e-06,10.5350051425
1.933625,2.40249758989e-05,10.5312164904
1.93375,4.34485089023e-05,10.5286877194
1.933875,3.26853231967e-05,10.5253721446
1.934,5.04702109596e-05,10.5234802486
1.934125,3.65264041929e-05,10.5204218303
1.93425,8.41883470429e-05,10.5229032466
1.934375,0.000121567874369,10.5327697803
1.9345,7.00489296043e-05,10.5331391241
1.934625,7.6571315027e-05,10.5344257888
1.93475,0.00011836535921,10.5435190348
1.934875,8.85119266996e-05,10.5466787969
1.935,6.95558013392e-05,10.5469672142
1.935125,4.36067887628e-05,10.5444450681
1.93525,3.15107548864e-05,10.5410535317
1.935375,9.5791209715e-06,10.536798587
1.9355,2.46758700501e-05,10.5330401325
1.935625,3.37308613592e-05,10.5297902318
1.93575,-5.46165293084e-07,10.5254475738
1.935875,-9.31962655337e-06,10.5211882258
1.936,-4.3012630018e-05,10.5186273542
1.936125,-4.5127551155e-05,10.5162471556
1.93625,-8.40280310881e-06,10.511972313
1.936375,-4.80534329027e-05,10.5098582223
1.9365,-9.36910588811e-05,10.5139861539
1.936625,-8.71467983707e-05,10.5169660492
1.93675,-5.08392795175e-05,10.5151149381
1.936875,-5.32737651972e-05,10.5135092775
1.937,-5.97624411296e-05,10.5126120125
1.937125,-4.30705819135e-05,10.5100594767
1.93725,-8.8669384759e-05,10.5133041155
1.937375,-4.29621250019e-05,10.5107422921
1.9375,-6.94737684528e-05,10.5110581681
1.937625,-3.81337118241e-05,10.5081192767
1.93775,-7.19895505185e-05,10.5087814946
1.937875,8.27867589859e-06,10.5045047686
1.938,-1.10420805898e-05,10.5002797437
1.938125,6.04471244875e-05,10.4994726014
1.93825,2.45874327364e-05,10.4957149738
1.938375,-4.6765565914e-06,10.4913932234
1.9385,8.8927208115e-05,10.4947148556
1.938625,3.10109818665e-05,10.4913039934
1.93875,8.2987810276e-05,10.4936368877
1.938875,9.88794415632e-05,10.4987632076
1.939,3.00500356178e-05,10.4952946654
1.939125,2.75643574602e-05,10.491688048
1.93925,6.33612584548e-05,10.4912375763
1.939375,6.26467743868e-05,10.4907002466
1.9395,6.68355823004e-05,10.490689121
1.939625,-1.68242425869e-05,10.4866207948
1.93975,3.63780786068e-05,10.4835628249
1.939875,7.61027875811e-05,10.4848446539
1.94,3.84501296336e-06,10.4805160723
1.940125,3.47384534317e-05,10.4773465439
1.94025,1.08147316816e-05,10.4731174228
1.940375,-4.23374063072e-05,10.4705202637
1.9405,7.65545253049e-06,10.4662344442
1.940625,-3.061472135e-05,10.4628058925
1.94075,-9.59432304663e-06,10.4585528322
1.940875,-4.03472442405e-05,10.4558007564
1.941,-6.94692934622e-05,10.4561753047
1.941125,-9.36845283329e-05,10.4604072959
1.94125,-2.36321360431e-05,10.4566099574
1.941375,-6.56231286001e-05,10.4564760606
1.9415,-3.51470437243e-05,10.4533409605
1.941625,-6.38167292312e-05,10.4529816299
1.94175,-6.50698550609e-05,10.4527805497
1.941875,-6.18673836448e-05,10.4521821553
1.942,-3.63684379628e-05,10.4491337277
1.942125,-7.45462712134e-05,10.450230896
1.94225,-2.49005582975e-05,10.4464951155
1.942375,-3.78266231787e-05,10.4435543934
1.9425,2.85741934204e-05,10.4400121931
1.942625,-3.6610502501e-06,10.4356824051
1.94275,1.50963471468e-06,10.4313416996
1.942875,-1.22328050252e-06,10.4270002266
1.943,-2.3868085243e-06,10.4226628907
1.943125,2.29063815563e-05,10.4188370313
1.94325,4.23436431311e-05,10.4162623452
1.943375,6.07203507562e-05,10.4155568912
1.9435,4.73655756766e-05,10.4134280642
1.943625,5.1541006655e-05,10.4117079686
1.94375,7.54318605392e-05,10.4129832521
1.943875,8.22366591466e-05,10.4153151386
1.944,4.56698937526e-05,10.4130307704
1.944125,5.84782714557e-05,10.4120642624
1.94425,7.19301075613e-05,10.4128299073
1.944375,2.20407925987e-05,10.4089667942
1.9445,5.5423577335e-05,10.407659712
1.944625,1.6605863521e-05,10.4035894669
1.94475,-4.67184138548e-06,10.3992681273
1.944875,4.79668980564e-05,10.3972043905
1.945,1.33235993828e-05,10.3930374225
1.945125,3.90047870412e-06,10.3887095741
1.94525,3.3343979119e-06,10.3843776727
1.945375,-3.25139991051e-05,10.3810857018
1.9455,-3.89358920274e-05,10.3782509529
1.945625,-2.71949997017e-05,10.374644313
1.94575,-2.36121463739e-05,10.3708569144
1.945875,-7.3261257164e-05,10.371863763
1.946,-7.67881214929e-05,10.3733963798
1.946125,-0.000123940376112,10.3843383489
1.94625,-3.90236225746e-05,10.381509269
1.946375,-7.94137981646e-05,10.3834363446
1.9465,-6.11989777594e-05,10.3828164596
1.946625,-7.72332990155e-05,10.3844023931
1.94675,-5.11707064981e-05,10.3826620873
1.946875,-1.86756562876e-05,10.3786660467
1.947,-0.000103464433155,10.3849675884
1.947125,-3.7136950066e-05,10.3819954895
1.94725,-5.45108802279e-05,10.3806075656
1.947375,-5.33159403021e-06,10.3762929082
1.9475,1.07480821479e-05,10.3720650351
1.947625,1.68807293292e-05,10.3680062112
1.94775,6.25222471118e-05,10.3675628212
1.947875,1.79125057292e-05,10.363540121
1.948,4.8846766575e-05,10.3615802635
1.948125,3.12892265905e-05,10.3582157361
1.94825,5.41198261055e-05,10.3568015679
1.948375,5.93778356894e-05,10.3559850406
1.9485,2.83462068818e-05,10.3524461636
1.948625,7.65777914115e-05,10.3539728258
1.94875,4.26902666776e-05,10.3514542417
1.948875,2.35106176877e-05,10.3476650249
1.949,5.32536146758e-05,10.34616478
1.949125,7.57919042939e-05,10.3475799816
1.94925,3.04928352199e-05,10.344169287
1.949375,7.8055459859e-05,10.3459361227
1.9495,1.3607832445e-05,10.3417789226
1.949625,4.40342510458e-05,10.3393824468
1.94975,5.89736334284e-05,10.3385320659
1.949875,4.16440542529e-05,10.3359313579
1.95,7.093602123e-06,10.3316390048
1.950125,2.03684527996e-06,10.3273002353
1.95025,8.97526618576e-06,10.323038443
1.950375,-1.60282400054e-05,10.3189545558
1.9505,-7.50239401044e-05,10.3202891726
1.950625,-2.27416973775e-05,10.3164680617
1.95075,-7.86808102925e-05,10.3183728131
1.950875,-4.33189266585e-05,10.3159238024
1.951,-3.09421967348e-05,10.3125478054
1.951125,-7.58862904679e-05,10.3140221739
1.95125,-4.39618629794e-05,10.3116317415
1.951375,-7.44616989311e-05,10.3128910669
1.9515,-7.15907328171e-05,10.313725467
1.951625,-7.35423381789e-06,10.3094371786
1.95175,-3.69868671713e-05,10.3064778756
1.951875,-7.06046910076e-05,10.3071781591
1.952,-2.6858140173e-05,10.3035652414
1.952125,-1.72965801375e-05,10.2995253299
1.95225,-3.78531917982e-05,10.2966349024
1.952375,2.60748247338e-05,10.292981699
1.9525,-2.05620998957e-05,10.2890680501
1.952625,3.65750730592e-05,10.2860844736
1.95275,1.42499475846e-05,10.2819480426
1.952875,6.48709305125e-05,10.2818869614
1.953,-5.72411717827e-06,10.2775773721
1.953125,7.75472948903e-05,10.279358084
1.95325,7.0380446499e-05,10.2800577744
1.953375,9.67215220911e-05,10.2852319598
1.9535,9.05123781205e-05,10.28921466
1.953625,7.67093887595e-05,10.2908478202
1.95375,7.3875878975e-05,10.2920458346
1.953875,5.6264953787e-05,10.290916936
1.954,6.37650019852e-05,10.2907026415
1.954125,5.07156637559e-05,10.2889720073
1.95425,4.77933778066e-05,10.2869500013
1.954375,3.25726708632e-05,10.283685753
1.9545,2.58207874535e-05,10.2800211959
1.954625,-4.55422269677e-05,10.2777900973
1.95475,9.18601869755e-06,10.2735331355
1.954875,-3.2386508977e-05,10.2702598931
1.955,-1.11362257863e-05,10.2660435341
1.955125,-2.68187848881e-05,10.2624354053
1.95525,-2.73356627815e-05,10.2588565055
1.955375,-3.37313660246e-05,10.2556778622
1.9555,-4.60851465596e-05,10.2535095551
1.955625,-7.32189365507e-05,10.2546564901
1.95575,-4.4239318332e-05,10.2523179826
1.955875,-5.45240839435e-05,10.2510210674
1.956,-2.17828710228e-05,10.2471645806
1.956125,-7.95397944838e-05,10.2493090189
1.95625,-1.94298449796e-05,10.2453532692
1.956375,-5.13216374028e-05,10.2437134859
1.9565,-9.00005987926e-05,10.2476813888
1.956625,-4.28133041246e-05,10.2452187859
1.95675,-4.90207936904e-05,10.2433422039
1.956875,5.45159713926e-06,10.2390297839
1.957,-2.42167459672e-05,10.2352897316
1.957125,-1.32836366487e-05,10.231128354
1.95725,-3.88482674833e-06,10.2268009535
1.957375,2.68123884884e-05,10.2231991403
1.9575,-6.3433127863e-06,10.2188977149
1.957625,2.51806454265e-05,10.2152096365
1.95775,8.29146350455e-05,10.2179678272
1.957875,2.01288737021e-05,10.2140434472
1.958,3.95021957458e-05,10.2113137423
1.958125,4.85195284786e-05,10.2094059238
1.95825,5.75139503052e-05,10.2084857365
1.958375,0.000103477952724,10.2152150151
1.9585,0.00010644098481,10.2225684861
1.958625,5.07369027698e-05,10.220881368
1.95875,1.45030498086e-05,10.2167555739
1.958875,2.33365146545e-05,10.2129753716
1.959,1.2642792837e-05,10.2087977454
1.959125,6.89289522172e-05,10.2093708839
1.95925,7.67784776983e-06,10.2050889603
1.959375,1.42529337464e-05,10.200956505
1.9595,-2.90226472515e-05,10.197487087
1.959625,1.415503895e-06,10.1931462219
1.95975,-4.03238691012e-05,10.1904924216
1.959875,-3.59640544033e-05,10.1874939814
1.96,-6.17861975869e-05,10.1871209087
1.960125,-3.10802321922e-05,10.1837829213
1.96025,-7.66878994079e-05,10.185559405
1.960375,-4.10815952593e-05,10.1829727344
1.9605,-8.16640364124e-05,10.1855697797
1.960625,-5.63686350483e-05,10.1845327693
1.96075,-6.86659285446e-05,10.1850958012
1.960875,-3.11506548748e-05,10.1817628433
1.961,-4.1886293721e-05,10.1792472315
1.961125,-5.00883469157e-05,10.1775186109
1.96125,-5.92376091383e-05,10.1768333129
1.961375,-5.84702766272e-05,10.176054471
1.9615,-2.56817024095e-05,10.1723994641
1.961625,-2.27356055777e-05,10.1685961387
1.96175,-5.47889245144e-06,10.1642845604
1.961875,3.21422949534e-05,10.1610220857
1.962,2.03805739345e-05,10.1571139017
1.962125,3.74639892527e-05,10.1542411846
1.96225,-7.11145792928e-06,10.1499512589
1.962375,6.29861644693e-05,10.14976961
1.9625,3.61616552786e-05,10.1467987865
1.962625,0.000109098635422,10.1549376068
1.96275,9.33971693213e-05,10.1597286067
1.962875,8.24831504727e-05,10.1625034191
1.963,9.82997707245e-05,10.16825977
1.963125,5.87324011656e-05,10.1675200457
1.96325,9.15323767568e-06,10.1632646667
1.963375,4.88305248294e-05,10.1614155878
1.9635,9.99640898491e-05,10.1675190162
1.963625,5.11864175568e-05,10.1659136221
1.96375,3.15513840531e-05,10.1626113997
1.963875,5.85735690954e-05,10.1618568833
1.964,4.60361730927e-05,10.1597313349
1.964125,7.97024815193e-05,10.1620346861
1.96425,2.01052436177e-07,10.1576917836
1.964375,-2.06084570694e-05,10.1537937169
1.9645,1.64166503028e-05,10.1497333362
1.964625,-8.24537861066e-06,10.1454617401
1.96475,-3.86671698146e-05,10.1426891637
1.964875,-7.01740898761e-05,10.1435195164
1.965,-4.11284572295e-05,10.1409539729
1.965125,-3.61372938225e-05,10.1379840855
1.96525,-1.17064810808e-05,10.1337853484
1.965375,-7.34287732978e-05,10.1351180023
1.9655,-8.77674566747e-05,10.1388789087
1.965625,-9.30402268798e-05,10.1436338426
1.96575,-7.21042457742e-05,10.1447513263
1.965875,-6.54523210104e-05,10.1449071278
1.966,-7.01357544292e-06,10.1406158635
1.966125,-6.52353321335e-05,10.1407461563
1.96625,-2.64411138958e-05,10.1371383846
1.966375,-3.81123756705e-05,10.1343240025
1.9665,-5.18808051805e-05,10.1328149334
1.966625,1.79982386695e-05,10.1288132624
1.96675,2.04858551998e-05,10.1249128511
1.966875,2.15013894631e-05,10.1210578378
1.967,8.87365804308e-05,10.1250253611
1.967125,-3.34476748409e-06,10.1206942241
1.96725,5.99898265883e-05,10.1201517487
1.967375,4.73778043876e-05,10.1181799461
1.9675,4.28475555259e-05,10.1157773446
1.967625,6.25772783157e-05,10.115574302
1.96775,5.89101881545e-05,10.1149006417
1.967875,5.68235092959e-05,10.1139722729
1.968,5.03687280157e-05,10.1123130162
1.968125,8.09896973113e-05,10.1149078877
1.96825,5.21647603924e-05,10.113442747
1.968375,5.55996125086e-05,10.112370024
1.9685,9.32426063795e-05,10.1172204239
1.968625,5.67976830589e-05,10.1162871322
1.96875,6.30310297332e-06,10.1119862038
1.968875,2.15596864411e-05,10.1081353021
1.969,2.57371309245e-05,10.1044941569
1.969125,7.30070623967e-07,10.1001517773
1.96925,-2.9476806925e-05,10.0967310663
1.969375,-1.08426019111e-05,10.0925130119
1.9695,-1.36865064222e-05,10.0883692562
1.969625,-4.09918795458e-06,10.0840441968
1.96975,-1.85846782667e-05,10.0800692358
1.969875,-4.31576482583e-05,10.0777121609
1.97,-6.10729241913e-05,10.0773472528
1.970125,-6.16028968583e-05,10.0770519923
1.97025,-6.63294773547e-05,10.0774016609
1.970375,-4.64318150382e-05,10.0753586621
1.9705,-6.38751755985e-05,10.0753693535
1.970625,-0.000101313210375,10.0819707435
1.97075,-4.94088831431e-05,10.0802293021
1.970875,-3.10226296816e-05,10.0769125395
1.971,-5.1328428566e-05,10.0753803667
1.971125,-0.000104904689109,10.0827703517
1.97125,-5.62560528686e-05,10.0817989939
1.971375,5.66784562624e-06,10.0774902939
1.9715,3.88192804956e-05,10.0747550566
1.971625,5.62013029387e-05,10.0737833557
1.97175,-2.92257950335e-06,10.069449533
1.971875,5.98195284818e-05,10.0689303541
1.972,4.72231617195e-05,10.0669710423
1.972125,8.44460821888e-05,10.0702492785
1.97225,9.70939575782e-05,10.0759709595
1.972375,6.92061380476e-05,10.0767375114
1.9725,6.62730834768e-05,10.0770795474
1.972625,0.000128136280949,10.0902231126
1.97275,9.18003097858e-05,10.0948371053
1.972875,4.47946149676e-05,10.0926262369
1.973,7.06265981532e-05,10.0935842013
1.973125,3.86551677831e-05,10.0908295062
1.97325,1.01784273527e-05,10.0865967697
1.973375,6.63451052299e-05,10.0869383474
1.9735,8.97344407561e-05,10.0911606052
1.973625,1.01217252455e-05,10.086926636
1.97375,2.69813860535e-06,10.0825914425
1.973875,-1.1073048157e-05,10.078379178
1.974,2.64836429582e-05,10.0747844399
1.974125,-6.82200074782e-06,10.0704911868
1.97425,-3.86034584476e-05,10.0677406897
1.974375,-2.85342818523e-05,10.0642684232
1.9745,-6.37652983201e-05,10.0642752448
1.974625,-3.29624567353e-05,10.061095073
1.97475,-0.000102337469776,10.0679553014
1.974875,-6.1594064762e-05,10.0676676371
1.975,-8.84364664903e-05,10.0716810996
1.975125,-8.30532916422e-05,10.0747022402
1.97525,-7.09328974593e-05,10.0757283544
1.975375,-7.02683998792e-05,10.0766531621
1.9755,-3.59042800024e-05,10.0736858416
1.975625,-5.82030029475e-06,10.0693790762
1.97575,-2.79741639403e-05,10.0658726507
1.975875,-6.75853514634e-05,10.0664141498
1.976,-1.09687414934e-05,10.0621999135
1.976125,-2.65950725864e-05,10.0586143001
1.97625,8.03536549771e-06,10.0543405524
1.976375,-3.48159165317e-05,10.0512977714
1.9765,7.32747090477e-05,10.0527149512
1.976625,6.40881979369e-05,10.0527776139
1.97675,1.58119150928e-05,10.0487029683
1.976875,7.7859506345e-06,10.04442514
1.977,8.14360222237e-05,10.0472070461
1.977125,2.27179663507e-05,10.0434186401
1.97725,9.96347987511e-05,10.0497389172
1.977375,0.000111965853711,10.0588380534
1.9775,6.69411962013e-05,10.0592947038
1.977625,6.19683099351e-05,10.0590646354
1.97775,5.8001224856e-05,10.058325229
1.977875,5.20504938791e-05,10.0568850602
1.978,6.55588989842e-05,10.0571477129
1.978125,3.29518283086e-07,10.0528048845
1.97825,2.30238356869e-05,10.0490307768
1.978375,3.261161929e-05,10.0458299895
1.9785,7.63232203481e-06,10.0415496583
1.978625,1.34260879145e-05,10.0374006573
1.97875,-3.37292361764e-05,10.0342827606
1.978875,-1.43462045449e-05,10.0301616233
1.979,-7.56545761413e-05,10.0319887073
1.979125,-9.37317513694e-07,10.0276467098
1.97925,-8.31224463833e-05,10.0307552155
1.979375,-6.86877285971e-05,10.0314981957
1.9795,-3.41488755414e-05,10.0284126745
1.979625,-0.000119612960815,10.0394826816
1.97975,-5.57875430234e-05,10.0384886217
1.979875,-7.68106467555e-05,10.040493401
1.98,-0.00010091663267,10.0470968285
1.980125,-6.88908954645e-05,10.0478507189
1.98025,-3.75333887899e-05,10.0450210437
1.980375,-1.92153339798e-05,10.0410750302
1.9805,-2.85439148272e-05,10.0376087172
1.980625,-3.59434865072e-05,10.0346568503
1.98075,1.13326074698e-05,10.0304523031
1.980875,-1.13262091753e-05,10.0262477335
1.981,3.24131225337e-05,10.0230390203
1.981125,2.49686474881e-05,10.0193696629
1.98125,2.02395300286e-05,10.0154696971
1.981375,2.81501819742e-05,10.0119844101
1.9815,3.46167298892e-05,10.0089393922
1.981625,6.05616298545e-05,10.0085705944
1.98175,3.66027399216e-05,10.0056798916
1.981875,8.24603050174e-05,10.0087074102
1.982,7.94216610619e-05,10.0111973956
1.982125,8.09274074577e-05,10.0139446501
1.98225,6.62381022413e-05,10.0143498654
1.982375,7.73813943321e-05,10.0164851399
1.9825,8.74610585785e-06,10.0122249737
1.982625,-1.10075091119e-05,10.0080132762
1.98275,4.6619163982e-05,10.0060262014
1.982875,8.29248555201e-05,10.0091363335
1.983,4.0536801121e-07,10.0047935669
1.983125,2.6723484412e-06,10.0004583711
1.98325,4.42690113151e-06,9.99613671226
1.983375,-1.58201690282e-05,9.9920658724
1.9835,2.15930002515e-05,9.98823031011
1.983625,-1.86199680281e-05,9.98426498741
1.98375,-3.77213261127e-05,9.98147304096
1.983875,-0.000112239934286,9.9908516322
1.984,-5.63742727405e-05,9.98996684916
1.984125,-9.33658478321e-05,9.99510474315
1.98425,-4.05806306255e-05,9.99255231787
1.984375,-3.31257896914e-05,9.98940324855
1.9845,3.24959776144e-06,9.98507180272
1.984625,-6.41607727085e-05,9.98521372124
1.98475,-9.3857192788e-05,9.99046203464
1.984875,-5.52573182358e-05,9.98944192452
1.985,-7.61452848012e-05,9.99140808579
1.985125,-2.27918276489e-05,9.9876305083
1.98525,-2.53771240962e-05,9.98398906428
1.985375,-1.76740658293e-05,9.97998668326
1.9855,-1.8277093663e-05,9.97600827313
1.985625,-1.39202230628e-05,9.97187698036
1.98575,9.79781647153e-06,9.96763899151
1.985875,-4.99546097262e-06,9.96332335704
1.986,2.88131491266e-05,9.95988979167
1.986125,1.56496988131e-05,9.95581535103
1.98625,4.46998370784e-05,9.95366451559
1.986375,4.89428528435e-05,9.95195076172
1.9865,2.2405738072e-05,9.94815917956
1.986625,5.48976933364e-05,9.94712806568
1.98675,9.97900665138e-05,9.95372106771
1.986875,9.90955885041e-06,9.94948593627
1.987,8.01588880874e-05,9.95219874535
1.987125,6.12378030622e-05,9.95197255495
1.98725,5.53008628653e-05,9.95098729668
1.987375,6.75299058628e-05,9.95165143342
1.9875,5.15354392329e-05,9.95022485764
1.987625,4.61500254265e-05,9.94822153593
1.98775,1.05892515749e-05,9.94400185723
1.987875,8.20321491288e-05,9.94705734131
1.988,2.5602635514e-05,9.94343512062
1.988125,-4.27099963218e-05,9.94109921884
1.98825,-1.11845674504e-05,9.93689401497
1.988375,-2.41003242056e-05,9.93319119671
1.9885,1.89198044779e-05,9.92924310532
1.988625,-3.06296531619e-05,9.92593589763
1.98875,-2.64565867995e-05,9.92236630417
1.988875,-6.3324463729e-05,9.92245562992
1.989,-9.3815292964e-05,9.92783471625
1.989125,-6.98570162217e-05,9.92887829697
1.98925,-7.70132824211e-05,9.93107956885
1.989375,-4.88252515199e-05,9.92936683745
1.9895,-9.58647756006e-05,9.93515871362
1.989625,-0.00011632052879,9.94570915555
1.98975,-2.8422018166e-05,9.94225466683
1.989875,-2.54132043982e-05,9.93862260698
1.99,-4.3679438236e-06,9.93430068214
1.990125,-4.36900616263e-05,9.93206234668
1.99025,-1.18377151601e-05,9.92787402101
1.990375,2.61425962415e-05,9.92428584471
1.9905,-1.07908471947e-05,9.92007161145
1.990625,-1.15332613126e-05,9.91587584068
1.99075,5.03266028102e-05,9.9143370954
1.990875,5.36207578484e-05,9.91317845402
1.991,3.64848942556e-05,9.91031045505
1.991125,3.02256734577e-05,9.90698051563
1.99125,3.92790595725e-05,9.90434947714
1.991375,8.21392585063e-05,9.90749225535
1.9915,6.26150320164e-05,9.90749773603
1.991625,7.48752724896e-05,9.90937145919
1.99175,3.29734694065e-05,9.90623430898
1.991875,5.46851584462e-05,9.90520947652
1.992,7.01570051575e-05,9.90632774993
1.992125,6.86981655559e-05,9.90722005242
1.99225,6.71428868336e-05,9.90787710153
1.992375,3.88643018147e-05,9.90520976203
1.9925,2.25903951468e-05,9.90143336929
1.992625,5.52026410887e-05,9.90047534599
1.99275,4.02309634836e-05,9.89793096099
1.992875,-1.82818203627e-05,9.89395969574
1.993,-1.50532303757e-05,9.88986897835
1.993125,-2.30847028476e-05,9.88611974232
1.99325,-2.65013720969e-05,9.88255991526
1.993375,-3.1437955599e-05,9.87931987756
1.9935,-4.40112598888e-05,9.87713979545
1.993625,-3.42687256092e-05,9.87410892306
1.99375,-8.74302060081e-05,9.87830536251
1.993875,-7.00859618229e-05,9.87944643472
1.994,-1.3859033221e-05,9.8753180021
1.994125,-9.5385090949e-05,9.88113433
1.99425,-3.93019739131e-05,9.8785155174
1.994375,-3.32826304842e-05,9.87540983937
1.9945,-4.82473064824e-05,9.87366835105
1.994625,-1.01585237117e-05,9.86944081268
1.99475,-2.88452560355e-05,9.86602918937
1.994875,-1.4744672108e-05,9.86192979931
1.995,-3.38615326659e-05,9.85887242958
1.995125,-3.23601332033e-05,9.85570442586
1.99525,1.4085304924e-05,9.85158426936
1.995375,-2.03651158229e-05,9.84770748294
1.9955,2.84071748417e-05,9.84427231985
1.995625,7.71800286587e-05,9.84663113691
1.99575,-6.30763355605e-06,9.84233296436
1.995875,7.55971045165e-05,9.84442277193
1.996,9.84707730238e-05,9.85098339445
1.996125,6.54596659851e-05,9.85145493609
1.99625,5.48382654472e-05,9.85049103994
1.996375,5.88899598722e-05,9.85004554027
1.9965,4.02838786324e-05,9.8475269459
1.996625,8.61415131626e-05,9.85152458943
1.99675,5.38783699481e-05,9.8504434258
1.996875,4.48729696172e-05,9.84836384075
1.997,6.41737641721e-05,9.8486509771
1.997125,6.28355171974e-05,9.84874682451
1.99725,6.89819323733e-05,9.84975284817
1.997375,1.03838467629e-05,9.84553115194
1.9975,-2.99308021912e-05,9.84219647207
1.997625,-2.33510189326e-05,9.83846771733
1.99775,2.95599062249e-05,9.83510980729
1.997875,-1.7400717093e-05,9.83110848596
1.998,-1.79316712473e-05,9.82712866435
1.998125,-8.15189024264e-05,9.83029105218
1.99825,-2.43809954734e-05,9.82661950789
1.998375,-4.02236312985e-05,9.82410529752
1.9985,-5.15914021676e-05,9.82277213525
1.998625,-5.70879238944e-05,9.8221153018
1.99875,-5.9355308416e-05,9.82175755414
1.998875,-9.73111012286e-05,9.82811883319
1.999,-4.88271349324e-05,9.82646939099
1.999125,-7.79799071369e-05,9.82899580907
1.99925,-7.1887143463e-05,9.83048802154
1.999375,-8.01387058182e-06,9.82621761608
1.9995,-6.17901353411e-05,9.82618928844
1.999625,-6.23411456577e-05,9.82623824421
1.99975,-1.66936847635e-05,9.82221036886
1.999875,-1.52207640506e-05,9.81812959238
