t_s,p_relative,level_relative_dB
0,-0.0613212302883,-8.83586345953
0.005,-0.0182266127751,-14.5812509055
0.01,0.155385676252,-15.0216489057
0.015,0.0684381335239,-22.0282422101
0.02,0.577164656508,-3.76223267569
0.025,1.17160488857,2.69494805385
0.03,-0.0446854983129,4.08038182207
0.035,-1.12062151147,1.83638413465
0.04,-0.425419232427,-5.33560071734
0.045,-0.147637994222,-15.3225077446
0.05,-0.0234423798548,-9.10137341364
0.055,0.359581546137,-8.8755633681
0.06,-0.178470722457,-14.9244357346
0.065,0.692343602532,0.430090464258
0.07,1.82447027298,6.52133772637
0.075,-0.836047908412,8.67975736734
0.08,-2.50765126644,8.06843515008
0.085,0.135979329881,5.10280241532
0.09,0.958766577714,-0.0982404826626
0.095,-0.415997978355,-6.5528865355
0.1,0.410398228417,-3.55823005864
0.105,0.517897162699,0.0561171862727
0.11,-1.12874445838,1.48785795713
0.115,-0.159053136165,2.37982507793
0.12,1.36063967948,2.68402627832
0.125,0.0321184337656,1.19132348384
0.13,-0.752749421547,-2.28160443532
0.135,0.531582364089,-2.75790232189
0.14,0.488842721423,0.0467068900351
0.145,-1.10209186731,1.80937485727
0.15,-0.605398290253,2.88614410692
0.155,1.22414171882,3.05932386435
0.16,0.748887608844,0.952621386814
0.165,-0.294038298799,-5.6647058747
0.17,-0.0301412919998,-20.0507816831
0.175,0.156530834478,-12.3152057822
0.18,0.892082096564,-0.848271385729
0.185,1.008121545,4.1251809662
0.19,-0.670851117239,4.28642343358
0.195,-0.795235203288,-1.77646801448
0.2,-0.170994590933,-3.80822052916
0.205,-1.44453452675,4.28806852911
0.21,-1.62098484105,5.7442301862
0.215,0.120528851987,3.87287447362
0.22,0.825367121413,-0.627636011929
0.225,0.353614128911,-7.77544145429
0.23,-0.123742597122,-17.2589280684
0.235,0.0612861532087,-6.33544998313
0.24,0.968322475239,-0.25071526345
0.245,0.389152270018,2.7214811691
0.25,-1.26593399692,3.17997908151
0.255,-0.706457501663,0.300978221292
0.26,0.0468092487681,-12.3723435636
0.265,-0.528065867491,-3.53910239543
0.27,0.404692144667,0.868761291927
0.275,0.885955383931,-0.694386529885
0.28,-0.375552724212,-5.82049186469
0.285,0.0311927813932,-3.16927134162
0.29,0.798786328292,-1.87425898732
0.295,-0.22239797439,-3.725289022
0.3,-0.568623401076,-2.43698469582
0.305,0.504381408406,0.200441646129
0.31,1.10503631771,0.869830466363
0.315,0.588462770808,-0.477267974079
0.32,-0.182694478794,-4.72908613705
0.325,-0.164340697763,-12.1853873616
0.33,0.664344987371,-2.99025951788
0.335,0.866458163821,1.22047960476
0.34,-0.158252513229,1.01874247961
0.345,-0.428178240005,-5.41823076052
0.35,0.0516303016985,-5.25958783963
0.355,-0.896370775057,1.85260372508
0.36,-1.17920242975,2.74018463859
0.365,0.633375646312,1.07472414962
0.37,0.731954055573,0.593467416938
0.375,-0.580016393058,-0.778081782694
0.38,-0.359286245313,-8.65912818045
0.385,-0.535073757475,-3.24356088615
0.39,-0.96416962512,0.117571980221
0.395,-0.120573059509,-3.4569120702
0.4,-0.0413452592474,-17.2071095435
0.405,-0.0655008365676,-9.98732468069
0.41,0.10917411047,-11.4492585833
0.415,-1.05913906687,0.602118348126
0.42,-0.743357409055,4.26160759684
0.425,0.804388907044,2.68460910456
0.43,0.462266583277,-5.24553784857
0.435,0.743272935788,0.740491679507
0.44,1.51672846517,3.86754512501
0.445,-0.0271741226354,1.4412990711
0.45,-0.441513064448,-4.85834895372
0.455,0.991654352946,-0.0095724247514
0.46,0.174220245628,1.65199589104
0.465,-0.962303084971,-0.314392140387
0.47,0.254901511105,-1.46992074658
0.475,0.837214909577,-0.973764058371
0.48,0.00409343122815,-4.07003986775
0.485,-0.0213477342777,-13.8920402801
0.49,0.0423452393648,-6.85618947957
0.495,-0.307524215973,-6.95803462634
0.5,-0.119704543916,-12.4708090073
0.505,-0.471077138974,-3.68209409597
0.51,-0.797309416069,-1.24963136149
0.515,0.204625785947,-3.22104562298
0.52,0.403412797539,-5.34921326217
0.525,-0.584610048244,-2.49300078779
0.53,-0.854580642518,-0.183837518084
0.535,-0.0415754484913,1.36647714798
0.54,1.0765255873,1.87776368392
0.545,0.768266176526,-0.199622105888
0.55,-0.144885424224,-9.35906492164
0.555,0.425521532978,-7.07822622634
0.56,0.558836017795,-0.230780448745
0.565,-0.439755075822,0.74121374102
0.57,-0.934900255354,0.0677438122226
0.575,-0.989782907351,0.422660420548
0.58,-0.305482803451,0.092629206507
0.585,0.405489005913,-2.92812922963
0.59,0.457586249608,-5.52869342882
0.595,0.748032155534,-2.19032407985
0.6,-0.111485781674,0.161268074636
0.605,-1.1248692987,1.10990877707
0.61,0.193120182972,0.362431999301
0.615,0.560887398994,-4.71976033362
0.62,-0.184476751081,-10.3727555891
0.625,1.02295804964,0.884563394205
0.63,0.692135136797,3.53285062853
0.635,-1.03622847234,1.51093326576
0.64,0.117092637743,-6.66399657503
0.645,0.036236024912,1.33179812826
0.65,-1.99247537558,5.98823101105
0.655,-0.249533570762,6.56457425384
0.66,1.44438136249,3.47003316699
0.665,0.0957036096588,-8.2720898915
0.67,0.440524776784,-3.44142457341
0.675,0.999671074685,1.17574156335
0.68,-0.135519459159,-0.361661921372
0.685,-0.434093496989,-5.79456708588
0.69,-0.356241199534,-8.95773539697
0.695,-0.0383088525222,-9.64026399367
0.7,0.486654558987,-5.9780662466
0.705,-0.0126694975205,-3.16332014575
0.71,-0.550409049046,-3.30696516696
0.715,-0.704828136271,-3.03765227015
0.72,-0.488096140012,-1.97497696928
0.725,0.43293284431,-2.85517576944
0.73,0.404395220875,-4.22096050421
0.735,-0.625656191607,-3.03221296244
0.74,-0.287504069281,-4.32755626977
0.745,0.157362881098,-14.09336474
0.75,-0.965198509081,-0.295625368992
0.755,-0.18901867585,4.35912723631
0.76,1.50792478375,3.88500797719
0.765,-0.0814479202737,-2.13756656895
0.77,-0.349758548018,2.04437766205
0.775,1.9861256346,6.432454648
0.78,1.15233505611,6.00338319192
0.785,-0.589716418923,1.32649311043
0.79,-0.416991259857,-7.43637180968
0.795,-0.0952404770337,-9.66975009539
0.8,1.0115750344,0.225119057772
0.805,0.843038475244,5.47034417483
0.81,-1.41103855346,6.47319972043
0.815,-1.42393302343,3.45057510217
0.82,-0.228664761884,-7.02236380575
0.825,-0.629964145933,-4.01207829089
0.83,-0.738182573098,0.578356239388
0.835,0.0634912997533,1.45478214849
0.84,0.982154037808,2.40544022655
0.845,1.46307037616,3.47246120773
0.85,0.515288309925,3.4423710545
0.855,-0.735344853892,1.87861319169
0.86,-0.885610239237,-1.02154556473
0.865,-0.46633692919,-4.84248506902
0.87,-0.117254332751,-11.8345450644
0.875,-0.246679189018,-11.4512431728
0.88,-0.14424605227,-6.29628718561
0.885,0.416024100317,-6.9218584292
0.89,-0.0394715727684,-6.85872696143
0.895,-0.625059818163,-3.95172217693
0.9,-0.0984352497906,-4.55084253441
0.905,0.193597748053,-10.7744203282
0.91,-0.0235129840912,-17.6016901911
0.915,0.0169657850536,-11.2740304272
0.92,0.0784737801616,-13.7284576704
0.925,-0.143761618884,-9.55399287847
0.93,0.104069560759,-0.568859365847
0.935,1.29429837702,3.69373257796
0.94,1.60459203915,4.88967943472
0.945,0.228267178844,3.13122700934
0.95,-0.436827001888,-2.80968210978
0.955,-0.156278597002,-5.86203919856
0.96,-0.917562881277,0.294638932748
0.965,-0.941747566922,2.81999646907
0.97,0.805061699185,3.49007373544
0.975,1.27461564051,2.12273539286
0.98,0.947957153672,0.990404458157
0.985,0.589061623879,4.05080748334
0.99,-1.18167904502,4.95221860573
0.995,-0.943165818749,1.52052617511
1,0.851259073821,-1.35303970675
1.005,-0.193342350928,1.4516623093
1.01,-0.691108878484,-3.09481248102
1.015,-0.0451382856542,-4.72170861192
1.02,-1.4356717662,4.21697853471
1.025,-1.37184821892,4.68288701383
1.03,0.0116452244433,-1.73106721651
1.035,-0.494465341507,-4.23462523408
1.04,-0.123707156683,2.12352569094
1.045,0.934368399678,0.853095166209
1.05,0.39350869956,-7.65187045886
1.055,0.38424991163,-8.16994407149
1.06,0.182849499867,-2.92927052806
1.065,-1.2465842416,1.92955716615
1.07,-0.349183247588,5.89823255732
1.075,2.13225642803,7.64396714266
1.08,1.80635738993,7.50811645718
1.085,-0.624066148163,5.74736553406
1.09,-1.27429893779,2.10550657518
1.095,-0.163642316726,-4.88235466196
1.1,-0.0816465665357,-16.9553531588
1.105,0.0586343918607,-5.23293799859
1.11,0.781770031993,-2.10805164413
1.115,-0.166535428963,-2.07028089326
1.12,-0.622762158611,-3.40130273294
1.125,0.0898947499297,-7.69349652199
1.13,-0.0508122158861,-7.19068514089
1.135,0.898177392063,1.57135054175
1.14,1.35157526807,3.91362017828
1.145,-0.269977067873,0.779446430239
1.15,0.0330860298907,-23.6625905458
1.155,0.531314363673,0.835327865735
1.16,-0.861386629229,2.89924464385
1.165,-0.886664164822,-1.02795555674
1.17,-0.794764670841,-1.8665539698
1.175,-1.11547940725,2.70011245335
1.18,0.373982026763,2.79929345414
1.185,0.908184881878,-0.746911998379
1.19,-0.105025348325,-7.73568263359
1.195,0.0342186505859,-28.943273282
1.2,-0.0986471230966,-4.48190033741
1.205,-1.20643840886,1.76713682691
1.21,-1.07297715182,4.77606291616
1.215,0.712900461034,5.97284671686
1.22,1.80819091449,5.23092844918
1.225,0.617588628676,1.21686535611
1.23,-0.246749709396,-11.7323296962
1.235,0.575690996602,-3.35765526558
1.24,0.958778340631,0.174022722286
1.245,0.761721018396,2.06517313989
1.25,-0.0924716298359,4.6026770656
1.255,-1.52382626435,5.4348812931
1.26,-1.45531249771,3.66637213068
1.265,-0.479521792463,-0.58456492213
1.27,-0.133136410707,-4.24429330737
1.275,0.137729682533,-4.69642919123
1.28,0.425498243739,-6.12976653474
1.285,0.259395007189,-10.0429531589
1.29,-0.168902622203,-14.9486548445
1.295,0.117033509132,-8.67230802548
1.3,0.536156664788,-4.62981182313
1.305,-0.337863880078,-2.38288216201
1.31,-0.808382528918,-1.19736588443
1.315,0.0923094490025,-1.42263046023
1.32,0.657308846894,-2.98249076246
1.325,0.486017371938,-5.21524161143
1.33,0.200581885276,-7.35569704323
1.335,0.0293889782577,-4.88090997865
1.34,-0.83223617592,0.320852563268
1.345,-1.2799094435,4.06474310495
1.35,0.805069472702,5.93686037051
1.355,1.87437475297,5.60658386154
1.36,0.137200117112,2.05706075353
1.365,-0.181265481323,-9.93448712942
1.37,0.0861299392265,-1.71467964833
1.375,-1.3120670906,3.22697612699
1.38,-0.955417357848,4.08383759759
1.385,0.957284530843,2.57849627228
1.39,0.636019070148,-1.5058694278
1.395,-0.209020180117,-12.0494619017
1.4,0.411661919678,-7.6834717844
1.405,0.019885773097,-1.29301839533
1.41,-1.15570105551,1.28804023672
1.415,-0.240036847754,2.47531468305
1.42,1.2356073392,2.36032083363
1.425,0.499957308061,-0.357993131297
1.43,-0.277761189923,-10.8391837019
1.435,0.771112632361,-1.89085609713
1.44,0.986649015979,4.09350936895
1.445,-0.654989979789,6.00764668247
1.45,-1.80258370122,5.73134555287
1.455,-1.48989424465,3.96099964635
1.46,-0.831313434908,1.81474553438
1.465,-0.289794890995,0.972743051936
1.47,0.486017035334,-1.09423402598
1.475,0.197856717018,-8.12206207987
1.48,-1.154522841,1.35058975471
1.485,-0.471632007926,5.90653999557
1.49,1.45629416599,6.34280667326
1.495,1.53864784393,3.75035507529
1.5,0.89749400495,0.15487836481
1.505,0.578710745086,-0.130327761238
1.51,-0.395045252153,-0.765749961151
1.515,-0.737877325742,-0.761035610818
1.52,0.932691618712,3.23466342301
1.525,1.71154570203,5.32734506171
1.53,0.176444068892,3.95954560078
1.535,-0.430905720059,-1.62751493492
1.54,-0.281977742379,-1.65355892195
1.545,-1.08345955641,1.84942135319
1.55,-1.02911586696,1.16421843224
1.555,-0.284466075921,-2.09040521551
1.56,0.059422724126,-2.50134176337
1.565,0.770294890382,-0.318702852849
1.57,0.876001851083,-0.359045705078
1.575,0.141749583158,-5.05830574951
1.58,0.3904590916,-6.4127715547
1.585,0.343721915703,2.19861784351
1.59,-1.23372691007,4.8624582371
1.595,-1.47513991768,3.74264497817
1.6,-0.236675364728,-1.88688458417
1.605,-0.109376837451,-14.1422740655
1.61,-0.270249598963,-7.39155197125
1.615,-0.0118793056906,-9.96170009548
1.62,-0.104047104702,-12.3045230532
1.625,-0.0192816913202,-6.58177592132
1.63,0.487994910617,-3.73969444125
1.635,0.805192610568,-1.06600049197
1.64,-0.217119442918,2.10110824522
1.645,-1.67125820363,4.51164433132
1.65,-0.797301976526,4.64471732475
1.655,0.526017558621,0.93238829049
1.66,0.201421627974,-4.21667002395
1.665,0.810625110012,2.42221712257
1.67,1.59815193275,4.08195970723
1.675,0.690476459717,1.64641073967
1.68,0.0277920118744,-2.63600030972
1.685,-0.360275536562,-4.40691373969
1.69,-0.268837974211,-7.83952234978
1.695,0.711078242438,-2.95993457992
1.7,-0.00856856977792,0.667170464862
1.705,-1.05717424362,0.532857106309
1.71,-0.173026282563,-1.808985255
1.715,0.523255531288,-4.61165898247
1.72,0.448575531057,-5.59772445814
1.725,-0.11315033445,-5.18093823108
1.73,-0.510609476263,-4.6826372265
1.735,0.763253330871,0.0949734626653
1.74,1.12394697292,3.80022252167
1.745,-0.800237424268,4.32323461677
1.75,-1.07187651446,0.950501003021
1.755,0.294321778554,-8.42629707584
1.76,-0.247045134036,-1.16562119951
1.765,-1.23414320807,1.82776982073
1.77,-0.509279256992,0.405341524212
1.775,0.213642713217,-4.57005596673
1.78,0.162981105245,-14.2204996018
1.785,-0.177941340154,-14.5826641453
1.79,-0.187397999627,-4.40086057115
1.795,0.598329312998,-1.92897054449
1.8,0.512323300583,-4.34185326031
1.805,-0.100740512533,-15.8468681102
1.81,0.29083371581,-10.4776115998
1.815,0.178934675767,-5.395597621
1.82,-0.469122085908,-3.90983003252
1.825,-0.833788708258,-1.49061873108
1.83,-0.512516537793,1.91531563628
1.835,1.00934593734,3.21793194809
1.84,0.926789392444,0.647688459091
1.845,-0.292762397482,-9.28007652766
1.85,0.475830632984,-3.23298007862
1.855,0.692082269932,-2.01513501008
1.86,0.213430478763,-9.11102417664
1.865,0.534419974111,-2.26000113342
1.87,-0.407193989794,-0.271445745952
1.875,-0.370708918651,-6.20478087744
1.88,0.679071661037,-2.16459265836
1.885,-0.640439889492,1.58880287562
1.89,-0.672924100872,-1.45209011764
1.895,0.615885761806,-3.96617639924
1.9,-0.582934245282,1.17291741322
1.905,-0.955422598776,0.00251581606263
1.91,-0.101501908205,-12.5240099192
1.915,-0.612215303241,-4.25821977767
1.92,-0.253455964574,-1.81139657423
1.925,0.409653717692,-7.66104399126
1.93,-0.542662041926,-4.3411464018
1.935,-0.565770313519,0.0624966518632
1.94,0.509342525548,-0.994139233986
1.945,0.404568659004,-7.45217502828
1.95,-0.241421334619,-12.207546061
1.955,-0.243064125501,-3.99472266018
1.96,0.519058572905,-0.370139632209
1.965,1.01448793078,0.136807900642
1.97,0.201282584276,-2.97861553484
1.975,-0.345398598286,-9.2257972408
1.98,0.236837157499,-6.95905977448
1.985,0.434879043586,-7.11943476715
1.99,0.146423077989,-15.9334146232
1.995,0.504053641205,-5.69039413988
2,0.754767712737,0.342223043101
2.005,-0.569217041001,1.90864308715
2.01,-0.967231194806,1.11849892413
2.015,1.00272571366,1.95962900595
2.02,0.765814643153,3.65652665274
2.025,-1.11858130431,2.56798168585
2.03,-0.392664263484,-2.74124837416
2.035,0.229243132717,-12.6167271182
2.04,-0.144152379255,-16.4559094012
2.045,0.455450608939,-6.80083615566
2.05,-0.0641252790673,-1.02631934461
2.055,-0.874329087162,-0.975510838712
2.06,-0.380399104954,-6.47612379766
2.065,-0.482171935778,-4.71816431239
2.07,0.248911227151,0.464937367099
2.075,1.36009376131,2.99233901635
2.08,-0.526559475237,4.55302607662
2.085,-1.60468759159,4.40326482313
2.09,0.171200819142,1.52072173611
2.095,0.555082275529,-5.03933902087
2.1,-0.168459197588,-11.7527526513
2.105,-0.23501713946,-9.67413269788
2.11,0.202372748157,-7.18290733083
2.115,0.438278982877,-5.41838687314
2.12,-0.60780322894,-2.14916403086
2.125,-0.617205244594,0.0228973474516
2.13,0.609769374737,-1.49684353369
2.135,0.173239650607,-8.83917662059
2.14,-0.367549734198,-6.38404617689
2.145,0.276444467299,-1.66434218383
2.15,1.05895720729,1.20883269254
2.155,1.37154370722,4.05702609906
2.16,-0.196761506021,5.28645811522
2.165,-1.54619172114,3.9414493531
2.17,-0.281560567464,-1.83962919695
2.175,-0.0522019315313,-11.2417099977
2.18,-1.01603536744,0.834788760261
2.185,0.233432324611,2.79530319006
2.19,0.864148176109,-1.24821777602
2.195,-0.262146311823,-10.1612074406
2.2,0.761353801756,3.48721400676
2.205,2.11427901764,6.60279663265
2.21,0.534045367187,5.54727420302
2.215,-0.687083245357,-0.589381997575
2.22,0.209549190623,-13.5127837336
2.225,0.500001370134,-0.0979757072072
2.23,-0.319758943646,2.18737714634
2.235,-1.01008402241,2.43281594941
2.24,-1.30468366338,2.38669752831
2.245,-1.0759042999,1.85997097236
2.25,-0.25712943576,-0.438690320715
2.255,0.226458766565,-7.30406960469
2.26,-0.0648228020826,-17.5841202236
2.265,0.0924942296448,-11.2359179118
2.27,0.080769765273,-11.1506153316
2.275,-0.672611986367,-3.43073836513
2.28,-0.27213473366,-2.18912819179
2.285,0.193393586245,-9.55582682935
2.29,-0.2798733651,-6.65915418132
2.295,0.394499152838,0.0684378448186
2.3,1.09168428378,0.776979247672
2.305,0.100576032827,-0.988742164364
2.31,-0.83138587869,-1.53016140877
2.315,-0.385985660924,0.228689444623
2.32,0.751554145667,1.39446640999
2.325,1.01932279815,0.236159314412
2.33,0.240134763408,-6.34088378892
2.335,0.28539393234,-8.48218817035
2.34,1.24394267262,2.03201484384
2.345,0.659836984159,5.7506102189
2.35,-1.53457067976,6.8490314496
2.355,-1.82821209932,5.94592598888
2.36,0.142251659782,2.85041043676
2.365,0.629892659189,-3.9567131082
2.37,-0.0331590286724,-29.2852138475
2.375,0.234438883597,-10.7213544171
2.38,-0.060814477477,-24.1662746218
2.385,0.259219550918,-0.908513687028
2.39,1.78432079623,5.03754451818
2.395,0.440938764039,6.19318745335
2.4,-1.25019918225,2.64180963917
2.405,0.254027236514,-7.36579500905
2.41,0.152788220405,1.9623748287
2.415,-1.446031454,3.77783790335
2.42,-0.679510071183,0.224600576128
2.425,0.0442793063456,-12.1579623982
2.43,-0.252472965847,-10.6231905528
2.435,0.0416556773951,-7.79390536496
2.44,0.481759214448,-6.08813213444
2.445,0.635951111496,-0.661525863569
2.45,-0.446474704341,4.72751533108
2.455,-2.40669014244,7.97585820622
2.46,-2.08209886782,8.89833605127
2.465,0.235072597505,7.53689620469
2.47,1.23034383113,3.98341084774
2.475,0.930014640254,-0.54580648349
2.48,0.486907211246,-4.99460869974
2.485,-0.297698670066,-10.2531114158
2.49,-0.0543811123603,0.640284455406
2.495,1.54950441122,4.93715786821
2.5,1.65935979157,5.63439012913
2.505,0.33529646349,4.1997617501
2.51,-0.596799145141,3.56780036765
2.515,-1.63085342088,4.89317847368
2.52,-1.4647817337,5.11628796553
2.525,-0.0070012370985,2.8108208911
2.53,0.346509108444,-0.765315881183
2.535,0.756485197575,1.97403942701
2.54,1.55861065348,3.94706672966
2.545,1.10369852036,2.79370186922
2.55,0.395504669214,0.293930983925
2.555,-0.0967446058469,-1.00675705764
2.56,-0.448448666121,-4.73611172433
2.565,-0.0358943273766,-27.2002783098
2.57,0.0359798493848,-9.10707940088
2.575,-0.123636279691,-15.4311141117
2.58,0.421510946016,-5.84769677766
2.585,-0.0762611401167,1.47670101683
2.59,-1.19454690535,2.72919044614
2.595,-1.04872245751,0.657041245974
2.6,-0.813795478756,0.100821534473
2.605,-0.1411084262,1.84751294087
2.61,1.08378354673,1.39314513783
2.615,0.261663894658,-0.603254617888
2.62,-0.841878563565,-1.49226111607
2.625,0.161878239184,-2.36153098634
2.63,0.507001552588,-5.13224258807
2.635,-0.287043118278,-8.86811199897
2.64,0.0225660997648,-8.09521470305
2.645,0.608944680457,-4.24432695523
2.65,0.292250705109,-0.950705312292
2.655,-0.723462616719,2.2096344853
2.66,-1.70087504063,4.6139494683
2.665,-0.950371586275,5.20447792505
2.67,0.730497584347,3.33429543515
2.675,0.82948650655,-1.60638904541
2.68,0.0304794502071,-8.06026189258
2.685,-0.636167444584,-3.83552295683
2.69,-0.901494415963,3.14647241338
2.695,0.843012297909,7.32027253582
2.7,2.71437584835,8.73282974823
2.705,1.32837553956,7.54794194211
2.71,-0.742644380148,3.47549248002
2.715,-0.577637952175,-4.58479671244
2.72,0.212029196603,-10.88071836
2.725,0.415411526928,-6.38074262551
2.73,0.196554233797,-4.25856348294
2.735,-0.174876750711,-3.91645881676
2.74,-0.50618246557,-3.56426052085
2.745,-0.620740481177,-3.80510931937
2.75,0.266516456343,-5.15649767197
2.755,0.613809689406,-0.156994515453
2.76,-0.963841757801,3.51420647265
2.765,-1.45621039683,3.60059151139
2.77,-0.436367531682,0.454846190904
2.775,-0.0546425874479,-2.06326925877
2.78,0.457229088233,-1.72020631842
2.785,0.38937186698,-8.0996609306
2.79,-0.23504305158,-5.8968132359
2.795,1.02793517995,2.96434881533
2.8,1.62575851313,5.44342779771
2.805,-0.385064817572,4.95052147869
2.81,-1.28470702551,2.22024589794
2.815,-0.406344377995,-2.39408351003
2.82,0.0194403527218,-6.30660584164
2.825,0.360133728323,-4.00979470535
2.83,0.797536793,-1.96308947559
2.835,0.453025407096,-3.03430702241
2.84,0.230480339724,-5.40391959236
2.845,0.103636518789,-0.0724756858426
2.85,-1.19653169858,3.38386719428
2.855,-1.10076391955,3.37852583589
2.86,0.960626061167,1.55935174269
2.865,0.339813440639,2.94513890537
2.87,-1.63056482706,4.60927010797
2.875,-0.786426956371,2.94288405262
2.88,0.222959840676,-4.66185614816
2.885,-0.262378013843,-8.29514126638
2.89,-0.0361092474039,-2.1144463603
2.895,0.409024783996,-3.47935584211
2.9,0.388763734384,-4.93665038059
2.905,0.728485204923,-2.08756525133
2.91,0.687630566869,-2.59717382608
2.915,0.271478650925,-7.3704580961
2.92,0.298492945878,-8.2681280772
2.925,0.250489371726,-5.67158391811
2.93,-0.0103479374419,-4.32632554782
2.935,-0.495486469392,-2.78543284546
2.94,-0.640776190917,-3.69898977641
2.945,-0.0638977248306,-12.6346538867
2.95,-0.389430562596,-7.13408558807
2.955,-0.83864092994,0.557818010412
2.96,0.218461213696,2.27900514423
2.965,0.83678801405,0.339980047112
2.97,0.887979882947,0.263366696301
2.975,1.75813322613,4.90283527274
2.98,1.48662903898,7.00704571158
2.985,-0.394558057977,6.31319453427
2.99,-1.18693454031,2.52904257447
2.995,-0.281384377134,-10.0690831436
3,0.278319396311,-2.22794805996
3.005,-0.860264517078,4.28457815973
3.01,-1.95118222128,5.8608820156
3.015,-1.28442321605,4.58983408172
3.02,-0.281699021376,1.83563528272
3.025,0.345419217125,-0.280322540139
3.03,0.603342068887,-4.19966286514
3.035,-0.14640256504,-11.4704007401
3.04,-0.239634397113,-5.13649375797
3.045,0.391430337401,-6.47521418638
3.05,-0.0697529994811,-19.4391960098
3.055,0.0185838427115,-6.30311251948
3.06,0.534969019829,-5.40478557005
3.065,-0.342019764416,-5.99555694962
3.07,-0.443054759442,-1.04503751249
3.075,0.826447938887,1.02329628685
3.08,0.818777724148,-0.615880703722
3.085,-0.143053527105,-8.49551674068
3.09,0.26709467264,-7.25026867981
3.095,0.823644064202,-0.313241571858
3.1,-0.304129112592,0.891097941627
3.105,-0.862165158617,-1.28785583913
3.11,-0.141533841913,-7.30238957724
3.115,-0.0530142285606,-17.1535452568
3.12,-0.025891171867,-8.33169885845
3.125,0.453596349426,-5.22043006326
3.13,0.571031373252,-4.42159080053
3.135,0.266080317214,-3.72969473938
3.14,-0.351334196728,-3.18064139328
3.145,-0.672385709982,-3.4217466456
3.15,-0.152722202201,-3.46632985545
3.155,0.733402324819,-1.84513339721
3.16,0.62166811972,0.772781473548
3.165,-1.04890132242,2.97104527229
3.17,-1.19415648302,4.49350697088
3.175,1.2857766251,5.66616190701
3.18,1.67696935032,6.34381806472
3.185,-0.863773081758,5.88009715563
3.19,-1.4445044427,3.50811641779
3.195,0.226431243436,-1.85221942714
3.2,0.214112369476,-5.21104365026
3.205,-0.874384631549,-1.06775646181
3.21,-0.383788662694,-0.866350169213
3.215,0.22332047566,-6.29438603254
3.22,-0.115676795857,-5.79904055068
3.225,0.787355731434,2.57893336409
3.23,1.87808501598,5.70152438989
3.235,0.200958105328,5.47741954488
3.24,-0.963770960404,0.542728680757
3.245,0.112005642506,-10.8339754859
3.25,-0.980260210299,3.92303033042
3.255,-2.0645906575,6.90484319754
3.26,0.153856110919,5.92646980323
3.265,1.15621294317,1.3839449147
3.27,0.0242041793639,-6.48009252895
3.275,-0.465676150527,-6.36645706391
3.28,-0.332639670944,-1.81044264778
3.285,0.52907320887,1.81713461087
3.29,1.3657825181,2.83407323184
3.295,0.733430987006,0.409950604961
3.3,0.021595840203,-10.1235211916
3.305,0.602578592718,-4.39651528531
3.31,0.729934500558,1.68331969158
3.315,-0.446369864043,2.65765865957
3.32,-1.0487783802,0.617765664918
3.325,-0.269371700895,-4.74117380198
3.33,0.482476823501,-5.87048934971
3.335,-0.312746240636,-0.00662480872272
3.34,-1.16301170914,1.31212975021
3.345,-0.225483588819,-2.19405914815
3.35,0.178290605464,-13.9057600809
3.355,-0.540012213445,-5.33933825491
3.36,-0.0707323112548,-5.98995540451
3.365,0.120952443952,-8.97893590303
3.37,-1.18542798219,1.59305356848
3.375,-1.01631272795,5.87460096484
3.38,1.24716923174,7.13181701069
3.385,1.9983497766,6.10066962925
3.39,0.328841708411,2.58093378734
3.395,-0.519552170382,-4.38630653623
3.4,-0.105986072377,-17.0514912284
3.405,-0.154860912453,-14.3394535747
3.41,0.140204179369,-6.77426232791
3.415,0.492651844295,-5.93310387207
3.42,0.441555889484,-7.09137903175
3.425,0.863601918656,-0.446672289266
3.43,0.012254776493,2.68778766278
3.435,-1.22590599611,1.91241008256
3.44,0.105187074302,-0.994253835219
3.445,0.862689847907,0.391702993195
3.45,-0.588905701039,1.54634098757
3.455,-0.831285851565,-1.59656596037
3.46,-0.426286404559,-7.40460027649
3.465,-0.913134180873,-0.559235180594
3.47,-0.532237055628,2.25905923399
3.475,0.61565581016,1.97912911984
3.48,0.947025791679,-0.211203904823
3.485,0.664859840045,-2.90722298769
3.49,0.302793947407,-4.54791772892
3.495,-0.261122292685,-7.55959361173
3.5,-0.0516545600039,-6.25255792002
3.505,1.1302168284,1.10196906275
3.51,0.764085783831,4.51245674876
3.515,-0.948226051049,5.04643632001
3.52,-1.52112612328,3.83709943225
3.525,-1.34433019732,3.18665369413
3.53,-0.729132664615,3.25000697086
3.535,0.219528316836,1.08920032318
3.54,0.209575473765,-2.83502054662
3.545,0.498646400662,2.16772088472
3.55,1.71903846491,5.30704356028
3.555,1.59730795058,4.95159572707
3.56,0.975674615112,3.67006592054
3.565,0.51282207288,6.43342874035
3.57,-1.61977852561,8.50109360498
3.575,-2.26770230855,7.21928285742
3.58,-0.388363789225,0.0652558355189
3.585,-0.658256767284,-3.62802396703
3.59,-0.875029087496,3.83698257185
3.595,0.957868377867,2.88461986801
3.6,0.186073970478,-3.942092548
3.605,-0.783950198956,0.5919049817
3.61,0.894216993392,2.55399444811
3.615,0.537282829232,-2.53373375265
3.62,-0.436872318271,-4.24014701132
3.625,0.950442828201,2.28524171062
3.63,1.19731070788,2.26780972309
3.635,0.339691252461,-1.62751074883
3.64,0.0994573380865,-3.17496167369
3.645,-0.437539936132,-2.98358024576
3.65,-0.439667736866,-6.27106332811
3.655,0.305852579122,-6.43257939301
3.66,0.807414353776,-1.26174150773
3.665,0.219451814299,3.05054433004
3.67,-1.47225298283,4.92662506189
3.675,-1.187381837,3.51631523462
3.68,0.299842910661,-3.59113979397
3.685,-0.298512207456,-9.50878121162
3.69,-0.43789308112,-1.78990073972
3.695,0.179410774771,-2.56354478129
3.7,0.574861593733,1.23490150566
3.705,2.1618395248,6.7128950194
3.71,1.05619655351,8.75895667844
3.715,-1.82208860669,7.36258812886
3.72,-0.803786903651,0.314796515628
3.725,0.0985007388501,-5.32192104719
3.73,-1.37700012616,3.48546741084
3.735,-1.35732130453,4.24386449933
3.74,-0.411537020151,3.06358740752
3.745,0.4596929725,2.47385605529
3.75,0.863758936135,-0.409664060488
3.755,0.345890771964,-7.7744930395
3.76,0.963526359794,0.72649136574
3.765,1.30376679209,4.14354805965
3.77,-0.518752749668,3.92856028047
3.775,-1.12763948797,1.11790578626
3.78,-0.0302031115713,-5.05680627698
3.785,-0.0608573317351,-21.8566554766
3.79,-0.102959325823,-3.89292880416
3.795,0.949559677046,0.247806389786
3.8,0.571734354839,0.434998118586
3.805,-0.594365125342,-3.01279440148
3.81,0.0675314559352,-7.59008836989
3.815,0.432653070203,-4.819887951
3.82,-0.281359586754,-6.1651973204
3.825,-0.0255846697831,-25.1752102476
3.83,-0.1741048919,-3.243545054
3.835,-1.26035400158,2.07901921726
3.84,-0.732707912657,3.51882742823
3.845,0.74819021426,1.98804758953
3.85,0.651359935687,-3.72194869164
3.855,0.362775693427,-8.42358875043
3.86,0.673545214794,-2.72553716246
3.865,-0.157261889432,-2.61458165963
3.87,-0.566767775273,-3.62003758741
3.875,0.622280095791,-0.609388092727
3.88,1.10634257183,1.74605030114
3.885,0.0702240921931,2.37727697549
3.89,-0.989375894696,1.5857406206
3.895,-0.829954755464,-0.78197191942
3.9,-0.0327492519075,-5.10966106403
3.905,0.233930463387,-12.1228511818
3.91,-0.089046893475,-16.2543087719
3.915,-0.240729223774,-8.01467285097
3.92,0.512959114803,-2.6395721289
3.925,0.912845662781,0.568131220595
3.93,-0.360428996018,1.72412974132
3.935,-1.07256497789,0.659174178134
3.94,0.139758234109,-2.39668203278
3.945,0.565691304441,-2.69190030275
3.95,-0.757827636386,0.302536666298
3.955,-0.89074897513,1.24667568165
3.96,0.534404654195,-0.618718930618
3.965,0.326616158757,-4.72807838584
3.97,-0.633315106544,-3.77350592907
3.975,0.469975097407,-0.622528776455
3.98,0.899411925263,1.28004636806
3.985,-0.891359998707,2.68456683319
3.99,-1.21346180243,3.1153682702
3.995,0.287426267746,2.01189183531
4,0.898917942073,-0.692054775117
4.005,0.346380104469,-5.41986858166
4.01,-0.125046343223,-16.478427578
4.015,0.259004178786,-10.2548756096
4.02,0.28111186292,-6.01945503958
4.025,-0.422116969102,-6.58016978747
4.03,0.0477668191831,-7.21430491465
4.035,0.408319691797,-6.00465196268
4.04,-0.498218224852,-5.4359943117
4.045,0.138697433778,-1.65636020972
4.05,1.19229956933,1.69634401227
4.055,0.101631175861,1.74391937531
4.06,-0.544950716298,-2.46922656075
4.065,-0.389905779166,-4.18119828422
4.07,-0.902353302499,-0.356830061036
4.075,-0.755322925199,-2.19255610189
4.08,-0.973731422357,-0.230824236226
4.085,-1.64353557205,6.13742590035
4.09,0.0180183228774,8.45418135235
4.095,1.98015005207,7.56436043947
4.1,1.37476001022,3.14024902533
4.105,0.276389875789,-9.87082404942
4.11,0.666752258923,-1.31706907909
4.115,1.54668943585,3.79234612958
4.12,1.50499722846,5.45676467462
4.125,0.63560163034,6.14127564077
4.13,-0.761236340453,6.77530221938
4.135,-1.93212062471,6.29385704284
4.14,-1.0833576814,2.78435879138
4.145,0.140861480203,-9.93029650438
4.15,-0.548094307572,-4.06101165582
4.155,-0.738690165646,-0.472743525147
4.16,-0.00424527379158,-2.44387709327
4.165,0.313226248934,-2.80925615344
4.17,0.992194319382,0.0983049840978
4.175,0.459496921271,0.642270075529
4.18,-0.683048934997,-2.1501720777
4.185,-0.0180372582789,-10.0577086654
4.19,0.0996738307516,-8.37455730383
4.195,-0.446720683377,-6.87041167928
4.2,-0.0211649493773,-17.9427971299
4.205,-0.316604847309,-7.79992831672
4.21,-0.645593800618,-1.55722834576
4.215,0.45349733955,0.0609860179249
4.22,0.927171175065,-0.353247127327
4.225,-0.0579109678059,-1.91623428853
4.23,-0.585927611026,-4.61229168191
4.235,0.00845950455416,-8.52028471618
4.24,0.347640531795,-7.98007936052
4.245,-0.228976588477,-4.40533804586
4.25,-0.680468914195,-3.18729032497
4.255,-0.629890769796,-3.02039976409
4.26,-0.378437324452,-1.92717174102
4.265,0.247691219085,-2.22263802209
4.27,0.38642404941,-7.70387613708
4.275,-0.0631514815586,-15.3140050758
4.28,0.209764977647,-4.85616336773
4.285,0.508672407049,-5.71425067234
4.29,-0.0580453058631,-21.9418919554
4.295,0.352146828123,0.395129370179
4.3,1.96692539994,5.90308137412
4.305,0.96708339743,7.59646159727
4.31,-1.77931945674,6.72900711018
4.315,-0.913430436531,4.44737062281
4.32,1.23317050608,2.66128358975
4.325,0.458037121223,0.148069728362
4.33,-0.344777341229,-7.33569720491
4.335,0.112220687982,-18.8536265882
4.34,0.131726368236,-13.8202257217
4.345,0.344078909878,-8.50464467658
4.35,0.290084163002,-1.99814165293
4.355,-0.413271488867,-3.03355352608
4.36,0.107214746199,-16.9444327132
4.365,0.328675399415,2.43756593421
4.37,-1.48179521141,6.81741279131
4.375,-2.25438518509,7.0875935772
4.38,-1.27615749095,4.87824882944
4.385,-0.556355391542,2.90866525518
4.39,0.0945367913764,1.02574951907
4.395,0.0752427066095,-5.67475586772
4.4,-0.40116083016,0.947217051139
4.405,0.752129568659,5.69928704899
4.41,1.9639480347,6.23528553575
4.415,1.48562075968,4.4286493351
4.42,0.640832194877,2.80807947718
4.425,-0.456859846038,2.03714692102
4.43,-0.987710930311,-0.078336144417
4.435,0.190935643402,-2.23981770854
4.44,0.746671765231,-1.88850301553
4.445,-0.100536477982,-2.10013405244
4.45,-0.621231242513,-3.2233948311
4.455,-0.628187412465,-3.40565080745
4.46,-0.215347715982,-3.62713682147
4.465,0.161948003241,-5.73719766388
4.47,0.243158765506,-5.28634497034
4.475,0.680383592515,-1.52637539473
4.48,1.08167945177,0.682207542805
4.485,1.1145337485,2.99146756978
4.49,0.0351450231386,4.95641925922
4.495,-1.52412405423,4.60060205245
4.5,-0.626733272779,0.411079846502
4.505,0.402611188866,-7.73943565789
4.51,-0.626329274342,-3.00394139102
4.515,-0.246367485894,-3.23187807567
4.52,0.350509106173,-8.87695114513
4.525,-0.483931197997,-6.05881502137
4.53,-0.0921370220906,-3.37415723767
4.535,0.543217606932,-4.64328615299
4.54,0.353981021825,-7.61283821007
4.545,0.0191247040245,-9.25127167358
4.55,-0.19404863657,-12.0661820195
4.555,0.827086390129,-1.47734430299
4.56,0.526341703669,4.48299169193
4.565,-1.82675636862,6.65617952214
4.57,-1.50445405692,6.01241772335
4.575,0.460874866726,2.98623938164
4.58,0.875311981068,-0.999208174612
4.585,0.375887828152,-2.82743865226
4.59,-0.764830143085,-1.61250920227
4.595,-0.213059017428,1.57044834468
4.6,1.60885966564,4.19107576827
4.605,0.409469826818,5.20835226586
4.61,-1.36556403849,4.16262136264
4.615,-1.19468938668,1.84036718447
4.62,-0.87174715099,2.49694882392
4.625,0.433646860769,3.51143168258
4.63,1.12729043267,1.08702594121
4.635,-0.454379321999,-3.30270130095
4.64,-0.247414822091,0.759752087565
4.645,1.25918206255,2.26344233097
4.65,0.168846026914,-0.563892510608
4.655,-0.571423292411,-3.04639241454
4.66,1.00105626541,1.43977424924
4.665,0.883945527223,2.82062790402
4.67,-0.55593745876,0.152945862181
4.675,-0.341751187255,-8.61281886715
4.68,-0.689562025564,-2.02925806381
4.685,-0.928931272456,2.75643781665
4.69,1.24255405385,4.14532566212
4.695,0.733350180565,4.59148793977
4.7,-1.83578252297,5.45267855585
4.705,-0.241876108397,5.34311566774
4.71,1.18660113117,1.63175274119
4.715,-0.138223887816,-15.9890366842
4.72,0.736174648541,1.57075602028
4.725,1.64095963457,5.03483494251
4.73,-0.160799898118,4.29496672155
4.735,-1.15770514645,1.32170621443
4.74,-0.025169123372,0.388936830726
4.745,1.55269875568,3.87786735504
4.75,0.906445772377,6.74042722742
4.755,-1.66370673155,7.23135262943
4.76,-1.46369532586,4.87868476413
4.765,0.666320741838,-0.16974041108
4.77,0.146144445255,-1.41636532229
4.775,-0.890290981893,-1.00747466522
4.78,0.212430576004,-3.10953124944
4.785,0.664881175342,-1.60799069401
4.79,-0.233822743706,0.0524065261984
4.795,-0.77852393351,0.7719184238
4.8,-1.42954943718,3.54565627435
4.805,-1.77306605797,5.48825724614
4.81,-1.04288575723,5.50737485408
4.815,-0.117924467698,4.44949706789
4.82,0.395554907273,3.0180748985
4.825,0.598184116208,3.11172402865
4.83,1.39012488362,5.77327143676
4.835,2.32820748444,7.38247350226
4.84,1.73042846311,6.97324224222
4.845,0.107251507108,4.56423127466
4.85,-0.645619953534,-1.59295293379
4.855,0.297868355724,-9.9088594307
4.86,0.655275337931,2.4699745674
4.865,-1.15028798632,5.42180272447
4.87,-1.63131816222,4.70069280698
4.875,0.0701009276462,0.679936431729
4.88,0.384929732785,-8.25705390435
4.885,-0.156675471462,-15.9321885619
4.89,0.218066504144,-12.4724014551
4.895,-0.17543926592,-6.32875539303
4.9,-0.851093025255,-0.619826957699
4.905,0.225141037,1.75604238592
4.91,1.08962036902,0.887859188758
4.915,0.358588327704,-5.36133563282
4.92,0.287971416065,-9.04050208084
4.925,1.17662593435,1.5098402263
4.93,0.787994017907,5.08085848565
4.935,-1.0350242822,5.6847652427
4.94,-1.35910659186,2.73230306706
4.945,0.182838294864,-10.0561435398
4.95,-0.472588441732,2.40493941856
4.955,-2.21495737098,6.92378961924
4.96,-0.633208977727,6.84234816599
4.965,1.13767470264,2.83850096144
4.97,0.214616571316,-7.17858801071
4.975,-0.403518363331,-6.18748618728
4.98,0.0477289970951,-1.96691132669
4.985,0.951261158208,1.31117532412
4.99,1.23936809324,3.45555252931
4.995,-0.73952464645,4.00759417252
5,-1.30386122522,3.68110301379
5.005,0.824217191542,2.44153316197
5.01,0.561341806142,-0.309783203786
5.015,-0.841639183604,-1.49631300123
5.02,0.2647730308,0.0246627743288
5.025,0.798414343893,-1.69775423913
5.03,-0.24214707447,-11.2315702566
5.035,0.577858780221,0.553853413005
5.04,1.91903261391,5.93703341011
5.045,0.637072279574,7.65748849802
5.05,-1.39685267977,7.67316398883
5.055,-2.33414256244,7.47982636345
5.06,-1.6004847934,6.70660646442
5.065,0.378336867759,2.89769735312
5.07,0.244462732033,-8.91835548336
5.075,-0.982633785404,0.154934337973
5.08,-0.310595327605,2.3244244884
5.085,0.395406909492,0.314598413486
5.09,0.584745970129,-0.564245609921
5.095,0.693119285854,-2.05390590005
5.1,0.492049522716,-3.34456190726
5.105,1.18717990173,2.47034764615
5.11,1.46240479477,3.78272803169
5.115,0.524595100594,-0.485054453573
5.12,0.696903345695,-2.62021163623
5.125,1.17193278307,4.09254272936
5.13,0.0515123471107,5.59553951988
5.135,-1.00824646352,3.5097596591
5.14,-0.682688311588,-2.86839063706
5.145,-0.108221145131,-6.78903869975
5.15,-0.521756793248,1.63330351517
5.155,-1.61864894808,4.82779745082
5.16,-1.49618104005,4.45337688513
5.165,-0.427592597627,0.204648678863
5.17,-0.350370660009,-2.29017458373
5.175,0.278458555445,1.34345156743
5.18,1.3295832167,2.5056348455
5.185,-0.213750742811,3.99511694859
5.19,-1.83217616263,5.26367039759
5.195,-0.685567921837,4.43897156076
5.2,0.718389379988,1.56584047698
5.205,0.768864914912,-1.62090028698
5.21,-0.580276703395,0.847358757689
5.215,-1.82210725087,5.66780261877
5.22,-0.341421417323,7.88765303128
5.225,1.8166108489,7.50018295546
5.23,1.65597187994,4.68748231382
5.235,0.102049705732,-2.25495570507
5.24,-0.185047708864,-3.09712199453
5.245,1.67737696246,5.12634306236
5.25,1.39484554728,7.29532153542
5.255,-1.54478199459,6.16218364979
5.26,-0.67998278482,5.23718208517
5.265,2.24710562008,7.25888130795
5.27,1.11296641247,7.98199569319
5.275,-1.30700546106,6.51289330574
5.28,-1.57548007424,3.99594941991
5.285,-0.36428643825,2.13966938845
5.29,1.25066660865,2.27202578828
5.295,0.349408207676,4.20574831279
5.3,-1.66572289777,4.8502504952
5.305,-0.646789122114,2.82913919246
5.31,0.445316280498,-2.59109790339
5.315,0.495681432202,-3.4500499547
5.32,1.32115500695,2.74599993379
5.325,-0.14421534213,5.31906110538
5.33,-1.70421233928,4.63157642297
5.335,0.380078645436,1.70289668093
5.34,0.909273861113,2.92675708534
5.345,-1.31043824505,5.30786967209
5.35,-1.7386858702,5.23971097061
5.355,-0.702423431907,4.05211986165
5.36,0.390855491781,3.3732969116
5.365,1.12958827107,1.8214603163
5.37,0.519785448976,-3.24954630938
5.375,-0.284203470717,-10.8948762545
5.38,0.248857438183,-2.39266252683
5.385,0.951094980264,-0.172584458845
5.39,0.836378958101,-1.04235790775
5.395,0.915383427658,1.01786188116
5.4,0.369346069641,3.9968430063
5.405,-0.855686368648,3.19236018891
5.41,-0.587984724794,-2.04759913743
5.415,-1.18879190733,4.5793517802
5.42,-2.71667979208,8.81137156402
5.425,-0.677567126519,8.69049928905
5.43,1.33298263785,3.87754907102
5.435,-0.220557066781,-6.56196125122
5.44,-0.745875526161,2.20186532144
5.445,0.513403018799,3.67242894099
5.45,1.12308909734,2.75303592581
5.455,1.2423371036,1.93074060692
5.46,0.845409147752,-0.851346506969
5.465,0.689870060403,-3.09265607762
5.47,1.12773697233,1.5994767075
5.475,0.890624348328,3.90747308052
5.48,-0.060719100364,4.71167607743
5.485,-1.21413223111,4.942672957
5.49,-1.50174355333,3.54250646072
5.495,-0.517163048416,-1.13549033718
5.5,-0.11509946857,-10.2378606733
5.505,-0.146671452852,-7.08361455589
5.51,0.427504447311,-5.74997118872
5.515,0.27132581997,-5.60408554068
5.52,-0.360944032222,-6.15617436733
5.525,-0.311064723146,-10.1323879428
5.53,-0.414756425873,-7.36112373462
5.535,-0.792053642785,-1.30519072808
5.54,-0.29128984762,1.75784612057
5.545,0.962466810064,2.41984350796
5.55,0.879875978043,-0.161044325598
5.555,-0.261347847498,-9.63877308247
5.56,0.549990933477,-0.933941049022
5.565,1.40920629803,4.34102647902
5.57,-0.764309174941,5.91250107976
5.575,-1.8302398456,5.80715752134
5.58,0.760708986183,5.51174399554
5.585,1.69441005877,5.43760514803
5.59,-0.570725433642,4.42717387222
5.595,-1.14585224426,1.389050326
5.6,0.0906981906814,-4.17488449087
5.605,0.297265331844,-10.5334396547
5.61,0.302571564698,-8.76202116742
5.615,0.0446575996678,-1.26640132523
5.62,-1.22263365168,2.88979944203
5.625,-1.36745397935,4.37804262936
5.63,0.0916772194347,3.93998559134
5.635,1.0443520172,1.93798214739
5.64,0.773566871231,-2.1497161143
5.645,0.602365097313,-4.39830626582
5.65,1.28882905621,2.87536999297
5.655,0.405265044066,6.99490736831
5.66,-1.99687142672,8.1309365292
5.665,-2.04075048253,6.64647073702
5.67,-0.837379417852,3.74195030599
5.675,-0.0343457476676,3.31114516074
5.68,1.05243160396,2.08626972245
5.685,0.211814190471,-6.01949000869
5.69,-0.416185164931,-1.08150045682
5.695,1.24371123429,3.11154508875
5.7,0.593730996692,1.52353295152
5.705,-0.79317586523,-2.0107928865
5.71,0.416739411154,-0.394680310221
5.715,0.762899222292,-2.19895634643
5.72,0.312323025585,-10.0784549406
5.725,0.96162891176,-0.203624323262
5.73,0.52735331852,3.07708804152
5.735,-0.837541592076,1.96275839694
5.74,-0.488799698541,-5.1774260408
5.745,0.377171378588,-5.96334840293
5.75,-0.584874368951,1.86901945269
5.755,-1.52043412648,3.65267688385
5.76,-1.0781109237,3.30080289681
5.765,-0.273009716813,3.60414453357
5.77,0.958664999483,4.40130296733
5.775,1.4880640084,3.45462940087
5.78,0.626003873187,-0.493732844409
5.785,0.182945485814,-7.31618287848
5.79,0.229975515895,-7.18842343921
5.795,0.144429409104,-8.40615296058
5.8,0.374806993489,-3.38430190884
5.805,-0.19652916017,2.50479012229
5.81,-1.54736380278,4.66307387601
5.815,-1.34955640508,4.07819983437
5.82,-0.0513483546467,1.63105210487
5.825,0.73476769032,-1.20218122086
5.83,0.433319854177,-2.28081776777
5.835,-0.978436254559,0.780691683679
5.84,-0.837722073743,3.30053972338
5.845,0.884903127336,2.84943289488
5.85,0.750970189972,-1.81457282585
5.855,-0.0548848923009,-23.5000783454
5.86,0.462641407492,-5.02083632082
5.865,0.714333813141,-1.81509954614
5.87,0.0211232385482,-1.69788544753
5.875,-0.699163549495,-2.55548866958
5.88,-0.217136546195,-2.15504624376
5.885,1.09415680383,1.07319938051
5.89,0.770315978344,3.38744234272
5.895,-0.668979716486,3.37421894345
5.9,-1.16910567186,2.30992174268
5.905,-1.60675393351,4.12522078682
5.91,-1.32911239982,6.35991602559
5.915,0.670680007999,6.30682099968
5.92,1.45494087333,3.41513661544
5.925,0.559969134766,-2.96093215168
5.93,0.288996635253,-7.12967236912
5.935,-0.196565778957,-4.33567533413
5.94,-0.832129675682,-0.927879140356
5.945,0.358555694817,2.41823313564
5.95,1.51877711557,3.64436693888
5.955,0.732447463738,2.41334755138
5.96,-0.0949007657217,-0.423245514859
5.965,-0.437119946626,-0.482910867461
5.97,-1.0978046045,1.49596554403
5.975,-1.08892674744,2.11069360368
5.98,0.0652419639689,1.0511900061
5.985,0.80107702168,-1.82513832984
5.99,-0.199945731732,-2.95764608462
5.995,-1.10873860958,1.93541911559
6,0.474382797404,5.27789570611
6.005,1.98212736426,5.94548933283
6.01,0.289877651831,3.39834108434
6.015,-0.769037779391,-1.56779304446
6.02,1.40037134792,4.16281093674
6.025,1.59157431519,7.80619974181
6.03,-1.25098245919,7.88426018022
6.035,-1.56694733383,4.08373106692
6.04,0.27315689772,-9.04369075256
6.045,-0.688989070247,2.95596845796
6.05,-2.08319364833,6.71628275566
6.055,0.224693354183,5.58160623461
6.06,0.975741448345,1.13505803841
6.065,-1.60803266786,4.47387837513
6.07,-0.789823182935,7.23772326164
6.075,1.47965300375,5.58870854787
6.08,0.770481013355,-2.2046298019
6.085,0.821134829111,-0.829589356821
6.09,1.31138855799,3.55482127328
6.095,-0.218733981272,2.40331151243
6.1,-0.638674063129,-3.84196647441
6.105,0.476724577337,-6.13101146811
6.11,0.215550725046,-0.0431013655598
6.115,-1.04760787896,1.92915744916
6.12,-0.984024720038,1.25627108192
6.125,-0.0456731777853,-2.47664750972
6.13,0.0106714452691,-7.39217573297
6.135,0.196910354698,-1.89747173763
6.14,1.01102728978,1.16771747876
6.145,1.20078292387,2.15231310808
6.15,0.478619915284,2.67806171649
6.155,-0.832507180709,2.58424206736
6.16,-1.0692357042,1.23075106034
6.165,0.360513828904,-0.111864975772
6.17,0.954442193591,0.0776416695928
6.175,-0.0197988227411,-0.659408442153
6.18,-0.447704156172,-5.81908842685
6.185,0.0915786585221,-12.1111364408
6.19,-0.385897649484,0.0425446024626
6.195,-1.41890965318,3.09613498274
6.2,-0.701637981994,2.12208816027
6.205,0.432549687232,-2.85395552306
6.21,0.150178532258,-7.66157307278
6.215,-0.895918821623,-0.420228110338
6.22,-1.22671815439,4.38313961825
6.225,0.621992554484,6.34313901204
6.23,1.89399449923,5.54803081437
6.235,0.0363643631449,2.57393729858
6.24,-1.0669205036,0.656484457239
6.245,-0.155170983355,-0.100266352213
6.25,0.364723678159,-0.161503316866
6.255,1.16440150903,2.91813859809
6.26,1.37036263919,3.22681944394
6.265,0.272532738088,-3.69775476313
6.27,0.873053669705,-1.15351818904
6.275,1.30950158086,6.06569809775
6.28,-0.84422427136,7.05473403106
6.285,-1.59820827777,4.12293619732
6.29,-0.413404771698,-2.67394729989
6.295,0.445452598782,-6.94484344018
6.3,0.196170671839,2.69055305058
6.305,-2.26862785606,8.33634219543
6.31,-2.57979921166,10.5601545742
6.315,1.12268706133,9.92135927837
6.32,1.9898774397,5.97676978143
6.325,0.391708312331,-4.84228350117
6.33,0.814014222223,-1.76763434182
6.335,0.464428648782,1.57548429823
6.34,-0.562790474861,-2.65450583655
6.345,0.300632650793,-9.96652768134
6.35,-0.124927553835,2.95278057941
6.355,-1.9039309309,5.99451621623
6.36,-1.33071780835,5.4269206785
6.365,0.0977109648817,2.3630836782
6.37,0.562493307583,-0.402521168871
6.375,0.882542124591,-0.934468263634
6.38,0.383320724014,-2.45054817481
6.385,-0.5470248903,-3.71027077549
6.39,-0.528197352329,-3.06845585487
6.395,0.0726167968575,-1.74337770963
6.4,0.826827568205,-0.445136744424
6.405,0.678319074786,-0.936307805012
6.41,-0.504110739041,-2.92448884742
6.415,-0.380452902725,-2.79764222124
6.42,0.46289059315,-4.2666942977
6.425,0.0180396816231,-23.9010759299
6.43,0.208140957346,0.557512820078
6.435,1.99037932671,6.46348695066
6.44,2.00773865787,8.39538489267
6.445,-0.241904398804,7.42786806669
6.45,-1.17407575304,3.83586988669
6.455,-1.08977293768,1.30369512452
6.46,-1.0901612942,1.48569027687
6.465,0.254206946701,-0.766671784486
6.47,0.670148938149,-1.05020256338
6.475,-0.638640700199,-0.159640772211
6.48,-0.437374645586,-6.95461701444
6.485,-0.304150209031,-2.93919969768
6.49,-1.80146753817,5.12778071475
6.495,-0.919866682523,7.19045662895
6.5,1.54920110254,5.75879779719
6.505,0.603383070168,1.02922645522
6.51,-0.698385553515,-2.89153618179
6.515,0.632415274225,-2.18500070281
6.52,-0.0715861751105,-0.336360057522
6.525,-1.36119908207,3.33262238116
6.53,0.549127824103,4.45834985877
6.535,1.25847785951,2.07698649372
6.54,0.197869768394,-4.49987811925
6.545,0.0553984708677,-5.98664687359
6.55,-0.925776279371,0.398529690974
6.555,-0.982063212534,4.52021171451
6.56,1.40629928778,6.28873007392
6.565,1.64352697718,5.6494384981
6.57,-0.613934332235,2.67466161207
6.575,-0.689358400403,-0.326011935142
6.58,0.824417902265,0.0413536270345
6.585,0.677770475013,-1.47207009268
6.59,0.18151826345,-6.98298953516
6.595,0.261185251318,-5.0469363243
6.6,-0.0842071887564,-4.20683337182
6.605,-0.102991817125,-6.21932480012
6.61,-0.407717640303,-0.745602798603
6.615,-1.21509050594,1.95188952897
6.62,-0.930362137582,1.32385147451
6.625,-0.211307507305,-0.274240663021
6.63,0.509812899762,-0.195678656653
6.635,0.962259918158,-0.320592616834
6.64,0.283316356869,-2.12316196954
6.645,-0.197535235114,-4.51486698017
6.65,-0.655809251608,-1.21588565702
6.655,-1.1675240519,1.81192581016
6.66,0.0458323512841,0.603203418497
6.665,0.390816675773,-6.60696381226
6.67,-1.16730590036,1.34769533077
6.675,-0.727788278436,6.1477075846
6.68,1.34922082206,7.50534305214
6.685,2.33888872763,7.4827359534
6.69,1.79588536684,6.83450027824
6.695,0.315762181846,4.88418717615
6.7,-0.54056740286,0.965476883799
6.705,-0.528968482586,-4.2194938172
6.71,-0.14219131033,-15.5532307698
6.715,0.494858862507,-4.67227186739
6.72,-0.0859723763385,1.95459972728
6.725,-1.33945868251,3.44821047525
6.73,-0.963878952004,1.37161139584
6.735,0.0436502071836,-5.35195925502
6.74,-0.0309974267626,-29.6391330388
6.745,-0.145992202413,-12.219067892
6.75,0.121831362873,-17.8831023233
6.755,-0.251678476532,-10.7100589977
6.76,-0.183186539696,-6.0178664602
6.765,0.715202862065,-2.85901527979
6.77,0.139599447475,0.855080697344
6.775,-1.11075438631,2.15864338817
6.78,-1.04800261999,0.650416665137
6.785,-0.951986163559,0.756929335981
6.79,-0.656874531759,3.06135105242
6.795,0.413013482408,1.85551249858
6.8,0.335372761636,-6.83806685605
6.805,-0.230086151425,-2.89825276938
6.81,0.34763036373,2.57513283081
6.815,1.25112903289,4.23625527423
6.82,1.71413073543,4.69200821051
6.825,1.07836314219,2.94750301486
6.83,0.110321075665,-3.89592159313
6.835,0.230903153495,-12.5873948544
6.84,0.720118079661,-2.82805288854
6.845,1.14401980182,1.48192016952
6.85,1.1827244841,4.74709059794
6.855,0.130687070873,5.98207606346
6.86,-1.11850980083,5.14989311284
6.865,-1.18280038665,1.51655770784
6.87,-0.11372645111,-13.468664736
6.875,0.108320877349,-1.52790146199
6.88,-0.971712113036,2.95611736545
6.885,-1.30207762078,2.34564544069
6.89,-1.07417944526,0.789684234452
6.895,-1.0506771366,2.028325089
6.9,-0.224684068736,1.75743643652
6.905,0.707349714932,-1.19854802902
6.91,0.498759711115,-0.950749808205
6.915,-1.07836064353,4.96716046076
6.92,-3.01333647028,9.63282285985
6.925,-1.61757937338,11.7521970539
6.93,2.00782453659,10.9033815943
6.935,1.90978521027,5.61980458336
6.94,0.407178425309,-6.07741686883
6.945,1.35278031695,3.57515667925
6.95,1.2406614052,2.76888815536
6.955,0.343036926086,-7.94206614929
6.96,1.21084302356,1.71695543136
6.965,1.5095682076,5.8659294436
6.97,0.0236578508669,6.3382769393
6.975,-1.27655832147,4.28371979314
6.98,-0.736438561769,-2.37466545014
6.985,-0.133017730407,-11.4163385591
6.99,-0.813906673222,-1.74349440074
6.995,-0.0322882014129,-1.31847903053
7,0.924739149633,0.0409114098029
7.005,-0.571972707382,2.17761741468
7.01,-0.993226115755,0.0871640582183
7.015,-0.299082498542,-10.1832603724
7.02,-1.13153109001,1.28625114121
7.025,-0.281615941947,5.02270282709
7.03,1.4028051301,3.79079608353
7.035,0.343636831816,-4.59823735981
7.04,0.250320993665,-5.5719132563
7.045,1.078582974,1.2021544789
7.05,-0.181183194862,0.055201050615
7.055,-0.332022301768,-9.44303065623
7.06,0.147028490091,-9.1201062143
7.065,-0.565340769928,-4.606299799
7.07,0.12413448264,-5.3351877324
7.075,0.505894722426,-2.65637368603
7.08,-0.716199869512,-0.994528003319
7.085,-0.401991956454,-2.63823597308
7.09,0.507921724431,-5.69097725001
7.095,-0.0906410227723,-6.0016732654
7.1,-0.337608468937,-9.10332270017
7.105,0.198459307487,-12.620055365
7.11,-0.609571019275,-0.799895377736
7.115,-1.29282720255,3.32177502501
7.12,0.383144617179,3.6234430931
7.125,0.962975400936,-0.180533102868
7.13,-0.481650949894,-6.08782025457
7.135,0.546229607229,2.51175013796
7.14,2.02048490653,6.71385369723
7.145,-0.605301596291,8.33468418153
7.15,-2.51680074617,8.03826292361
7.155,-0.193933554078,5.39962808291
7.16,0.844822460826,-1.31619877159
7.165,-0.244732395227,-10.8093563819
7.17,-0.155589413409,-6.57368502354
7.175,-0.0217443266015,-6.65146886695
7.18,0.396191123276,-1.20559419122
7.185,0.947892818766,-0.439889598421
7.19,0.270568060564,-8.00558315122
7.195,0.486158676988,-5.98913801686
7.2,0.517406980412,-0.994671084299
7.205,-0.702271092175,-2.61151491653
7.21,0.449549462029,1.03250180728
7.215,1.54273954905,4.62090781929
7.22,-0.491528999824,3.63001504514
7.225,-0.610414230209,-1.92913530217
7.23,1.07348260863,0.615943066755
7.235,0.216822300219,2.39524967196
7.24,-0.451074352204,-3.16725764718
7.245,0.15991587458,-2.39678109704
7.25,-0.816607660698,4.89027019406
7.255,-2.17303408814,6.89743814675
7.26,-1.50348297689,6.1073118167
7.265,0.179238837433,2.23371208127
7.27,0.387714137625,-8.22540076296
7.275,-0.51678065576,-4.90355194438
7.28,-0.981043447479,0.659802016086
7.285,-0.559110226789,3.63484760554
7.29,0.835727549032,3.8894526707
7.295,0.81088763645,-1.76736284952
7.3,-0.303054870833,-5.76507404983
7.305,1.01007197862,4.14416443814
7.31,1.69575114333,5.13340002611
7.315,-0.17953551603,0.380375235797
7.32,-0.00672806625309,-5.85136606773
7.325,1.32305666201,2.69684940464
7.33,0.162076710712,4.9782104285
7.335,-1.46457051252,4.56219780246
7.34,-1.11415815885,2.42054961712
7.345,-0.0274984293825,-1.86981162379
7.35,0.0701815271012,-7.72338470806
7.355,0.231534008127,-2.49415167175
7.36,1.02262226425,0.701351308493
7.365,0.820724268069,0.263017317434
7.37,0.0421199350805,-3.55493188424
7.375,-0.0873109532444,-11.2779192695
7.38,0.110099955838,-12.9584169399
7.385,0.130917761217,-5.78564187089
7.39,-0.466866673867,-2.07030915826
7.395,-0.843555393859,-1.03660329914
7.4,0.30175912016,-0.259960896053
7.405,1.22755450003,2.01664237248
7.41,0.292514714652,3.4612075592
7.415,-0.891745384536,3.70097070642
7.42,-1.59464547353,4.44255983563
7.425,-1.6074808489,5.13264055434
7.43,-0.319776201399,3.65852507481
7.435,0.495837711633,-1.75050655058
7.44,0.0235760666385,-21.4760878329
7.445,-0.408524932532,-3.59302181768
7.45,0.121822998819,1.90684726089
7.455,1.30151643916,3.69034029251
7.46,1.09886423956,1.56501181852
7.465,0.288088715649,-7.95597293886
7.47,0.929298433094,-0.51643494109
7.475,0.653099513072,3.96627656015
7.48,-0.97248469219,3.80795742945
7.485,-0.952527859822,-0.17155668656
7.49,-0.000722444487966,-11.3064261715
7.495,-0.02408334247,-10.8708746784
7.5,-0.411394732633,-4.97675779321
7.505,-1.03218220475,0.38289349337
7.51,-1.23431942819,4.78930482846
7.515,0.754460665332,6.8617406262
7.52,2.12185997357,6.53624539006
7.525,0.393798579792,3.32843390605
7.53,-0.347880317527,-5.84027990884
7.535,-0.0142906643099,-4.00998079066
7.54,-1.14142196059,1.7836296126
7.545,-0.703430103295,1.32010433354
7.55,0.113173533532,-8.5253713722
7.555,-0.661762870635,-0.669289195272
7.56,0.625908386436,5.49945892304
7.565,2.08599690868,6.43473104786
7.57,1.1309220578,4.55936851072
7.575,0.0612373842072,2.55584263656
7.58,-0.866837552583,1.87656419428
7.585,-0.879060968604,-0.63517102811
7.59,0.00453111733458,-7.77150298798
7.595,-0.153554875735,-13.1541993774
7.6,0.265445228802,-1.08301998434
7.605,1.64557829591,4.32637103003
7.61,0.861810262293,6.9837782286
7.615,-1.52044243555,7.51641533286
7.62,-1.98783538541,6.01108699324
7.625,-0.952782666329,3.00253422319
7.63,-0.267602396246,1.47236180616
7.635,0.581182037115,0.430195378579
7.64,0.437219831691,-6.98426187296
7.645,-0.282552014101,-6.03701648177
7.65,0.754017353866,1.30874350774
7.655,1.12431198079,1.20225805625
7.66,0.712659893065,-1.31093104625
7.665,0.807321299088,3.7208407496
7.67,-1.08340536326,6.82489424301
7.675,-2.04499241758,6.28114665464
7.68,-0.53101342092,1.82610788514
7.685,-0.263975415831,-1.82483718337
7.69,0.445497386416,2.59001143608
7.695,1.48346254862,3.43987589221
7.7,0.527788323273,0.958766890483
7.705,-0.0875387882794,-2.0533442434
7.71,-0.817282566665,1.55856193942
7.715,-1.52285005167,4.26020666824
7.72,0.25559438481,3.58211564931
7.725,0.735417721701,-2.26362539057
7.73,-0.837522582362,-1.30622221038
7.735,0.500981730067,5.61179490285
7.74,2.47867529695,7.91261006886
7.745,1.46531957264,8.18357368738
7.75,-0.833464768189,8.05788480283
7.755,-2.34676984257,7.59126607761
7.76,-0.905244362213,4.76585488703
7.765,0.48342653365,-6.1316389562
7.77,-1.42147971977,3.06466952356
7.775,-0.389813378978,8.73454710457
7.78,3.03583148404,10.0920701572
7.785,1.2414965742,8.63027499753
7.79,-1.39082536638,4.15683579041
7.795,-0.0169746480367,-3.46092936079
7.8,0.454724986077,-2.69846269227
7.805,-0.576291029247,-2.5697663842
7.81,-0.329814102587,-9.36154612135
7.815,-0.466290647501,-6.46722292926
7.82,-0.555524989547,-1.32531499493
7.825,0.371202652268,-2.21607743431
7.83,0.26688014256,-10.6933609377
7.835,0.400861393653,-4.47937737463
7.84,0.851996700369,-0.855266241728
7.845,-0.127348733145,-6.19434100398
7.85,0.605652148753,-3.25766943309
7.855,1.0202647133,6.14779923013
7.86,-2.35815275274,9.41742194208
7.865,-2.04060408577,9.77880334478
7.87,1.93136547302,8.0434566801
7.875,0.884555257701,4.79217510324
7.88,-0.974766651473,0.0723384441872
7.885,0.113406120964,-10.7752664261
7.89,-0.490323266131,-4.30267040129
7.895,-0.56968422921,0.524423728102
7.9,0.651304858679,-1.17230189374
7.905,0.181354493472,-13.5613049253
7.91,0.840350691302,0.104195712428
7.915,1.18768332989,4.11509492062
7.92,-0.843769237847,3.30360192456
7.925,-0.587313690782,-2.02855459256
7.93,0.380952081468,-8.14587561372
7.935,-0.339638993658,-8.42591556166
7.94,0.392368310841,-6.674274593
7.945,0.243411860948,0.807035077216
7.95,-1.25807399457,2.41364516433
7.955,-0.294394020423,-1.85307382982
7.96,0.0792394098471,-9.57962102298
7.965,-1.0328793209,0.390806241438
7.97,0.0550775140024,2.00841477887
7.975,1.05089991822,0.451081580431
7.98,-0.261177253945,-0.173226358112
7.985,-1.06206114382,0.634437742836
7.99,-0.288734068957,-0.690259827136
7.995,0.127607961412,-6.66795527543
8,-0.250278705616,-4.8874720423
8.005,0.192047856129,2.21863255924
8.01,1.561287064,5.00102345846
8.015,1.43467778737,4.69102630636
8.02,-0.485125526008,0.480525893369
8.025,-0.141779238202,0.825706962003
8.03,2.2533297201,7.07747449028
8.035,0.943447431519,9.15197246988
8.04,-2.04971841035,7.96536016415
8.045,-1.01768341875,3.57767716013
8.05,0.76181468411,-1.88296272131
8.055,-0.00302032059545,-1.24886480666
8.06,-0.834043731257,-1.22795806999
8.065,-0.441965521351,-2.39987017854
8.07,0.638898135706,-1.93375418117
8.075,0.789202502123,1.42833601702
8.08,-0.640808341721,3.85965132354
8.085,-1.6165181506,4.4902562455
8.09,-1.68483313614,5.11078097176
8.095,-1.14922308568,6.95062884908
8.1,0.796550662159,8.16229813015
8.105,2.24934746511,7.43289231704
8.11,1.29814479015,3.97876680383
8.115,0.4347846441,-1.98923008974
8.12,0.446454520049,-0.412058518102
8.125,-0.344646256652,0.118467777205
8.13,-0.361921543587,-6.40625115881
8.135,-0.388773243312,-0.105250297026
8.14,-1.91183534259,5.69591046694
8.145,-0.983707568794,6.74241286899
8.15,1.09752609044,3.74113461354
8.155,0.334463105839,-8.03575558491
8.16,0.00245718113983,-4.93168259698
8.165,0.711262499194,-2.24137733499
8.17,0.302716078256,-10.1720464307
8.175,0.974722514775,0.773984483999
8.18,1.63208492036,5.96919293551
8.185,-0.516505659167,7.16800485869
8.19,-1.96056482958,5.89662860552
8.195,-0.579574071444,3.12797231531
8.2,0.775448044716,0.729892807042
8.205,1.00737731959,0.561920186516
8.21,0.0913275190046,0.918223850818
8.215,-0.755923037683,-1.89104713252
8.22,0.182336064641,-11.1674899653
8.225,0.109524668087,0.131437162334
8.23,-1.31792820379,3.18255694974
8.235,-0.911654421532,0.8527382519
8.24,-0.46494706715,-4.58222304371
8.245,-0.782750635791,1.19008662104
8.25,0.139292114731,3.12579755843
8.255,0.793742525685,1.42295711661
8.26,1.13674712073,2.75244361834
8.265,2.13477373611,6.69696769286
8.27,0.857395548766,7.98759812334
8.275,-1.37532819476,5.92236217265
8.28,-0.76830512787,-2.28925297915
8.285,-0.750790850458,0.362629158471
8.29,-1.97305946209,6.15242652691
8.295,-0.220983966832,6.65961507762
8.3,1.44486418488,3.59821563535
8.305,0.0511729578719,-1.21971437189
8.31,-0.979638020364,0.035865336503
8.315,-0.264890859424,2.57760649597
8.32,1.16374026245,4.26039578784
8.325,1.6084838614,4.67010560116
8.33,-0.231680058377,3.8623697655
8.335,-1.53565864194,3.79281870165
8.34,-0.156247027927,4.60058518699
8.345,1.23142218625,3.73831341547
8.35,1.04510461095,0.558329191069
8.355,1.48471968801,3.7088143471
8.36,2.45757065203,8.47192628532
8.365,1.10968857451,10.341141343
8.37,-1.49400641005,9.94682900685
8.375,-2.3259957992,7.75974686237
8.38,-1.4964485595,3.95847448801
8.385,-0.676719661932,-1.27570422616
8.39,-0.523065841268,-4.18038085097
8.395,-0.548319684572,-2.68187548867
8.4,-0.156723462365,-1.91170578414
8.405,0.503152333117,-4.18301708908
8.41,0.00292483046335,-6.35964121759
8.415,-0.789322887488,-1.55515419844
8.42,0.316060498585,-1.57319395523
8.425,0.207587114454,-3.27580767225
8.43,-1.51960337123,3.76741077359
8.435,0.0680071375305,7.19425970794
8.44,2.23236603444,7.22216104436
8.445,0.876708935173,4.47704415697
8.45,-0.520737888633,-0.774633878046
8.455,-0.495133091119,-5.73183856432
8.46,-0.764064516751,-1.91416674632
8.465,-0.285927168472,2.99084096618
8.47,1.55769149286,5.83079659956
8.475,1.8598911185,6.3040802449
8.48,0.227286103246,3.84580285204
8.485,-0.196667396357,-0.759481131932
8.49,-0.528804016219,2.8081645775
8.495,-1.86325249267,5.73246370328
8.5,-1.36357252395,5.48172217628
8.505,0.125663004822,2.75020440273
8.51,0.548147362691,-0.0571164562254
8.515,1.04109648524,1.58990591972
8.52,1.43174836886,3.53456894425
8.525,0.518837202545,3.57049243376
8.53,-0.424220556342,1.4964347997
8.535,-0.615776950198,1.31252319526
8.54,-1.770406452,6.03020130691
8.545,-2.55624462995,9.0563504936
8.55,-0.228888608924,9.66693234474
8.555,2.07322030457,7.9307935791
8.56,1.3884222036,3.54296380447
8.565,0.325956050602,-3.57082095995
8.57,0.08941846892,-7.59794107661
8.575,-0.279446324729,-9.68235780217
8.58,-0.0471256339266,-7.88448428891
8.585,0.563735674358,-4.75238837219
8.59,0.276667907711,-5.5055614728
8.595,-0.239300361596,-10.2762490617
8.6,-0.0305064714847,-11.967903603
8.605,0.334651149468,-8.98855114956
8.61,0.252248063101,-11.2000442174
8.615,0.207793162446,-12.507528654
8.62,0.862149328385,-1.16395577844
8.625,1.35843264687,4.56198265149
8.63,0.0954949575186,7.7478245285
8.635,-2.29012549474,9.09781551869
8.64,-2.38948433816,8.42249597071
8.645,0.172244658161,4.96525741602
8.65,0.763407308064,-2.14846747327
8.655,-0.471393939042,-4.64420755204
8.66,-0.369661585539,-7.75714680644
8.665,-0.684342145604,-3.18743004228
8.67,-0.582577048549,3.10765784569
8.675,1.20563188238,4.50911467336
8.68,1.24555750491,2.79391911867
8.685,0.152440099675,-1.14766275313
8.69,-0.177166652655,-1.82003683853
8.695,-1.02452712311,1.80997438882
8.7,-1.28715067731,3.09180230755
8.705,-0.0250540109492,0.579417200211
8.71,0.197611885379,-14.0131325207
8.715,-1.051564432,0.645138764151
8.72,-0.537680200466,6.45652740896
8.725,1.77959762384,8.00367203195
8.73,2.01209025842,6.37543332861
8.735,0.244126546976,-0.307845553555
8.74,0.264017163286,-10.4335805131
8.745,0.814992686943,-0.0470814785553
8.75,-0.444034047207,-1.80626552366
8.755,-0.0350818440745,-1.71214832559
8.76,1.42951520141,3.11056845893
8.765,0.422794682182,1.40552428278
8.77,0.359779799273,-6.582434443
8.775,0.928662052954,5.1737015018
8.78,-1.33316443622,7.72857711381
8.785,-1.53544570671,3.95256508835
8.79,0.223659564217,-8.3762602817
8.795,-1.74547330831,6.66124663992
8.8,-2.1075192002,8.69401067842
8.805,0.98501988341,5.32481995725
8.81,0.0648976272199,-1.61369023002
8.815,-1.40983583599,4.87046122469
8.82,1.21013764828,7.00521864043
8.825,1.77504494388,6.26059615464
8.83,-1.12346826544,5.42171415751
8.835,-1.4737285961,5.93422137857
8.84,1.27873436158,5.75110868785
8.845,0.941443381125,3.4787244928
8.85,-1.38777590068,2.85079696518
8.855,0.581809727706,5.86169054813
8.86,1.98575574044,6.35113561395
8.865,-0.400845589604,2.99593059445
8.87,-0.360061659958,-5.35799979164
8.875,0.577241119212,-3.12205413489
8.88,-0.780236074613,0.264764595322
8.885,-0.79405281022,2.27369890258
8.89,1.08523868812,4.36095338096
8.895,1.85928333177,5.85366980361
8.9,0.234804812821,5.90700818741
8.905,-1.27244520652,3.36143566384
8.91,-0.383715033062,-4.46946459456
8.915,0.30308954529,-7.16745554679
8.92,-0.459138037679,-2.46926891151
8.925,-0.436242692403,-7.05096914185
8.93,0.148294525214,-8.56679880814
8.935,-0.785451246458,2.16148650569
8.94,-1.65794307617,4.50013004298
8.945,-0.359224343835,0.827825099363
8.95,-0.252617838999,-10.1874010905
8.955,-1.57925194695,4.66370897042
8.96,-0.134572500856,6.7261459888
8.965,1.22065641548,2.96359823765
8.97,0.0466392070684,-19.6493984723
8.975,-0.235868662205,-2.27044634832
8.98,0.0212028762976,-0.169979209133
8.985,0.485734150766,4.99107182041
8.99,2.22031008493,8.29160716828
8.995,2.36668511537,7.76231737672
9,1.25439578621,4.28409361718
9.005,1.24600941806,4.67548418584
9.01,0.447004760489,6.31269524558
9.015,-0.843009833458,3.79946980026
9.02,-0.317206390276,-6.52019147284
9.025,-0.0717698020809,1.45694132923
9.03,-1.64702419651,5.66139899804
9.035,-1.42830689213,5.67151769585
9.04,1.16937394857,4.45256471865
9.045,1.13950897666,5.02291129854
9.05,-1.08292513006,4.82510691024
9.055,-1.09863739333,0.990699876378
9.06,-0.278362774984,-9.40550024477
9.065,-0.407243906916,-7.61284546905
9.07,-0.625878161205,-4.06367827153
9.075,-0.762361775272,-0.473744878124
9.08,0.147911395484,0.193210081263
9.085,0.698020752259,-3.06382665341
9.09,-0.307443900022,-5.5023393043
9.095,-0.316233666943,-8.71092017557
9.1,-0.363885306051,-8.3336691202
9.105,-0.903269920208,1.11976600646
9.11,0.4790788357,3.18843925963
9.115,1.1320953791,1.30085606715
9.12,-0.528640081015,-0.352549917226
9.125,-1.07083021007,2.81295061635
9.13,0.553293641417,4.88657757639
9.135,1.65735912074,4.56011806799
9.14,0.821805882233,0.965053090635
9.145,0.234846955195,-8.57805332339
9.15,0.77996263747,-1.20197540308
9.155,0.333575170514,3.04889606504
9.16,-1.04914214131,3.91341881654
9.165,-1.42002138594,3.08638434204
9.17,-0.729725302625,1.76844022465
9.175,0.170776677133,1.60994405667
9.18,1.22422430137,2.8790518157
9.185,1.2803350642,4.11110812637
9.19,-0.598530753728,4.43742803002
9.195,-1.47992153873,3.5443468799
9.2,0.0617201955691,1.22206717304
9.205,0.731316508674,-2.70596059358
9.21,0.163488533798,-7.93389017599
9.215,-0.032191547755,-6.91423742188
9.22,-0.811346451256,-0.61075612479
9.225,-1.1765062992,3.2128472653
9.23,0.184115651458,5.02439053226
9.235,1.7235365301,5.8061530831
9.24,1.61660281956,5.68491698022
9.245,-0.553304361968,3.53216968291
9.25,-0.776407705663,2.10801101193
9.255,2.02811645579,6.70420047272
9.26,1.43362734334,8.7111403843
9.265,-1.2559115151,6.53204400185
9.27,-0.64813655968,-3.3343632596
9.275,-0.618175705501,2.29084212577
9.28,-2.08858306205,6.43934853344
9.285,-0.985971721771,5.12055080382
9.29,0.420775382388,-1.9630703839
9.295,-0.215999390474,-11.4886264196
9.3,-0.693724782752,-1.75229182223
9.305,-0.294910252396,-0.960653148975
9.31,-0.0371006923465,-1.21887125788
9.315,0.297880390822,1.46797527976
9.32,1.25990662097,4.04126060203
9.325,1.59922121264,4.24234534743
9.33,0.529594928134,0.885207070663
9.335,0.0962289308798,-9.25579786183
9.34,0.538395142125,-3.24473378483
9.345,0.169336842254,-0.148009104206
9.35,-0.498208847264,0.290629675312
9.355,-1.16288144451,1.53028520632
9.36,-0.593136495544,2.49523540227
9.365,1.50612253721,4.14086490229
9.37,0.770043905673,6.33447566794
9.375,-1.74536185908,6.58238698727
9.38,-1.26743550899,3.52320528402
9.385,-0.0780151924784,-6.19909033132
9.39,-0.510386044799,-5.84053385551
9.395,-0.837681290253,0.806997921934
9.4,-0.0352801718606,3.15456543814
9.405,1.17953059002,3.10907171151
9.41,0.749762413719,-0.747688519131
9.415,-0.296959348925,-10.5417285314
9.42,0.685346250813,-0.650661986001
9.425,0.984936469863,2.13628396128
9.43,-0.550995695971,0.68835920461
9.435,-0.465369754358,-5.92715227738
9.44,-0.0636269048131,-11.5482735258
9.445,-1.07962209414,0.665435614882
9.45,-0.618271198292,4.80334931968
9.455,1.37230232456,6.28717654402
9.46,1.96013808635,5.95333621502
9.465,0.7495642836,3.59039383086
9.47,0.0142012667807,-0.917644192454
9.475,-0.0886260379675,0.688134876693
9.48,-1.39461146185,4.57345668548
9.485,-1.66790376044,6.23385315825
9.49,0.771518241481,6.66084388963
9.495,2.02054090577,6.13504242487
9.5,0.466667138972,3.84925304249
9.505,-0.473484464177,-3.37998791033
9.51,0.429593722541,-5.93776516556
9.515,0.0139846667971,4.1431312784
9.52,-1.94566458531,6.88226846023
9.525,-1.75524046504,6.41185076397
9.53,0.00227376055383,3.71008470414
9.535,0.868765019793,0.459857973891
9.54,0.64000568706,-1.17761143158
9.545,-0.913014891856,0.766881893125
9.55,-0.65284213371,4.20927702075
9.555,2.08741326299,6.82235831332
9.56,0.747099759955,8.80942959683
9.565,-2.85011544572,9.7015436784
9.57,-1.50252839455,8.51670676658
9.575,0.869588434668,3.78990115309
9.58,0.241067157042,-10.1790719459
9.585,0.24715623952,-1.5413850101
9.59,0.85453043657,-0.824793883122
9.595,0.418252425864,-7.54771090942
9.6,0.810182976144,-1.26181510058
9.605,1.10023931025,2.34949495327
9.61,-0.0723393773706,0.849250253283
9.615,-0.355277731319,-6.77513424023
9.62,-0.1680840132,-7.25496244128
9.625,-0.776515567275,-2.18615626037
9.63,0.162232901812,0.418766340027
9.635,1.34896096988,2.6471996535
9.64,0.397358925797,2.3224915856
9.645,-0.22094163659,0.516606902848
9.65,-0.969686587373,4.23962036925
9.655,-2.18035231071,6.78307692871
9.66,-0.56702625062,5.35279236444
9.665,0.765700968774,-2.01177407457
9.67,-0.853828927422,-0.372123420215
9.675,-1.09722603284,4.95562210955
9.68,0.711989106961,5.9845681523
9.685,1.76010191359,5.35175512129
9.69,1.38390171649,4.15954947849
9.695,0.164260894724,2.38355427188
9.7,-0.73990018802,0.309882646108
9.705,-0.94224703221,-0.43196162248
9.71,-0.441328353235,0.626506933943
9.715,0.745808500593,1.61358641202
9.72,1.13192813249,1.21963169034
9.725,0.333721533854,-0.5752626835
9.73,-0.472707384016,-2.54996691391
9.735,-0.625844890063,-3.03937386398
9.74,0.43852902482,-0.923733936141
9.745,1.099123394,1.78228283518
9.75,-0.538196830301,3.51836305023
9.755,-1.66369653661,4.72399188953
9.76,0.113781772388,5.72101906331
9.765,1.87428693416,5.97896395819
9.77,1.58901722405,5.47794309679
9.775,0.547401936567,5.77074010699
9.78,-1.20605381777,6.72836817669
9.785,-1.97334058242,6.02977986764
9.79,0.140930486811,2.7804012163
9.795,0.863249885202,0.00441344736801
9.8,-0.614205734579,-1.33955472791
9.805,0.0825917865514,-10.612715585
9.81,0.327866103707,2.84252944419
9.815,-2.22521130368,8.20403245828
9.82,-2.3755487081,9.38484021441
9.825,0.337198973413,7.36839333652
9.83,1.02053845115,1.25087070291
9.835,0.199168213132,-11.2942508862
9.84,0.213427000718,-5.0426775684
9.845,0.416648146333,-3.10939465233
9.85,0.933433683278,0.683868491986
9.855,1.35784170279,3.00354733749
9.86,0.446304213475,2.5079506835
9.865,-0.514620126458,-0.640020887932
9.87,-0.504012771686,-5.7290403926
9.875,-0.266077615144,-10.5338693944
9.88,0.0436677089696,-18.1447260687
9.885,-0.0585956990788,-12.47815642
9.89,-0.555847701381,-4.73874383085
9.895,0.162953447596,-0.0275403901303
9.9,1.48612072855,3.44800935214
9.905,0.552952183452,5.96989318201
9.91,-2.08863621437,7.47699738978
9.915,-1.36779054112,7.90537956421
9.92,2.12616798149,7.69905565903
9.925,0.755635447848,7.95883378437
9.93,-2.58367675256,8.41953842806
9.935,-0.563020533023,7.29164550387
9.94,1.2176004348,2.49479516774
9.945,0.139041109838,-17.106690733
9.95,0.701672563945,-1.45947988565
9.955,0.747247719001,-0.450503818161
9.96,-0.083193868194,-7.06963340166
9.965,0.0702235496886,-11.2559801827
9.97,-0.40592800653,-7.0786327821
9.975,0.203389603554,-3.16935105737
9.98,1.12298440797,2.10260275656
9.985,-0.62056915692,3.80568674824
9.99,-1.21649678968,2.0817004771
9.995,0.168089700221,-3.47308253565
10,0.129134782394,-16.5309503814
10.005,0.110499924099,-13.5515554588
10.01,0.452385523316,-4.31953561939
10.015,-0.51888339206,-0.289685789566
10.02,-1.08641394387,0.881005741791
10.025,-0.348074208844,0.626013409514
10.03,0.664407383332,-0.111300328487
10.035,0.668011923568,-2.31914160425
10.04,-0.439257325495,-5.96419562249
10.045,0.266272343576,-0.88848541394
10.05,1.41625857329,3.85321396329
10.055,-0.832110465168,6.07017924066
10.06,-1.92607065904,6.47392134269
10.065,0.823477499421,5.3299071909
10.07,1.10381202404,2.88030549796
10.075,-0.997625835917,0.841241343578
10.08,0.0311849775665,2.02093464023
10.085,1.56448713604,3.95585530272
10.09,0.0449133292563,4.82424603119
10.095,-1.602841316,4.5499428487
10.1,-0.8645275715,3.08981400138
10.105,0.676932241422,-0.11386451924
10.11,0.232115900999,-2.65164820543
10.115,-1.26627460238,2.05101348751
10.12,-0.379644570588,5.18429676216
10.125,1.49429304524,5.20648514975
10.13,1.12000127034,1.53301847868
10.135,0.631737658803,-3.20966292439
10.14,0.781055707197,1.27312761427
10.145,-0.444550379028,1.19075695431
10.15,-0.419045227836,-5.99613363197
10.155,0.757529012126,-2.05189847978
10.16,-0.01035149832,2.31855515161
10.165,-1.13045718307,3.19267161728
10.17,-1.68159440925,4.63052860843
10.175,-0.469969980836,5.88652494985
10.18,1.87244218858,5.88052251823
10.185,0.401493639602,5.54440535701
10.19,-1.64420775245,4.45046462459
10.195,-0.191817467913,0.427409933276
10.2,0.37564203156,-7.76234396463
10.205,-0.560028226758,-4.23486369102
10.21,-0.582327163173,-2.56779040114
10.215,-0.100637567474,-3.85011957124
10.22,0.0807293761996,-9.03477181427
10.225,-0.243367017524,-6.74399633569
10.23,-0.0517911298167,0.0542491790769
10.235,0.780378464487,2.7738917186
10.24,1.6436613138,4.83194008938
10.245,1.89095816113,6.47887515302
10.25,0.22735403188,5.94553838024
10.255,-1.01353118533,1.39284699397
10.26,0.0404594431202,-14.2409462486
10.265,0.132405980499,-2.63906921962
10.27,-0.693756703673,-2.27212240844
10.275,-0.0983207688155,-11.2084899426
10.28,0.165509199668,-7.21337177448
10.285,-0.444973905327,-4.15083665493
10.29,-0.301924376236,-9.9746545735
10.295,-0.424033485297,-2.52802775299
10.3,-1.64924234551,4.39187308923
10.305,-1.29257652634,6.8860265296
10.31,0.932318938806,6.18296095909
10.315,1.16968154468,1.36135275382
10.32,0.139095720583,-17.0786273388
10.325,0.75322895256,-1.40549579683
10.33,0.873970989766,1.43191576352
10.335,-0.639150054656,1.43953064747
10.34,-1.10832393159,2.17168040695
10.345,0.568046638903,3.9085865835
10.35,1.63981914275,4.34140277254
10.355,0.112813322194,1.46563879492
10.36,-0.437753307143,-4.91114533508
10.365,1.39643693041,3.16181681251
10.37,1.18826317651,7.04360476575
10.375,-1.16502479343,7.42414130368
10.38,-1.76572687227,5.03407216106
10.385,-1.03798650413,0.707498303388
10.39,-1.19219543005,2.17375410669
10.395,-0.837793423116,5.32928703463
10.4,0.917954766758,6.07803008436
10.405,1.7763003889,5.07459252891
10.41,1.00432804927,3.22605182253
10.415,-0.348757747029,0.510891243553
10.42,-0.536231276643,-4.11541307964
10.425,0.96634892347,-0.0334794288037
10.43,0.472080192365,4.77777910368
10.435,-1.76016104029,5.89499198802
10.44,-0.852169407732,3.78899983432
10.445,0.896875915031,-0.455633507015
10.45,-0.0809199437064,-1.53881587325
10.455,-0.532698969187,-5.42276712985
10.46,-0.0815921553361,-6.5839691338
10.465,-1.43789933986,4.31311665273
10.47,-2.06703391544,7.50907495012
10.475,-0.296321994531,6.77456819684
10.48,0.471066285825,2.48430152714
10.485,0.317073394072,3.7088200231
10.49,1.74470924835,7.50447995634
10.495,2.31593017257,7.34056840263
10.5,1.00326441662,2.99106578518
10.505,0.75376423655,-1.06626362737
10.51,1.04341356826,2.79085223503
10.515,0.56994107945,4.20274656686
10.52,-0.295826442789,5.5231826802
10.525,-1.65286225236,6.4640874379
10.53,-1.71313691005,4.98661615497
10.535,-0.234845967517,-0.631083106916
10.54,0.155702723944,-13.4128390323
10.545,-0.836299067479,-0.158003632956
10.55,-1.69850133108,5.33802728388
10.555,-0.371023978845,8.13752944217
10.56,2.14698074445,8.43850859389
10.565,1.63113416574,5.4299960997
10.57,-0.0473098695506,-6.36720635621
10.575,0.802077623589,-0.947428397953
10.58,1.45169263416,4.58877736548
10.585,0.325275161408,5.30994013773
10.59,-0.854927126907,4.52561156993
10.595,-1.24731380217,2.4841690128
10.6,-0.696925070208,-3.13051669073
10.605,-0.804930365688,-1.18915721481
10.61,-1.37826676845,3.38928939198
10.615,-0.0813595057617,2.77863141901
10.62,0.697330666917,-3.13054064748
10.625,-0.693258652239,-1.81715772943
10.63,-0.796306679758,2.05648687522
10.635,0.464832607219,1.16639866252
10.64,0.579590650488,-4.25944538659
10.645,0.230956762925,-10.0064320821
10.65,0.634379161949,-3.21634338683
10.655,0.698884259806,-0.78798748336
10.66,-0.478827165637,-0.533361898472
10.665,-0.819097999215,-0.673697364409
10.67,0.187249392525,-2.09874849371
10.675,0.363399438634,-7.14333873261
10.68,0.405960778258,-5.37194028633
10.685,0.801130155411,-1.91885190341
10.69,0.420836928645,-3.59892786044
10.695,0.17698730415,-8.77766374726
10.7,0.312775289971,-4.94635711047
10.705,-0.109174037933,-1.48631617881
10.71,-0.856553198196,-0.455563559417
10.715,-0.530194207537,-1.52228937403
10.72,0.662223047644,-2.91016799015
10.725,-0.00878023609737,-0.837403059038
10.73,-1.06547544112,0.600162945319
10.735,0.0877871189895,-0.664495097504
10.74,0.50244732859,-5.96583658349
10.745,0.202395865291,-13.2540862661
10.75,0.605957448821,-3.36784546535
10.755,-0.250899361823,-2.57546906761
10.76,-0.124667880908,-11.3177090548
10.765,0.551038722225,-0.0996012086867
10.77,-1.51280257363,5.27324947384
10.775,-1.2056083966,6.39960906124
10.78,1.74693497538,5.82014105706
10.785,0.511792331839,6.01270403508
10.79,-1.98034208132,6.29463365667
10.795,-0.879832003192,4.72377447294
10.8,0.637884054322,0.494289553539
10.805,0.432110555343,-7.02356887571
10.81,-0.108312933077,-13.8968134321
10.815,-0.296971457588,-9.27747808069
10.82,-0.028735065936,-9.04961516306
10.825,-0.0679143066846,-17.2368257229
10.83,-0.341524297901,-3.67761544844
10.835,0.434083239509,0.517020861408
10.84,0.902349252351,-0.71085264726
10.845,0.411038519485,-7.67853459193
10.85,0.651648841261,-3.36205873202
10.855,0.904078138633,-0.377222818305
10.86,0.737810308807,0.369343769183
10.865,0.347750453416,3.46104445626
10.87,-1.23487473162,5.63415520112
10.875,-1.81358474007,5.38998812444
10.88,-0.40630626325,2.86645296757
10.885,0.370432739332,-0.777464148814
10.89,0.675734259711,-0.730236294457
10.895,1.12019026266,1.00711880374
10.9,0.929713322734,1.31442675217
10.905,0.365202969389,0.698987079326
10.91,-0.0179892459777,0.257512328553
10.915,-0.452547584984,2.85505296633
10.92,-1.82604874182,6.41682406574
10.925,-2.19510134549,8.02195829876
10.93,0.322615122607,7.24924199779
10.935,1.56737670006,3.90886644082
10.94,-0.175729595928,-1.71133504252
10.945,-0.365028741752,-3.99441934104
10.95,0.52901149187,-5.12954894346
10.955,-0.0318345144038,-20.1563580282
10.96,0.650004308932,-2.03464529308
10.965,1.20155580258,4.78587373568
10.97,-1.15440332758,7.08758001253
10.975,-1.9068440318,5.76421091198
10.98,-0.200484359413,-2.45648843421
10.985,-0.757350755528,-1.44654319989
10.99,-1.73701545835,6.33818451238
10.995,0.0744039540542,7.37117301428
11,1.23016061908,4.36660539435
11.005,0.947738783393,1.17508008034
11.01,1.45347874029,3.4635621323
11.015,1.05958404825,1.79794513166
11.02,0.522280071381,-5.24240242734
11.025,1.55590471843,4.05444318034
11.03,1.24810513186,8.33985790498
11.035,-1.19053944335,9.69606892221
11.04,-2.86821234621,9.54290435949
11.045,-2.23036558914,8.2417394848
11.05,-0.655227524895,6.00971161214
11.055,0.343095424913,4.08843779542
11.06,0.98492865125,2.71387549094
11.065,0.878988004664,-0.893484189341
11.07,0.70403492455,-2.32661690127
11.075,1.28154562627,2.20263796067
11.08,0.616045966721,2.07638457536
11.085,-0.142655950822,-5.52062773735
11.09,0.382577974549,-3.0887667515
11.095,-0.733667894942,2.39157863401
11.1,-1.11360834237,3.07227416502
11.105,1.45087559632,4.84470369833
11.11,1.28150045335,7.16710539608
11.115,-1.51728005066,7.27823133773
11.12,-1.64191668368,4.86256269331
11.125,0.0848365181674,-0.064123545454
11.13,0.530695803176,-4.37652157239
11.135,-0.651573961635,-0.97119851697
11.14,-0.723467967945,0.186895015687
11.145,0.822920672943,-0.694725223903
11.15,0.091120949855,2.41636025076
11.155,-1.74219931586,4.95588413061
11.16,-0.75118529935,3.76927107382
11.165,0.308872649829,-4.20218261293
11.17,-0.466468854814,-4.91556317802
11.175,-0.0112974268932,2.11906140482
11.18,1.07939247918,2.04687731238
11.185,0.728696061672,-2.22458793219
11.19,0.218571770941,-8.80732969474
11.195,-0.116634638424,-15.2951486737
11.2,-0.0560574448401,-6.95697732316
11.205,0.647208937372,-2.65723987482
11.21,0.558490350131,-4.52477413187
11.215,0.545686482062,-4.91563370908
11.22,0.630166016198,0.784719715714
11.225,-0.693661058214,2.46297827091
11.23,-1.09656632364,1.2470863777
11.235,0.181618985601,-1.06532161792
11.24,0.765251483437,-2.32391407248
11.245,0.371046268958,-2.11207732023
11.25,-0.392179151753,-1.30460273193
11.255,-0.868830319741,-1.16423892674
11.26,-0.491408723773,-2.10474710572
11.265,0.247647737563,-4.50759557329
11.27,0.260683606663,-10.9423401133
11.275,-0.374700457414,-8.28242855397
11.28,0.134938951723,-0.968054942771
11.285,1.17025053499,1.70817814295
11.29,1.06949754409,2.35960369878
11.295,0.321372216111,3.44752514662
11.3,-1.06394300043,5.02753770792
11.305,-1.84786482655,5.35087411541
11.31,-0.780103531526,4.13851296207
11.315,0.54041368041,2.51133666522
11.32,1.21832845131,1.90064009254
11.325,0.734269267194,1.56715086631
11.33,-0.548888551642,0.0754180279451
11.335,-0.661550208055,-3.10425855872
11.34,0.197173611713,-5.45521332288
11.345,0.790226117419,-1.19311307941
11.35,-0.286633202058,4.16397472831
11.355,-2.28030861438,7.2422861929
11.36,-1.02493176456,7.55143237184
11.365,1.22430355646,4.32407618102
11.37,0.350527393827,-7.56384218092
11.375,0.22848008248,-4.00288135775
11.38,0.995286838381,0.298433455125
11.385,-0.43308309732,-0.508209894792
11.39,-0.634760031204,0.0384668595066
11.395,0.926201746637,1.32467559622
11.4,0.825809157302,0.0724295006037
11.405,0.0398199995718,-4.0960468363
11.41,-0.0949413437223,-6.84099067083
11.415,-0.434011930617,-4.41761261923
11.42,-0.662272356945,-3.06595649182
11.425,0.155584333745,-2.35100815858
11.43,0.919526882378,-0.503394286461
11.435,-0.162879319647,1.57107795718
11.44,-1.23409293147,1.85457698195
11.445,-0.284685301436,-1.35187351102
11.45,0.149293276043,-16.4718594381
11.455,-0.768510620719,-2.19380499478
11.46,-0.351312932749,2.90606521296
11.465,1.17514029382,4.15466420246
11.47,1.35119606062,2.96572172875
11.475,0.215483097156,-1.41857882482
11.48,-0.0498041592514,-16.3861103514
11.485,0.278446625661,-7.21581550486
11.49,-0.352643562394,-5.78620947803
11.495,0.0210838272486,-6.06940564796
11.5,0.977125186855,0.612246671311
11.505,-0.462079763422,3.62203934193
11.51,-1.47574525927,3.41954196259
11.515,-0.181113580193,0.400902749635
11.52,0.368547945485,-6.6835562129
11.525,0.103954619182,-11.0741633857
11.53,0.645247350059,-2.92950824589
11.535,0.699876874152,-0.521944170528
11.54,-0.337055454797,-2.56086643805
11.545,-0.0779382960209,-11.8524207516
11.55,0.649245107713,-1.56042984676
11.555,-0.458390833113,1.47478089109
11.56,-0.704116860007,-2.73100089893
11.565,-0.492647181166,-1.74372096886
11.57,-1.90358365784,5.64594134547
11.575,-1.31130568475,6.94526960238
11.58,0.364126293922,3.53782337737
11.585,0.133883201105,0.0487176763528
11.59,0.975576844445,5.7072645802
11.595,2.43518570152,7.81006236851
11.6,1.69176816132,7.59991098562
11.605,-0.340440996531,6.6680867271
11.61,-1.7630202088,5.21998629459
11.615,-0.358983373623,2.94773541259
11.62,1.3292165763,2.56139901251
11.625,-0.655037894683,4.11586997467
11.63,-1.45094301964,4.73022701015
11.635,1.09497347954,4.65095301269
11.64,1.21078618415,4.00087680117
11.645,-0.563417489308,1.34141653011
11.65,-0.44499171543,-7.02509635813
11.655,-0.137870228884,-6.88699345336
11.66,-1.01216466226,0.772191111454
11.665,-1.08147104875,2.86863911011
11.67,0.372122070826,1.74047245187
11.675,0.665941280365,-3.06888845684
11.68,-0.552140390527,-4.51028311917
11.685,-0.122773383617,-2.57336369052
11.69,0.368967578126,-8.252990734
11.695,-0.914994200076,-0.771633114639
11.7,-0.37850121704,4.88584111774
11.705,1.49880959282,5.73312243682
11.71,1.35037840263,2.76982284105
11.715,0.710510662625,-2.53078122159
11.72,1.14107683661,1.60660428334
11.725,0.660278015876,4.08719549217
11.73,-0.823494506412,2.10508216134
11.735,-0.235311697427,-4.26945367885
11.74,1.29954715464,2.49970444653
11.745,0.424473670551,5.95880157734
11.75,-1.10317721405,6.09947572272
11.755,-1.82650033671,6.24203718934
11.76,-2.3830576111,7.63198418885
11.765,-1.41052779445,7.76378538368
11.77,0.408316425606,5.39817633189
11.775,0.700094872615,0.198928936745
11.78,0.585178870674,-0.511176968731
11.785,1.2988118158,2.69342009872
11.79,1.19083205832,2.87921517438
11.795,0.401822447574,0.9315655683
11.8,-0.00172042302103,1.66705281214
11.805,-1.11548630157,4.22735359072
11.81,-1.53658562564,3.85473891127
11.815,-0.452736317458,-1.97897705691
11.82,-0.737356962538,-2.30614801178
11.825,-0.726923101303,4.15787652623
11.83,1.14368653184,4.52494612437
11.835,0.755258313048,0.610438900207
11.84,-1.12642159081,1.05672139486
11.845,-0.269777460181,4.95049149409
11.85,1.50650606371,5.31269633607
11.855,1.15081561528,1.73389579728
11.86,0.189740557131,-13.9590082294
11.865,0.983786099949,1.24850166962
11.87,1.84733885217,5.82408792577
11.875,0.741737214546,6.16185590808
11.88,-0.545830034185,4.31159570938
11.885,-1.02029388261,1.89319602092
11.89,-0.663046028173,-3.5085940412
11.895,-0.121949493068,-10.6741188994
11.9,-0.93161062945,-0.185308948174
11.905,-0.479763067481,1.22369850061
11.91,1.11547878626,1.21364456941
11.915,0.364620097552,1.75642790961
11.92,-0.550020976483,0.268008344958
11.925,-0.933024639263,1.87605402817
11.93,-1.78495607165,5.03615968549
11.935,-1.27367669473,4.9741280935
11.94,-0.358419363609,3.08612514914
11.945,0.273559531891,2.68136491932
11.95,0.830209103609,0.517637384282
11.955,0.259916724548,-8.63880582819
11.96,0.528707673403,1.22352465672
11.965,1.76826641633,5.05744657594
11.97,1.1614710297,4.80390302821
11.975,-0.24178500885,1.98456446168
11.98,-0.622318070603,-2.74031468468
11.985,-0.260584443117,-11.6416358469
11.99,-0.182336494082,-10.8588566344
11.995,-0.643383834538,-3.59414232254
12,0.164497813846,-0.74411417233
12.005,1.0989071198,1.14610640799
12.01,-0.461830122261,3.11873979772
12.015,-1.72161236567,4.91379972969
12.02,-0.234216284873,6.21165545208
12.025,1.89235308697,7.19767460543
12.03,2.21392567945,7.81559175637
12.035,0.0629304140321,7.18329805616
12.04,-1.40517915867,3.93577706886
12.045,-0.450783196151,-5.37158038531
12.05,-0.236229334357,-9.58024757119
12.055,-0.515361489787,-5.48477285496
12.06,-0.017871268412,-14.9810427718
12.065,-0.191670414647,-12.057202906
12.07,-0.332158173837,-9.56436394007
12.075,-0.670262981858,-3.46147896654
12.08,-0.918990742643,3.11411468784
12.085,0.851058300055,5.37525323497
12.09,1.58813344007,4.04977308668
12.095,0.482540362597,-1.60858774988
12.1,0.568658047943,-1.66592818353
12.105,-0.211714801331,3.30580635851
12.11,-1.4800720287,3.56675685143
12.115,-0.320562335993,-2.11729270362
12.12,-0.175446035992,-6.24679001847
12.125,-1.67256854159,4.62105041382
12.13,-0.538216491946,7.63420791323
12.135,1.75104237174,7.49507572416
12.14,1.7188522921,4.82514341744
12.145,0.76051555125,0.0275923569775
12.15,0.605809589414,-1.79908879194
12.155,0.479673881594,0.130228392852
12.16,-0.119190795393,1.09460638931
12.165,-0.84606103336,1.32298470802
12.17,-1.11122914315,0.95894320768
12.175,-0.423214298295,0.377564448589
12.18,0.839120627136,0.920341909124
12.185,1.11771886651,2.89693494817
12.19,-0.688816045054,4.33584898863
12.195,-1.42295935357,3.5485792285
12.2,0.708526150513,0.883505870866
12.205,0.339644553103,3.43538432509
12.21,-2.07046693864,6.42061418233
12.215,-0.45091599661,5.93793910556
12.22,1.17806259347,1.47435849439
12.225,-0.67633119961,-1.05722689957
12.23,-0.507246433105,3.03648684058
12.235,1.33483941351,3.39051994055
12.24,0.426505261441,0.075903124455
12.245,-0.583925669494,-4.30048850375
12.25,0.862640131485,0.310166214846
12.255,0.794919356879,4.11557203661
12.26,-1.66370237761,6.14041220679
12.265,-1.60628876468,6.82041459598
12.27,0.751437126519,6.07698812013
12.275,1.56163231912,4.03095924708
12.28,1.04782380911,1.81592822333
12.285,0.382888896539,0.892617468285
12.29,-0.417125321075,0.00335893192727
12.295,-0.674345172507,-2.79048538046
12.3,-0.512546219809,-5.68552168304
12.305,-0.844169318843,-1.27359935201
12.31,-0.42143345459,1.21983073027
12.315,0.591686808243,-1.00706558861
12.32,0.0290008508081,-17.6800333925
12.325,0.253090214261,2.39692272522
12.33,2.36950753568,7.72428280417
12.335,1.63895544618,9.35798858269
12.34,-1.77780515161,8.64446961317
12.345,-1.63912289257,6.49938969755
12.35,1.44281898063,5.5629853978
12.355,1.3360459079,5.81781234328
12.36,-0.680583192254,4.0733021829
12.365,-0.86690636365,-0.826800766957
12.37,-0.395547524427,-7.90719910463
12.375,-0.292448301018,-5.80121419192
12.38,-1.11746749079,1.93883715634
12.385,-1.48801627892,4.67808144527
12.39,0.0612634661292,2.42547468416
12.395,0.0898547365298,-14.0321649413
12.4,-0.466463116175,1.902834592
12.405,1.62116779298,6.46570526538
12.41,1.76298304245,7.06063448557
12.415,-0.957632465613,5.68538713322
12.42,-1.34649029592,3.1446465862
12.425,0.112873890602,-0.24927543145
12.43,0.647403672086,-3.76644460735
12.435,-0.126464642096,-3.69465143451
12.44,-1.07088178108,0.9354433432
12.445,0.176468516526,4.42872593872
12.45,1.96323343709,5.91737435721
12.455,0.623189229181,5.89292882587
12.46,-1.53233476271,5.00875453398
12.465,-1.17297762357,3.79283161129
12.47,0.234777811421,2.92918982106
12.475,1.3223072338,3.34102082313
12.48,1.23399884748,3.97007889065
12.485,-0.614340127437,3.52942968884
12.49,-1.20068312578,1.83297054315
12.495,-0.162516600419,-2.13680816323
12.5,-0.171268848192,-4.05347702896
12.505,0.349505299694,3.53423249385
12.51,2.1243117445,7.35528303753
12.515,2.43734361556,8.72534883563
12.52,0.717147486697,8.44072608814
12.525,-0.907353972379,6.60916140111
12.53,-1.28407207847,4.37186237256
12.535,-1.66094988063,4.64962212494
12.54,-1.30246550815,4.23018482569
12.545,0.449110026763,-0.480442357005
12.55,0.126479389331,-0.213744384671
12.555,-1.74432381796,5.03793865536
12.56,-1.30375399445,5.89072618464
12.565,0.0951921192834,4.07005172111
12.57,0.697062608945,2.7337256086
12.575,1.36781069692,3.44918494992
12.58,1.19242717614,3.15388114593
12.585,-0.484590187769,1.50199890404
12.59,-1.07904292726,2.26840213022
12.595,0.822925493773,5.12159376193
12.6,2.03848010346,6.20132634186
12.605,1.00052947149,4.90562075128
12.61,0.163624562126,2.94774562202
12.615,-0.458328690056,4.61648269287
12.62,-1.85375121708,6.65359312938
12.625,-1.95440767202,6.72921547414
12.63,0.0962087347635,4.48654778186
12.635,1.03614731128,0.379802732177
12.64,-0.5988682419,1.09472117787
12.645,-1.32314924591,3.00593013519
12.65,-0.323653564978,1.98858369161
12.655,0.304768603932,0.243852496022
12.66,0.782374944159,0.0574464629319
12.665,0.716633071109,-2.72128417208
12.67,0.00548158005705,-19.7847365583
12.675,0.275874872096,-4.59572773624
12.68,1.01981956039,0.180162434642
12.685,0.589439223119,0.907043213564
12.69,-0.564766887007,-0.683608439596
12.695,-0.547769381577,-3.06599032472
12.7,0.538269613166,-2.86206603839
12.705,0.503652772685,-3.76227581515
12.71,-0.00508991942529,-15.7869493276
12.715,0.637928396567,-3.71219183683
12.72,0.320934816777,2.27473939744
12.725,-1.05836138013,2.9267984135
12.73,-0.899547795465,-0.631079300017
12.735,-0.347178721557,-8.26001009317
12.74,-0.549862760606,-4.8565975797
12.745,-0.445129067011,-3.12979976537
12.75,-0.139568025084,-3.20192090741
12.755,0.230829766258,-2.16520115985
12.76,0.685065812758,-1.82565469604
12.765,0.603196601057,-4.28831552835
12.77,0.373019652086,-8.50461848967
12.775,0.801856640698,-1.58285603699
12.78,0.370322121919,2.47259336437
12.785,-1.12597965064,2.83239393763
12.79,-0.64927240664,-0.681481318236
12.795,0.329433036059,-9.60865106856
12.8,-0.57594513179,-3.97048978427
12.805,-0.238301421532,-0.845084739719
12.81,0.942525171211,-0.486841789689
12.815,-0.146178499089,-0.5285737712
12.82,-0.786185610418,-1.53827152887
12.825,0.436139873959,-4.60627531759
12.83,-0.115360019441,-2.17762477853
12.835,-1.2095757539,2.10679165022
12.84,0.312778085487,2.89765548986
12.845,0.94295892951,-0.431357390922
12.85,-0.24823898857,-10.059352072
12.855,0.322904629687,-2.2883574882
12.86,1.06090802607,0.845442543813
12.865,0.000976446845091,-0.230835150486
12.87,-0.543527379084,-5.16335174663
12.875,0.162813052981,-12.0640426518
12.88,0.118466131701,-5.65185018392
12.885,-0.688713504853,-3.08877383673
12.89,0.0453989106879,-2.06475836107
12.895,1.00579157475,0.543010589381
12.9,-0.516389667735,2.69021255287
12.905,-1.20839629027,2.38249049826
12.91,0.675828929656,-0.149722548906
12.915,0.13986706745,1.6264089154
12.92,-1.77049737246,4.96208024196
12.925,-0.297327230525,5.07555204103
12.93,0.960643708158,0.895019597876
12.935,0.292403648163,-9.82336259396
12.94,0.721323270972,-2.07922505325
12.945,0.62279777864,-1.81509374799
12.95,-0.0188694948443,-11.1594799143
12.955,0.309819322378,-8.9990717514
12.96,-0.0903090947843,-7.83618494803
12.965,0.152914648018,-8.31992780489
12.97,1.2515245675,2.78670743106
12.975,-0.0878758532202,6.41256289165
12.98,-1.74910525275,6.13355534639
12.985,-1.43888861925,3.16694824279
12.99,-1.67708124093,4.59235500111
12.995,-1.76613313434,8.17000689032
13,0.388572078251,9.03064722081
13.005,1.9162058659,6.86080489194
13.01,0.999387321603,0.114234697224
13.015,0.593324263058,-2.99749118268
13.02,1.3622711169,2.7607547787
13.025,1.26972064246,3.68802403866
13.03,0.427127248047,3.1351633548
13.035,-0.663744109805,2.07100404301
13.04,-0.824801526519,-1.09377019087
13.045,0.72529155216,-0.745162001628
13.05,0.888969175934,2.82507373083
13.055,-0.505628683336,2.52139419748
13.06,-0.823502237755,0.134829581883
13.065,-1.3284266725,2.51006281591
13.07,-0.729655922265,4.55692655635
13.075,1.78618985081,5.6418226184
13.08,0.643352844666,7.64052705098
13.085,-2.47605420523,8.52703489696
13.09,-1.17770739533,6.49718853202
13.095,0.786848565267,-0.648677856273
13.1,-0.675189289898,-0.555894418541
13.105,-1.42380962292,5.29636887283
13.11,0.533429682759,6.45321325863
13.115,1.65191258436,4.57037015569
13.12,0.506439871628,-1.281759398
13.125,-0.15378204819,-14.8755831759
13.13,0.607713354552,-3.46945906006
13.135,0.515809257367,-2.23398509739
13.14,-0.304933815978,-6.25858101367
13.145,-0.0176495773165,-14.3261391403
13.15,0.222604013417,-9.34088157645
13.155,-0.400434973244,-6.11530621974
13.16,-0.505461236288,-4.11755695797
13.165,-0.121449198486,-1.28126431921
13.17,0.897021189192,2.94875261967
13.175,1.87324303931,5.56494781477
13.18,0.467321917514,5.32131026175
13.185,-1.01109981607,1.36213921785
13.19,0.00433055088161,-5.8825733994
13.195,0.711086432329,-1.61073919888
13.2,-0.0834876604526,-0.788619148936
13.205,-0.261912678203,-5.86267888331
13.21,-0.112340043361,-0.323859649697
13.215,-1.67599802355,5.95762055249
13.22,-2.03415110895,7.91308168416
13.225,0.834625854327,6.78327848145
13.23,1.34247325297,3.30044230325
13.235,-0.561900091813,-0.631827010696
13.24,-0.381476674511,-5.9117721594
13.245,-0.0555183528313,-24.8383975775
13.25,-0.31984586632,-8.54955158482
13.255,0.0647423216584,-9.15867667198
13.26,0.194784741639,-13.9319675295
13.265,-0.171894136387,-7.18599445622
13.27,-1.01857170999,0.170558660391
13.275,-0.752062290297,3.77233320053
13.28,0.869476705852,3.55463240145
13.285,0.767974017736,-2.27095982854
13.29,0.215003607625,-8.40461951654
13.295,0.976552613614,-0.121359498986
13.3,0.308883592478,-1.71795243671
13.305,-0.250679866113,-9.42531044446
13.31,1.01777351934,0.258517547115
13.315,0.420975741877,2.82612967861
13.32,-1.06624537578,1.47745183199
13.325,-0.356501271769,-1.27822978314
13.33,0.757842987329,-1.59008718767
13.335,0.698499767818,0.0352326569145
13.34,-0.411289280699,1.35883427176
13.345,-1.12790513106,1.04557297333
13.35,-0.180717067424,-1.54792467018
13.355,0.508987209822,-5.8483172465
13.36,-0.204430318493,-6.17238866255
13.365,-0.556600746502,-4.21495509859
13.37,0.0748682857447,-5.08776597044
13.375,0.177901011992,-12.1831542007
13.38,0.145847641295,-5.53993102052
13.385,1.0523299246,0.716615335304
13.39,0.712572866018,1.75327614222
13.395,-0.45625986903,-2.08062307559
13.4,-0.0554933165075,-18.5524363395
13.405,0.315504205144,-7.01186838518
13.41,0.127043483174,-4.2478202694
13.415,-0.218714465378,0.0272485933089
13.42,-1.23939302759,3.21129134807
13.425,-1.4126679649,3.63225357789
13.43,-0.371213622598,2.11752059831
13.435,0.584525905042,-0.135614707113
13.44,0.749544237526,-2.29855093928
13.445,0.014481468288,-3.46397361584
13.45,-0.528485587907,-4.43436665154
13.455,-0.505445070006,-5.91321647476
13.46,-0.553581017586,-4.49313641835
13.465,-0.38080123531,-4.40731657617
13.47,-0.388492659178,-5.20050211554
13.475,-0.609658790236,1.75814806601
13.48,0.734605351924,5.57405143825
13.485,1.89337655635,5.56278399113
13.49,0.352772576014,1.10398311758
13.495,-0.409475779427,-5.76510801698
13.5,0.953196843994,0.660101278506
13.505,0.790809116408,1.00975788673
13.51,-0.209317618585,-5.25144842133
13.515,0.168758898077,-15.4420377188
13.52,0.20067094996,-5.76171336431
13.525,-0.224559560632,-9.70228581193
13.53,0.118563271106,-17.2404275247
13.535,-0.122684383243,-7.17707653038
13.54,-0.365734398936,-6.58774788662
13.545,0.861589264143,-0.730095884973
13.55,0.693733391106,3.97950418883
13.555,-1.39303294591,5.32693996275
13.56,-1.29596591777,3.89468504613
13.565,0.492526661339,0.646523814669
13.57,0.807091462023,-0.660905391594
13.575,-0.364604630561,1.56096568274
13.58,-1.53035042884,3.69955192229
13.585,-0.415698556945,3.97425327421
13.59,1.30769812636,2.66684134185
13.595,0.221953095691,2.18358149972
13.6,-1.18050747118,2.23985236514
13.605,-1.0890183282,1.46778497994
13.61,-0.738477791338,1.6717034281
13.615,-0.221937399895,2.63418915569
13.62,0.562269596977,4.12224830768
13.625,1.64545563588,5.39959528382
13.63,1.47668481871,4.19921062812
13.635,0.164281691403,-2.14273848542
13.64,0.243773014869,-12.2564504439
13.645,0.599966749064,-2.7436750472
13.65,0.139223618806,-3.45817704345
13.655,-0.103060103662,-5.4677911078
13.66,-0.438109453496,-5.46818452485
13.665,-0.236021872469,-6.84391776502
13.67,0.607438468421,-4.02905467577
13.675,0.34646738679,-3.25978833159
13.68,-0.052516417483,-11.692873194
13.685,0.52712287486,-3.84052051944
13.69,0.0494581751862,2.47150961496
13.695,-1.10939081568,2.85118420571
13.7,-0.77123334372,-2.25478314611
13.705,-0.79054804093,-0.973743581963
13.71,-1.61602816841,4.59341249941
13.715,-0.0685313103533,5.4230444222
13.72,1.61102273932,4.14650057877
13.725,-0.21804939902,5.02305842064
13.73,-2.11144926565,6.54251431176
13.735,-1.22235983693,5.93219400119
13.74,0.0289787212959,2.99329697248
13.745,0.219389235642,0.665799682322
13.75,0.624450710971,2.04684283108
13.755,1.03678672319,1.25225785505
13.76,0.709609342325,-2.81288490123
13.765,0.766129723727,-1.94821526074
13.77,0.830508345549,-1.60480322648
13.775,1.03937121558,0.335673832155
13.78,1.60423650135,5.8873175564
13.785,-0.331900367599,7.91106547548
13.79,-2.07294264995,6.41591507144
13.795,-0.0963347381661,1.06482971207
13.8,0.35282057447,-3.81555220407
13.805,-1.04190124568,0.491798933813
13.81,0.666282378709,3.20665080778
13.815,1.3522130609,4.6157649551
13.82,-1.1714702894,4.51717216762
13.825,-0.836055567495,3.1586359607
13.83,1.14066377653,1.67623669892
13.835,0.059256497705,0.455617629492
13.84,-0.943638004185,-0.108397139402
13.845,0.604428595891,1.33207569374
13.85,1.14888109305,2.25296752356
13.855,-0.21541250379,-0.47325612479
13.86,-0.0302958639747,-24.1083123617
13.865,0.285417162941,0.576119534713
13.87,-1.45239320685,4.81259573949
13.875,-1.19158905559,4.32888050659
13.88,0.737849690897,0.521435992008
13.885,0.275667530269,-2.75878328088
13.89,-0.593954636532,-4.00053496917
13.895,-0.263938653383,-10.7216069379
13.9,-0.3926842037,-8.01852845736
13.905,-0.548714731029,-3.7018896588
13.91,-0.163141466854,-4.49293911074
13.915,0.0352456461202,-5.47183766471
13.92,0.497562180929,-2.48187088157
13.925,0.946019323212,0.187441841262
13.93,-0.351724007529,2.76249157711
13.935,-1.71042785805,4.67449147743
13.94,-0.408827233851,4.20677314422
13.945,0.719508054995,-1.37968442629
13.95,-0.427216446333,-7.33468592215
13.955,-0.192346308518,3.89707104795
13.96,1.69583932588,6.2697156532
13.965,1.64349677513,4.93993964832
13.97,0.52918821462,1.16737024521
13.975,0.0166225555547,-0.706074104588
13.98,-0.809522665417,-0.252447121554
13.985,-0.610666291648,0.89337271012
13.99,1.25173506894,3.67355211181
13.995,1.37746890506,5.11088403515
14,-0.489441642486,3.98318555011
14.005,-0.941552817294,-0.399164300241
14.01,-0.246611102339,-10.6450256375
14.015,-0.196418988179,-13.2625556797
14.02,-0.363664262522,-8.73338166496
14.025,-0.620074738667,-3.4591791979
14.03,-0.26276717309,1.75598921799
14.035,1.3954621985,4.73180607042
14.04,1.49480274355,5.08230222144
14.045,-0.300039381294,1.52981747165
14.05,-0.0751303798597,-21.2298705025
14.055,0.508314534078,0.0813889026513
14.06,-0.989070539597,3.17872125847
14.065,-0.920906025618,0.926682961358
14.07,0.605816890513,-2.992264203
14.075,0.291388939868,0.20215654305
14.08,-0.992145036585,2.52520455366
14.085,-1.37638743455,3.05946894052
14.09,-0.168013333693,1.46044512002
14.095,0.84575535297,-1.43222233069
14.1,-0.502844997271,2.03373914154
14.105,-1.74876910382,4.889754961
14.11,-0.897068877785,4.92063016685
14.115,0.223393158552,3.55719684168
14.12,0.899051745347,2.87419340551
14.125,1.27305826073,2.27478550382
14.13,0.930154952514,0.458632435
14.135,0.441299361314,-0.669480409953
14.14,-0.332596770146,0.642471410794
14.145,-1.23857626248,1.91551678955
14.15,-0.485145257697,1.83049326375
14.155,0.806481556707,-0.271299657991
14.16,0.249207020003,-3.48477456203
14.165,-0.866685975336,-1.24273960475
14.17,-0.194409050525,1.36293426066
14.175,0.788764143967,-0.836913138937
14.18,-0.115516869678,-15.6596387928
14.185,0.529596029704,4.37729135736
14.19,2.68252213913,8.58368882015
14.195,1.08111341681,8.19164480122
14.2,-0.97248745173,3.00216048417
14.205,-0.00668968274521,-17.9514535328
14.21,0.444704551154,-1.83237892597
14.215,-0.198407496893,0.584807937038
14.22,-0.905040359958,1.51512011562
14.225,-1.08807421282,0.827702272363
14.23,-0.263306841811,-3.75663154507
14.235,0.0909491615837,-20.615105014
14.24,-0.383061739726,-7.83768569858
14.245,-0.469209454226,-3.69333232754
14.25,0.2735789126,-3.16111041716
14.255,0.533491050583,-5.33280936745
14.26,0.0824807424641,-13.5040628726
14.265,0.452664055856,-5.85048164544
14.27,-0.0849076102295,2.23838834081
14.275,-1.73363630273,5.1528908099
14.28,-1.11757910372,4.39712113453
14.285,0.0134618249061,-0.0785842546314
14.29,0.0582180653299,-0.22187714251
14.295,1.09821867631,3.16189276149
14.3,1.23423576862,2.83465877119
14.305,-0.237269367934,-0.455854358793
14.31,-0.608759302628,-4.09716001157
14.315,0.0161317545722,-3.70881151448
14.32,0.824007775523,-0.974368333291
14.325,0.742807635518,0.81655282327
14.33,-0.635374788404,0.796332208228
14.335,-0.84820815935,-0.259582204371
14.34,0.261234979968,-1.38781538
14.345,0.724849121804,-2.6014431021
14.35,0.619185631705,-2.9890300872
14.355,0.271036805132,-2.55563439265
14.36,-0.224424007019,-3.15527421021
14.365,-0.493454723687,-4.24383990483
14.37,-0.531943635472,-5.42139595112
14.375,-0.0558816781761,-11.954669086
14.38,-0.0879032691023,-10.1210814687
14.385,-0.75524129812,-1.98438049032
14.39,0.446767398482,0.575320589538
14.395,1.03233542232,2.52517022455
14.4,-1.20335971337,4.43445962039
14.405,-1.22356673316,4.34852193551
14.41,0.564914649543,0.88657706837
14.415,0.340340781317,-9.35995290702
14.42,0.270734235784,-8.86826859421
14.425,0.428498576888,-6.21762893636
14.43,-0.0776547881941,-14.6627472129
14.435,0.429295342237,-7.32568366076
14.44,0.117038571079,1.30085170586
14.445,-1.63097462375,4.84309038596
14.45,-1.20389822764,5.6100965329
14.455,0.834120129055,3.67558687633
14.46,0.707847114377,-1.87328649147
14.465,-0.566922785542,-4.56682164604
14.47,-0.387248423587,-0.623572368188
14.475,0.318627446759,1.1175527155
14.48,1.22290040206,3.9162072335
14.485,1.91906011725,5.80497796908
14.49,0.664154989989,4.93565955341
14.495,-0.677735992337,0.462603693673
14.5,-0.281808217871,-9.35628009527
14.505,0.329513306114,-9.11759551486
14.51,0.57052815,-4.49844358216
14.515,0.729754424346,-0.116871583097
14.52,0.356749054453,3.63720187838
14.525,-1.00589007246,6.1300343815
14.53,-2.12815609873,6.66293426522
14.535,-1.04555018853,4.10364741287
14.54,0.264766544666,-6.6664843461
14.545,-0.786771446091,-1.09523552666
14.55,-1.25306755311,4.52077948882
14.555,0.454645740669,4.386316692
14.56,0.920247502301,-0.446931305374
14.565,0.19512013688,-14.0520931827
14.57,0.372872541237,-6.92076466339
14.575,0.349640430557,-8.95709364283
14.58,0.224214800189,-12.6331754619
14.585,0.459819458925,-6.50120795645
14.59,0.206803394123,-7.49547495044
14.595,0.131359897718,-7.42083064171
14.6,-0.479059759659,-1.32724057597
14.605,-1.25971004445,2.77852675748
14.61,0.497487655686,5.39283207323
14.615,2.08024899078,6.36275039947
14.62,0.754645112191,5.34972898061
14.625,-0.598932483031,2.33101344435
14.63,-0.654184551601,-2.09535463787
14.635,-0.426466878393,-4.58794475145
14.64,-0.884186867371,1.33365292519
14.645,-2.06382439821,6.29349155025
14.65,-1.70110674538,8.91140670116
14.655,1.07356601268,9.69063856038
14.66,2.66511449153,8.52993195775
14.665,0.288662896251,4.79412401782
14.67,-1.15257947046,2.28701219912
14.675,1.40449301239,5.58793550885
14.68,1.30872712521,5.69655519193
14.685,-1.11609575689,1.921026991
14.69,0.492466120584,2.95851045375
14.695,1.90831068569,6.32225322564
14.7,-0.172964295737,6.07314963253
14.705,-1.24409379691,2.59352374952
14.71,-0.547494324375,-3.63442037949
14.715,0.189177140469,-8.92550184456
14.72,0.598284270761,-2.38313252137
14.725,-0.29720431995,2.8164087789
14.73,-1.61602418065,4.55621203902
14.735,-0.998002105748,2.75668984248
14.74,0.0884521531904,-5.96415199059
14.745,-0.493491207073,-6.12993687462
14.75,-0.617534134362,0.531379469866
14.755,0.360695400105,0.136821373188
14.76,0.591202529762,-3.92764737704
14.765,0.295085811819,-9.40503985175
14.77,-0.368654245259,-7.67034635082
14.775,-0.644618630512,1.22955401438
14.78,1.07851848289,6.02625206812
14.785,2.58649425829,8.35024775057
14.79,0.632686429616,9.12564930034
14.795,-2.43191267732,8.87941634575
14.8,-1.6310580339,8.08497193773
14.805,1.44752020757,7.05452611121
14.81,1.71634351481,5.56593879537
14.815,-0.0700197252589,3.1461802637
14.82,-0.805451623642,-0.818327183276
14.825,-0.349786437403,-8.97553655912
14.83,-0.430970542372,-6.2792179603
14.835,-0.871555140676,0.346080204359
14.84,0.583955401863,2.48216252077
14.845,1.15479638534,2.94589546451
14.85,-1.24366473582,4.12029511942
14.855,-0.995154409324,5.52258136372
14.86,1.58157162748,5.43572525825
14.865,0.83583631044,3.50419676449
14.87,-0.894983630473,0.510633292707
14.875,-0.434270177264,-2.01570756053
14.88,0.417370219854,-4.42157269518
14.885,0.262914069755,-9.96350912212
14.89,-0.271209595206,-9.97875703838
14.895,0.411444616019,-0.783873179633
14.9,1.28057841532,2.15405589252
14.905,0.63186121096,1.27611875302
14.91,0.0465337039846,-1.60417475046
14.915,-0.254477684599,-0.50737814537
14.92,-0.973939683221,0.828428385063
14.925,-0.815939956175,-0.356693550789
14.93,0.106610934818,-2.65916004184
14.935,0.683734276608,-3.15985292683
14.94,0.442470148129,-1.95854304371
14.945,-0.292250706645,-2.39304712877
14.95,-0.406157765049,-5.35461563181
14.955,-0.655055570337,-2.29544559757
14.96,-0.91070288793,-0.187130884635
14.965,0.0822915787781,-5.28640081499
14.97,-0.274522096359,-5.41996357523
14.975,-1.16904048632,2.64295267734
14.98,0.625878920732,3.44831425268
14.985,0.838458258157,0.983570411408
14.99,-1.26520609667,2.40084028159
14.995,-0.452756149904,4.22338945275
15,1.0861000728,1.99173718056
15.005,0.253147837327,-8.94746841453
15.01,0.102265561553,-5.70403091137
15.015,0.835728079732,-1.40659717759
15.02,0.383601604727,-5.26943162961
15.025,0.331722884619,-9.01684282563
15.03,0.337402343568,-1.96877057973
15.035,-0.732720082633,-0.881606356767
15.04,-0.412258257005,-2.93801524008
15.045,0.28367726321,-9.25020066687
15.05,-0.118838998786,-13.0728515993
15.055,0.537439340544,-1.91608837863
15.06,0.96760158615,0.42995142945
15.065,0.0659310303684,-1.41825364041
15.07,-0.310706756222,-6.01061139504
15.075,-0.395327716383,-7.61181337802
15.08,-0.245875907984,-6.81414844892
15.085,0.513940572927,-4.09552616159
15.09,0.679881375086,-1.88527440443
15.095,0.10366873154,-1.2627970541
15.1,-0.506169121556,-2.1319649392
15.105,-0.370862798688,-8.59554898166
15.11,0.232175527016,-7.2718136036
15.115,-0.594938382858,2.17885258045
15.12,-1.69102491846,4.61066664244
15.125,-1.16293126841,3.88122869997
15.13,-0.281553034904,2.11419844214
15.135,0.382972265863,0.566062617772
15.14,0.565699410679,-2.96873076836
15.145,0.501341613141,-4.256867725
15.15,0.967048846546,-0.199386748809
15.155,0.0725721732514,2.04203272448
15.16,-1.58632782701,4.0615145786
15.165,-0.555375166363,5.58507125361
15.17,1.49974075256,5.41519022027
15.175,1.24880377828,2.89824860256
15.18,0.192004830282,-2.69670789228
15.185,0.0915618360447,-6.73138958394
15.19,-0.287483438192,-3.3299979124
15.195,-0.823491517463,-1.65076238552
15.2,-0.121241417915,-0.503098580978
15.205,0.975815187855,0.569684528581
15.21,0.776047468984,1.04702827747
15.215,-0.554821921611,0.695945865787
15.22,-0.938473521447,0.121994398376
15.225,0.200747506638,0.213301304681
15.23,1.00254006687,0.396744451445
15.235,1.00259528209,1.01222896868
15.24,0.477313457727,2.67488148735
15.245,-0.793810821605,3.24897748214
15.25,-1.05013826649,0.515281419937
15.255,0.214116344761,-9.04911442464
15.26,-0.152909627134,-0.032799758689
15.265,-1.55790371722,3.87154731472
15.27,-0.394221303038,2.47070690001
15.275,0.499479622751,-5.94410029101
15.28,-1.15897789446,1.3254643888
15.285,-0.39638404949,6.28960841018
15.29,2.1009626125,7.04658544911
15.295,0.749887528955,5.02308464797
15.3,-1.19166034529,1.64381410493
15.305,0.357790607926,1.84016499767
15.31,1.44935797782,3.54875294675
15.315,0.209072027235,3.62786217065
15.32,-0.902135915854,2.97775923471
15.325,-1.471516866,3.51535156277
15.33,-1.32645523551,4.23711532882
15.335,-0.0446933499734,3.14825292499
15.34,0.681732319399,-1.45306924294
15.345,-0.0110889207008,-28.2663349091
15.35,-0.279587367548,-1.28712219844
15.355,0.967471133545,3.02446175285
15.36,1.26577275406,2.5748565979
15.365,-0.146813489187,-4.06379618475
15.37,0.244137357482,-4.19986972923
15.375,1.22952923472,2.63560703124
15.38,-0.503512152722,3.63240948894
15.385,-1.25015730148,2.78618336982
15.39,0.729096550396,3.23062548977
15.395,1.48233900157,3.68749806226
15.4,0.533920527621,3.0199998191
15.405,-0.484016680033,2.30858637902
15.41,-1.05824804781,0.850073459495
15.415,-0.303991456441,-4.1862247868
15.42,0.543651511578,-4.50646653535
15.425,-0.36285536901,1.32798798687
15.43,-1.32766283444,2.60352229109
15.435,-0.750991033086,0.135763022989
15.44,-0.153769606483,-7.59351416253
15.445,-0.437587422966,-6.13038811795
15.45,-0.331428775761,-2.53600503465
15.455,0.104857698049,-6.62989592261
15.46,-0.354846516058,-6.87520960876
15.465,-0.28850056616,2.02984723351
15.47,1.04576120309,4.16454471082
15.475,1.29683983217,2.27435218853
15.48,0.951636520065,-0.204161749954
15.485,0.94158842479,2.16943358014
15.49,-0.445739492739,2.12101689474
15.495,-0.765539117648,-0.481035440547
15.5,1.10432257931,1.59144885341
15.505,0.439746502635,2.83632270295
15.51,-1.02200716394,0.223880650156
15.515,0.645812659093,0.860823199343
15.52,1.24230015068,3.86366155449
15.525,-0.250150658651,2.52072231681
15.53,-0.344568127302,-2.09528302771
15.535,-0.748070573749,2.63750977739
15.54,-1.7475576426,4.87182948062
15.545,-0.685752678305,2.07223652273
15.55,0.162440751371,-14.3134105219
15.555,-0.951772884888,-0.220623237314
15.56,-1.06636143625,4.34287713082
15.565,0.578978144529,4.8560308214
15.57,1.41426885846,3.14976571704
15.575,0.564850174683,-0.141897368735
15.58,-0.408662494202,-3.88161586338
15.585,-0.460770452913,-5.69427148144
15.59,0.03509907819,-5.29873304514
15.595,0.59108887237,-3.86553465084
15.6,0.525428027557,-2.03669055391
15.605,-0.536559401421,-0.139756219684
15.61,-1.08102904789,0.928726268681
15.615,-0.221655769125,-0.140514913361
15.62,0.280864744108,-5.17372803668
15.625,0.0974202507065,-5.61395670991
15.63,0.810656817054,-0.0610186884869
15.635,0.769126347327,0.185028734517
15.64,-0.779241317068,-1.48477026876
15.645,0.0972453526467,2.71986947872
15.65,1.73611851305,4.79183387584
15.655,0.203316984541,1.83259900987
15.66,-0.168560447921,-10.7282167933
15.665,1.13579543704,1.79367164836
15.67,-0.46573571002,4.4292937912
15.675,-1.27447764146,2.76484422242
15.68,1.11231233568,2.88978501465
15.685,1.00802982933,6.21849776092
15.69,-1.78446442761,7.41602792515
15.695,-1.60605532203,5.96436531581
15.7,0.627256988827,1.29082450767
15.705,0.0615398620389,-5.36407917191
15.71,-0.660583386006,-0.0683899324992
15.715,1.39639836632,3.94125586863
15.72,0.74472870679,5.9086670097
15.725,-1.74078443925,5.36083601286
15.73,-0.0751938197698,1.13424753054
15.735,0.584455361306,0.953939858181
15.74,-1.76865440587,5.34569693392
15.745,-0.705427774753,5.4080865754
15.75,1.08425571463,1.45315188173
15.755,-0.0358532796168,-3.01710740975
15.76,-0.846719273614,-1.43378226731
15.765,-0.683215042034,0.760882004395
15.77,0.228419870299,2.47619341071
15.775,0.955390469979,0.652716675548
15.78,0.483867702994,-5.8692762195
15.785,1.06035710113,0.752319444322
15.79,0.907862624725,4.04641047719
15.795,-1.28206782356,4.337708585
15.8,-0.98561881549,4.09787754015
15.805,0.954027433287,3.07999610917
15.81,0.906658245004,-0.69072831691
15.815,0.513770297825,-5.21580435505
15.82,0.631719959968,-1.88520960014
15.825,-0.0601558792249,-1.4684726313
15.83,-0.509481111037,-5.85338307343
15.835,0.525770490649,-3.9226272042
15.84,0.597621330402,1.02239838428
15.845,-0.982628748962,1.29410697155
15.85,-0.111182310605,1.0206182544
15.855,1.66759509532,4.54269298662
15.86,0.138866622398,5.63012952634
15.865,-1.04633816116,2.06016200361
15.87,-0.410071827313,-5.35142356611
15.875,-0.832713464895,0.421334071225
15.88,-1.06531493579,0.549728684562
15.885,-0.929038098221,-0.508665846052
15.89,-1.05252372852,2.32286969317
15.895,0.00957453139333,1.72151650186
15.9,0.446062073054,-6.74547419354
15.905,-0.57844238978,-4.71524984544
15.91,-0.1913180633,0.722457400534
15.915,0.815665811239,-0.739056572034
15.92,0.0472635669681,-5.96083569444
15.925,-0.834431246497,-0.816883209301
15.93,0.0343461317284,2.64046331743
15.935,1.09936116829,2.26161836474
15.94,0.688416865383,-3.21558496993
15.945,0.755081234603,-1.14580983131
15.95,1.90135925959,5.93172230014
15.955,0.386861277895,8.44824832093
15.96,-2.26022119837,8.1835057291
15.965,-1.35143211156,5.29454785719
15.97,0.266110392418,-1.80274027862
15.975,-0.0859845912258,-17.9586290941
15.98,-0.289167105495,-5.51873560369
15.985,-0.194561706637,-2.00441333603
15.99,0.455735184362,3.02593551785
15.995,1.77612512746,5.55541227961
16,1.45204493876,4.74151306073
16.005,0.279723464763,-0.020093652799
16.01,0.311288240382,-3.91192792291
16.015,0.159122859887,0.0874721817397
16.02,-0.632522189113,-0.32459650546
16.025,-0.435119643729,-7.16231602145
16.03,0.0430277141919,-13.8842169338
16.035,-0.43991885209,-5.06601521162
16.04,-0.390586710605,-5.32883485141
16.045,0.389649867578,-6.20197319825
16.05,0.418528917728,-5.98115724419
16.055,0.322112947383,-5.08038085014
16.06,0.105199422578,-0.555820362724
16.065,-0.674093031602,0.329141785713
16.07,-0.441743309964,-5.86432712276
16.075,-0.52353913939,1.41735797689
16.08,-2.25961221568,7.26868750647
16.085,-1.60554061725,8.14409846139
16.09,0.878659626896,4.79612856763
16.095,0.474847022557,-4.45832853242
16.1,-0.543340463251,-5.27511161311
16.105,-0.296104005436,-8.12402306537
16.11,-0.820242579507,-0.970663813542
16.115,-0.458413250267,3.60381408832
16.12,0.671648070414,1.88804403735
16.125,0.224055797961,-4.85276019106
16.13,0.555797721474,2.96338247771
16.135,1.69623952334,4.9111421581
16.14,0.8741744726,0.550804308404
16.145,0.396956587512,-7.58648496638
16.15,1.28744201835,2.19703345808
16.155,1.00711900922,3.46908343182
16.16,0.136407392096,1.6597082162
16.165,-0.389273075185,-0.248440290487
16.17,-0.522874001546,-4.96553787783
16.175,0.159761898303,-13.8757262941
16.18,-0.172178215235,-0.756466633084
16.185,-1.10276426169,0.97615569915
16.19,-0.343674441904,-1.86703572892
16.195,0.283368834559,-8.36474272774
16.2,0.281058203626,-10.6510848623
16.205,0.509740818903,-3.73107767779
16.21,-0.344242812483,-1.22105310875
16.215,-0.576061100849,-4.08601920647
16.22,0.565077727435,-4.91713094602
16.225,-0.0352877753493,1.78546537146
16.23,-1.43642136819,3.6399876301
16.235,-0.855669796974,1.25529156092
16.24,-0.00424397649053,-10.5095674469
16.245,-0.657013700023,-3.46063917994
16.25,-1.04698912568,2.10913631731
16.255,-0.430669984038,3.08829991642
16.26,0.218226813203,4.02169014633
16.265,1.29135521991,5.84216449374
16.27,1.94594689186,5.83668486966
16.275,1.27756593399,3.0619409246
16.28,1.16622089906,2.59934849247
16.285,0.937261169213,5.90514169978
16.29,-0.88930712634,6.45702784244
16.295,-1.52003122474,3.65590896797
16.3,-0.23407865759,-2.83911590179
16.305,0.536586102993,-5.3906983247
16.31,0.357218259905,0.266306349785
16.315,-0.926730641931,4.77144568586
16.32,-2.21558311874,6.91059040726
16.325,-0.865097265935,6.37635201033
16.33,1.08132393083,2.94753162655
16.335,0.394676315157,-1.805401404
16.34,-0.683101427188,-2.61869336995
16.345,-0.576176915337,-4.52014176692
16.35,-0.958941352846,0.140311187316
16.355,-0.728604985954,4.48367771536
16.36,0.791425716573,4.56211593719
16.365,0.874767017586,-0.825570532479
16.37,0.166589883402,-5.99459276356
16.375,0.861565932986,1.80327109073
16.38,1.21052706019,1.67583196327
16.385,0.765033838442,-2.32605459466
16.39,1.38607698977,2.85711514705
16.395,1.60840241268,6.12260656108
16.4,0.183967261747,5.2596477329
16.405,-0.465191799775,0.355724685492
16.41,-0.178134844936,-2.91545189635
16.415,-0.31607794574,-1.95738195326
16.42,-0.313556344058,-2.0361495757
16.425,-0.792113428549,1.62078506839
16.43,-1.22817213194,1.83819991218
16.435,-0.594339075541,-3.75825234113
16.44,-0.608422485208,-4.28769215173
16.445,-0.656228009832,-2.57709410957
16.45,-0.249991948885,-11.3056854134
16.455,-0.949787778897,-0.402385605768
16.46,-1.17294395357,3.7874347956
16.465,-0.13665613562,3.95158289533
16.47,0.74995811455,2.73027905786
16.475,1.04222378097,0.584736858751
16.48,0.328711092885,-5.84015088977
16.485,-0.186586206679,-11.7825466353
16.49,0.320713964288,-6.51856414746
16.495,0.0649336064209,-22.0643116616
16.5,-0.163770567759,-3.02504429381
16.505,0.93079112843,2.30216373689
16.51,1.38991115556,2.88208846808
16.515,1.03142916411,2.26599074825
16.52,0.389740522516,2.5906282174
16.525,-0.598091487238,0.630339568985
16.53,-0.296766356845,-10.5283148272
16.535,0.160071249876,-5.03266356695
16.54,-0.612723569645,-0.563728116318
16.545,-0.725866316071,-2.78285312517
16.55,-0.405687509067,-7.72293182334
16.555,-0.498956171879,-5.94712579508
16.56,-0.534592944026,-4.3102506466
16.565,-0.401639823962,-2.69553376831
16.57,0.0615387004461,-3.72477068836
16.575,-0.0157872583906,-8.78428632615
16.58,-0.0459952443971,0.0496001344494
16.585,1.3233886466,4.59232932628
16.59,1.7411282655,5.44119116996
16.595,0.229500036083,3.57973955953
16.6,-0.673099290637,-0.687429667988
16.605,-0.475070981585,-6.46015204238
16.61,-0.261814496102,-9.34612843214
16.615,0.0322503374397,-6.84985109476
16.62,0.633076452598,-2.87704509795
16.625,0.900383010417,0.0109176456757
16.63,0.252262313342,1.11716494623
16.635,-0.562214198688,0.189248257609
16.64,-0.69931631082,-2.27491530522
16.645,-0.736636835365,-2.61060966184
16.65,-0.691165471432,-1.48553345002
16.655,0.092977176191,-2.93235384595
16.66,0.393478040156,-8.09720408516
16.665,-0.112293811909,-16.1369940478
16.67,0.19182721426,-11.7417150319
16.675,0.3524074492,-3.61137821407
16.68,-0.612712652317,-0.179099222072
16.685,-0.942826093197,-0.505493394067
16.69,-0.70350575437,-2.3531898547
16.695,-0.928446925581,1.18091866815
16.7,-0.320728935566,4.58682627732
16.705,1.28897995245,5.32481531343
16.71,1.34273828787,3.00843944707
16.715,-0.282099252419,-3.86348599287
16.72,-0.135934566236,0.640127304296
16.725,1.88429874732,6.04838582131
16.73,1.68166503552,7.69087036721
16.735,-0.678938977605,6.54832999512
16.74,-1.23413272963,2.29166962808
16.745,-0.76717949439,-2.24345949454
16.75,-1.04580799197,1.0749152537
16.755,0.0293989292949,1.86063191422
16.76,0.955227408095,-0.397545893274
16.765,-0.198885698816,-3.54667975559
16.77,-0.353343081904,-6.36739949732
16.775,0.38385845928,-8.2442905506
16.78,-0.471338845907,-1.58536092305
16.785,-1.25335719331,2.5554489562
16.79,-0.0643698855829,3.79075511861
16.795,1.09353597788,1.80166246777
16.8,0.246558563291,-9.27269450669
16.805,0.128587262537,-1.5306666997
16.81,1.69132505925,4.71647285639
16.815,0.88190804465,5.09883664207
16.82,-0.77381693713,0.330864020967
16.825,0.187634947,-10.1449873781
16.83,0.391814531866,-0.421357099073
16.835,-0.690798383163,-0.0217986555431
16.84,-0.578772342217,-4.55752309361
16.845,-0.852574822788,-1.28883629234
16.85,-0.958370310686,2.75401402857
16.855,0.515277940737,3.22822484691
16.86,0.99241787276,-0.0281198321983
16.865,0.17662886968,-14.9580443142
16.87,0.83907225827,0.298155642839
16.875,1.7795457082,5.92675966554
16.88,-0.0702907529305,7.44017451491
16.885,-1.86890712805,6.01063589271
16.89,-0.806834927,1.70223177918
16.895,0.304071466951,-4.05894983674
16.9,0.629859892414,-3.96105999359
16.905,0.339887626617,0.548575123665
16.91,-0.949090998416,2.54522394587
16.915,-1.05573830971,0.602817831415
16.92,-0.608584510887,-3.19097414056
16.925,-0.586624340708,-0.0721429223774
16.93,0.662182804243,1.19026950728
16.935,0.853107526191,1.24462883239
16.94,-0.992101978418,2.7388236629
16.945,-1.18140542922,2.66346912469
16.95,-0.16501646258,-0.581128094951
16.955,0.0515046910711,-2.95276149459
16.96,0.527501631755,-1.48576345902
16.965,0.621174787468,-3.76112861615
16.97,-0.373065528799,-6.73990302519
16.975,-0.358636605392,-0.357609356434
16.98,1.06188599847,2.79506120793
16.985,1.23280763732,3.32269296115
16.99,-0.587946512884,2.68648446493
16.995,-1.28351098703,3.0903657999
17,0.475003747117,4.37246501341
17.005,1.72675452751,4.76985841527
17.01,0.839039505378,4.16214718641
17.015,-0.808466223249,3.29489700391
17.02,-1.32278712203,2.79500457453
17.025,0.0487271309324,2.4516747247
17.03,0.987957291743,0.574611565593
17.035,0.66572646281,-3.48747458131
17.04,0.96969531143,0.0761341994021
17.045,0.494910824023,2.82403695816
17.05,-0.773124603593,0.971780677304
17.055,-0.345671309902,-8.07876713083
17.06,0.157315885522,-11.2299759994
17.065,-0.182775211096,-7.89884202085
17.07,-0.187113192148,-8.63671581405
17.075,-0.662629621793,-2.80935236923
17.08,-0.518382189062,-0.852802195454
17.085,0.972669718897,0.341522916028
17.09,0.276575477073,3.22160200024
17.095,-1.59479056774,4.38418096355
17.1,-0.500168176216,2.18641595721
17.105,0.5827099003,-4.52294646948
17.11,-0.383825635855,-6.0550699872
17.115,-0.349762130693,-4.63179264288
17.12,0.14082657315,-10.2600033799
17.125,-0.0129432821048,-15.2998838019
17.13,0.23727953447,-9.78918169017
17.135,0.164963242364,-11.475820131
17.14,-0.22218642173,-12.486509721
17.145,0.513190711345,-4.89949026998
17.15,0.388186284964,1.92650203239
17.155,-1.81878636895,6.11632430407
17.16,-1.54639830469,7.44868293217
17.165,0.871356044632,5.35209290177
17.17,0.695699320888,-2.90720985725
17.175,0.408389233656,-2.57909697199
17.18,1.1076599206,0.917191510887
17.185,0.323034435225,-5.6252745263
17.19,0.511001245675,-4.31800918041
17.195,1.21803340085,2.59983217072
17.2,0.0921845327791,1.79080880188
17.205,-0.235476862979,-6.03677978318
17.21,0.110322324519,-3.56546478351
17.215,-0.444500042102,-0.107238041001
17.22,-0.797513883556,-0.210847745978
17.225,-1.11208443757,1.16426835821
17.23,-1.25656446367,2.45232078371
17.235,-0.945335366511,3.14621824665
17.24,-0.217140285796,4.69362906902
17.245,1.14046212533,5.51580147336
17.25,1.69514748047,4.65555894416
17.255,1.23258163465,3.31651972837
17.26,0.239203630148,2.32147986661
17.265,-0.745423094379,-0.860703010124
17.27,-0.0769383287542,-8.25723189295
17.275,0.441466397426,-5.33303194502
17.28,-0.094226990306,-5.76977460609
17.285,-0.102223890032,-5.19076086222
17.29,-0.981727372109,1.46639110395
17.295,-1.21538646512,3.62152903464
17.3,0.537876139777,2.09087429223
17.305,0.615452002273,-3.44447063058
17.31,-0.254818602991,-11.4003232384
17.315,0.0751637401191,-10.1334547362
17.32,0.139905815119,-15.3880821634
17.325,0.259115952037,-7.91871590736
17.33,0.79408942317,-1.96312140969
17.335,0.44765524296,0.0799572460977
17.34,-0.430547468267,-0.051273898271
17.345,-0.807746394094,-1.1632102278
17.35,-0.79644569146,-1.73734555952
17.355,-0.420637107847,-2.17785186587
17.36,0.258954259323,-4.5218025963
17.365,0.305096460899,-8.75447030568
17.37,-0.584621831291,-3.23397294881
17.375,-1.05206607359,2.77583128525
17.38,0.604872092986,6.27513762918
17.385,2.42330776516,7.69960662756
17.39,0.696421993091,7.17128686518
17.395,-1.55253578198,4.71395889895
17.4,-0.426893244872,0.183629244294
17.405,0.331293647436,-9.38337740785
17.41,-0.246934217443,-7.82182916522
17.415,0.889276206635,0.63768219423
17.42,0.893220480529,3.08936543123
17.425,-1.00314763992,2.56297468168
17.43,-0.652507286714,0.469524780419
17.435,0.719924482431,-1.10959979773
17.44,0.64293341994,-1.8704250035
17.445,0.0275392358734,-1.65279879539
17.45,-0.693930099887,-0.670601045957
17.455,-0.88209453384,-0.857635551651
17.46,-0.361442462264,-2.03410735055
17.465,0.267602029402,-1.74087022853
17.47,0.957192400343,-0.188368956145
17.475,0.577624401089,0.195739510436
17.48,-0.372988428572,-2.25830504023
17.485,-0.305685632412,-8.00133658956
17.49,-0.589687015455,-3.00828229235
17.495,-0.877819296611,-0.254977225768
17.5,0.0714628706641,-2.45165312392
17.505,0.229560981773,-12.5038930244
17.51,-0.417404989892,-7.23494166489
17.515,0.114511530388,-2.11871891991
17.52,0.982376195052,-0.137041910543
17.525,-0.149201647042,2.41082294032
17.53,-1.85760706366,5.38338474713
17.535,-0.490481636318,6.61513772382
17.54,1.37746096098,4.87686411388
17.545,0.948865187521,-0.450023814045
17.55,1.12020343562,0.988072202601
17.555,0.951349778474,3.48762031488
17.56,-0.506718972442,0.0725453047033
17.565,0.199594992297,-12.0871873427
17.57,0.507561434581,3.28341221624
17.575,-1.85990145469,6.76159226084
17.58,-1.36501805126,6.6470649888
17.585,1.21860566451,4.02926742354
17.59,0.366815487095,-0.538223899242
17.595,-0.697055155226,-2.37411947586
17.6,0.788562479147,0.84252673716
17.605,1.06507828386,2.64582843499
17.61,-0.2892382908,2.32410759676
17.615,-0.933871568168,0.896266294717
17.62,-1.13078952464,1.06843064213
17.625,-0.945168852277,1.95484103214
17.63,-0.0258256240261,0.669415673308
17.635,0.355037324139,-3.40589473147
17.64,0.385559231392,-4.4472372947
17.645,0.615881133237,-4.12171470649
17.65,0.0899653111047,-12.237955181
17.655,-0.0288558639229,-6.26009696454
17.66,0.997613025789,0.616471720573
17.665,0.899236337418,2.22776078002
17.67,-0.527750951245,0.610134334476
17.675,-0.512628556234,-3.80384480529
17.68,0.630246117115,-3.83167498653
17.685,0.00627713174677,-1.91187797556
17.69,-0.618588336858,-3.97921249804
17.695,0.519428716089,-4.38399545297
17.7,0.192907621465,-0.115733826123
17.705,-1.20012420312,1.79790130899
17.71,-0.432077687125,2.29964046357
17.715,1.10224794722,2.66209718147
17.72,1.37549836371,3.43632889614
17.725,0.561240320666,4.98080824055
17.73,-1.15900299388,6.28994871065
17.735,-1.9506469435,5.81100400374
17.74,-0.523597617635,2.03652946541
17.745,0.25004295129,-11.1775308177
17.75,-0.647534458535,-3.66665172251
17.755,-0.417267263346,-0.315156878859
17.76,0.643568492054,-2.61277346998
17.765,-0.07400159101,-2.53143131402
17.77,-1.2473336703,1.96511331017
17.775,-0.425444632302,2.71610780316
17.78,0.463389979512,-1.15512735583
17.785,0.172796734113,-6.56203063263
17.79,0.423496272107,-2.47617187293
17.795,0.534790394102,-4.94750998183
17.8,0.243279022675,-8.23488515341
17.805,0.613073569045,-2.40991201756
17.81,0.771829374025,-2.05434958302
17.815,1.0148417311,0.132622196633
17.82,0.821075858202,1.29238458878
17.825,-0.0669055144755,-7.75951510206
17.83,1.07525612905,0.750755822008
17.835,1.38018169464,7.51717803522
17.84,-1.24950812581,7.99664256371
17.845,-1.3475129863,2.61308723944
17.85,0.0607059904925,-9.27294624209
17.855,-1.02915579148,3.44472951929
17.86,-1.51820017943,3.66614921057
17.865,-0.951075906172,0.264160068199
17.87,-1.34732403901,3.71732934071
17.875,-0.655393723401,6.37227539328
17.88,0.961898377013,5.95300677308
17.885,1.50353599978,4.15589291774
17.89,1.29357931083,2.6701192804
17.895,0.35895397622,-0.578037630941
17.9,0.00862227896019,-11.2845943694
17.905,0.30945828263,-3.1178176894
17.91,-0.876209452185,1.33830559289
17.915,-0.914370144963,2.53541585619
17.92,0.980317506088,2.7169652435
17.925,1.04623482875,1.87348291508
17.93,0.101244680187,0.216047253574
17.935,-0.556938563596,1.52051292596
17.94,-1.58371549643,4.20272117525
17.945,-1.17284157418,4.72192622147
17.95,0.335152287305,1.73516185727
17.955,0.147369104164,-8.72340012623
17.96,0.0486464404914,1.74145538002
17.965,1.87596400477,6.4990663386
17.97,1.71816891936,6.93157264006
17.975,-0.444300109133,3.44182793368
17.98,-0.364318157549,-8.53630416225
17.985,0.0172533759525,-6.84117826457
17.99,-0.458129782908,-6.39722561839
17.995,0.244831769769,-12.202633189
18,-0.334638203246,-0.422220737711
18.005,-1.18432558414,1.88195330018
18.01,0.463785146558,0.547910300371
18.015,0.617357597694,-0.569406222094
18.02,-0.750860838171,-1.0337404733
18.025,-0.352794178154,-5.98339547533
18.03,-0.184836280396,-14.5716773098
18.035,-0.555852122861,-3.54825370277
18.04,0.0293871284505,-1.20624315632
18.045,0.843665285574,0.199533043023
18.05,1.24014061398,2.95288035692
18.055,-0.433621550276,5.78003770874
18.06,-2.38748579799,7.56177207244
18.065,-0.462699192103,7.65821278541
18.07,1.69018777413,5.54089206445
18.075,0.797705718759,0.350923597756
18.08,0.154667800895,-8.71450397614
18.085,0.259626261475,-5.19657379443
18.09,-0.344488519334,-1.65799038464
18.095,-1.01234671171,0.180841008727
18.1,-0.742381217439,1.14999880237
18.105,0.209538622804,0.988683225776
18.11,0.839060248124,0.765852959354
18.115,1.3213208057,2.42140783183
18.12,0.829978460743,4.07075999282
18.125,-1.03713147627,4.31652178034
18.13,-1.32110189814,3.39248441493
18.135,0.293093247953,1.49309542562
18.14,0.743233175542,-2.49642572438
18.145,0.302764965893,-10.1259254869
18.15,0.491760662677,-5.98968869874
18.155,0.175633985812,-5.67217930513
18.16,-0.102553049843,-15.9145414895
18.165,1.02261780377,0.273796103843
18.17,0.984709321911,5.6488914378
18.175,-1.21544338672,7.11606541826
18.18,-1.89628351268,5.57452236422
18.185,-0.556195806235,0.377283503169
18.19,-0.149558174953,-8.21817245389
18.195,-0.0997319556308,-6.25222601667
18.2,0.335257381188,-8.44289886057
18.205,0.0351256402471,-13.3901676308
18.21,0.0254037489691,-18.9424436406
18.215,-0.189082588535,-2.49234394815
18.22,-1.53701853485,3.87405547044
18.225,-1.10594462763,5.76632496002
18.23,0.754370548143,3.62916047451
18.235,0.433262238312,-7.20457712132
18.24,-0.0201852902514,-2.51373903983
18.245,1.08294305932,1.82063530706
18.25,0.625665228396,-2.06429188898
18.255,0.162660828293,-13.7645589861
18.26,0.866133390089,-0.882255348808
18.265,-0.138125756078,-0.712198237483
18.27,-0.498856765365,-4.78911400649
18.275,0.564390124996,-4.26448626446
18.28,0.248363530889,-3.87526818844
18.285,-0.476848874137,-4.65980927145
18.29,-0.632974165711,-1.33926837805
18.295,0.703818353156,3.80482757262
18.3,2.15552375212,6.73358429888
18.305,0.705390434542,6.3869629458
18.31,-0.501885633945,2.20955636094
18.315,-0.408361933335,1.57226011403
18.32,-1.47222693275,5.09862769052
18.325,-1.69598800745,4.7759672677
18.33,-0.997385355373,2.68243552492
18.335,-0.493662682143,3.45207049213
18.34,0.843293881763,4.13353437623
18.345,1.3033317135,2.31689405937
18.35,0.354842530322,-2.13640579639
18.355,-3.04966957437e-05,-7.49258774201
18.36,-0.17361964977,-3.86391246444
18.365,-0.997764608916,0.619426989658
18.37,-1.05495862104,3.04867641768
18.375,0.626059617343,3.31216767876
18.38,1.034233332,1.46565260961
18.385,-1.15140606936,2.39097632925
18.39,-0.701837212631,6.40073053087
18.395,2.26341392525,8.11293874211
18.4,1.38028756634,7.018148944
18.405,-0.997227336332,2.64277218661
18.41,-0.0731946526227,-4.14041195068
18.415,0.732717448122,-1.05381453652
18.42,-0.502613393892,0.538896178492
18.425,-0.919028308859,-0.522947312256
18.43,-0.0258914369852,-1.94933667086
18.435,0.863436108969,-1.18017368869
18.44,0.26725783877,1.43320530994
18.445,-1.40087797081,3.44143652522
18.45,-0.651856581699,3.63510495465
18.455,1.05229484325,1.45715820723
18.46,0.136149483899,-3.66196213696
18.465,-0.40581318464,-5.18393344523
18.47,0.662673126376,-1.61727186194
18.475,0.812195235593,-0.665712193288
18.48,0.27453838681,0.0487564508773
18.485,-0.654925853735,1.85308464965
18.49,-1.30012806343,2.28546493867
18.495,-0.259143041683,-0.350806192631
18.5,0.518282703385,-5.59663797406
18.505,-0.64242098052,-0.289003909526
18.51,-1.38095134761,3.59163502956
18.515,-0.14711565292,4.13720598093
18.52,0.838271605779,1.38723190381
18.525,0.519889130266,-3.97885609959
18.53,0.903663521129,0.748038433417
18.535,1.52702821669,3.99592466255
18.54,0.373508759478,3.82833506106
18.545,-0.900877199162,0.727897128949
18.55,-0.222252998958,-4.30182196663
18.555,0.861830967682,-1.12754997448
18.56,-0.111277001522,2.92689787718
18.565,-1.63593496248,4.38854130613
18.57,-0.555682329024,3.62015163794
18.575,0.906587958572,0.235774444308
18.58,0.0213664248955,-6.84852456662
18.585,-0.384085395054,-2.90084028382
18.59,0.955009274243,1.78674764643
18.595,1.2350284636,3.12761814289
18.6,-0.192658576905,2.00937539175
18.605,-0.818634457073,-1.73819861826
18.61,0.339416237615,-3.40624769574
18.615,0.923951602857,0.81954777458
18.62,-0.174031216629,2.56123913623
18.625,-1.08021271169,1.68933309613
18.63,-0.698348013338,-2.09750828978
18.635,0.126524562087,-14.2498390385
18.64,-0.188925080462,-2.58084667258
18.645,-1.26908517517,2.2797318225
18.65,-0.884039390565,2.16737304142
18.655,0.16171280674,-3.74161361579
18.66,-0.259439513501,-11.1659512547
18.665,-0.837625004032,0.231107907993
18.67,-0.0527187829353,1.87539043828
18.675,0.541176381819,-1.09840980948
18.68,0.365620970174,-3.67852626006
18.685,0.878412559615,0.0467031881568
18.69,0.690320831254,-1.42199172402
18.695,-0.356227058414,-8.95611273812
18.7,0.612117776336,0.0463619387394
18.705,1.05190198878,1.61350453284
18.71,-0.406705204743,-3.61182909513
18.715,0.265873049344,-2.31037422606
18.72,1.21949659533,2.21145978204
18.725,0.0420197538272,1.12315428588
18.73,-0.439041644334,-4.77206929158
18.735,-0.268540644528,-10.609956377
18.74,-0.0792751825686,-13.8563606355
18.745,0.53122516936,-4.65618075621
18.75,-0.407907393961,1.39873533273
18.755,-1.5861408418,4.28769764758
18.76,0.331692016525,6.28517340612
18.765,2.46313534134,7.83298570727
18.77,0.885217161089,8.2207490494
18.775,-1.52697750857,6.72783191742
18.78,-1.31584639294,2.55925498112
18.785,-0.374831311468,-5.307937457
18.79,-0.197704377295,-12.8012032163
18.795,-0.273319170799,-9.61106790172
18.8,-1.06455442263,0.543360611394
18.805,-0.808427095757,4.88380826886
18.81,1.41502041637,6.17730705264
18.815,1.64787429111,5.65395528685
18.82,-0.474556655806,3.93463556389
18.825,-1.05602485862,0.528277387653
18.83,-0.572513725137,-4.37802874049
18.835,-0.811498993652,-0.729854617567
18.84,-0.265767012678,1.97329043014
18.845,0.714471169794,0.345209385036
18.85,0.404756002732,-7.53109347694
18.855,0.369341076716,-4.8364722602
18.86,0.836135372829,-1.54596030086
18.865,0.412678669792,-4.50865786646
18.87,0.224198149863,-8.45423167481
18.875,-0.0669835279399,-5.95935244734
18.88,-0.489176103024,-5.24896787212
18.885,0.735308546152,-0.0360114404193
18.89,1.07992652631,3.18931689314
18.895,-0.686162028442,2.9601200436
18.9,-0.839138057604,-0.840660291578
18.905,0.384515612701,-6.40688095315
18.91,0.0804386478476,-3.62551781179
18.915,-0.67820762018,-3.02409864134
18.92,-0.149422702021,-7.95006186663
18.925,0.151132566197,-10.829056836
18.93,-0.557667798652,-4.1324712832
18.935,-0.371660541737,-5.76243498815
18.94,-0.101727725406,-18.502725525
18.945,-0.830150427257,-1.5081564964
18.95,-0.418379327565,1.3390241593
18.955,0.381452178999,-0.619569843395
18.96,0.497742862059,-1.4994387554
18.965,1.10430581061,1.18029221781
18.97,0.594556860479,-0.200480249112
18.975,-0.522543212631,-5.55329339663
18.98,0.453992105244,0.0963142258487
18.985,1.38854134335,2.91562812468
18.99,0.629998784248,2.27576247283
18.995,-0.249896535427,0.0429607311902
19,-0.562912944401,-3.71617136709
19.005,-0.121163332738,-16.6518967942
19.01,0.0985496567172,-9.90767487301
19.015,-0.272860742155,-8.23984953208
19.02,-0.0838132841475,-20.8481086318
19.025,-0.0709560372464,-13.1178646347
19.03,0.0805797080973,-21.8754468086
19.035,0.555305465871,0.118451545572
19.04,-1.0853693714,6.41665792062
19.045,-2.63712406512,8.44581077459
19.05,-1.1250410232,7.5065074596
19.055,0.424311458127,4.68983595384
19.06,1.08410178842,3.9406654876
19.065,1.76325621047,4.93851069568
19.07,0.533807910716,4.21741394638
19.075,-0.950657866158,1.02888509339
19.08,-0.277638374453,-6.73676166047
19.085,0.0332863486417,-12.6050489253
19.09,-0.608236971071,-4.17124641866
19.095,-0.411052526467,-3.55855408606
19.1,0.0913774728018,-7.02430506359
19.105,0.0574082997942,-21.6145204317
19.11,-0.421256019654,-6.8165255587
19.115,-0.249586018906,0.517015279333
19.12,1.01009691387,2.91857854994
19.125,1.10816888285,1.43589200584
19.13,-0.0414821912612,-6.7663915082
19.135,0.228385590914,-7.03985808225
19.14,0.907488787448,-0.574677299477
19.145,0.281840227173,-0.674415145555
19.15,-0.284059605903,-2.61090137758
19.155,-0.802662253137,-1.00044290285
19.16,-0.941320454999,2.22608349438
19.165,0.904628301943,5.13195467225
19.17,2.15737257138,6.91464611085
19.175,0.263901187092,7.05884512052
19.18,-1.65029199119,5.22655359823
19.185,-0.576067658247,0.832233315417
19.19,0.653315538851,-3.69363965786
19.195,-0.409844023137,-2.50799621817
19.2,-0.345772714903,-3.41988475995
19.205,0.960768742488,-0.244347078786
19.21,-0.259056108591,4.08086062798
19.215,-1.86433549531,5.49246911389
19.22,-0.857346546013,4.58788348598
19.225,0.789420049375,1.59806671254
19.23,0.44784525859,-3.49223227571
19.235,-0.671717185489,-3.45595383057
19.24,0.198918868708,-1.01970550739
19.245,0.764105176832,-1.70510562386
19.25,-0.482309562151,-3.53913206004
19.255,-0.154241878774,-3.25728548867
19.26,0.756636123259,-2.39145539625
19.265,-0.14701533072,-2.94765312301
19.27,-0.37019826344,-8.26928679457
19.275,0.228551634071,-8.30663601234
19.28,-1.0138078635,2.48363305781
19.285,-1.84091915697,6.63788629279
19.29,0.419595236004,7.62829901282
19.295,1.90962793618,5.72954511911
19.3,0.217262686169,-0.113196209696
19.305,-0.536238202835,-2.17472671892
19.31,1.08186917139,2.8428506011
19.315,1.18948293058,3.15169253327
19.32,-0.234287157316,-1.02572351298
19.325,-0.18683416621,-14.5665309691
19.33,-0.0197673952976,-13.9900031318
19.335,-0.370889767339,-6.09438089392
19.34,0.759723109074,0.91781491292
19.345,1.36186150863,3.70018241498
19.35,-0.234397450412,2.33864917871
19.355,-0.557090859431,-4.26495568036
19.36,1.03805193352,0.561169644309
19.365,1.07651369417,5.19530066652
19.37,-0.396612282869,6.6462383884
19.375,-1.80325286921,7.41915263083
19.38,-2.30477844503,7.28632436638
19.385,-0.827911901393,3.53543970749
19.39,-0.173469305016,-15.1614955297
19.395,-1.76764895545,5.0209989031
19.4,-0.818843254846,8.26723619422
19.405,1.68268371628,6.33470563412
19.41,0.172735467641,-1.05584618378
19.415,-1.099759496,4.01333418436
19.42,1.39641264099,6.83156406339
19.425,1.40524096146,4.21600396322
19.43,-0.586076387575,-3.75046487088
19.435,0.501801899732,1.07325171963
19.44,1.22962011913,2.11271555671
19.445,0.12956570736,-3.83491824702
19.45,0.239701445058,-10.377121483
19.455,-0.0721219288108,-4.87257261335
19.46,-0.393936230903,-4.81261073962
19.465,1.12972467461,1.40708726133
19.47,0.461930028582,3.98234564633
19.475,-1.33281129734,2.71399683802
19.48,0.309881913855,1.31180052513
19.485,1.31668229104,3.67893699465
19.49,-0.49140968662,4.56944478348
19.495,-1.48859578969,3.6817603309
19.5,-1.05645538775,3.04169382472
19.505,0.49165915442,3.12103397169
19.51,1.45523889922,3.48172377848
19.515,-0.15588184241,3.98768205293
19.52,-1.47889458421,3.63644796253
19.525,-0.999780185766,2.56599775864
19.53,-0.0086184503078,2.47450479098
19.535,1.12680711186,2.59474813491
19.54,0.909622377951,0.678750263476
19.545,-0.0680776079725,-6.11607581128
19.55,0.256059381292,-10.8962428572
19.555,0.10886930101,-0.750556118604
19.56,-1.06445692343,1.64160912412
19.565,-0.775350984256,-0.101929988881
19.57,-0.0280037368285,-9.55069228084
19.575,-0.555938627289,-4.52020277289
19.58,-0.261845946195,1.29731010824
19.585,0.823284764839,1.27404885509
19.59,0.669502441165,-3.423935859
19.595,0.681547140629,-2.68143362406
19.6,1.30350384392,2.7721189485
19.605,0.293646611894,4.80819004139
19.61,-1.5704323115,4.94706393942
19.615,-0.921481454337,4.7433031581
19.62,1.61260024308,5.64434651217
19.625,1.39059415796,6.52990345367
19.63,-1.0391006927,5.65207564131
19.635,-1.23566128745,2.03608537163
19.64,0.00352319467246,-5.43925654872
19.645,0.348336265574,-5.73029788287
19.65,-0.707807658685,2.03626241123
19.655,-1.95489223789,5.94485307166
19.66,-0.493600645069,6.44657690734
19.665,1.0678379986,2.79758664541
19.67,0.336657828486,-8.18836363653
19.675,0.831434919922,0.445229002272
19.68,1.18603963324,2.57377528646
19.685,-0.0983162795266,-1.27516655085
19.69,0.0295726663216,-12.7200404612
19.695,-0.23616662268,-1.0806184225
19.7,-1.22335269398,1.84892742501
19.705,0.31425711362,1.93603040929
19.71,1.07745046218,1.57944062575
19.715,-0.478499268106,0.118779254954
19.72,-0.412961924659,-7.6428439485
19.725,-0.390569731773,-3.88339508704
19.73,-1.41714471755,3.15884858671
19.735,-0.425170470135,3.94641750779
19.74,0.576016711167,0.119601069265
19.745,0.335524766185,-3.51629042756
19.75,0.860248025606,0.778304960484
19.755,1.15457104529,1.35651828305
19.76,0.50450596638,-1.35984263078
19.765,0.0479895032379,-6.57995852123
19.77,-0.0304757167168,-9.68773803378
19.775,-0.355469748036,-8.60427997445
19.78,-0.0244834605921,-1.70262119775
19.785,1.66688729494,4.70202710361
19.79,1.4005699949,7.73772509724
19.795,-1.30098955553,7.93367278961
19.8,-1.8732318758,5.51693804896
19.805,-0.258398576253,0.575934802662
19.81,0.586147908571,-4.5387971886
19.815,-0.0351621814815,-1.8564396117
19.82,-1.10358845894,1.10185592504
19.825,-0.656128487463,1.30478958275
19.83,0.515869351893,-0.484914049374
19.835,0.872745399619,-1.16057986547
19.84,0.527296522757,2.06062104057
19.845,-1.33886003491,5.79580656229
19.85,-2.19005336029,7.54201618862
19.855,0.0821301449491,6.63920362958
19.86,1.21740086225,2.38414588448
19.865,0.376929648357,-7.57849774493
19.87,0.219394431113,-12.8553694525
19.875,0.187509953548,-14.079480526
19.88,0.0223711415817,-26.9877508227
19.885,0.111935176981,-10.2728372228
19.89,0.697833411501,-2.43014717016
19.895,0.889359901779,1.52039870771
19.9,-0.522707521425,1.90115458579
19.905,-0.749353877518,-2.18205704519
19.91,0.184755140428,-14.6565299428
19.915,-0.615662584116,-1.93757808799
19.92,-0.923909770951,1.03313082099
19.925,0.0994899541214,0.358148151678
19.93,0.694714045226,-0.834563687255
19.935,0.951498167643,-0.310272014098
19.94,0.140327790929,-0.408175338714
19.945,-0.835542020391,-1.51976690228
19.95,0.117433252355,-2.45240541133
19.955,0.461909163241,-4.88430295322
19.96,-0.765310883432,-2.23594491411
19.965,0.596282666595,4.07840409088
19.97,1.99312504513,6.33873504532
19.975,-0.227995230954,4.46472970431
19.98,-0.586785925395,-4.34611955036
19.985,0.442299022209,-5.25085278508
19.99,-0.462277240454,-4.35780975061
19.995,0.536494970733,-4.39342305983
20,0.534541183317,5.25814774525
20.005,-2.08500305914,7.50967713659
20.01,-1.14974259405,4.57308314128
20.015,0.212302480485,-11.3128702813
20.02,-0.952867983271,-0.419172324887
20.025,-0.445726140585,1.26149918481
20.03,0.0980717622604,-4.64428986999
20.035,0.00385133217127,-0.198878976897
20.04,1.36647167362,3.78920313809
20.045,0.974931166227,3.60730800621
20.05,-0.810878384755,0.662624189866
20.055,-0.170470416967,-5.01876104764
20.06,0.505849590472,-2.15923857913
20.065,-1.36060600272,4.89880324707
20.07,-2.35007753208,8.72794487253
20.075,0.176861222956,10.0718310348
20.08,2.35194763817,8.86483063209
20.085,1.87162568048,5.44993696641
20.09,1.76042843577,5.21234189217
20.095,1.13977564411,5.86619676127
20.1,-0.245714319479,-0.066381650834
20.105,0.85776653045,-1.27250619646
20.11,1.33153681094,7.72146347842
20.115,-0.957873391361,9.43512580232
20.12,-2.27233748082,8.31669913032
20.125,-2.22233662427,6.93872575492
20.13,-1.52524041099,5.53865221097
20.135,-0.368319553376,0.376063291523
20.14,-0.711036906888,-1.68217985516
20.145,-0.773523469213,4.80097090344
20.15,0.97465667186,5.25193228661
20.155,1.02111393613,0.201814662441
20.16,0.0941621461253,-18.5742140132
20.165,0.583986805777,-3.6436662372
20.17,0.46745294984,-4.75113709117
20.175,0.00181222037389,-14.4265142419
20.18,0.0355531590825,-25.6402806336
20.185,0.335829196628,-7.80651469291
20.19,0.881570174314,0.227600970344
20.195,-0.419081674476,3.5827541631
20.2,-1.48790982187,3.46564417322
20.205,-0.201886284865,-1.34740738687
20.21,-0.186889039797,-12.8182533863
20.215,-0.262221224291,-0.979611441814
20.22,0.678457277079,-1.94760803861
20.225,-0.223678209719,-12.8957293625
20.23,0.497305258554,4.0511603588
20.235,2.62768167482,8.47104985797
20.24,-0.0250164664721,9.5573711885
20.245,-2.86518499094,9.14591659927
20.25,-0.119803537312,8.22689739868
20.255,1.93782110234,5.94437885793
20.26,0.634600789723,-1.06447917976
20.265,0.92578741239,-0.557509358432
20.27,0.837801492981,5.2288384109
20.275,-1.11378125868,4.48613473637
20.28,-0.492269641668,-4.82358716021
20.285,0.165150080189,-3.36547045211
20.29,-0.955375544006,0.875093200222
20.295,-0.547971159565,-4.50632295327
20.3,-0.567456651696,-4.74151218217
20.305,-0.696960222939,0.301034172569
20.31,0.665337209387,-0.888987734322
20.315,0.23037947589,-2.23891245796
20.32,-0.751589318869,-2.22250546691
20.325,-0.364838391512,-7.25762656439
20.33,-0.580242826813,-4.26041621484
20.335,-0.317798063586,-0.217413305847
20.34,0.567772377581,-2.4804080961
20.345,-0.0247852423077,-15.0404658086
20.35,-0.35962400096,-2.19613006892
20.355,0.765628119475,1.37546512057
20.36,1.08689795598,0.94454211117
20.365,0.285691480712,-2.00300415654
20.37,-0.170784049857,-6.37404903368
20.375,-0.270039575485,-7.33558918571
20.38,-0.69727199954,-2.81958985647
20.385,-0.912000191146,1.2366832051
20.39,0.0408505376447,3.58129840624
20.395,1.29248814027,4.59603678591
20.4,1.84033173226,5.31184255851
20.405,1.18282719398,5.65980317877
20.41,-0.535529628481,3.95035731621
20.415,-0.728046549787,-2.75172200649
20.42,0.212702193538,-12.0994670036
20.425,-0.39120019895,-3.21247097786
20.43,-0.37734796593,-5.1313180279
20.435,0.802599228785,-1.90262388955
20.44,0.150195466253,2.86946485963
20.445,-1.30523579588,4.22786843057
20.45,-1.54870844882,3.9650370722
20.455,-0.833103622225,3.48165730115
20.46,0.458215139274,2.49794658685
20.465,1.03919616866,0.341464958458
20.47,-0.149407168619,-0.726246156221
20.475,-1.11608110437,1.14612233998
20.48,0.0114499578144,1.73906582932
20.485,0.896475700619,-0.78597295358
20.49,-0.00687374677729,-6.52178950987
20.495,-0.399257472573,-6.58151180842
20.5,0.00741671321166,-5.61482082153
20.505,0.317284291874,-2.86938157515
20.51,1.08653654846,1.0214911057
20.515,0.743579463369,1.67976956175
20.52,-0.580073640004,-1.65881075694
20.525,-0.0365644343071,-7.44286104396
20.53,0.504689199783,-4.05781861196
20.535,-0.396423912511,-3.73581406021
20.54,-0.316469590938,-8.97552972548
20.545,-0.184548777602,-14.6406534908
20.55,-0.306876234962,-3.86659238238
20.555,0.780376439144,0.14805413608
20.56,0.87698278363,0.751837820686
20.565,-0.305118897314,-1.48991519256
20.57,-0.493871801291,-5.84026425941
20.575,0.196551219929,-7.48159542779
20.58,0.451856888127,-6.46068657454
20.585,0.186867327584,-11.5808520813
20.59,0.814890087373,-1.18377388618
20.595,0.366962081502,6.30859477991
20.6,-2.44511885086,9.32295032747
20.605,-2.38366035743,9.31395657779
20.61,0.513891301184,6.40101399928
20.615,0.930625951319,-0.561507508286
20.62,-0.0289652933595,-28.1078640532
20.625,0.215624930099,-5.62651879318
20.63,0.816442919073,-1.75816142505
20.635,0.412002196825,0.451181805983
20.64,-0.926717764709,1.58389162664
20.645,-0.888169420152,0.794719753746
20.65,0.239764341737,-3.52100262376
20.655,0.0801621343916,-21.881621538
20.66,0.0308793407319,-8.12917881701
20.665,0.660750685393,-3.59821877856
20.67,0.0415594812791,-0.655737421336
20.675,-1.21755201186,2.16026662666
20.68,-1.0905802429,3.9229895812
20.685,0.409733496816,3.8314852993
20.69,1.04074942639,1.06003094297
20.695,0.611885493901,-4.2510938703
20.7,0.529063637706,-5.48008553721
20.705,0.419942748113,-6.40222392459
20.71,0.300042351802,-8.07152154239
20.715,0.131079087703,-9.95285480204
20.72,0.167021405137,-15.3417921828
20.725,0.502056043466,-3.49331353808
20.73,-0.37469001452,-0.684745671676
20.735,-0.731554794775,-1.68502067505
20.74,0.633431730015,-1.62073552395
20.745,0.519914694149,-0.514358669203
20.75,-0.614738724934,-2.56104055525
20.755,-0.0294954185544,-6.68801113976
20.76,0.66305678468,-2.75738946187
20.765,-0.156098635476,-0.431935640371
20.77,-0.811051566809,-1.38296476017
20.775,-0.460399176017,-4.70777567053
20.78,0.00566432624335,-7.43823765673
20.785,0.536320622623,-4.61702991465
20.79,0.786883938648,0.683591709683
20.795,-0.511508222188,4.26582316036
20.8,-1.80332822459,5.17205721573
20.805,-0.572038074405,2.64987391314
20.81,0.585272285937,-4.56989202573
20.815,-0.588066138232,-1.13655424556
20.82,-0.966982009253,0.359038509512
20.825,-0.502103498674,-3.84395472623
20.83,-1.0915872809,2.73378396613
20.835,0.0677988894744,6.75742541707
20.84,1.91165257165,6.27272371882
20.845,0.608837397038,1.44539286416
20.85,-0.704744167612,-2.96780321095
20.855,0.1310988914,-0.6069389918
20.86,0.583110461052,-1.87121728817
20.865,0.804466140341,-0.320107842653
20.87,1.25352032903,1.97550713968
20.875,0.652948631158,0.0543632737332
20.88,0.0944429666595,-9.20294742375
20.885,0.420710986485,-7.50612402318
20.89,0.786271319565,-1.88097003319
20.895,1.1764125437,3.42774584023
20.9,0.193074461057,6.4204511576
20.905,-1.41834521391,5.4615015056
20.91,-0.794190428075,-1.99159302161
20.915,-0.678072370476,0.295614383119
20.92,-1.9557143263,5.84214686334
20.925,-0.599676106465,6.09555100134
20.93,1.31279020636,3.2067571268
20.935,0.169651003427,-0.29552776402
20.94,-0.813538645927,-1.75175275654
20.945,0.143572280386,-6.34879631063
20.95,-0.00611486124744,-7.51813752168
20.955,-0.814003837657,-1.77812348889
20.96,-0.450900181415,-1.54187696286
20.965,-0.166419735543,-1.60155666985
20.97,0.438371426776,2.18875670899
20.975,1.53485301091,4.1537914576
20.98,1.14744812405,3.15847685796
20.985,0.170616306266,-1.54777729224
20.99,0.373942031342,-2.96584999861
20.995,0.0351896805773,3.73584162374
21,-1.72496299654,6.49646791925
21.005,-1.81713846832,6.05347694503
21.01,-0.116447518263,1.75679929441
21.015,0.108990190398,-14.0759526515
21.02,-0.546979652703,-4.75380297468
21.025,-0.714037740677,0.384681968869
21.03,-0.302698041631,4.65906088105
21.035,1.40170128325,7.19363304806
21.04,2.17417205935,6.74881732135
21.045,0.860761854968,2.46217104307
21.05,0.389893799782,-4.52361982579
21.055,0.510822294355,-1.21757753826
21.06,-0.131966850933,-3.16988537562
21.065,0.0733793741375,-15.9912129434
21.07,0.304942191883,-2.31615268798
21.075,-0.551952780987,-1.34733905354
21.08,-0.179830003511,-11.5787550558
21.085,0.410032519208,-1.96652045692
21.09,-1.02763678188,2.97087089356
21.095,-0.949293630986,1.95941688646
21.1,0.898423776583,-0.727670805427
21.105,-0.395224257945,4.69297877311
21.11,-2.37558721146,7.51785928285
21.115,-0.758778834165,6.64872493455
21.12,0.639975698662,0.683374821704
21.125,-0.201521013596,-3.66601857667
21.13,0.863863208382,5.61371864755
21.135,2.48683758892,7.96959168918
21.14,0.177625448847,6.79974064097
21.145,-1.36600291454,2.7195550475
21.15,0.727760917762,0.975819261221
21.155,0.909782824278,2.76192990834
21.16,-0.494268764429,2.18243276217
21.165,-1.1380579455,2.34399971425
21.17,-1.66634098205,4.89785283513
21.175,-0.25459198014,5.80418491023
21.18,1.42650037598,4.3109426675
21.185,0.940520325803,1.24324098847
21.19,-0.175149231593,-0.583845698721
21.195,-1.09195409198,0.767502373371
21.2,-0.255608296355,2.65831182152
21.205,1.11499490603,1.79570305452
21.21,0.322162647975,-8.12453471109
21.215,0.733816741547,0.367697442555
21.22,2.23902014965,7.56911191927
21.225,0.0928819048222,9.73155866485
21.23,-2.53914570423,8.91971925858
21.235,-1.33540797328,5.01483875201
21.24,0.142494364751,-4.55465923524
21.245,-0.190715860964,-14.3046355555
21.25,-0.144040875906,-12.1648214161
21.255,-0.317898862992,-9.4719795253
21.26,-0.806405890901,-0.0359631981984
21.265,0.283109485781,2.36976462549
21.27,1.0638641856,0.606298090182
21.275,0.0712777350892,-7.83795068805
21.28,0.0710958672891,-5.15973893682
21.285,1.25185602618,1.9557357661
21.29,0.587446768325,3.89339770469
21.295,-0.854209995225,2.4757576105
21.3,-0.750922282373,-1.90827795508
21.305,-1.21498275081,2.021604227
21.31,-1.61483287507,6.19989216552
21.315,0.482698839157,6.5837557148
21.32,1.39870249541,3.00281972985
21.325,0.125706733654,-8.86955917531
21.33,0.123465816042,-9.15854212723
21.335,0.264355443195,-11.5311545673
21.34,-0.0556515311218,-8.06397352054
21.345,0.726920224562,-0.306710334593
21.35,0.878112151981,-0.92606001144
21.355,0.436185554111,-7.19061703808
21.36,1.28881691981,2.21062912911
21.365,1.1237088828,6.18171109473
21.37,-0.965732990709,5.72879133656
21.375,-0.903078903334,-0.192562379468
21.38,0.984240195587,0.0384201822461
21.385,-0.329629093637,6.71153213848
21.39,-2.39865464993,7.68465053635
21.395,-0.477008169889,3.97655194994
21.4,0.673351416668,-1.75070108542
21.405,-1.50505229689,4.77730247519
21.41,-1.58565520304,6.75413734986
21.415,0.511798029635,5.2944683454
21.42,1.15253547035,1.86653195705
21.425,0.878199038083,-0.41901330407
21.43,0.130828746489,0.020960189487
21.435,-1.04697800988,1.31700691437
21.44,-0.92291376054,1.992594722
21.445,0.299393480158,1.24075832218
21.45,0.827874800493,-1.21610185688
21.455,0.418025872337,-5.93704345339
21.46,0.102116685583,-13.1980649413
21.465,0.0770106927251,-13.2471856872
21.47,-0.135781469957,-11.6092988958
21.475,-0.243478937471,-11.941430821
21.48,-0.358394673783,-8.86536350125
21.485,-0.404826795082,-4.94147884218
21.49,-0.140688162553,-3.33759832318
21.495,0.227980994041,-0.376007776084
21.5,1.15949410432,2.65169443122
21.505,1.15327076625,2.10361521556
21.51,0.186665548888,-5.67282399112
21.515,0.689900057076,-3.004806332
21.52,0.478683314686,2.20541293663
21.525,-0.711905171424,0.529790377591
21.53,-0.386813076465,-8.23746274941
21.535,-0.174934511397,-14.5529233362
21.54,0.111319937206,-15.337073383
21.545,0.400121210028,-2.79913170583
21.55,-0.602772167057,-0.139218095958
21.555,-0.523095823053,-5.55101218311
21.56,-0.153753296112,-6.97763823887
21.565,-1.10843999872,1.4555762952
21.57,-1.13746579938,2.80062071305
21.575,-0.0867027452685,1.29087210142
21.58,0.606377640423,-2.61626472173
21.585,-0.000691350384477,-7.62537854544
21.59,-0.931460162968,-0.0926796620331
21.595,-0.086972706412,2.63177829807
21.6,0.800405705826,0.875337563365
21.605,0.733400598848,-1.35957985964
21.61,1.25283035401,1.97104590631
21.615,0.675632403696,2.21685552918
21.62,-0.621041757508,-3.10476207368
21.625,0.625430230766,-0.499318971914
21.63,1.36497711165,5.23907335206
21.635,-1.09542097065,6.58287376612
21.64,-1.62502726482,5.10524286992
21.645,0.799457507505,2.58928104844
21.65,0.80543471336,2.48607288842
21.655,-1.06813667753,2.82334142498
21.66,-0.926925447775,1.24724552688
21.665,0.296943846928,-2.07757560802
21.67,0.556887589474,-4.34294872383
21.675,-0.362946470186,-1.31346991078
21.68,-1.32433461367,2.54764748058
21.685,-0.38112891597,4.76490672049
21.69,1.4938218088,5.15784282484
21.695,1.17276668559,3.58316190396
21.7,-0.69058874688,0.0807729439759
21.705,-0.226995799659,0.974095890909
21.71,1.86401274898,5.491018256
21.715,0.888196205956,7.74793217694
21.72,-1.90425904747,7.78908530731
21.725,-1.60037879735,5.65676733872
21.73,0.397178138761,0.620067593724
21.735,0.228386027798,-9.03937730583
21.74,-0.430086074767,-6.29651984195
21.745,0.303123594899,-5.74531917929
21.75,0.0504463221946,-11.1121884608
21.755,-0.323438881526,-4.67721440323
21.76,0.908751465034,0.0110176228275
21.765,0.474820167565,1.23124778565
21.77,-0.822449811121,-0.390145492937
21.775,-0.47044607587,-6.08311451329
21.78,-0.878574516217,-0.590665143955
21.785,-0.104847841824,5.76585844031
21.79,2.4969968947,8.27206744108
21.795,1.02512582777,7.90031132966
21.8,-1.52252336896,4.43596647366
21.805,0.259933945681,-0.00748988450014
21.81,1.01299031322,3.537575855
21.815,-1.19330051994,5.15337669601
21.82,-1.29356295658,2.94451082155
21.825,-0.092391088499,-5.28374106064
21.83,-0.360813080618,-8.61349932621
21.835,-0.389129412159,-2.62322248621
21.84,0.157910851499,-3.39704339566
21.845,0.450258239853,-3.7944254768
21.85,0.771322823433,-1.96756841359
21.855,-0.352322172239,0.131680910036
21.86,-1.35574743385,3.60445938706
21.865,0.616738997545,5.46020696213
21.87,1.60692630841,4.1577886018
21.875,0.15489349284,-2.07463373799
21.88,0.0716455589264,-22.2004061641
21.885,0.303098252481,-7.10576204128
21.89,-0.155572536419,-13.1822691874
21.895,0.24194622887,-11.2553267467
21.9,0.280218728179,-7.68046499011
21.905,0.0237790391176,-14.4003331142
21.91,0.145057664325,-13.2413309695
21.915,0.119446737583,-17.3811687198
21.92,0.761695698228,-2.14731699993
21.925,0.638772662704,4.46154846724
21.93,-1.17513225324,6.71978291129
21.935,-2.1638388553,6.80644278186
21.94,-1.77832664561,6.7774099029
21.945,0.0561988879641,7.04776308724
21.95,2.10763549106,6.66031092105
21.955,0.334857846517,6.64569237245
21.96,-2.18557158394,6.91008740371
21.965,-0.525590583002,4.32033901296
21.97,0.268531568382,-11.1846728032
21.975,-1.14292852653,2.23136838356
21.98,0.36366507536,6.06587825901
21.985,1.4269916171,3.20274176667
21.99,-0.0250587931229,-24.7862867425
21.995,0.62625889217,1.7642757831
22,1.5231872888,3.67224326923
22.005,0.548528219824,-0.767362835077
22.01,0.346604042168,-7.86149990096
22.015,0.705160187277,-2.12412444682
22.02,0.731834608446,1.47059937642
22.025,-0.124083833479,4.05616844215
22.03,-1.40343833991,4.15317558385
22.035,-0.999338375506,1.40557681827
22.04,0.0177358509195,-3.08333697613
22.045,0.462154377394,-5.16875094578
22.05,0.533907619572,-4.6748810551
22.055,0.284400107899,-6.50387128323
22.06,0.589969698533,-0.33221785904
22.065,-0.483898716836,5.83299890938
22.07,-2.38265086257,7.66869968357
22.075,-0.811953707917,5.43031404809
22.08,0.826011881589,-1.600992426
22.085,-0.853417022717,1.6398839545
22.09,-1.32802109591,3.71061204175
22.095,-0.223140765867,-0.31734053505
22.1,-0.542031866937,-1.17724241791
22.105,-0.125285595885,5.05736222278
22.11,1.66980123014,6.30093399784
22.115,1.2415224368,3.32614684917
22.12,-0.537772122959,-3.96301598039
22.125,0.191212732674,1.9377574446
22.13,1.80332562705,5.21225690706
22.135,0.890306390622,4.84293967791
22.14,-0.959487116574,2.33589984203
22.145,-0.717204136801,2.14369487402
22.15,1.48756550763,5.80865979106
22.155,2.24413786378,8.12463610248
22.16,-0.183897877508,7.5111003741
22.165,-1.18443669926,1.82253801066
22.17,0.385113007698,-8.01880805219
22.175,-0.161281178012,3.02511586902
22.18,-1.22153070167,2.78953618592
22.185,-0.813110042986,-1.67353498441
22.19,-1.06478292983,0.629404777476
22.195,-1.04939050545,1.24697003761
22.2,-0.787364777943,0.148305472729
22.205,-0.663315758166,2.52975666296
22.21,0.308465410553,3.07859712117
22.215,0.910368951135,1.10784519482
22.22,0.890064777319,-0.98029846205
22.225,0.0915784788255,-3.83071087269
22.23,-0.681663635429,-2.54676256904
22.235,0.418874345849,0.784179420034
22.24,0.920694314187,-0.701956830932
22.245,0.5758637772,-4.65282079419
22.25,0.868842359134,0.375553730429
22.255,-0.163550437194,1.94789396015
22.26,-0.856816389325,-1.10892596777
22.265,-0.303893847903,-9.64077246073
22.27,-0.53102307307,-4.34633172806
22.275,0.32620822142,0.263294602709
22.28,1.21471116115,2.07903848921
22.285,-0.31195092215,2.10484479067
22.29,-1.02003886525,0.202149624651
22.295,-0.253398467192,-4.29483011009
22.3,-0.121794749753,-5.83465701308
22.305,0.380027113151,-1.08266750528
22.31,1.10325756424,0.909996524907
22.315,0.667448540448,0.791960749853
22.32,-0.422921535471,-0.4981721739
22.325,-0.719991424875,-2.10659822395
22.33,0.632583906645,-0.198577317534
22.335,1.08711648149,2.96530639122
22.34,-0.683663768028,3.35966807919
22.345,-0.915351983629,-0.440354640297
22.35,0.164805081706,-13.9987690261
22.355,-0.43465545483,-3.83222294517
22.36,-0.693599982364,-1.81793978144
22.365,0.199868310492,-5.36649262739
22.37,0.156010948688,-12.4701129601
22.375,-0.282624995104,-10.8990404819
22.38,-0.0878503554852,-12.0414336068
22.385,0.0887023555055,-21.0209370148
22.39,-0.228385334928,-11.7882067658
22.395,-0.325286679722,-5.79479166018
22.4,0.497776132114,-3.43654852414
22.405,0.460840278491,-1.16349782976
22.41,-1.06712356212,1.61462318789
22.415,-0.6889690181,2.08879922979
22.42,0.646364428855,-2.25151310344
22.425,-0.355001030271,-6.9712978653
22.43,-0.292848557931,0.385174796988
22.435,0.892141940513,-0.676858530213
22.44,-0.533902912586,-3.64186725909
22.445,-0.472102231535,5.05862036341
22.45,2.11837226729,8.02686397902
22.455,2.02821477981,7.25818630337
22.46,0.422369816907,3.84936964224
22.465,-0.18853136806,0.508061765617
22.47,-0.509546587058,-1.75514457465
22.475,-0.450304364786,-5.87549694251
22.48,-0.456228033499,-6.59218634995
22.485,-0.324431556725,-5.6788951993
22.49,0.585680715519,-3.25667014018
22.495,0.698481168515,0.777080756819
22.5,-0.68703892692,3.08664632573
22.505,-1.47340391293,3.41236725183
22.51,-0.233855358257,1.59498895885
22.515,0.680066354812,-3.01331750527
22.52,-0.0613061043743,-13.5219088472
22.525,0.346934806726,-6.26425796791
22.53,0.73575657234,1.35374227573
22.535,-1.08287735523,4.12483682139
22.54,-1.27393839698,3.19573942979
22.545,0.104538245161,-2.38262818972
22.55,0.0333262375547,-14.9819717921
22.555,0.256745154996,-7.68817084653
22.56,0.361612379352,-3.94022848463
22.565,-0.882389433841,0.342388441252
22.57,-0.938896021847,2.02082985541
22.575,0.338221100119,0.783427890301
22.58,0.665372996764,-3.49055810905
22.585,0.0446191320843,-10.6747063291
22.59,-0.264124215723,-11.558750265
22.595,-0.382278954168,-7.88748454608
22.6,-0.694442411431,-0.356973936993
22.605,-0.0184964510466,4.79736442348
22.61,1.78115784365,7.25267116118
22.615,2.26278542171,7.28611967748
22.62,0.924464635635,4.66625165431
22.625,0.264681220852,0.358602426169
22.63,0.148270035441,1.96260522566
22.635,-0.906477122247,3.30099906953
22.64,-1.02961741428,0.318989955743
22.645,-0.0978051973614,-12.4975118516
22.65,-0.362589151842,-7.92454786053
22.655,-0.239537638473,-5.33833458215
22.66,0.603454200884,-4.1620738992
22.665,-0.549614944344,0.862192163959
22.67,-1.24552047384,2.87198886173
22.675,0.450221931037,1.6863417215
22.68,0.651371221481,-2.88125537564
22.685,-0.255122432803,-11.4424785014
22.69,0.384606304221,-6.56741529272
22.695,0.318107537693,-3.14565310689
22.7,-0.542637627713,-4.06280540985
22.705,-0.0928946671818,-10.3598826214
22.71,0.209790696128,-8.37192287133
22.715,-0.605228621008,-2.09261196574
22.72,-0.931129029725,0.536978160514
22.725,0.214067531174,1.21338369607
22.73,1.05407890645,0.48095205451
22.735,-0.186485458094,-0.371996175734
22.74,-0.875112379758,-0.704454365697
22.745,0.226459256346,-2.51648404519
22.75,0.421646548942,-7.35023962372
22.755,0.115497763487,-12.974540303
22.76,-0.0765694281156,-6.06525384269
22.765,-0.977994386175,-0.0324132620325
22.77,-0.728821619631,2.45277813821
22.775,0.561633818132,2.02545396962
22.78,0.917251263761,-0.450847500628
22.785,0.541357394822,-4.0993399719
22.79,-0.0849267608994,-12.9327563949
22.795,0.0145328872988,-5.51760161744
22.8,0.956023012899,0.494952734953
22.805,1.19007685904,2.43655913519
22.81,0.375772002868,2.57964215956
22.815,-0.61002512455,0.725164061842
22.82,-0.477764117429,-6.37037803849
22.825,0.00406101025959,-10.935881985
22.83,-0.484955159432,-3.45101072468
22.835,-0.515817017207,-5.71853208088
22.84,-0.335218709348,-9.30466902663
22.845,-0.659648231198,-3.37080407846
22.85,-0.268239482178,-3.93836438942
22.855,-0.112029921944,-9.83917871377
22.86,-0.235006210333,-2.17567494813
22.865,0.797369149071,1.54221607184
22.87,1.08231779338,1.09430111057
22.875,0.190937890738,-3.6626236827
22.88,0.200467950164,-6.79236466031
22.885,-0.241501486758,-0.399777348486
22.89,-1.15526461776,1.29219842015
22.895,-0.288194632987,-1.41763124976
22.9,0.127802521434,-17.6837072113
22.905,-0.615170450548,-2.87535536461
22.91,0.387073417788,2.03711250199
22.915,1.27397402306,2.14305040486
22.92,-0.126786727042,-1.51409331495
22.925,-0.418267041392,-1.99913058809
22.93,1.35263965877,3.23316308937
22.935,0.92379891601,4.75368232752
22.94,-0.887388279404,1.80404566571
22.945,0.0144566156183,-9.7108124906
22.95,0.434984025269,0.736987989975
22.955,-1.11081133402,3.2336306568
22.96,-0.919306291796,-0.356488549167
22.965,-0.536210083851,-5.2972098265
22.97,-0.767378932118,-0.706880416666
22.975,-0.0282732037035,-2.36531154611
22.98,0.112667900968,-13.1554867231
22.985,-0.168919366089,-13.5533417145
22.99,-0.506243407064,-5.0986545775
22.995,-0.557469632511,2.61823256644
23,1.07860404498,5.56922586134
23.005,1.6730504398,4.51280638041
23.01,0.471784334401,-1.68985420911
23.015,0.524901900879,-5.05918507154
23.02,0.613425875996,1.45877299868
23.025,-0.750600942044,3.03975259522
23.03,-1.37840664098,2.91434500226
23.035,-0.284745598748,2.9403972362
23.04,1.26090965619,3.68186845061
23.045,1.341908499,4.16461773016
23.05,-0.409991280486,2.96928431903
23.055,-0.828627880367,-1.31168994064
23.06,0.535607420374,-4.54364614969
23.065,0.0588950357357,-0.470770098972
23.07,-0.99069630042,0.0673408868616
23.075,-0.344990161552,-2.55485612315
23.08,0.231540258858,-5.16927583513
23.085,0.736132276006,-2.28233229776
23.09,0.774567407513,1.02906668924
23.095,-0.316794222157,1.77396650674
23.1,-0.958609070256,1.6212461491
23.105,-1.68860074653,4.55438099897
23.11,-0.838907018974,6.91636292672
23.115,2.04510695999,7.11341353888
23.12,0.454653099891,6.92570609385
23.125,-2.37214443055,7.50612275589
23.13,0.246424407894,6.22095026378
23.135,0.877343587153,-0.248863654492
23.14,-0.905404099729,0.534393395511
23.145,1.52620935156,6.49742851755
23.15,1.62550271947,7.75760301811
23.155,-1.69505873512,6.8113943405
23.16,-1.11438752734,4.47358606536
23.165,0.395224123416,0.0959793133231
23.17,0.579249693644,-1.18320848266
23.175,1.27164569807,2.09051127475
23.18,0.524911174533,1.39309314409
23.185,-0.283037330474,-4.97686319587
23.19,-0.0550586452427,-8.11714862682
23.195,-0.680772991312,-2.62205861387
23.2,-0.333631163644,-1.64457738755
23.205,0.751811938151,-1.87234174696
23.21,0.338370806432,-3.80739078478
23.215,-0.112802304281,-8.70795410287
23.22,-0.194274107567,-9.27258944019
23.225,-0.366684050262,-8.6002404693
23.23,0.219439288527,-9.64241170939
23.235,0.259322902587,-3.6650208848
23.24,-0.825330936804,-0.305418707404
23.245,-0.716288735651,-0.296206776645
23.25,0.212416799744,-2.96378832216
23.255,0.477482807098,-5.63929155479
23.26,0.534433235501,-3.7671263363
23.265,-0.449674616394,-0.45409942336
23.27,-1.16290138264,2.3635886618
23.275,0.663835738038,4.0024074262
23.28,1.53748813518,4.21970423187
23.285,-0.270044126622,3.00559610121
23.29,-1.08091629713,0.692170556007
23.295,0.00373152739425,-1.17487214891
23.3,0.949466172531,-0.406492625606
23.305,0.504478763611,1.69119195118
23.31,-0.848224093073,2.96019118294
23.315,-1.35814508114,2.66021799751
23.32,-0.784079787415,0.885028185609
23.325,-0.187512396789,-1.5859634141
23.33,0.11399832082,-4.25634296758
23.335,0.142410722421,-7.74593647803
23.34,0.0527204209657,-7.64400376641
23.345,0.194143738705,-4.47376061561
23.35,0.467697607176,-2.96731579524
23.355,0.725719255655,-1.74007531354
23.36,0.941795093541,-0.510532345877
23.365,0.58681185202,-1.57520478214
23.37,-0.0427239796061,-9.86010297419
23.375,0.336505272253,-7.06597675916
23.38,1.01341767657,0.275378166791
23.385,0.764771193636,1.25594159639
23.39,0.573669884144,2.19167479891
23.395,-0.0496562102964,5.68107349073
23.4,-1.64536463479,6.96233056046
23.405,-1.65861092207,4.41468177173
23.41,-0.785648388848,-1.99353994581
23.415,-1.44092829358,3.1738950531
23.42,-1.35220786536,6.15150791909
23.425,0.54859151334,5.14616479029
23.43,1.0006693158,0.0946805733953
23.435,-0.908455690835,0.469166693663
23.44,-1.22298687768,6.96471720972
23.445,1.92931494396,9.84295113813
23.45,3.03129225164,10.3053221124
23.455,-0.679193770947,9.06048953018
23.46,-2.16584370201,7.05361079749
23.465,0.729743463603,4.93750623835
23.47,0.893698455276,1.50804340662
23.475,-1.00450167982,0.0422956324837
23.48,0.708241949362,4.1934815882
23.485,1.66774081036,5.30955299771
23.49,-0.527688579095,2.21417768262
23.495,-0.222217702553,-6.0584461056
23.5,0.554608333958,-1.99002069919
23.505,-0.998351576396,0.97588776378
23.51,-0.326487981355,2.87115076967
23.515,1.66070528833,4.80459079414
23.52,1.19778530044,5.35429063073
23.525,-0.359258733505,4.63148178058
23.53,-1.17391046933,3.03137822478
23.535,-0.998995709115,-0.00848371478297
23.54,-0.819343084284,-1.65891747066
23.545,-0.95315409252,1.4746589548
23.55,0.20116207561,2.54054809022
23.555,1.13180356119,1.09726898994
23.56,-0.313249962635,0.0920280156328
23.565,-0.849611225032,-0.866722713999
23.57,-0.0605720801369,-9.70663205595
23.575,-0.66909318621,-2.75103457022
23.58,0.0728902753881,3.031267344
23.585,1.33502222788,2.54483148794
23.59,-0.272902956798,-1.7647250258
23.595,-0.521492599549,1.14463589868
23.6,1.29437685014,3.58492608587
23.605,0.951577463325,1.87335172655
23.61,-0.100918301232,-4.42965450863
23.615,-0.0514876489248,-18.481809305
23.62,0.116306620657,-18.5544193271
23.625,0.463793764852,-5.95566851385
23.63,0.129085601064,0.0715529686172
23.635,-1.19389993155,2.39155369254
23.64,-0.739112342497,2.65797230125
23.645,1.06925528444,2.17777639897
23.65,0.663930414304,1.4693934543
23.655,-0.802203443555,-0.0301981418275
23.66,-0.44096484766,-1.70439494692
23.665,0.854600874728,-0.452444949069
23.67,0.771505940091,2.56586781964
23.675,-0.972919651898,4.29780344198
23.68,-1.41687744452,3.37362778447
23.685,0.0038440175443,-2.5603459198
23.69,-0.112242523999,-9.35990156188
23.695,-1.03670164655,0.515446465692
23.7,-0.5212200519,2.13495377854
23.705,0.29736164441,1.82093574585
23.71,0.955395615869,1.69510849962
23.715,0.823057625223,-1.49216447918
23.72,-0.0450873634874,-18.4229413385
23.725,0.853944373996,2.2455204494
23.73,1.96948094667,6.13739456611
23.735,0.499040561825,5.53354187389
23.74,-0.610565520776,0.413621040166
23.745,-0.248322357496,-4.90118510037
23.75,-0.851856015963,-0.316169499498
23.755,-0.517871372476,0.290618449629
23.76,1.27502616051,2.35133330139
23.765,0.484152626751,4.88951597547
23.77,-1.41836444847,4.38934249792
23.775,-0.64814982969,-1.08597715036
23.78,0.1452276813,-12.4666204723
23.785,-0.756900353114,-1.32036245518
23.79,-0.649036577155,-1.53842162383
23.795,0.127727326299,-11.089275411
23.8,-0.291874247077,-7.91837378276
23.805,-0.557003201356,-4.6519956212
23.81,-0.215689831293,-13.093408541
23.815,-0.981158921013,0.134819213157
23.82,-1.67907101723,5.98294401065
23.825,-0.43045164578,7.96751026194
23.83,1.36268246045,8.01669203715
23.835,2.07953991406,6.80383007655
23.84,1.428498422,3.36418812898
23.845,1.0104874571,0.0936227173614
23.85,1.96847682609,6.10218190307
23.855,1.386176969,9.06716896443
23.86,-1.17575116082,8.99998659857
23.865,-2.09235519893,6.67963645897
23.87,-1.28719250423,3.25953001779
23.875,-0.45590022201,1.13887655868
23.88,0.561781602594,-0.0777563033524
23.885,0.673467799103,-2.04618773328
23.89,-0.674386571113,-1.93000891006
23.895,-0.318880586009,1.79356223795
23.9,1.71952047052,4.99949995481
23.905,0.817163492715,6.49700780583
23.91,-1.62994322579,5.96628403749
23.915,-1.03848852238,2.75784512079
23.92,0.244278992039,-5.6162708567
23.925,-0.153768681499,-15.9875448847
23.93,-0.119779192563,-10.5467577291
23.935,-0.156024592292,-15.2774546117
23.94,-0.840539902669,-0.058253514988
23.945,0.177899201295,4.84193532641
23.95,1.87099796648,6.23855146931
23.955,1.61663917072,5.22247750117
23.96,0.641458819962,3.04876391974
23.965,0.0517773734559,2.58046697197
23.97,-0.708924781619,2.74251363527
23.975,-1.07477516662,1.73734908287
23.98,-1.36221463104,2.72998153791
23.985,-1.49599072969,5.49143664054
23.99,0.303164816461,6.87510352082
23.995,2.06295787722,6.60330336988
24,1.14603103433,4.84973021796
24.005,-0.181192200477,1.97666765299
24.01,-0.668334510756,1.16980464764
24.015,-1.38795732298,3.16439332794
24.02,-1.20119614894,3.7649482311
24.025,0.235032296296,2.04719128863
24.03,0.813256073632,-1.77722217302
24.035,-0.122904703973,-3.44404868079
24.04,-0.94041285312,-0.431237020431
24.045,-0.208301608769,0.532241271441
24.05,0.593255494825,-2.978774488
24.055,-0.0201879443415,-23.7253259171
24.06,-0.00386451151322,-5.25541310259
24.065,0.480021970458,-6.04232901699
24.07,-0.20395323007,-13.7913969974
24.075,0.151468751847,-1.15140831439
24.08,0.93732860501,-0.455846281742
24.085,0.00959232601424,-14.8264253472
24.09,0.416043210172,0.719057108798
24.095,1.95949902206,5.84323491122
24.1,0.87110087672,5.72080461348
24.105,-0.655942388252,0.675472152592
24.11,0.0663839671782,-13.3343126797
24.115,0.855077911876,0.340297313024
24.12,-0.0238536905828,3.20266046734
24.125,-0.973415841668,1.14291381307
24.13,-0.0348363040713,-14.6336909801
24.135,0.454120898023,1.8204466922
24.14,-1.25704501034,6.13198355057
24.145,-1.86542215899,5.42486683762
24.15,-1.30625350546,2.81091509959
24.155,-1.32842336995,4.47279508314
24.16,-0.113426408912,4.79243552824
24.165,0.847212965148,-0.434953305561
24.17,-0.398535612457,-6.90355696965
24.175,-0.604904237716,2.30968678586
24.18,0.947656478785,3.85683427623
24.185,1.21173152377,1.90829928815
24.19,-0.0177525100436,-2.75656221754
24.195,-0.381297566796,-8.24548536291
24.2,-0.0346186548855,-22.9808735646
24.205,-0.612071432717,-4.18890887967
24.21,-0.439410474938,2.21258414638
24.215,0.86495680378,3.09120039895
24.22,0.88041980904,-0.67129678745
24.225,0.881589009248,0.430662798558
24.23,1.93771531944,5.74772932696
24.235,1.41948366327,7.4948640396
24.24,-0.722370215018,6.61883662149
24.245,-1.43684491407,3.24133301469
24.25,-0.206002671594,-3.116815731
24.255,0.525646993933,-5.22160842271
24.26,-0.102842667001,-1.99572035675
24.265,-0.863205839401,-0.557436953409
24.27,-0.830010583503,0.374844651156
24.275,0.301471620321,1.23415787452
24.28,1.21968022784,1.74105315516
24.285,0.438086565278,1.09442759669
24.29,-0.65018298749,-1.72550273852
24.295,-0.168931829989,-5.49062268523
24.3,0.889710391937,-1.01238879421
24.305,0.432294477547,2.21861563674
24.31,-0.635334478432,1.66665482099
24.315,-0.686881903881,-0.764923278741
24.32,-1.16895599547,2.58539766841
24.325,-1.61100149037,4.36214903311
24.33,-0.743353362889,1.50519269607
24.335,-0.698837502204,-0.178148010258
24.34,-0.392858707714,3.78473858488
24.345,0.887045332959,1.97404695009
24.35,-0.0445369152408,-18.4913240726
24.355,-0.326831995298,2.61980425131
24.36,1.39626910486,4.63237608319
24.365,0.679748101744,-2.20048235312
24.37,0.335787910167,-1.91083156844
24.375,1.91956353069,5.66504736219
24.38,0.716183278598,5.85917233437
24.385,-0.870563273317,1.03523137779
24.39,-0.105942637729,-16.7829576098
24.395,-0.211454100579,-7.73704192854
24.4,-0.467447460101,-3.18490647449
24.405,0.879330734606,1.10350643668
24.41,1.2052380073,3.09176441172
24.415,0.0407748517815,2.02696752323
24.42,-0.414611366229,-0.539210601206
24.425,-0.887416008331,1.40702883574
24.43,-1.29661220683,2.69078678957
24.435,0.387343753604,0.487126740115
24.44,0.61802544547,2.21071467033
24.445,-1.91699159426,6.36313926568
24.45,-1.21032249628,7.01320267114
24.455,1.11842371222,4.03099114785
24.46,0.565251367622,-3.40589582254
24.465,-0.0438920583611,-14.4001570668
24.47,-0.380102280012,-7.68039769211
24.475,-0.55462169606,-0.590463699247
24.48,0.720911441947,1.01551669095
24.485,0.60408253979,-3.39413756794
24.49,-0.0251814256582,-14.0991259718
24.495,0.98704559664,0.120963595567
24.5,0.830029741363,3.70457288076
24.505,-0.990344327669,5.35253239145
24.51,-2.18410872809,6.80956287129
24.515,-1.01046479283,7.91469687013
24.52,1.42690830843,7.63421086536
24.525,1.77026154808,4.96758510613
24.53,1.07576422315,0.963320949975
24.535,1.40468188876,3.76458717081
24.54,0.813673263669,6.3457088812
24.545,-0.97772187559,6.30671819481
24.55,-1.58131839598,4.04198061944
24.555,-0.469341289121,-0.826174899003
24.56,0.467558041951,-6.43073588373
24.565,-0.0196723513291,-4.03901434585
24.57,-0.453153910604,-5.75176196021
24.575,-0.165537074404,-11.9128772411
24.58,-0.473867610913,-3.69198005433
24.585,-0.718646455576,-2.85261908413
24.59,-0.531053350105,-5.49718216815
24.595,-0.883089643257,-1.07371957449
24.6,-0.935300663675,0.873444242159
24.605,-0.809912071802,1.46602618274
24.61,-0.666833824202,5.12072314566
24.615,0.852352513664,7.34167519033
24.62,1.97337647143,6.55508715981
24.625,1.44577775053,3.36887767182
24.63,1.13440636681,2.0325510303
24.635,0.668784578253,2.08943580154
24.64,-0.0477226000422,-0.683679601707
24.645,-0.232489072436,-1.67708939731
24.65,-1.02947251735,1.16303544476
24.655,-0.777636205286,2.32927918748
24.66,1.04386952757,2.34792197065
24.665,0.599946279439,-0.522049479221
24.67,-0.0910111994149,-14.0211550701
24.675,1.60838475892,4.19792269109
24.68,0.36310309628,9.2349268222
24.685,-2.94878584748,10.1425933475
24.69,-1.3706790744,7.19901308196
24.695,0.661307673804,-3.3079130833
24.7,-1.43030941147,3.47278839938
24.705,-0.884353603971,7.34453736562
24.71,1.72039999946,5.95440069828
24.715,0.220457402399,0.230451291372
24.72,-0.866169683715,1.49937092176
24.725,1.20507601327,4.53732173194
24.73,1.1632651663,3.24227621882
24.735,-0.574204531503,-2.56749107902
24.74,0.395498897629,0.306660010301
24.745,1.83856855361,5.98359012384
24.75,-0.529331804381,8.35217699915
24.755,-2.76099080697,8.82514569333
24.76,-0.292036480903,8.21343095271
24.765,2.13876819904,7.00941250469
24.77,1.13738054832,5.36643263309
24.775,-0.502276087188,3.8398352901
24.78,-1.35035240155,3.11305341032
24.785,-1.0115994418,2.08472521496
24.79,0.108573181168,-0.702997485607
24.795,0.418625192368,-6.21729520643
24.8,0.250872270776,-11.5148915883
24.805,0.39319402392,-7.90932131007
24.81,0.0636348654249,-5.51945640144
24.815,-0.546478868275,-4.83131576825
24.82,-0.287049733234,-6.09837377825
24.825,0.0210092575274,-8.82419012085
24.83,0.287865335601,-4.6971982151
24.835,0.873102802678,-1.13743600748
24.84,-0.0198852987037,-1.63180346962
24.845,-0.497337451703,-3.96476229297
24.85,1.11374726504,1.30434356657
24.855,0.594752011695,4.5842359564
24.86,-1.22998973847,3.7512135351
24.865,-0.625466926131,-3.72276447713
24.87,-0.669468791094,-1.46492103043
24.875,-1.78609362631,5.45437825933
24.88,-0.271228112834,6.9561680065
24.885,1.62341349459,5.32347676641
24.89,0.677135067363,0.91160464621
24.895,-0.85941592776,-1.13246979199
24.9,-0.347422299554,3.11398447175
24.905,1.43006348479,5.85225777163
24.91,2.16766573546,6.85404888801
24.915,1.01704042756,6.11682095763
24.92,-0.246190785714,2.73788260621
24.925,-0.0410620704491,-0.574407351978
24.93,-0.560186092967,5.8557006516
24.935,-2.7339666685,9.42435404773
24.94,-2.64734843739,10.0985609023
24.945,-0.108026296044,8.65402172553
24.95,1.40143019865,6.41989128345
24.955,1.9026787759,5.60518329838
24.96,0.909162682221,5.26075729684
24.965,-1.31827389728,4.16332607876
24.97,-0.70591591949,2.9173169332
24.975,0.907791983663,0.309619410951
24.98,0.174702962801,-9.95341732179
24.985,0.382934063653,-5.64764662251
24.99,0.793552445456,0.0514608114127
24.995,-0.419862205393,-1.51825624921
25,-0.0756969894234,-15.9848140638
25.005,0.0987757810083,-1.66421658815
25.01,-1.49820484101,3.70361777712
25.015,-0.576300281144,5.00933628348
25.02,1.38518534063,3.60907115423
25.025,0.338844220199,-0.938127831123
25.03,-0.307259832682,-10.0753547427
25.035,0.226231119305,-12.4508324475
25.04,-0.437369113361,-7.13653599745
25.045,0.561581543719,0.254030046885
25.05,1.13937917148,3.604732857
25.055,-1.34742944468,4.46459157588
25.06,-0.603238376135,5.83729008963
25.065,2.44599547685,8.02824902367
25.07,1.25063820092,8.73818120808
25.075,-1.35624177305,7.18619423901
25.08,-1.41606752416,3.10087444869
25.085,-0.963950085395,-0.318585188464
25.09,-1.28754095395,2.68325353424
25.095,-0.53284124742,3.84427544174
25.1,0.855081902609,1.57063279166
25.105,0.419256247157,-3.72695964451
25.11,-0.742457100333,-2.40139076797
25.115,-0.536553006883,0.893104879649
25.12,0.681721272851,1.98767632255
25.125,1.07586557995,0.885498325046
25.13,-0.328471939584,-1.78419991679
25.135,-0.61249468723,-0.173664758142
25.14,0.941756130215,1.18250666512
25.145,0.294311317767,-2.14017389328
25.15,-0.667403368989,-0.96161048762
25.155,1.34326052,4.75291311761
25.16,1.46911777398,5.9226914727
25.165,-0.80151550976,2.88000663277
25.17,-0.207087340513,-5.03673797644
25.175,0.727563832102,-0.541985345243
25.18,-0.825502095818,2.38604337009
25.185,-1.05891745801,1.95324792228
25.19,0.404452134034,-0.376490277404
25.195,0.514082878522,-5.68725396663
25.2,0.21437925782,-12.2690940421
25.205,0.887958378176,-0.90024247997
25.21,0.246747645917,2.05620994831
25.215,-0.865440005957,-0.474537663152
25.22,0.239314950571,-8.66453997219
25.225,0.25110414844,1.55451033171
25.23,-1.46239016832,4.1521125365
25.235,-0.718049840192,1.82338747468
25.24,0.749839898201,-2.43738256034
25.245,-0.296839839952,2.9966561304
25.25,-2.22237423648,7.11707346777
25.255,-1.89033153748,8.975250836
25.26,0.837613931192,8.75583859597
25.265,1.97870114316,6.11111536763
25.27,0.804111135493,0.657749037158
25.275,0.227751312606,-3.98615723521
25.28,-0.36527952325,-1.69859986853
25.285,-1.05623645107,0.537443077515
25.29,-0.355511552257,0.209189215117
25.295,0.11226111587,-3.51439576688
25.3,0.0493501737414,-0.373184916939
25.305,1.09638291429,4.45415150888
25.31,2.01079984655,6.06842663216
25.315,1.056049131,5.00054788079
25.32,-0.334827449152,-0.13823852702
25.325,0.143527847799,-14.517364267
25.33,0.955127675956,1.86692803372
25.335,-0.414050857087,4.4966376707
25.34,-1.22787167003,1.8351366502
25.345,0.129336068548,-9.79098512788
25.35,-0.0518735231117,-0.58611984058
25.355,-1.15804635249,1.64265879195
25.36,-0.589006616621,-3.26799516003
25.365,-0.729326785757,-2.74151079019
25.37,-1.0352621739,3.67233005918
25.375,0.71724004896,5.14876323225
25.38,1.5684203334,3.94271797674
25.385,0.172746496164,1.57102151131
25.39,-0.979843917158,0.440382842477
25.395,-0.845330160212,1.91159479909
25.4,0.671557918722,4.40230351207
25.405,1.97176039171,5.94316297395
25.41,0.0985597480009,5.6516416861
25.415,-1.56299926655,3.91036169538
25.42,0.718209468325,3.87347310882
25.425,1.49576049189,5.14220264802
25.43,-0.610537468723,3.8666007823
25.435,-0.742500547791,-2.38358152908
25.44,-0.570604900205,-3.21199172476
25.445,-1.19133989771,1.82996329305
25.45,-0.134287561768,1.19021936056
25.455,0.480763798757,-5.50884875562
25.46,-0.109640586079,-14.4715399385
25.465,0.453974384955,-3.32424630136
25.47,0.764108279788,-0.734540826363
25.475,-0.378490420066,0.134497220389
25.48,-1.03074727568,0.280489121232
25.485,-0.795506490551,1.15361693916
25.49,0.248716799262,3.65054014558
25.495,1.93058621836,5.9184765559
25.5,0.968134090309,7.26164442275
25.505,-1.97390431779,7.71378392665
25.51,-1.73869265027,6.77938779657
25.515,0.0990547229059,3.74848015543
25.52,0.539694678238,1.44468890641
25.525,1.31822517942,3.58063032041
25.53,1.3171477348,3.45530902591
25.535,0.00110616449329,-1.13950168386
25.54,-0.0993367635801,-13.1587297495
25.545,-0.238297639812,-8.15634814101
25.55,-0.522946406141,-1.63983848345
25.555,1.09461708707,3.68463547685
25.56,1.7178051692,5.58298798032
25.565,0.210803124227,4.14935868192
25.57,-0.423994477032,0.890346880035
25.575,-0.883840682402,2.34027198529
25.58,-1.61846791996,4.22273431266
25.585,-0.355176220326,4.00514585562
25.59,1.36276804005,3.27489850083
25.595,0.753751995991,3.15645015675
25.6,-0.765639112682,2.38642026822
25.605,-0.923573275341,-0.688454537503
25.61,-0.308465652881,-9.03446158748
25.615,-0.439802323552,-6.44043400436
25.62,-0.867352758421,-1.02633158577
25.625,-0.583899382946,0.0243172322505
25.63,0.0376080892521,-0.785274758947
25.635,0.481120794044,-2.86466944816
25.64,0.313460299096,-10.0353839801
25.645,-0.31298126708,-8.79866690854
25.65,0.06166625129,0.731675626423
25.655,1.45497030252,4.43599054513
25.66,1.72048937236,5.94849024895
25.665,-0.134851788169,6.07199454999
25.67,-1.72204126895,4.94074413387
25.675,-0.342096027116,2.76401765247
25.68,1.12552502677,1.0514877806
25.685,-0.644261974358,2.09528727537
25.69,-1.21005236147,4.58664521072
25.695,1.4845068801,6.36781736437
25.7,1.64946037856,6.31717054732
25.705,-0.516833656567,3.34412309214
25.71,-0.471506860716,-5.95303691795
25.715,-0.24033555805,-3.99267168285
25.72,-0.962753512296,0.0571047859083
25.725,-0.704723724829,-2.1661605605
25.73,-0.714615906338,-1.88194068596
25.735,-0.484763467745,2.56543863469
25.74,0.997518922358,3.1572033834
25.745,0.823994058336,-0.36834599313
25.75,-0.30424064697,-8.24209361498
25.755,0.070697579707,-8.75490739223
25.76,0.21551195481,-13.2796642174
25.765,-0.0300377292919,-16.4077497897
25.77,0.297900354486,-8.17541809041
25.775,0.368544124356,-8.58999985131
25.78,0.20514857359,-10.8957231778
25.785,-0.124704402146,-14.7627779236
25.79,-0.0528020092539,-5.18459663789
25.795,1.16331382554,1.98427740438
25.8,1.21055712855,4.928871035
25.805,-0.846511816794,4.54221591291
25.81,-0.902632872683,0.665263446993
25.815,1.01404608305,0.300907705372
25.82,0.138978065053,4.15383697713
25.825,-1.56369306493,4.35736221079
25.83,-0.640156394376,1.04376651897
25.835,0.510262517823,-4.61748312094
25.84,0.0855562283194,-2.97611783374
25.845,-1.00263705595,0.632214139509
25.85,-0.72589059127,1.03860958267
25.855,0.529873694408,-2.61549880922
25.86,-0.0115224722841,-4.9781166664
25.865,-0.898213973356,-0.781783286226
25.87,-0.172961419507,-0.0865869993196
25.875,0.680285684427,-1.50427678903
25.88,0.542235612152,-2.52842287594
25.885,-0.688976471347,-0.269418504888
25.89,-1.09062604441,2.14830300965
25.895,0.0328550536172,1.42507008351
25.9,0.369951155392,-2.06683580741
25.905,0.640186127058,0.438680951636
25.91,1.27013087834,2.11383973839
25.915,0.512776569928,-2.19651952362
25.92,0.299516083693,-10.1015295569
25.925,1.04746090383,0.997771467899
25.93,0.124500411091,2.56161500684
25.935,-0.846705834284,-0.358276353005
25.94,-0.32228641491,-7.43425370904
25.945,0.0157311568707,-12.5966758595
25.95,0.504186878591,-4.95878737219
25.955,0.812865283686,1.10396133635
25.96,-0.723261659467,3.7655180041
25.965,-1.52032300634,4.01730346325
25.97,0.334656182156,3.04413165792
25.975,1.21456140702,1.95168122548
25.98,-0.184854266218,-0.278291641436
25.985,-0.433276740444,-6.54932525651
25.99,0.590770733638,-4.56523413009
25.995,0.288323391501,0.759593374886
26,-0.801186103011,2.38971995526
26.005,-1.34063845889,2.61323120592
26.01,-0.759737053708,0.659434195458
26.015,0.248873665972,-10.7505578217
26.02,-0.919978161466,2.23729830275
26.025,-2.35637249474,8.04535420862
26.03,-0.459719070048,9.35970831501
26.035,1.66561324696,7.36220829089
26.04,1.1039305432,0.97653543278
26.045,0.77728711556,0.626962623127
26.05,2.14258307317,6.67608476855
26.055,1.51573864236,8.30051290266
26.06,-1.38092533959,7.01337608213
26.065,-1.24000045168,4.45657436443
26.07,1.42106903955,4.73884123336
26.075,1.30717968547,5.94026397008
26.08,-0.951871864428,5.36693637018
26.085,-1.328655027,2.73082693369
26.09,0.179401628272,-1.57969992734
26.095,0.553909624313,-3.99395111284
26.1,-0.191319897302,-6.00805620774
26.105,-0.0939771702947,-16.4613622887
26.11,-0.0585776430603,-5.85138554635
26.115,-0.656323745466,-1.18234207048
26.12,-1.18468266294,1.50636512237
26.125,-1.31363781467,4.41171326379
26.13,0.0775328182349,6.00446427425
26.135,1.69185316732,5.63264005021
26.14,1.26509956526,3.58053101141
26.145,-0.0541675528672,0.858381103147
26.15,-0.798898734861,-0.956588746253
26.155,-0.664013525053,-1.81240642844
26.16,-0.0112676233687,-4.19733889671
26.165,-0.0362651220098,-7.32781056328
26.17,0.213882879441,1.2026508215
26.175,1.79134533591,5.83878411466
26.18,1.78684916411,6.85423480776
26.185,0.0119656228318,4.56205368429
26.19,-0.42347962262,-0.285644655194
26.195,-0.580392870561,0.432938793813
26.2,-1.12136806705,1.18884021758
26.205,-0.47641109874,-3.36292927398
26.21,0.0120227746059,-18.8527037616
26.215,-0.780301305268,-1.75992143491
26.22,-0.670139647093,1.12047346447
26.225,0.789039929041,0.279609568882
26.23,0.343108913773,-0.418625955504
26.235,-1.0909032299,0.8908310309
26.24,-0.198550394903,-0.994613818004
26.245,0.206539564221,-11.8859780615
26.25,-0.968196687137,0.0976457843045
26.255,0.267467812018,4.66306546994
26.26,1.82107789467,5.22459522889
26.265,-0.358231696635,4.40950760731
26.27,-1.65560509488,5.30565457008
26.275,0.817734588089,6.28841836676
26.28,1.7057908733,4.70528049385
26.285,0.424595924776,-1.48862229338
26.29,0.612367147479,-2.34140200958
26.295,0.107060539308,3.78993422546
26.3,-1.67583434769,5.25329345554
26.305,-0.965521603133,3.58380284014
26.31,0.394316784428,-2.22980090825
26.315,-0.00971377804465,-13.0503397065
26.32,0.376618071597,-1.99525549721
26.325,0.940745442908,-0.516717592494
26.33,0.349019670797,-4.19132563574
26.335,0.258312480404,-7.44234054816
26.34,0.143806896894,-3.19879773525
26.345,-0.357431231184,-2.87706773825
26.35,-0.615849345125,-2.42724695396
26.355,-1.11929461404,1.0268627927
26.36,-0.460184844792,2.93721787669
26.365,1.14498773864,2.67358381098
26.37,0.66639440606,1.0647498928
26.375,-0.878986977356,0.274685420872
26.38,-0.696798405479,1.71946345207
26.385,0.988165008992,3.66725304635
26.39,1.50397445866,4.33320829319
26.395,-0.359863478548,2.06321927534
26.4,-0.400899019552,-2.52235440745
26.405,1.51853231753,3.65973707096
26.41,0.247353311158,6.52808557302
26.415,-1.36852012756,4.68835728882
26.42,-1.02070413894,1.1474023082
26.425,-2.06871427832,6.37187601692
26.43,-1.71964986036,8.67189162597
26.435,0.992025381575,7.19800249079
26.44,1.22072627666,1.79170744784
26.445,-0.17340609428,-6.73259666593
26.45,-0.549297710972,-4.20147257726
26.455,-0.453516594346,0.657660224069
26.46,0.552062221332,4.59973937701
26.465,1.82436786278,5.89630679678
26.47,1.60018938954,4.61428765962
26.475,1.04129021026,2.92918776286
26.48,0.73103806521,4.39226111891
26.485,-0.440953829162,5.74458325228
26.49,-1.66903335134,5.86048790242
26.495,-1.80237696019,5.59385442158
26.5,-0.20101412063,4.89606832604
26.505,1.49364144554,3.70158740124
26.51,0.166304999583,3.43238054525
26.515,-1.53370026911,3.76872847204
26.52,-0.42965641728,2.81498575202
26.525,0.705765395434,-0.0784629876773
26.53,0.702148940976,-2.96529804963
26.535,0.796417188579,-1.28816383212
26.54,0.268330696669,0.290854812907
26.545,-0.610789864407,-1.14473082908
26.55,-0.299555744609,-10.4283774996
26.555,-0.0906337398332,-4.34225717133
26.56,-1.34527689848,2.98853114024
26.565,-0.941421946836,4.5270746759
26.57,1.09119552093,2.40764374899
26.575,0.000345195782953,1.66510423525
26.58,-1.87087715887,5.58756600563
26.585,-0.203767838049,7.10615211766
26.59,1.65641366938,5.83640119499
26.595,1.21707190236,2.12216773917
26.6,0.620933509885,-1.61621198995
26.605,0.322338080057,-0.375461731135
26.61,-0.723609736992,1.00575940005
26.615,-1.00431919492,0.72056938046
26.62,0.0232907438289,-2.17849019466
26.625,0.0809799633429,-11.3159534102
26.63,-0.042961628821,-2.05129304014
26.635,0.973046451498,2.753371313
26.64,1.63019130172,4.24540302775
26.645,1.43212277633,5.04934147123
26.65,0.444409877254,5.83049173204
26.655,-1.08465873942,5.56672383696
26.66,-1.37617935309,2.78972113361
26.665,0.149036921714,-6.15493776071
26.67,0.0570707883508,1.81895940784
26.675,-2.19223279312,7.0838262103
26.68,-1.24278030545,7.85125573624
26.685,1.19685102852,4.70356000826
26.69,0.318859674615,-8.29922390138
26.695,0.0528954459951,-0.650127686641
26.7,1.60488146021,4.5913974719
26.705,1.42314088537,5.19457564392
26.71,0.161649932333,4.06984221347
26.715,-0.648143557994,1.81002900827
26.72,-0.464051795151,-2.67221283733
26.725,-0.70133915042,3.08568316046
26.73,-2.50657457992,8.22460333466
26.735,-2.17476402402,9.83066727913
26.74,0.836943788237,8.9531713303
26.745,2.03885202184,6.29789443014
26.75,0.733297837205,2.99931467132
26.755,-0.738534910622,0.67104799261
26.76,-0.772912492055,-1.31885103529
26.765,-0.0567101552936,-8.48699990075
26.77,-0.515386007295,-5.51493729668
26.775,-0.448437178982,2.25684462207
26.78,1.07895746769,3.61826047672
26.785,0.946766638888,0.324731280751
26.79,-0.106997808829,-12.1264279799
26.795,0.27144244898,-8.03891079515
26.8,0.358537251996,-7.38141369653
26.805,-0.214051537217,-13.1832409595
26.81,0.0696680391666,-4.72258117774
26.815,0.782188342561,-0.746186251813
26.82,1.18408960979,1.59201776837
26.825,0.812433112259,3.1339282603
26.83,-0.49330746574,2.75776503198
26.835,-0.884422704471,-1.06554943698
26.84,0.161486051599,-9.96313001413
26.845,0.0734965198735,-4.61509765517
26.85,-0.653073224251,-3.52047929603
26.855,-0.0457092313565,-7.13745099342
26.86,0.328458603545,-9.21992320151
26.865,-0.00128605544282,-10.968622023
26.87,0.0505501285875,-14.3350587358
26.875,0.148968795758,-4.91739118626
26.88,-0.526462095805,1.76774404167
26.885,-1.93721507803,5.89276050495
26.89,-1.52088916212,7.58083079297
26.895,0.928306123951,6.79296932962
26.9,1.41160591668,2.99435353369
26.905,0.332979854903,-6.3824592471
26.91,0.52815008508,-5.29658549106
26.915,0.169516223591,-0.294141316707
26.92,-1.0306318883,0.555839044055
26.925,-0.124056310184,-1.00639833828
26.93,0.572618195701,-3.87293843439
26.935,-0.916933703717,-0.364884847654
26.94,-0.261846620963,3.66967761562
26.945,1.61079722355,4.65848030659
26.95,0.932214749891,2.80843236653
26.955,-0.0404263927572,-0.0801112548153
26.96,-0.754318202783,0.0991041696764
26.965,-0.71958783429,-0.291912643453
26.97,1.03096540234,0.710056528417
26.975,0.146168562093,4.70553201944
26.98,-2.01158657734,6.2802823649
26.985,-0.907944705748,4.59974015559
26.99,0.217959693297,-0.143812092666
26.995,0.443474691939,-0.105213518237
27,1.28130439016,2.30939421467
27.005,0.602185908855,1.11273320758
27.01,-0.297402755016,-5.78074703594
27.015,0.223586579812,-8.17460740347
27.02,-0.554754992866,1.85063823437
27.025,-1.83956496613,5.33831886117
27.03,-0.643539556754,6.07391934511
27.035,1.08962664997,4.53946842899
27.04,1.06051734204,0.550938781307
27.045,0.730046580803,-2.72903103907
27.05,1.16930681762,1.68614136301
27.055,0.622668438158,4.83437225931
27.06,-1.43696859092,5.65232002362
27.065,-1.28969324389,4.81929478671
27.07,1.1429156039,3.65793964419
27.075,0.763923925943,2.66994992379
27.08,-0.82453862727,-0.087286630437
27.085,-0.272571400646,-8.46120657232
27.09,-0.442946045047,-7.06834549819
27.095,-0.242808014438,2.21276172537
27.1,1.99608810654,6.6002218862
27.105,1.57621838677,8.23697388721
27.11,-1.09778199089,7.19761351456
27.115,-1.34823110165,2.64087597227
27.12,-0.44242411536,-7.02484880549
27.125,-0.840278544914,-0.452596270266
27.13,-1.32467628853,2.60407067238
27.135,-0.814292471823,2.36565833528
27.14,-0.0447542585788,-0.427709891183
27.145,0.0751900279811,-6.04681100204
27.15,-0.092880245188,-5.83897448146
27.155,0.0214115234687,-5.59003551585
27.16,-0.220509153913,-3.99210222566
27.165,0.106649642532,2.9174181387
27.17,1.41207591221,5.00107503814
27.175,1.32369315967,2.44734974422
27.18,1.10578053489,0.879424082971
27.185,1.73883460942,5.76080996731
27.19,0.240381255085,6.89085121277
27.195,-1.41786462807,4.30368885129
27.2,-0.569599274187,-1.85814157663
27.205,0.236756159301,-8.73352927313
27.21,0.407856862173,-7.6079608725
27.215,0.738110826095,-1.3740771179
27.22,0.099037302008,1.44199981059
27.225,-0.855086496795,0.648199087192
27.23,-0.519661807385,-4.9595933527
27.235,0.132608936205,-16.4392061207
27.24,-0.223119317191,-4.13467544746
27.245,-0.700506269851,-2.30648587407
27.25,-0.804601762866,-1.8717894711
27.255,-0.76709575371,-0.0804782368349
27.26,0.0730376758436,-0.49424380075
27.265,0.448019363201,-6.2482596048
27.27,0.0655512127295,-15.232921892
27.275,0.569518831525,-4.88878183949
27.28,-0.234688777445,-0.838177511938
27.285,-1.12554280329,2.30125862913
27.29,1.10210418771,4.0947036604
27.295,0.991412050121,5.32448692408
27.3,-1.87087636668,6.21926406561
27.305,-0.690851995897,5.44005908161
27.31,1.18811180133,1.72324707546
27.315,-0.487774273348,-0.912425819407
27.32,-0.84942181215,2.58754720303
27.325,0.772512688712,2.55721896787
27.33,0.726359152677,-2.48660376439
27.335,1.00125600773,0.805840071326
27.34,1.70917671992,6.08570537999
27.345,-0.661855426465,7.27141951564
27.35,-1.83236086271,5.52741079099
27.355,0.729949125167,2.31508055062
27.36,0.461480512367,1.96726693158
27.365,-1.38464261644,2.86761322496
27.37,-0.1316823401,1.89329630332
27.375,0.691354054906,-1.50053451813
27.38,1.00691130953,0.327074224976
27.385,1.35394284109,5.39690114205
27.39,-0.979548992162,6.99233225879
27.395,-1.69630931257,4.76214542144
27.4,-0.0597212382778,-5.20397925738
27.405,-0.638569742455,-3.87522841294
27.41,-0.261588864218,1.10776272751
27.415,0.841139815704,-1.49485814443
27.42,-0.9946273427,0.935535560355
27.425,-0.700802128488,6.76097737668
27.43,2.47813506437,9.13445096209
27.435,2.14612516109,9.23777441066
27.44,-0.836556868535,7.83088987156
27.445,-1.91210685741,5.66907217043
27.45,-0.7059277713,3.70568388959
27.455,1.1061970452,2.89363779748
27.46,0.993901685958,3.79618796361
27.465,-1.23297350112,5.0254736573
27.47,-1.43826867258,4.69161352685
27.475,0.493953143487,1.24912987836
27.48,0.187588596774,-6.0749603884
27.485,-1.06643930217,1.3459911608
27.49,0.385158667313,5.30302595006
27.495,1.8860934592,5.56971010109
27.5,0.508372381617,2.29163273376
27.505,-0.454453450753,-6.76436681601
27.51,0.563662235606,-3.78069728614
27.515,0.539134609234,-2.11434465731
27.52,-0.00604529098493,-9.54399209894
27.525,0.429677073463,-6.31462857046
27.53,0.406397475618,-0.334357256417
27.535,-0.228026329015,1.77420611419
27.54,-1.0968422864,3.40300032635
27.545,-1.44995319237,3.23716826104
27.55,-0.672631998895,-0.918426907605
27.555,-0.575968048214,-4.41657828244
27.56,-1.06163289536,2.05467228846
27.565,-0.416237254617,4.55247242147
27.57,0.886460775629,5.18769264153
27.575,1.71212324604,4.98383054447
27.58,1.25473250274,3.56656740347
27.585,0.190569732627,0.60856903565
27.59,-0.319758354033,-1.90507680508
27.595,-0.789441286485,-1.17905566245
27.6,-0.768637357057,-0.365525598067
27.605,0.234447289735,-1.8060400044
27.61,0.332943029572,-9.51180068109
27.615,-0.0571350054601,-8.28879095011
27.62,0.851466122246,-0.0918156574306
27.625,0.797371192803,0.754906058217
27.63,-0.419609677189,-4.54705888477
27.635,0.405236319006,-2.70136841252
27.64,1.4835779437,4.45360033779
27.645,-0.089032005469,7.18448791841
27.65,-2.14622266395,7.6875409124
27.655,-1.80231053183,6.4848499323
27.66,-0.00316944886356,3.33520894735
27.665,0.622662223258,-1.94164107539
27.67,0.596456502701,-4.45264121721
27.675,0.518466161579,-0.326757372819
27.68,-1.15160139961,4.15352833156
27.685,-1.83617839274,6.69171949357
27.69,0.624489743231,6.53780843946
27.695,1.30165872373,2.35816290161
27.7,-0.396503328916,-7.95149395634
27.705,0.885978618177,3.80202750626
27.71,2.11254501445,7.56082250835
27.715,-0.877913126242,8.01497847943
27.72,-1.97856466575,6.30375792179
27.725,0.410545670842,2.19369345714
27.73,0.240039773393,-8.09758334817
27.735,-0.419234667068,-0.698774472157
27.74,1.58801416158,5.19240486076
27.745,1.53961270139,6.81062273785
27.75,-0.611344964683,5.7147316737
27.755,-1.2846741387,3.2261032765
27.76,-1.3242711891,2.44425803812
27.765,-1.09110618851,2.51307372588
27.77,-0.6173450409,3.20831189315
27.775,0.589609417732,5.52923416618
27.78,2.02878022881,6.18286640854
27.785,0.149662551836,4.00453234225
27.79,-1.25762501782,2.89820981915
27.795,1.12478778294,4.7376344166
27.8,1.08815151821,2.82699601115
27.805,-0.409869817956,-7.41761830943
27.81,0.927077956122,1.18894777505
27.815,1.41113200527,4.2912358423
27.82,0.460749948909,3.25588276273
27.825,-0.0599507859662,3.66504590441
27.83,-1.12335745657,5.04768199297
27.835,-1.44567703771,3.26293279698
27.84,-0.698275394688,-2.91559668214
27.845,-0.905541442575,-0.649685429533
27.85,-1.46722907891,3.97617968702
27.855,-0.568613770458,5.53582947455
27.86,1.19873165005,4.98027839869
27.865,1.22708634532,2.5224070677
27.87,-0.232191303106,-1.22657493151
27.875,-0.470709829823,-6.52882832371
27.88,-0.180304283294,-14.135050571
27.885,-0.805275881151,-1.87797048462
27.89,-0.789725918912,2.65378356621
27.895,0.526976020191,3.85301822767
27.9,1.2792770741,2.64976520906
27.905,0.910924649687,-0.223333768409
27.91,0.444860795418,-2.74125519024
27.915,-0.0581798326242,-6.09203666335
27.92,-0.0348731492864,-29.1499578282
27.925,0.408844472325,-5.344774094
27.93,-0.445333155406,-0.143916417524
27.935,-1.16359954792,1.7224601796
27.94,0.186495293553,2.26798866211
27.945,1.2025470404,1.66152618287
27.95,0.519068260317,-0.849114101399
27.955,0.0963437524572,-4.34585027126
27.96,-0.109159439116,-0.477718569693
27.965,-1.26546407502,3.43741625303
27.97,-1.50927794886,4.81644745797
27.975,0.0503091696073,4.12762486637
27.98,1.06617831998,1.99276125153
27.985,1.00337914851,0.365763681428
27.99,0.348785094591,0.902439468755
27.995,-1.00883412817,1.951052297
28,-0.959047331297,2.23508236021
28.005,0.522012587566,0.848969748012
28.01,0.704296908309,-3.03902251942
28.015,0.430391163691,-5.65508619674
28.02,-0.0313270788293,-1.79061275099
28.025,-1.25382211055,1.96721854163
28.03,-0.159044722808,4.42648966156
28.035,1.57335152849,4.31428629765
28.04,0.608036862417,-0.254534374505
28.045,0.297339342364,-9.18180964733
28.05,0.485303965161,-0.804171376897
28.055,-0.516714009993,-2.54185611891
28.06,0.35589569256,-6.94494880083
28.065,0.73511707068,4.45131408437
28.07,-1.92126472857,8.10313807003
28.075,-2.24149235005,8.53067337097
28.08,0.738973514801,6.79530388666
28.085,1.44617633268,3.50590265454
28.09,-0.405204165052,0.0757971165364
28.095,-0.693880563007,-1.57679550379
28.1,0.292368933693,-2.20166908927
28.105,0.896135513269,-0.591711987335
28.11,1.22169258608,3.88919030657
28.115,-0.627949871441,7.25563525831
28.12,-2.561947822,8.18603371121
28.125,-0.800078162389,6.1275397017
28.13,0.540079992018,-0.699064500124
28.135,0.0764339819081,-5.77698623679
28.14,0.799336890062,-0.325642698935
28.145,0.554613729293,-1.86965304397
28.15,-0.412867875096,-7.63199688241
28.155,0.518727728556,-2.11121598263
28.16,1.04714083978,1.96078531623
28.165,-0.286318990846,3.39467107141
28.17,-1.35839793056,3.09603934142
28.175,-0.837385253677,0.458174264762
28.18,-0.16458803475,-7.80059023852
28.185,-0.608210132883,-3.67487694662
28.19,-0.447502847318,0.835210589561
28.195,0.219041811859,-1.21959581977
28.2,-0.0672139297408,-0.534859831637
28.205,1.07199027868,6.5574926883
28.21,2.92834594644,9.33458894811
28.215,1.24372578388,8.93924866689
28.22,-1.38990935098,5.67713320516
28.225,-0.647673199907,0.670067594349
28.23,1.04577126,0.859280013099
28.235,0.759299541135,1.73744204173
28.24,-0.0511883581254,-0.315175106309
28.245,-0.13130373042,0.0421434659932
28.25,-1.16487407757,5.24249860134
28.255,-2.58623683059,8.30251926344
28.26,-0.962630170574,9.12766878714
28.265,1.82113148879,8.06892207354
28.27,1.75797390966,5.23694175308
28.275,0.672213515118,1.72903439336
28.28,0.0709847482318,1.40590158618
28.285,-0.817566820037,1.5256431627
28.29,-0.858106294683,-1.32616338552
28.295,-0.67463452223,-3.24450405506
28.3,-0.660123401828,0.116440198395
28.305,0.463467154283,0.446594770536
28.31,0.581877578031,-4.56556711531
28.315,0.0804265160865,-11.7122734299
28.32,1.22754437415,1.79171722578
28.325,0.592388175306,5.88897670756
28.33,-1.70921929533,6.39407034661
28.335,-1.23026191758,3.21101163412
28.34,-0.181093440904,-7.37119573236
28.345,-0.732535525127,-1.94300058377
28.35,-0.28146547054,1.55391475145
28.355,0.610598553208,0.381506597209
28.36,0.872828687727,-0.586437396652
28.365,1.03166493205,1.3803995434
28.37,-0.222624005368,2.78960902057
28.375,-1.34104760689,2.61726206453
28.38,-0.601076587731,-0.402324785327
28.385,-0.425082170018,-3.04123337607
28.39,-0.346646496743,2.92618473953
28.395,1.13304640786,5.54445401778
28.4,1.76320135832,4.92629846457
28.405,0.7473809515,0.936704581158
28.41,0.15834508636,-10.3651851622
28.415,0.684269509803,-3.21273605211
28.42,0.63008421347,0.176701184327
28.425,-0.0440447222884,-2.28984296876
28.43,-0.0154784399686,-6.60948942837
28.435,-0.131078942184,-4.63857613549
28.44,-0.14420071643,-10.1262775644
28.445,0.188424650881,-2.71672496858
28.45,-0.786608181731,3.10270324546
28.455,-1.53762246434,3.74415654505
28.46,-0.817504195649,0.946801691326
28.465,-0.326114238833,-2.6713436821
28.47,-0.139587935045,-2.77017663357
28.475,0.274383730155,-1.23704741821
28.48,1.07544202661,1.41480759035
28.485,1.14277369619,3.63745892985
28.49,-0.637549467139,4.37416598503
28.495,-1.35880342721,2.66357404529
28.5,-0.469137695385,-3.04370304452
28.505,-0.439320832013,-5.15412797003
28.51,-0.22841851429,-2.94449257835
28.515,0.0182548869534,-7.62262463211
28.52,-0.159692810544,-3.06817057694
28.525,0.583299341836,0.154583668078
28.53,0.671308587254,-3.30377195576
28.535,0.547141271055,-3.78187564013
28.54,1.29872105201,2.42411146876
28.545,0.281091915256,3.49111888792
28.55,-1.06469179247,1.12334379941
28.555,-0.119335349849,-2.28956528885
28.56,0.849442040059,-1.33539306848
28.565,-0.0707722857928,1.15732630391
28.57,-1.38007487593,2.82631427465
28.575,-0.225718135301,3.55454539975
28.58,1.4492501481,3.3085048515
28.585,0.0426548049011,2.22377849651
28.59,-1.18282195834,1.55911441622
28.595,0.204233077071,2.19017240836
28.6,1.37638757669,2.86827019082
28.605,0.82992756512,2.9506320677
28.61,-0.53079840014,1.83511651465
28.615,-0.824008089892,-1.65785281429
28.62,0.0979247774239,-7.63470784955
28.625,0.412571967773,-5.22960328397
28.63,-0.293599359789,-1.74121300364
28.635,-0.875148762125,-1.06843251144
28.64,-0.367738045806,-4.07412650573
28.645,0.0387230969028,-17.1299611294
28.65,-0.216091549143,-11.1428074435
28.655,0.341294166928,-7.64358466575
28.66,0.0535414483062,-1.55031037555
28.665,-1.50831301363,3.60088605785
28.67,-0.519735872329,5.51063411125
28.675,1.51497158784,4.66125074506
28.68,0.616544090142,1.08588269149
28.685,-0.553614805431,-4.95644803205
28.69,0.417743029605,-4.17895378911
28.695,0.616407731928,0.104628626052
28.7,-0.877446875668,2.30557582484
28.705,-1.20060502425,2.20208248096
28.71,-0.219963477431,-1.34275133088
28.715,-0.204506876973,-5.41148965208
28.72,-0.0543320752091,0.74281883176
28.725,0.889064517592,1.56233680788
28.73,0.598145952467,-3.6844253991
28.735,1.2125164556,3.23649862316
28.74,2.27253345804,8.11782726038
28.745,-0.574961223276,8.55971910707
28.75,-1.89749210609,5.88020257398
28.755,1.14577576975,4.32785902793
28.76,1.13196049395,5.88902705785
28.765,-1.26301486384,5.5027564148
28.77,-1.35956787949,2.98207175075
28.775,-0.349986892306,-0.169629219728
28.78,0.345695891223,-4.04156016173
28.785,0.139052424334,-13.505883787
28.79,0.445793848538,-1.41455265553
28.795,1.75173905087,4.94551226183
28.8,0.519328717119,7.30994571486
28.805,-1.75840780395,6.5732229714
28.81,-1.07734850422,2.05497361123
28.815,-0.00151595181457,-12.171275028
28.82,-0.307926679731,-9.25847959492
28.825,-0.46256912069,-6.56076121807
28.83,-0.955098063672,-0.275316257055
28.835,-0.546747308903,3.52218011662
28.84,1.20687202636,3.38498943333
28.845,0.469977417841,0.281791979375
28.85,-0.851441033726,-1.37010559519
28.855,0.259752608128,-2.42066232155
28.86,0.255760085636,-9.88327263534
28.865,-0.0903786601837,-12.6727861233
28.87,0.343417787724,-8.26715383392
28.875,-0.718752559161,-2.14000366172
28.88,-0.45702842893,1.5921979916
28.885,0.792976208815,-0.02439521633
28.89,0.212832709406,-13.021488262
28.895,0.654472176165,-0.412057573214
28.9,1.36015661227,3.34892442122
28.905,-0.278866407226,2.28943652153
28.91,-0.837899346298,-0.658951698955
28.915,0.68843683438,0.0372956770159
28.92,0.873847376345,0.289602154741
28.925,-0.0661337802077,-3.59915732657
28.93,-0.0512183008467,-24.2497638192
28.935,0.503306620318,-5.44592512225
28.94,0.415707625992,0.204001308278
28.945,-0.529125908142,2.28803766279
28.95,-1.20307530492,2.02867356733
28.955,-0.880204651684,0.0333025194774
28.96,-0.114924898214,-2.68305136265
28.965,0.55680660158,-4.7608494078
28.97,0.0849343936986,-2.36030068516
28.975,-0.842354283728,-1.03320176909
28.98,-0.302486068478,-7.07968731227
28.985,-0.356376120159,-5.60880772725
28.99,-1.34417905569,2.8761138236
28.995,-0.26218416964,3.82093849333
29,0.689108330831,-0.844999715278
29.005,0.123122395906,-11.2066688944
29.01,0.38301218214,-4.2645320603
29.015,0.334040027397,-9.45728930577
29.02,0.202715420632,-6.25611130285
29.025,1.0093385332,0.10875811793
29.03,0.256981542103,0.289057372222
29.035,-0.861380425013,-1.2816665225
29.04,0.0932647082756,-0.491674344996
29.045,0.878775215257,-0.858603415289
29.05,0.610238760803,-3.76725378012
29.055,0.75593514236,-1.2857535102
29.06,0.343652312825,2.22913454584
29.065,-0.903596614129,2.17036066588
29.07,-0.690671739389,-2.92713181909
29.075,-0.274744317696,-9.93563817767
29.08,-1.02513134682,0.473370620417
29.085,-0.0349931831521,3.03238932289
29.09,1.20542914894,1.88929530426
29.095,0.341411936158,-3.92540187498
29.1,0.225372152147,-12.6610228146
29.105,0.415357945024,-2.0906687997
29.11,-0.645207698074,0.0476393219726
29.115,-0.841443806931,-0.645345750681
29.12,0.177725882539,-1.95720853521
29.125,0.76112825216,-2.36841048017
29.13,0.301448528048,-2.77644067248
29.135,-0.254337663162,-5.352631805
29.14,-0.184014597917,-9.45108545395
29.145,-0.426721852744,-3.31519449565
29.15,-1.12169378308,1.00084420535
29.155,-0.657250438023,2.42242673094
29.16,0.809717095916,1.66833185487
29.165,0.784045321875,-0.0208440479461
29.17,-0.666244591863,0.311923652051
29.175,-1.18286097599,2.32875072583
29.18,0.000104599432076,4.28373620619
29.185,1.70793985416,5.40597372569
29.19,1.14847378405,4.92377197635
29.195,-0.8536247224,2.21258394148
29.2,-0.420656283337,-2.89939882868
29.205,0.572859441909,-4.78303929158
29.21,-0.175848783875,-3.48754594513
29.215,-0.512500773986,-5.64787079455
29.22,-0.414095397992,-7.65302624706
29.225,-0.619331822041,-3.30756994283
29.23,-0.399721251363,-1.11740998379
29.235,0.0395114416146,0.847100026312
29.24,1.01885455925,4.13295879984
29.245,2.01202260601,6.07324430742
29.25,0.971677576766,5.08835999161
29.255,-0.19339211365,-1.33703797386
29.26,0.520862230332,-1.64370470767
29.265,-0.214216029242,5.62902949032
29.27,-2.01657327123,6.85717149854
29.275,-1.36022373293,4.12760749715
29.28,-0.359591180582,-2.05652718651
29.285,-0.281370021105,-3.51567569433
29.29,0.125017788138,-5.05470831918
29.295,0.146990150065,-15.1800146687
29.3,-0.228977554699,-11.5424180807
29.305,-1.04149693176,0.581352365255
29.31,-0.796100175981,6.61377425014
29.315,1.64200327662,8.85823822411
29.32,2.545383998,8.11644178271
29.325,1.64076584022,6.07997996424
29.33,0.693949814435,6.23211137636
29.335,-1.33629119288,5.92639550672
29.34,-1.02369653504,3.96717561421
29.345,1.87604819926,5.96963035194
29.35,1.1509802239,8.11276515632
29.355,-1.45365264745,7.18272058789
29.36,-1.4018220911,2.93841995169
29.365,-0.573379001718,-4.14137678486
29.37,-0.512858254566,-5.69616652719
29.375,-0.490799300138,-4.80917928883
29.38,-0.0930145961411,-10.5808527107
29.385,-0.312204785199,-8.50985917421
29.39,-0.936835830953,0.377649208733
29.395,0.182284240046,2.08736226712
29.4,1.08867388271,0.755195076837
29.405,-0.104053899893,0.260108130017
29.41,-1.10790339624,1.27843803437
29.415,-1.18573070296,2.47803725994
29.42,-0.623918446798,3.05304744877
29.425,-0.0817858485065,2.60202545913
29.43,0.416422109454,5.27840203558
29.435,2.07098692762,8.02352929331
29.44,2.18702930147,7.33037518169
29.445,0.315963189972,0.695007591479
29.45,0.606089291699,-4.27838023793
29.455,1.20150974597,3.85689240234
29.46,-0.216968060338,2.93648444856
29.465,-0.334648117664,-7.71015621573
29.47,0.327389580671,-2.40964767507
29.475,-0.735495945172,2.40801499387
29.48,-1.17634216721,1.7303343484
29.485,0.324014094816,-0.644343545834
29.49,0.946959127506,1.10216739483
29.495,-0.530988269573,3.03623393418
29.5,-1.17727816641,1.41991412294
29.505,-0.104184657453,-9.8224089558
29.51,-0.56995572963,-2.01582154867
29.515,-1.44665835077,4.23631704226
29.52,0.350630683911,5.43859556964
29.525,1.64021642658,4.31982422227
29.53,0.526391805155,2.5037214421
29.535,-0.735136854577,2.13878840077
29.54,-1.55782489137,3.85647275271
29.545,-0.665019835094,4.9362959402
29.55,1.10951287881,3.43687072559
29.555,0.674951099309,-2.63634296698
29.56,0.387025034455,-8.24230537587
29.565,0.523971305086,-0.0910411945222
29.57,-1.16005618056,2.60657328738
29.575,-0.565779650591,3.44841976139
29.58,1.36903267122,2.96848761684
29.585,0.0653621403913,0.210094748666
29.59,-0.400386572012,-6.39689616843
29.595,0.715986137547,-2.75835939462
29.6,-0.0685997605369,0.682871883743
29.605,-0.809784080449,0.462450106216
29.61,-1.38049032747,3.10929999778
29.615,-1.76959427003,6.35403418042
29.62,-0.173641331773,6.12665111378
29.625,0.572450894875,2.02547454557
29.63,0.602650622304,3.72697162137
29.635,2.19976352133,7.58887889376
29.64,1.92654012134,7.54271153449
29.645,-0.269787090682,3.67743522425
29.65,-0.478253071658,-6.37799005955
29.655,0.226257097962,-12.7589144586
29.66,-0.134222341958,-11.7958942917
29.665,0.00429752393994,-4.73027846087
29.67,1.3518980294,2.87316259472
29.675,1.23812572424,5.91201604701
29.68,-0.854547300776,5.40339467009
29.685,-0.969114066581,0.036562377307
29.69,0.580928592659,-4.71738641955
29.695,-0.166290862178,1.39946524593
29.7,-0.821329699595,-1.52781082132
29.705,0.145221571832,-9.18767955421
29.71,-0.874189185716,3.49528966062
29.715,-1.73296844916,4.85656518608
29.72,-0.540668596346,0.369868985541
29.725,-0.329793995981,-6.66399484477
29.73,-0.404656551539,-3.81044503881
29.735,-0.240661064384,-7.00666721308
29.74,-0.45521099463,-3.15148585589
29.745,-0.111967481888,-1.75204866258
29.75,0.127474054964,-4.55930522609
29.755,0.0360962938878,-7.10323606913
29.76,-0.278283657078,-3.04115705449
29.765,0.155725413203,4.09386074865
29.77,1.78173480986,6.58931785034
29.775,1.6273581836,4.57447807519
29.78,0.859441065963,-0.388746735056
29.785,1.22580142045,3.61733603642
29.79,-0.0947419027025,4.82265654024
29.795,-1.08980559547,1.00717779664
29.8,0.057966287713,-8.58701651982
29.805,0.0982781777651,-9.34612121429
29.81,-0.172895241618,-13.366563014
29.815,0.528264155817,-5.44156540576
29.82,0.371604387253,-2.73895025265
29.825,-0.131159964253,-4.13977023992
29.83,-0.38356343295,-4.5721651324
29.835,-0.539206172805,-5.30687540541
29.84,0.164239498712,-8.29578120934
29.845,0.394264596587,-4.05192733156
29.85,-0.479502925525,-2.57852115108
29.855,-0.363100937245,-7.63259339651
29.86,0.187704862581,-12.7013090268
29.865,-0.307840766074,-5.87073989666
29.87,-0.194098925458,-13.1521108587
29.875,0.271323564631,-4.49806012324
29.88,-0.839327660258,2.76954673512
29.885,-1.62804979794,4.25639740194
29.89,-0.791063085412,2.09658890509
29.895,-0.15482553368,-3.59344856022
29.9,-0.34829856321,-5.83063070464
29.905,-0.492980952705,-1.27153286266
29.91,-0.128073600224,-0.0781939443454
29.915,0.139897457151,-0.523520025935
29.92,0.499423699227,1.16665053289
29.925,1.02680616048,1.05728177624
29.93,0.374651952799,-8.02647187337
29.935,-0.0295281336386,-1.51340767
29.94,1.43811244043,5.7279887562
29.945,2.41619941898,7.75187079533
29.95,1.23929693409,7.07104868004
29.955,-0.285170582017,3.29641485139
29.96,-0.117520263697,-4.86974352223
29.965,-0.0388105963297,0.932918692868
29.97,-1.2106952734,2.78052713343
29.975,-0.427614857961,-0.790199817278
29.98,0.864749963658,-0.683373842002
29.985,-0.639752069596,2.6291657885
29.99,-0.996023595506,1.03299083567
29.995,0.758042700349,-1.58913373495
30,0.160665760703,3.22174494051
30.005,-1.71437350475,5.52771947458
30.01,-1.43581337452,4.94979759516
30.015,-0.00382171115098,1.65652538582
30.02,0.298243673615,-5.42277894159
30.025,0.196224101854,-5.96454324311
30.03,0.70847904124,-2.96249360293
30.035,-0.144058340414,-2.10169854779
30.04,-0.993061914717,1.4313338932
30.045,1.04846052586,4.50418989383
30.05,1.54483830829,5.79337082687
30.055,-0.917805892961,5.26942770701
30.06,-1.24528527129,1.99327332537
30.065,-0.697164499653,-2.44641203815
30.07,-1.05312272061,3.47994982007
30.075,0.662719121126,6.55641580427
30.08,2.09016263932,6.40743998929
30.085,0.0651129445026,4.00026066294
30.09,-1.18391391922,1.66278357682
30.095,0.512551968696,1.17183982867
30.1,0.735586682573,-0.525183602266
30.105,-0.821062379878,-1.11693414653
30.11,-0.283243948546,1.71140612491
30.115,1.01325551711,2.16333006911
30.12,1.0948976089,0.792085840698
30.125,1.22886447635,2.47677352608
30.13,0.569323249676,4.29644638854
30.135,-0.975114665165,3.29097991761
30.14,-0.766583397732,-0.687240206691
30.145,0.683809128268,-2.01246168023
30.15,0.602470435602,0.66277208798
30.155,-0.514692248225,0.216506165022
30.16,-0.511085153059,-5.81243633538
30.165,0.1671098864,-10.4535400797
30.17,-0.36569724699,1.13604878183
30.175,-1.5945694927,4.38871248828
30.18,-1.21504708644,3.87784947909
30.185,-0.0931718711263,-0.85856067892
30.19,-0.206921887609,-6.89517926943
30.195,-0.347614789824,-0.545032436394
30.2,0.394908203708,2.54004585466
30.205,1.52688514052,4.52364050609
30.21,1.50856319447,5.57298908989
30.215,-0.79419573825,5.51417743577
30.22,-1.67990892003,5.23801833933
30.225,0.636677934472,5.08553373475
30.23,1.50083404261,3.68556182289
30.235,0.0659817676371,-1.05169390981
30.24,-0.0383220298708,-25.3707162324
30.245,0.663104642279,-1.81542636818
30.25,-0.315361678265,2.7391975872
30.255,-1.53343862258,3.81150113409
30.26,-0.633740375831,2.64902370643
30.265,0.677237390233,-0.900990458064
30.27,0.209354329997,-8.74881559037
30.275,-0.144710413494,-9.51801210753
30.28,0.808970985914,-1.68762456119
30.285,0.283913214696,2.05651786883
30.29,-1.46615655122,3.77825676704
30.295,-0.660476292992,3.94635665171
30.3,1.17181966652,2.81042352146
30.305,0.716743703833,0.515347269289
30.31,-0.347710099053,-3.14261279913
30.315,-0.33420121473,-9.4017013417
30.32,0.179342637979,-14.8164957537
30.325,0.0905474524883,-2.90608529284
30.33,-1.08637293602,2.52860838979
30.335,-1.68416572495,5.12592311105
30.34,-0.536737292415,6.09065993888
30.345,1.21134302591,5.93448045467
30.35,1.66839808015,4.46748891095
30.355,0.457708059167,1.06874319687
30.36,-0.450827839302,-4.5860211532
30.365,-0.210320043881,-9.05470567844
30.37,0.225772438042,-8.63527947318
30.375,0.369677330853,-8.63500011003
30.38,0.117003072411,-13.5117432538
30.385,0.0370287790256,-22.9919837161
30.39,0.258004294256,-11.1858460629
30.395,0.433182044827,-7.25576038692
30.4,0.555095617987,-2.45386067739
30.405,-0.267559651604,-0.400081372582
30.41,-0.819270854672,-1.65324593452
30.415,0.221428192286,-3.89563915549
30.42,0.55992760053,-4.35449499972
30.425,0.211093361908,-5.46788925244
30.43,-0.0623339095749,-1.26902463239
30.435,-1.21651564885,2.48503375863
30.44,-0.817742555018,3.41857928058
30.445,1.34585544537,3.53653868741
30.45,0.535834784017,5.04857343529
30.455,-1.87398247219,6.07435833607
30.46,-0.939287454633,4.47460945727
30.465,0.442646721021,-2.37792874106
30.47,-0.20768176449,-9.45851799678
30.475,0.371975132375,-0.214280706605
30.48,0.951176819377,-0.198043074177
30.485,-0.380810729629,-3.41996066775
30.49,-0.355495840122,-0.36781442341
30.495,1.26071802763,3.03740888898
30.5,1.10253487763,3.86480393363
30.505,-0.634381272209,2.82213050545
30.51,-1.0538246026,0.987547638576
30.515,0.484568374806,1.20995440226
30.52,1.40728994257,3.51309532701
30.525,-0.0884651892026,4.60933203268
30.53,-1.31315382115,2.96135519126
30.535,-0.561314993041,-3.72844693187
30.54,-0.47479763998,-6.12083430832
30.545,-1.00291147632,1.00704110461
30.55,0.016084040801,2.41082821105
30.555,1.05278729855,0.758052901063
30.56,0.126262961816,-2.70276238298
30.565,-0.610638720042,-3.95437248966
30.57,0.312181061988,-4.95603649147
30.575,0.0817706795443,-6.6986970584
30.58,-0.81193830187,-1.43542880446
30.585,0.00267466368466,0.808689907166
30.59,0.743438674012,0.576997308783
30.595,1.42653084074,3.33475048022
30.6,1.52427544184,6.43902226409
30.605,-0.963638062341,6.92765343795
30.61,-1.58196057782,4.50507626358
30.615,0.586286906962,-0.697186065257
30.62,-0.0904107159697,-1.0065452682
30.625,-1.17701353289,2.55936755737
30.63,0.991571905517,4.64089543244
30.635,1.60440751196,5.75115988608
30.64,-0.822476707731,5.82783384298
30.645,-1.66993958667,4.55287188996
30.65,-0.297752547781,1.5648447762
30.655,0.43520815616,-3.38574946937
30.66,0.415706821126,-7.10781282228
30.665,0.41798087379,-6.15032444856
30.67,-0.239913414314,-5.27021225332
30.675,-0.509088350317,-4.830191162
30.68,0.178640189687,-6.42138461566
30.685,0.221043278446,-12.9301420366
30.69,-0.0566312682116,-24.938224752
30.695,-0.0734881045383,-13.2683502646
30.7,0.23192849498,-5.69213732105
30.705,0.794800255144,-1.99480546286
30.71,0.237871640778,-2.78346055865
30.715,-0.217919408315,-11.9747689795
30.72,0.33793400503,-8.43194057532
30.725,-0.213808676749,-1.9700834658
30.73,-0.852778754041,-1.35483931585
30.735,0.0250444079427,-3.17207784437
30.74,0.602230746491,-4.25787826027
30.745,-0.124372502087,-3.04931930764
30.75,-0.793067300427,-1.98870225499
30.755,-0.3267455843,-2.19018221169
30.76,0.440930490007,-3.84491629886
30.765,0.407313953783,-6.90596036152
30.77,-0.13655089021,-10.0436412359
30.775,-0.318267031017,-8.29546825681
30.78,0.16154005899,-4.57242812101
30.785,0.760059941642,-1.96750752659
30.79,0.785412942978,-0.597754776527
30.795,0.189448046385,-0.67152879001
30.8,-0.299698353698,-2.13144273367
30.805,-0.488663314361,-2.57577074392
30.81,-0.822655585629,-1.04479084896
30.815,-0.83771629498,-1.11446884581
30.82,-0.345592633144,-4.88583600202
30.825,-0.353112251746,-8.13779696065
30.83,-0.696543692715,-0.486254366121
30.835,0.156337036847,2.86158936596
30.84,1.36645680115,3.15541323663
30.845,0.587817264712,1.38600387074
30.85,-0.848154035085,-0.314377920527
30.855,-0.536025040169,-0.940557778738
30.86,0.127827650471,-3.09002692811
30.865,0.314803048021,-0.961266410036
30.87,1.39528315467,3.79426264121
30.875,1.47098916998,5.18536569973
30.88,-0.378702915553,2.87507642189
30.885,-0.576448219663,-4.24122832042
30.89,0.595607308118,-4.0738394573
30.895,0.589967078525,-1.29371595682
30.9,0.331890475493,0.361067592399
30.905,-0.371765714669,4.69485589241
30.91,-2.08973587861,7.58173820453
30.915,-2.37511082831,8.23532686378
30.92,-0.723996221459,7.09731757122
30.925,0.664044047666,5.48356302038
30.93,1.57535835063,5.11092241839
30.935,1.51802866417,4.67638101785
30.94,-0.290019279228,2.66419029292
30.945,-0.952430083444,-0.0446556883754
30.95,0.389267564171,-1.08214327941
30.955,0.734919242513,-2.29329645215
30.96,0.192692014474,-4.99977499782
30.965,-0.113126138862,-3.9920544361
30.97,-0.862095518381,-0.369402439437
30.975,-0.932667161893,1.71454632555
30.98,0.368655918485,2.14344098536
30.985,1.11601804319,1.01080548003
30.99,0.278045130065,-2.04952931025
30.995,-0.566783293802,-4.91700307263
31,0.326417864871,-0.755729072201
31.005,1.17951556522,1.44402646411
31.01,0.623501299242,0.402225459812
31.015,0.171573253066,-0.233815463392
31.02,-0.556516219627,1.32418256677
31.025,-0.993022243782,-0.0338075063671
31.03,-0.233839908177,-7.86319444544
31.035,-0.165125504121,-14.7857204411
31.04,-0.256919908791,-10.0184225707
31.045,0.0956893767458,-19.1140332974
31.05,-0.14117577967,-13.1729781228
31.055,-0.128023668793,-17.4618775189
31.06,-0.0513310171103,-11.3077401732
31.065,-0.681396327323,-2.78158479797
31.07,-0.700593233425,-0.423387392361
31.075,0.320471900521,-1.9562655811
31.08,0.314772807863,-6.80012598103
31.085,-0.858059056966,-1.31987867107
31.09,-0.280653519466,2.82351995147
31.095,1.29579405319,3.39910194075
31.1,0.855681442965,1.35269245976
31.105,-0.282543214502,-2.49534350322
31.11,-0.488677571297,-6.00191365175
31.115,-0.465725326478,-5.5608810127
31.12,-0.167303631666,-3.47198532437
31.125,0.449617774634,-2.71320556949
31.13,0.626342984472,-3.97619744806
31.135,-0.10111756821,-7.32532981436
31.14,-0.540839002826,-2.32655868519
31.145,0.762504428215,3.16585319879
31.15,1.84813677783,5.43227448542
31.155,0.475965960678,5.02711926249
31.16,-1.01884667672,1.77402985209
31.165,-0.278702470896,-4.01309726063
31.17,0.635695344711,-3.92236023524
31.175,0.431570918471,-2.83248834312
31.18,0.209214736145,-0.238182310107
31.185,-0.789633994012,3.77510599461
31.19,-1.79349665947,5.07403247955
31.195,-0.546944053438,2.66868497459
31.2,0.334916895113,-8.43222723019
31.205,-0.848659832531,-1.41279119949
31.21,-0.376987146484,4.94722888289
31.215,1.86363202237,6.95282219589
31.22,1.90220826024,6.99481085486
31.225,0.00218114447017,6.00545235103
31.23,-1.38136146613,4.91055082035
31.235,-1.51838380312,3.91873687028
31.24,-0.282722124308,1.93509634947
31.245,0.795290026469,-1.38255242216
31.25,0.114339430723,-0.770725299815
31.255,-1.40253877723,3.39097487757
31.26,-1.37701259761,5.93318159399
31.265,0.552107803333,5.7640173093
31.27,1.04552092544,1.10913998171
31.275,0.421532383522,-2.41607400228
31.28,1.75685205394,5.51302015403
31.285,1.6534818318,7.18787544408
31.29,-0.854373663057,4.2869764478
31.295,-0.307076064604,-1.0956778642
31.3,1.63549911692,4.38184475061
31.305,0.331953120535,6.80389151224
31.31,-1.50066563449,5.80696802084
31.315,-1.24870261937,1.97674055674
31.32,-0.624900429325,-3.71511252375
31.325,-0.909427352033,-0.732610371927
31.33,-0.928192560991,3.08118824881
31.335,0.448359834163,3.55615724197
31.34,1.01503722972,0.195631752057
31.345,0.049983692837,-12.6738100105
31.35,0.151253687002,-6.0670657617
31.355,0.824944663062,-1.542847867
31.36,0.788471845691,0.0809371772094
31.365,-0.0703831348188,2.32887735276
31.37,-1.50732304713,3.76918834422
31.375,-0.212057601648,4.28226965361
31.38,1.99619189788,6.06799392958
31.385,-0.415302894588,8.36971845571
31.39,-2.84098943688,9.07850459989
31.395,-1.127251172,7.81083658758
31.4,0.7144514364,5.86829920401
31.405,1.78938827339,5.79852978382
31.41,1.52489438752,5.92824709926
31.415,-0.800644717826,4.44119984712
31.42,-1.01347047501,1.5241079475
31.425,0.60087666766,-2.22690786534
31.43,-0.0902971612842,-3.24926056365
31.435,-1.05041891496,1.65888283125
31.44,0.671426470807,5.11085531253
31.445,2.04703624372,6.23613298711
31.45,0.662059144327,5.21538262721
31.455,-0.804027967945,2.21382712316
31.46,-0.769601723372,-2.22291627207
31.465,0.0139392219568,-7.49580430648
31.47,0.432717412499,-4.98801040695
31.475,-0.577273553971,-0.883709312364
31.48,-0.744743739752,-1.23172190572
31.485,0.152247740849,-7.76122875848
31.49,-0.162475117806,-14.1518788854
31.495,0.351175969332,-3.51625912614
31.5,0.746935639494,-0.437254811733
31.505,-0.683311000655,0.128529837309
31.51,-0.586813391939,-2.18973114213
31.515,0.151232578256,-9.82021702372
31.52,0.00322693840565,-14.153787484
31.525,0.433707265386,-7.06036725761
31.53,0.00739983173563,-5.37135482444
31.535,-0.424065224824,-6.73715302115
31.54,0.531619712505,-5.45830576605
31.545,-0.343815899591,1.68213490037
31.55,-1.85139273683,5.44465643803
31.555,-0.374718845763,6.06672770667
31.56,1.12219017295,3.79457986129
31.565,1.08228548872,1.02125006555
31.57,1.33647596281,2.82736110097
31.575,0.368513834624,3.15354147491
31.58,-0.843363711976,-0.471696091478
31.585,0.00773657461254,-6.2951002797
31.59,0.53134243994,-4.99735094106
31.595,0.259908175741,-5.53910959246
31.6,0.172297954986,-1.60910909684
31.605,-0.762784656192,2.07603064712
31.61,-1.28795052293,2.25743923341
31.615,-0.238465611919,-1.9167903193
31.62,0.0996817974025,-15.0555888053
31.625,-0.939782353079,-0.535923655682
31.63,-0.485994777473,3.0899619125
31.635,1.10990994806,2.67210102289
31.64,0.575521035324,-0.485176694398
31.645,-0.690302892594,-2.58176153166
31.65,-0.375114052043,-2.6541950934
31.655,0.0688649104294,-4.12529769719
31.66,0.309138381098,-1.48576310673
31.665,1.04049396061,1.50742785114
31.67,1.12419892375,1.38716155325
31.675,0.513647054577,-1.73157441843
31.68,0.280640045486,-5.11192926588
31.685,0.251359175877,-6.75538248624
31.69,0.53075096503,-3.17231156548
31.695,0.428768569433,2.28749195422
31.7,-0.66308538229,3.1825404512
31.705,-0.713813590399,-1.23098342172
31.71,-0.616741449263,1.5504793952
31.715,-2.16124981436,7.14559304537
31.72,-2.07525612526,8.27294789122
31.725,0.0392008085985,5.80280338044
31.73,0.551944624241,-0.817439945348
31.735,0.270903816363,-3.03093650727
31.74,0.831335036945,-0.479178790484
31.745,0.622906581189,-1.87412495228
31.75,-0.450176332633,-3.54014371525
31.755,-0.614496158844,-1.29512970382
31.76,0.565918188867,0.338429357841
31.765,0.748778091016,-1.06686209097
31.77,-0.812316916215,-1.34598308547
31.775,-0.0091000914958,3.80441550111
31.78,2.00675864998,6.09181383696
31.785,0.423920045169,5.09961800506
31.79,-1.06956159864,0.952215034812
31.795,-0.0909010422383,-7.00351871052
31.8,-0.139164855221,-15.1532239324
31.805,0.265740241101,-1.0562431294
31.81,1.4743572176,3.46322172518
31.815,0.0399541979014,3.8173663069
31.82,-0.955634932133,-0.336048165445
31.825,0.205359913774,-13.3263525153
31.83,-0.718701910678,0.104531849926
31.835,-1.18197719178,4.71536484165
31.84,1.40619088304,6.44541603876
31.845,1.69776441487,5.90417885301
31.85,-0.205739411597,2.19233571978
31.855,-0.281676836723,-6.67656021273
31.86,-0.254918242528,-3.6390221747
31.865,-0.65514964142,-3.28159816019
31.87,-0.209356605196,-13.1247020413
31.875,-0.731865260839,-1.20723033608
31.88,-1.2009185957,2.7807272224
31.885,0.0766806362818,1.57732260591
31.89,0.340480249476,-5.75714719142
31.895,0.270181148114,-1.44414051306
31.9,1.51430280321,3.84091792563
31.905,1.06509985634,4.76469891677
31.91,-0.438051944301,2.74888687537
31.915,-0.75807135453,-0.249915611567
31.92,-0.938511966616,-0.306200720512
31.925,-0.800420608704,-1.24690881564
31.93,-0.510890703621,-3.27491802266
31.935,-0.319069391245,-1.8351274505
31.94,0.401046124903,-2.61273803455
31.945,0.279889035971,-8.65685365565
31.95,-0.603064538056,-4.39201388175
31.955,-0.22173738823,-0.174691516914
31.96,0.799555511257,-0.495536959509
31.965,0.23892783454,-5.12371865736
31.97,-0.643652310615,-3.0854794621
31.975,0.307512046479,-0.202482747857
31.98,0.458029197963,-6.71693229796
31.985,-0.129130166463,-1.8159883125
31.99,1.67663155866,6.20952930663
31.995,1.97264291641,7.47688939644
32,-0.405398606547,3.21642547032
32.005,0.129184522562,-8.65919255838
32.01,1.22291794606,3.99939393696
32.015,-0.57669949317,5.21332311788
32.02,-1.01293118089,0.243763690574
32.025,-0.155380253616,-13.6124609071
32.03,-0.47006116384,-4.86238584251
32.035,-0.174746245451,-15.151198223
32.04,-0.171075816506,-2.81989940492
32.045,-1.18242287201,1.97628518895
32.05,-0.892528855048,0.250189522331
32.055,-0.623909134711,-3.19976544729
32.06,-1.0215841369,3.25787011711
32.065,0.534748908208,6.00661479737
32.07,1.91596441312,5.64999472795
32.075,0.0913349433354,3.8856490339
32.08,-1.50367967666,3.56236278197
32.085,-0.0157800544803,4.46524869484
32.09,1.639067055,4.61702670012
32.095,0.841301756244,3.90215437772
32.1,-0.991266866077,2.7894625672
32.105,-0.866310285241,1.53660058034
32.11,0.780362524011,-0.0200523390056
32.115,0.280490257087,-1.18658756547
32.12,-0.839668642993,-1.48234882092
32.125,-0.181791159602,-6.29074865749
32.13,-0.624347871018,-3.35576113261
32.135,-0.258102564658,5.71513190267
32.14,2.34999049237,8.65635316033
32.145,2.02560447328,7.91380106588
32.15,-0.0567677053014,3.22321589185
32.155,-0.0611532683468,-6.65652238859
32.16,0.143833090263,-1.67042898109
32.165,-0.565342195784,-0.125955527185
32.17,-0.598819672467,-4.44547593179
32.175,0.0454739265287,-16.5910435832
32.18,-0.452747230286,-1.63851399334
32.185,-1.0278815664,0.298454416646
32.19,-0.225197588448,-2.90363367404
32.195,0.147807415133,-11.9433134312
32.2,0.153252898378,-13.0248874556
32.205,0.519406078072,-4.4049604983
32.21,-0.211400091928,1.18447559419
32.215,-1.42061106687,3.53551795866
32.22,-1.17651644953,3.08244693235
32.225,-0.202162765276,-0.660890508841
32.23,-0.155625664457,-7.3548022477
32.235,-0.447570816716,-1.17082941188
32.24,0.27249384376,1.6150656598
32.245,0.846852934761,-0.847224111356
32.25,-0.0792165371443,-15.6768429556
32.255,-0.327777387348,0.810860539355
32.26,1.16638904817,4.77164613428
32.265,1.58288962025,4.03110245977
32.27,0.660974989309,-0.911540669321
32.275,0.49090377033,-4.71476138242
32.28,0.399165335989,-3.94740069422
32.285,0.113914047392,-13.6791488352
32.29,0.713458665143,-2.9212420294
32.295,0.971174767825,1.88290944726
32.3,0.389500306767,2.13659884618
32.305,-0.0386177512926,2.75804540056
32.31,-0.9865539036,4.37255607903
32.315,-1.34444819935,2.57118802011
32.32,-0.0746667021957,-10.257723269
32.325,-0.272371326008,-1.06324191236
32.33,-1.30148718672,2.32254904685
32.335,-0.336120331418,-3.42584425476
32.34,-0.313779519368,-5.56360274163
32.345,-1.33772477167,2.73986549677
32.35,-0.164412167287,1.63714950503
32.355,0.231757671115,-11.2749528661
32.36,-1.31351162046,2.52461510202
32.365,-0.23922110264,6.87188107329
32.37,2.06690791742,6.98543288396
32.375,0.784148066445,4.41778380037
32.38,-1.09454492685,1.1197142062
32.385,-0.00672392971525,-1.97658119789
32.39,0.140760526235,-11.105853963
32.395,-0.822615249044,0.131434759198
32.4,0.773009919574,4.35812556573
32.405,1.46306415462,3.68688324948
32.41,-0.276454034456,-1.29466714762
32.415,-0.231942041181,-5.26278665575
32.42,0.615259067392,-4.14880841169
32.425,-0.0325281326171,-7.46433736445
32.43,-0.423967858466,-5.42720324536
32.435,0.277337950109,-0.208354932889
32.44,1.33186013547,3.04187683723
32.445,1.23511845445,3.77433669864
32.45,-0.246534107543,-0.751423652569
32.455,0.363728223921,-3.89315543469
32.46,1.91442214224,6.82827357062
32.465,-0.41910998192,9.7087274363
32.47,-2.63474252824,8.76562068647
32.475,-1.17896011264,4.32564168073
32.48,-0.0714928539245,-2.80240856049
32.485,0.293509168719,-5.55014761443
32.49,0.453788268829,-4.85339049634
32.495,-0.418221523951,-3.25386673414
32.5,-0.458573574154,-6.58079315681
32.505,-0.293300532254,-10.4740947368
32.51,-0.666438047963,-2.79312174361
32.515,-0.0644032656249,-0.890421278902
32.52,0.787140778204,-0.767193292489
32.525,0.893510619565,0.415469389794
32.53,-0.146459609737,2.2961189467
32.535,-1.23997088359,2.23999328487
32.54,-0.409485961175,-3.81457517752
32.545,-0.248150187147,-5.36658724555
32.55,-1.55301236341,3.83671564231
32.555,-0.632235322845,3.88451465971
32.56,0.00200878842977,-8.50509424092
32.565,-1.47188089002,5.00536990152
32.57,0.0568659774839,10.4069200608
32.575,3.00936809382,11.1592391476
32.58,2.8260011142,9.20709180404
32.585,1.64170702297,6.76193591307
32.59,0.674840146136,5.61512838972
32.595,-0.347514660619,3.61026064841
32.6,-0.721060314885,1.03692608943
32.605,-1.01842301997,0.644667861073
32.61,-0.924164414882,1.03854969859
32.615,0.256859112012,2.14727698432
32.62,1.57749182731,4.17387621095
32.625,1.25846954714,5.62434670932
32.63,-0.535769892401,5.27555163195
32.635,-1.25109858011,2.49977536404
32.64,-0.649135048545,-3.0418543811
32.645,-0.066825111544,-16.6360441672
32.65,-0.133432660666,-5.84580918312
32.655,-1.11408636536,1.27830922698
32.66,-0.884166187939,2.86274399852
32.665,0.629469231678,0.470703848709
32.67,0.340769848948,-5.15964727601
32.675,-0.560815001913,-5.02355215088
32.68,-0.0199916941083,-4.46884005272
32.685,0.431902633287,-7.0613157948
32.69,0.119769623657,-8.27665722052
32.695,-0.466323984388,-4.93919116685
32.7,-0.705772064562,-2.10982326246
32.705,-0.184753023642,-2.11583041917
32.71,0.160871434442,-3.7423125087
32.715,0.465253475499,-2.38975315092
32.72,0.723697631621,-2.80315174171
32.725,0.0127646945369,-14.5247202138
32.73,0.168548525068,-2.18083124235
32.735,1.55584406841,3.95946201426
32.74,1.07437367485,5.62146884874
32.745,-0.950860929376,4.87258819152
32.75,-1.31414288968,2.76560689834
32.755,0.223378129801,1.2444521094
32.76,1.1771595076,1.41723740838
32.765,0.575401967218,1.2637137775
32.77,-0.229645842133,0.0747935362137
32.775,-0.620263872981,-0.700438764439
32.78,-0.872947818747,-0.740737693261
32.785,-0.792551033869,-1.71907202222
32.79,-0.431555559232,-4.79532593731
32.795,-0.400043806195,-7.00890282782
32.8,-0.773053858718,-0.233386244729
32.805,-0.0866794793243,3.77457592517
32.81,1.38698625035,4.72524957928
32.815,1.43716183534,3.47594490736
32.82,0.793450272636,2.56751157579
32.825,-0.280090678489,4.37108619978
32.83,-1.88685119307,5.77228053705
32.835,-0.766075887801,5.34532873562
32.84,1.38346933531,3.44191775274
32.845,0.12054485874,2.62369030333
32.85,-1.60566971324,4.11463548971
32.855,-0.529052117502,5.3470768795
32.86,1.45067231574,5.71335140422
32.865,1.59182425586,4.86676607563
32.87,-0.197501295827,1.30959495071
32.875,-0.273733318802,-6.86527573558
32.88,1.12544574431,1.43992361242
32.885,-0.375886943415,5.56953514373
32.89,-1.97754659578,5.92272935362
32.895,-0.344088516106,3.0752031256
32.9,0.444177224533,-4.92567634747
32.905,0.137911844565,-7.2753040457
32.91,0.994682228421,-0.0212692029432
32.915,0.221165343611,2.46499300402
32.92,-1.3241799582,2.75872139614
32.925,-0.463000482071,0.682933974585
32.93,0.425899020843,-5.64484458879
32.935,-0.17260418176,-13.8982246637
32.94,-0.332736665575,-3.17984051947
32.945,0.53438886344,0.116394752341
32.95,1.03662752524,0.325159409956
32.955,0.613716245283,-1.89483865935
32.96,0.31306344295,-2.75561195955
32.965,-0.341980030086,-1.02273660384
32.97,-0.821829896857,-1.42450417086
32.975,0.493674172297,-1.75973620569
32.98,0.582330690472,0.556216517693
32.985,-1.08279818712,1.62099395943
32.99,-0.363663823098,1.03957443321
32.995,0.928998139189,-0.418778058158
33,0.176244283207,-4.9779361858
33.005,0.18400919282,-14.7032019786
33.01,0.603376293975,0.188928708864
33.015,-0.80974358914,3.92586577469
33.02,-1.5116560711,3.64577910395
33.025,-0.321092888076,-0.933918773425
33.03,-0.0400669396567,-22.5967179443
33.035,-0.66483903454,-2.65565339909
33.04,-0.0526634779566,0.771229036893
33.045,0.936469271947,0.299125091857
33.05,0.442737033115,-2.48935813171
33.055,-0.483526947352,-5.0310209513
33.06,-0.2857131819,-5.59189274799
33.065,0.22362304809,-7.6265064706
33.07,0.215185086364,-13.1657744889
33.075,0.0652967757714,-22.7078271428
33.08,0.0737826903038,-18.2542038409
33.085,0.0702982215138,-16.8905064986
33.09,0.260424188545,-8.43028994506
33.095,0.657486836643,-3.23472490922
33.1,-0.204332470598,-1.11164688385
33.105,-1.00474314448,0.690660919276
33.11,0.518132030876,2.40206552964
33.115,1.18312315993,1.64930899408
33.12,0.152893739485,-4.07547095668
33.125,0.179966853409,-12.374514709
33.13,0.211228033227,-7.43768802631
33.135,0.338312441086,-7.46282004082
33.14,0.528351308277,2.61908362031
33.145,-1.41280079141,6.80335641701
33.15,-2.17706704759,7.2151206183
33.155,-0.0655272007105,4.13326022835
33.16,0.486163527655,-5.25560106142
33.165,-0.174725573537,-8.13960792506
33.17,0.522759496754,-1.22441648514
33.175,0.867831534305,-0.904520332452
33.18,0.0239189296206,-4.1246768533
33.185,-0.221909725061,-12.4353947818
33.19,0.568006337056,-4.73713959987
33.195,0.548898855839,0.5185569393
33.2,-0.491644771769,1.85602121911
33.205,-1.02179915753,1.59508934875
33.21,-1.49937899057,3.57582908097
33.215,-1.64651052049,6.09306152265
33.22,-0.11158841545,6.40350237461
33.225,1.16377635147,3.74813361583
33.23,0.645601353239,-3.79461983861
33.235,0.219267793011,-6.95232233938
33.24,0.82888598825,0.0068880884032
33.245,1.19880751102,1.72182209411
33.25,0.691282291256,0.955850404153
33.255,0.155329148357,0.443768846749
33.26,-0.703709963661,2.57635147607
33.265,-1.63870043651,4.29978622719
33.27,-0.48796975029,3.95070758735
33.275,0.684572694332,-0.143718154488
33.28,0.214329085513,-4.96911449163
33.285,1.31517156827,4.34277240633
33.29,2.10972202765,7.37811992912
33.295,0.0446316217427,6.34684762941
33.3,-0.804875494594,0.390090915739
33.305,-0.218856102001,-3.84927534061
33.31,-1.11360132797,2.24126364506
33.315,-0.940061303927,2.16288463912
33.32,0.713932847859,-1.14635767737
33.325,0.0785317201153,-1.3318661631
33.33,-0.700734709651,-3.08890586421
33.335,0.194693349434,-13.9367892905
33.34,-0.771287327074,1.14874823487
33.345,-1.36551496236,3.8428337139
33.35,0.246965602873,-0.250190873947
33.355,-0.279217730907,-9.16333219933
33.36,-0.919597628486,3.37545547741
33.365,0.895102994433,5.11540624692
33.37,1.25629207625,1.98378018763
33.375,0.552496453758,-4.78212568637
33.38,0.733860193513,-2.01428290754
33.385,0.174826373002,-1.33949884831
33.39,-0.485881650082,-5.12151514586
33.395,-0.0463303056406,-9.37876680189
33.4,0.569509632463,-4.88836320078
33.405,0.294654422454,-0.84666161742
33.41,-0.905425811808,1.34609149764
33.415,-1.05689657203,2.03522648059
33.42,0.271257388693,1.60896086935
33.425,0.988312950426,0.362816039044
33.43,0.849019542016,-0.778719809901
33.435,0.624776428371,-0.289919581068
33.44,0.215479966019,1.9169125468
33.445,-0.873811593867,4.12267249401
33.45,-1.59854521002,4.09144485937
33.455,-0.576782479113,-0.765040218434
33.46,-0.345370342496,-9.16236444635
33.465,-0.999708994888,1.03064243031
33.47,-0.014938475874,0.261086688844
33.475,-0.011004668707,-16.5211162527
33.48,-0.570304926755,1.0950844076
33.485,0.98120821698,4.24790428531
33.49,1.15018105379,1.89525808114
33.495,-0.392657557385,-4.39325418427
33.5,-0.204850607141,-3.26488278319
33.505,0.392110907533,-4.92443945894
33.51,0.0928285646559,-7.18301221304
33.515,0.630727047519,1.34927154996
33.52,1.51220725711,3.87740105485
33.525,1.3970371505,3.1849765718
33.53,1.51123758469,4.47341665605
33.535,1.26687603615,7.36799762993
33.54,-0.47576041075,7.48506580318
33.545,-1.1810700266,3.93345796333
33.55,-0.731693307184,0.332190878966
33.555,-1.23382063731,3.3660811893
33.56,-1.52585986934,3.7031317093
33.565,-0.788733433867,0.765936708334
33.57,-0.137837573721,-7.19413823114
33.575,-0.38807623328,-8.02220023336
33.58,-0.853052631667,-0.697632825817
33.585,-0.332969587265,-0.536274127209
33.59,0.0847525853405,-4.91435593195
33.595,0.115922298219,-6.05131623173
33.6,0.344361168553,-8.95635469072
33.605,-0.485261994386,-5.73625024967
33.61,-0.640226089544,2.7525167485
33.615,1.23228285187,5.36893313622
33.62,1.69071920832,5.01307903621
33.625,0.192013303845,3.43811797502
33.63,-1.17981046821,2.8878657372
33.635,-1.19223973308,3.71901467542
33.64,0.616250441651,3.64589091932
33.645,0.936579980457,-0.420643297961
33.65,-0.0672467473506,-15.9167282783
33.655,1.19512021889,2.15634936821
33.66,0.947169766927,5.41334238918
33.665,-1.39472397181,4.83055677327
33.67,-0.784936043679,1.62092603771
33.675,0.337553395299,-4.75973775012
33.68,0.201677593405,-8.68950225911
33.685,0.816199524148,-1.70022880734
33.69,0.347738769159,-0.21777311642
33.695,-0.620742100487,-3.12629905799
33.7,-0.0134796846924,-11.733002042
33.705,0.00634374947468,-10.8912035523
33.71,-0.371192316342,-7.00022749087
33.715,0.631078109832,-3.0669711792
33.72,0.240395584923,0.783911595847
33.725,-1.40395817999,3.05341643971
33.73,-0.289346558788,3.75220458995
33.735,1.23085556622,2.34578243821
33.74,0.466356354023,-3.5222159573
33.745,0.396251293057,-8.03584950481
33.75,0.911023729887,0.997467535027
33.755,0.0562702576831,3.53336717524
33.76,-1.12499495717,4.08650285824
33.765,-1.59447200751,4.05773225941
33.77,-0.725095089125,2.63465559905
33.775,0.462791618341,-1.87981679289
33.78,0.16496402883,-10.5272966177
33.785,-0.423893966266,-7.40700303895
33.79,-0.158014560476,-5.9328156493
33.795,0.241111899193,-6.81198987777
33.8,0.400926355606,-7.85159442096
33.805,0.277022997611,-8.40405231677
33.81,0.0398461239881,-5.9244990574
33.815,-0.672231399596,-0.718994429252
33.82,-1.34628074543,3.15091135023
33.825,-0.00858303376265,4.43198809729
33.83,1.29261699961,2.59163719307
33.835,0.188654235806,-3.97801973079
33.84,-0.224751656452,-7.31294538472
33.845,0.705075528689,-2.25727972696
33.85,0.512111609667,-2.35425691248
33.855,-0.202680061146,-5.07343220213
33.86,-0.379801325282,-8.32149646488
33.865,-0.1336616156,-10.7475944211
33.87,0.217264909284,-12.4044968095
33.875,0.0206174066318,-10.4640117936
33.88,-0.529648985127,-5.50956481999
33.885,-0.261185845304,-2.10068251966
33.89,0.642563187597,-1.19829583616
33.895,0.628978608253,-3.34501105574
33.9,-0.018877433315,-10.2557382583
33.905,-0.0870507264193,-15.5293897809
33.91,0.192358808632,-8.21281686737
33.915,0.6343215903,-2.80180768622
33.92,1.14703863991,1.33573218475
33.925,0.89864245416,3.53556834421
33.93,-0.128674527734,4.58971351533
33.935,-1.40796773602,5.57517192513
33.94,-1.988440565,6.19870125326
33.945,-0.225056304177,5.77010501511
33.95,1.68578492407,4.83751535402
33.955,0.712673752291,3.85425226463
33.96,-0.582534296046,1.96301275407
33.965,-1.04238508906,2.04058394444
33.97,-1.6100257362,4.20954078371
33.975,-0.685820235514,3.49063226322
33.98,0.246952467126,-2.08819360574
33.985,0.050885973181,-3.97677802603
33.99,0.952124522177,0.839680445971
33.995,0.664780839242,2.62279013947
34,-1.55306331519,4.61420785605
34.005,-0.952874613268,5.45795298937
34.01,0.990816224612,3.0330805981
34.015,0.386623838507,-7.56243569074
34.02,0.0943014843425,-4.56036474189
34.025,1.02803913413,0.510815212123
34.03,0.515252587718,-1.67989650818
34.035,0.00716606036612,-13.7171681792
34.04,0.362993026723,-6.67075725789
34.045,-0.144217745252,-3.42288532424
34.05,-0.539798525216,-4.96637145439
34.055,-0.51183297161,-5.48286042143
34.06,-0.440342279117,-0.802659525844
34.065,0.735591163297,2.10707586108
34.07,1.1853433781,1.56921125865
34.075,0.466563474365,-2.93198277904
34.08,0.471769603105,-2.71766507141
34.085,-0.119903617643,-0.401860548172
34.09,-0.569922663251,-4.66590755556
34.095,0.250236373753,-11.9796132404
34.1,0.101931206163,-2.56373012363
34.105,-0.533451058893,-1.69596341626
34.11,-0.767052181386,-1.75623040877
34.115,-0.749614130806,-2.13486972396
34.12,-0.348405359761,-7.37412916165
34.125,-0.730359360122,-2.22304561346
34.13,-0.25997237374,2.09011225429
34.135,1.07057721391,1.04554241387
34.14,-0.309606538094,-1.07697530345
34.145,-1.04253311896,3.84677368716
34.15,1.44934626897,6.33632378147
34.155,1.57633166865,5.74065718669
34.16,-0.675174352913,2.77513324054
34.165,-0.765472967616,-1.23859343609
34.17,0.148160494483,-4.29465642589
34.175,0.502054291074,-4.58460973388
34.18,0.764387957466,-2.11893181143
34.185,0.336527333946,-1.02777240104
34.19,-0.451868245179,-2.2809264725
34.195,-0.49598626354,-5.99693041396
34.2,0.024141891121,-11.8557696974
34.205,0.271135900756,-10.6087592675
34.21,0.102737827976,-6.72810013715
34.215,-0.302614557011,-2.45231340527
34.22,-1.14051457976,1.59457392821
34.225,-1.129947017,3.4086488183
34.23,0.274923685487,2.18653215677
34.235,0.603783513021,-3.57711146186
34.24,0.288868802078,-8.10370730418
34.245,0.71123417222,-2.95026196889
34.25,-0.0353005674128,-3.64678750528
34.255,-0.532458753967,-3.30167675149
34.26,0.82592329849,0.537953286807
34.265,0.9471682028,1.90072448726
34.27,-0.376445466824,0.765873117449
34.275,-0.771608915128,-2.15142912475
34.28,-0.363406003443,-6.02802390626
34.285,-0.0295219375743,-10.7060294368
34.29,0.00745192861142,-13.7722025149
34.295,0.141132097767,-9.6347958482
34.3,0.411255122353,-7.50381526904
34.305,0.278497697449,-9.1616649385
34.31,0.172096383986,-12.2996772069
34.315,0.231836031273,-6.79667451183
34.32,-0.263518498013,-3.56961746435
34.325,-0.630991581228,-3.99451795079
34.33,-0.0907327320813,-9.08746285309
34.335,0.0693694247376,-15.6668942264
34.34,-0.435970857992,-7.20642899931
34.345,-0.0242293770365,-5.2408778362
34.35,0.589967712136,-4.52039000634
34.355,-0.134462105293,-2.30842374534
34.36,-0.907486641066,-0.813600376415
34.365,-0.435087550808,-1.46927942217
34.37,0.226899637394,-5.00281954876
34.375,0.190510966804,-13.1470270809
34.38,-0.00559497435195,-22.6231530191
34.385,-0.148687411383,-11.8936348903
34.39,-0.0370847948973,-5.45422777916
34.395,0.335492124384,-4.16460519965
34.4,0.393824841288,-3.9680409522
34.405,1.02138059417,1.67129067691
34.41,1.69984668922,4.89865811068
34.415,0.715618992002,4.69619382099
34.42,-0.29867515733,1.50636148608
34.425,-0.381363402717,-1.44229424561
34.43,-0.617384041819,-1.08462980808
34.435,-0.749954069158,-2.15715197712
34.44,-0.554186848298,-4.99992011247
34.445,-0.26800429648,-10.8942041054
34.45,-0.366517619514,-7.79878615904
34.455,-0.829509969934,-1.34516174454
34.46,-0.186621726071,-0.36565684819
34.465,0.610282912623,-4.13436181149
34.47,-0.482276742425,-3.53450702014
34.475,-0.693589966755,2.10629631531
34.48,1.30919746556,4.25101468329
34.485,1.04080268904,4.54955484554
34.49,-1.25170205112,4.06073348513
34.495,-0.872246875581,2.32840255194
34.5,0.552274636691,-2.5418503649
34.505,-0.12449254902,-7.98899766399
34.51,-0.684212187925,-0.994776358425
34.515,0.450539871505,1.64606347754
34.52,1.16809664904,1.35413178322
34.525,0.363743952437,-1.12176006564
34.53,-0.439870179009,-4.83694272898
34.535,-0.346225320053,-6.48651489799
34.54,0.297627731151,-4.7410891304
34.545,0.6722615915,-2.84639292048
34.55,-0.372427328311,-1.1244685418
34.555,-1.11043120818,2.15665022689
34.56,0.627720332485,5.24972167734
34.565,2.16073494475,6.69224831054
34.57,0.91739285729,6.3575189688
34.575,-0.963743714791,4.13065016402
34.58,-0.866212519949,-0.922715927566
34.585,0.225715165767,-10.1713869549
34.59,-0.0260272515628,-3.98972907103
34.595,-0.845699864823,-1.27804573528
34.6,-0.409267884364,-2.23771261233
34.605,0.252711734524,-5.50687961157
34.61,0.393135100387,-6.99080583817
34.615,0.700188040849,-2.85491412589
34.62,0.302755441401,0.248365151876
34.625,-0.728124457885,0.735118796174
34.63,-0.857582687199,-1.33447905217
34.635,-0.599881537945,-3.73553380728
34.64,-0.569819948148,-2.12134210572
34.645,-0.0625369337897,0.0144806804925
34.65,0.942301566191,1.13841348932
34.655,0.893345926238,1.55353811886
34.66,-0.845039664073,2.23799829938
34.665,-1.12376913796,3.37099046199
34.67,0.855371050026,3.71962406439
34.675,1.25445723609,2.62880723791
34.68,-0.0573224918339,0.155780800602
34.685,-0.613877339065,-3.00913217295
34.69,-0.572615897426,-4.68605915486
34.695,-0.324254068578,-4.8301539929
34.7,0.163401268922,-7.42634623112
34.705,0.0349553590099,-20.0770480447
34.71,-0.580175672427,-3.82468014133
34.715,-0.0312354665536,1.90886411464
34.72,1.25799171689,3.60704647719
34.725,1.26722581814,2.37766869164
34.73,0.682185866636,-0.428880418556
34.735,0.458546848349,-0.479935206832
34.74,-0.0768452832491,-0.42229181181
34.745,-0.3791083827,-3.19957899192
34.75,-0.405892731826,-3.81856127661
34.755,-0.784411926447,-1.74450697352
34.76,-0.534814384054,-2.65538931345
34.765,0.345310221819,-5.60886126194
34.77,0.379102178783,-3.81419343924
34.775,-0.563491930985,-0.829021637678
34.78,-0.891140868266,-0.757953256619
34.785,-0.0419353191768,-5.54906299252
34.79,0.0591624367387,-11.3361536987
34.795,-0.71758124857,-2.79074846358
34.8,-0.388206545609,-3.48722152982
34.805,-0.100982202706,-19.0470000309
34.81,-0.928478485459,-0.54194466504
34.815,-0.857162059711,3.90708422887
34.82,0.202805647277,5.04258983995
34.825,1.22354643211,5.76586977228
34.83,1.99933464671,6.28441941442
34.835,1.60973274353,5.104836601
34.84,0.573967326328,1.64292313149
34.845,0.106172121158,-3.4842833896
34.85,0.102526041684,-10.5047145621
34.855,0.541403949925,-5.01720151487
34.86,0.924780699567,2.07533908885
34.865,0.0705883708484,5.14001158761
34.87,-1.37799223473,5.38746698619
34.875,-1.32192257354,2.59074275246
34.88,-0.161891143115,-5.8281083825
34.885,0.022893189009,-10.3637902119
34.89,-0.585144657773,-3.0900329364
34.895,-0.665575079246,-3.44554623766
34.9,-0.434426527379,-6.86985186701
34.905,-0.645684023185,-3.25458664878
34.91,-0.185555153003,-2.1553035209
34.915,0.482447125919,-5.59939685037
34.92,-1.2762177538,3.83044527291
34.925,-2.06022793443,8.55816057333
34.93,0.88041004139,9.00923704968
34.935,1.75517125847,4.91602741062
34.94,-0.0367174240113,-18.1110935116
34.945,0.496477023464,2.54997763344
34.95,1.92776619241,5.86495249355
34.955,1.43924486286,5.3799749387
34.96,0.173009087172,2.5705744344
34.965,-0.249009859339,-2.75529853631
34.97,-0.0642950572356,-5.14746694734
34.975,-0.359512601432,-1.94067846028
34.98,-0.73527373811,-2.04884825297
34.985,-0.471128424196,-6.36736740346
34.99,-0.448130029577,-6.78946784244
34.995,-0.91288140849,-0.171828581094
35,-0.259822801963,2.43371396603
35.005,0.898225028764,1.91402516681
35.01,0.927498540678,-0.616889285427
35.015,1.04949356204,0.862462256342
35.02,0.436757943108,3.61667134422
35.025,-1.28517484317,3.58158757299
35.03,-0.570294674916,1.18699177025
35.035,0.866699130374,-0.986268791483
35.04,0.169646295006,-3.13771160711
35.045,-0.104715380078,-9.17640214187
35.05,-0.296633244122,-2.50876249923
35.055,-1.22681385939,1.77581936323
35.06,-0.312227318986,2.79477964809
35.065,1.26289000265,2.71835345764
35.07,0.849024980834,2.6567487136
35.075,-0.497568284527,2.49364952826
35.08,-1.20349890421,2.02510710537
35.085,-0.952241198614,0.823999017288
35.09,-0.104235937395,-2.39142076155
35.095,0.281931362256,-10.9644444053
35.1,-0.526153088382,-3.19446431321
35.105,-1.22633855233,2.50505980226
35.11,-0.335454087717,3.76361073179
35.115,0.600435264397,1.70583660918
35.12,0.649414355042,-0.516570002495
35.125,1.03168765577,0.973869505836
35.13,0.818632344373,-0.941371269691
35.135,0.136578621302,-15.9929448839
35.14,0.728176914207,-2.40057787521
35.145,0.637445264242,-1.18049990334
35.15,0.0468957332888,-22.7402721851
35.155,1.30217175514,2.29393504511
35.16,0.918391395208,7.2849195568
35.165,-1.71954053803,7.68581568951
35.17,-1.47352708907,4.55995531251
35.175,0.515436878777,-1.72630748254
35.18,0.255078434579,-1.46172570794
35.185,-0.836615660365,0.41066418666
35.19,-1.06229236079,0.58293023597
35.195,-0.819658994972,1.48329635869
35.2,0.194630238418,1.42297721635
35.205,0.719458716918,-2.56875983615
35.21,-0.104021547434,-18.3068078521
35.215,0.163158793199,-2.4654058733
35.22,1.02611410887,0.310302820731
35.225,0.552626992742,-1.53886281218
35.23,0.173469945637,-4.46671954875
35.235,-0.151836849506,-2.29792677055
35.24,-0.715253076523,-2.24914789501
35.245,-0.31970242014,-7.86886225349
35.25,-0.154905981497,-15.9708816893
35.255,-0.350192180287,-7.22815592995
35.26,0.282125405202,-7.04295331142
35.265,0.216380457163,-5.61574590303
35.27,-0.693047856801,-2.32249263749
35.275,-0.651043713303,-1.31187050062
35.28,0.0417882125304,-1.73390269276
35.285,0.620260421313,-2.25545211959
35.29,0.576452173783,-3.68961740325
35.295,-0.227178290257,-6.3897974303
35.3,-0.359759811091,-6.21535623906
35.305,0.267749991463,-5.18026778813
35.31,0.500202192679,-5.81751919838
35.315,0.50449567922,-5.40954348772
35.32,0.300523989052,-4.14679908785
35.325,-0.223362572798,-4.44576971823
35.33,-0.429666464728,-7.17804729398
35.335,-0.0679847312577,-15.4812977317
35.34,0.0416444804573,-13.9793528068
35.345,-0.394085810496,-7.6945474071
35.35,-0.150997479356,-8.1283024109
35.355,0.243808395727,-12.1985900739
35.36,-0.249954322637,-9.04979669723
35.365,-0.329998440506,-8.18160271762
35.37,-0.126258129548,-11.7268362246
35.375,-0.146935095961,-7.26286502824
35.38,0.318051403726,-4.65028075577
35.385,0.447036464352,-6.96015518116
35.39,0.291759069719,-10.4959313398
35.395,0.236346869453,-8.06418765422
35.4,-0.384636880458,-7.20745046505
35.405,-0.0664972329683,-2.96534385246
35.41,1.05671658364,0.542521756017
35.415,0.287355565564,0.758827732737
35.42,-0.723864628911,-2.55063984176
35.425,0.242778765071,-5.40382725754
35.43,0.514089783247,-2.21931795772
35.435,-0.541361544016,-2.22582592109
35.44,-0.316829971382,-6.84440180946
35.445,0.248880199888,-12.0700108543
35.45,-0.0631486636975,-12.7646585013
35.455,0.0849621151317,-15.3924767677
35.46,-0.250483833825,-3.11077282556
35.465,-1.05390295824,0.492602002126
35.47,-0.0601639637125,0.0974141210016
35.475,0.684547900182,-3.28394563631
35.48,-0.0175906975143,-10.2189057667
35.485,0.16726340665,-14.5240488067
35.49,-0.132652251521,-2.28288126493
35.495,-1.08747803707,0.771424686033
35.5,-0.376149743742,-1.34992216503
35.505,0.0520360232685,-14.2837762596
35.51,-0.396334108998,-5.40580607879
35.515,0.239938148245,-2.29737969912
35.52,0.501321213775,-5.81411894155
35.525,-0.366465625199,-7.45745965555
35.53,-0.38920480661,-2.78770153658
35.535,0.225051845743,-3.05476177737
35.54,0.235121254508,-4.9610872278
35.545,0.595490910079,0.530187318433
35.55,1.62182906468,4.39043370627
35.555,1.39518643628,5.3629508738
35.56,-0.237922042109,3.52247058216
35.565,-0.687176336134,-3.01656068801
35.57,0.320874055854,-9.86484747826
35.575,0.00283947892293,-0.447501885647
35.58,-1.09477838947,0.944594353116
35.585,-0.110564739941,-0.114009587412
35.59,1.04713860911,0.445278916212
35.595,-0.00443643273486,1.02594301458
35.6,-0.761301578023,-1.94863100714
35.605,-0.0339944742976,-19.1843046212
35.61,-0.128160919782,-3.08586126216
35.615,-1.2242580426,2.10058242393
35.62,-0.924432226965,2.8217207788
35.625,0.461262822019,-0.286934226014
35.63,0.204421861961,-9.22111151044
35.635,-0.668509704484,-2.7345754514
35.64,0.208744061071,1.0542707746
35.645,1.10977350124,1.05028329486
35.65,0.484915381258,-1.46900580346
35.655,-0.137445430331,-6.61225586321
35.66,-0.122474536309,-8.33068486389
35.665,-0.660613731598,-2.1965954778
35.67,-0.891142349119,0.474882710151
35.675,0.149542955436,-1.08444280822
35.68,0.165184981238,-14.6061233368
35.685,-0.309491508111,-2.26123425578
35.69,0.967705448058,3.14906844557
35.695,1.37546739254,3.31032337694
35.7,0.000322703736768,-0.963614967387
35.705,-0.164552984817,-14.8703216601
35.71,0.514921278117,-5.63374727729
35.715,0.147761630355,-2.82486744716
35.72,-0.521951697643,-4.1207351961
35.725,-0.232591581974,-7.18690159224
35.73,0.453003139644,-6.69929245809
35.735,0.0614269262706,-6.45773277265
35.74,-0.248701558893,-10.3444981783
35.745,0.77440730389,-1.98573591913
35.75,0.662829994366,2.6200966377
35.755,-0.672861719277,3.2487523018
35.76,-1.20665901633,2.50126723243
35.765,-1.50916168001,3.70579270803
35.77,-0.661641598773,4.10808874012
35.775,0.863059281619,0.969723296405
35.78,0.06861594758,-4.58899380231
35.785,-0.800138375884,-1.02115127181
35.79,0.232030520026,-0.387143702821
35.795,0.573279560849,-4.53069563942
35.8,0.306595467516,-10.2592820424
35.805,0.321308773551,-7.38870470603
35.81,-0.354602468002,-4.92679450156
35.815,-0.599945287721,-2.13540186656
35.82,0.503609941944,-0.604917256955
35.825,0.774739024559,-1.27593129276
35.83,-0.360825539326,-3.6204713026
35.835,-0.324355044105,-4.99379004545
35.84,0.448114626543,-6.62775590479
35.845,-0.245413228762,-8.57118155063
35.85,-0.237354741252,-1.43472663516
35.855,1.19525556905,2.15360599694
35.86,0.636349369367,2.0192420894
35.865,-0.74635796264,-1.41462026815
35.87,0.0354866605461,-3.83466755704
35.875,0.788698910173,-1.91390879439
35.88,0.194203707228,-2.35823427856
35.885,-0.316237899994,-4.6226276861
35.89,-0.365363694669,-8.73693037546
35.895,0.186815614432,-13.476033221
35.9,0.228031291389,-3.41390153339
35.905,-0.608259874324,-0.933876485622
35.91,-0.71183484481,-2.92937043083
35.915,-0.635941597535,-3.91792100384
35.92,-0.802986447945,-0.863375969761
35.925,-0.447405738777,0.34977690604
35.93,0.217556133348,1.20813590787
35.935,1.07806500445,2.10164981278
35.94,1.02055101586,1.2041804311
35.945,-0.0399276909365,-2.88010259389
35.95,-0.15842666731,-13.8203245468
35.955,-0.0960975050272,-9.55634985984
35.96,-0.619722271281,-4.15434336176
35.965,-0.0924276265961,-3.125863642
35.97,0.442411386561,-6.67171853871
35.975,-0.0505040952942,-22.1284516573
35.98,0.491541050095,-3.01735180904
35.985,0.915219591101,0.570820439034
35.99,-0.310107325802,-1.0243461463
35.995,-0.156655058667,-12.225580504
36,0.50212392403,-1.26735361129
36.005,-1.16606136681,4.05843020677
36.01,-1.41036240844,4.81637031388
36.015,0.626654619972,1.91745562786
36.02,0.295413812516,-4.23298400387
36.025,-0.898038952953,-0.558314213213
36.03,0.13205528303,1.75942221939
36.035,0.866858331572,-0.0955316403257
36.04,0.807561791318,-1.63091318853
36.045,1.23424072316,2.29185296091
36.05,0.331682100738,3.94714119758
36.055,-1.12995191637,2.38958130938
36.06,-0.381485283513,-2.03439209636
36.065,0.697113921835,-3.12190482728
36.07,-0.0473289501281,-1.27296651809
36.075,-0.677711642032,-3.02934554656
36.08,-0.162094301565,-11.6875444796
36.085,-0.00958458756635,-14.0434066754
36.09,-0.320108520879,-8.38193237213
36.095,-0.284470167323,-10.2998900991
36.1,-0.543343781237,-4.20499443723
36.105,-1.10072643104,0.960478822387
36.11,-0.840026903099,3.07107763629
36.115,0.127086199887,3.46031781643
36.12,0.947158366646,3.12319614649
36.125,1.31610052328,2.65089660792
36.13,1.1701517676,1.99380986276
36.135,0.583766297805,0.956624343599
36.14,-0.121582323208,-0.258604454463
36.145,-0.652325217546,-1.69390906248
36.15,-0.57143692688,-4.47899441
36.155,-0.113353146493,-10.8147365355
36.16,-0.173895088515,-11.4620384238
36.165,0.175945489525,-3.85410666876
36.17,0.908134386773,-0.806201870123
36.175,-0.0464881330915,-1.13256422785
36.18,-0.586651971085,-3.76749096717
36.185,0.69354726196,-2.23662858775
36.19,0.293561356926,-0.353845081769
36.195,-0.662769612442,-3.14141521421
36.2,0.17654146898,-12.6629549986
36.205,-0.167101985123,-2.25049768309
36.21,-1.09510135691,0.87483048495
36.215,0.0634791506535,0.275770264749
36.22,0.82467607561,-1.65372139003
36.225,0.067803678679,-2.66369965272
36.23,-0.606646860596,-2.08894501451
36.235,-0.965276536566,-0.15496566825
36.24,-0.38150406353,0.277489735559
36.245,0.418420780073,-2.96047566462
36.25,0.2041578797,-12.1272886278
36.255,0.253740590976,-8.16126625445
36.26,0.396776172946,-7.91847885882
36.265,-0.0259324796155,-18.0301294556
36.27,0.0477163362085,-12.0901782149
36.275,0.380806184947,-7.82097711811
36.28,0.464475912693,-5.9058322414
36.285,0.106380222224,-3.86494954387
36.29,-0.668347856339,-2.81733764772
36.295,-0.328078297842,-2.28995868875
36.3,0.599734908266,-2.84473324738
36.305,0.384173790297,-6.98726749207
36.31,0.208917172031,-12.934427396
36.315,0.324106588699,-7.32872843087
36.32,0.0643047273531,-8.83618517105
36.325,0.144599874155,-8.14075836491
36.33,-0.24256894098,-2.73813407577
36.335,-0.708610974549,-2.96891649127
36.34,0.00555901309994,-11.5232242931
36.345,-0.0916800767648,-6.23065066136
36.35,-0.898030164886,-0.910991364783
36.355,-0.0885969809613,-1.01576958838
36.36,0.565793539993,-4.93118841233
36.365,-0.19710093505,-9.78579682636
36.37,-0.0407871238841,-8.48084046579
36.375,0.451839300337,-6.38488900028
36.38,-0.276422061755,-4.50025169541
36.385,-0.551971658666,-4.81826947581
36.39,-0.0998957826373,-8.50928388496
36.395,0.0139036502198,-14.8797596233
36.4,-0.0540215654247,-15.005489266
36.405,-0.00925137004719,-8.96858068273
36.41,0.413122194458,-5.46443191161
36.415,0.420152861865,-6.43714027522
36.42,-0.0567111474014,-18.0847459244
36.425,0.390947204228,-7.8791509294
36.43,0.301240144173,-1.50730302852
36.435,-0.910122755954,0.219003128875
36.44,-0.486326249513,-0.639361651882
36.445,0.557358102172,-3.55026096557
36.45,0.246181977145,-8.01220376604
36.455,-0.0312231804906,-11.0053247429
36.46,-0.415570459589,-4.87167981162
36.465,-0.925179992645,0.115653913913
36.47,0.115292734355,2.30750543114
36.475,1.23943187887,2.12978827249
36.48,0.521882742284,-0.322106898784
36.485,-0.384215879258,-5.11966925789
36.49,-0.180951770374,-10.3280984416
36.495,0.324793503498,-8.98953753606
36.5,0.302966003238,-6.29934835321
36.505,-0.275064694469,-5.31452535969
36.51,-0.483382783966,-6.26336772519
36.515,-0.207262387584,-8.46490573568
36.52,0.00243663877012,-7.98773766059
36.525,0.389680140582,-6.01234442674
36.53,0.392187512861,-7.43001989096
36.535,0.0602436214485,-18.1187126144
36.54,0.31796360365,-9.92745701979
36.545,0.243006600934,-5.29999481154
36.55,-0.237638565072,-6.08058984464
36.555,-0.346716403388,-8.0104167203
36.56,-0.48930304266,-6.08930110041
36.565,-0.127490640582,-5.37028209336
36.57,0.330514962883,-8.78391419452
36.575,-0.0669059433392,-23.4394528989
36.58,0.277524260325,-4.20164628397
36.585,1.08794286365,0.837011434115
36.59,0.33726730217,1.9282280431
36.595,-0.641927430543,-0.171831827148
36.6,-0.501545680794,-5.68289888545
36.605,-0.337539275593,-8.05501174417
36.61,-0.569448740076,-4.26780401201
36.615,-0.839038757123,-1.45025081529
36.62,-0.704918457466,0.368155326484
36.625,0.12907642161,0.647539177399
36.63,0.831367069415,-0.817454833007
36.635,0.388457248761,-3.59222578606
36.64,-0.579201530473,-3.89397532828
36.645,-0.403407981014,-1.51985957843
36.65,0.612402386959,-0.817561713878
36.655,0.719243956798,-2.41459264915
36.66,0.0478101121781,-6.31460988639
36.665,-0.198638937943,-13.3203690023
36.67,-0.00617262187402,-41.5448997305
36.675,-0.197407638691,-13.5630714388
36.68,-0.198622070937,-5.76097045072
36.685,0.701601288776,-1.87275557759
36.69,0.518991306486,-0.861060826717
36.695,-0.642991657024,-2.29856974353
36.7,-0.154907157961,-5.02037471723
36.705,0.457747188759,-6.70249159406
36.71,-0.0976635168345,-10.3118109302
36.715,0.0675369537434,-23.3311372768
36.72,0.0218239847025,-5.30110891405
36.725,-0.853836603434,-0.817732391049
36.73,-0.786781049688,0.352309613812
36.735,0.0286868712499,0.444171358101
36.74,0.836989706708,0.400998045867
36.745,0.741727438712,-1.55169199146
36.75,-0.270573612025,-7.33497317185
36.755,-0.0555141019951,-3.56864326268
36.76,1.00557616923,0.690134455439
36.765,1.04436079943,1.88025536091
36.77,0.202026185038,1.84471200599
36.775,-0.718144212764,0.676860531909
36.78,-0.659173852858,-3.36132772194
36.785,0.208078067629,-11.4816860771
36.79,0.0722138050828,-2.66216540209
36.795,-1.06582747521,1.52697428256
36.8,-1.02738762425,2.4203826968
36.805,0.298013907456,0.627631450606
36.81,0.561833791918,-4.97982015755
36.815,0.0216692497116,-32.842497259
36.82,0.292765879176,-9.40693656979
36.825,0.22125356948,-9.00636927585
36.83,-0.126374491454,-17.7691309536
36.835,0.448985955329,-6.80092788549
36.84,0.207950473593,-2.76116260501
36.845,-0.543888526387,-4.51635354126
36.85,0.0894951050791,-13.1341210382
36.855,0.133633706208,-4.08164018916
36.86,-0.760976901879,-1.11418806
36.865,-0.648294256854,-3.05662789976
36.87,-0.372110943427,-6.10438177335
36.875,-0.21557072634,-5.80747737972
36.88,-0.00777979645346,-13.4175553945
36.885,-0.560239787948,-3.96692203359
36.89,-0.166871413901,2.99578286545
36.895,1.47015785421,5.08478474588
36.9,1.48084788429,4.39624458416
36.905,0.0323496237615,1.73880575474
36.91,-0.731672017953,-2.03127243538
36.915,-0.201149222638,-4.36771659614
36.92,0.723431474114,-2.53339383846
36.925,0.371160087296,-1.44734707354
36.93,-0.446160204422,-4.04059279736
36.935,-0.112215295199,-18.9824832438
36.94,-0.153989029227,-5.54398148554
36.945,-0.978993303697,-0.131282394158
36.95,-0.530771873751,0.654268207237
36.955,0.404045458573,-2.22746556553
36.96,0.265571542332,-9.61428246882
36.965,0.387157470091,-5.13263909738
36.97,0.770572090356,-2.17632621595
36.975,0.183917162007,-4.5337112137
36.98,-0.097212108768,-20.0376934389
36.985,0.522713814576,-5.62928338015
36.99,0.422652189902,-0.270152299284
36.995,-0.602812450967,1.17538417865
37,-1.0497131286,0.445332015831
37.005,-0.596205849988,-1.62042487956
37.01,0.00325194361938,-3.70742547956
37.015,0.446080837666,-5.87592957357
37.02,0.129522480908,-9.32774927201
37.025,-0.368937644522,-8.10588689283
37.03,0.39812486124,-3.76813910427
37.035,0.665681155047,-1.02002779413
37.04,-0.621302885597,0.0408736025391
37.045,-0.777235701233,-0.984741508244
37.05,0.169665575249,-5.01580940941
37.055,0.160474927123,-15.6368868076
37.06,-0.122273616116,-15.733429722
37.065,0.160177754599,-9.67991041093
37.07,0.422025827347,-7.29070290188
37.075,0.0238850857016,-5.03096497157
37.08,-0.673490176651,-2.70766329492
37.085,-0.728322174826,-0.838413591826
37.09,0.0295211122178,0.486939419265
37.095,0.904011373575,0.549557371858
37.1,0.689242966966,-2.37739346051
37.105,0.18528570319,-11.7797445217
37.11,0.511232642572,-4.95776379423
37.115,-0.0303424486871,-1.78357256136
37.12,-0.658305249457,-3.63133801499
37.125,0.244903014967,-6.48967707664
37.13,0.305482415083,-4.97587151141
37.135,-0.433923388317,-5.75859155278
37.14,-0.205068723688,-10.9861505781
37.145,-0.0770603203387,-15.3392665636
37.15,0.186426071081,-8.28441391071
37.155,0.542467791255,-4.78581489379
37.16,-0.0844996573142,-5.69294288189
37.165,-0.157011809449,-16.081128792
37.17,0.128027171416,-10.4866809899
37.175,-0.40159249672,-5.48456772192
37.18,-0.359827806046,-7.57584481849
37.185,0.0260799962882,-18.9155247996
37.19,-0.124980463493,-17.336638282
37.195,-0.1861840038,-12.4159708791
37.2,0.0669682827842,-10.3659875599
37.205,0.437521351298,-7.16303275893
37.21,0.250350987909,-4.08275826257
37.215,-0.376216372702,-3.05629710501
37.22,-0.622297767462,-3.17414033706
37.225,-0.963985983777,-0.30765380262
37.23,-0.995759038606,2.35827318556
37.235,0.0432174520866,1.74952824815
37.24,0.362373652872,-4.75134709371
37.245,-0.139832535906,-2.84027702555
37.25,0.840202519534,3.69034689848
37.255,1.6896739929,4.55621220465
37.26,0.71214895343,1.19852392248
37.265,0.256659237429,-4.32081084127
37.27,0.0737976400649,-2.49152154793
37.275,-0.518448683252,-4.82204956326
37.28,0.231112344507,-8.64877170392
37.285,0.450988453961,-1.48964133746
37.29,-0.64066381929,-0.714418450418
37.295,-0.482237166328,-5.80092205205
37.3,-0.216389090601,-13.2842686965
37.305,-0.336580217885,-5.77814452801
37.31,0.521614160047,-3.5344783326
37.315,0.423386889089,-2.03051596868
37.32,-0.644523377295,-1.71440123361
37.325,-0.548754010342,-3.59776437793
37.33,0.0684955971506,-7.16369350934
37.335,0.317710180633,-9.9579315778
37.34,-0.109821557721,-6.67890515235
37.345,-0.793761102406,-1.9917554934
37.35,-0.364940989999,0.40183237331
37.355,0.69530201819,1.09369452173
37.36,1.13338024117,1.0900809288
37.365,0.579017022833,0.615920422483
37.37,-0.446123830664,-1.1368613314
37.375,-0.545760733608,-4.92345300789
37.38,0.189261443157,-8.46688357507
37.385,0.41240223987,-5.34492233965
37.39,-0.31648888589,-1.66253094342
37.395,-1.04537739118,0.388250366757
37.4,-0.499542522865,0.543183078351
37.405,0.391442929871,-1.27528818719
37.41,0.575098953495,-3.6157200231
37.415,0.712054853287,-2.91374601823
37.42,0.740956654252,-1.49793660021
37.425,0.463576871672,-0.236803897548
37.43,-0.192505586354,1.16818285654
37.435,-0.8770004373,0.8277164088
37.44,-0.749063838588,-2.39135041712
37.445,-0.825825402241,-1.38389477653
37.45,-1.32052581257,2.80074708632
37.455,-0.727316429186,3.99374372543
37.46,0.397101494342,2.91826890194
37.465,0.889765502976,0.617693731336
37.47,0.678193412624,-3.24127948193
37.475,-0.0077135754789,-14.5715813371
37.48,-0.0746590530554,-6.7307400729
37.485,0.536925586987,-2.96562255643
37.49,0.513428654676,-5.72001938459
37.495,0.553028937909,-4.1767721213
37.5,1.20088444654,1.66187427637
37.505,0.720578438007,3.20589186815
37.51,-0.492235168336,1.05443042915
37.515,-0.468380497488,-6.45749823134
37.52,0.0840746780043,-18.0632694744
37.525,0.0404480540899,-7.46599189311
37.53,-0.18202931905,-5.34028912531
37.535,-0.51363458571,-3.2881222205
37.54,-0.665211865209,-3.54049965129
37.545,-0.319454928574,-8.88064379668
37.55,-0.448719584296,-6.88889597009
37.555,-0.786084134932,-0.553337896691
37.56,0.0263752316093,1.91888600095
37.565,1.26813854515,2.90963281623
37.57,1.09422810234,3.66385778237
37.575,-0.744567357338,4.39786349863
37.58,-1.63633653298,4.40673671908
37.585,-0.181083035581,2.65807130565
37.59,0.670476300568,-2.49602480465
37.595,0.0627484783714,-23.872811241
37.6,0.403303301877,-4.73535061384
37.605,0.831296776817,-0.13994032265
37.61,-0.528726124998,1.77951714673
37.615,-1.22673190644,2.32111022542
37.62,0.329001381299,1.03145560874
37.625,0.642908380846,-2.76221590477
37.63,-0.569939278386,-4.43920102907
37.635,0.0121136836904,-2.1704317381
37.64,0.651630557694,-3.69598490109
37.645,-0.254613281793,-8.63316243093
37.65,-0.065743381378,-3.6258968786
37.655,0.828431340399,-1.29886787097
37.66,0.40569468403,-4.25912214937
37.665,0.166054792046,-13.7586746227
37.67,0.5158780255,-3.27430692699
37.675,-0.214765880656,-0.587333706733
37.68,-0.680837378803,-3.17302409082
37.685,-0.134823041232,-16.1814957154
37.69,-0.369428533602,-7.61566497419
37.695,-0.441511464904,-4.30341597199
37.7,0.268081870226,-7.62384537662
37.705,-0.108821564494,-11.8479298686
37.71,-0.451748574854,-3.20395668147
37.715,0.610019755989,0.277374164062
37.72,1.10476583737,1.03950409638
37.725,0.486196378143,0.569232058821
37.73,-0.244438798146,0.774902836718
37.735,-1.01897324782,1.95210154653
37.74,-1.35786273628,2.78691290367
37.745,-0.823575770052,3.1459440924
37.75,0.279421725638,3.49489940177
37.755,1.3536669605,3.74966448388
37.76,1.27706192298,3.37401218445
37.765,-0.172798998968,2.01210045843
37.77,-0.995172769881,-0.0339681049816
37.775,-0.0735814951707,-1.45334558587
37.78,0.745427952142,-2.19774319816
37.785,0.463324955656,-3.81217696276
37.79,0.0583050517085,-6.04895707779
37.795,-0.14303435199,-7.18651418741
37.8,-0.303620742176,-7.14209424483
37.805,-0.470159542842,-6.3431769475
37.81,-0.347468359681,-7.08319615789
37.815,0.0721488771735,-12.1531070029
37.82,0.0381450698018,-21.9716696359
37.825,-0.0628263173661,-24.0094721418
37.83,0.0165349124217,-16.0794898138
37.835,-0.351295114768,-7.13615789741
37.84,-0.533027024864,-5.19821624814
37.845,-0.375776309072,-5.75563742768
37.85,-0.269332230165,-3.85525140975
37.855,0.233669798343,-2.75845068569
37.86,0.435248898316,-6.75504889653
37.865,-0.0390359535706,-17.8302646574
37.87,0.283532097132,-3.75618843004
37.875,0.730337498624,-2.71367031912
37.88,-0.116712894281,-10.5782356611
37.885,0.110377672575,-1.31401278252
37.89,1.61587635005,4.23071237621
37.895,0.831701984979,4.92026555402
37.9,-0.692214404767,1.25383399893
37.905,-0.205466483571,-12.1314366237
37.91,-0.341766728812,-1.76354188514
37.915,-1.29115154099,2.23461488079
37.92,-0.262115511279,2.96124042818
37.925,1.20675921765,2.48590700565
37.93,0.797051724343,1.03577573496
37.935,-0.229462214188,-2.45429601502
37.94,-0.190932577248,-13.9245583793
37.945,0.296996305547,-6.52887882049
37.95,-0.354748271566,0.684942214366
37.955,-1.3863805729,2.92384399542
37.96,-0.614998837067,2.24777476571
37.965,0.787715932542,-0.677387005251
37.97,0.153424653243,-1.78085418685
37.975,-0.948807672877,-0.392493113254
37.98,-0.256303758736,-2.01140676432
37.985,0.276736246172,-10.4127775558
37.99,-0.271056431458,-11.2424476645
37.995,-0.164324817647,-7.60611623563
38,0.00398213555972,-15.7204759553
38.005,-0.286509605437,-6.77435547096
38.01,0.153089615381,-1.94680295508
38.015,0.708621153383,-1.50758168741
38.02,0.817110714906,-1.73233118416
38.025,0.554991048777,-1.34374547989
38.03,-0.271537913931,-2.90016644391
38.035,-0.370798919965,-8.48281965948
38.04,0.0629743294095,-21.8748467107
38.045,-0.0953154109682,-18.8627506643
38.05,0.0613771293047,-20.932722612
38.055,-0.0729031241872,-9.72140727914
38.06,-0.658231665003,-3.26574042319
38.065,0.162109963701,-0.601464706074
38.07,0.883353037646,-1.07587044013
38.075,-0.000196036788835,-4.93123051984
38.08,-0.308817854559,-8.62719505599
38.085,0.338359725979,-6.07067941956
38.09,0.506915179427,-5.70773710922
38.095,0.253855152655,-7.69706555804
38.1,0.107283763931,-13.8531685676
38.105,0.479582110742,-5.75404521612
38.11,0.409416764897,1.22930864025
38.115,-0.970201541692,3.68570305866
38.12,-1.30160380825,2.57262462208
38.125,0.00784231409663,-3.99866119945
38.13,-0.100163258145,-6.76141228483
38.135,-1.2032386755,1.68499454149
38.14,-0.344150344998,3.4696854022
38.145,0.942577549463,1.24851649806
38.15,0.299754558387,-8.50984326911
38.155,0.0199978364822,-6.49954086888
38.16,0.927314927665,-0.273476141837
38.165,0.581097947947,-0.891912608875
38.17,-0.10808371597,-8.51545942875
38.175,0.278281880855,-9.70231967088
38.18,0.0608291085255,-2.87417408243
38.185,-0.546882091634,-3.67511994695
38.19,-0.200653556886,-13.5304585662
38.195,-0.112709687059,-9.12301358121
38.2,-0.627905905437,-3.76256453668
38.205,-0.37226172027,-5.60531784319
38.21,-0.0269845041026,-22.8370370604
38.215,-0.472751358364,-6.4867213097
38.22,-0.488021528671,-2.4328559963
38.225,0.109734799601,-3.04824125781
38.23,0.332798230204,-6.70168943995
38.235,0.181575460361,-13.0546341826
38.24,0.0628385322872,-11.0405995626
38.245,0.380527151836,-4.55083987971
38.25,0.753976878669,-2.44840434491
38.255,0.430496063022,-3.99170518149
38.26,0.0815375399992,-8.10929750785
38.265,-0.0513471502103,-9.12725756129
38.27,-0.254662005948,-11.2464163891
38.275,0.0693363118468,-17.5124437354
38.28,0.102275280496,-9.98249835774
38.285,-0.338293782493,-8.96122705473
38.29,-0.0173003928745,-15.3445709846
38.295,-0.122636103214,-13.6664446242
38.3,-0.41274314736,-4.22988118329
38.305,0.643608330489,-0.346775758322
38.31,0.911361049148,0.240772881054
38.315,-0.0374729694774,-2.67014588562
38.32,-0.201652790513,-10.0924590194
38.325,-0.0854195121129,-13.3650629349
38.33,-0.0203117294667,-15.122098088
38.335,-0.00857586231961,-6.29063486208
38.34,-0.598116479222,-2.06652934886
38.345,-0.663655034433,-3.51375823533
38.35,-0.47610006724,-6.44314312737
38.355,-0.978718780872,0.286593482008
38.36,-0.297623731928,2.35530663498
38.365,0.723695634819,-1.1112405415
38.37,-0.135431580767,-14.1947035313
38.375,-0.270038893346,-0.454436310798
38.38,0.859425418237,1.387923492
38.385,0.793275079165,-2.00854789279
38.39,0.78181284583,-2.12787208243
38.395,0.937710740041,1.44295367946
38.4,-0.171057556863,0.647123992199
38.405,-0.516567326366,-5.70521882716
38.41,0.250126353177,-11.1592914246
38.415,0.317822253954,-5.18170629408
38.42,-0.0701428474113,-3.06192808149
38.425,-0.649884601196,-1.1817860921
38.43,-0.846816822271,-1.2644812047
38.435,-0.224512479028,-4.40998003569
38.44,0.14604892177,-9.60284622234
38.445,0.304803485501,-10.1866983617
38.45,0.203418837593,-5.71976387537
38.455,-0.563228256639,-2.11691338102
38.46,-0.875321662215,-0.921643996846
38.465,-0.450143617242,-0.961271333181
38.47,0.25830515253,-0.980422814206
38.475,0.769161401542,-2.11364096521
38.48,0.122089587752,-4.8933920905
38.485,-0.611802975788,-4.23367067887
38.49,-0.0766060360474,-1.98414016146
38.495,0.703977405162,-1.56766814526
38.5,0.614354711427,-2.70756045595
38.505,-0.350642741981,-4.46175616679
38.51,-0.501858920865,-1.27345290518
38.515,0.93818452459,2.34816142645
38.52,1.25920932338,2.84309117461
38.525,0.050799615821,-0.740989047412
38.53,-0.0163777560077,-13.4503501345
38.535,0.268714873799,-2.97253245884
38.54,-0.664982642772,0.0826208777316
38.545,-0.710401914065,-1.75547632516
38.55,0.421896272153,-5.22705699328
38.555,0.222925289772,-3.60552936911
38.56,-0.514135508715,-4.19193595648
38.565,-0.230926462831,-12.2947865059
38.57,-0.146607215975,-10.9549192665
38.575,-0.571117277114,-4.49492064784
38.58,-0.612805957536,-3.33986860497
38.585,-0.327625490238,-3.76847545468
38.59,-0.0324156829066,-4.01556904855
38.595,0.298878445242,-3.17615704063
38.6,0.756993745582,-1.47846935734
38.605,0.920277582835,0.082078074106
38.61,0.128105838712,0.819806324375
38.615,-0.851466370361,0.208043779083
38.62,-0.650127361412,-2.68666073115
38.625,-0.104378878662,-10.0617571441
38.63,-0.189140960975,-12.0335624946
38.635,-0.0634333014474,-9.78393314252
38.64,0.0034977749941,-21.8008083111
38.645,-0.372037005079,-7.19045238365
38.65,-0.140298045206,-1.02773146454
38.655,0.797992157244,1.70379398905
38.66,1.38873302662,2.88362978686
38.665,0.488879838312,2.15730106462
38.67,-0.673064748963,-1.76632869364
38.675,0.0654352228077,-7.97157581304
38.68,0.43487225799,-2.71530388555
38.685,-0.858825136776,0.139803735744
38.69,-0.614548210085,0.958473089175
38.695,0.805950141897,0.768163828285
38.7,0.855487487509,-0.542036190089
38.705,0.174664902095,-2.28639347759
38.71,-0.426033905216,-3.70445827947
38.715,-0.410951917995,-6.4717953807
38.72,0.410144293266,-6.56562501812
38.725,0.283625974297,-2.59389833416
38.73,-0.659481948805,-2.03195644996
38.735,-0.270217535532,-6.75695899167
38.74,0.275645211189,-8.11840588203
38.745,-0.745801791887,-0.321182029657
38.75,-1.04414459422,1.92609982923
38.755,0.19365869742,0.736904518054
38.76,0.599113123594,-3.77411616561
38.765,0.325945943262,-9.73426648218
38.77,0.380840162898,-7.88090667707
38.775,0.106838458123,-6.54537805101
38.78,-0.380467399217,-6.13567559427
38.785,-0.518349126601,-4.82972275048
38.79,0.0753043929296,-3.21492925618
38.795,0.708419489184,-2.95092398662
38.8,0.0839638015717,-5.26801390015
38.805,-0.269818963927,-11.059569801
38.81,0.302781593105,-10.320597164
38.815,-0.116793099852,-6.45552260373
38.82,-0.521690533912,-5.03881897546
38.825,0.196931389844,-4.52545181838
38.83,0.581022796734,-4.71125609237
38.835,0.284825439914,-5.72586993434
38.84,-0.00159503500688,-7.32040654304
38.845,-0.107064708062,-5.67102517573
38.85,-0.673264923233,-0.78952039036
38.855,-1.22646872858,2.02694259133
38.86,-0.265480769962,2.11904743983
38.865,0.765469281533,-0.81352822907
38.87,0.274948894584,-8.03162562158
38.875,-0.0990654671898,-19.9591942235
38.88,-0.0585661275033,-23.6094522958
38.885,-0.420622908167,-6.51423419579
38.89,0.0719569373451,-0.668305146886
38.895,1.06350658801,1.08647141392
38.9,0.741676539709,0.0270976668909
38.905,-0.132280370269,-3.50774573908
38.91,-0.287537988667,-10.1545158992
38.915,-0.0240175676428,-31.1529562247
38.92,-0.168632943725,-11.8669661699
38.925,-0.437264503809,-5.30057282452
38.93,0.491601569895,-0.686267292386
38.935,1.15992328882,2.07198711985
38.94,-0.356972408631,2.73401356771
38.945,-1.16040775816,1.42143599253
38.95,0.168830852363,-1.23646726278
38.955,0.571332334452,-4.67238173865
38.96,0.0735534314753,-12.0434274452
38.965,0.274963164502,-8.89827785946
38.97,-0.0431997447166,-2.21759870107
38.975,-0.841671231464,-0.395866059234
38.98,-0.827558774047,-0.871352909549
38.985,-0.263580353844,-1.79502912991
38.99,0.455323836162,-2.62260497119
38.995,0.572597893298,-3.89762377247
39,-0.327784302201,-3.65268483052
39.005,-0.722615842083,-2.19591079255
39.01,-0.0503463882266,-2.38227159545
39.015,0.359005311982,-5.30371787187
39.02,0.310761134259,-6.77656831458
39.025,0.779082978413,-1.46347942335
39.03,1.00941751023,1.32072057064
39.035,0.0402480972585,1.03732019505
39.04,-0.588283215917,-2.54953873733
39.045,-0.291202847909,-10.4823757946
39.05,-0.235079100792,-9.97716451672
39.055,-0.466142975485,-6.20219975745
39.06,-0.568137929173,-4.43367497498
39.065,-0.266944398735,-4.98491658352
39.07,-0.048815746333,-9.37545306922
39.075,-0.184264105069,-4.51851980488
39.08,0.614260775608,0.847416039666
39.085,1.29609277219,2.3858473067
39.09,0.214509755558,0.920003744359
39.095,-0.491159409616,-3.87609781806
39.1,-0.330566976686,-8.5567045032
39.105,-0.688275304778,-3.18403193599
39.11,-0.267392174214,-0.286176902069
39.115,0.779110169499,0.0199155218258
39.12,0.78971102269,-1.70383256008
39.125,0.444461585011,-3.19369633346
39.13,0.0438726353726,-2.05100118384
39.135,-0.620447390726,-2.12498848865
39.14,-0.393635016867,-6.38567027
39.145,0.260191673605,-11.5354441977
39.15,-0.29781209859,-2.8410100798
39.155,-0.967603436514,-0.275898072553
39.16,-0.362978528114,-2.13748397524
39.165,-0.0742000170894,-9.25012440385
39.17,-0.272321318369,-1.9798601761
39.175,0.908118580462,2.61620030515
39.18,1.29919335273,3.30535040711
39.185,-0.422546132017,0.988295158963
39.19,-0.457667235617,-4.75411955198
39.195,0.425050108365,-6.79840115684
39.2,-0.649302676439,-1.32511832136
39.205,-0.68196886087,0.44417155168
39.21,0.551130542354,-1.90256973008
39.215,0.0831533523948,-15.6466749716
39.22,-0.00970843660967,-3.60821875692
39.225,1.1446690272,1.46873038349
39.23,0.692091405969,1.85573420469
39.235,-0.493018793373,-0.857457335756
39.24,-0.487621726063,-6.23630644688
39.245,-0.184367821771,-11.9064538847
39.25,0.00283676504585,-15.327522901
39.255,0.0270171172178,-20.4205721616
39.26,0.139455381289,-9.85655252523
39.265,0.690840180305,-3.21006678706
39.27,0.299409274695,-0.785882797001
39.275,-0.597579909625,-1.75724055231
39.28,-0.514075966258,-5.6871807519
39.285,-0.346027418544,-7.25617981682
39.29,0.08742503274,-5.49489450009
39.295,0.539937199029,-5.17607984431
39.3,-0.240412671257,-6.19547565714
39.305,-0.142930257748,-6.72686168356
39.31,0.743087906125,-2.26946925453
39.315,-0.368912117315,0.772649557239
39.32,-1.0090913985,0.528034432868
39.325,0.368821334388,-2.80510291475
39.33,0.197691207278,-3.50537806592
39.335,-0.9033604093,-0.877401639358
39.34,0.00593184474107,-1.20845770957
39.345,0.655303746076,-3.23668872348
39.35,-0.512303620873,-1.95605673208
39.355,-0.747423595304,-0.795013695218
39.36,0.174952226062,-3.20018764884
39.365,0.210858191134,-12.6204188768
39.37,-0.0393698166014,-12.7647780504
39.375,0.181063539928,-8.16875407149
39.38,0.329420921702,-7.8289632818
39.385,0.518832430489,-5.67647689347
39.39,0.299417430472,-5.2767002
39.395,-0.343639975988,-8.44566023804
39.4,0.17005497887,-5.96172841354
39.405,0.707961886163,-2.21334895622
39.41,-0.215797949931,-2.5762460574
39.415,-0.391314866293,-8.03329057027
39.42,-0.0149463273753,-24.2257854291
39.425,-0.425568863521,-7.34360594081
39.43,0.119326388694,-4.13149837185
39.435,0.616694790002,-3.67479171108
39.44,-0.34307984767,-3.80570030896
39.445,-0.530253334791,-3.76178482732
39.45,0.164743248335,-5.16494903716
39.455,0.314591071805,-8.91358336131
39.46,0.196244563127,-13.2949983063
39.465,0.172581328622,-9.00285209882
39.47,0.796867337121,-0.380279229316
39.475,1.56223697704,4.17700912577
39.48,0.774336691884,5.71077845528
39.485,-0.682973569021,4.76793116214
39.49,-1.0607470491,1.97456616724
39.495,-0.908791815859,-0.536446746741
39.5,-0.825454388812,-1.66487123815
39.505,-0.673485587694,-3.10887557295
39.51,-0.609806947905,-3.50054424051
39.515,-0.52121610011,-3.06769282308
39.52,-0.251474331943,-4.33225021104
39.525,-0.124578499102,-7.63878446734
39.53,-0.271485767418,-6.14100769441
39.535,-0.16802737964,-1.9862788809
39.54,0.440994388734,-0.77405681989
39.545,0.640129786902,-3.67060829203
39.55,0.0360307491023,-25.3221060674
39.555,0.0253728026176,-4.16124676148
39.56,0.844279471596,0.156955759308
39.565,0.943326695397,-0.194345960718
39.57,0.398081131768,-3.85252385022
39.575,0.242605720649,-7.99786639001
39.58,0.337631415829,-5.1081476794
39.585,-0.0107977074454,-1.92703740173
39.59,-0.778614684826,-1.06798241193
39.595,-0.452861814151,-2.0730439276
39.6,0.709277966073,-2.2009542557
39.605,0.302815283367,-1.58661724352
39.61,-0.555529903049,-4.0715388341
39.615,0.0151505665232,-15.1098828039
39.62,0.012061672547,-5.20567642899
39.625,-0.949691663382,-0.298456461002
39.63,-0.412941634178,0.732113683106
39.635,0.862224143869,-0.191214130292
39.64,0.354241706875,-1.6296973382
39.645,-0.700450748672,-2.49781947071
39.65,-0.262548947441,-3.8156259953
39.655,0.35977461548,-7.39242731313
39.66,0.0728711704491,-16.7100376723
39.665,-0.035859317306,-15.8391924794
39.67,0.321336842775,-9.50573828646
39.675,0.165089843279,-7.84496738574
39.68,-0.415491567654,-6.98683622267
39.685,-0.213275415139,-4.4129493896
39.69,0.69697777955,-1.41815789278
39.695,0.91044588587,0.606996410721
39.7,-0.14741768714,1.15806033183
39.705,-0.917418358487,-0.538828458329
39.71,-0.138456544819,-5.84777473784
39.715,0.287827958699,-9.1177587937
39.72,-0.298072733592,-6.54240864863
39.725,-0.312463635134,-9.98811488662
39.73,-0.451526038955,-6.49376208018
39.735,-0.683397291775,-1.91085735397
39.74,0.0456825453485,-2.20753917045
39.745,0.371962153718,-7.99778394556
39.75,-0.13070455939,-17.6025187971
39.755,-0.00934429891546,-4.56098810396
39.76,0.875518006189,-0.635029092168
39.765,0.527253392655,0.930551764383
39.77,-1.09224344448,1.75123986597
39.775,-0.496126406344,2.1989018013
39.78,1.1003488783,1.23293752318
39.785,-0.0387340837527,-1.00032063361
39.79,-0.855250252437,0.0289334446401
39.795,0.706081099354,2.16761066118
39.8,1.19242260316,1.94362749324
39.805,0.125486913035,-1.16427957852
39.81,-0.217863446058,-9.2499542819
39.815,0.0954123091672,-10.7042384893
39.82,-0.342577776793,-2.90511889558
39.825,-0.977202465444,-0.104298756658
39.83,-0.0251262798592,0.851945198428
39.835,1.13270413459,1.11316094468
39.84,0.14618091016,0.739134509311
39.845,-0.857826384286,-1.16084095404
39.85,-0.0681228166881,-5.76038832321
39.855,0.241429552446,-10.6397745668
39.86,-0.351031509189,-7.84686724038
39.865,-0.320836288613,-7.3219921984
39.87,-0.0205998841287,-8.50013686099
39.875,0.216647668751,-7.69551814059
39.88,0.449471691555,-6.77884891464
39.885,0.313036750101,-7.95598561298
39.89,0.050587708098,-11.0035102587
39.895,-0.062030115516,-15.9473108229
39.9,0.0521859612331,-25.0068077364
39.905,0.245636831116,-8.62642117594
39.91,-0.157334815379,-3.21679475925
39.915,-0.785207216004,-1.40097026421
39.92,-0.752796577465,-1.66004139031
39.925,-0.353925024068,-2.17865252769
39.93,0.215029994242,-2.30886762491
39.935,0.582239654167,-4.11374689641
39.94,0.322677923672,-8.89774506379
39.945,0.225138366763,-9.35396283718
39.95,-0.294623836785,-3.65648716219
39.955,-1.07813638848,1.11804757386
39.96,0.138083286351,3.70475260716
39.965,1.46058254614,3.60351148163
39.97,0.78452769752,0.410078490289
39.975,0.311937811313,-3.82827976149
39.98,0.143444095809,-1.30686058182
39.985,-0.658140794418,-0.114248913493
39.99,-0.778347929605,-2.04946378567
39.995,-0.181155893656,-7.16532028949
40,0.0353640947771,-17.3956305502
40.005,-0.0544833063571,-22.3673395825
40.01,-0.0645581821955,-17.463978408
40.015,0.00618702303939,-13.5723515664
40.02,0.297236394141,-8.8689499177
40.025,0.448241413612,-5.10050763878
40.03,-0.304548126215,-2.43212703548
40.035,-0.880801456588,-0.859940571373
40.04,0.0487413732534,-0.476832963684
40.045,0.823737198282,-1.52801874773
40.05,0.348582780075,-4.40902281268
40.055,-0.0117695999583,-7.31015318234
40.06,-0.352706452911,-5.20981908921
40.065,-0.583063324095,-4.16590240824
40.07,0.203243781865,-6.62348151812
40.075,0.121081882014,-6.45644850009
40.08,-0.865996316146,-1.23904455899
40.085,-0.0466043377026,1.34629190141
40.09,1.17934863428,1.70681314454
40.095,0.540204254396,0.411788107313
40.1,-0.452276719816,-2.39886759777
40.105,-0.439302956291,-7.13026807001
40.11,-0.217657559453,-12.3585794767
40.115,-0.203111198779,-9.79052727299
40.12,0.233965620753,-7.6336551925
40.125,0.401424244065,-5.97456843347
40.13,-0.337219155603,-3.87910154738
40.135,-0.678748185498,-3.3214288969
40.14,-0.468828740738,-3.72647616031
40.145,-0.260159035974,-1.77359191081
40.15,0.391303804731,0.456783506442
40.155,1.02906874839,0.950229215601
40.16,0.899051756375,-0.272288187081
40.165,0.27794405918,-4.0199805441
40.17,0.126757134307,-13.6328340194
40.175,0.573488189447,-3.32181580515
40.18,0.0490757698657,1.18479305802
40.185,-1.02991004906,1.37825864973
40.19,-0.544619479586,-2.67167732201
40.195,0.153415956609,-16.2484784312
40.2,-0.5363402085,-4.38721510589
40.205,-0.640486779107,-0.425574259822
40.21,0.474972077602,0.0400760126608
40.215,0.800833135295,-1.88324534689
40.22,0.170629370086,-7.70628396439
40.225,0.186914629348,-14.4262126063
40.23,0.484363416516,-3.21842452185
40.235,-0.276681478033,0.114338603809
40.24,-0.937847428727,-0.345576546473
40.245,-0.358981682332,-5.55064944496
40.25,-0.0530761672997,-20.8890166424
40.255,-0.565581887025,-4.72592577662
40.26,-0.64030642521,-2.29453371529
40.265,-0.296801742297,-2.34276026204
40.27,0.0907326656731,-2.04486119945
40.275,0.47610542751,-2.90720247036
40.28,0.455230274219,-5.64429147711
40.285,0.640859741734,-3.49648709498
40.29,0.670677090214,-1.48673550444
40.295,-0.360367545346,-2.41931699786
40.3,-0.588230146927,-2.35038522215
40.305,0.519450595215,-0.229608201965
40.31,1.08599678379,0.731299112128
40.315,0.573683270705,0.311366004411
40.32,-0.264315966353,-2.56985926911
40.325,-0.180502455568,-14.6288212261
40.33,0.245459358225,-8.0344027128
40.335,-0.212316296462,-3.56978700548
40.34,-0.483917559384,-5.41377335043
40.345,-0.364257384107,-8.53678924729
40.35,-0.430723129358,-7.29605139818
40.355,-0.301396598836,-8.34488976504
40.36,-0.121494088115,-11.3720191854
40.365,-0.0120234958738,-17.33160911
40.37,-0.210167232706,-13.5357633242
40.375,-0.360165773425,-3.73451333325
40.38,0.59659677186,0.276975712659
40.385,1.17144595504,1.88148892223
40.39,-0.135925874723,2.20336586452
40.395,-1.20698950357,1.67500597885
40.4,-0.234666402368,0.250318165987
40.405,0.779678620469,-2.02492052746
40.41,-0.0865837640797,-3.6698028512
40.415,-0.565540238052,-4.1205203038
40.42,0.322709794056,-6.19427596341
40.425,0.0487286439392,-8.01515242498
40.43,-0.529714224202,-5.0634783146
40.435,0.126595914311,-4.58878812417
40.44,0.379491160342,-8.12605044897
40.445,0.274145958478,-11.1881913305
40.45,0.246761689549,-7.78346375527
40.455,-0.333763598685,-6.03875781832
40.46,-0.42540852667,-5.53291964703
40.465,0.188355521889,-6.39516052518
40.47,0.34743835706,-9.15714306391
40.475,0.19685035215,-11.8557082774
40.48,-0.0144507743804,-11.009060417
40.485,-0.368815494383,-8.48797172241
40.49,-0.230872142795,-6.30169345443
40.495,0.220171380373,-6.55094819175
40.5,0.284505505903,-7.77584273828
40.505,0.686466553945,-2.09776619925
40.51,1.19448867494,2.15276906454
40.515,0.257507366934,3.31578698051
40.52,-0.92155110761,1.63548618108
40.525,-0.659281889941,-3.20673464409
40.53,-0.0644261431016,-12.2612393811
40.535,0.123964224533,-17.4283163984
40.54,-0.0414719935804,-8.00822474112
40.545,-0.567616767976,-4.02890063301
40.55,-0.496300391593,-4.3161327432
40.555,0.0445808261928,-10.6347482965
40.56,-0.155656066623,-15.4943016513
40.565,-0.375852441173,-5.12750501312
40.57,0.348776949597,-3.04668776328
40.575,0.579358537106,-4.18359467636
40.58,-0.159619804109,-6.98259167169
40.585,-0.279268597963,-10.8266181102
40.59,-0.193162211025,-13.1314521349
40.595,-0.200238895468,-4.79663762856
40.6,0.774437141132,-0.332870640943
40.605,0.825768715666,1.27700550139
40.61,-0.716818190825,0.942513514872
40.615,-0.681121026964,-0.833332789554
40.62,0.555832891596,-2.99611849159
40.625,0.313495720308,-3.65134409616
40.63,-0.505822075474,-3.72716819443
40.635,-0.568695514869,-4.58196345972
40.64,-0.368487420775,-4.73646492474
40.645,-0.0456230521784,-3.87261349347
40.65,0.361387293515,-4.26385778886
40.655,0.392531596235,-7.6048052196
40.66,0.199427991318,-11.7025133791
40.665,0.501582714375,-4.17534517146
40.67,0.938123589007,-0.416067354714
40.675,0.443527603192,-0.285080489815
40.68,-0.223447910116,-3.84082092229
40.685,-0.16306679155,-9.71238895689
40.69,-0.292598165975,-7.44188569533
40.695,-0.332245412148,-8.88461250186
40.7,0.242171282183,-11.7805241981
40.705,0.00270057464758,-6.17190016461
40.71,-0.479999690669,-6.1992008109
40.715,-0.0628276214601,-14.6148761625
40.72,-0.0465613327086,-16.1069716987
40.725,-0.209873494816,-13.5266036886
40.73,-0.147696677153,-16.0087494479
40.735,-0.378754561902,-7.94182250694
40.74,0.129963638486,-6.34019945475
40.745,0.455736001135,-4.94317901909
40.75,-0.497172763683,-1.746318816
40.755,-0.907531182751,-0.699819535793
40.76,-0.61011520552,-0.372348550531
40.765,0.0156709219617,1.52601000913
40.77,1.07827047038,2.22125862393
40.775,0.805811756727,-0.535376576585
40.78,-0.0121689215052,-11.642310931
40.785,0.392243164446,-7.99862426571
40.79,0.0336843115092,-2.66160100869
40.795,-0.760566889844,-2.33136123496
40.8,-0.0746946713848,-4.28185331264
40.805,0.315300304493,-9.7154477449
40.81,0.0397232773704,-25.0021729222
40.815,0.247576010326,-11.2705503394
40.82,0.256562549767,-10.2346021061
40.825,0.0648209333881,-11.3249199235
40.83,-0.225114635888,-9.32130554813
40.835,-0.412173282914,-6.2044121246
40.84,0.259894406704,-3.56272483956
40.845,0.694057667301,-3.17168297849
40.85,0.358004789828,-5.58724407051
40.855,0.213058413998,-7.06306900662
40.86,0.0606594674984,-5.46880069552
40.865,-0.17340763588,-5.37978613367
40.87,-0.385045191871,-3.96384831124
40.875,-0.768332407655,-1.93735054251
40.88,-0.633292974589,-2.56307016163
40.885,-0.111838239539,-7.42641650509
40.89,-0.134018010438,-13.1610181013
40.895,-0.135231412355,-7.56156929523
40.9,0.223026511134,-8.69735911557
40.905,0.0231881862541,-31.386431356
40.91,-0.0206452434283,-7.83284686585
40.915,0.580094451652,-4.10087119897
40.92,0.280821725812,-6.13229753416
40.925,-0.119439792525,-18.248739105
40.93,0.375698258944,-8.4921252514
40.935,0.0490496668871,-3.77407138901
40.94,-0.610042035998,-3.92843772287
40.945,-0.167364928481,-8.98614660607
40.95,-0.00979048145148,-22.0498878513
40.955,-0.40112947212,-7.55344337772
40.96,0.0171660795948,-5.91074622405
40.965,0.275368764623,-11.0518006963
40.97,-0.116646461193,-17.9843961123
40.975,0.0994655999866,-8.35354847674
40.98,0.322680110772,-8.71806408204
40.985,0.430678210657,-6.71718898189
40.99,0.758255739343,-1.58858738359
40.995,-0.00892986967373,-0.351234500692
41,-0.647675523852,-3.48754485599
41.005,0.0471769496306,-14.7137627691
41.01,-0.0225376007561,-6.96620517231
41.015,-0.626257030559,-3.93797676407
41.02,-0.27511560187,-5.83581190161
41.025,0.108540137161,-12.2439673126
41.03,0.0104866645888,-33.7065375441
41.035,-0.237935917917,-12.2912218319
41.04,-0.21155158059,-5.23408189579
41.045,0.511434313311,-1.83851809128
41.05,0.872199503864,-0.896838107373
41.055,0.106972174189,-1.82568368916
41.06,-0.557273437529,-3.92003759332
41.065,-0.408497731475,-5.87452328179
41.07,0.0199562437794,-6.23000222781
41.075,0.437390209319,-5.02857847134
41.08,0.622299552625,-3.98999648528
41.085,0.31145032705,-4.85456665919
41.09,0.0240398669397,-9.58833233787
41.095,0.235307635255,-8.20412883286
41.1,0.107812406838,-1.46625554763
41.105,-0.696944749992,1.14397746155
41.11,-1.16518954393,1.49094629747
41.115,-1.05862814284,1.24007776006
41.12,-0.588846673674,1.09149740977
41.125,0.136335723331,-0.107066987744
41.13,0.479235931499,-2.89581518302
41.135,0.506122470191,-5.08180277727
41.14,0.50860408043,-5.6771048293
41.145,0.130787000088,-7.21396388444
41.15,-0.34646773797,-7.73837075562
41.155,-0.48792137997,-4.91953945359
41.16,-0.102724480622,-1.10832319838
41.165,0.869630393291,1.48811751325
41.17,1.21212428189,1.85530425305
41.175,0.455887247955,-0.659346843031
41.18,0.122383950496,-5.51602413378
41.185,0.172533476663,-2.33215894571
41.19,-0.564114383159,0.846156975656
41.195,-1.09836293288,0.868882098899
41.2,-0.628929114247,-1.59490205931
41.205,-0.193999785365,-4.34280010197
41.21,0.156531704251,-4.92082563114
41.215,0.349890840431,-8.44921688055
41.22,0.0375642514625,-19.6937693136
41.225,0.38021696138,-6.22872804725
41.23,0.443133112958,-4.60478143338
41.235,-0.403117675837,-7.4076648269
41.24,0.315151533995,-2.01976359463
41.245,1.19014536108,1.94041013482
41.25,0.0467170955226,1.74083051881
41.255,-0.523196514585,-3.3354101642
41.26,-0.198107800375,-6.36869275617
41.265,-0.844039143182,0.0308330903714
41.27,-1.02205591552,0.908441151404
41.275,-0.211522546933,-2.56522516363
41.28,-0.0655336482862,-8.4419602109
41.285,0.0124188527638,-4.80424235836
41.29,0.528595176299,-4.35721893669
41.295,0.152599513164,-8.96651501788
41.3,-0.406305103496,-6.79983654727
41.305,0.326970601812,-2.32307999938
41.31,0.726218504286,-2.61549802957
41.315,-0.0382763927876,-9.37066363868
41.32,0.116307176931,-10.1621981096
41.325,0.666762819925,-3.21025952183
41.33,0.165580629325,-2.67103911466
41.335,-0.29026088073,-4.45160474838
41.34,-0.541492986074,-4.2674128458
41.345,-0.585176694911,-3.92757428893
41.35,-0.089853541734,-5.70895490998
41.355,0.270832875365,-7.14686174325
41.36,0.597615267908,-4.44144744304
41.365,0.175158635497,-0.835680432962
41.37,-1.07200119246,1.32907745377
41.375,-0.668943543502,1.38394663274
41.38,0.637531058255,-1.07420823358
41.385,0.303599265212,-6.32608997903
41.39,-0.338521388615,-9.38959519591
41.395,-0.00568717163429,-8.05509248184
41.4,0.326522131225,-8.44567664317
41.405,0.322772526086,-9.27189896342
41.41,0.0373420744782,-11.4842753721
41.415,-0.101694707866,-19.8366523739
41.42,0.136746410092,-17.1317433716
41.425,-0.104106638003,-12.2017913203
41.43,-0.172300365034,-11.1685396769
41.435,0.404806692089,-7.79276132043
41.44,-0.030638704183,-4.4107217168
41.445,-0.650804332751,-3.73091537377
41.45,-0.053707936735,-7.42909375529
41.455,-0.0312536253258,-22.9912226068
41.46,-0.475013222854,-4.24362692355
41.465,0.283276916638,0.158234498448
41.47,1.13123063879,1.33961947576
41.475,0.84823728186,0.896503747095
41.48,-0.0456470826495,-0.725172842228
41.485,-0.537782265481,-4.00655195139
41.49,-0.265623907296,-9.76265599027
41.495,0.157105784318,-13.5812256643
41.5,0.277376347761,-9.1182417352
41.505,-0.0127158363179,-5.90983138948
41.51,-0.426618983267,-5.01864311479
41.515,-0.541447231524,-5.3287488275
41.52,-0.416526196999,-4.70799775291
41.525,0.230018597502,-3.5838771841
41.53,0.75340140964,-2.17217447866
41.535,-0.129409378036,-0.688608652936
41.54,-0.864565596222,-1.17168312981
41.545,-0.314604975052,-5.84399834862
41.55,-0.159010096902,-14.5961009563
41.555,-0.338958145901,-7.20181821908
41.56,-0.0607171563298,-7.63053968448
41.565,-0.0408888029274,-12.975402847
41.57,-0.221812849007,-6.45663465521
41.575,0.113516839784,-1.21857507409
41.58,0.958705342945,1.36858949934
41.585,1.13325046139,1.60136431719
41.59,0.182839982761,-1.08691515831
41.595,-0.250402114124,-8.63159950537
41.6,-0.0231680660311,-16.3317810161
41.605,-0.287776590264,-10.0478204279
41.61,-0.0991854450029,-7.13427650651
41.615,0.589597978644,-4.41003310907
41.62,0.207496717578,-5.01391738121
41.625,-0.202263259558,-12.9826690272
41.63,0.264980188205,-11.4747843919
41.635,0.038886455386,-5.80857256006
41.64,-0.304376474855,-9.11603106609
41.645,-0.0115453781676,-14.0912199019
41.65,-0.547287292301,-3.30065717435
41.655,-0.719277904535,-0.81762234536
41.66,0.413444016104,-1.85075316924
41.665,0.452969368934,-5.22625323385
41.67,-0.230589138963,-10.8824775259
41.675,0.142524636551,-13.4623167883
41.68,0.206067237497,-5.96831551151
41.685,-0.601894118128,-2.5905186996
41.69,-0.641237082379,-2.15438289568
41.695,0.163135817819,-4.47075999283
41.7,0.270261167555,-11.0452431175
41.705,-0.252038771725,-11.9705490962
41.71,0.0829538180754,-6.36133504683
41.715,0.555296479878,-5.00901645376
41.72,-0.0962686268174,-5.17895855853
41.725,-0.506948581606,-5.89803254965
41.73,-0.26118851091,-7.22948884346
41.735,-0.0414332433771,-4.96329742519
41.74,0.615734148981,-1.97353454565
41.745,0.722630055757,-1.78936455896
41.75,-0.0732611766153,-4.82067765603
41.755,-0.245407978189,-11.7433590659
41.76,-0.116882937925,-18.6404536978
41.765,-0.103759639151,-15.1396465359
41.77,0.145820610629,-13.4964397713
41.775,0.156846747366,-15.407506874
41.78,0.059363421137,-19.968601219
41.785,0.0144132711569,-19.4670607936
41.79,-0.0483060949033,-26.2857606044
41.795,0.124415420675,-17.8535190678
41.8,-0.114709339731,-10.9842094098
41.805,-0.358970096572,-6.6634661633
41.81,0.552576258171,-2.12812340916
41.815,0.906886064126,0.883931269016
41.82,-0.300017014138,1.68431651852
41.825,-0.989753661494,0.299955176529
41.83,-0.659492074526,-2.73534519813
41.835,-0.36849380196,-5.20268574457
41.84,-0.215150982317,-5.62991516325
41.845,-0.030764008102,-4.96007958408
41.85,0.267187423779,-4.084520986
41.855,0.49921151274,-4.2176983175
41.86,0.645735729842,-3.49799568884
41.865,0.845717441743,-0.981594586448
41.87,0.346591146345,0.13645241976
41.875,-0.538501758506,-1.48463510294
41.88,-0.421599062676,-7.25737560194
41.885,0.0110957261247,-37.9916675514
41.89,-0.187986030578,-12.1757924126
41.895,-0.221217196924,-12.01326017
41.9,0.0283784172773,-20.0722435402
41.905,-0.0523493335014,-21.9019051434
41.91,-0.120332377422,-16.2267308552
41.915,0.134749466588,-14.9922566369
41.92,0.167829135476,-9.79820693309
41.925,-0.382613575907,-4.78547971584
41.93,-0.773864399741,-2.03639245144
41.935,-0.421078915676,-1.05036450659
41.94,0.174454151979,-0.0832879362275
41.945,0.97929057945,1.94961543454
41.95,1.41176096466,3.23054002157
41.955,0.471371654134,2.44802905162
41.96,-0.43824298231,-0.982473544122
41.965,-0.392677962142,-5.98284800678
41.97,-0.492040761426,-5.14647912751
41.975,-0.572164043782,-4.38515048343
41.98,-0.0881722203492,-7.41723494784
41.985,0.119652434728,-17.8908869857
41.99,-0.162615002147,-15.674504384
41.995,-0.110873105937,-12.4378514892
42,0.0433346628719,-16.7153861239
42.005,0.0326403293455,-16.8418471158
42.01,0.183435573045,-14.2615697405
42.015,0.025539377687,-19.074359577
42.02,0.041343848635,-19.5161624348
42.025,0.242117269919,-8.61856316545
42.03,-0.536099902239,-3.37485686025
42.035,-0.533898620592,-1.95110652175
42.04,0.375307203507,-5.87274367124
42.045,-0.290176714877,-9.5950586487
42.05,-0.319366780929,0.744291212138
42.055,1.32278690583,3.79344635077
42.06,1.09701936479,3.03983325619
42.065,-0.169845592318,-1.84382216128
42.07,-0.0562524656543,-10.6266784523
42.075,-0.313666613586,-3.71897531417
42.08,-0.776110160299,-1.97248017615
42.085,0.140031641952,-3.41178159987
42.09,0.439255519115,-6.60475516597
42.095,-0.131679623755,-12.8277893552
42.1,0.051248686671,-19.6237711168
42.105,0.101930668258,-16.1846393355
42.11,0.0860251499373,-18.641939886
42.115,0.0755282788428,-8.28201625875
42.12,-0.467868431494,-5.70598252523
42.125,-0.0940972890394,-9.11311954548
42.13,0.27158468632,-7.61332206837
42.135,-0.636232795117,-2.20621688937
42.14,-0.636664093665,-1.53493077039
42.145,0.167953658791,-5.11660489411
42.15,0.159489971599,-14.5607019351
42.155,0.11779147927,-16.3939997977
42.16,0.0237658903133,-15.1970618309
42.165,-0.516643530402,-5.43727274774
42.17,0.0444356453362,-0.25699833478
42.175,1.11067455424,1.14863729087
42.18,0.391070962178,-0.795202570276
42.185,-0.455594990759,-6.53839051992
42.19,0.292961621068,-6.61688470205
42.195,0.484045257742,-3.75624918178
42.2,-0.233068378228,-5.59827161794
42.205,-0.185922959638,-14.6098043843
42.21,-0.0119594867342,-17.7176934761
42.215,-0.214234239663,-12.9476596284
42.22,-0.0265419116551,-17.4902985239
42.225,0.131185335612,-15.4094944933
42.23,-0.087704946805,-10.845100623
42.235,-0.353012759543,-8.13607627503
42.24,-0.444284947129,-6.03869424024
42.245,0.0325442935579,-6.07717531224
42.25,0.370988915844,-8.61016247681
42.255,-0.0994068370729,-9.99241767433
42.26,-0.370691093264,-7.91138104239
42.265,0.0526717544219,-7.06618099784
42.27,0.368713749931,-8.34247194937
42.275,0.177184909412,-11.8938922881
42.28,0.0434576208202,-14.3311877773
42.285,-0.188520720599,-8.33855474386
42.29,-0.713755702143,-2.84451971116
42.295,-0.211857667873,0.404323550862
42.3,1.00266261953,1.63561847283
42.305,0.96899163479,1.0876825105
42.31,-0.0739342491054,-1.21232973348
42.315,-0.477572649053,-5.84528603642
42.32,-0.117856154108,-15.4082525567
42.325,-0.0505672875323,-25.5932965011
42.33,-0.0404863522398,-14.6278453635
42.335,0.411332354979,-7.53425789726
42.34,0.347723655286,-3.20876226746
42.345,-0.458353175974,-1.33683905973
42.35,-0.823070730375,-1.69083432554
42.355,-0.32255871041,-5.3547157074
42.36,-0.124075628549,-14.7604419153
42.365,-0.406189991537,-6.1500502097
42.37,-0.118622647276,-3.61741446921
42.375,0.17649980281,-4.71129141603
42.38,0.40192836078,-2.38403987889
42.385,0.986257753282,0.319411649713
42.39,0.914072352283,0.0956153289865
42.395,0.576942069743,-0.58849619217
42.4,0.105367717779,1.87417947055
42.405,-1.19669926118,3.51981870938
42.41,-1.10858813165,2.64780103968
42.415,0.481311878164,-0.874185096605
42.42,0.265942349011,-5.74347202088
42.425,-0.505486308726,-5.67950538439
42.43,0.354797543476,-3.75431394969
42.435,0.564751821442,-3.12754202912
42.44,-0.225608409211,-4.62420172175
42.445,-0.362988304653,-8.29778318219
42.45,-0.40693419641,-7.78667190838
42.455,-0.230209376216,-5.96517663834
42.46,0.371274247482,-7.59060112716
42.465,-0.076902011014,-7.33639944121
42.47,-0.612594583755,-3.50791311469
42.475,0.212822448218,-3.20809097437
42.48,0.333322614061,-9.08041122655
42.485,-0.272376262657,-9.56452896837
42.49,0.46629903646,-1.41165378229
42.495,1.06737755831,0.76634405562
42.5,0.291773304874,0.123849137518
42.505,-0.448341209776,-2.44690927457
42.51,-0.437112781214,-7.03846898275
42.515,-0.220866155782,-13.111207633
42.52,-0.270537916547,-11.3325421716
42.525,-0.268533856371,-10.7285345396
42.53,-0.275659223946,-9.17298547258
42.535,-0.0844642419348,-5.76630083503
42.54,0.401976355645,-6.15937988203
42.545,0.154674059912,-14.7292946848
42.55,0.148914467833,-11.8645793741
42.555,0.517703264548,-4.95781902178
42.56,-0.184203206921,-4.08051111457
42.565,-0.495351670606,-5.98726942123
42.57,-0.11908945472,-8.37210183087
42.575,0.257820344675,-5.3828285085
42.58,0.902302929368,-0.830916898022
42.585,0.148825370443,1.39857354138
42.59,-1.02746791809,0.866064503973
42.595,-0.42917115397,-3.41634039475
42.6,-0.00598731600596,-19.2488467311
42.605,-0.345382388526,-8.3115984043
42.61,-0.0909511033284,-5.03228638703
42.615,0.338629192633,-4.79810086809
42.62,0.644207268338,-3.71765751398
42.625,0.448592031706,-2.29502528304
42.63,-0.596816902235,-1.26799712046
42.635,-0.746041149798,-0.184695152479
42.64,0.625052337443,0.33457445126
42.645,0.720695495382,-0.877726441022
42.65,-0.562201758233,-3.45279731237
42.655,-0.0113884360211,-2.37788549508
42.66,0.908016477809,-0.798087385164
42.665,0.00191881736731,-3.28679793896
42.67,-0.108384112647,-19.0067098117
42.675,0.299384781881,-5.30312097077
42.68,-0.70077739889,-0.717781152953
42.685,-0.68786740842,-0.356156643055
42.69,0.526342998997,-2.06574085739
42.695,0.421464491045,-5.65856175686
42.7,0.00896891083894,-14.2258269224
42.705,0.143344493187,-9.56001748621
42.71,-0.397826659929,-4.04293854442
42.715,-0.651934769542,-2.7765627234
42.72,0.221741891559,-3.41491145644
42.725,0.580717601497,-4.52962130612
42.73,0.0793455331484,-6.38105394022
42.735,-0.148793284623,-9.4390158735
42.74,-0.24055838168,-7.65429839698
42.745,-0.575148024518,-4.37499975502
42.75,-0.54707692906,-4.20933878268
42.755,-0.223496687453,-7.20909668041
42.76,-0.177300519911,-7.95806224046
42.765,0.0505309776039,-6.94539359133
42.77,0.109736490249,-15.5244338677
42.775,-0.272240398405,-6.37317468896
42.78,0.467688948619,0.371413540709
42.785,1.18343979812,1.51071101855
42.79,0.109456676276,-1.36297667635
42.795,-0.377690340123,-8.43882298322
42.8,0.229747528948,-10.8834905261
42.805,0.122156307723,-12.8013017317
42.81,-0.0613928885807,-24.1033122385
42.815,0.0267286257961,-18.1867231884
42.82,0.258236499183,-8.43913525798
42.825,0.747415375805,-2.42499358026
42.83,0.256437417548,-1.05168810577
42.835,-0.414961596988,-5.74011656988
42.84,0.274835420272,-11.1661819144
42.845,0.0427811300139,0.168955541455
42.85,-1.19616480473,2.04813941752
42.855,-0.396582764836,-1.35169518093
42.86,0.367450905395,-7.73700244631
42.865,-0.685372967362,-1.68632532709
42.87,-0.652610579447,-1.62118915935
42.875,-0.0867785054348,-8.24358286773
42.88,-0.257239752067,-6.82665353997
42.885,0.125072947428,-4.81805300206
42.89,0.205622169034,-11.3795741747
42.895,0.0918571219832,-8.54010019112
42.9,0.581130884623,-4.36640084738
42.905,0.175380636538,-6.15692059067
42.91,-0.356717069647,-8.78761171
42.915,0.261151059705,-7.22291285548
42.92,0.24493473776,-7.36015586539
42.925,-0.553905811792,-4.96193879229
42.93,-0.260905872469,-1.73826203182
42.935,0.574197077505,-1.3840227356
42.94,0.618946623989,-4.03384989696
42.945,0.590737972912,-4.4802109377
42.95,0.875588372186,-0.783290372608
42.955,0.47935554796,0.143006351612
42.96,-0.242134587972,-3.22060715277
42.965,-0.015065038321,-19.4256799386
42.97,0.370119800578,-3.91690465693
42.975,-0.163246971023,-0.202855097333
42.98,-0.698030606657,-0.415848914426
42.985,-0.82765130019,-1.03215095754
42.99,-1.03612771906,0.319558018842
42.995,-0.889596160975,1.42220178481
43,-0.0675989084993,1.43632556745
43.005,0.827162600458,0.769366667024
43.01,0.913699178566,-0.233268068317
43.015,0.051873634068,-1.51053186036
43.02,-0.547161541345,-3.74223423587
43.025,-0.42204031634,-7.48198543304
43.03,-0.439486122751,-6.96257304165
43.035,-0.378403825279,-5.1875576959
43.04,-0.0634200350733,-7.64590505974
43.045,-0.108060815866,-9.29733399605
43.05,0.0335862037693,-4.78727133296
43.055,0.450087808493,-4.62537340052
43.06,0.282432018743,-10.9629948779
43.065,0.171728624581,-10.262231487
43.07,0.598476476712,-4.29289177954
43.075,0.31057194855,-5.24361116524
43.08,-0.204309206844,-13.788745224
43.085,0.513856314297,-4.42639829024
43.09,0.651853742231,-0.015639505979
43.095,-0.668161535095,0.415596620153
43.1,-0.694476044282,-1.05260838944
43.105,0.492811401932,-2.54701355957
43.11,0.48519125307,-4.78721624299
43.115,-0.0120696781814,-11.53446585
43.12,0.131283994677,-16.882017925
43.125,0.291101707078,-7.09493210061
43.13,-0.040431338882,-2.9133539497
43.135,-0.726621548023,-1.20679022561
43.14,-0.661237716704,-2.61955606497
43.145,-0.00722302526813,-9.73146065813
43.15,-0.1609376766,-15.6670096643
43.155,-0.330149499045,-5.73388952285
43.16,0.349512018954,-3.03905761594
43.165,0.817060300488,-1.55404630138
43.17,0.0663626976813,-0.251702387253
43.175,-0.952172293375,0.185893349902
43.18,-0.560323696054,-1.28942602681
43.185,0.249925728101,-5.73307216114
43.19,0.165838362885,-15.0665678916
43.195,-0.145362033571,-16.5269292561
43.2,-0.154950221592,-10.7935245222
43.205,0.185935828161,-9.8067733943
43.21,0.137491949944,-14.3638827181
43.215,-0.263154911426,-11.1458858452
43.22,0.164664575926,-6.65357715383
43.225,0.398978647505,-7.39681228949
43.23,-0.274878007411,-8.89968126809
43.235,-0.243024571869,-5.5123544273
43.24,0.377201151877,-4.53947249385
43.245,0.473265739331,-6.24241579062
43.25,0.583889627677,-4.66483613509
43.255,0.546810516758,-2.1439219701
43.26,-0.152354591365,-3.37407154373
43.265,-0.217636920179,-12.6789867146
43.27,0.12290254796,-10.1549563687
43.275,-0.39387737481,-4.70928592015
43.28,-0.372799824947,-7.43601396356
43.285,0.122561815764,-17.624611722
43.29,-0.434886964896,-5.40202990752
43.295,-0.559382091138,-2.60402695703
43.3,0.266934819192,-4.00032844576
43.305,0.291187314841,-10.5951933956
43.31,-0.0359375729332,-17.4004645148
43.315,0.467586886837,-5.5122317225
43.32,0.534009578737,-2.41286093986
43.325,-0.308190605487,-3.08916696013
43.33,-0.371314033489,-8.57350124576
43.335,-0.219179283351,-12.0825982458
43.34,-0.515049195189,-5.25980808542
43.345,0.079980787182,-3.939482248
43.35,0.570331344561,-4.8271414312
43.355,-0.0653950628646,-5.70093080548
43.36,-0.454594528128,-6.84658752654
43.365,0.016182630754,-10.3314593103
43.37,0.179340013836,-9.41487405883
43.375,-0.684058600352,-2.41899996089
43.38,-0.686561804173,0.144724205534
43.385,0.242340866663,-1.62741429978
43.39,0.242918314648,-5.59107582107
43.395,0.722670228092,0.251334093443
43.4,1.40773839006,3.18425183444
43.405,0.303681269071,2.37514881249
43.41,-0.530644101585,-2.38620571102
43.415,-0.26004368074,-8.85470455623
43.42,-0.664404306678,-3.06691990211
43.425,-0.564317238916,-0.795107013923
43.43,0.586204997543,-1.23546020627
43.435,0.525336294142,-3.70919320669
43.44,-0.175741271637,-8.69391926882
43.445,-0.132808577142,-17.4099990501
43.45,-0.0179424372167,-24.390298112
43.455,0.135795873045,-16.8524334766
43.46,-0.180108080919,-8.73339350816
43.465,-0.547355335204,-3.8997625186
43.47,0.374419690593,-1.16949308684
43.475,0.954171103201,-0.25376876869
43.48,0.217829822359,-0.847774395624
43.485,-0.535350536886,-2.3112714634
43.49,-0.559471681573,-4.74870899706
43.495,-0.00998093763251,-9.78532728726
43.5,0.121217916879,-18.1448609987
43.505,0.0231885777148,-29.3333268716
43.51,0.180516962992,-10.761392138
43.515,-0.281634672248,-3.72545166934
43.52,-0.884131219401,-1.05443273768
43.525,-0.520920947882,-0.99288994349
43.53,0.252722066486,-3.21079597313
43.535,0.362280145467,-8.80475257908
43.54,-0.0976934185196,-15.7160484063
43.545,-0.27504622434,-8.94078638458
43.55,-0.0282932784198,-5.30804841632
43.555,0.494026919231,-2.98758472382
43.56,0.71372219648,-2.74825086977
43.565,0.0608450671306,-6.20348267709
43.57,-0.169343855683,-13.8763268032
43.575,0.412544735192,-7.44087129158
43.58,0.203491484025,-5.61173199016
43.585,-0.286011717757,-9.22552530058
43.59,0.0341319555459,-24.7139578615
43.595,-0.0576143445817,-8.39672390124
43.6,-0.701136499245,-3.08066599345
43.605,-0.279717477082,-0.649828318476
43.61,0.761593267184,-0.152230407803
43.615,0.757690326235,-1.79884958719
43.62,0.223710639757,-5.93666254322
43.625,0.135385536366,-8.0983659796
43.63,-0.065348356606,-5.47094906223
43.635,-0.445642782063,-5.34608409389
43.64,-0.346878945935,-8.88921890077
43.645,-0.137142036743,-16.2347196638
43.65,-0.229027312011,-11.663687933
43.655,0.0243479291415,-8.59053280248
43.66,0.379605173656,-8.36800802816
43.665,0.0558596242682,-10.8293066337
43.67,-0.0618266665024,-23.2813783708
43.675,0.33402181847,-8.58752744812
43.68,-0.141836086272,-1.84844747667
43.685,-1.09742326744,0.965125240226
43.69,-0.611719597503,1.25467472157
43.695,0.572268301754,-1.09463898098
43.7,0.319542425241,-7.47791961894
43.705,-0.339970328571,-8.86645839486
43.71,0.290999903076,-3.33196134141
43.715,0.768174765964,-2.11180714908
43.72,0.0217407435728,-3.98031808179
43.725,-0.351619035483,-9.07811842274
43.73,0.188484620238,-11.6312079625
43.735,0.198572721256,-8.37053809923
43.74,-0.269290595375,-8.92582641007
43.745,-0.134039595247,-13.980665104
43.75,0.182749127668,-14.7466509408
43.755,0.0422821831178,-8.7843347562
43.76,-0.434721385767,-5.32460465774
43.765,-0.548319403298,-4.23753228567
43.77,0.0922490302039,-6.09244617352
43.775,0.291652957286,-9.94654398441
43.78,-0.272931746834,-8.26000336747
43.785,-0.433565562986,-6.34104219233
43.79,-0.0866594296123,-6.3874210826
43.795,0.285724821248,-8.11609689703
43.8,0.131367420061,-13.4129231166
43.805,-0.336376280336,-9.26324070274
43.81,0.0413606887585,-5.44621548983
43.815,0.388283760399,-8.09515137086
43.82,-0.123840736258,-17.8835296807
43.825,0.0663704320568,-5.58741440491
43.83,0.598129427265,-4.14669809838
43.835,0.219378945229,-11.0109616805
43.84,0.216165180831,-10.711282567
43.845,0.600308667117,-4.34350111939
43.85,0.242989683666,-7.01819186341
43.855,0.273020413265,-10.9969602642
43.86,0.569810267699,-2.49523393596
43.865,0.00312140809909,-1.95863875598
43.87,-0.0979314881151,-7.4997285149
43.875,0.0629221764109,-1.52456952852
43.88,-0.908868096608,2.77259599564
43.885,-1.33401905857,2.51111373932
43.89,-0.650783411808,-1.59691856514
43.895,-0.560514917727,-3.20081398519
43.9,-0.346931408282,-0.704258554169
43.905,0.38913541523,-2.98212076084
43.91,0.10224989045,-18.7185352804
43.915,-0.340675218809,-5.92373917804
43.92,0.181378181459,-1.99985512693
43.925,0.677410498138,-1.99946833218
43.93,0.687692127172,-3.18723261696
43.935,0.412352717244,-4.85438133601
43.94,0.0496688784107,-6.13752080326
43.945,-0.418841195377,-6.22855025026
43.95,-0.271800643754,-4.30037703243
43.955,0.807870649823,-1.10642905351
43.96,0.444293925565,0.125521985805
43.965,-0.803225009197,-1.27652248532
43.97,0.0530359025303,-2.99421263826
43.975,0.749935244782,-1.53016715015
43.98,-0.404410485626,-1.23120206392
43.985,-0.535048767839,-4.75829315496
43.99,0.0893787207284,-19.4966096394
43.995,-0.447527576007,-6.29218165931
44,-0.481046346324,-1.00770503165
44.005,0.727801717916,0.790952775084
44.01,0.979774893302,0.496062824104
44.015,0.0308910704593,-2.18998543869
44.02,-0.23691717907,-9.29060909023
44.025,-0.0793167027777,-9.54277209531
44.03,-0.569034507804,-4.00207512194
44.035,-0.408060956459,-3.68987272146
44.04,0.492104932063,-5.5771633194
44.045,-0.119332904081,-2.37735291079
44.05,-1.12617225612,1.12828558819
44.055,-0.0571626859251,2.12456548508
44.06,1.0867454189,1.0761148755
44.065,0.453367758826,-1.31215815417
44.07,-0.38959528169,-3.80892541743
44.075,-0.55626657294,-4.94647570406
44.08,-0.112417665041,-5.2902613221
44.085,0.416426126073,-6.82667120493
44.09,0.113229270887,-9.86761957388
44.095,-0.248747896089,-11.900008354
44.1,-0.131642706788,-13.5586655301
44.105,-0.0714379183222,-11.4705223688
44.11,0.22283202457,-7.49141676977
44.115,0.448917355936,-6.95117405383
44.12,0.128542507576,-10.6767060211
44.125,-0.0281712059181,-28.7951683229
44.13,0.22215225318,-12.9910478115
44.135,0.276019469953,-7.51493881916
44.14,-0.130931354774,-5.85744244809
44.145,-0.42425252352,-6.82072675459
44.15,-0.285165868145,-10.3259798467
44.155,-0.176962837644,-13.5040047119
44.16,-0.15762036862,-11.9535849754
44.165,0.0286241835779,-11.636512087
44.17,0.150795677912,-16.3248780698
44.175,-0.212415611721,-12.7545932531
44.18,-0.313246846772,-4.18468452687
44.185,0.579591964264,-0.993838373843
44.19,0.763367279629,-1.6514887049
44.195,-0.108818772303,-7.48380340007
44.2,0.0336632679514,-13.2882204102
44.205,0.374814171916,-7.97198272542
44.21,-0.00172064306265,-17.4318343552
44.215,0.469625498006,-6.30238113945
44.22,0.628267672991,0.399180144632
44.225,-0.565274883947,1.32546484543
44.23,-0.757188919247,-2.41347903278
44.235,-0.118256963381,-17.5790500387
44.24,-0.322975190515,-7.55119757383
44.245,-0.595826125049,-4.48444943348
44.25,-0.485262459453,-3.901526426
44.255,-0.00909200211775,-3.97096511988
44.26,0.419135800377,-7.2301637062
44.265,-0.138386461504,-9.40978586586
44.27,-0.46532292211,-5.55870217356
44.275,-0.110448237266,-5.76149230093
44.28,0.0779404538311,-4.12990818705
44.285,0.73723283296,-0.683612145425
44.29,0.815781669224,-0.754399992894
44.295,-0.112766500316,-5.88444931864
44.3,-0.00545502681478,-15.9975686139
44.305,0.364402015261,-7.96531440761
44.31,-0.0231276936613,-9.85490222975
44.315,0.0107998392609,-35.9209798919
44.32,0.281940451439,-9.19353918077
44.325,0.110531182232,-4.33957287386
44.33,-0.45002064199,-1.35286004648
44.335,-1.04495445836,0.529787346082
44.34,-0.801506727456,0.630467284523
44.345,0.0617995850101,-1.76746812286
44.35,0.252394695271,-8.4937905242
44.355,0.0400762608507,-9.71951872583
44.36,0.449067214126,-4.3113855894
44.365,0.526722747435,-4.8834056741
44.37,-0.0913375442539,-14.0324694402
44.375,0.279447572137,-7.25334696891
44.38,0.739604629986,-1.33367948036
44.385,-0.23068841742,-0.513662630795
44.39,-0.652246383794,-3.66827161864
44.395,-0.154887383686,-15.2141382659
44.4,-0.505976499986,-5.80695714177
44.405,-0.547565729146,-0.110245787503
44.41,0.756598563438,1.9954904709
44.415,1.20732320814,2.15283488515
44.42,-0.117412066178,0.564294944625
44.425,-0.686326204058,-3.24155391656
44.43,0.259703565342,-8.15796175573
44.435,-0.000782150855728,-4.90870784438
44.44,-0.798579761614,-1.72217402365
44.445,0.291842667936,-1.01909414238
44.45,0.657441813383,-2.56936654253
44.455,-0.417502553224,-5.45489972034
44.46,-0.0945892413127,-5.74802501657
44.465,0.442392978859,-6.59678349463
44.47,0.403533993393,-7.87354907458
44.475,0.814058856077,-0.686140401132
44.48,0.0158641149531,3.1039159431
44.485,-1.30661010531,3.33797180105
44.49,-0.891004965603,-0.00869865480463
44.495,-0.49457171462,-4.20573226902
44.5,-0.510501400412,0.0203404789565
44.505,0.566459620743,1.33358448348
44.51,0.776324315741,-2.14836213933
44.515,0.0752694946149,-22.2117292465
44.52,0.694737776726,-2.83375439241
44.525,0.611906372571,1.01791025592
44.53,-0.680179070161,0.393834364778
44.535,-0.547197361184,-4.79146478556
44.54,-0.180798965898,-14.7538051324
44.545,-0.595654319582,-4.11160994317
44.55,-0.0878107431477,-1.58159035647
44.555,0.65727530026,-2.70296598401
44.56,0.266818464315,-7.7743377142
44.565,-0.108968953315,-16.8613211515
44.57,0.541936558355,-4.62521815837
44.575,0.579995423727,-0.109404666759
44.58,-0.685487162317,1.10060363089
44.585,-0.903078399802,-0.59364211757
44.59,-0.268610709685,-5.47722036958
44.595,-0.204016483964,-5.34077364194
44.6,0.374226972953,-2.54315499349
44.605,0.607174267523,-4.03076667785
44.61,-0.188996849053,-8.84442465508
44.615,-0.216806368242,-6.85307923728
44.62,0.389923456364,-3.97583856536
44.625,0.79794732272,-1.90809012696
44.63,0.761557506779,0.121624906209
44.635,-0.119291346583,0.93397405084
44.64,-0.932336451718,0.196430536726
44.645,-0.622686593925,-1.72697308368
44.65,0.264080480461,-3.83062438162
44.655,0.573423730818,-4.5913528367
44.66,0.0398865951996,-4.63108423463
44.665,-0.399257952609,-6.6306120265
44.67,-0.175124271099,-15.0188246774
44.675,-0.395907733636,-5.97562340926
44.68,-0.941258306985,0.163573192554
44.685,0.0797128454688,2.06755899709
44.69,1.12541313722,1.12326154611
44.695,0.125839204263,-2.25508354042
44.7,-0.464858364086,-6.5056208965
44.705,0.238200186067,-8.90123750673
44.71,0.0565567519563,-9.93361118519
44.715,-0.455317143012,-6.47032986802
44.72,0.115587673959,-3.60015317399
44.725,0.661546592111,-3.38091125303
44.73,0.388151242371,-5.67655778426
44.735,0.0818426362967,-9.00033086457
44.74,-0.110512685814,-10.7901221111
44.745,-0.145535768126,-16.5352645043
44.75,0.249552566612,-12.0543126575
44.755,0.0636290470086,-5.9056568912
44.76,-0.498620673255,-5.68075927828
44.765,0.0439882619442,-9.30934383856
44.77,0.392859289561,-4.41917916479
44.775,-0.657530344341,0.0127559711559
44.78,-1.04964704983,0.936989457525
44.785,-0.149495775862,-1.18479949369
44.79,0.249716005451,-6.39891511806
44.795,0.22563129493,-8.58539566675
44.8,0.412949533448,-7.44811977973
44.805,0.175599127913,-11.5733519579
44.81,-0.00319300112626,-26.7260712979
44.815,0.314250264164,-9.96780279421
44.82,0.248614932917,-7.03906101861
44.825,-0.136900538305,-7.51686757771
44.83,-0.29886311116,-7.82031710807
44.835,-0.649988989909,-3.58943597067
44.84,-0.730654517049,0.338433691215
44.845,0.452690800488,1.90157365776
44.85,1.04112935097,0.353348570766
44.855,0.0772264808307,-8.29888666477
44.86,0.357651349248,-5.70077908488
44.865,1.09895013147,1.97065373873
44.87,-0.263587717333,3.64892659077
44.875,-1.26047445201,2.16431903036
44.88,-0.425114896327,-2.28669282252
44.885,0.138526580336,-10.9431573012
44.89,0.0191941785012,-25.5331297321
44.895,0.135089648716,-16.500654863
44.9,0.154879103204,-9.07852541781
44.905,-0.428954666254,-4.24395129697
44.91,-0.736730960997,-2.3957006144
44.915,-0.344461780332,-2.84173867887
44.92,0.0353134010872,-3.74844243037
44.925,0.374870872328,-3.20082624165
44.93,0.659202407078,-3.27788352992
44.935,0.387345980156,-6.87274328551
44.94,0.0727109246202,-22.4471653481
44.945,0.549158157987,-4.78886293006
44.95,0.663435124828,-1.1294887848
44.955,-0.107502343372,-3.20666691278
44.96,0.00957537526731,-13.0330052356
44.965,0.0583996575684,-1.11839875182
44.97,-1.2141901092,2.94274764894
44.975,-1.06528763712,2.87259208337
44.98,0.386707647149,-0.599737260568
44.985,0.367491507083,-8.34429940794
44.99,-0.0040692469954,-21.9542235629
44.995,-0.0829702496019,-12.7372757016
45,-0.622712568883,-3.92575675891
45.005,0.02013018547,-0.252619842152
45.01,0.994205901175,0.130112650996
45.015,0.383426064527,-2.39003256746
45.02,-0.107024729633,-7.23782299717
45.025,-0.291533446775,-5.29972480132
45.03,-0.846088446146,-1.44918231859
45.035,-0.456538335705,-0.175591835465
45.04,0.468137493238,-0.566917020901
45.045,0.850119442965,-1.32312310428
45.05,0.481879743418,-2.60026413191
45.055,-0.241297130535,-7.33978781863
45.06,0.0982517683554,-12.7434424811
45.065,0.478762942469,-3.72133344804
45.07,-0.381902210183,-1.71732761152
45.075,-0.628200756196,-4.03064882682
45.08,-0.278535832219,-9.20031802403
45.085,-0.193094547519,-8.54798750627
45.09,0.206285690487,-9.84570316093
45.095,-0.0442706637875,-13.9519205473
45.1,-0.392561829222,-5.18194763488
45.105,0.488175465494,-2.01608439318
45.11,0.615086294957,-3.08893599658
45.115,-0.183204117611,-9.4672000605
45.12,0.123799291477,-10.6290039782
45.125,0.507212501659,-5.13214627207
45.13,0.0968845711267,-5.19650946921
45.135,-0.124416928574,-5.63941079435
45.14,-0.572228031679,-2.27904676422
45.145,-0.850101362652,-1.01531146749
45.15,0.0207594552479,-3.55446932488
45.155,0.336444317201,-8.06375656139
45.16,-0.596461380963,-2.94451017934
45.165,-0.795539960261,0.165394829113
45.17,0.204739660295,0.0510477482947
45.175,0.611740821148,-3.94468873953
45.18,-0.0182929192607,-23.0892578175
45.185,-0.00842940430789,-5.39811159828
45.19,0.657575477215,-1.69339004463
45.195,0.903502240295,-0.849873176911
45.2,0.694529326614,0.0542042679799
45.205,-0.184765194654,-0.132027613368
45.21,-0.651613820949,-3.53593848818
45.215,-0.0137647992933,-13.2155193069
45.22,0.0494501337784,-12.0884145924
45.225,-0.296776247207,-10.0713100787
45.23,-0.159692936632,-13.3684323607
45.235,-0.0230572700134,-16.4310640299
45.24,0.100158370438,-17.8833736736
45.245,-0.00632567842861,-32.732421519
45.25,0.0531319070255,-12.7015763796
45.255,0.46697080546,-6.571452656
45.26,0.0144794634498,-5.31017942062
45.265,-0.442666144341,-7.03000092672
45.27,0.271831483309,-5.76026341346
45.275,0.712862325616,-1.86981158947
45.28,-0.107065167798,0.12265342935
45.285,-0.913984453072,-0.373650745032
45.29,-0.264257376071,-4.80146362383
45.295,0.369860582345,-7.20119454344
45.3,-0.561700637694,-0.618519474169
45.305,-1.08045640483,0.814469896464
45.31,-0.498005648545,-1.47229475079
45.315,-0.332505813553,-2.63449513842
45.32,0.017071974234,0.680957631699
45.325,0.973829808325,1.90773094733
45.33,0.980788355644,0.303537314175
45.335,0.143785074484,-4.58939222463
45.34,-0.0416236335903,-13.7601850342
45.345,-0.0638324576385,-10.4856720266
45.35,-0.44011792584,-6.97144573407
45.355,-0.252472772735,-6.67455169129
45.36,0.0413942655713,-9.45575086035
45.365,0.0827561333487,-7.06700747838
45.37,0.577615539113,-2.63830404371
45.375,0.808760517406,-1.66899903058
45.38,0.426957110984,-2.98289108842
45.385,0.0605534701046,-3.85086568259
45.39,-0.400509650957,-3.75795232401
45.395,-0.552842713459,-4.96045041914
45.4,0.0616490447361,-6.4920017115
45.405,0.557639046904,-5.01503915255
45.41,0.150277566394,-2.67696619018
45.415,-0.66125582165,-1.43061146757
45.42,-0.773997634358,-1.52519428469
45.425,-0.0579074808623,-2.91971285596
45.43,0.478981358236,-5.39466026152
45.435,0.209569165253,-8.24939001574
45.44,-0.379739378225,-8.05913913888
45.445,-0.117016205454,-4.83039278693
45.45,0.64187075598,-3.14456008181
45.455,0.409640328114,-4.46041105278
45.46,-0.0199255418,-10.385885022
45.465,0.0810634572324,-10.7698406477
45.47,-0.205160968647,-6.31813803982
45.475,-0.42061459419,-7.2418964637
45.48,-0.292765382116,-10.5969363777
45.485,-0.355795838366,-8.09777386171
45.49,-0.0917611300391,-6.33928975502
45.495,0.361575700503,-7.12423811526
45.5,0.291708837446,-8.68639308846
45.505,-0.13737655915,-8.9711104579
45.51,-0.39959435245,-7.88565260506
45.515,-0.0455664632893,-6.34063516325
45.52,0.596425392396,-4.09601545475
45.525,0.447451331043,-1.10213342788
45.53,-0.831111542465,1.54614454968
45.535,-1.19390597677,2.7416349962
45.54,0.39936655256,1.7821907749
45.545,0.774788189443,-1.70569075521
45.55,-0.331322171748,-6.10370983446
45.555,-0.159359058372,-9.49283540874
45.56,-0.00734708806541,-33.8093983571
45.565,-0.209422794469,-7.72238801709
45.57,0.442132473664,-4.75748226801
45.575,0.235718964771,-7.88026415422
45.58,-0.287906692135,-10.4575743799
45.585,0.220930125674,-7.7221466449
45.59,0.253762593297,-11.454982
45.595,0.0233245927465,-28.0571538372
45.6,0.172966072099,-14.0408898838
45.605,0.2383570607,-12.0729708227
45.61,0.469102117423,-6.13580959907
45.615,0.0207318390047,-3.91107317683
45.62,-0.55958385097,-5.04269072644
45.625,0.148249795819,-6.3471324192
45.63,0.303624788931,-9.66736566174
45.635,0.059548473558,-16.4907841389
45.64,0.75389883643,-2.41511402835
45.645,0.134525771769,0.349310134161
45.65,-0.758409476456,-2.33037004438
45.655,0.457987148268,-4.19310581051
45.66,0.518512327848,1.39450202426
45.665,-1.00632480655,2.29206649562
45.67,-0.636654545604,-2.41121731363
45.675,0.0702943962545,-15.784549843
45.68,-0.789109870503,-1.02993961208
45.685,-0.919955112884,1.27297921411
45.69,0.198414510658,-0.230795583047
45.695,0.603629446152,-4.3363910463
45.7,0.0273900413908,-7.32436032864
45.705,-0.521343113727,-5.25309740048
45.71,-0.572358727466,-3.05647043254
45.715,-0.0957021719501,-2.52801460442
45.72,0.327245691006,-4.52950045401
45.725,0.30782391368,-7.7635881288
45.73,0.453399826668,-6.0195410312
45.735,0.424063973457,-6.06940180591
45.74,-0.214961977667,-10.8858447953
45.745,0.0637606176733,-5.87907320556
45.75,0.735880802922,-2.62814705081
45.755,-0.0942226361048,-4.12186652647
45.76,-0.426064253741,-4.61841151373
45.765,0.692221185826,-0.931230160404
45.77,0.896607770138,0.0014136401663
45.775,0.299058254269,-1.06082230909
45.78,-0.192716106564,-0.825905076656
45.785,-0.835002798517,-0.0497901653495
45.79,-0.783827113715,-1.38564965017
45.795,-0.0594653447764,-5.98290082829
45.8,0.094599827748,-17.4764138463
45.805,-0.059163084753,-17.732606835
45.81,0.15525869871,-12.1984484634
45.815,0.305340397843,-9.51501110775
45.82,-0.0214541732695,-6.52724119832
45.825,-0.596754852943,-3.71247044174
45.83,-0.610695665818,-1.91246436713
45.835,0.257198538328,-1.65465506988
45.84,0.694979537388,-3.15316654469
45.845,-0.0111184881844,-5.77938797664
45.85,-0.481872563554,-6.08617656829
45.855,0.103377687287,-4.21025472528
45.86,0.639433807365,-3.71226406976
45.865,0.362542427876,-5.76368550283
45.87,0.104845966994,-10.1856328372
45.875,0.12905221435,-7.14770183004
45.88,-0.355821232877,-3.05258340005
45.885,-0.834303412786,-1.56046760131
45.89,-0.216354802098,-1.58224445334
45.895,0.742339754555,-1.81315445889
45.9,0.428791706066,-1.2176015561
45.905,-0.705963145493,-0.565361418659
45.91,-0.757453223628,-1.14021564329
45.915,0.0541081653358,-3.53814762122
45.92,0.348033329905,-7.72325536601
45.925,0.255783989858,-11.8421716041
45.93,0.244360559545,-11.4243291035
45.935,0.154971755748,-7.53671404279
45.94,-0.404118283462,-3.5765068173
45.945,-0.871086220114,-1.00773746235
45.95,-0.2251356732,-0.374111758165
45.955,0.596411104879,-1.98535304344
45.96,0.452808457611,-6.45947590739
45.965,0.00852871081226,-17.2258217991
45.97,-0.010337542598,-14.2071119659
45.975,0.372895245738,-6.74197432496
45.98,0.612257082822,-3.81113799131
45.985,0.148912135116,-4.00018711978
45.99,-0.266578817874,-8.98969327805
45.995,0.0838690707295,-21.239751953
46,0.0362603183572,-6.81560923718
46.005,-0.466156698194,-5.3344866966
46.01,-0.324635778122,-9.29884260955
46.015,-0.269288731638,-11.1347438856
46.02,-0.283883039141,-6.49436140744
46.025,0.20649215901,-5.86328939582
46.03,0.400569533097,-7.80663312169
46.035,0.260407509745,-9.82025547371
46.04,-0.0242419161312,-12.8353449911
46.045,0.000829292259612,-20.8449284465
46.05,0.420124514585,-6.74960710999
46.055,-0.074962981298,-2.60156547052
46.06,-0.635911606339,-3.1995119013
46.065,-0.452680973486,-6.85156319912
46.07,-0.607268499431,-3.9530391916
46.075,-0.295062466579,-1.53663987909
46.08,0.492549802457,-3.22584473005
46.085,0.259769305485,-9.7717003805
46.09,-0.146365210655,-16.6491196905
46.095,-0.0411737419801,-23.2958023487
46.1,-0.420208855826,-7.44137917682
46.105,-0.386499492063,0.817171069469
46.11,1.1312886936,4.24110964459
46.115,1.56279169883,4.37893851872
46.12,0.124598214844,0.668268570853
46.125,-0.101046196828,-13.1001238192
46.13,0.267886389767,-4.52964092051
46.135,-0.530796586209,-1.91055333263
46.14,-0.440437456627,-4.87768200251
46.145,0.48002336789,-5.8182223289
46.15,0.379562024927,-2.26432116145
46.155,-0.370058182033,0.264470042857
46.16,-1.23236021759,2.42120357593
46.165,-1.17820890381,2.91103614351
46.17,-0.0711270555521,0.248223461234
46.175,0.124554173293,-7.17957598484
46.18,-0.0206332010745,-3.11603839281
46.185,0.768574341185,0.532352084051
46.19,0.992967702741,0.156278005512
46.195,0.245782306383,-3.39298057819
46.2,-0.11817509452,-13.0606532661
46.205,0.23905702577,-12.3182655294
46.21,0.195381394059,-4.19921878658
46.215,-0.606499525328,-2.24768401099
46.22,-0.494234090231,-4.0012498137
46.225,0.159322098001,-12.692981287
46.23,-0.383916664557,-8.02771724286
46.235,-0.333017731895,-0.350741838583
46.24,1.02210093046,2.15344381916
46.245,1.03460033153,1.39811806352
46.25,0.193858472175,-2.73056441316
46.255,0.133601437673,-4.60719745537
46.26,-0.248518876685,-1.53909220833
46.265,-0.69803133878,-2.13823083606
46.27,-0.509074424907,-5.84268771755
46.275,-0.369780707088,-8.33656815434
46.28,-0.237115621665,-12.2285509707
46.285,-0.531763039425,-5.39030216778
46.29,-0.811176523753,0.374055684532
46.295,0.174317856794,1.51025295375
46.3,0.768795552175,-1.50963077103
46.305,0.324987192392,-9.66074325559
46.31,0.643777652834,-3.49594450275
46.315,0.744389633605,0.42711540951
46.32,-0.480608693279,1.32846399055
46.325,-1.10105864101,0.849743221608
46.33,-0.397302632786,-0.213943803375
46.335,0.441455011104,-1.45267390838
46.34,0.689594268156,-3.15622035876
46.345,0.372797017705,-6.35840272246
46.35,0.0821396491377,-12.2547836427
46.355,0.104463611269,-17.2374496011
46.36,0.239305803242,-10.2730804156
46.365,0.0932287086865,-6.70087901609
46.37,-0.222068310718,-7.18216984186
46.375,-0.22955934631,-9.66171172682
46.38,-0.394624305294,-6.45502097585
46.385,-0.544942299016,-5.16202116691
46.39,-0.236181978829,-9.42963876887
46.395,-0.311227374231,-10.0358768136
46.4,-0.557620373766,-2.96336243368
46.405,-0.0153934020737,-0.592718246024
46.41,0.703098997217,-1.41063782147
46.415,0.364211513993,-6.97608907704
46.42,-0.24150483755,-10.9831188859
46.425,0.374916126561,-2.55552247776
46.43,0.839267315093,-1.4823145657
46.435,0.245865831539,-5.41482878213
46.44,0.00734900792417,-16.7334200181
46.445,0.109682000283,-19.0061848126
46.45,0.30194158999,-10.1898151091
46.455,0.65273023354,-2.83893547652
46.46,0.230518119679,-0.131183073581
46.465,-0.55912584664,-0.589302346852
46.47,-0.682917353125,-3.15753942583
46.475,-0.448821539144,-6.08208285715
46.48,-0.0743539410911,-9.34231156254
46.485,0.225585176312,-12.9214998257
46.49,-0.0475880029695,-9.84105808479
46.495,-0.331435319598,-9.23807437687
46.5,-0.179896304991,-14.1298970917
46.505,-0.163165314608,-15.3872404579
46.51,-0.394262925277,-7.91668514728
46.515,-0.211813421792,-4.76856112827
46.52,0.520628896916,-3.79331637182
46.525,0.438336077385,-2.66310001684
46.53,-0.67168300366,-0.723937502151
46.535,-0.887648767017,-0.214557302966
46.54,-0.217786269437,-1.99756827033
46.545,0.0687358445373,-3.8152339629
46.55,0.385614844365,-1.75344902004
46.555,0.964972855483,0.150515610362
46.56,0.835516247308,0.307802575965
46.565,-0.160726101775,-1.16526072356
46.57,-0.654461609897,-3.66858518586
46.575,-0.093858103514,-5.90974943237
46.58,0.309056767143,-8.85888760636
46.585,0.164735663981,-15.3700511355
46.59,0.351923909845,-8.10342214514
46.595,0.640271561027,-3.05948237527
46.6,0.0479492775363,-2.27542083023
46.605,-0.447949788455,-6.45291844614
46.61,0.22718682578,-11.7464133937
46.615,0.232931917006,-2.20050173557
46.62,-0.779813456648,-0.125123316273
46.625,-0.627033932965,-3.28100658118
46.63,-0.182063567991,-14.6001175027
46.635,-0.688671488908,-3.22409651846
46.64,-0.562490983726,0.088333213707
46.645,0.259259716695,-0.0193564607778
46.65,0.740293763976,-1.15349601763
46.655,0.664062761842,-3.25923608695
46.66,0.101312594531,-11.4750954293
46.665,0.291668438673,-9.34881109552
46.67,0.708468823611,-1.38561195891
46.675,-0.245191707105,0.575722630567
46.68,-0.999207173007,0.130600556666
46.685,-0.625359308492,-0.704948718737
46.69,0.194565128348,-0.0118299379183
46.695,1.057804762,0.833087133829
46.7,0.516746802274,-0.863300600904
46.705,-0.272768679925,-9.92200201132
46.71,0.584351864297,-4.48390146343
46.715,0.44293320335,1.57853147249
46.72,-0.977530824943,2.00363899465
46.725,-0.63129205968,-2.32219635084
46.73,0.135988437464,-17.3020454069
46.735,-0.457080284294,-5.0219290002
46.74,-0.558780042449,-3.45620635299
46.745,0.0188081438144,-9.66938558921
46.75,-0.298774421144,-10.3669320708
46.755,-0.29437561666,-1.33733052899
46.76,0.850678673898,0.753971345722
46.765,0.742698782053,-0.681580728405
46.77,-0.201652057596,-5.7425130001
46.775,-0.128857838343,-17.5157513832
46.78,-0.131475051212,-16.4159710173
46.785,-0.0280990248771,-18.9125195947
46.79,0.0441915564828,-11.6930178112
46.795,-0.597032305093,-4.4282948309
46.8,-0.203342948873,-2.81162156913
46.805,0.392554611721,-6.14182869369
46.81,0.180361391994,-12.9583679157
46.815,0.553133786884,-4.98310052878
46.82,0.369518445017,-2.11383007086
46.825,-0.60214905035,-2.12796681132
46.83,-0.528694042795,-3.75316492663
46.835,0.0679760167833,-6.68111612999
46.84,0.234148642429,-10.263409841
46.845,0.238842091547,-12.0296122459
46.85,0.238221849359,-12.2197748963
46.855,0.0650539015243,-16.0149241745
46.86,-0.012470079183,-18.2387440265
46.865,0.482533088185,-5.93016426448
46.87,0.529090450422,-1.71601166786
46.875,-0.386594630227,-1.13158415695
46.88,-0.678827405562,-3.36442385458
46.885,-0.249223803327,-7.1752963799
46.89,0.15014333687,-8.84047004626
46.895,0.418500487921,-7.25946023093
46.9,-0.0394681412975,-5.7204095014
46.905,-0.37134807725,-7.53765257191
46.91,-0.420175740189,-6.79245688958
46.915,-0.932446386537,0.0496948099164
46.92,0.0771293904225,3.19902363091
46.925,1.46760542791,3.38377109697
46.93,0.0433116403147,1.51818690163
46.935,-1.01017313466,0.582892852551
46.94,0.614042164948,1.95688588493
46.945,1.16777165183,1.90540180944
46.95,0.0372083949813,-1.40681846157
46.955,-0.139011427248,-9.57223988318
46.96,-0.0853161705076,-6.30242710888
46.965,-0.529373994931,-4.07027228936
46.97,-0.458854689843,-6.53228960364
46.975,-0.268509793889,-9.62676112197
46.98,-0.0731943684626,-10.1065079558
46.985,0.24400769006,-12.1814143414
46.99,-0.0822195771947,-7.27858609962
46.995,-0.681861126208,-3.07134556055
47,-0.715896537644,-1.13905426562
47.005,-0.205389433765,-0.246002112411
47.01,0.474694349755,-0.233702389999
47.015,0.75922420609,-1.78682770007
47.02,0.534472691239,-5.43053903352
47.025,0.558766346143,-5.04666009788
47.03,0.793136191765,-0.95618068008
47.035,0.196812183367,0.247104493981
47.04,-0.577463357009,-1.89797055586
47.045,-0.337610206398,-9.34975643263
47.05,-0.116047132448,-15.3197755723
47.055,-0.342998608539,-9.28746581887
47.06,0.0265555718166,-12.0368435934
47.065,0.122137215324,-11.1170944003
47.07,-0.429673960778,-7.1639088138
47.075,0.0468156944407,-7.68979854048
47.08,0.381520607853,-5.17660862455
47.085,-0.707255701481,-0.899364387106
47.09,-0.780711939538,0.00259422750655
47.095,0.216672673626,-2.96105774684
47.1,0.228901090651,-12.3746273803
47.105,0.0218564034991,-18.41037157
47.11,0.0257071138328,-24.4393502338
47.115,-0.24122300078,-9.32278983049
47.12,0.155836641186,-2.34137913719
47.125,0.889919899998,-0.448585795846
47.13,0.680206934975,-1.73859305298
47.135,0.0823173610505,-6.11825183328
47.14,-0.024071743806,-14.840553089
47.145,0.0783441522543,-14.3559713129
47.15,-0.0579111013816,-14.992213985
47.155,0.100143436343,-18.2525791979
47.16,0.451455652812,-4.88036293996
47.165,-0.199557496882,-1.02698025592
47.17,-0.851711706892,-1.10582077162
47.175,-0.534224312688,-3.63935908079
47.18,-0.205394969637,-4.23560453879
47.185,0.457298907872,-1.93927899777
47.19,0.881076555219,-0.815541656246
47.195,0.101497036834,-2.18967556725
47.2,-0.257896154618,-7.09073089014
47.205,-0.295702240687,-5.99644012386
47.21,-0.764257897053,-2.33412493626
47.215,-0.169688392199,-2.93993433286
47.22,0.532192789241,-5.47058946087
47.225,-0.0726251182656,-5.38905662541
47.23,-0.420197879682,-6.69114679831
47.235,-0.498034807195,-5.79945706722
47.24,-0.721563219327,-2.2616292834
47.245,-0.359914188521,-3.43544694142
47.25,-0.466285707879,-3.05152995608
47.255,-0.245390422431,3.2501228709
47.26,1.35543387392,5.27665762
47.265,1.29447563267,2.76439777178
47.27,0.077513562062,-11.4013913141
47.275,0.80189027702,-1.0537769282
47.28,1.18094148214,3.39519746856
47.285,-0.229654996218,2.36926245386
47.29,-0.577162873709,-4.48023282737
47.295,0.242747757754,-11.2094740983
47.3,-0.130089822678,-0.97369239036
47.305,-1.01163601813,0.579249734817
47.31,-0.583717815536,-1.74974210425
47.315,0.144397694518,-9.14703055357
47.32,-0.0690404591911,-17.0967773347
47.325,-0.29533070826,-9.3905408119
47.33,0.0590729648016,-11.165047295
47.335,0.0264118092201,-20.7201065512
47.34,-0.299811465078,-9.72268931085
47.345,0.0774486965575,-8.43843230147
47.35,0.100970491244,-17.3319534376
47.355,-0.427376537703,-6.20764431949
47.36,0.223893203189,-0.81931275917
47.365,0.968586341814,-0.18170088523
47.37,0.404288478513,-3.36349378186
47.375,-0.0561854090462,-12.3509859888
47.38,0.0780975191314,-22.1059906237
47.385,0.320252228301,-9.83536841726
47.39,0.688784284684,-1.95135662675
47.395,0.0963124510151,2.46151681288
47.4,-1.33659267958,3.91310948278
47.405,-1.08022238488,2.44009638106
47.41,0.231439882718,-3.42907787261
47.415,-0.054390449465,-13.5282468691
47.42,-0.490416742196,-4.3110530722
47.425,0.194363507793,-5.36935130723
47.43,-0.0403208224034,-24.2444502107
47.435,-0.386168053067,-1.34826102052
47.44,1.02906770452,3.50977748404
47.445,1.52810516018,4.36076473696
47.45,-0.0193754235821,2.03230757654
47.455,-0.548393023368,-4.6970114135
47.46,0.0270712089878,-24.7435069375
47.465,0.071422255861,-15.327785877
47.47,0.191327100887,-10.8046721242
47.475,0.0195784107175,-3.26512104934
47.48,-0.687008206362,-1.38932432132
47.485,-0.607810474521,-4.19588415883
47.49,-0.436391152999,-7.06110418707
47.495,-0.543221318183,-3.22591444225
47.5,0.124946828784,-4.00906222985
47.505,0.248526662782,-10.8236732554
47.51,-0.520076344363,-5.53263328752
47.515,-0.413652878141,-2.28356528052
47.52,0.182892224848,-2.888941265
47.525,0.424147206567,-4.59206857792
47.53,0.449452263413,-6.48035412008
47.535,0.363113358885,-8.70281819402
47.54,0.464495024473,-6.64825263735
47.545,0.369101023151,-5.48312750917
47.55,-0.0899268083413,-8.68054250609
47.555,-0.0737105210666,-21.7148851873
47.56,0.225561106034,-12.6683615797
47.565,0.0787987557875,-9.64250746764
47.57,-0.158903480573,-10.8465002352
47.575,-0.243990420439,-11.6642524547
47.58,-0.241467439555,-10.6340928843
47.585,0.137381276702,-10.8306101276
47.59,0.143967306284,-12.6969072887
47.595,-0.304980591741,-10.0432366905
47.6,0.310880546664,-4.60424460751
47.605,0.608370645369,-2.78212343541
47.61,-0.365906144874,-5.48775446058
47.615,0.14169394141,-6.06697625072
47.62,0.805599895176,-0.238436350779
47.625,-0.460549754014,0.604644118222
47.63,-0.519645331172,-5.51655154949
47.635,0.0513081815558,-8.4930497698
47.64,-0.949717828075,0.436835694655
47.645,-0.721146675694,0.0397858163479
47.65,-0.00957278243071,-13.0183326607
47.655,-0.894383416572,-0.40016732532
47.66,-0.0780453926415,4.96393585936
47.665,1.723599617,5.47949040196
47.67,0.979717580822,2.51630731086
47.675,-0.0129802164566,-4.25439758863
47.68,-0.0687393261306,-6.28237588245
47.685,-0.615671541933,-3.70505491004
47.69,-0.212450937767,-3.29640989013
47.695,0.64563787757,-3.56145069394
47.7,0.162809653557,-6.31340284866
47.705,-0.0195362688865,-18.0723583574
47.71,0.107072243726,-6.50364005278
47.715,-0.685280684521,-1.68057069891
47.72,-0.680179891548,-1.14842935239
47.725,0.256481302512,-3.61652222849
47.73,0.335759454992,-9.19536043612
47.735,-0.151070452788,-14.3193066497
47.74,-0.095706602876,-9.62809854387
47.745,0.416387672154,-7.02604190213
47.75,0.111990153656,-6.49309064318
47.755,-0.588420229057,-4.55433862414
47.76,0.175022945989,-1.21242748982
47.765,1.08534625268,0.71340060672
47.77,0.354176722563,0.839758770422
47.775,-0.643872324083,-0.404324457848
47.78,-0.788264136571,-2.04411821876
47.785,-0.44900024397,-2.75570893024
47.79,0.217800254053,-2.58506877534
47.795,0.733513437708,-2.63087154792
47.8,0.231066942797,-3.61612184413
47.805,-0.467376953437,-5.96119236924
47.81,0.00165505796602,-8.40659838491
47.815,0.418104730641,-6.67379736411
47.82,-0.225263384645,-4.97062877971
47.825,-0.462028413331,-6.69526429936
47.83,-0.172633780254,-14.1331042529
47.835,-0.402207140682,-7.89723254926
47.84,-0.48727883256,-2.65663513834
47.845,0.101019560734,-1.11972517838
47.85,0.617129584505,-1.48839210236
47.855,0.767032989618,-2.0790803171
47.86,0.794473831082,-1.57442985845
47.865,0.3942349062,-1.76017019206
47.87,-0.237883703708,-5.3765657893
47.875,-0.043520830152,-20.6344517544
47.88,0.447959006888,-5.74246452956
47.885,-0.0367531617676,-1.96150058081
47.89,-0.641281667839,-2.97348587347
47.895,-0.19349622758,-10.722174611
47.9,0.10553762704,-9.6231411759
47.905,-0.648400242619,-2.43795076046
47.91,-0.571242339367,-2.02158094091
47.915,0.334447154412,-6.47432525539
47.92,-0.0480484665301,-9.64613815073
47.925,-0.379713108375,-7.37256218827
47.93,0.154008094867,-11.0078228658
47.935,0.0321232312098,-15.1541166506
47.94,-0.191308842291,-13.3259586346
47.945,-0.373828214329,-8.45505973985
47.95,-0.475739260243,-3.81272968875
47.955,0.161217669589,-4.06301565076
47.96,0.269994479632,-11.1329806814
47.965,-0.026189409627,-19.550983169
47.97,0.104881208437,-15.7596998259
47.975,-0.150371380136,-16.38726852
47.98,-0.219243773687,-4.67571651598
47.985,0.426620916052,-1.83926688195
47.99,0.682716522438,-2.94165453176
47.995,0.56546274995,-4.92318541224
48,0.787225790434,-2.03026298544
48.005,0.76543185127,0.381885404061
48.01,0.0436315122506,0.0531539592958
48.015,-0.382880891735,-3.53133862478
48.02,-0.238204970917,-6.79091478756
48.025,-0.60034523109,-2.38742448054
48.03,-0.850368545663,-0.843786122237
48.035,0.0657820219228,-2.42334474464
48.04,0.518524632201,-5.65058300246
48.045,-0.083266184174,-8.61173793376
48.05,-0.174221836443,-15.1325481667
48.055,0.0419483752349,-20.0230311932
48.06,-0.199231887854,-9.26960461572
48.065,-0.512378389176,-5.78320390602
48.07,-0.435384170492,-4.3419772519
48.075,0.0054570633653,-4.46409911422
48.08,0.364536300573,-4.8090037428
48.085,0.67923637752,-3.2940468219
48.09,0.477349663493,-1.65775752923
48.095,-0.503010210072,-1.53783214345
48.1,-0.610610093845,-3.7850881527
48.105,-0.11789893475,-9.94066160102
48.11,-0.153228632328,-8.32972763775
48.115,0.421842324886,-3.97149995101
48.12,0.452096163517,-3.94360715159
48.125,-0.582201538597,-4.41370668388
48.13,0.179159703283,-1.78790129565
48.135,0.854558970886,-0.560876587084
48.14,-0.541741345136,-1.6817412937
48.145,-0.231524782853,-1.90614412995
48.15,0.996296285761,-0.0284064820757
48.155,-0.0388201766851,-0.0668649710825
48.16,-0.624714304266,-4.05649034605
48.165,0.000134880210234,-25.4330948361
48.17,-0.371412544582,-6.82263496259
48.175,-0.547595351756,-3.50793601454
48.18,0.0177719879436,-5.4068910793
48.185,0.0646775818768,-8.64487211098
48.19,0.332707538106,-2.53918850192
48.195,1.14346434953,1.32391277271
48.2,0.869873320662,2.05863246739
48.205,-0.120675401803,-0.45755434241
48.21,-0.19121680906,-4.27661454864
48.215,-0.581048313798,0.111415355634
48.22,-1.26262570425,2.0266247891
48.225,-0.371180886951,-0.70401189877
48.23,0.170794323091,-12.7006967921
48.235,-0.259314283979,-11.564087792
48.24,-0.155960177127,-13.0569973071
48.245,-0.53580039942,-4.97567564614
48.25,-0.283169449756,1.3990599705
48.255,1.08582595062,2.52049185538
48.26,0.767485507486,-0.202975257937
48.265,-0.333865584164,-6.34840314048
48.27,-0.0797467655962,-6.35205929177
48.275,0.678090590525,-3.01604175222
48.28,0.378326010217,-2.04884838278
48.285,-0.707514625791,-2.18078043098
48.29,-0.206242982112,-0.671158711132
48.295,1.02940452551,0.590147684469
48.3,0.429447014805,-1.24635381624
48.305,-0.232061950628,-9.08531240153
48.31,0.126304261481,-17.8507356295
48.315,0.132706029261,-11.0479409231
48.32,0.0925566086738,-10.8211252069
48.325,-0.0804529279008,-7.0717265623
48.33,-0.28912152362,-9.93277581205
48.335,0.127473225449,-13.402369593
48.34,-0.325857656223,-1.44502276836
48.345,-1.18728348621,1.50669284589
48.35,-0.627664465692,0.969465749281
48.355,0.240003078003,-0.772765958441
48.36,0.814781136288,-1.01655525451
48.365,0.633617811313,-0.756458779997
48.37,-0.527338608308,-1.63136248104
48.375,-0.431701566218,-4.73559239374
48.38,0.315490833653,-9.7128011999
48.385,-0.156473464575,-7.34582084992
48.39,-0.493665722639,-6.06442995266
48.395,-0.247810224407,-7.4383795463
48.4,-0.00538768179483,-8.38575688725
48.405,0.172578349352,-11.5502484022
48.41,0.0345260726426,-17.6645086726
48.415,0.239834714757,-8.70587105222
48.42,0.424419592404,-6.41717848313
48.425,-0.247524051704,-6.85937344335
48.43,-0.283899261482,-7.57880630791
48.435,0.290172401501,-10.0990789036
48.44,-0.193981520472,-8.75238165639
48.445,-0.554076565513,-2.95376004624
48.45,0.308381991666,-0.73268499464
48.455,0.801242254981,-1.76791063275
48.46,0.404255787249,-6.43004988722
48.465,0.287557596347,-10.3912239763
48.47,0.470640845493,-4.96008415798
48.475,0.0776140338644,-2.61605652935
48.48,-0.598436557939,-2.88464259211
48.485,-0.442124032601,-4.83274852768
48.49,0.168124085306,-7.47830661045
48.495,0.257536622368,-10.6301600018
48.5,0.483412338862,-5.69976961711
48.505,0.880881661777,-0.292310925712
48.51,0.263148714135,1.64228376818
48.515,-0.593516980652,0.243881962122
48.52,-0.497709912114,-3.7930438007
48.525,-0.805321928055,0.425044850572
48.53,-1.63028295277,4.32209645485
48.535,-0.582541304879,4.38574595326
48.54,0.733825016439,-0.356793853418
48.545,-0.181258429021,-13.4009188135
48.55,-0.148878994063,0.453104082455
48.555,1.32679556916,3.02218847571
48.56,0.658172675364,2.19959225239
48.565,-0.802323304245,0.0295109095985
48.57,-0.59570412606,-1.66984704913
48.575,0.272986964308,-2.33632852881
48.58,0.746919819315,-2.36855740799
48.585,0.493071750257,-2.70491567877
48.59,-0.235355058411,-4.3958578541
48.595,-0.373650605148,-8.33741437635
48.6,0.149635441356,-12.9742657055
48.605,0.0570418767436,-11.533052193
48.61,-0.24424912804,-12.1418767014
48.615,0.211553358577,-12.0171100309
48.62,0.0560737823503,-8.24146206614
48.625,-0.383870574194,-8.29137453307
48.63,0.0138861023395,-13.7512325014
48.635,0.0123773659523,-32.1440023218
48.64,0.187484532855,-13.1263785998
48.645,0.31011816952,-3.15061993992
48.65,-0.967496504768,1.22704718643
48.655,-0.798052200386,1.74982981917
48.66,0.657910922532,-1.35648993989
48.665,0.0733921875491,-4.82882210237
48.67,-0.672910003053,-3.40167427387
48.675,-0.277416314048,-5.02364237688
48.68,-0.213334132545,-5.1202782549
48.685,0.0932512372493,-1.28547634952
48.69,0.709891156099,-0.502817488315
48.695,0.742922599776,-2.54647107348
48.7,0.492261754153,-6.07572998326
48.705,0.572938008589,-4.82089818992
48.71,0.668567272677,-2.10783768555
48.715,0.242156390996,-2.66298495859
48.72,-0.0608963234324,-5.80347128415
48.725,-0.214223724633,-6.51859543756
48.73,-0.373535529891,-8.50162958587
48.735,0.420744321741,-5.52633089992
48.74,0.76461267441,1.27270844501
48.745,-0.739309442441,3.74273643125
48.75,-1.38292552875,2.90444772051
48.755,-0.039178729207,-1.20606022552
48.76,0.485668992002,-5.38977042963
48.765,-0.460904038774,-2.59343014134
48.77,-0.729195758934,-2.3618701873
48.775,-0.184160216592,-6.49238999994
48.78,-0.114067461459,-12.0406775353
48.785,-0.0661604332089,-8.66778539965
48.79,0.185624047381,-12.2738457026
48.795,-0.19863438901,-13.9938004323
48.8,-0.217427840451,-3.07703953732
48.805,0.805065669626,-0.0069015563068
48.81,0.697051960421,-0.900258218969
48.815,-0.271674787133,-7.5121803105
48.82,0.381768159028,-7.34271475061
48.825,0.441532521977,1.24442270612
48.83,-1.35459393328,4.20832993681
48.835,-1.24171562898,4.12889119413
48.84,0.244621542182,1.18147537011
48.845,0.492411621209,-3.85049045367
48.85,0.464863513381,-6.18938566302
48.855,0.23464773478,-12.5687936402
48.86,0.389550019064,-5.98765372322
48.865,0.96886642383,0.514168154511
48.87,-0.315016954169,2.19053288119
48.875,-1.22372715303,2.04641680963
48.88,0.312341350078,1.9426412305
48.885,1.16193073579,1.32605892164
48.89,0.801511671475,0.465337457332
48.895,0.300840130161,2.05585221218
48.9,-0.893970182728,3.69600862989
48.905,-1.46634074759,3.3310902236
48.91,-0.544610795548,0.67357457746
48.915,0.253872848053,-4.95643722183
48.92,0.10020801619,-19.9800975189
48.925,-0.175730193466,-12.6587324424
48.93,0.0592304981533,-7.35106313986
48.935,0.496594297869,-5.35661083399
48.94,0.454945243717,-4.28235951071
48.945,-0.244135055252,-3.74971172507
48.95,-0.622639847594,-4.09547231005
48.955,-0.135476608962,-5.91556555062
48.96,0.27942874391,-9.37617918971
48.965,0.167815726971,-11.9782426635
48.97,-0.273395679142,-8.50688445983
48.975,-0.549415861896,-3.78641052271
48.98,0.19865153378,-1.71799076622
48.985,0.651585974925,-3.72015395175
48.99,-0.0918688096327,-15.239479853
48.995,0.256056423902,-4.23186235964
49,0.937013963452,-0.370626431806
49.005,0.087892868154,-2.67839522194
49.01,-0.0392709082142,-23.1024049522
49.015,0.451312521123,-3.71993472671
49.02,-0.329347251474,0.0939127577878
49.025,-0.906046183471,-0.682012023341
49.03,-0.393895370678,-5.14721120852
49.035,0.0402534272566,-23.8873766413
49.04,-0.407501181656,-6.1461999317
49.045,-0.791107261675,-0.90582363768
49.05,0.0339804552967,-0.511899097098
49.055,0.511548012626,-4.5384393848
49.06,0.272105852414,-10.547493579
49.065,0.503773675693,-5.7673367749
49.07,-0.170909540998,-3.71826466783
49.075,-0.761334887952,-1.02212663688
49.08,0.612376016696,1.19425155182
49.085,1.01785747706,0.785081292956
49.09,0.0124291026067,-2.85957764696
49.095,-0.217186725986,-7.91706954408
49.1,-0.476659587819,-5.7344906117
49.105,-0.417360038966,-3.69174049327
49.11,0.441096569298,-3.46935776058
49.115,0.481515884247,-5.30936379608
49.12,-0.0234107626002,-11.3783304769
49.125,0.0854808920322,-21.355970266
49.13,0.259809901511,-7.75766208544
49.135,-0.205197753921,-4.43674705805
49.14,-0.554613896449,-4.90051588104
49.145,-0.319743523929,-8.72996236678
49.15,-0.257548170998,-9.98214464503
49.155,-0.0977845486561,-6.86258551166
49.16,0.405949545949,-6.76155188546
49.165,0.102581504705,-6.92882243301
49.17,-0.730349774244,-2.71949146261
49.175,-0.327945075117,1.32573650167
49.18,1.20873076994,3.82520238128
49.185,1.56827802617,4.8539580159
49.19,-0.0425489254016,4.18686882253
49.195,-1.04719061111,1.04579501617
49.2,-0.240866034844,-7.58565745371
49.205,0.117338308383,-9.38460517474
49.21,-0.577860622489,-2.70453146866
49.215,-0.733688008154,-2.42279114158
49.22,-0.416893556419,-5.22060963308
49.225,-0.535791973521,-3.17717804545
49.23,-0.316163960466,1.39317789757
49.235,0.869453205748,3.35372225593
49.24,1.38273067051,2.8330815891
49.245,0.395209787369,-0.395935657136
49.25,-0.30882429657,-8.15687523757
49.255,0.15102325416,-12.1285885245
49.26,0.337185251786,-7.32480909478
49.265,-0.147041978286,-10.498381775
49.27,0.0876919285489,-12.9761695538
49.275,0.584811657249,-3.67356914193
49.28,-0.076023460429,-0.663921721903
49.285,-0.815236005441,-1.02737715484
49.29,-0.537452777902,-4.4237137183
49.295,-0.352668765761,-7.12643948715
49.3,-0.306977457789,-2.35330858317
49.305,0.635547388161,0.37294499996
49.31,0.960213781772,-0.0834285839035
49.315,0.215404399684,-5.21979134477
49.32,0.415137344922,-5.12292083522
49.325,-0.0222974377089,2.20227327889
49.33,-1.55151666422,4.33900337503
49.335,-0.809150312449,2.67459227858
49.34,0.354559007878,-5.09885932259
49.345,-0.356527304716,-8.32339568463
49.35,0.238136474986,0.738356150234
49.355,1.39761613093,2.9271001247
49.36,0.134863313108,2.45295490344
49.365,-0.838938074052,-0.857209626393
49.37,-0.333397204363,-9.4459935272
49.375,-0.678590652833,-3.33482508695
49.38,-0.637094538149,0.539400775149
49.385,0.37693444183,-0.474940288421
49.39,0.457194264352,-5.67296465288
49.395,0.450810806522,-5.69116038161
49.4,0.666196591763,-3.16236967161
49.405,0.086740052417,-4.79807702483
49.41,-0.287312002219,-10.0617293498
49.415,-0.0560597569377,-16.436833333
49.42,0.0915101480299,-19.1826347603
49.425,0.059024450146,-24.5702686402
49.43,0.0728594132928,-18.5210925687
49.435,0.280971613978,-10.9926958811
49.44,0.191998000345,-9.88113945239
49.445,-0.0141099869969,-15.1401575188
49.45,0.0662899299357,-12.8728536616
49.455,-0.335141031845,-6.72912147778
49.46,-0.479375119797,-3.4648892165
49.465,0.644397485131,-0.203112346192
49.47,1.18075219641,2.38293143491
49.475,-0.0546996725793,3.68935388805
49.48,-1.38655371613,3.73909816121
49.485,-1.011554638,2.27139446451
49.49,0.330708528386,-1.65643020263
49.495,0.273301277303,-7.71882514784
49.5,-0.541863576286,-5.28521599966
49.505,-0.125460601776,-4.85077998545
49.51,0.222367080168,-11.6048140808
49.515,-0.112130108668,-15.6840126603
49.52,0.117272683933,-7.74276059245
49.525,0.34071252301,-8.59661755651
49.53,0.290816406086,-10.6475221269
49.535,0.349496764443,-8.69990481938
49.54,0.173333417668,-10.2568103979
49.545,0.154296813399,-10.4801182088
49.55,-0.137225773218,-5.49123616554
49.555,-0.652825209468,-3.59553523547
49.56,0.310838877771,-1.91636268347
49.565,0.947471289354,0.752216891036
49.57,-0.476333242285,1.79390848568
49.575,-0.984968071836,-0.0566594677609
49.58,-0.176587354506,-6.40059762864
49.585,-0.18643277812,-10.8439243507
49.59,0.103024264074,-4.36983975105
49.595,0.755274302823,-2.41671733261
49.6,-0.109612847021,-1.7973123239
49.605,-0.800151021528,-1.72531312437
49.61,0.23505449836,-2.48077928585
49.615,0.610484322983,-3.26998295628
49.62,-0.352678154189,-3.08062771396
49.625,-0.689823265433,-2.72593068571
49.63,0.009428013361,-2.43806012131
49.635,0.809638955493,-1.56466527362
49.64,0.40648512623,0.201214034624
49.645,-1.03085006861,1.99712094282
49.65,-1.05832570379,2.4180353949
49.655,0.198954108007,0.586311059205
49.66,0.571974535796,-3.85635662893
49.665,0.280954215588,-10.7614708222
49.67,-0.0706916015184,-23.0116590775
49.675,0.033019749033,-7.39747988701
49.68,0.488722306696,-5.69146754969
49.685,0.043782765587,-21.9324472456
49.69,0.257672935931,-3.01342392446
49.695,1.31144727362,2.35554452246
49.7,0.539770562929,2.59020589918
49.705,-0.632268109967,-0.772228695757
49.71,-0.416534430677,-6.30893125155
49.715,0.230841733585,-6.54046267954
49.72,0.73323509668,-2.68865704202
49.725,0.558605842955,-0.94176142643
49.73,0.0329821001994,-1.38826198403
49.735,-0.299611387226,-2.03763952619
49.74,-0.486855137689,-3.0490958273
49.745,-0.514239246157,-3.41273085657
49.75,-0.893959201935,-0.483059124902
49.755,-0.859125999456,-0.325369711021
49.76,-0.116345336938,-7.33887647297
49.765,-0.435084169461,-7.06138429986
49.77,-0.741585754888,0.21625581343
49.775,0.355702606354,0.117183237559
49.78,0.498696233493,-5.92678305556
49.785,-0.188351424773,-14.3813218568
49.79,0.270496794238,-7.86664605492
49.795,0.200647133967,-6.49320941091
49.8,-0.598645863543,-3.9892940868
49.805,-0.451021733857,-4.53840939455
49.81,-0.379320110464,-4.32552053559
49.815,-0.102601610541,0.635213145326
49.82,0.993122302609,2.08217538234
49.825,0.803968202924,-0.977002122968
49.83,-0.133167402254,-12.5348925128
49.835,0.167911311352,-6.07881415763
49.84,0.715625588242,-2.74767511413
49.845,0.521017404433,-3.80800353316
49.85,0.0808252978605,-9.39760040686
49.855,0.167060223285,-15.5420233977
49.86,0.440056916397,-5.86218005808
49.865,0.0863880551756,-6.46009842256
49.87,0.0919858709124,-12.9543759543
49.875,0.153231764053,-4.27459073059
49.88,-0.586915226095,-2.74476407267
49.885,-0.17056599681,-5.90846069039
49.89,0.786352211787,-1.75273539775
49.895,-0.0512672518629,1.99524800647
49.9,-1.19574933994,2.57886241348
49.905,-1.0412728246,1.37092753572
49.91,-0.0224972760613,-1.22499282036
49.915,0.556233539189,-5.09420508764
49.92,-0.284667444566,-3.72316072923
49.925,-0.737301406939,-2.08189363591
49.93,0.0774289852358,-5.45837653574
49.935,0.0737808159722,-13.7962352517
49.94,-0.613482826113,-4.24386305738
49.945,-0.510018923805,-1.14284976006
49.95,0.117958481587,-0.216353159849
49.955,0.716787183327,-0.350896896135
49.96,0.692153531747,-3.18537401672
49.965,0.422966912428,-7.25490551131
49.97,0.960040415024,-0.354127199391
49.975,0.758949215264,2.72466207829
49.98,-0.70061804524,1.92056441663
49.985,-0.641163659803,-2.88010283151
49.99,0.406897229076,-7.15370751974
49.995,0.193585679112,-3.45813497688
50,-0.471450028168,-1.87829514121
50.005,-0.944008930041,-0.327179399231
50.01,-0.82296750278,0.462740060298
50.015,0.0219339238735,-1.10348862797
50.02,0.377018953947,-5.07533496653
50.025,0.364476978621,-7.99676538105
50.03,0.268064666831,-10.9774301603
50.035,-0.00116668359052,-33.7654390404
50.04,0.322418231466,-8.42994838141
50.045,0.416781618571,-4.84842735802
50.05,-0.35105820784,-5.34767955278
50.055,-0.276908797283,-5.73678792717
50.06,0.629022704391,-3.01348679698
50.065,0.670784161792,-0.672000218497
50.07,-0.243756227709,0.928202395245
50.075,-1.21129344674,2.12923456053
50.08,-0.906416746708,2.32441825632
50.085,0.515159247671,0.771209330783
50.09,0.656010489817,-3.01780070463
50.095,-0.290322133496,-7.33199549788
50.1,-0.211758542999,-6.45848670214
50.105,0.428384683685,-5.35846749733
50.11,0.46491400362,-5.69688191665
50.115,0.0421151195332,-6.39499740785
50.12,-0.402382477367,-6.47354852226
50.125,-0.393457207506,-5.50711274403
50.13,0.358074322029,-3.81222479273
50.135,0.659013180571,-2.62634145387
50.14,-0.273467718181,-3.14186394402
50.145,-0.44776804904,-5.42894317535
50.15,0.476587499404,-5.28532935562
50.155,0.313528161678,-2.47592277641
50.16,-0.648602528956,-1.23541939625
50.165,-0.744101779287,-1.89565290986
50.17,-0.0851886671365,-4.87661708865
50.175,0.127289478412,-12.4723667707
50.18,0.0303660795921,-11.6267149461
50.185,0.462938401636,-6.17775532129
50.19,0.227439569453,-3.56664796167
50.195,-0.854643056178,-0.798964994335
50.2,-0.632613991756,1.33246027605
50.205,0.727492262716,2.07796266618
50.21,1.19498410021,1.6163602709
50.215,0.361945174697,0.43844643364
50.22,-0.730977417075,-0.769979143712
50.225,-0.589506354917,-0.410276817945
50.23,0.936325016377,1.75236392062
50.235,1.07513408364,2.96470586101
50.24,-0.57216291862,1.41264028019
50.245,-0.44871972796,-5.31216547452
50.25,0.444884494211,-5.41987454667
50.255,-0.69827860851,0.616717551978
50.26,-0.956827087299,1.47621773908
50.265,0.685017132054,0.200017340351
50.27,0.596903105528,0.354028645409
50.275,-0.921250136422,1.50042511067
50.28,-0.978834855714,1.13295036917
50.285,0.0545956698663,-1.38647702406
50.29,0.391887456738,-7.67070319504
50.295,-0.171639892472,-14.2876224607
50.3,-0.229140147663,-4.91088301639
50.305,0.464540866076,-3.1645102596
50.31,0.491629240996,-5.87612194391
50.315,0.00209694794449,-15.445701679
50.32,-0.00462139054243,-12.0185936452
50.325,0.56153973388,-4.00411192403
50.33,0.793764244752,-0.320903215496
50.335,-0.188684190522,0.918669480798
50.34,-0.998926625926,0.264770108036
50.345,-0.570935599453,-1.67719091735
50.35,0.0569206679913,-3.43956698915
50.355,0.512462299017,-3.62751407541
50.36,0.564742841483,-4.58842065918
50.365,0.0765782300919,-11.1038651286
50.37,0.25687726254,-11.6278297753
50.375,0.469352785584,-2.42457709048
50.38,-0.583845510361,-0.391655160866
50.385,-0.657977523822,-1.86445279179
50.39,0.466873022952,-4.5522243313
50.395,0.179563456051,-6.54746415876
50.4,-0.101973246987,-18.71881565
50.405,0.302518891724,-5.74522451266
50.41,-0.652789470182,0.944478729534
50.415,-1.33111727508,2.76782860071
50.42,-0.204449812795,1.84488821891
50.425,0.707873792785,-1.28018507081
50.43,0.360982973857,-6.82629083681
50.435,-0.252606481127,-11.5843531529
50.44,0.0140250572378,-5.091675828
50.445,0.866087148693,-0.969490182359
50.45,0.628779768058,0.510475633228
50.455,-0.393032206951,-0.788216260134
50.46,-0.436578077588,-5.86344925035
50.465,-0.544287648523,-2.69718092236
50.47,-1.30367788205,2.32872117119
50.475,-0.683031905695,2.99273211912
50.48,0.258520076427,-0.430659307032
50.485,0.179374527195,-2.20391571399
50.49,0.940669643524,2.33870496893
50.495,1.33586480697,2.87564084292
50.5,0.0153062388527,-1.89623231177
50.505,0.013747345531,-10.3859775139
50.51,1.0410354028,0.79363508619
50.515,-0.116227084824,3.59295696136
50.52,-1.42654822067,3.14942626224
50.525,-0.183339317408,0.560154238027
50.53,0.681795076437,-3.32654217125
50.535,-0.184944731946,-7.49807258328
50.54,-0.114026107825,-10.531409703
50.545,0.266052486107,-11.1709007724
50.55,-0.181976737481,-12.9266157545
50.555,0.0506224298053,-10.2625791532
50.56,0.452479872733,-6.76352870182
50.565,0.160121025661,-6.6264605311
50.57,-0.0741863561904,-6.83296467295
50.575,-0.452521732514,-3.41875337949
50.58,-0.886998754578,-0.962231183906
50.585,-0.218316124579,-1.17669894177
50.59,0.543857513082,-4.53633579652
50.595,-0.00694128749118,-9.85967422787
50.6,-0.270308414825,-10.1500447561
50.605,-0.0199728202245,-16.1646282175
50.61,-0.246499707348,-7.59977639954
50.615,0.440295975046,-0.870148338719
50.62,1.06839723639,0.786896859765
50.625,-0.0261120987387,-1.32509585368
50.63,-0.404573217035,-7.49071651319
50.635,0.448274568763,-6.42084728107
50.64,0.292249513208,-3.53203883867
50.645,-0.306835753621,-4.70592307261
50.65,-0.42284724088,-6.30484991176
50.655,-0.624884531591,-3.98884207372
50.66,-0.192918428596,-2.92912931134
50.665,0.556361801356,-4.38933931972
50.67,0.0871986362094,-7.65646946465
50.675,-0.274847850992,-10.6836959459
50.68,0.236049126181,-10.936719915
50.685,0.0371975272586,-11.7717956145
50.69,-0.15871180655,-12.287288754
50.695,0.573002804346,-4.50579272635
50.7,0.532018313472,0.231653020684
50.705,-0.624508196219,2.10063740347
50.71,-1.22579754916,1.93072207934
50.715,-0.978115196676,0.691997945804
50.72,-0.59723039264,-0.0869855589842
50.725,-0.118402128657,-1.06452628578
50.73,0.112771014035,-3.9818744791
50.735,0.0640428831774,-2.91466048805
50.74,0.580422288284,0.267125726705
50.745,0.945014320076,-0.165090727407
50.75,0.69680078979,-3.07752052545
50.755,0.706614732332,-2.55365078026
50.76,0.397147637562,-2.49867181873
50.765,-0.100644054924,-8.11986343909
50.77,0.118713028338,-17.7555781785
50.775,0.287613106459,-7.35673872709
50.78,0.020662564609,-5.80300852183
50.785,-0.30250715616,-6.23236791894
50.79,-0.367380394924,-8.68038707917
50.795,0.0514766712762,-13.0225956942
50.8,0.311841600482,-8.6651972385
50.805,-0.0604334037139,-5.25904402403
50.81,-0.514673574902,-4.17586806715
50.815,-0.652425300319,-3.52229284629
50.82,-0.328563077571,-2.42828485157
50.825,0.531872223573,-1.28966124589
50.83,0.902403934448,-0.449174366504
50.835,0.0277485392691,-0.303735396111
50.84,-0.812987923817,-1.18810590785
50.845,-0.39757066355,-2.56163445079
50.85,0.704429483955,-1.71261686358
50.855,0.759702099249,1.40058047869
50.86,-0.622804758314,3.28742456581
50.865,-1.35156611561,2.80840870627
50.87,-1.05110232689,0.943169678209
50.875,-0.916540384463,1.61271548566
50.88,-0.221583611336,2.06281261549
50.885,0.418045903347,-2.29408753221
50.89,-0.140655496337,-8.74117262512
50.895,-0.0818745503951,1.03872356409
50.9,0.909646240538,3.24636561064
50.905,1.3149644028,2.79461040428
50.91,1.34954767009,2.67162938076
50.915,1.1105013961,3.06971205372
50.92,0.254032144842,2.08534958699
50.925,-0.414120473203,-1.41792358124
50.93,-0.298178495783,-8.41631436884
50.935,-0.193474214571,-11.0490566438
50.94,-0.121293941362,-17.4923469608
50.945,0.427820645392,-6.53758005754
50.95,-0.162997508311,0.591681980726
50.955,-1.32553464634,2.51166906859
50.96,-0.281067564309,1.34834391313
50.965,0.888880410942,-1.01580539407
50.97,-0.302735079631,-1.0025663789
50.975,-0.879682186328,0.323052820135
50.98,0.754195139481,1.68944780321
50.985,1.14468884522,3.02830675875
50.99,-0.538216138916,3.21053665071
50.995,-1.18179074891,1.48731435169
51,-0.626229475487,-1.45382812014
51.005,-0.0372736245289,-3.75583893158
51.01,0.395887284211,-7.27696090746
51.015,-0.00759303598705,-10.5701465339
51.02,-0.309870104333,-10.1402450384
51.025,-0.163968896729,-15.1612449195
51.03,-0.431364306226,-6.83235746252
51.035,-0.221845533321,-3.85302135745
51.04,0.139447316383,-6.66795202712
51.045,0.0691316819208,-6.59714004109
51.05,0.480693032939,-2.7104915782
51.055,0.621221269167,-4.06402931201
51.06,0.479877170248,-6.19545890766
51.065,0.976513398258,-0.0418620256551
51.07,0.497729686226,2.75482014315
51.075,-0.969639192829,2.64730668986
51.08,-0.955952913951,0.868877150275
51.085,0.383118638938,-0.569379683882
51.09,0.962403436989,0.162837865965
51.095,-0.157726676278,1.56346473368
51.1,-1.21167116183,1.71889206565
51.105,-0.284391583225,-0.416940452833
51.11,0.474226901372,-6.0795529067
51.115,-0.125450924226,-12.8191644702
51.12,-0.1387626765,-12.0819039593
51.125,-0.0686194688617,-16.6812299006
51.13,-0.0348239851142,-6.02453710955
51.135,0.704821159759,-2.49053464407
51.14,0.197740188951,-4.50643743642
51.145,-0.358636532455,-6.47798554956
51.15,0.943468590973,0.35207846981
51.155,0.739376434373,2.78372247479
51.16,-0.785899452757,1.10793026343
51.165,-0.402537845518,-7.27159573197
51.17,-0.253228811269,-7.71989734526
51.175,-0.934077892882,-0.172421676941
51.18,0.112379920936,1.32805639863
51.185,0.975146541603,-0.169643000434
51.19,0.161276030608,-5.56890917085
51.195,-0.0214213951316,-19.843400561
51.2,0.597284146814,-4.41808598895
51.205,0.364175177526,-0.237786794168
51.21,-0.644395317753,0.801471561667
51.215,-0.866818414867,-1.21735077548
51.22,-0.139373032225,-10.704886271
51.225,-0.257140371146,-7.44667954236
51.23,-0.96775618149,-0.261227155005
51.235,-0.583846139422,1.465179453
51.24,0.497611409016,0.785646160106
51.245,0.777996018379,-2.18026625804
51.25,0.0333005561865,-9.73615065872
51.255,0.00185754375443,-11.7159837182
51.26,0.54192726242,-4.70007553285
51.265,-0.449544914538,-1.13501395859
51.27,-0.952779924477,1.15043235241
51.275,0.610159949697,1.58557070294
51.28,0.89901741676,0.178767093446
51.285,-0.380244992626,-1.7799822978
51.29,-0.681935159819,-3.08858738039
51.295,-0.332037888453,-3.57323865108
51.3,0.0477916853601,-2.10875367281
51.305,0.605181789103,-0.678570061706
51.31,0.943346438681,-0.279337165349
51.315,0.899287527014,-0.312579632766
51.32,0.466583016101,-1.17192378312
51.325,-0.00699690303841,-3.92056743186
51.33,-0.112557029254,-6.90478112863
51.335,-0.247381806936,-7.15743103952
51.34,-0.263304340922,-10.8388082939
51.345,-0.164266544589,-12.6388044128
51.35,-0.44873381569,-6.95435224823
51.355,0.0221261689972,-5.64312619712
51.36,0.568911209402,-4.56192285332
51.365,-0.155800981847,-5.23119765303
51.37,-0.151561228647,-16.3778635579
51.375,-0.0419175648112,-6.34443295378
51.38,-0.955505240864,-0.260753747886
51.385,-0.410182708017,0.769883623173
51.39,0.788027777144,-0.694591731023
51.395,0.423569565576,-3.52000460654
51.4,-0.264057181514,-8.01359293958
51.405,-0.0225728033821,-19.5681492674
51.41,0.210391109568,-7.75016393583
51.415,-0.485028543481,-2.52392738713
51.42,-0.74909951374,-2.33036623026
51.425,-0.317132584302,-6.30978239765
51.43,-0.309717119518,-6.08355435044
51.435,0.0676848814158,-4.9614889298
51.44,0.141006189473,-16.7608769377
51.445,-0.439696340296,-4.79102039663
51.45,0.332930723367,0.655609734045
51.455,1.00721184253,0.12818598594
51.46,0.316208706426,-6.10555770727
51.465,0.115678465736,-18.3614582617
51.47,0.456594277857,-6.73680285628
51.475,0.622245447095,-2.481855786
51.48,-0.0608862503585,-0.811200397092
51.485,-0.702671022453,-3.04799395137
51.49,0.356198179889,-5.78413657285
51.495,0.264799133809,-0.735287750421
51.5,-1.0066628383,0.372989700831
51.505,-0.0634112904357,-3.51975701288
51.51,0.213297178627,-6.31807550338
51.515,-0.880959391949,-1.0947450367
51.52,0.126817337074,-0.469248168076
51.525,0.635533111364,-3.10075308637
51.53,-0.556490279792,-4.09392246348
51.535,-0.0738797531469,-3.07113419874
51.54,0.597637164172,-4.35127336411
51.545,-0.37283686891,-4.38431711623
51.55,-0.626168358129,-1.48488923546
51.555,0.332766387358,0.0107502491048
51.56,0.917415712188,-0.342574306408
51.565,0.718739875463,-2.39762544203
51.57,0.70075586003,-1.729639597
51.575,0.4174356545,2.21621534404
51.58,-1.10495251203,3.71228234954
51.585,-1.04354884973,2.4080831334
51.59,0.79639433636,0.138156500152
51.595,0.355557689604,0.277002021724
51.6,-0.92490648725,-0.219180071864
51.605,-0.185347900225,-3.79777719748
51.61,0.41506381092,-7.34260433032
51.615,-0.264688280973,-4.99883976289
51.62,-0.546371116043,-5.20067779672
51.625,-0.218503827508,-10.5667163694
51.63,-0.389976633933,-7.9735188936
51.635,-0.494200475623,-1.59421983988
51.64,0.326306857446,0.565076144794
51.645,0.966050147371,0.268636594573
51.65,0.822647554263,-1.06545240668
51.655,0.463546750148,-1.31857001871
51.66,-0.188250474352,-0.673557761683
51.665,-0.816895150842,-0.934684650952
51.67,-0.608809033122,-2.80065794024
51.675,0.00227771152101,-6.26837763924
51.68,0.272179849689,-10.2318417685
51.685,0.160203601787,-10.9584815151
51.69,-0.341712717212,-7.01553127885
51.695,-0.545280971756,-3.77407162203
51.7,0.148633143124,-2.85757911177
51.705,0.606607324006,-4.27440115769
51.71,0.119379196531,-7.49662185192
51.715,-0.35318814093,-8.93735738498
51.72,-0.122436940489,-6.23120899968
51.725,0.562646822187,-3.25346490792
51.73,0.706839170596,-1.20866687752
51.735,-0.390951023098,-0.201368226123
51.74,-0.94535276467,-0.0447266984121
51.745,0.244404251108,-0.940799679671
51.75,0.600302055474,-4.04969049755
51.755,-0.211957266893,-10.6702231697
51.76,0.098339033927,-8.40653250277
51.765,0.48998839129,-6.04054632166
51.77,0.155127981655,-7.26764384609
51.775,-0.15466072436,-6.92435496558
51.78,-0.599983401645,-4.36259267176
51.785,-0.252351760011,-2.57898427037
51.79,0.648067954691,-2.10139785005
51.795,0.568557484617,-3.68643062542
51.8,0.139208826227,-8.00469596632
51.805,0.169417401965,-8.90722039918
51.81,0.0189855571264,-3.88135097517
51.815,-0.597376249695,-2.06296244732
51.82,-0.590754058603,-4.34772084107
51.825,-0.220595621924,-11.8692173126
51.83,-0.41180170244,-7.14876430869
51.835,-0.154596876678,-4.59885744115
51.84,0.347910388934,-5.72295512003
51.845,0.498820449597,-6.02827743804
51.85,0.253005742542,-3.3376813316
51.855,-0.755284433336,-0.960675329482
51.86,-0.537144732436,-0.711261017043
51.865,0.69981548672,-2.43046143127
51.87,-0.111118616954,-1.54190818071
51.875,-1.0829901345,0.953431878412
51.88,0.0901251289977,0.69250601813
51.885,0.636162075878,-3.89586808016
51.89,-0.161807698704,-14.1876536201
51.895,0.0407258590575,-5.74679329091
51.9,0.50540703125,-5.74907843806
51.905,0.0136115466083,-19.8712472529
51.91,0.153847869866,-5.24553924449
51.915,1.06069657363,0.611538625434
51.92,0.786016120256,2.30590652511
51.925,-0.489568322901,1.79096885571
51.93,-0.978071971808,-0.150519030463
51.935,-0.397164295028,-2.65415016369
51.94,0.321624487993,-4.44637013106
51.945,0.561786822071,-4.95635078273
51.95,0.185086250121,-5.53594747839
51.955,-0.279299373492,-8.77057915286
51.96,0.021046571622,-15.96724848
51.965,0.341765670212,-6.79278517574
51.97,-0.249799920726,-3.54515876332
51.975,-0.558902458109,-4.98781906848
51.98,-0.208492678369,-11.9348993654
51.985,-0.187566215858,-14.513609728
51.99,-0.261381891791,-10.4508005885
51.995,0.0150247154548,-13.6728281826
52,0.0491064774348,-14.3479895121
52.005,-0.52332078007,-5.00978267095
52.01,-0.599115976006,-2.08744440679
52.015,0.00743903868008,-3.64197844173
52.02,0.0625624261589,-6.62141537427
52.025,0.362702477203,-1.48728796624
52.03,1.12027755167,1.12082967066
52.035,0.656977572015,0.457622710387
52.04,-0.249706580525,-2.84659552503
52.045,-0.37807689008,-7.28744188174
52.05,-0.458316951281,-6.77247791103
52.055,-0.428218014865,-3.66946860407
52.06,0.253853820248,-1.99703130246
52.065,0.723642402564,-2.56158266519
52.07,0.390061656494,-6.67272685969
52.075,0.285048137441,-10.6773356519
52.08,0.576086930682,-3.33776992923
52.085,0.0658083769622,-0.460082865283
52.09,-0.762148207693,-0.655480840985
52.095,-0.630833709992,-3.01785792191
52.1,0.0162144314887,-6.50430401936
52.105,0.340368810798,-8.81423317936
52.11,0.309775421949,-8.30182418315
52.115,0.0781447098901,-5.84651551427
52.12,-0.434690569115,-3.29209909286
52.125,-0.742111722701,-2.56862671871
52.13,-0.281277026987,-5.09726039553
52.135,-0.0171075134064,-13.6833598529
52.14,-0.205057709227,-8.62748105463
52.145,0.252890076795,-4.35276141553
52.15,0.541552808716,-5.18669344006
52.155,-0.169246138199,-11.042236134
52.16,0.141801044331,-4.2804062931
52.165,1.24810870344,2.11510199902
52.17,0.0256373381305,5.09121248904
52.175,-1.86188189315,5.8235791814
52.18,-1.00658327641,4.62496245878
52.185,0.79044020415,1.54478251767
52.19,0.464061135197,-1.34363032105
52.195,-1.20616568641,1.93836789614
52.2,-0.754029000256,4.92810009401
52.205,1.3133314002,5.130670043
52.21,1.11836733782,2.1379668916
52.215,-0.268771396729,-5.32759686136
52.22,-0.0439556754883,-6.18207798825
52.225,0.691976535971,-2.65622529901
52.23,0.59385347339,-3.39425323543
52.235,0.315953193441,-6.73422552813
52.24,0.477051734911,-3.67774913028
52.245,0.138601794486,0.561913186883
52.25,-0.901056939904,1.65971610796
52.255,-0.908042787149,-0.135654688413
52.26,0.182792110412,-4.68148078376
52.265,0.356211743874,-5.23668385689
52.27,-0.565069570858,-2.0822612367
52.275,-0.705501411551,-2.47795163527
52.28,-0.235602550197,-7.29436118478
52.285,-0.367026239073,-5.46929502277
52.29,0.0552482493174,-0.690757749187
52.295,0.956555730241,0.287353402282
52.3,0.601359139579,-1.06346216342
52.305,-0.337641541805,-2.86973104462
52.31,-0.734410210609,-2.66294847207
52.315,-0.416765067922,-0.616933616489
52.32,0.55584688767,0.835149965164
52.325,1.0115866573,0.226100447356
52.33,0.763287201604,-1.89021864505
52.335,0.824898332649,-0.280034229733
52.34,0.48036333414,2.36779175077
52.345,-0.558099179412,2.52136239629
52.35,-0.943137077368,0.232877483234
52.355,-0.644443901198,-3.7680927278
52.36,-0.353557809811,-8.80894618769
52.365,-0.421645588595,-7.36368268882
52.37,-0.702687571428,-2.51293212116
52.375,-0.216132543267,-1.54050448489
52.38,0.508712730139,-3.99949613127
52.385,0.239265628511,-7.68447665115
52.39,-0.316748268518,-7.58402933734
52.395,-0.450896340438,-6.9004143803
52.4,-0.480546890685,-5.37137521642
52.405,-0.40529350641,-3.45271442144
52.41,-0.121153724643,-3.07574739633
52.415,0.0134423437951,-3.72977885213
52.42,0.0761865802441,-0.375985105207
52.425,0.920200816207,3.89171374328
52.43,1.9099009721,5.73788001833
52.435,1.43451092986,4.9961700118
52.44,0.392052041579,1.82765584262
52.445,0.122127478107,-0.989296366957
52.45,-0.13516847315,-0.200784958637
52.455,-0.611464427,-0.552245794575
52.46,-0.648732093748,-3.30462381283
52.465,-0.435682007084,-7.19414688804
52.47,-0.367268663701,-8.68824695094
52.475,-0.375371153092,-8.37315045002
52.48,-0.277993325144,-9.25257330481
52.485,-0.106337428184,-14.4129496961
52.49,-0.237163285262,-12.1978544422
52.495,-0.249176033239,-5.20814135581
52.5,0.599906816367,-2.34951717927
52.505,0.575559770492,-0.122188435498
52.51,-0.979595689209,1.82399643501
52.515,-0.826606143523,1.19057952331
52.52,0.361222025394,-5.84388022036
52.525,-0.571320843648,-3.69485863575
52.53,-0.934686931094,3.18918522437
52.535,0.503897645083,4.01195041879
52.54,1.07677280456,2.50029705088
52.545,1.56960170812,4.06280541439
52.55,1.47482808915,5.7538045649
52.555,-0.47002660733,4.30181908571
52.56,-0.838024159323,-1.49678047574
52.565,0.153204344095,-14.5030302133
52.57,-0.305803270455,-9.137484089
52.575,0.0160956712935,-2.97189878895
52.58,1.18302455925,1.46292628305
52.585,0.527664270706,2.81713818648
52.59,-0.71301040361,1.94317639136
52.595,-1.01659195348,0.181801927911
52.6,-0.501831440276,-2.20280919681
52.605,0.232769791681,-7.26159710755
52.61,0.0167915764861,-17.1054886094
52.615,-0.158212167414,-9.17429576125
52.62,0.59233583887,-4.04117947109
52.625,0.321858210276,-2.13754433658
52.63,-0.513269028819,-4.33310093159
52.635,0.0441819730327,-13.1652696581
52.64,0.291813071129,-3.78257429368
52.645,-0.648532362074,-0.190177179417
52.65,-0.878227131933,-1.0776266171
52.655,-0.363999129159,-5.97769860589
52.66,-0.258779494733,-11.6683080365
52.665,-0.720712700066,-2.78465118406
52.67,-0.733432609976,1.46551250739
52.675,0.378924719661,2.14180135682
52.68,0.943283369914,-0.388204353778
52.685,0.165663042301,-5.22632403009
52.69,-0.536923828126,-5.11564669704
52.695,-0.641283926241,-1.36074783627
52.7,-0.0488927972289,1.65348600923
52.705,0.969716203407,2.61215999089
52.71,1.07832457604,0.674737950154
52.715,0.365158167117,-6.41955375128
52.72,0.333947151721,-8.74781843001
52.725,0.76316505895,-2.24857370247
52.73,0.33587622929,-3.34126536126
52.735,-0.047113805682,-21.9022414513
52.74,0.691274772571,-2.98438439654
52.745,0.935491426511,2.00540924172
52.75,-0.12905277084,2.41839299061
52.755,-0.764979403239,-0.95045149961
52.76,-0.185640269104,-14.1631010403
52.765,0.0677571808562,-7.56911584402
52.77,-0.377446134452,-4.85576264907
52.775,-0.200458379262,-11.7151169864
52.78,-0.263167467125,-3.36151883609
52.785,-1.05271717784,0.844013187402
52.79,-0.721502209224,-0.67432522279
52.795,-0.0305279111455,-11.721646623
52.8,-0.467931690247,-6.30365657103
52.805,-0.756056054489,-1.19521665414
52.81,-0.31602629135,-0.945380753665
52.815,0.143628669121,-2.81172031903
52.82,0.151797592808,-7.92230301405
52.825,-0.137775947912,-3.59801914693
52.83,0.632139556334,2.90024757561
52.835,1.7827604125,5.08913570729
52.84,0.951489018958,3.97432487237
52.845,-0.31425013595,-1.02500429789
52.85,-0.140116771615,-11.5673462307
52.855,-0.23599987335,-6.82072458565
52.86,-0.48857494709,-5.78463971045
52.865,0.217927267486,-6.17541523199
52.87,0.471646000296,-5.85069987616
52.875,0.0998808009819,-7.31470207151
52.88,-0.0763073617927,-6.96933404256
52.885,-0.472735898253,-4.2310197524
52.89,-0.602671390943,-4.02688504896
52.895,-0.0884249627302,-7.08384794189
52.9,0.171400736464,-14.7123699452
52.905,-0.140897322989,-13.8360812018
52.91,-0.357421341103,-7.17366397185
52.915,0.180636679099,-5.08647432503
52.92,0.451829744283,-6.67951382322
52.925,-0.222422482188,-10.1895060406
52.93,-0.0708583810896,-5.59636862593
52.935,0.757210196757,-2.16201745322
52.94,0.475954097961,-1.66384279408
52.945,-0.221940195193,-3.13728453056
52.95,-0.496523939519,-4.1350926851
52.955,-0.784369131135,-2.10852395369
52.96,-0.507156351919,0.167776874445
52.965,0.8427810695,1.33597915343
52.97,0.886392397202,1.89729389358
52.975,-0.94521266928,2.22097385837
52.98,-0.766747030559,1.30563220859
52.985,0.663944831981,-2.18913172465
52.99,-0.128476598504,-4.60235826815
52.995,-0.722876718798,-1.50901371361
53,0.213649024738,-1.44523504934
53.005,0.519878573947,-4.77532678375
53.01,0.411875249815,-7.69736206385
53.015,0.21456644761,-11.6573167866
53.02,0.0382300906989,-14.798231702
53.025,0.65918639816,-2.86663053542
53.03,0.806554024377,-0.299867202028
53.035,0.187647651576,-2.56635900545
53.04,0.267942338306,-2.78810355926
53.045,-0.210871938387,3.30865302618
53.05,-1.75125263914,5.95660392189
53.055,-1.69934890126,5.57542997115
53.06,-0.476457123331,2.73599964336
53.065,-0.0209113738723,0.8527831382
53.07,0.646571949691,2.22340002521
53.075,1.16986143342,1.51185980373
53.08,0.518377937037,-3.87836156112
53.085,0.347293925513,-9.18237805013
53.09,0.749750701679,-1.41204662991
53.095,-0.0838906330108,0.376073734207
53.1,-0.980713592097,-0.160294206229
53.105,0.33669720563,1.64743045674
53.11,1.69518384464,4.78072836648
53.115,0.195503106587,5.6166949059
53.12,-1.16576641246,2.94225954431
53.125,-0.591551340563,-4.4253546585
53.13,-0.855878996479,-0.832748146422
53.135,-0.950972770565,1.15989708031
53.14,0.112864346212,-3.20783801633
53.145,-0.0271493299612,-14.6400335755
53.15,-0.82490131917,-1.50067756517
53.155,-0.567843945187,2.49917344509
53.16,0.779631110836,4.37436458835
53.165,1.68432538393,4.54073993727
53.17,0.633869026348,2.58511086291
53.175,-0.571147743092,-2.06233829113
53.18,-0.145984607377,-8.65829779185
53.185,0.471093043552,-6.35032227278
53.19,-0.0699517831857,-4.07400468515
53.195,-0.545395278709,-5.26577131302
53.2,0.168770915301,-8.94634866174
53.205,0.214207046241,-4.11420840402
53.21,-0.914195367284,0.0522658573662
53.215,-0.732280192211,0.503703144296
53.22,0.139261196825,-2.88440284504
53.225,0.144896488942,-6.08291429501
53.23,0.575796184877,-1.92455788401
53.235,0.793084877664,-1.71357297544
53.24,0.101096834102,-7.57170008458
53.245,0.161307216344,-15.7819074706
53.25,0.27890795293,-5.8823800821
53.255,-0.353812036774,-4.75403866291
53.26,-0.48862748442,-5.64680365984
53.265,-0.0364133677219,-5.38665831028
53.27,0.5309340301,-3.54918399266
53.275,0.727176259649,-2.42324376627
53.28,0.36397497535,-3.29212227434
53.285,0.137419200683,-3.59867568375
53.29,-0.241472289556,-1.25020229224
53.295,-0.778306185311,-0.703656767884
53.3,-0.752066399967,-2.46945644097
53.305,-0.816745504442,-1.53968507619
53.31,-0.690952758962,1.15429038696
53.315,0.420659127883,1.57245046969
53.32,0.963685678578,-0.32073899652
53.325,-0.0468138846279,-2.43333818373
53.33,-0.993635885579,0.14135527858
53.335,-0.0132418030282,3.7007501114
53.34,1.76493012345,5.50982972193
53.345,1.18177574638,5.17622190734
53.35,-0.728312068058,2.14966212716
53.355,-0.424611832056,-4.24590563047
53.36,0.669845384607,-3.45717506996
53.365,0.0405717651632,-0.729326942256
53.37,-0.687096315171,-2.00069846141
53.375,-0.449799309497,-6.70475132386
53.38,-0.249543628595,-11.4024375301
53.385,-0.177715910082,-12.9947190611
53.39,-0.0528958054987,-23.1437198038
53.395,-0.220494674516,-12.0183547907
53.4,-0.500537678977,-5.63665669737
53.405,-0.21068085054,-3.97001792615
53.41,0.327673932893,-6.00416737217
53.415,0.190402556729,-12.6124738471
53.42,-0.271569874178,-11.0054082635
53.425,-0.379212345423,-5.7815191388
53.43,-0.0806345546232,-2.46484033865
53.435,0.567464058654,-0.667016250266
53.44,0.855826995511,-1.28927938865
53.445,0.49121952965,-5.07706903162
53.45,0.321438784226,-9.19331155665
53.455,0.459378418338,-6.21024617469
53.46,0.498448807717,-3.67773247659
53.465,0.312111669691,-1.3755259468
53.47,-0.311913861039,0.160456007148
53.475,-0.915721936835,0.108029889034
53.48,-0.742614803771,-1.6022538099
53.485,-0.0249425054654,-4.67603303799
53.49,0.421157651491,-7.28869369339
53.495,0.185644187371,-5.97364747311
53.5,-0.434067665637,-3.35589971746
53.505,-0.858071716888,-1.30961878718
53.51,-0.454455676796,-0.422520182879
53.515,0.496956460061,-1.59832013759
53.52,0.430257453505,-6.48918335122
53.525,-0.183225527883,-14.6924807925
53.53,0.379073174112,-5.36278838964
53.535,0.603214569705,-2.0224747061
53.54,-0.414403148853,-1.91816481224
53.545,-0.509851304351,-5.41788877272
53.55,0.0121053659272,-27.2362126132
53.555,-0.468806434799,-5.51477650321
53.56,-0.834121618248,0.0245842654047
53.565,0.0295468287307,2.12202624194
53.57,1.10453685792,2.22923454025
53.575,0.856329185743,-0.13166647896
53.58,-0.104114886348,-7.9693847945
53.585,0.147034313909,-8.91033251118
53.59,0.748356817315,-2.29905821226
53.595,0.141873354317,-2.33167837518
53.6,-0.368118045807,-7.87699848811
53.605,0.254247464975,-9.26402829736
53.61,0.660895455715,-1.17759573392
53.615,-0.322903927805,1.57892204294
53.62,-1.03148779126,0.378644561974
53.625,-0.186043985503,-8.60696074214
53.63,-0.301777222756,-6.07149068863
53.635,-0.962941909957,0.412547581769
53.64,0.305555090529,0.024910025666
53.645,0.520933933899,-3.38516064686
53.65,-0.754104110088,-2.13726227527
53.655,-0.229442510585,-1.17188283756
53.66,0.520867655208,-4.083794882
53.665,0.327342687778,-9.54899541435
53.67,0.217615222262,-9.49237753537
53.675,-0.267644779386,-8.03999075009
53.68,-0.262673249514,-8.02595066902
53.685,0.22349688466,-12.4462134639
53.69,-0.328895426418,-8.89895355742
53.695,-0.287150979134,-1.30476930007
53.7,0.9911939845,1.57335490096
53.705,1.0320703498,1.74421838219
53.71,0.0353182820728,0.731352521402
53.715,-0.828869690723,0.822934708239
53.72,-1.15494061278,1.8522202546
53.725,0.0919506955716,2.10930771372
53.73,1.08895157835,0.858592243291
53.735,0.329084290052,-2.73268599577
53.74,-0.109151829602,-10.8561531544
53.745,0.00956669364385,-11.492720998
53.75,-0.269813848109,-8.32055602879
53.755,-0.210201641155,-13.5071193926
53.76,-0.0653800361789,-12.2508915748
53.765,-0.690543240221,-2.39115531539
53.77,-0.951762237294,1.41458246716
53.775,0.254851943757,2.31544117476
53.78,1.06052032007,0.522994573183
53.785,-0.200614272017,-2.41399199504
53.79,-0.868521121722,1.06953879554
53.795,0.792477685391,3.95856577712
53.8,1.46540501552,3.43984091215
53.805,0.212427337344,-1.67777258131
53.81,0.0190091458353,-24.6677904562
53.815,0.677148712512,-3.29154777658
53.82,0.489175603641,-1.43607524102
53.825,0.138941717746,-2.12357998248
53.83,-0.145275514961,-0.394230823394
53.835,-0.865454376427,1.44212034734
53.84,-1.10515487859,0.954683375293
53.845,-0.232562231939,-3.07928354705
53.85,0.228674764773,-12.4577324084
53.855,-0.501609812822,-4.7717397123
53.86,-0.474078283537,-3.13632183043
53.865,0.245506123675,-8.54240992961
53.87,-0.192340522283,-12.4862781896
53.875,-0.192780760415,-5.346440517
53.88,0.562621721715,-4.84674422656
53.885,-0.105923036805,-4.14389251976
53.89,-0.664220182417,-3.43115828119
53.895,-0.109145426945,-6.6708747701
53.9,0.0174712288352,-16.4889727116
53.905,-0.17459431227,-14.116997013
53.91,-0.46409684567,-4.17724126389
53.915,0.0537023296932,1.68761257751
53.92,1.35473405514,3.56312130549
53.925,0.973872470335,1.6755056219
53.93,0.0574217638873,-5.57492588973
53.935,0.261695680383,-6.93091201787
53.94,-0.215791011139,-2.37714490103
53.945,-0.667908634713,-3.50493547479
53.95,0.000315945529361,-10.9901847413
53.955,-0.185371812516,-11.3350644959
53.96,-0.546697241385,-2.15972918004
53.965,0.639309316927,0.951300432422
53.97,1.00687630164,0.681932671042
53.975,-0.138426333047,-3.75009279384
53.98,-0.0818356475412,-11.4287516609
53.985,0.64563575515,-3.70576923129
53.99,0.228265326717,-2.4124901336
53.995,-0.141071980815,-5.61338369802
54,-0.166182575215,-3.02213202355
54.005,-1.04327350606,1.7455545244
54.01,-1.21798841512,3.09913789466
54.015,0.265244917735,1.60331085071
54.02,0.737162916485,-2.62822135978
54.025,-0.0823860303587,-9.92255378437
54.03,0.0317580314189,-15.9078934237
54.035,0.303541983992,-6.75733117621
54.04,-0.465660897242,-2.17792612114
54.045,-0.893886801795,-0.83156864607
54.05,-0.384138003937,-1.88039069515
54.055,0.0611795009759,-3.9511703533
54.06,0.311003488102,-4.56572280978
54.065,0.505381576138,-5.294350854
54.07,0.347436157927,-8.83136030742
54.075,0.176336825752,-14.2636881293
54.08,0.169122948698,-13.9049207345
54.085,0.014666841143,-19.2768223557
54.09,0.0898312263009,-18.0923957332
54.095,0.293415009733,-9.70618224199
54.1,-0.10273018673,-9.42462199285
54.105,-0.161152226496,-11.4652045002
54.11,0.516581851831,-5.68032002198
54.115,0.153344115307,-1.92108699796
54.12,-0.841843709098,-0.851286961158
54.125,-0.484599837416,-1.37513030294
54.13,0.423919501082,-2.77638440242
54.135,0.61181093254,-4.26749911991
54.14,0.476377744137,-4.01049076681
54.145,-0.00023953962584,-2.98342488617
54.15,-0.552183184892,-3.84072496152
54.155,-0.319388303854,-7.71633010639
54.16,0.198680232716,-12.0300459766
54.165,0.244357666681,-7.74067217757
54.17,-0.239938838901,-3.26712268582
54.175,-0.899619324164,-0.646254480912
54.18,-0.681971913062,-0.402984372039
54.185,0.180558078706,-3.08322032143
54.19,0.317239481108,-9.46704610619
54.195,0.178548082611,-14.7614633955
54.2,0.050439148152,-8.96893662846
54.205,-0.678413449945,-2.77907153742
54.21,-0.687105442366,0.0844424827609
54.215,0.288360409498,-0.289464726793
54.22,0.607341928817,-3.45048389768
54.225,0.428746491957,-7.33648799426
54.23,0.191373573624,-12.3616991666
54.235,0.0526302619067,-19.1273674375
54.24,0.461515100841,-6.59417219103
54.245,0.25287733727,-4.01735671686
54.25,-0.626356422427,-3.53254382165
54.255,-0.231679888701,-1.23110129629
54.26,0.965886843456,0.996392914403
54.265,1.00738798216,1.50142318683
54.27,0.0231311382341,-0.0424568781012
54.275,-0.427325817897,-4.83970046446
54.28,-0.117722095878,-13.0569895514
54.285,-0.394866595348,-4.5436626372
54.29,-0.817127817313,-1.25442057297
54.295,0.20318650544,-0.501886489186
54.3,0.917079728563,-0.481740439913
54.305,-0.262011722275,-1.52513724337
54.31,-0.465896713262,-4.78280930561
54.315,0.575946379438,-4.6621231543
54.32,0.0293637880999,-2.49568611297
54.325,-0.419463508159,-6.63534774755
54.33,-0.144685326528,-6.82432405789
54.335,-1.18583297857,1.90883496796
54.34,-0.949107909939,3.95465122256
54.345,0.784255451383,1.96116828524
54.35,0.491600804474,-4.51473099466
54.355,-0.129323433138,-17.6437750284
54.36,0.168276010314,-14.0790866426
54.365,-0.489602907464,-4.3989910468
54.37,-0.730217978631,-0.0344015323225
54.375,0.395499401073,0.38101839062
54.38,0.649467617994,-3.74598211724
54.385,-0.161239634939,-15.8342297097
54.39,0.25478650916,-1.37136599384
54.395,1.25450996185,1.99278892838
54.4,0.463607850116,0.608608450831
54.405,-0.328517581781,-8.22890238287
54.41,0.53831968093,-5.17280131275
54.415,0.557459445916,1.19066490118
54.42,-0.711039704273,2.41967766504
54.425,-1.20598877952,1.64041329629
54.43,-0.758644225962,0.721537760523
54.435,0.135184349428,0.457622162925
54.44,0.889622392647,0.00404418650583
54.445,0.810087051456,-1.21056620695
54.45,0.504822514514,-1.3925388554
54.455,-0.0260557282072,0.92001693927
54.46,-1.05041666854,2.16537217324
54.465,-0.9310132873,0.237406925511
54.47,-0.0852540100971,-8.33514559333
54.475,-0.382653304122,-8.17247606997
54.48,-0.168066320632,-2.62272139237
54.485,0.694953897853,-3.07503458521
54.49,-0.272814079574,-1.21525246306
54.495,-1.23681822725,2.20352503885
54.5,-0.137983087144,2.96512086711
54.505,0.861768320209,1.22622332476
54.51,0.846497514333,-1.4240091403
54.515,0.60522569267,-3.03183637472
54.52,0.0813110230217,-7.05730548301
54.525,0.0673117722233,-22.1009778124
54.53,0.301809284232,-5.74233864919
54.535,-0.573673960139,-2.12156803839
54.54,-0.582982076914,-0.548013991249
54.545,0.863497886464,0.762101152975
54.55,0.823569561257,0.482174874022
54.555,-0.0498368375364,-2.1564820066
54.56,-0.347455136837,-2.90352292103
54.565,-0.924245157075,-0.389054723585
54.57,-0.558192348813,-0.446703941247
54.575,0.465530200732,-4.32225687808
54.58,-0.0378982142811,-9.74723109167
54.585,-0.332909807239,-6.33037117249
54.59,0.383205267295,-6.93468647458
54.595,-0.123947260166,-9.62221569087
54.6,-0.340089760364,-3.70125086594
54.605,0.696369265067,-1.82133504408
54.61,0.194748417971,-6.35627959985
54.615,-0.137890417471,-6.29672445351
54.62,1.16576719815,1.43460120038
54.625,0.443764230172,2.87683529997
54.63,-0.877670740371,-0.316427406687
54.635,0.133850560798,-6.3028061338
54.64,0.591727835111,-1.51006921107
54.645,-0.352287810601,-0.13134840855
54.65,-0.675388163329,-2.16571983291
54.655,-0.703712955086,-2.54503095104
54.66,-1.00312822286,0.0845040821001
54.665,-0.742201835965,0.812325763749
54.67,-0.055605431678,-1.0048298029
54.675,0.189772265677,-3.99593468425
54.68,0.319480448769,-3.70420288468
54.685,0.703307663304,-2.01609599867
54.69,0.800637836856,-1.29298545124
54.695,0.0857768516216,-1.41015316286
54.7,-0.738608836048,-2.00104728336
54.705,-0.362970837295,-3.37440469178
54.71,0.287697346795,-8.34388993703
54.715,-0.160200622601,-15.8712612479
54.72,-0.0156508531935,-3.19102547488
54.725,0.916816294003,-0.458734163612
54.73,0.313031660394,-2.20881891798
54.735,-0.433942743682,-7.14294914984
54.74,0.122533097647,-7.82129808724
54.745,0.328433313058,-9.33883197813
54.75,0.440095951558,-6.78247592382
54.755,0.784296068907,-1.45842759945
54.76,0.32854066444,0.253258188438
54.765,-0.47169817923,-0.662945171081
54.77,-0.536373791765,-5.32119040332
54.775,0.103237641167,-17.2167760751
54.78,-0.231344230257,-0.645495627076
54.785,-1.39013886155,3.14767127728
54.79,-1.01134267487,2.82042728763
54.795,-0.0720391008188,-0.348107285045
54.8,0.272056665675,-1.4932551879
54.805,0.860402778114,-0.805964193144
54.81,0.238450046782,-3.1957663729
54.815,-0.6887960717,-2.76488993892
54.82,0.507971784592,1.03391720133
54.825,1.17948416047,1.67115606241
54.83,0.201511040455,-0.960220360238
54.835,-0.205234570642,-6.07734860381
54.84,-0.244739591429,-7.44231899947
54.845,-0.399102691525,-7.10182929743
54.85,-0.394247338158,-8.04395934383
54.855,-0.230848833918,-10.7144250948
54.86,-0.159698215506,-15.9319441976
54.865,-0.585679254871,-4.342336069
54.87,-0.214990398061,-0.254986399731
54.875,0.78687831253,-0.733294011938
54.88,0.23194836818,-6.07563666349
54.885,-0.39789007693,-6.30038609925
54.89,0.501027382356,-1.98072701943
54.895,0.603372323009,-3.0586600204
54.9,-0.348562912172,-8.1326253827
54.905,0.172852935831,-2.2000980396
54.91,1.13972067381,1.13597021393
54.915,0.395224605023,-0.365387807954
54.92,-0.0774932720153,-9.77996320397
54.925,0.332903759498,-4.87790144215
54.93,-0.335622381639,-0.980145994908
54.935,-0.599843242087,-4.41714645244
54.94,0.259542172407,-11.6698038833
54.945,-0.0662571412856,-1.38391799784
54.95,-1.02763332935,1.11048596896
54.955,-0.983868715568,0.560400764276
54.96,-0.471733929007,-0.727238744998
54.965,0.0753107462229,-1.27893587545
54.97,0.612198796639,-2.1040878234
54.975,0.564716720264,-4.42698579151
54.98,-0.0557180292852,-8.5710528844
54.985,-0.248834691295,-11.050593404
54.99,0.159660571275,-10.4164564867
54.995,0.200054597567,-13.7886101204
55,0.0781361374536,-21.0920938246
55.005,0.34204116299,-9.30944858345
55.01,0.373442300022,-5.37497252096
55.015,0.0713109401124,-2.40063215184
55.02,-0.772335195934,1.58021969789
55.025,-1.63427561354,4.39502036419
55.03,-0.358567428805,4.95975773671
55.035,1.25317092653,2.89137601407
55.04,0.354611165923,-2.32673168787
55.045,-0.318253003818,-9.93899975449
55.05,0.136240196201,-17.2547850435
55.055,-0.565436484753,-4.39500452802
55.06,-0.60584698432,1.70060850627
55.065,0.929192056903,3.55323809259
55.07,1.31819718133,2.46086884303
55.075,0.573578730158,-0.645048311378
55.08,0.0335007480861,-3.65145717302
55.085,-0.308045394623,-8.22787996381
55.09,0.131654407658,-12.1121082202
55.095,0.528529360979,-3.45767652323
55.1,-0.253401122351,-2.51769231632
55.105,-0.305101374002,-10.0601360149
55.11,0.424558691062,-5.91349748743
55.115,-0.28631694574,1.1759239542
55.12,-1.35861381341,2.99156372606
55.125,-1.02636872001,2.34343228999
55.13,-0.0305920713483,0.113361530616
55.135,0.492209606048,-3.28983377939
55.14,0.448346916723,-6.88089318339
55.145,0.0542810273113,-7.72747840071
55.15,-0.578571978884,-4.33158863364
55.155,-0.565802832297,-1.41524745664
55.16,0.218698612676,-0.598066358544
55.165,0.753587621608,-1.05016022778
55.17,0.838525072378,-1.4566176169
55.175,0.527517468006,-2.00361759625
55.18,0.0160543362129,-2.83623311772
55.185,-0.49465609066,-2.73988330181
55.19,-0.753768684405,-2.27331966539
55.195,-0.0783516375799,-2.6341219784
55.2,0.605854808806,-3.93687135507
55.205,0.244589361787,-5.71413212946
55.21,-0.356973110942,-6.7241217813
55.215,-0.376541519036,-6.01470284341
55.22,0.313451808754,-5.12597716685
55.225,0.373486734545,-6.55206359491
55.23,-0.394864562115,-8.02239763696
55.235,0.298708100354,-1.37198586787
55.24,1.3237320085,2.55686508305
55.245,0.368759037297,3.48898528365
55.25,-0.848323993492,2.25251609239
55.255,-0.972582460059,-0.175107556287
55.26,-0.671922628865,-2.70657870705
55.265,-0.41835678313,-4.83836089698
55.27,-0.319379443492,-4.64088303535
55.275,-0.0527505174313,-3.13832245664
55.28,0.42116712483,-2.71890595021
55.285,0.653648785379,-3.56228785396
55.29,0.356840871101,-6.11775026136
55.295,-0.130369901172,-12.390606858
55.3,0.0103015879019,-12.9309166671
55.305,0.391144075274,-8.15162049293
55.31,0.0913051348298,-9.052746521
55.315,-0.130629013282,-17.5322874542
55.32,0.204061965017,-13.6295415631
55.325,0.15989745842,-8.61527195487
55.33,-0.24703457341,-8.56783605571
55.335,-0.241854983495,-11.1723699827
55.34,0.188467208946,-11.6210684011
55.345,0.285390999588,-7.80296223541
55.35,-0.190019326341,-6.50742928774
55.355,-0.339101007211,-9.19452917804
55.36,-0.195300392725,-14.1797530167
55.365,-0.215838828118,-12.8223598341
55.37,-0.015895991623,-16.9285205617
55.375,0.0351092374736,-18.9079746544
55.38,-0.162236180298,-12.1506106214
55.385,-0.371140386293,-7.33241663937
55.39,-0.806413597771,-1.78911001508
55.395,-0.555966660688,0.56545315586
55.4,0.25651046214,-0.316192849162
55.405,0.505504811101,-2.4092823504
55.41,0.788299806582,-1.36241189569
55.415,0.754887659255,-1.34144595944
55.42,-0.0624284202867,-5.74818918191
55.425,-0.115812829038,-15.0156729396
55.43,0.296103140196,-10.4472757042
55.435,0.159630345984,-14.0922648742
55.44,0.267212572027,-11.438366483
55.445,0.359157412955,-5.93951237888
55.45,-0.0024477265182,-5.27797240244
55.455,-0.315289462483,-5.96545952306
55.46,-0.435529057505,-7.210138411
55.465,-0.0315418342406,-13.5234767913
55.47,0.0840183499203,-9.90443893178
55.475,-0.636074894281,-3.36558085974
55.48,-0.482825088866,-1.9298206618
55.485,0.358346132593,-3.63757976335
55.49,0.401891198105,-7.72807449565
55.495,-0.0402377164298,-11.8369547414
55.5,-0.345376966054,-8.29153242498
55.505,0.225402344795,-3.0691260657
55.51,0.907319505557,-0.822045144082
55.515,0.133654428258,-1.96037953507
55.52,-0.398492046414,-7.84694041025
55.525,0.237850186683,-11.0128791382
55.53,0.245164284623,-6.75278235052
55.535,-0.0598561750905,-8.93770131239
55.54,0.0088574375871,-6.52796605198
55.545,-0.555255696196,-0.325495506313
55.55,-1.33400479712,2.50920678283
55.555,-0.815986379946,2.87730858651
55.56,0.402774705003,0.746185720541
55.565,0.513598841058,-5.54220187202
55.57,0.0477823631693,-17.2682352686
55.575,0.354059435235,-5.94951545904
55.58,0.569498586428,-4.60248806975
55.585,0.0941374345187,-7.97986349226
55.59,-0.0450953252722,-20.5982402728
55.595,0.121570254129,-14.5984814741
55.6,-0.0853673010691,-11.6792102795
55.605,-0.123255083753,-17.8177434348
55.61,0.00595375654981,-17.4148590347
55.615,-0.208113638989,-10.1505424327
55.62,-0.345264281386,-8.8815875636
55.625,-0.554448186016,-5.12106655225
55.63,-0.692908063992,-0.779856458289
55.635,-0.0585747097553,1.39507575983
55.64,0.887753264507,2.48393524352
55.645,1.44197992906,3.18064882865
55.65,0.589058690351,2.21948359573
55.655,-0.652154958644,-2.41661436204
55.66,0.337605613693,-3.05365947564
55.665,1.02320628437,2.33261907629
55.67,-0.748119357068,3.27186286779
55.675,-0.927165456868,0.666771153127
55.68,0.68686877583,-2.02825062995
55.685,0.217313295586,0.254174877074
55.69,-1.00967571225,0.874207676641
55.695,-0.622540176912,-1.56015570981
55.7,0.0893206226314,-7.968584863
55.705,-0.0400274711176,-20.7153406128
55.71,-0.497996483034,-5.26885171205
55.715,0.0351022383658,-1.08214409671
55.72,0.920433700289,-0.443584291372
55.725,0.321785421646,-2.02633361281
55.73,-0.582104382006,-3.6560503235
55.735,-0.466012873125,-2.59526473964
55.74,0.527188866291,0.319136084326
55.745,1.30570685655,2.51368558001
55.75,0.0363158282738,2.40606194987
55.755,-0.832246359648,-1.50144193668
55.76,0.169716284802,-13.3464908266
55.765,-0.381780137965,-2.52481591462
55.77,-0.911189407885,0.509093348904
55.775,0.496798225651,-0.983880689279
55.78,0.24152056748,-5.14552830209
55.785,-0.647306259753,-3.14907722825
55.79,0.454394260321,-0.566087896609
55.795,0.773222565118,-1.55619295173
55.8,-0.10667255331,-8.02815701627
55.805,0.165495146473,-11.9959938407
55.81,0.679689885712,-2.06716859154
55.815,0.0528496434227,1.70439749481
55.82,-1.21275836882,3.95948733087
55.825,-1.75434950714,5.19057772603
55.83,-0.496079857942,4.82683293071
55.835,0.845443629872,2.09371268592
55.84,0.625364943995,-4.04456449494
55.845,0.475895488151,-6.3462660337
55.85,0.586695176816,-2.93105941338
55.855,-0.129182251556,-2.98061122802
55.86,-0.479348725639,-5.90198233351
55.865,-0.373815009586,-8.52459126719
55.87,-0.504160703225,-4.37380260506
55.875,-0.00621299006555,-2.28217069729
55.88,0.512598280091,-4.37013059909
55.885,0.190074754083,-14.4212690979
55.89,0.183569965846,-9.48177850291
55.895,0.447982050667,-6.71004812297
55.9,0.309690828588,-10.0444828077
55.905,0.743158876378,-2.45056026461
55.91,0.873133296638,1.7393163462
55.915,-0.367778779945,1.0007142837
55.92,-0.407638315876,-7.78034288478
55.925,0.297397811717,-5.89747627133
55.93,-0.64598701257,0.0548078536973
55.935,-0.761486320706,-1.48365321582
55.94,0.151900619518,-10.3204278515
55.945,-0.100808859342,-12.2519794607
55.95,-0.178710305973,-14.8890580039
55.955,-0.312600471272,-7.50138278769
55.96,-0.883772845624,-0.546462419445
55.965,0.0764190986164,1.16688448664
55.97,1.00031109736,0.00496909831536
55.975,-0.167200463251,-1.31353042438
55.98,-0.959441787676,0.223187423022
55.985,0.22604517248,1.8168844255
55.99,1.23651276485,2.0059733283
55.995,0.683909191739,0.816796456975
56,-0.301796697232,-2.0530771402
56.005,-0.34567042377,-9.22308853214
56.01,0.230780351893,-12.2201751089
56.015,-0.115434851319,-3.09312861825
56.02,-0.823478941638,-1.41191642709
56.025,-0.362960990272,-4.84592855444
56.03,0.0533436262856,-25.2755099996
56.035,-0.512192180772,-4.97561182852
56.04,-0.797101213547,-0.853125449437
56.045,-0.226940313841,-0.391861352525
56.05,0.330134355403,-3.32458999982
56.055,0.0732926343238,-11.7615604975
56.06,-0.0399567073214,-2.26542979464
56.065,0.863919361531,1.92862060318
56.07,1.19408769378,1.57300286053
56.075,0.480166636177,-3.79160984543
56.08,0.56857516536,-4.72871251176
56.085,0.687692652295,0.624046228129
56.09,-0.452521863966,0.26038505019
56.095,-0.488988955321,-4.97671045781
56.1,0.520292233454,-5.40441701411
56.105,0.196981590535,-4.91234263025
56.11,-0.00313026052563,-17.830164311
56.115,0.478188450245,-4.07127607623
56.12,-0.0307107363074,-0.0400794875102
56.125,-0.566590412987,-1.61049546788
56.13,-0.370948342588,-4.18105363169
56.135,-0.872378917578,1.84499002424
56.14,-1.88964531389,5.53276932559
56.145,-1.36623181062,6.3430440604
56.15,0.312638441862,4.52957033371
56.155,0.802279782603,-0.435090603993
56.16,0.306865880564,-9.98661020228
56.165,0.124356228998,-11.1491598831
56.17,0.305747879925,-6.60599084508
56.175,0.547345456579,-5.14142170237
56.18,0.262267290127,-8.89198820806
56.185,0.105176492746,-19.3978977424
56.19,0.365986684022,-7.87023911899
56.195,-0.138511007733,-9.20127156751
56.2,0.113694907141,-8.71910570145
56.205,0.841010212015,0.182459849908
56.21,-0.777271442309,3.86086308743
56.215,-1.56968226712,4.5519972096
56.22,0.240055421043,2.47470405566
56.225,0.616217898224,-4.10984752756
56.23,0.123258033261,-14.0702779578
56.235,0.552106116241,-5.0733255285
56.24,0.146660425341,-6.25288302782
56.245,-0.278426084884,-10.4661966296
56.25,0.368879763361,-5.32185692583
56.255,0.658629995211,-3.38832355131
56.26,0.430961072534,-3.493503516
56.265,0.18124548042,-2.90209571223
56.27,-0.155793098508,-1.89723890448
56.275,-0.601019442679,-0.322903690075
56.28,-1.1413481094,1.37005108058
56.285,-0.921545205519,1.26399683573
56.29,0.0369023997828,-2.4958158879
56.295,0.0299607901042,-20.0507782006
56.3,-0.322673984105,-4.50027534784
56.305,0.578592856291,-0.847798412507
56.31,0.681629557128,-0.890245496694
56.315,-0.880766136919,0.399455829762
56.32,-0.765573408798,3.00226898085
56.325,1.00350184055,3.64849747591
56.33,1.14992934233,1.52866992154
56.335,0.293947293755,-3.93993206829
56.34,0.162977004404,-8.32764571395
56.345,-0.0385311296166,-6.85854528861
56.35,-0.306564159873,-9.98054760005
56.355,0.148404050165,-11.5988743701
56.36,0.433455951194,-5.11574009234
56.365,-0.235616386431,-3.45722263146
56.37,-0.44772613116,-6.75029897544
56.375,0.368306095766,-8.18529688217
56.38,0.226523633782,-1.38223781584
56.385,-0.735112290382,0.464700647337
56.39,-0.974539918291,-0.086557600896
56.395,-1.1680604314,1.59734710007
56.4,-0.87542239265,3.47266672735
56.405,0.170187507194,2.87712839348
56.41,0.706237884721,1.60469018509
56.415,1.24644883822,2.524025541
56.42,1.09743166818,2.15530837554
56.425,0.0101231710957,-2.17742291785
56.43,-0.0866845322588,-11.643042042
56.435,-0.232706594186,-8.05594054283
56.44,-0.360025862906,-5.69863892099
56.445,0.685746278151,-2.24658744144
56.45,0.476872164975,-0.43848437369
56.455,-0.53691279561,-2.06989604854
56.46,-0.434612072306,-7.12746942432
56.465,-0.677610140032,-3.37965791657
56.47,-0.630982652077,1.20506294192
56.475,0.725178129042,2.7479749532
56.48,1.27949357638,2.15186328796
56.485,0.592699164278,0.192867467113
56.49,-0.131990134929,-2.11018651598
56.495,-0.442481853301,-6.01812550224
56.5,0.0292942332475,-20.2382368845
56.505,0.195064024286,-4.42987624208
56.51,-0.783186581772,0.0736702188414
56.515,-0.867947795872,0.0841796076427
56.52,0.158792883788,-4.15517544435
56.525,0.101447321347,-17.4843846748
56.53,-0.221566912679,-10.2983378589
56.535,0.283158606358,-7.98443317859
56.54,0.244260746477,-7.91667269997
56.545,-0.345223680278,-6.8067582764
56.55,-0.41644318796,-6.69455092933
56.555,-0.0521200431521,-9.77291831929
56.56,-0.039254650725,-21.9020669673
56.565,-0.267843782136,-7.97053427177
56.57,0.190303760649,-4.70482717792
56.575,0.352330213145,-8.95832999828
56.58,-0.407575493422,-7.66599425362
56.585,0.0331078302002,0.890753008863
56.59,1.35435234236,3.40718311704
56.595,1.0694614768,2.22238917082
56.6,0.161633505322,-2.95186844578
56.605,0.177460814808,-7.65350623406
56.61,0.105610495731,-4.91381832114
56.615,-0.142766505789,-7.59876448106
56.62,0.061475092093,-10.3345558052
56.625,0.00951974082966,-2.98939046105
56.63,-0.690367659855,0.558031614726
56.635,-1.24568353692,1.90853845761
56.64,-0.649652833151,1.49049609831
56.645,0.537116466804,-0.502705117047
56.65,0.692398688011,-2.49677922658
56.655,-0.0489785919892,-2.47634922896
56.66,-0.725047232311,-1.40749125801
56.665,-0.861846747416,-0.962486073119
56.67,-0.483263419556,-2.05025717252
56.675,-0.258779306455,-1.57412713631
56.68,0.419228271581,1.60060573959
56.685,1.43568170906,3.25352091992
56.69,0.657869511901,2.93540748912
56.695,-0.84550764892,1.08159418119
56.7,-0.622294505066,-2.61029792259
56.705,0.00530913758007,-11.9544164497
56.71,-0.309870977586,-10.0183044243
56.715,-0.397175827194,-1.92200559831
56.72,0.501076363117,1.46948430214
56.725,1.37113815345,2.82329293643
56.73,0.825343386985,2.34294751896
56.735,-0.261235786454,-0.00690802881212
56.74,-0.588571900719,-2.32844067098
56.745,-0.963726205673,-0.289568246476
56.75,-0.75907327861,1.90576623179
56.755,0.539842721445,1.29915037985
56.76,0.559560244839,-5.02062255069
56.765,-0.161071776279,-8.4028670344
56.77,0.751443574573,1.92479846437
56.775,1.67238925652,4.4829789304
56.78,0.948726615739,4.00709946427
56.785,-0.0665312629061,1.54021765055
56.79,-0.36640998939,-2.12059991563
56.795,-0.323308973151,-4.19873106956
56.8,-0.572329284651,-2.39858112645
56.805,-0.77857035851,-2.12093215023
56.81,-0.0634935098334,-5.45442469936
56.815,0.476718131399,-5.79372580933
56.82,-0.131451890759,-2.4930268037
56.825,-0.605525517549,-2.48041299397
56.83,-0.755211777084,-2.02558823946
56.835,-0.987938376666,0.027685085859
56.84,-0.717873049264,0.188841729435
56.845,-0.24971097727,-1.14421412462
56.85,0.0870388704754,-2.18927801276
56.855,0.325386310876,-3.85192959887
56.86,0.368598375845,-5.58643824911
56.865,0.465265298689,-5.95152451445
56.87,0.277630006223,-11.0476061016
56.875,0.203985679732,-10.4703185862
56.88,0.683265350197,-3.30440994251
56.885,0.174033613754,-2.411063622
56.89,-0.626081190637,-4.01802699202
56.895,0.115665428803,-3.81965279396
56.9,0.60992328589,-4.20925477253
56.905,-0.00144989636782,-9.74040192647
56.91,0.00853867989416,-14.7824369954
56.915,0.520313968884,-5.64006701902
56.92,0.512254946555,-2.54801961641
56.925,-0.0638492963347,-1.05000613191
56.93,-0.753357140961,-0.856964642441
56.935,-0.645929938686,-2.87819011544
56.94,0.0803123262256,-8.36392684093
56.945,0.172090138054,-10.7661695633
56.95,-0.415861489589,-4.90501602026
56.955,-0.82048914292,-1.44796467684
56.96,-0.362720330621,0.468816991867
56.965,0.70019797744,0.911368365969
56.97,0.952311146092,-0.208596683672
56.975,0.0911973983771,-2.55321391316
56.98,-0.578206979603,-4.3687761685
56.985,-0.315045008737,-3.38285588963
56.99,0.566676908785,-1.24576866724
56.995,0.951158373012,-0.173752890847
57,0.238843344969,-1.18346336355
57.005,-0.348941455767,-4.94475873198
57.01,-0.244252507258,-12.075809549
57.015,0.0185154480777,-33.9922338138
57.02,0.173963229672,-8.0549914256
57.025,-0.445168413986,-2.06621031365
57.03,-0.859049695647,-1.23137249059
57.035,-0.193923556267,-6.65501221317
57.04,-0.363125697499,-8.75169043311
57.045,-0.499654030884,0.036534372177
57.05,0.860373090643,1.75831096196
57.055,0.748880025561,-0.00932422038471
57.06,-0.64297801575,-2.40520232498
57.065,-0.3083349623,-2.33582020997
57.07,0.415281485215,-3.43905023815
57.075,0.636108643718,-2.96211923361
57.08,1.04393082099,0.63837019808
57.085,0.412800078184,1.9285788316
57.09,-0.629025731335,0.335525031429
57.095,-0.646700916621,-3.67188838916
57.1,-0.451111105063,-6.68192053816
57.105,-0.268935283027,-7.84617991887
57.11,0.0301138373889,-12.999856782
57.115,-0.0116521328261,-36.8714202212
57.12,-0.139706378989,-16.7579669819
57.125,-0.205877100016,-12.0862890421
57.13,-0.164835264446,-7.26329014164
57.135,0.241608232358,-4.94753865853
57.14,0.508699735186,-5.48618472401
57.145,0.35340781391,-8.61759039978
57.15,0.287333012909,-10.4089676588
57.155,0.424171191805,-5.84220015043
57.16,0.120076649472,-2.27168340801
57.165,-0.703541046498,-0.848940194619
57.17,-0.776649378096,-1.25382384037
57.175,0.00780371398586,-2.95242797344
57.18,0.473556321305,-4.81480643835
57.185,0.537141564185,-5.24372825556
57.19,0.312620306015,-5.1514689489
57.195,-0.0130560996838,-5.98433550324
57.2,-0.233670592913,-5.05814136015
57.205,-0.654602285676,-2.73623692174
57.21,-0.658651159999,-2.71048968257
57.215,-0.106406115779,-6.25956237884
57.22,0.0266348272762,-13.8672109106
57.225,0.0110657254984,-13.1684927202
57.23,0.164372043114,-14.1728730745
57.235,0.0452861346528,-20.3680354797
57.24,-0.101410553285,-18.1456893703
57.245,-0.313459551102,-10.0028958999
57.25,-0.513658710532,-3.39730607421
57.255,0.08156540864,-0.362098042721
57.26,0.809708066635,-0.186535312554
57.265,0.797315912603,-1.93050650774
57.27,0.585426653005,-3.26847614936
57.275,0.316217075824,-3.56484646618
57.28,-0.0667986174547,-4.75627503246
57.285,-0.319228801122,-6.31947808346
57.29,-0.406592434881,-7.81158397846
57.295,-0.118202705703,-10.3796674163
57.3,0.214703015892,-11.8082986397
57.305,0.305189765956,-9.73446249326
57.31,0.17150720407,-5.48590377037
57.315,-0.49793142019,-3.51013944886
57.32,-0.339974548272,-5.94646253683
57.325,0.475803140939,-6.14803050588
57.33,-0.481595343344,0.078496679871
57.335,-1.18661368698,1.84290056664
57.34,-0.0704546598943,-0.597297951642
57.345,0.224887044043,-9.57451609735
57.35,-0.0282791285559,-8.89993557186
57.355,0.412302379402,-4.63546336726
57.36,0.49741365962,-5.89654720404
57.365,0.130805208203,-11.492246016
57.37,0.0743970818785,-20.2071350533
57.375,0.141330330427,-12.6220416777
57.38,-0.150555059896,-10.4725013883
57.385,-0.278607064244,-10.5196603951
57.39,0.0341487358007,-10.0891562518
57.395,0.33892886821,-8.4543440158
57.4,0.420110422655,-6.50712898781
57.405,0.0473066864654,-7.38576692353
57.41,0.00104446556165,-16.9990095261
57.415,0.261825271292,-3.89529593707
57.42,-0.751476231648,2.14160479258
57.425,-1.56055136008,3.97261085471
57.43,-0.515139640325,2.92547846905
57.435,0.428861456114,-0.772690734189
57.44,0.374254351554,-6.49938273828
57.445,0.272011778832,-8.06186879941
57.45,0.485614135181,-5.12717586046
57.455,0.605642287357,-4.20218122786
57.46,0.288096960323,-6.90526409608
57.465,0.19172036067,-10.6097822496
57.47,0.209603420191,-6.0812124768
57.475,-0.282936174947,-4.42564229969
57.48,-0.494123544698,-6.11335949914
57.485,-0.0190245895975,-9.84848421437
57.49,0.321492872109,-9.53111068467
57.495,-0.0969805031538,-5.8710269473
57.5,-0.610768536761,-4.2157260298
57.505,-0.279234691125,-4.99260063941
57.51,0.188447740323,-7.97503970153
57.515,0.267705344847,-10.5755900665
57.52,0.314578627577,-9.64638744016
57.525,0.0476020190875,-10.2956754977
57.53,-0.125763007777,-17.4449846205
57.535,0.130068016363,-17.3460701752
57.54,-0.0243306039039,-9.90306733709
57.545,-0.286969498537,-10.2909418691
57.55,-0.0954316575356,-19.6657798901
57.555,-0.105461315444,-14.8060816396
57.56,-0.348628366828,-8.84227289484
57.565,-0.458051995928,-6.20831673402
57.57,-0.295778213006,-4.09709223774
57.575,0.230921552966,-4.0715351844
57.58,0.386785539599,-7.55498878986
57.585,0.263336906922,-11.4079552865
57.59,0.295843706435,-9.7482203661
57.595,-0.106743200127,-12.3011981193
57.6,-0.0615178754695,-10.8658834199
57.605,0.428752949375,-7.35529201024
57.61,-0.0410651933364,-8.34951715236
57.615,-0.250110364422,-10.3781724476
57.62,0.262160152685,-9.6500582951
57.625,0.151262801392,-12.2937591457
57.63,-0.0951702821169,-19.6794091048
57.635,0.273674700972,-9.33707293322
57.64,0.430451837074,-5.67477214703
57.645,-0.120084906716,-7.01147812938
57.65,-0.107708198913,-16.5000719648
57.655,0.411635575593,-7.04898176778
57.66,-0.0392655056303,-3.09735756031
57.665,-0.508757611423,-4.50652926715
57.67,-0.363037754873,-8.54842601985
57.675,-0.513694559238,-5.76317671903
57.68,-0.461109461853,-4.62815799214
57.685,-0.124428981543,-7.33906933799
57.69,-0.100674656072,-7.96644809742
57.695,0.1632185473,-3.81565807102
57.7,0.787591384603,-1.3860394927
57.705,0.714512004101,-0.573274460503
57.71,-0.32166540193,-1.04538886455
57.715,-0.717925596382,-2.71012146358
57.72,0.105639526214,-5.12953776306
57.725,0.422407463554,-7.24642933106
57.73,0.0231913710161,-9.31838048425
57.735,-0.169627922284,-9.67362272446
57.74,-0.472176880829,-6.08571673651
57.745,-0.436686575241,-4.81474104508
57.75,0.0454373449804,-8.28290356121
57.755,-0.0436404794762,-14.7742838526
57.76,0.0799542216778,-5.96980360445
57.765,0.61854787617,-3.88061000624
57.77,0.229283505791,-6.14501663256
57.775,-0.258332084087,-11.441333224
57.78,0.0666514888014,-11.9397455751
57.785,0.254797545948,-11.8508460281
57.79,0.0937911683034,-15.5481977857
57.795,0.0374016779544,-19.5538213052
57.8,-0.0176571603701,-17.850851118
57.805,-0.140579409486,-16.9218544748
57.81,-0.0273719786864,-14.8725655985
57.815,0.21806491622,-12.6173816037
57.82,0.158093697616,-13.0789669289
57.825,-0.0500072919983,-19.1650293177
57.83,0.0799057223228,-15.8993613614
57.835,0.516620940892,-5.57775730188
57.84,0.266696859773,-0.464451332153
57.845,-0.913359100395,1.95637845038
57.85,-1.21187988377,2.19957343791
57.855,-0.175753724889,0.344892044039
57.86,0.454172499262,-3.56184849378
57.865,0.36856089928,-8.61303820899
57.87,0.131765723597,-15.4756651137
57.875,-0.048790723712,-18.2339002018
57.88,0.335554185961,-7.38559648201
57.885,0.458372937325,-5.26355422674
57.89,-0.132790674536,-9.48195010353
57.895,0.135271455072,-12.2392395593
57.9,0.626755488131,-2.31555214004
57.905,-0.253920199747,0.751210366975
57.91,-1.03454139803,0.574412567572
57.915,-0.591456409165,-2.21998083861
57.92,-0.0725039572411,-7.60810703266
57.925,-0.0133554530776,-13.994244256
57.93,-0.0860127315883,-15.073886018
57.935,-0.168117496249,-9.35249187328
57.94,0.053075358252,-4.49326323453
57.945,0.632702467078,-1.78361389065
57.95,0.931915874096,-0.458665323709
57.955,0.425660670848,-0.100545201689
57.96,-0.509240330083,-0.831523982184
57.965,-0.700566729732,-2.93055116525
57.97,-0.0376868039812,-6.03901573508
57.975,0.364102630942,-8.10951476993
57.98,0.408321467917,-6.59476363659
57.985,0.142160168821,-2.52778012642
57.99,-0.743458548666,0.279748097486
57.995,-1.03119172638,0.480356210567
58,-0.430163675079,-2.34727387867
58.005,-0.310735228332,-3.71090414927
58.01,0.0101407081369,0.114794191941
58.015,0.90607486819,0.908251528348
58.02,0.614491843405,-3.27421790665
58.025,-0.0453849562389,-20.8978646734
58.03,0.630460027459,-2.27665662152
58.035,0.882533301988,-0.126030803612
58.04,0.161143019047,-3.6235009609
58.045,0.172829175492,-7.41975930082
58.05,-0.0880477908909,-2.43383112566
58.055,-0.682288160522,-3.23298668072
58.06,0.316139682044,-5.20227627108
58.065,0.657515793455,1.0038144444
58.07,-0.91540148861,3.11680869177
58.075,-1.02201845543,0.565134509942
58.08,-0.12556870384,-11.4819751498
58.085,-0.499347663679,-5.70753656958
58.09,-0.643349718622,-2.22118035248
58.095,-0.209639227749,-3.71044081649
58.1,0.0716189991978,-4.63383407535
58.105,0.403460842917,-6.41267035191
58.11,-0.00666495181238,-12.2843464419
58.115,-0.570929138768,-3.61489002515
58.12,0.0794167046063,-0.0180007905895
58.125,0.814916802896,-0.220551291648
58.13,0.743943119819,-2.52419826092
58.135,0.433514363647,-5.39733034698
58.14,0.117707514947,-11.5109098087
58.145,0.219637034901,-13.1045510952
58.15,0.491818863286,-5.18443558472
58.155,0.160570889208,-4.51635618827
58.16,-0.0694575543391,-7.80539708118
58.165,-0.119567354405,-5.36079381836
58.17,-0.740267837906,-1.43664672306
58.175,-0.793126643224,0.0189890059179
58.18,0.390453784799,0.442224455654
58.185,1.08117472235,0.705273204651
58.19,0.379561234414,0.467700648461
58.195,-0.470720776161,-0.817157866454
58.2,-0.689172896939,-2.45430432283
58.205,-0.808783692337,-1.83437836072
58.21,-0.71040090815,-0.112899284214
58.215,0.152834976405,0.242146283399
58.22,0.809281337206,-1.3599485012
58.225,0.336233013572,-5.13796607892
58.23,-0.239507246986,-10.7090996262
58.235,-0.0224219287313,-12.179272744
58.24,0.302449866628,-10.3852950895
58.245,-0.0101585345693,-10.5169241681
58.25,-0.255565299565,-11.2434678869
58.255,0.253783859833,-8.45283816784
58.26,0.412838446949,-5.72202441406
58.265,-0.120590947692,-5.38706217117
58.27,-0.399352391123,-6.66391187855
58.275,-0.424965005814,-7.41800866289
58.28,-0.260957331555,-9.66576984084
58.285,-0.234191820751,-12.2745640691
58.29,-0.558505813551,-3.50183316066
58.295,-0.0345334865002,0.559828500475
58.3,0.974587688273,1.20514655817
58.305,0.798954660634,-0.993933938685
58.31,0.138307698275,-5.6542513954
58.315,-0.141704355161,-8.80914472369
58.32,-0.415797757975,-7.40573941643
58.325,0.244913954988,-2.4016836322
58.33,1.16511968069,1.46785056984
58.335,0.112131478288,2.57841298204
58.34,-1.01802789277,0.819923783938
58.345,-0.374347310341,-4.56291529593
58.35,0.129780716091,-16.8465667243
58.355,-0.153746615996,-11.1939533351
58.36,-0.538219994567,-5.37482004703
58.365,-0.35116150674,-1.97185414615
58.37,0.619036114188,-1.04458012164
58.375,0.614930419139,-2.97786284351
58.38,-0.0809706479482,-9.38263884126
58.385,0.0441385199143,-16.5008958762
58.39,-0.326395030073,-6.13689347859
58.395,-0.586723585309,-2.71725812202
58.4,0.408807770667,-2.47204719752
58.405,0.435299869814,-5.80367883582
58.41,-0.175772624184,-14.8565338909
58.415,0.33847837216,-7.65816174053
58.42,0.376349794636,-4.03055705828
58.425,-0.471645773331,-4.12211699562
58.43,-0.293421879354,-5.63670482064
58.435,0.463102621473,-5.97812385463
58.44,0.193335314412,-6.78420603364
58.445,-0.176154875572,-13.2467545676
58.45,0.172983284553,-14.7030229191
58.455,0.0138248804181,-5.25066826969
58.46,-0.589970322626,-2.94675298369
58.465,-0.688021598069,-3.00166560426
58.47,-0.356535474417,-3.64178330134
58.475,0.158052835441,-5.53470914002
58.48,0.249227379473,-11.848660801
58.485,-0.0552331782511,-24.6020557855
58.49,0.0363295867291,-13.2798539121
58.495,0.158635506869,-15.5104634187
58.5,0.00765499100251,-36.4986249688
58.505,-0.0493586974717,-18.30885983
58.51,0.0457228891198,-12.2493830867
58.515,0.269352853656,-9.40978536226
58.52,0.308788572218,-10.2066994606
58.525,0.290734532675,-10.6535491589
58.53,0.383242071417,-6.62182187189
58.535,0.0389666573711,-5.51798496453
58.54,-0.26944372986,-8.4072890194
58.545,-0.197289492857,-13.0822555473
58.55,-0.24975009124,-12.0212747117
58.555,-0.0967873646825,-14.7193192683
58.56,0.0497468538374,-24.5697279946
58.565,-0.156245192177,-14.7992193033
58.57,-0.211856232913,-13.2986860683
58.575,-0.320192037925,-8.51879980056
58.58,-0.0819556203045,-3.05458706992
58.585,0.776676945,-0.670771348429
58.59,0.738940137102,-1.33856093381
58.595,0.0761016414588,-5.84693605695
58.6,0.107281403064,-10.0814244362
58.605,-0.00740686275725,-4.16227505354
58.61,-0.631704150523,-1.99049368196
58.615,-0.685901849575,-2.58636601642
58.62,0.0995181784501,-5.64958168361
58.625,0.358998542136,-6.25915669208
58.63,-0.646289662894,-1.56853678859
58.635,-0.778612424687,0.0893815257516
58.64,0.429599762688,-1.85843334729
58.645,0.312719558007,-5.19843854558
58.65,-0.766871209613,-2.02262431194
58.655,-0.556426509452,0.204717796481
58.66,0.380144181174,-0.421259155193
58.665,0.564172705076,-4.2783854907
58.67,0.237084106169,-10.6125153961
58.675,0.547470910547,-3.16804756212
58.68,0.980615256168,0.0077951032063
58.685,0.295616176043,-1.47719999379
58.69,-0.14600059601,-11.9814871462
58.695,0.421306144531,-6.69373728911
58.7,-0.00641522992793,-1.09251327561
58.705,-0.790417511449,-1.81136943471
58.71,0.0579995430531,-5.69152721854
58.715,0.566542444122,-2.49078870035
58.72,-0.582583434555,0.346249830182
58.725,-0.887933949472,-0.693943056278
58.73,-0.0473488652484,-7.45718692652
58.735,-0.187551563305,-14.4816624712
58.74,-0.260495239957,-5.11853731104
58.745,0.472090840964,-5.56189765974
58.75,-0.158692182807,-5.72025764447
58.755,-0.78898374549,-0.341290827633
58.76,0.490570157112,2.09680498691
58.765,1.22381730779,1.77538409235
58.77,0.788709947083,0.51802554026
58.775,0.133173344501,1.08346003986
58.78,-0.943008482208,1.83896437539
58.785,-0.980233084917,0.975352733451
58.79,0.286973656739,-0.903314421337
58.795,0.809069015023,-1.57370624806
58.8,-0.0161142814458,-0.745069916793
58.805,-0.853654345545,-0.716364540214
58.81,-0.540084700143,-3.36728246452
58.815,-0.0915642729584,-10.5246680245
58.82,-0.133775775178,-13.3273672479
58.825,-0.140974331777,-15.343302287
58.83,-0.530677476733,-4.54340946517
58.835,-0.151321419119,1.29835553133
58.84,1.14020982464,2.64114216732
58.845,0.856094535689,0.309161759113
58.85,-0.0847043227517,-7.26179205099
58.855,0.101688659032,-19.7819856411
58.86,0.11439867996,-8.40923939958
58.865,-0.420552268074,-6.39157569659
58.87,-0.359340352392,-5.17557772917
58.875,0.2753837041,-4.45446876137
58.88,0.531221612151,-5.48009277664
58.885,0.19362874164,-10.4671883947
58.89,0.0507753533893,-22.5028267674
58.895,0.421465585778,-7.1925346423
58.9,0.553266685607,-4.00299139008
58.905,0.368749681624,-3.42161599854
58.91,0.171484282477,-0.677706814472
58.915,-0.710182478242,2.27275867408
58.92,-1.38375821996,2.82169805247
58.925,-0.440854078347,0.581325541428
58.93,0.453028100953,-4.51855134281
58.935,0.237395719261,-9.84144048822
58.94,-0.0289384847979,-8.20800116547
58.945,-0.629918672977,-2.17988658865
58.95,-1.06201079645,1.4528091847
58.955,0.0372712492134,2.06348436668
58.96,0.871830589374,-0.446473588593
58.965,0.393220077792,-7.04864042877
58.97,0.287299705291,-9.98180225298
58.975,0.0637265627538,-6.10905436357
58.98,-0.571650971865,-4.83030526384
58.985,0.0748824465264,-3.2487245254
58.99,0.801622485332,-1.83291115242
58.995,-0.0241609751078,-2.12279782191
59,-0.53255639158,-5.40875383943
59.005,0.047488658763,-16.7254968029
59.01,-0.144462680604,-7.03671962261
59.015,-0.85316807564,-1.31810826455
59.02,-0.199977820174,0.488738182269
59.025,0.879834842139,-0.0548937001355
59.03,0.474133768532,-2.54381771089
59.035,-0.365038059845,-6.32276626335
59.04,-0.189823234813,-9.75349704085
59.045,0.149136533238,-13.431800803
59.05,0.11890234902,-18.4821062745
59.055,0.108120994497,-18.2056706874
59.06,-0.0236993490903,-18.9925964536
59.065,-0.0522322020399,-25.4968806149
59.07,-0.0435067229466,-20.8632361784
59.075,-0.346981805762,-9.05268068023
59.08,-0.152123318278,-3.77516642232
59.085,0.58682901791,-1.51354772338
59.09,0.894809993085,-0.94765616247
59.095,0.591278665809,-1.23371816375
59.1,0.0299615512789,-2.432590891
59.105,-0.307622712828,-5.13241935257
59.11,-0.250843788283,-10.1814168574
59.115,-0.092853460544,-10.9328940512
59.12,-0.434773672279,-3.63068958884
59.125,-0.90490376698,-0.828372071135
59.13,-0.244416466629,-2.53588010926
59.135,0.212755661766,-13.3310496066
59.14,-0.545966027451,-5.23468393929
59.145,-0.300080550443,-0.959632713184
59.15,0.5479259436,-2.44725722323
59.155,0.3159176944,-9.90549125726
59.16,0.110908711204,-17.9673339475
59.165,0.0868605031918,-19.1958324872
59.17,0.122124578897,-9.80902187959
59.175,0.592120811409,-4.26017620005
59.18,0.403292900062,-4.99396176197
59.185,0.0660211937141,-13.7715843291
59.19,0.343661496729,-7.404093813
59.195,-0.0372540894162,-3.30601629342
59.2,-0.584051015565,-4.06680771973
59.205,-0.283354605945,-7.2773572123
59.21,0.194255014935,-8.65764979839
59.215,0.519518163239,-5.6463121437
59.22,0.329214427989,-2.50738694123
59.225,-0.400825257737,-1.60388571491
59.23,-0.658578104078,-3.32413291602
59.235,-0.477015799922,-6.30392412233
59.24,-0.411801557861,-6.57451953876
59.245,-0.117122194223,-9.00739068759
59.25,-0.0448387952528,-23.2402879375
59.255,-0.648684626723,-3.69553525585
59.26,-0.363263482686,0.680711421299
59.265,0.828551046949,0.920419649836
59.27,0.62069653458,-2.1976782554
59.275,-0.430286229198,-6.13489349259
59.28,-0.0912693405325,-3.80120472077
59.285,0.660010257875,-3.32786160751
59.29,0.0600454168737,-6.96319414194
59.295,-0.421643424256,-5.26031212129
59.3,0.589763676175,-0.107150238204
59.305,1.1098359468,1.23327309145
59.31,0.134712430192,-1.32062499547
59.315,-0.193364943121,-13.6028777852
59.32,0.529438530365,-5.31820582011
59.325,0.237899599461,0.0200307692682
59.33,-0.672884826312,-0.327593500826
59.335,-0.496339991241,-6.04342303845
59.34,-0.362896482725,-6.75251536656
59.345,-0.846903584867,-1.44152088792
59.35,-0.527016893323,-1.56488005169
59.355,0.00614973924823,-5.71337492998
59.36,0.047665653907,-8.52523556761
59.365,0.258391775745,-8.05992314026
59.37,0.201060196575,-13.7988240161
59.375,-0.0685731364015,-19.5821290917
59.38,0.153644857076,-10.5077433118
59.385,0.283251762257,-10.9448987532
59.39,0.0541234235348,-18.7831544334
59.395,0.0425745241211,-20.5378417356
59.4,0.267007584165,-11.3749594816
59.405,0.270824515203,-8.17612744638
59.41,-0.0883719913054,-6.72938656628
59.415,-0.47220680362,-5.78824681726
59.42,-0.467654477896,-4.82046461093
59.425,0.0858661228504,-4.20672081277
59.43,0.55491767757,-4.67508470545
59.435,0.351501844251,-6.56851283182
59.44,-0.00917602370524,-8.94221521141
59.445,-0.247909893882,-10.3042266683
59.45,-0.160381753848,-13.1195774819
59.455,0.175430109587,-15.0572919073
59.46,-0.217167857915,-7.92940647359
59.465,-0.534643738255,-4.58845763824
59.47,0.042873966284,-5.01450569132
59.475,0.264537646175,-8.89789866161
59.48,0.336310026328,-8.03229461138
59.485,0.469238794568,-5.84949008984
59.49,-0.172026343537,-9.39557016016
59.495,0.0160452366435,-4.83970442951
59.5,1.17496831174,1.41760630677
59.505,0.611491432366,3.35033153362
59.51,-0.790879928471,2.14368372798
59.515,-0.752213719754,-2.42527538952
59.52,-0.0402516176535,-17.0741302941
59.525,-0.0892341588953,-6.46154323974
59.53,-0.891911425915,-0.408225094126
59.535,-0.86182172382,1.00505602263
59.54,0.234094811912,-0.756213084358
59.545,0.537127609416,-5.39845016376
59.55,-0.0333690780492,-9.17860344821
59.555,-0.398856283767,-7.65354617616
59.56,-0.537935953768,-4.54732964096
59.565,-0.291028364394,-1.8333668383
59.57,0.429316602281,-1.62463980438
59.575,0.468611621611,-6.57985165116
59.58,-0.0965682207846,-13.8435300108
59.585,0.46090700489,-1.47274338614
59.59,1.04484609119,0.457308108549
59.595,0.167193622668,-3.23548725752
59.6,-0.0919735833658,-16.6451720455
59.605,0.65389050754,-3.64534997262
59.61,0.511001126366,-1.5498799042
59.615,-0.049809487407,-4.08921696686
59.62,-0.0355575983285,-8.70185303035
59.625,0.0610436170064,-4.4164223372
59.63,-0.452666456727,0.0518560825152
59.635,-1.16871235877,1.73971568381
59.64,-0.903277408737,0.662927366526
59.645,-0.1266099704,-3.76162782991
59.65,-0.0039613572814,-11.7288378142
59.655,-0.0697794772937,-10.9407722945
59.66,0.102678702797,-11.8009813294
59.665,0.0446085671041,-25.5307277161
59.67,-0.35293446513,-8.87296079547
59.675,-0.244196504253,-2.3576091042
59.68,0.641234124477,-0.204155479941
59.685,0.869552958406,-1.14510536156
59.69,0.438615389041,-3.81531377094
59.695,0.126973814686,-3.36465531619
59.7,-0.594846864105,-2.16233673262
59.705,-0.479242913042,-3.87444252364
59.71,0.322095973762,-9.23718791882
59.715,-0.344630249526,-5.76879529827
59.72,-0.61019047661,-1.08454029934
59.725,0.540083890637,0.135433309263
59.73,0.911801151768,-0.741766354248
59.735,0.359351199989,-2.18444134055
59.74,-0.33174660148,-3.21594770988
59.745,-0.608674992324,-4.31137261661
59.75,-0.312800672092,-5.27774544033
59.755,0.123410058818,-4.89271320676
59.76,0.558214579652,-3.82714794039
59.765,0.649067279591,-3.47034929196
59.77,0.436870516289,-2.68086440544
59.775,-0.186316373084,-1.29717740404
59.78,-0.816852183228,-1.50339842924
59.785,-0.292450685433,-4.41465288978
59.79,0.231299825166,-10.9894229365
59.795,0.0137064114013,-37.2441855669
59.8,0.195667290811,-12.9947453514
59.805,0.25071312253,-8.71176980178
59.81,-0.114789064582,-9.50378080427
59.815,-0.165306373386,-13.6529930501
59.82,-0.200849112059,-13.2601175512
59.825,-0.153650046559,-14.1721929126
59.83,0.150376415809,-16.2568752252
59.835,0.0247288320931,-9.49136384298
59.84,-0.32730211675,-7.8763632026
59.845,-0.273675165474,-10.9097106075
59.85,-0.482059628427,-5.4407107837
59.855,-0.940251430497,-0.0853323059315
59.86,-0.321174178505,1.09358002253
59.865,0.482508361904,-2.04156963483
59.87,0.162487636785,-12.5878984721
59.875,0.178964229366,-4.83498753323
59.88,0.715153803848,-2.48321955521
59.885,0.340292060074,-5.91920942714
59.89,-0.212761993884,-13.2082752208
59.895,-0.009074414626,-6.57955576922
59.9,0.53484906902,-2.26150955353
59.905,1.08278382741,0.712563198366
59.91,0.868403608164,1.79737037083
59.915,-0.170303290311,-0.131304829626
59.92,-0.38252462727,-7.98405923173
59.925,0.276754081706,-11.1396537284
59.93,0.23376807064,-3.84457252743
59.935,-0.270806461042,-4.52901689426
59.94,-0.151223089945,-11.6902689973
59.945,-0.022282964485,-4.75222076607
59.95,-0.752010081017,0.265962487613
59.955,-1.01284748615,0.366791412925
59.96,-0.060161629923,-5.63597784278
59.965,-0.0266945520014,-8.6024113363
59.97,-0.927546362012,-0.595913692883
59.975,-0.528683642003,-0.631058690844
59.98,0.104441817384,-8.71500700283
59.985,-0.397287921143,-7.84360963301
59.99,-0.467793716857,-1.14242276417
59.995,0.171614824645,-0.885492300536
60,0.462154591806,-2.29041469784
60.005,0.726519592874,-1.91987312267
60.01,0.579013704907,-3.6410993596
60.015,-0.182701229252,-12.0754893152
60.02,0.160917484912,-4.95992693924
60.025,0.766315758562,-2.28731366427
60.03,0.00817449817919,-6.15165076312
60.035,-0.213442886771,-7.81629358104
60.04,0.689798150871,-1.55796814469
60.045,0.966854169433,0.474540830447
60.05,0.235052761523,0.25850830617
60.055,-0.56598861709,-2.21692602989
60.06,-0.261800154035,-7.52151005729
60.065,0.594798320136,-4.48674037045
60.07,0.313841165374,-1.07158719103
60.075,-0.48615134373,-1.89762311765
60.08,-0.399161435088,-7.50702155023
60.085,-0.352931351686,-6.93216544541
60.09,-0.700346265606,-3.03235339101
60.095,-0.113757454981,-4.50143234892
60.1,0.344739116482,-9.05028719543
60.105,-0.309671309771,-6.8073838911
60.11,-0.335417789132,-7.68373136473
60.115,0.111056658851,-18.5099760554
60.12,-0.285186835376,-6.91769079194
60.125,-0.80981318824,-1.72345298381
60.13,-0.457220366285,-0.0323303621858
60.135,0.376722592845,-1.20894474437
60.14,0.40409832141,-7.25215876893
60.145,0.113593376466,-10.4321665272
60.15,0.504217481323,-4.0353174177
60.155,0.6208731955,-4.06285607361
60.16,0.443475817385,-5.86282137203
60.165,0.391002107497,-3.84604338445
60.17,-0.134195617007,-2.83044168778
60.175,-0.522655492043,-4.8370686863
60.18,-0.290690541128,-9.80777506183
60.185,-0.0662024740495,-16.7939067969
60.19,0.0175330945974,-28.0435923053
60.195,-0.0421190515776,-22.178559418
60.2,-0.144957493283,-16.7751799333
60.205,-0.122960450467,-16.5076172913
60.21,-0.108790979186,-14.5912243205
60.215,0.00529568147674,-12.6284462184
60.22,0.11337830709,-14.2964511891
60.225,0.0731844451161,-15.8831005126
60.23,0.171065479401,-9.66025409005
60.235,0.556463724362,-4.1859524942
60.24,0.933675982441,-0.076672712037
60.245,0.383842008916,2.28658686084
60.25,-0.84643215671,2.58830139462
60.255,-1.06414785519,0.544430293475
60.26,-0.511758805094,-3.82342975254
60.265,-0.407449495012,-5.05036511372
60.27,-0.18849209957,-2.49115270827
60.275,0.483032745511,-1.91348646001
60.28,0.673223888884,-3.37615509881
60.285,0.106902729757,-6.63422265794
60.29,-0.278157949389,-10.662240459
60.295,-0.118033567202,-13.3850692059
60.3,-0.0387456887903,-11.8477929181
60.305,0.296677531387,-5.79582198014
60.31,0.682422182495,-3.22445876214
60.315,0.157334650315,-5.30757200706
60.32,0.0178220614732,-16.576360121
60.325,0.201101803195,-4.84319587539
60.33,-0.729978381393,-0.602524162938
60.335,-0.665703544711,-0.460130120297
60.34,0.631499989224,-2.03257485325
60.345,0.293181573348,-2.89338510525
60.35,-0.56174830492,-4.21671019311
60.355,-0.200072260092,-9.41942027834
60.36,-0.00177258143344,-35.0780538768
60.365,-0.289894636793,-10.7549374846
60.37,-0.261838359304,-6.82609515726
60.375,0.22530610751,-5.08137083597
60.38,0.57376458589,-4.79022214965
60.385,-0.0149748539759,-5.46681383592
60.39,-0.513283269379,-5.74630630879
60.395,0.0401198742965,-6.12694228207
60.4,0.388705577462,-8.20682866989
60.405,-0.0207925989233,-12.300802763
60.41,-0.157900494185,-14.0542376802
60.415,0.21727728741,-11.8150686821
60.42,0.106503039194,-9.18050082853
60.425,-0.538307701949,-5.13477842126
60.43,-0.377135441981,-1.61005545572
60.435,0.645643781223,0.352129009439
60.44,1.08394602233,0.773241112391
60.445,0.434521169483,-0.456419689292
60.45,-0.230642422891,-4.09206633887
60.455,-0.183869773212,-9.98184200627
60.46,-0.318237100392,-6.1223017861
60.465,-0.713712030735,-2.82799509791
60.47,-0.0704030496405,-1.94369670178
60.475,0.779799539769,-1.92185253904
60.48,0.358678129593,-2.79845524075
60.485,-0.18368881644,-5.1975414049
60.49,-0.408904140102,-4.13442723808
60.495,-0.93000588821,-0.630205707399
60.5,-0.382399414868,0.0995056405413
60.505,0.664234814328,-2.17779840491
60.51,0.17881463828,-5.89403842884
60.515,-0.454193255418,-6.71157045094
60.52,-0.287507330706,-6.23446485192
60.525,0.176635158697,-4.12102913333
60.53,0.775965056236,-2.18903722528
60.535,0.102764080634,-1.69600772139
60.54,-0.789381037714,-2.01776044111
60.545,-0.112971812627,-3.99144544333
60.55,0.20153908783,-11.4548402833
60.555,0.0558510066244,-9.28641969043
60.56,0.658852291453,-2.91688185765
60.565,0.569326531983,-1.85000589965
60.57,-0.258497768393,-4.08782017219
60.575,-0.301020355413,-10.3930660753
60.58,0.00479938984719,-37.3133273382
60.585,-0.215516092111,-12.4469610754
60.59,-0.205877657615,-9.12031924811
60.595,0.225131448284,-9.41954832997
60.6,0.173714468205,-14.2074408319
60.605,-0.0375313679081,-24.8779232776
60.61,0.212637881063,-9.82052887831
60.615,0.599482279121,-4.40379120313
60.62,0.410691789915,-1.52165928328
60.625,-0.444325616883,-1.08183112137
60.63,-0.597548248541,-4.42023620916
60.635,0.116669018429,-16.7551770206
60.64,-0.166835982084,-3.8803720498
60.645,-0.970586053987,-0.193901928431
60.65,-0.51720359508,-1.47273375992
60.655,-0.0646935303512,-7.18790467027
60.66,-0.0999241778824,-5.08323099456
60.665,0.520566162035,-3.27015415395
60.67,0.219338344926,-6.51075025096
60.675,-0.709361921106,-2.63340159777
60.68,0.17399534149,1.63050753597
60.685,1.22802243146,2.19287768917
60.69,0.873960772569,0.341370797957
60.695,0.300788421415,-1.54491163018
60.7,-0.308711691641,-2.30092446911
60.705,-0.567993821012,-4.7973032431
60.71,0.433592549288,-4.21165687333
60.715,0.790745947809,1.86987384349
60.72,-1.04163120924,5.2293339857
60.725,-1.96506735227,6.12173960618
60.73,-0.328141178552,4.89909226319
60.735,0.907427797374,1.55680847236
60.74,0.604639119691,-4.24401245646
60.745,0.147796113468,-14.8513027135
60.75,0.160184713839,-13.1234200236
60.755,0.496359476633,-5.99961095821
60.76,0.48612009309,-3.91344192102
60.765,0.0344957586689,-5.04192557895
60.77,-0.137516412664,-9.05028917634
60.775,-0.0987834168903,-8.47508047606
60.78,-0.441825756091,-4.36781166699
60.785,-0.647053618436,-3.71447458345
60.79,-0.247005498719,-7.42126441833
60.795,-0.168646342625,-13.4424685358
60.8,-0.338354866083,-5.9555094031
60.805,0.0763506094399,-3.14957977457
60.81,0.575208416706,-2.75638835206
60.815,0.764356313004,-2.32269730788
60.82,0.564940642682,-1.25632712817
60.825,-0.221430681476,-0.799345138824
60.83,-0.799944958329,-1.55678205111
60.835,-0.482708407732,-3.43783619634
60.84,0.181882363611,-5.88219898586
60.845,0.413637155656,-7.40135297891
60.85,-0.140277528233,-5.93489458062
60.855,-0.631897075261,-3.91411062869
60.86,-0.109879100656,-4.06258163995
60.865,0.325139433723,-7.75534450841
60.87,0.172381556299,-14.478796864
60.875,0.348402714766,-9.09155923168
60.88,0.211856813268,-6.08024063964
60.885,-0.49981774924,-4.64403619365
60.89,-0.440360107692,-3.36517862246
60.895,0.375947017914,-3.10844253984
60.9,0.512474100566,-5.6304205089
60.905,-0.0135662217325,-19.635462985
60.91,0.318371374135,-6.59927874147
60.915,0.819422966782,-1.17898972163
60.92,0.13209074463,-1.49688333577
60.925,-0.145652649134,-7.56181270392
60.93,0.00467206544716,-3.0669760619
60.935,-0.935165121621,1.73464002776
60.94,-1.13874087657,1.65241312289
60.945,-0.216362340027,-3.69427188421
60.95,-0.353613819155,-7.71490581044
60.955,-0.437417426984,0.20027020825
60.96,0.689742578561,2.12755711659
60.965,1.11219854688,0.924933017198
60.97,0.586235580638,-1.93878206002
60.975,0.188448649179,-2.77552819072
60.98,-0.483507274273,-1.52805083727
60.985,-0.846481032214,-1.21678725585
60.99,0.000864795343704,-2.13824214739
60.995,0.623897112614,-4.02122785503
61,0.0722541763855,-6.69078091007
61.005,-0.337232065056,-9.43202928255
61.01,0.144524818562,-9.55063065605
61.015,0.33657670284,-7.56256564061
61.02,-0.26848740189,-6.76333998902
61.025,-0.298965792694,-8.75575196555
61.03,0.170290406126,-14.6293980992
61.035,-0.187169228019,-9.88490866764
61.04,-0.444438547812,-5.75566817137
61.045,0.0413605437131,-5.77632827511
61.05,0.284813354221,-7.75359009006
61.055,0.424278490531,-7.05864649785
61.06,0.376357078264,-7.01557733696
61.065,0.0163315905967,-12.6540991669
61.07,0.115759981787,-18.2408529446
61.075,0.138771014858,-10.0212306768
61.08,-0.160164667794,-11.8413805781
61.085,0.0205174623763,-27.3936367051
61.09,0.200758307528,-9.5422805367
61.095,-0.171506361552,-5.1794408969
61.1,-0.616122955698,-3.53388966394
61.105,-0.606036124345,-3.14266360957
61.11,0.0104888738537,-4.53262842604
61.115,0.357233094604,-8.92377701614
61.12,-0.22974648412,-9.69781150564
61.125,-0.296764790981,-4.98222807695
61.13,0.594183671933,-3.3035105149
61.135,0.24878016883,-2.3651417005
61.14,-0.940783202055,-0.332288080024
61.145,-0.352736185527,0.878844140681
61.15,0.816667944332,-0.306218769318
61.155,0.378924899432,-5.2426691654
61.16,-0.196143353643,-14.1090510271
61.165,0.260697388931,-6.92152849333
61.17,0.568880611741,-4.8303475283
61.175,0.293695778847,-5.80745837568
61.18,-0.0254995819409,-8.72503174741
61.185,-0.0688053852076,-15.7075171553
61.19,0.0983681297657,-13.9507057157
61.195,-0.0029855330732,-7.74225245885
61.2,-0.302426301599,-5.81018372985
61.205,-0.5764069211,-4.12644927177
61.21,-0.70567216184,-2.46206682962
61.215,-0.226397101467,-2.93149369815
61.22,0.219199279501,-6.19295632237
61.225,0.269518181732,-9.28276634469
61.23,0.290667844958,-10.6644668928
61.235,-0.0776858324418,-17.1729135061
61.24,-0.0240267530067,-8.88769147518
61.245,0.513444884546,-5.3614063678
61.25,0.318161540578,-7.52178794669
61.255,0.193449343668,-11.4892875789
61.26,0.207966808328,-5.78661461856
61.265,-0.361597930514,-4.33933792316
61.27,-0.391756617041,-7.78990316046
61.275,0.0544573036403,-19.8871178713
61.28,-0.0849248088562,-14.5062455497
61.285,-0.184651692286,-14.1808757478
61.29,0.10351781807,-18.9212490462
61.295,0.0138642989839,-10.3917716813
61.3,-0.395793734312,-6.75581928283
61.305,-0.434992221934,-6.60508357631
61.31,-0.131039656363,-9.43259902627
61.315,0.0313914641358,-18.915855804
61.32,-0.188749472886,-14.0353384499
61.325,-0.480006452386,-5.07403331223
61.33,-0.0375107261286,-1.83926638598
61.335,0.672466746766,-2.23078991675
61.34,0.305502846987,-7.08591733612
61.345,-0.225667753025,-12.6589002945
61.35,0.22970016922,-6.77838476477
61.355,0.434550993405,-6.94759919216
61.36,-0.0724252391635,-12.6314798498
61.365,-0.110296011278,-10.7822695238
61.37,0.360769733105,-6.46395379664
61.375,0.483950641656,-6.19879424274
61.38,0.282571752483,-8.31530752643
61.385,0.140924166283,-11.2584654806
61.39,0.127240637924,-12.8835808099
61.395,0.12614555881,-11.029142433
61.4,0.00673026762192,-13.3422666768
61.405,0.212480815024,-12.6250893499
61.41,0.39899330067,-2.62080848041
61.415,-0.353546577682,0.718834144498
61.42,-0.954697444913,0.290447220763
61.425,-0.729737935368,-2.64326926521
61.43,-0.634869687126,-3.56439092223
61.435,-0.6255581607,-1.92987169005
61.44,-0.246795951945,-1.11381725025
61.445,0.376137476852,-2.24425404725
61.45,0.321909912853,-9.80485552565
61.455,-0.24695651875,-7.6894412326
61.46,0.510237490941,0.9274880106
61.465,1.43070093156,3.11268422502
61.47,0.602796064266,2.04471450943
61.475,-0.294848088792,-1.49404048075
61.48,-0.440270447909,-4.65997012114
61.485,-0.537428567759,-5.38259680742
61.49,-0.166191971595,-9.1444696927
61.495,0.128267804215,-16.6694048016
61.5,-0.330561874806,-7.48841857575
61.505,-0.561709212388,-4.31021545393
61.51,-0.233922273518,-3.09671206337
61.515,0.376706803241,-1.80906645886
61.52,0.837978023214,-1.48897542479
61.525,0.343745428135,-3.94900739324
61.53,-0.103375079724,-13.2277982681
61.535,0.207094296699,-12.9670532444
61.54,0.092724131935,-6.11698078676
61.545,-0.383154773348,-4.24979776908
61.55,-0.79235168775,-1.99338977074
61.555,-0.587948119992,0.461033091153
61.56,0.772891474175,1.59243393041
61.565,0.970737358278,1.25084828848
61.57,-0.504494140782,-0.289625059938
61.575,-0.590931762795,-3.16073432171
61.58,0.157108396261,-9.37771555908
61.585,-0.0371387363659,-20.9883865215
61.59,0.257957826504,-7.12521423144
61.595,0.561887559468,-3.58455054267
61.6,-0.414613764951,-2.27680878337
61.605,-0.721680653069,-1.28737011313
61.61,0.430824419033,-0.461773748787
61.615,0.896772862695,-0.719935749254
61.62,0.0998529362968,-3.35684686197
61.625,-0.148676541093,-11.0718119182
61.63,-0.061275446275,-8.02227494289
61.635,-0.596979351398,-3.84108032335
61.64,-0.282196229477,-6.08660203932
61.645,0.146366807682,-15.570056695
61.65,-0.535580547472,-5.073543649
61.655,-0.384737800041,-3.0238345963
61.66,0.124259028971,-7.02354259784
61.665,0.0262681803232,-7.34452913655
61.67,0.520066712442,-2.50046894521
61.675,0.712399529254,-2.82328049881
61.68,0.243631938647,-8.00957951571
61.685,0.184250479536,-13.2286672815
61.69,0.337695614749,-8.32501994263
61.695,0.349570980693,-3.72328280682
61.7,-0.250423414655,-1.29713108327
61.705,-0.714907663427,-2.55208031511
61.71,-0.309767334168,-9.61013562638
61.715,-0.440292581159,-7.07915256584
61.72,-0.4722448383,-2.38894786556
61.725,0.442012217224,-2.52817924472
61.73,0.437682759689,-5.91974635036
61.735,-0.129052909932,-12.3783463595
61.74,-0.0242094281964,-32.2670540747
61.745,-0.131396697183,-14.4490204397
61.75,-0.297881947321,-9.41285797804
61.755,0.0201762195028,-8.80183954877
61.76,0.240223609642,-10.3831446368
61.765,0.274055865301,-11.2420457336
61.77,0.185850915792,-11.674682339
61.775,-0.00794664663073,-15.6760171854
61.78,0.0372083727227,-19.1407755232
61.785,-0.103498313516,-10.6651241643
61.79,-0.420605677653,-7.38595053088
61.795,0.135145302399,-6.16788960089
61.8,0.512783231551,-4.54425386403
61.805,-0.450025374346,-2.67875486532
61.81,-0.600758579773,-2.29145738252
61.815,0.387733269473,-4.36632578755
61.82,0.168874604081,-9.74367362946
61.825,-0.212367795536,-11.4502028816
61.83,0.409685658424,-7.22999685333
61.835,0.0204441698637,-5.09947586866
61.84,-0.641678173781,-3.67068338368
61.845,0.216844296958,-3.24442595212
61.85,0.507326700263,-5.31493105946
61.855,-0.133549565659,-13.6670849914
61.86,0.316269932572,-9.04758472606
61.865,0.300278768826,-1.80942775056
61.87,-1.01348755819,1.06406975402
61.875,-0.646075899336,1.77507464263
61.88,0.878967583082,0.779973195695
61.885,0.487245116566,-2.21273722975
61.89,-0.306081061937,-9.05962642133
61.895,0.230846417333,-12.2183663982
61.9,0.0143318170925,-3.94899649248
61.905,-0.90072159374,-0.81322292633
61.91,-0.362237221095,-0.244157674626
61.915,0.620272915495,-1.78918786834
61.92,0.484064871354,-5.63830239086
61.925,0.148483066339,-10.8122767283
61.93,0.0258729200708,-11.1900853728
61.935,-0.192787410723,-11.7458865788
61.94,-0.147332123219,-16.6296549887
61.945,-0.183980499751,-14.6785316636
61.95,-0.116461020445,-10.1701926558
61.955,0.260003834089,-10.7617074015
61.96,-0.0437918282169,-15.809976682
61.965,-0.119236817018,-9.72562970828
61.97,0.401019805456,-6.73387216074
61.975,0.356488929787,-8.27609473871
61.98,0.344142947807,-6.62764083644
61.985,-0.101285706679,-2.59118402757
61.99,-0.825575303757,-1.64341716363
61.995,-0.0153643100596,-2.53628125397
62,0.726786137106,-2.72934424572
62.005,0.0648292018927,-2.32609457801
62.01,-0.656045652541,-2.06854852647
62.015,-0.761252331683,-1.56059590017
62.02,0.0187301656074,-1.93358494137
62.025,0.589135106982,-4.42980553315
62.03,0.0599933849872,-10.3576749514
62.035,-0.0168507455225,-21.459080123
62.04,0.279159872378,-9.22427717772
62.045,-0.253421084286,-4.97659182631
62.05,-0.600666364029,-4.34252223758
62.055,-0.0955601242222,-7.27701890269
62.06,0.103705396376,-19.5731763408
62.065,-0.412994924596,-7.67830117734
62.07,-0.186546554268,-2.6166704732
62.075,0.648156861984,-2.50159714451
62.08,0.232478168642,-6.62128640246
62.085,-0.368726526104,-8.28408812029
62.09,0.231301471666,-4.39188502555
62.095,0.608090111927,-4.31699047904
62.1,0.159899844942,-8.37237979614
62.105,-0.0773814021724,-22.1350811623
62.11,0.33386796698,-8.69102704379
62.115,0.440591755211,-4.535591386
62.12,-0.187345906692,-5.71008533574
62.125,-0.156710368403,-14.4230220436
62.13,0.380920228374,-7.83256971144
62.135,-0.0178939061066,-3.02023099907
62.14,-0.648386010312,-2.35794083276
62.145,-0.673247807344,-3.09120374957
62.15,-0.278635085522,-3.79553572202
62.155,0.29610108674,-5.08917670832
62.16,0.410980448429,-7.64101840565
62.165,0.045993133182,-11.5678980159
62.17,-0.121981923691,-18.2669101748
62.175,0.174684473053,-14.322597819
62.18,0.205856385975,-7.46493712474
62.185,-0.360531890888,-5.44603922414
62.19,-0.363029713222,-8.38604795256
62.195,-0.0769610578745,-22.2697239821
62.2,-0.377430358389,-8.41321677136
62.205,-0.284084365277,-6.5486627505
62.21,0.0346398374538,-12.9607163493
62.215,-0.225272580582,-10.6466680875
62.22,0.0410151059359,-3.85730572035
62.225,0.654006254575,-3.2995555072
62.23,0.161362922395,-7.15356640558
62.235,-0.27410027615,-10.7382956128
62.24,0.219765102284,-8.55441548464
62.245,0.230281015304,-11.8249624845
62.25,-0.0265641010521,-28.3065481175
62.255,0.233995062102,-11.6038986229
62.26,0.232952058039,-9.89886426505
62.265,-0.130366678966,-12.0786930362
62.27,-0.16877995312,-13.4626808164
62.275,0.10373084514,-12.5227512237
62.28,0.162415064064,-15.1951833428
62.285,0.142055103589,-13.4602541196
62.29,0.469249883645,-6.12265240827
62.295,0.612708947501,-3.41125516528
62.3,0.364890705444,-2.71863531003
62.305,-0.0606247205655,-1.59092822661
62.31,-0.691088975166,-1.39368271833
62.315,-0.436113289553,-5.113400779
62.32,0.425451617595,-7.40104972342
62.325,-0.208800969623,-0.963358838714
62.33,-0.997680825758,-0.0115701391467
62.335,-0.139219119497,-5.15267945949
62.34,0.0488756777796,-10.1250977504
62.345,-0.8119785254,-1.7023388745
62.35,-0.501615770364,-1.72397161886
62.355,-0.111197418332,-7.78279664419
62.36,-0.389247883901,-2.55097342198
62.365,0.383807585557,1.63849483111
62.37,1.1479146714,1.41979577984
62.375,0.545373083513,-2.7801203357
62.38,0.18015654597,-10.86116156
62.385,0.308813517399,-6.45818045079
62.39,-0.155689910745,-4.13439535505
62.395,-0.575579671021,-4.58734407927
62.4,-0.34915056259,-5.81019886456
62.405,0.0784279453891,-5.73146512327
62.41,0.570474096893,-3.7898259882
62.415,0.676513073684,-1.83572291263
62.42,-0.169070053708,-1.12155033975
62.425,-0.783417847745,-2.08284860263
62.43,-0.122214057169,-4.81971647455
62.435,0.4006670808,-7.94242999686
62.44,-0.0940179619502,-7.94819340526
62.445,-0.437952885817,-7.07064212282
62.45,-0.0282833138382,-7.12553316534
62.455,0.438960536554,-7.01101309328
62.46,0.144007469675,-4.72198798085
62.465,-0.760627790809,-1.22585063263
62.47,-0.914609413884,1.52643469218
62.475,0.435147895757,2.60353698154
62.48,1.13640793717,1.12693026169
62.485,-0.125506742098,-4.13487202348
62.49,-0.223286181311,-3.97475931941
62.495,0.880816026801,-0.774875992936
62.5,0.304287247089,-4.32793973872
62.505,0.180021390058,-14.0342318299
62.51,0.744484683905,-0.789290899735
62.515,-0.317492399111,0.0963820666699
62.52,-0.392795874989,-7.85389230693
62.525,0.406535414867,-4.60896846839
62.53,-0.712994309567,2.00863076459
62.535,-1.34607797022,2.85500027981
62.54,-0.136167373968,0.750668849598
62.545,0.650010083631,-3.05849053005
62.55,0.164849697727,-5.25888834503
62.555,-0.685665517942,-2.9591621443
62.56,-0.441406800643,-0.781170495122
62.565,0.643137116999,-0.342093975532
62.57,0.796158523032,-1.448399535
62.575,0.0523152228907,-3.86154479816
62.58,-0.32489121104,-8.74651653246
62.585,0.0683823930846,-22.6104164318
62.59,-0.0335665110627,-4.79785749422
62.595,-1.02878655335,0.421091400755
62.6,-0.524200191306,1.77941816924
62.605,0.8239803808,0.0133116530936
62.61,0.261798881581,-5.26963211269
62.615,-0.306694501599,-9.47232989745
62.62,0.353195188461,-7.25375651247
62.625,0.156860544909,-7.82378348878
62.63,-0.337449434519,-9.41839378732
62.635,0.0546150996268,-11.0499205827
62.64,0.135665665847,-16.26545933
62.645,-0.109513447536,-18.7391210231
62.65,0.130667606606,-14.3073254466
62.655,0.0678953954422,-15.2199687937
62.66,-0.25612289077,-11.5883891188
62.665,0.0315395654344,-7.74707906748
62.67,0.375700700342,-7.14922776717
62.675,0.452729017416,-6.88307478843
62.68,0.508396198138,-4.31430674773
62.685,0.0690871149658,-2.68065073126
62.69,-0.542786517033,-3.71672569342
62.695,-0.273533037099,-8.84000123487
62.7,0.152775859405,-16.1531697679
62.705,-0.184164635512,-9.26721122727
62.71,-0.369300317194,-8.57188338931
62.715,-0.174882434962,-11.3350814409
62.72,-0.0750957942164,-12.1092367936
62.725,0.0951673659705,-12.5030503584
62.73,0.099408185338,-18.1824608235
62.735,0.0820862447136,-15.3202092736
62.74,0.279840433215,-10.7113709394
62.745,0.235006217438,-11.3980128713
62.75,0.200308367611,-12.0104495571
62.755,0.219176011291,-6.6652858051
62.76,-0.235751132482,-3.36707798108
62.765,-0.744214430058,-2.06048151743
62.77,-0.711164700327,-1.72086301299
62.775,-0.120283430963,-2.30767369555
62.78,0.386643479899,-4.76589075252
62.785,0.323925833344,-9.48881076647
62.79,0.345982596601,-9.19605835879
62.795,0.295083441824,-6.99508761034
62.8,-0.233672025951,-8.1420803873
62.805,-0.161002176153,-10.9406481119
62.81,0.391811476967,-8.08721371729
62.815,0.131746106112,-3.9671401642
62.82,-0.749027725035,-1.10310250419
62.825,-0.893575065196,0.764663551022
62.83,0.245599894962,1.37846443617
62.835,0.994731548385,0.101968720038
62.84,0.343727921637,-4.44569157949
62.845,0.0103497710136,-21.2940843778
62.85,0.3780454995,-7.96645291117
62.855,0.19312297712,-3.45092130034
62.86,-0.497871227133,-1.7329930404
62.865,-0.877200277802,-1.06879405192
62.87,-0.165287898401,-1.99795104269
62.875,0.523879439203,-5.19546949168
62.88,0.0339334345454,-10.717366954
62.885,-0.0559475374223,-24.7114183775
62.89,-0.0434572251254,-11.1608015982
62.895,-0.648793692178,-3.73206129876
62.9,-0.105418311763,-1.39004220928
62.905,0.692519308279,-2.33345364169
62.91,0.41994166983,-5.80969874037
62.915,0.0360152589497,-8.42895356519
62.92,-0.410380029733,-7.60102866627
62.925,0.0887607216471,-2.64456652594
62.93,1.26112023627,2.07812315385
62.935,0.0373588236286,4.17906061996
62.94,-1.46381590176,3.48491106939
62.945,-0.293235343305,-0.874506892241
62.95,0.213209686998,-12.9498906392
62.955,-0.522159165692,-5.56740919911
62.96,-0.0353176232198,-3.36361708806
62.965,0.437181166852,-5.80915746885
62.97,0.417493108039,-7.58312711364
62.975,0.36553172623,-4.26267319206
62.98,-0.529459484984,-1.46174437823
62.985,-0.882086771172,-0.123529230181
62.99,0.150283712136,-0.822675253974
62.995,0.544183030569,-5.01137158677
63,0.0710850980318,-22.7771043582
63.005,0.308147408662,-6.05399947562
63.01,0.783647961375,-2.07995282495
63.015,0.344898331635,-2.95421051337
63.02,-0.0170994845166,-9.43426805697
63.025,0.22631236298,-6.25468470703
63.03,-0.378143084668,-0.837846698994
63.035,-0.958058689372,-0.263534451935
63.04,0.251246681412,-2.05463019121
63.045,0.660880682068,-0.793649084575
63.05,-0.801678709881,0.839755691044
63.055,-0.603467995383,-1.36999409226
63.06,0.467065645925,-6.60828239758
63.065,-0.530417507452,-0.786597197739
63.07,-1.08773620255,1.45979573519
63.075,-0.0491191928465,-1.24665620451
63.08,0.074519495373,-10.2535072496
63.085,-0.0156812616615,-4.95483379523
63.09,0.54692857278,-3.50096384425
63.095,0.248645762017,-9.65490809314
63.1,-0.218325463103,-10.4845557409
63.105,0.35006814454,-3.22721442737
63.11,0.807443258756,-1.84964190072
63.115,0.258766622173,-3.78315622271
63.12,-0.306880899221,-9.06390337694
63.125,0.0418427496564,-9.97068647992
63.13,0.433965628728,-7.2480494055
63.135,0.14307276015,-9.62076698697
63.14,-0.00225512220831,-27.5322058073
63.145,0.27084550747,-11.3092926132
63.15,0.272463405367,-7.25223244166
63.155,0.00495709965241,-6.95863161656
63.16,-0.234262502252,-7.58114400361
63.165,-0.307106093868,-10.1533382307
63.17,0.0200221453013,-20.595689912
63.175,0.122297461697,-9.41648749847
63.18,-0.413368534807,-5.05366637411
63.185,-0.463530370214,-5.38351447663
63.19,0.272123780767,-8.03933331073
63.195,0.1766192453,-4.62554060264
63.2,-0.820109422928,-1.24572636828
63.205,-0.275061378191,-1.13426136998
63.21,0.875747886583,-1.12162170725
63.215,-0.421966752999,2.23544654428
63.22,-1.54321097435,3.93935483786
63.225,-0.0558605902595,2.08125497434
63.23,0.503701549835,-5.95103240279
63.235,-0.696310111486,-3.12421797959
63.24,-0.372362635513,2.47223573661
63.245,1.07938080323,3.28688792798
63.25,1.08936333864,1.11720888924
63.255,0.236352217328,-3.603579879
63.26,-0.136189516243,-8.90963953964
63.265,-0.311910079729,-10.0748725374
63.27,-0.136209224828,-7.2801587533
63.275,0.359605504756,-5.61469420703
63.28,0.495534172207,-6.01595213529
63.285,0.571848514029,-4.33776445878
63.29,0.230367926187,-2.41073869287
63.295,-0.607494534863,-3.25898127897
63.3,-0.0740658619559,-3.53752937342
63.305,0.943075430665,-0.494301753782
63.31,0.116747959796,0.374233925622
63.315,-0.726146154087,-2.3216816266
63.32,-0.0401362151695,-9.08382740226
63.325,0.27924779887,-8.79941067361
63.33,-0.186658568939,-7.91077766933
63.335,-0.174385299708,-14.4029723822
63.34,-0.129674090097,-10.8447353642
63.345,-0.524735402094,-5.38463874909
63.35,-0.311839333292,-5.08539333782
63.355,0.3654681503,-7.26021813878
63.36,0.132445285045,-5.80493021858
63.365,-0.658990551647,-2.82127087987
63.37,-0.580352897489,-2.00704535297
63.375,0.203689837586,-3.62904315358
63.38,0.381332107338,-8.36377490591
63.385,-0.00725240670531,-18.7687963338
63.39,-0.00775778080855,-18.5476456726
63.395,0.186818049072,-14.5577930112
63.4,0.09029864991,-11.588633468
63.405,-0.261345490346,-7.93288449417
63.41,-0.548312039146,-5.1539942718
63.415,-0.300198108788,-4.4454994448
63.42,0.119253324852,-5.83705439281
63.425,0.27841119934,-7.74772105633
63.43,0.337152724566,-8.81254769815
63.435,0.340377400944,-9.33566066354
63.44,0.293678053808,-7.71775593229
63.445,-0.218547176478,-5.39780495491
63.45,-0.692553270689,-2.89403294134
63.455,-0.0310520883078,-1.42873547349
63.46,0.635862458782,-2.30667493943
63.465,0.600577692477,-4.42784351369
63.47,0.589103366679,-3.80039563877
63.475,0.256197777044,-3.99820937965
63.48,-0.0714226216908,-7.89718731572
63.485,-0.0818755695211,-8.64610985823
63.49,-0.428599757619,-6.14211921725
63.495,-0.276687864189,-6.96592540659
63.5,0.357238389628,-7.99890929162
63.505,0.149308881082,-8.85554275796
63.51,-0.153283233388,-14.8901862006
63.515,0.104824098604,-18.3825171877
63.52,0.291480240505,-8.99350346747
63.525,0.114960794016,-3.87104776469
63.53,-0.609863132015,-0.896780498295
63.535,-0.873303988465,-0.966301854396
63.54,-0.12033083635,-5.67535400636
63.545,-0.0354934915633,-25.6134841556
63.55,-0.466003348743,-5.45429291128
63.555,0.156544020931,-2.47587173613
63.56,0.751705736279,-2.47406517267
63.565,0.0214418444085,-3.13333519665
63.57,-0.609251191189,-4.20143330549
63.575,-0.175189607737,-8.15234906711
63.58,-0.0473085179169,-20.4433683457
63.585,-0.18298857342,-8.80491333693
63.59,0.321951930469,-6.48138078394
63.595,0.253673474692,-8.64766154738
63.6,-0.329100518434,-9.26194630852
63.605,-0.137783721405,-8.48992984709
63.61,0.0987534549255,-10.7785954961
63.615,0.236010118946,-8.04991433295
63.62,0.548581439949,-5.1890087493
63.625,0.00973063435679,-6.1676289954
63.63,-0.425041427844,-6.64772146945
63.635,0.333565406428,-3.64524542537
63.64,0.711563439793,-2.87116168333
63.645,0.380676936447,-4.10250169764
63.65,0.0952821610813,-3.94983727651
63.655,-0.360613487834,-2.87759784591
63.66,-0.649616312527,-3.39057575044
63.665,-0.53375761823,-4.96739924401
63.67,-0.359760983063,-5.43858804059
63.675,-0.061304119569,-5.3555835926
63.68,0.249812073204,-6.2374827024
63.685,0.405394154838,-6.95267053129
63.69,0.397554970145,-7.38022343194
63.695,-0.0678155775393,-10.5798834019
63.7,-0.181897915646,-8.5233865902
63.705,0.662310888544,-2.27404957801
63.71,0.806295140001,0.177199378289
63.715,-0.134590244116,0.0140162845795
63.72,-0.721127242758,-1.50290616414
63.725,-0.694607370195,-2.73629065991
63.73,-0.131503595488,-3.50154469885
63.735,0.546600377999,-4.36244952756
63.74,0.310993449495,-5.30754577704
63.745,-0.248731775197,-7.52747172999
63.75,-0.250569427138,-11.9246680997
63.755,-0.250821710834,-11.7690140153
63.76,-0.0596862552918,-9.59045737817
63.765,0.375944791374,-8.40072751615
63.77,0.102765205653,-7.50016577746
63.775,-0.194155971169,-9.46524961601
63.78,-0.316201842222,-6.11064293302
63.785,-0.962890812021,-0.326748439211
63.79,-0.487248684718,1.24852569843
63.795,0.625258104177,-1.74521601054
63.8,-0.0239272098951,-12.2412842088
63.805,-0.292291195833,-2.70871943799
63.81,0.881627693873,0.153380877529
63.815,0.386094647312,-1.42222139716
63.82,-0.816267851309,-1.72183257829
63.825,0.375487970338,2.13624010571
63.83,1.52686188471,3.73518093832
63.835,0.215632704509,2.26121223976
63.84,-0.618757425665,-3.11156222502
63.845,-0.116409208174,-17.1746548197
63.85,-0.0732487850311,-22.6971053208
63.855,0.246742309576,-12.1277359939
63.86,0.0542901449955,-3.28637216838
63.865,-0.918630529826,-0.562355549687
63.87,-0.212579070822,-1.72809028679
63.875,0.460870995494,-6.71289244648
63.88,-0.242434762913,-10.2913428804
63.885,-0.0945156015685,-8.6501322334
63.89,0.159414381136,-14.5022133387
63.895,-0.0127939273347,-11.059478063
63.9,0.64939732436,-2.47631327924
63.905,0.838006831634,0.31784728625
63.91,-0.143538314837,-0.00016828208912
63.915,-0.587943672756,-3.32369161342
63.92,-0.379108694384,-8.02356063379
63.925,-0.556512938391,-5.01013811728
63.93,-0.549430402244,-3.31311791002
63.935,-0.0881514189749,-4.58924552184
63.94,0.226382996972,-6.34682515998
63.945,0.413833776712,-7.53517784255
63.95,0.016061793481,-10.3695901148
63.955,-0.375813366343,-7.17490934683
63.96,0.289032142126,-3.87855926166
63.965,0.589799107197,-4.48656852247
63.97,0.104999762971,-9.32207454869
63.975,-0.0426473104174,-25.5162496076
63.98,0.238037025213,-11.9223129968
63.985,0.47166422899,-4.25915726051
63.99,-0.257274420326,-1.18916541794
63.995,-0.806042202571,-1.87158387093
64,-0.0344099803084,-8.23543918891
64.005,-0.112334756026,-13.0829905111
64.01,-0.476937487986,-4.01192432517
64.015,0.49743113333,-2.13214421052
64.02,0.598150036939,-2.36283867364
64.025,-0.304565104199,-3.22399243038
64.03,-0.657204757294,-3.48069831063
64.035,-0.76020171298,-0.839684321317
64.04,0.0360428880564,1.7728641899
64.045,1.20252609242,2.19358903279
64.05,0.586593222037,-0.11511493807
64.055,-0.45201997098,-5.52863044041
64.06,0.101533024397,-6.29917530917
64.065,0.678139890696,-3.13827724294
64.07,0.0464910447279,-3.23211887888
64.075,-0.432161645599,-6.82555476191
64.08,0.0395537875367,-13.0833069247
64.085,0.282266482942,-8.4090037149
64.09,-0.182733168076,-6.2228408088
64.095,-0.392706149261,-7.79532966499
64.1,-0.260050642147,-11.2896246604
64.105,-0.132323809687,-15.4895390958
64.11,-0.117394616324,-18.6029270281
64.115,-0.30986201493,-9.73991938673
64.12,-0.104853284553,-7.36810973247
64.125,0.231488247821,-10.3833961658
64.13,0.0498774379598,-25.2014427719
64.135,-0.0229369640668,-19.5400320809
64.14,0.00627941211722,-16.0045285949
64.145,0.219044868087,-8.59412001243
64.15,0.564035822747,-4.64699642056
64.155,-0.0940911026292,-4.03587775991
64.16,-0.493999866062,-5.93836923977
64.165,0.155590630518,-10.5708744182
64.17,-0.048966755635,-12.0832509987
64.175,-0.419646105616,-5.94352482495
64.18,0.258766558847,-3.18022473077
64.185,0.737228842424,-2.63149837971
64.19,0.414183644599,-2.92219707572
64.195,-0.285607788694,-3.77256058783
64.2,-0.479077857394,-6.30685556779
64.205,0.0358417791212,-13.1633579995
64.21,-0.0919498626256,-14.2368425768
64.215,-0.43565014557,-5.04374024022
64.22,0.412187785701,-1.44594345842
64.225,0.840147274613,-1.27901077795
64.23,0.0836668715194,-5.55401881167
64.235,0.0499312334074,-20.9602717159
64.24,0.244642054224,-7.22904764532
64.245,-0.14628806365,-7.52681942648
64.25,0.0430987339036,-14.4339673277
64.255,-0.00114215088227,-2.01512985026
64.26,-1.10861614099,2.41704438479
64.265,-1.2606435888,3.094682759
64.27,0.0170502095762,0.0877535430359
64.275,0.183628819857,-13.7685270513
64.28,-0.43528360574,-4.12739093713
64.285,0.433817346669,0.425461831923
64.29,0.87877387703,-1.08975078658
64.295,0.0743997555829,-11.22952398
64.3,0.348745006654,-8.29610019103
64.305,0.498037525744,-2.68239034829
64.31,-0.330721348282,-3.79899543172
64.315,-0.228826053096,-12.6350320535
64.32,-0.0288245564503,-11.7700827527
64.325,-0.56842659204,-4.7587511585
64.33,-0.18741468479,-4.40877528992
64.335,0.470521103808,-6.54579213514
64.34,-0.367319050038,-3.2453787259
64.345,-0.91539900105,0.253371150117
64.35,0.107391903061,0.588228713645
64.355,0.659708060777,-2.17570080275
64.36,0.547379195407,-5.03599888189
64.365,0.637011583418,-3.68554192147
64.37,0.343423222712,-4.67601141234
64.375,0.14939895314,-7.4385130421
64.38,0.0517073375868,-4.19704502444
64.385,-0.5313288609,-1.95455885734
64.39,-0.798745604373,-1.95163544895
64.395,-0.554775354358,-2.17650884051
64.4,0.0556746847848,-2.2843891642
64.405,0.482558164244,-4.92593578602
64.41,0.194879105623,-12.6569906295
64.415,0.64207531304,-2.3695057446
64.42,1.17291943936,2.62633230327
64.425,-0.209862418488,4.00986337837
64.43,-1.31597555612,2.69824946462
64.435,-0.579163767703,-1.75820232934
64.44,-0.181814027273,-8.95450283391
64.445,-0.214204440897,-4.30769879197
64.45,0.516677554336,-2.19779310755
64.455,0.515880857512,-4.76469848651
64.46,-0.158961032305,-14.9060842504
64.465,0.33667773093,-5.78450562435
64.47,0.735934910758,-1.67688438356
64.475,-0.0603267598498,-1.98577051178
64.48,-0.445128407935,-6.53310412382
64.485,0.0261589190565,-23.8285121194
64.49,0.0172979351062,-9.19447939265
64.495,-0.337755146904,-8.40340867972
64.5,-0.0623554120333,-23.9268207802
64.505,-0.125174689767,-8.45893834372
64.51,-0.522023874654,-5.31106981995
64.515,-0.362162946864,-8.67214154484
64.52,-0.53791512703,-5.37864509407
64.525,-0.56275964129,-2.13649087238
64.53,-0.0214073147174,-4.65429946156
64.535,-0.116481697685,-9.54251562239
64.54,-0.171209529425,-2.68396147584
64.545,0.434035795531,-0.406383400749
64.55,0.802400689504,-0.884754508977
64.555,0.838871306626,-1.51887091725
64.56,0.831460667283,-0.647902118623
64.565,0.308447147225,-0.00930427069481
64.57,-0.609838240568,-1.23401705444
64.575,-0.476570978079,-4.28061254987
64.58,0.406177741698,-5.65411373951
64.585,0.404517115381,-5.20130715093
64.59,-0.0458016064092,-5.04792940979
64.595,-0.575643671645,-2.33292381023
64.6,-1.09365138052,1.27954481748
64.605,-0.0381763302668,3.76488136375
64.61,1.60968526437,4.70278321207
64.615,0.979525113572,3.63370343738
64.62,-0.46017972522,-0.620415021887
64.625,-0.173024267852,-15.1286562267
64.63,0.0543689476897,-8.47929315948
64.635,-0.425611832718,-6.86901040523
64.64,0.0779037956632,-13.1235444111
64.645,0.170367935685,-5.74672646134
64.65,-0.574101743324,-3.71842453768
64.655,-0.182822935174,-10.0366053401
64.66,0.0148285651385,-8.945949997
64.665,-0.855864691818,-1.08594060449
64.67,-0.599461469558,0.18146439255
64.675,0.374721925535,-2.33271428788
64.68,0.33767228107,-9.42593429114
64.685,0.00683685870366,-29.858421767
64.69,0.194478692357,-12.1147796667
64.695,0.301010500935,-8.23701935461
64.7,-0.292214628305,-5.17631915295
64.705,-0.666088780817,-2.95100393655
64.71,0.0824614546012,-2.923168093
64.715,0.482904391514,-6.31738934687
64.72,-0.273414487589,-9.05004736275
64.725,-0.250685382637,-2.86609496493
64.73,0.815506215917,-0.369928091757
64.735,0.603556618579,-1.44153756811
64.74,-0.28688129183,-6.12589560998
64.745,-0.160414214007,-15.0989826094
64.75,-0.222583691136,-12.4947545233
64.755,-0.0522943354326,-2.98997168975
64.76,1.0162553961,1.14135149976
64.765,1.07692941179,2.05586583712
64.77,0.221533722086,1.42748207243
64.775,-0.617518916347,0.906272664521
64.78,-0.918251283301,-0.740721301408
64.785,-0.12823199188,-6.34570112989
64.79,0.13809996159,-14.9270592838
64.795,-0.214321124009,-12.9058018328
64.8,0.0461436772969,-26.3785468904
64.805,-0.144672220403,-8.88802588594
64.81,-0.443582307437,-7.04556233231
64.815,-0.114487122735,-14.5884439275
64.82,-0.268392497676,-11.3617920451
64.825,-0.29168536087,-7.00495583912
64.83,0.0622281967535,-12.9210976085
64.835,-0.24590416483,-11.1350552168
64.84,0.0271426707502,-3.92453395042
64.845,0.581904456543,-4.68624434351
64.85,-0.345929648993,-6.83900715554
64.855,-0.300073101867,0.933784917967
64.86,1.58520732647,4.96029144642
64.865,1.39639819314,6.06600741278
64.87,-0.753161466866,4.86464009882
64.875,-1.11877524225,0.97687699664
64.88,-0.252226399756,-8.07182866211
64.885,-0.291667729458,-10.6800601819
64.89,-0.291536152189,-7.54663147276
64.895,-0.0767903977995,-13.887283721
64.9,-0.344234092542,-7.19907946836
64.905,-0.0262136191161,-2.57195104452
64.91,0.505047778298,-3.49567886254
64.915,0.36262388715,-7.86381540499
64.92,0.611786241395,-3.56207993951
64.925,0.82611338513,-0.629174208911
64.93,0.0215589406854,-1.4915936654
64.935,-0.471616734511,-5.64406588174
64.94,-0.188621878463,-11.1996642482
64.945,0.131696114777,-9.89263502675
64.95,0.613533365189,-4.22464486809
64.955,0.432589232743,-0.856635344028
64.96,-0.595849930459,-0.460083057896
64.965,-0.684647656218,-2.78586353716
64.97,0.0861626173669,-6.97291438436
64.975,0.352720832055,-8.11708056007
64.98,-0.325621381524,-4.36541050891
64.985,-0.769628211228,-0.767497049121
64.99,0.714346113901,2.17946877062
64.995,1.38111361155,4.15903970212
65,-0.674651144371,4.15111020021
65.005,-1.02888246701,0.889958698744
65.01,0.489123782491,-5.19022769098
65.015,-0.218109601818,-0.0253991305092
65.02,-1.30659138124,2.32312826176
65.025,-0.452922779446,0.800321739667
65.03,0.338975837414,-4.28835268583
65.035,0.142549299785,-15.9371499602
65.04,-0.407285782815,-7.80071684077
65.045,-0.410603914162,-1.37799837352
65.05,0.51522593985,0.624294868686
65.055,0.949415803375,-0.406475159968
65.06,0.458915989821,-3.78724700213
65.065,-0.0533433854114,-8.03631321284
65.07,-0.325361376376,-9.59317881074
65.075,0.17857910054,-4.21997625555
65.08,0.939419737129,-0.536497875938
65.085,0.208059888935,-0.0501966838965
65.09,-0.754652447276,-2.30584230713
65.095,0.248624060744,-2.38634549152
65.1,0.967495415312,0.61426369193
65.105,-0.232398858686,0.625467812684
65.11,-0.567911189795,-4.83312506913
65.115,0.0854881520598,-13.9344425568
65.12,-0.489060576203,-1.56598115661
65.125,-1.03620800108,0.349921513037
65.13,-0.446370701645,-1.55370519125
65.135,0.0189597263989,-6.20449532107
65.14,0.0200283198129,-9.72568870701
65.145,0.0861793379013,-7.56547704034
65.15,0.449421846738,-4.75003412823
65.155,0.674540025532,-2.69429509694
65.16,-0.171143743576,-0.379510647038
65.165,-1.33018364458,2.48685876723
65.17,-0.646811159715,4.47632431576
65.175,1.0974650391,4.63190752717
65.18,1.36205341585,2.70058512367
65.185,0.716828866229,-0.326077477016
65.19,0.154216758292,-2.60893437388
65.195,-0.269862375754,-9.04554134046
65.2,0.361345315066,-8.23118754966
65.205,0.537749482498,-0.211151500371
65.21,-0.640531094834,0.683102336658
65.215,-0.624801757545,-3.67651485117
65.22,0.075278512387,-20.9502534307
65.225,-0.23111875981,-8.46982852069
65.23,-0.416064287645,-7.52980936452
65.235,-0.147966385529,-10.6984425644
65.24,0.142054587465,-15.8095413121
65.245,-0.0588704783657,-8.05207516503
65.25,-0.78062967512,-2.09344451734
65.255,-0.467791873964,-0.456205908677
65.26,0.371982615423,-2.45656721128
65.265,0.384177154619,-6.72672135601
65.27,0.63801062829,-3.55024325956
65.275,0.666573849404,-0.62896642244
65.28,-0.466467014877,-0.785803263264
65.285,-0.542116348469,-3.62123763595
65.29,0.546309109463,-4.83149603605
65.295,-0.0120648535321,-0.95668300685
65.3,-1.10844563007,0.929904832706
65.305,-0.29987892674,-0.220536053824
65.31,0.4538888864,-5.55956551168
65.315,-0.0174274111669,-25.6884095924
65.32,0.106731067821,-11.5232423586
65.325,0.186782537919,-11.0780311473
65.33,-0.461703568801,-6.69524630914
65.335,-0.0577123010845,-3.02509071313
65.34,0.61649395355,-3.796157414
65.345,0.0996061595623,-10.7595047906
65.35,-0.123958434896,-11.5639578471
65.355,0.365093957777,-5.72614344688
65.36,0.603837902187,-4.36438187228
65.365,0.334398263069,-5.51932034712
65.37,-0.0067775514143,-16.4780208505
65.375,0.529851958121,-5.51637393008
65.38,0.472543943988,0.922711616872
65.385,-0.875000840831,1.70840236862
65.39,-0.667952484243,-1.46527213061
65.395,0.448189966477,-5.49674357111
65.4,0.301415281282,-4.37676777539
65.405,-0.238685385588,-3.19272226307
65.41,-0.695611756431,-2.18299468216
65.415,-0.54899248751,-4.48452174768
65.42,-0.154286550966,-16.041892306
65.425,-0.621969032081,-4.11490037788
65.43,-0.429052659243,-1.69603616987
65.435,0.343885645618,-5.84834631673
65.44,-0.0559343707149,-12.0799740727
65.445,-0.527209739269,-5.27080230852
65.45,-0.373850129167,-3.48133565925
65.455,-0.0183851217672,-2.08568034286
65.46,0.468913584448,-2.81292295379
65.465,0.244810942093,-10.8298291537
65.47,0.143858929,-3.63646627897
65.475,1.04297846496,1.46056539818
65.48,0.999025391561,1.01634265963
65.485,0.163399864771,-5.41532580587
65.49,0.343373272196,-9.03558978443
65.495,0.570935646374,-2.18943927553
65.5,0.0984357408054,-1.48948618453
65.505,-0.295606936903,-2.72726002507
65.51,-0.484481547166,-3.649685993
65.515,-0.627901496294,-3.66135595794
65.52,-0.647080025637,-3.10542588783
65.525,-0.0792504126271,-3.94400905245
65.53,0.424656462318,-7.28666508373
65.535,-0.0995767718561,-10.2289508187
65.54,-0.187085805092,-10.9307897742
65.545,0.228913495449,-12.7878148475
65.55,-0.169390717961,-11.8613041164
65.555,-0.0830144490447,-10.2399989163
65.56,0.39478814045,-7.97364663072
65.565,-0.0947076047184,-6.88269353471
65.57,-0.276210273264,-11.1689708943
65.575,-0.0286895060133,-15.3886817274
65.58,-0.619092779491,-3.46210183311
65.585,-0.701620647606,-0.0676992537049
65.59,0.400992927435,-0.368495914322
65.595,0.570742249886,-4.60781361708
65.6,-0.321293351988,-9.36912092024
65.605,0.0178131176527,-1.48306089329
65.61,1.22126650962,2.0207729833
65.615,0.766784378591,2.50877606278
65.62,-0.56394028285,0.370697616633
65.625,-0.554872328007,-5.07512155316
65.63,-0.151657829216,-14.7458690259
65.635,-0.142162209271,-13.999213027
65.64,0.157584457224,-12.7063636672
65.645,0.220728081853,-10.0304496877
65.65,-0.0959383879053,-8.32807155744
65.655,-0.349040149386,-6.39954442165
65.66,-0.68114115538,-3.28022251613
65.665,-0.606758508814,-2.2182930441
65.67,-0.18409127389,-4.14259972411
65.675,-0.152267561652,-4.44449855686
65.68,0.151888496224,-0.306704814323
65.685,0.961829176174,1.54853810084
65.69,1.04280820503,0.492067612183
65.695,0.510360936778,-3.33469647394
65.7,0.442633608842,-4.4012883394
65.705,0.224355806183,-1.62008687371
65.71,-0.533870863786,-1.64561811504
65.715,-0.553569594002,-4.4967777283
65.72,0.213976481228,-6.96660247531
65.725,0.495842509316,-4.8520911755
65.73,-0.15340412029,-3.31108436358
65.735,-0.57947904225,-4.73295405447
65.74,0.0684890446913,-9.41832775136
65.745,0.272746102684,-7.12666271964
65.75,-0.423510922949,-4.07043940406
65.755,-0.588340995878,-4.25370318734
65.76,-0.115034970979,-6.31662198411
65.765,0.304157053716,-9.32572123633
65.77,0.0557025791223,-8.85393988618
65.775,-0.572139575987,-4.71974260964
65.78,-0.348273056666,-2.39803077192
65.785,0.517092463246,-2.09405637965
65.79,0.615228407047,-3.78667752938
65.795,0.0975495746908,-8.43223657693
65.8,0.0645997217847,-12.3743929069
65.805,-0.137702017303,-6.26047846125
65.81,-0.573872400946,-4.7015118786
65.815,-0.218352960119,-8.68996515817
65.82,-0.106384363443,-18.0490035257
65.825,-0.131185905538,-10.6094623695
65.83,0.186506931858,-13.9926965773
65.835,-0.744409562216,-1.8471222487
65.84,-0.946386478684,4.27851558967
65.845,1.20254146924,6.48623866147
65.85,1.97905472001,6.06043521729
65.855,0.567964295768,3.53259525866
65.86,-0.388451744521,-0.15533745535
65.865,-0.599140874396,-3.16949276168
65.87,-0.494645722922,-6.03220519259
65.875,-0.269584216987,-9.72998212772
65.88,-0.210247872016,-10.0344024965
65.885,-0.10594093143,-9.54476677334
65.89,-0.0664678838731,-6.42129037806
65.895,0.512383973572,-0.664917603012
65.9,1.2775879847,2.1790039029
65.905,0.24876349279,1.4463345409
65.91,-0.581936021744,-4.50135690241
65.915,0.484844231609,-5.50769437989
65.92,0.404224867503,-0.0227022608176
65.925,-0.594134163233,-0.645666297701
65.93,-0.461033390972,-6.25846710199
65.935,-0.447861360087,-5.1398018759
65.94,-0.811844261397,-1.76813981067
65.945,-0.74182024153,-1.64792086289
65.95,-0.571606710016,-1.67812707678
65.955,-0.370036933608,-0.130279522375
65.96,0.210546918053,1.24495224952
65.965,0.840061086139,1.1145788767
65.97,0.901955491334,-0.703595282966
65.975,0.822430816553,-1.69304480492
65.98,0.897427456241,-0.152848667932
65.985,0.536538726446,0.336247598871
65.99,-0.0158940273194,-0.690207089561
65.995,-0.352168318312,-1.62720822648
66,-0.602262952024,-1.66228184884
66.005,-0.924609407965,-0.181390608172
66.01,-1.19624690751,2.13281942022
66.015,-0.328106426666,2.91381738251
66.02,0.879900156227,0.892923575325
66.025,0.333345580506,-6.03200602917
66.03,-0.36420049179,-6.7246751967
66.035,0.529369734057,-0.323690147848
66.04,1.12944757822,1.14823790192
66.045,0.394489447257,-0.58826021449
66.05,-0.0935615178898,-6.05723360442
66.055,0.0516607179993,-6.61387443205
66.06,-0.340858324807,-2.47910896104
66.065,-0.66141310478,-3.17947289061
66.07,-0.46389446,-6.63868847956
66.075,-0.788954115411,-2.03733427825
66.08,-0.637729241703,1.12427616851
66.085,0.522934566608,0.679029543581
66.09,0.629379541968,-3.93382088617
66.095,-0.0910826607753,-20.0103702383
66.1,0.325840891955,-5.00983805318
66.105,0.790873964967,-1.38473547718
66.11,-0.165852497231,-1.76331060359
66.115,-0.527204936794,-5.13930099919
66.12,0.388793464058,-6.73784785056
66.125,0.158314965768,-4.2260910393
66.13,-0.49580298564,-5.61200505352
66.135,0.00861965723507,-20.0721298523
66.14,-0.234588436753,-5.48589764049
66.145,-0.90790587342,-0.68098344459
66.15,-0.139956375437,-1.30981015885
66.155,0.288621230641,-8.64771448767
66.16,-0.105969504908,-11.0603248659
66.165,0.352331286861,-4.35006127328
66.17,0.445948919193,-6.61363867189
66.175,-0.0922654675631,-20.567424402
66.18,0.273901275339,-7.22804681076
66.185,0.504497598398,-5.74926464407
66.19,0.270788470044,-8.34299772741
66.195,0.205195919248,-6.29569979498
66.2,-0.287002430002,-4.40020906466
66.205,-0.546867837149,-5.23338423662
66.21,-0.39913045231,-5.33430223689
66.215,0.0721455293929,-1.61392000112
66.22,1.17135426488,1.68409084188
66.225,0.674146836659,2.78862505117
66.23,-0.897042857356,1.49328083389
66.235,-0.627509924637,-2.0953197823
66.24,0.0692985251982,-6.64186535499
66.245,0.388510783219,-5.32611922394
66.25,0.821752947435,-1.39666767787
66.255,0.152923101361,-0.591492359125
66.26,-0.436793907556,-4.1951159363
66.265,-0.227683231195,-8.26419589773
66.27,-0.712772251206,-1.94721942494
66.275,-0.771124122738,-0.188512737281
66.28,0.427987741296,-1.66488091738
66.285,0.480691385157,-2.56980217023
66.29,-0.796832546872,-0.63846411074
66.295,-0.543656943009,-1.18665228121
66.3,0.291998573189,-8.17517545039
66.305,-0.310395677077,-9.46105337627
66.31,-0.374475959051,-3.68375072075
66.315,0.0139816058616,-5.07143344892
66.32,0.170687101489,-0.938834623811
66.325,1.41753915632,3.86714232287
66.33,1.30490790174,5.36018880262
66.335,-0.902134619847,4.47761918219
66.34,-1.12479122438,1.99869532924
66.345,0.369647453617,-1.43133852471
66.35,0.437971432777,-6.24407818078
66.355,-0.091510766213,-15.8336101021
66.36,0.0980691097968,-19.349497092
66.365,0.0240577299363,-13.9754343872
66.37,-0.235646681946,-12.5419151096
66.375,-0.0253681626851,-11.2209588508
66.38,0.209084655407,-10.9002769241
66.385,0.286447799211,-10.7567890202
66.39,0.240350090803,-12.2435376718
66.395,0.379265698376,-8.36929646184
66.4,0.807032602739,-0.811238416539
66.405,0.21241991543,3.32393491941
66.41,-1.38368431977,4.92071583751
66.415,-1.49605466821,4.43637638139
66.42,0.161695242587,2.08871383657
66.425,0.87745735927,-1.13409924549
66.43,0.00181247195205,-2.46688561818
66.435,-0.71165064183,-2.42925717468
66.44,-0.588004546847,-2.92348007664
66.445,-0.0558205744228,-4.4789928774
66.45,0.281415719109,-8.70087811902
66.455,0.0411287798558,-21.7923555579
66.46,-0.143968075072,-13.9543416963
66.465,0.0439479741111,-14.5928184633
66.47,-0.0925353032043,-18.4726764479
66.475,-0.0895514934857,-7.51810838231
66.48,0.35329382257,-6.42020625872
66.485,0.149087739198,-16.2705896288
66.49,-0.0170047667873,-8.22600354267
66.495,0.667977490635,-1.7609710118
66.5,0.877574329024,-0.656280596998
66.505,0.35033439814,-2.02428389902
66.51,-0.110526630781,-3.4862999638
66.515,-0.532732355275,-3.63220327732
66.52,-0.599175387255,-3.32332869586
66.525,0.172436798419,-2.10047164464
66.53,0.931755524978,-0.458675510801
66.535,0.771132582829,0.550277095619
66.54,-0.004781033058,1.12587648698
66.545,-0.856126142819,1.28180883611
66.55,-0.96940378649,-0.133817497681
66.555,-0.268778793589,-4.76960120901
66.56,-0.0566674249361,-12.304959425
66.565,0.0895961535131,-8.95165222305
66.57,0.478381544774,-5.84659991544
66.575,-0.393942127324,-2.16141421609
66.58,-0.82143133803,-0.385337493278
66.585,0.504933726893,-1.13068307294
66.59,0.464130798119,-2.18029467044
66.595,-0.783715814982,-1.37724037952
66.6,-0.351322252994,-1.80880652059
66.605,0.466915297179,-5.57714396116
66.61,-0.0713967775945,-10.1658192243
66.615,-0.419524857635,-5.65323939686
66.62,0.220512412643,-3.93861517108
66.625,0.528938560528,-5.4880006168
66.63,0.18314055813,-9.64154367286
66.635,-0.147816109762,-14.5375008304
66.64,-0.105774103334,-10.8290075939
66.645,0.395512550302,-5.92863135809
66.65,0.563786746391,-4.03840721105
66.655,0.0349857261252,-4.89951876345
66.66,-0.286577671047,-8.02924773944
66.665,-0.299669863855,-10.3491620465
66.67,-0.227450181805,-9.75481624437
66.675,0.263056466352,-8.3937047543
66.68,0.375654175141,-5.44896959846
66.685,-0.34914110058,-3.36622800715
66.69,-0.671649283192,-3.45704347513
66.695,-0.482242873196,-4.28559351194
66.7,-0.236516546524,-2.56388551296
66.705,0.515544636371,-1.17553452302
66.71,0.679352736337,-2.78231268679
66.715,-0.352250611698,-5.94261425017
66.72,-0.24033236138,-2.703792711
66.725,0.696871678566,-2.08104706003
66.73,0.185657483305,-12.7837641865
66.735,0.417958831718,-2.12865133125
66.74,1.62718185809,4.32057705454
66.745,0.543314111443,5.09376128832
66.75,-0.680271888057,1.57920282806
66.755,-0.497396854589,-2.42311785696
66.76,-0.983992802487,0.594554734677
66.765,-0.77946902011,-0.759955911179
66.77,-0.146658905863,-10.4162702044
66.775,-0.500006396213,-4.86794803925
66.78,0.041724195942,-2.27198585623
66.785,0.437019863434,-7.10543466199
66.79,-0.1634324714,-15.1141978721
66.795,0.322896022735,-4.53714748744
66.8,0.623433774747,-3.42506358039
66.805,-0.055539799357,-8.06933409398
66.81,0.0987881981896,-20.0976247693
66.815,0.250656457028,-4.65892313144
66.82,-0.586865278971,-1.45092417535
66.825,-0.686103036959,-2.49887700259
66.83,0.0579895155673,-9.44988937252
66.835,-0.131178881381,-15.2270039038
66.84,-0.246742305405,-7.79400917949
66.845,0.326341845847,-9.31998253455
66.85,-0.198542133716,-5.80445686137
66.855,-0.686304165357,-3.02607553568
66.86,-0.261802668406,-5.91361654785
66.865,-0.445657646541,-4.21215801362
66.87,-0.204699446839,1.85072072064
66.875,1.02488184779,3.7909959153
66.88,1.41239053011,2.99912005249
66.885,0.761702842873,0.131728732734
66.89,0.225492125353,-4.41734757426
66.895,0.131902596611,-8.10177803752
66.9,0.124117974107,-8.55667677504
66.905,0.0899877203007,-6.97163578919
66.91,-0.2032970555,-4.90867461639
66.915,-0.455512497295,-6.5183859616
66.92,-0.0402254276728,-17.7305784101
66.925,0.0513801405812,-10.7721532343
66.93,-0.320650944442,-7.84081241636
66.935,-0.278103841862,-10.9901817368
66.94,-0.389778448755,-8.05091011728
66.945,-0.49275536257,-4.69288799333
66.95,-0.111916093076,-4.52007122005
66.955,0.264766517953,-4.86117362465
66.96,0.60227051147,-3.84592821879
66.965,0.591600737134,-3.14563720891
66.97,0.0651163899745,-3.64880583057
66.975,-0.368261183413,-4.80188767382
66.98,-0.491700841705,-6.05410617251
66.985,-0.313374526202,-8.86731008407
66.99,-0.147609786798,-15.0952289982
66.995,-0.335454329381,-9.45037826962
67,-0.553616753758,-3.21479126987
67.005,-0.154874801242,0.699336833839
67.01,0.950561408412,2.76160589571
67.015,1.39000867262,2.9437564686
67.02,0.59784755038,1.54895375213
67.025,-0.336629306792,-0.766713063404
67.03,-0.582803804227,-4.68935568515
67.035,0.312491381475,-7.18710623815
67.04,0.452485037356,0.454518967883
67.045,-1.34023133091,4.33701920834
67.05,-1.39230425485,5.2896532667
67.055,0.70308740982,3.90144098352
67.06,0.975784339041,-0.0274730254876
67.065,0.0649744093106,-8.44175622031
67.07,0.128137015988,-16.2570258433
67.075,0.0338850581422,-8.91106042311
67.08,-0.268561376799,-10.2359713129
67.085,-0.143847589239,-16.0154096244
67.09,-0.475006056763,-6.44848719799
67.095,-0.307153040607,-1.77662541316
67.1,0.76681088136,-0.480799263443
67.105,0.659125556389,-1.7401185376
67.11,0.0125509657747,-4.7989238531
67.115,-0.314105509753,-3.85776081649
67.12,-0.916880158774,-0.740807381615
67.125,-0.352772150096,-0.540713920332
67.13,0.383544094282,-5.35826470853
67.135,0.00242456326603,-9.70765972273
67.14,0.879399758593,0.967880117487
67.145,1.38268354441,4.46717993135
67.15,-0.437339148978,4.70339029268
67.155,-1.24842255738,2.25295462358
67.16,-0.897614383631,-0.627099013657
67.165,-0.805462532935,1.2549208714
67.17,0.267138692192,2.15206412689
67.175,0.908971576496,-0.585847798923
67.18,0.192376626677,-9.90606359058
67.185,0.0442723246462,-15.7628114555
67.19,0.249912360302,-10.6958677889
67.195,0.389258196686,-7.54935310501
67.2,0.66678901714,-2.76497348241
67.205,-0.0554319786886,-2.02223053826
67.21,-0.586532995884,-4.43066472077
67.215,0.496745651888,-2.75941004
67.22,0.790521285322,0.112826840798
67.225,-0.19853733352,-0.517790030136
67.23,-0.442954319045,-3.89339855154
67.235,-0.686290134251,-1.40544703817
67.24,-1.26506213495,2.23638296302
67.245,-0.369698086619,3.11713894224
67.25,0.978854275551,1.66941147088
67.255,0.636540612324,-2.01387455503
67.26,-0.123562900995,-8.96220397126
67.265,0.0199885249354,-25.5199662163
67.27,-0.0360854076486,-8.3490189375
67.275,-0.635196322635,-3.43485214871
67.28,-0.624891634974,-1.727771168
67.285,-0.0492030571631,-2.21606405317
67.29,0.290812247649,-1.66896432358
67.295,1.02216464261,1.77374081536
67.3,1.4065430141,3.52634755707
67.305,0.249561542392,2.0719234054
67.31,-0.367633828913,-4.11983096544
67.315,-0.0345059979023,-9.57495801826
67.32,-0.227156230997,-5.56366409831
67.325,-0.302471635827,-7.1365710611
67.33,-0.497552452781,-4.11227304327
67.335,-0.688128972879,-3.04259625908
67.34,-0.0527734294775,-12.4173544177
67.345,-0.41779319107,-5.21224725698
67.35,-0.898121499687,0.532935633138
67.355,0.375540769702,-1.13043019245
67.36,0.0853138831727,-5.64080810737
67.365,-1.06218174223,1.10918643776
67.37,0.219025700539,2.1792553692
67.375,0.595462061062,-4.24630747616
67.38,0.0399654862039,-6.15232362846
67.385,1.12196184915,1.62025129432
67.39,0.682186241156,1.87599653167
67.395,-0.626794129296,-2.31207430956
67.4,0.0143368796268,-14.0139894871
67.405,-0.280109796964,-4.94016522759
67.41,-1.08573363412,2.33959970041
67.415,0.824413581832,5.50039661545
67.42,1.84249612957,5.62967788332
67.425,-0.281248388794,2.439977263
67.43,-0.494257277857,-2.7714685818
67.435,0.945710442445,-0.478451827407
67.44,-0.112396117198,-0.927785722298
67.445,-0.320838276255,-5.34858138214
67.45,1.01662025943,0.298979725712
67.455,-0.284525892428,2.78420006224
67.46,-1.05394614298,0.62953087059
67.465,0.347491551815,-5.32377612989
67.47,-0.0416991663251,-4.40798670749
67.475,-0.643438903767,-3.53834732718
67.48,0.140112978605,-7.33134648213
67.485,0.0423403735602,-25.064756123
67.49,0.143540221052,-7.24945141121
67.495,0.945557651098,-0.249669881461
67.5,-0.0106420364196,2.13368944981
67.505,-1.02739293066,0.553143907013
67.51,-0.177552720231,-9.04826780711
67.515,-0.257541327859,-6.68053620476
67.52,-0.825333911812,-1.26311350784
67.525,0.00883192375915,-3.95184751508
67.53,0.0430401865217,-25.1429562108
67.535,-0.322098293492,-7.02656999565
67.54,0.18319499529,-6.91155543477
67.545,0.115962786554,-16.4175670932
67.55,0.249586531173,-8.91437843762
67.555,0.405501841748,-5.31229892635
67.56,-0.535125310219,-3.4346203044
67.565,-0.430411740665,-2.75004531458
67.57,0.334322530087,-6.35877615273
67.575,-0.0514785967687,-25.6490395008
67.58,0.0221645271581,-4.1925439675
67.585,0.93730834843,0.0509431458835
67.59,0.785196034232,1.25781499385
67.595,-0.626118903342,0.887896358354
67.6,-0.830933026714,0.196279428505
67.605,0.723283397892,0.737452161245
67.61,0.922925194646,1.32746365325
67.615,-0.416843841596,0.304800119012
67.62,-0.713378398254,-2.92537329181
67.625,-0.139807323713,-8.91577868957
67.63,0.114385998936,-18.8127916554
67.635,-0.194279343789,-9.62331873438
67.64,-0.621322612662,-3.87529376727
67.645,-0.13972906468,-2.2734863113
67.65,0.457947073732,-5.24714696019
67.655,-0.0465751348752,-23.3582365669
67.66,-0.112588245257,-2.96202979583
67.665,0.971826064619,1.86964560045
67.67,1.41210611415,3.36245044952
67.675,0.543049664631,3.14266982264
67.68,-0.565644394516,1.4634234096
67.685,-0.730849636624,-2.6207316795
67.69,-0.142618946422,-13.3902785336
67.695,0.0148554154275,-14.3705716303
67.7,-0.20234270104,-9.52787328964
67.705,-0.276362854435,-8.53889301443
67.71,-0.588082534485,-3.67708224138
67.715,-0.972500920571,0.0965438120766
67.72,-0.418979096202,1.31812098287
67.725,0.587801947784,-0.73012505352
67.73,0.206423993232,-11.0836725547
67.735,-0.507616500887,-2.35984216719
67.74,0.789493655642,3.60078885674
67.745,1.63215456952,4.40309599305
67.75,0.145623983399,0.189423071468
67.755,0.0408555203776,-13.5300276328
67.76,1.17427148543,2.15017942061
67.765,-0.0830421310377,4.94972379381
67.77,-1.36487159471,3.26056105096
67.775,-0.418953164108,-3.62416587634
67.78,0.24154415204,-10.409947425
67.785,-0.333996013044,-1.12756873773
67.79,-1.37921696802,3.21857129204
67.795,-1.46996562052,5.27984310768
67.8,0.180271184383,4.65114509453
67.805,0.94133565185,0.365901444552
67.81,0.286963618615,-10.8432944538
67.815,0.337471906917,-7.7083930936
67.82,0.387991153338,-8.1029987191
67.825,0.246963768602,-11.8115133117
67.83,0.813132588443,-1.6822002681
67.835,0.464975242931,3.17278911438
67.84,-1.38533506892,5.49120577678
67.845,-1.80875049044,5.9503442506
67.85,0.0155249010155,4.13213573981
67.855,0.696330199214,-2.27518712082
67.86,-0.175778391246,-10.9297671061
67.865,0.35449495782,0.902163217884
67.87,1.30935612941,2.53276297424
67.875,0.769373418308,-0.633498538361
67.88,0.653885747452,-2.6036633533
67.885,0.729382493252,2.98217784515
67.89,-0.86447808599,4.81667825065
67.895,-1.42858283561,3.22208719209
67.9,0.00913089587781,-1.99381924953
67.905,0.277159029905,-9.23692941246
67.91,-0.435314036438,-6.60041434534
67.915,-0.300825749538,-5.63594649333
67.92,0.248816038489,-6.49538983122
67.925,0.39237875038,-7.90287521416
67.93,-0.0448848432224,-9.66215042148
67.935,-0.271657124432,-10.9397193243
67.94,0.111436564928,-11.4629595167
67.945,0.17713068216,-14.4609552647
67.95,0.01911278376,-34.3435706511
67.955,0.257191259765,-11.6552381795
67.96,-0.00920014081142,-7.30886959658
67.965,-0.433220031483,-7.21617929661
67.97,0.239589735573,-6.94255735356
67.975,0.423939291533,-4.4849639691
67.98,-0.332818698179,-4.58985888399
67.985,-0.334810432743,-9.49923039638
67.99,-0.304482285612,-10.085623643
67.995,-0.467304458604,-5.09456811415
68,0.0749720822209,-4.97700160463
68.005,0.325096185928,-9.04341940559
68.01,0.190230197427,-14.1056479239
68.015,0.375391995822,-8.41080700077
68.02,0.219398066719,-5.77726789443
68.025,-0.179837776377,-6.32949106915
68.03,-0.307549003781,-6.44386887594
68.035,-0.71356120625,-2.27343497138
68.04,-0.913122887968,0.401668892599
68.045,0.0033836744298,0.000308430429822
68.05,0.544154766022,-4.75800543866
68.055,-0.107055256472,-15.6095393563
68.06,-0.113409775281,-7.70244201665
68.065,0.180010043067,-12.7624264702
68.07,-0.29628840676,-7.70712487302
68.075,0.372765273153,0.641246054178
68.08,1.25442458946,1.97193819111
68.085,0.0821670220521,-2.47900903626
68.09,-0.0782684967626,-6.9510807976
68.095,1.15204059042,1.2470908852
68.1,0.204591342099,2.36878931141
68.105,-0.790556398665,-1.453726961
68.11,0.0327736003016,-12.3705580844
68.115,0.132502029619,-7.2455825535
68.12,-0.421778813886,-5.12140175321
68.125,-0.545116207297,-5.09415690326
68.13,-0.180842582356,-4.86552701191
68.135,0.436032005927,-5.89775963565
68.14,0.144955676792,-9.62355104825
68.145,-0.142521094918,-15.4813917904
68.15,0.34743752064,-9.1227951324
68.155,0.0356358849515,-6.63606048184
68.16,-0.349481721051,-9.10964863673
68.165,0.12051972703,-14.2291573288
68.17,0.124867904176,-8.86517538133
68.175,-0.433914153432,-5.50739281534
68.18,-0.473895859978,-4.41968164943
68.185,0.347732667706,-5.0384271154
68.19,0.243355415269,-4.23935915761
68.195,-0.974182443677,-0.203292717549
68.2,-0.0548647395213,2.47374497789
68.205,1.3453786398,2.65055631464
68.21,0.270363914511,-0.612664556831
68.215,-0.146076931684,-14.9124425052
68.22,0.361932815988,-5.44898016795
68.225,-0.281827789618,-1.91797791546
68.23,-0.52319767556,-4.10104464245
68.235,-0.774658822831,-1.34244552859
68.24,-1.24293153261,2.57587025968
68.245,-0.163389566275,2.8728228222
68.25,0.818262405388,-0.047736705579
68.255,0.449212623235,-5.95738097024
68.26,-0.0640377213284,-13.3533761178
68.265,-0.173629378675,-12.8011045371
68.27,0.197540016458,-11.291451017
68.275,0.00018182909287,-9.63504955315
68.28,-0.754148726807,-2.21781326928
68.285,-0.039359669542,1.5365996235
68.29,1.09745334145,1.66479750389
68.295,0.635435099485,-2.30232386334
68.3,0.189263769023,-12.2545918298
68.305,0.43352084318,-5.78762476301
68.31,-0.109142814876,-5.46973250426
68.315,-0.186440151518,-8.9008148478
68.32,0.955164868955,-0.392919127664
68.325,0.379973337996,3.77804957508
68.33,-1.43723481315,4.58207637113
68.335,-1.09493273913,2.93855244093
68.34,0.299856445953,-0.720512303069
68.345,0.510732527682,-5.78789823713
68.35,-0.149369596662,-8.8385877594
68.355,-0.447291435332,-4.55625863975
68.36,0.507625066463,-0.492352695092
68.365,1.15493725944,1.53805687982
68.37,0.223429439591,1.94363056025
68.375,-0.891409329735,1.51957185153
68.38,-1.07410167525,1.01351973218
68.385,-0.0905892453801,0.192989457073
68.39,0.849905947346,-1.17207162848
68.395,0.173519040681,-2.09683404258
68.4,-0.681293824255,-2.75159295574
68.405,-0.452471789462,-4.94411948386
68.41,-0.319081723871,-5.28567421549
68.415,-0.0819688640952,-0.558987967292
68.42,0.915276454292,2.57029065785
68.425,1.61555475194,4.16643424464
68.43,1.3184770645,5.33725181362
68.435,-0.0500707673789,6.20485103582
68.44,-1.58459132684,6.0462102793
68.445,-1.57703848601,4.27585878613
68.45,-0.273848732279,0.0157830941878
68.455,0.341003270943,-9.27746823256
68.46,-0.840048219779,0.0832968033832
68.465,-1.43032147226,5.29854701664
68.47,0.726883424702,6.66638013932
68.475,1.78398423179,5.04756442713
68.48,0.0631196966613,-0.170226471781
68.485,-0.212510382916,-11.1722824139
68.49,0.488376866391,-5.25812371064
68.495,-0.440564891726,-1.87194522622
68.5,-0.714472438509,-1.59498836669
68.505,0.271843028708,-4.55175527164
68.51,0.0856288951246,-11.4661294395
68.515,-0.631900118255,-3.17398784833
68.52,0.129588895084,1.62292911373
68.525,1.36460382423,3.36085589082
68.53,1.16960362143,3.27336591269
68.535,-0.14863656056,1.75593865577
68.54,-0.859109826973,-1.01921784882
68.545,-0.2918655672,-3.42524060417
68.55,0.53483506856,-2.55402202408
68.555,1.04348842245,0.572183157929
68.56,0.47024322553,3.28051561783
68.565,-1.1145915578,3.67326942967
68.57,-0.884223328707,0.344432853013
68.575,0.374119415708,-8.14649330013
68.58,-0.500167598166,-0.594136257959
68.585,-1.25154267832,2.446387433
68.59,-0.0602966851529,1.37881769683
68.595,0.58656418954,-3.04701945798
68.6,0.333958367994,-9.46150916838
68.605,0.0807718612071,-13.6815716039
68.61,-0.28245540236,-10.2070808304
68.615,0.35529785599,-3.62066377741
68.62,0.698800830739,-1.2592239337
68.625,-0.738460576869,-0.74418462914
68.63,-0.259534247772,1.53966797089
68.635,1.64570836282,4.36826299629
68.64,0.375061823446,5.36820836555
68.645,-1.42051316021,3.89859474222
68.65,-0.600177185407,-1.35861620647
68.655,-0.0990107990812,-19.6101050698
68.66,-0.721970957991,-2.26822187182
68.665,-0.0372777892018,1.30817388895
68.67,1.11499518869,1.37523577956
68.675,0.388641704991,-0.432790689987
68.68,-0.728953043393,-2.19526879319
68.685,-0.273740615629,-3.49343794497
68.69,0.225318779467,-7.97170354743
68.695,0.0796074249993,-8.02423317281
68.7,0.800974530119,-0.233156150931
68.705,1.12803168364,2.57865621728
68.71,-0.480662355902,2.10354517308
68.715,-0.816055786413,-0.0771098452101
68.72,1.04443122349,1.58969941053
68.725,0.817491812436,4.32340417582
68.73,-1.25701738381,4.78849581885
68.735,-1.24712013273,2.93182536942
68.74,0.044894612055,-1.11981762255
68.745,0.406332835413,-6.44400177325
68.75,0.335417569317,-8.97903242014
68.755,-0.0186334556649,-7.9104699483
68.76,-0.49054443411,-6.18485596424
68.765,-0.0174380575238,-4.73832065627
68.77,0.678035005843,-3.36327374778
68.775,0.107354976678,-2.58880526126
68.78,-0.607397957315,-4.10095962177
68.785,0.131941470958,-9.11035516116
68.79,0.261167071447,-1.4731604297
68.795,-1.41627310575,4.166364169
68.8,-1.61506337801,6.25406404429
68.805,0.23803042699,5.75495879044
68.81,1.13328276627,3.11765047982
68.815,1.0711170663,0.947042851445
68.82,1.29594352515,2.3820283833
68.825,0.789843015246,3.08029007199
68.83,-0.386892639238,1.29331257724
68.835,-0.664996916435,-2.829516266
68.84,-0.506198357499,-5.68599719802
68.845,-0.147817680641,-4.3918630571
68.85,0.773984282622,-1.76056402975
68.855,0.424863427993,0.246895108729
68.86,-0.893556144814,0.417068107797
68.865,-0.494728686505,-0.706415828162
68.87,0.797451257433,-0.959020847897
68.875,0.508418484342,-0.185333008971
68.88,-0.621866629791,-0.791079002092
68.885,-0.539320208937,-4.70889992815
68.89,0.0079436431874,-18.6967983668
68.895,-0.170476709089,-13.6098987776
68.9,-0.187510604774,-14.2184746477
68.905,-0.174295951202,-13.622222276
68.91,-0.550165984426,-5.08638386344
68.915,-0.248622673857,-3.15914297511
68.92,0.373053511998,-4.87981170978
68.925,0.400465427408,-7.76626670742
68.93,0.117944040795,-5.98053735547
68.935,-0.754951071265,-0.646761080155
68.94,-1.23766435584,3.1618425228
68.945,0.147619562086,4.2498855043
68.95,1.18307812667,2.10259024311
68.955,0.359381401371,-6.26600273302
68.96,-0.0209201610046,-8.03834327013
68.965,0.868740167338,0.0847084629218
68.97,0.976623290132,0.938129151973
68.975,0.00382080916446,-4.21289582167
68.98,0.251858604904,-11.1811634823
68.985,0.788828355133,0.427985672189
68.99,-0.474823021916,1.71080834061
68.995,-0.69327807144,-2.40476954433
69,0.736127594859,-2.51307644067
69.005,0.2034452746,2.51394709675
69.01,-1.25791152168,3.17689993279
69.015,-0.796230366072,-0.370574630261
69.02,-0.0314764688844,-16.560309791
69.025,-0.638062044434,-3.59369721899
69.03,-0.813032719557,1.04671645928
69.035,0.253816727757,0.701249369492
69.04,0.491260422232,-4.89622874071
69.045,0.243231523493,-4.74081006888
69.05,1.32923557309,2.83870025715
69.055,1.15073696686,5.52196354185
69.06,-1.06857144757,5.32792755658
69.065,-1.26162758672,2.43638666059
69.07,-0.136936750221,-3.76729159767
69.075,0.0398465369738,-7.27786538306
69.08,0.618527258299,-3.43501635427
69.085,0.354872918021,-1.06853696773
69.09,-0.888199918465,-0.2798449405
69.095,-0.315142504429,-2.30780224485
69.1,0.362741566755,-8.80770424874
69.105,-0.472924409551,-5.83883860951
69.11,-0.262777225392,-2.03854478853
69.115,0.659425256741,-2.8909124975
69.12,0.0242590530685,-6.42911784503
69.125,-0.496105857497,-4.85634532004
69.13,0.27356936072,-3.96315868975
69.135,0.304128491576,-10.3341219559
69.14,0.0468282889839,-10.2406048123
69.145,0.729067250773,-2.18767490815
69.15,0.511243863669,-1.99451023493
69.155,-0.270880465249,-9.32660648867
69.16,0.43230673191,-5.64000631388
69.165,0.682262311375,0.218426278916
69.17,-0.577400469746,0.371753928559
69.175,-0.545702134093,-3.9008869558
69.18,0.436785764694,-6.91060346391
69.185,0.0992048395436,-3.79332465916
69.19,-0.421416693073,-4.61488117635
69.195,-0.530774452304,-4.98342175457
69.2,-0.645661672062,-2.84964072584
69.205,0.166630861627,-3.33599156524
69.21,0.541042646208,-4.08506423181
69.215,-0.425592164873,-2.63987402474
69.22,-0.626862747913,-3.85727731214
69.225,-0.313843562724,-7.90873725777
69.23,-0.318235421586,-6.39341231736
69.235,-0.0508388265453,-6.75543382039
69.24,-0.0200081355644,-9.56750094889
69.245,0.0905232053584,-5.02359537199
69.25,0.587093929353,-3.29287487271
69.255,0.484069443115,-5.16046470755
69.26,-0.0940325414565,-9.01917049373
69.265,-0.333672445502,-8.63916900778
69.27,0.129624233911,-5.60554789589
69.275,0.476263261942,-6.40173080359
69.28,-0.0378556124705,-17.2128173806
69.285,0.0513318987113,-5.40239818828
69.29,0.899479118265,-0.620138488083
69.295,0.506875845607,-2.15905863341
69.3,0.0233730194715,-32.0843801686
69.305,1.09629556488,0.801966295662
69.31,0.76714549876,5.65658480533
69.315,-1.3492515153,5.9295436974
69.32,-1.13913966468,1.917364227
69.325,0.272146510392,-9.66543484261
69.33,-0.34487874061,-2.21988633196
69.335,-0.85663033871,-1.26131980327
69.34,-0.0776639722119,-11.2450611967
69.345,-0.444730527879,-4.28633681874
69.35,-1.11764471064,1.63097739581
69.355,0.0219219345107,0.608313634583
69.36,0.296472339786,-9.93128183687
69.365,-0.947434947969,-0.32623483753
69.37,-0.266038857531,3.68051351117
69.375,0.882914405906,1.86462305472
69.38,0.528275149958,-3.43181228287
69.385,1.0578597583,1.98547493404
69.39,1.51600925856,4.15708820073
69.395,0.186506959002,1.6168343503
69.4,-0.321901741447,-8.92834294618
69.405,0.462249135634,-6.6881955135
69.41,0.458515516376,-1.13585179007
69.415,-0.446227450355,-0.606058831852
69.42,-0.652599195496,-3.0125530085
69.425,0.755352295498,-0.969794792629
69.43,0.896606854543,4.33866123299
69.435,-1.282762157,6.12782510627
69.44,-1.59665889591,4.39008837737
69.445,-0.263467763708,-1.80577804073
69.45,-0.135219697439,-10.8964788037
69.455,-0.120187880674,-9.7287487162
69.46,-0.213135572658,-12.088071506
69.465,-0.422381837097,-1.08318817194
69.47,0.971142391856,3.70400893408
69.475,1.85873725441,6.15480238842
69.48,-0.363064837758,7.60933657878
69.485,-2.55031814274,8.26692189614
69.49,-1.42479262652,7.89570366741
69.495,0.775848058808,6.4615460794
69.5,1.58634467542,4.61013826471
69.505,1.29719061833,3.03710680747
69.51,0.236473338835,0.287264014325
69.515,-0.303466986816,-9.11136738922
69.52,0.636907809288,-3.84616903729
69.525,0.758692050045,3.88508198452
69.53,-1.18441020429,6.85123956058
69.535,-2.35694662367,7.44789278513
69.54,-1.19231531897,6.16773989572
69.545,0.218343642752,3.16484812742
69.55,0.49782089855,-1.44721162999
69.555,0.295214271276,-3.42116746684
69.56,0.821256243126,1.54633417272
69.565,1.63792842837,4.32334169988
69.57,0.464210991997,4.09381191811
69.575,-1.11664645763,1.49102136646
69.58,-0.0295946374668,0.144046034542
69.585,1.06363153787,0.536543626468
69.59,0.23816895591,-2.38963896768
69.595,-0.0328619220471,-11.7486542353
69.6,0.0563531431885,-8.15212600612
69.605,-0.26365297389,-9.68779893782
69.61,0.123240415407,-18.0476369578
69.615,0.0586991707507,-6.40202202369
69.62,-0.386569887064,-7.92472552961
69.625,0.263868851186,-10.9048146135
69.63,0.267548607103,-1.297357312
69.635,-0.803905518713,1.59732571207
69.64,-1.26139318032,2.01747555272
69.645,-0.920330230392,1.90237951456
69.65,-0.0042345653748,0.542601647694
69.655,0.408230574477,-4.32125784441
69.66,0.189800739057,-8.16207706595
69.665,0.580834566111,-3.30507700278
69.67,0.656855857717,-2.71366350921
69.675,0.0487604038728,-4.51393589067
69.68,-0.460987022105,-5.58950770837
69.685,-0.292987827734,-3.77397673759
69.69,0.996720232405,0.462655669713
69.695,0.538648933643,3.85789397207
69.7,-1.59220537472,4.97822535796
69.705,-0.766538627486,3.11986046305
69.71,0.566604948944,-4.08707487293
69.715,-0.56054808769,-4.80731079958
69.72,-0.111567439401,1.77589419307
69.725,1.37551654076,2.99207815069
69.73,0.404950051053,1.33509135687
69.735,-0.687755933895,-2.80210471914
69.74,0.189846114379,-6.75943337413
69.745,0.434943776176,-1.33716406011
69.75,-1.18942588799,3.0478907985
69.755,-1.21393958138,4.7744588147
69.76,0.848438964749,3.69467668083
69.765,0.723996766092,-1.38624054583
69.77,-0.429722136381,-7.33218959125
69.775,0.308884049462,-4.4447037719
69.78,0.0619227184969,-13.2631801238
69.785,-0.41722627771,-0.189031882502
69.79,1.34435202039,5.01788361957
69.795,1.5660820147,4.51058331787
69.8,0.582659261337,-1.42184560449
69.805,1.2314077227,3.22112217617
69.81,0.412290986328,7.4484850197
69.815,-1.69448897586,7.47700978041
69.82,-1.62925039214,4.30603168777
69.825,-0.691529630801,-1.05456641507
69.83,-0.43000077184,-1.88014927845
69.835,0.545941049219,0.438141945878
69.84,1.4052143098,3.71104827385
69.845,-0.252365440818,6.51391574479
69.85,-2.09281503361,7.05528572827
69.855,-1.67115471842,5.17865434823
69.86,-1.16773195027,4.08078382966
69.865,-0.568950387817,5.81873054209
69.87,0.923922238917,5.72356485377
69.875,1.31032103272,2.8251018397
69.88,0.918391710117,-0.680053399918
69.885,0.626842333774,-1.87215089572
69.89,-0.0855255722265,-4.79044519122
69.895,-0.324558129593,-9.74631516864
69.9,-0.0431794386822,-11.1252229091
69.905,0.168182202972,-8.37034580954
69.91,0.516107682954,-5.23994629757
69.915,0.4338241684,-5.93545049591
69.92,0.149580553509,-11.3031366105
69.925,0.258436911866,-9.06210458087
69.93,0.0185142073664,-4.72707078126
69.935,-0.624399814615,-3.10677246002
69.94,-0.506279895174,-2.19217803098
69.945,0.542754076395,-1.44403384184
69.95,0.656637875161,-2.29078917088
69.955,-0.280304017846,-7.149643939
69.96,0.153941330311,-6.01375584824
69.965,0.912876855638,-0.232518853947
69.97,-0.0495544656845,0.399541744474
69.975,-0.535284007418,-4.60369280338
69.98,-0.0549650912244,-12.8979832014
69.985,-0.549756366901,-3.29846445461
69.99,-0.481567815531,-4.18967173109
69.995,0.295907302117,-10.5571147667
70,-0.528758710079,-1.66903429159
70.005,-1.02073916496,0.986775826621
70.01,-0.0351882623297,-1.35782298983
70.015,0.1171603646,-9.85159670391
70.02,-0.0367112216845,-5.09193229767
70.025,0.544971466113,-1.42942067972
70.03,0.884240528337,-0.938968215298
70.035,0.955761712479,0.227553356436
70.04,0.62216842312,2.48004196857
70.045,-0.594131647616,3.59302469174
70.05,-1.33322377652,2.72070786252
70.055,-0.709966206586,-0.832741403992
70.06,-0.08989547451,-10.5279652571
70.065,-0.410653023069,-7.62253272726
70.07,-0.819792229248,-0.303868939784
70.075,-0.129679207595,2.28815421538
70.08,1.0252428854,2.23703459299
70.085,0.849111571811,-0.229221942213
70.09,-0.29936608958,-3.83341728974
70.095,-0.596615137623,-3.0044643499
70.1,0.0801033035206,-0.441970142537
70.105,0.981740286206,1.69207859261
70.11,1.31279553366,2.78212912626
70.115,0.171538501557,1.2730211494
70.12,-0.540866286324,-5.00225276733
70.125,0.251581582494,-10.3949110291
70.13,0.0288394181721,-9.04438233209
70.135,-0.0909022350082,-7.49316505278
70.14,1.15812647202,1.35326235061
70.145,0.843016869989,4.12813743316
70.15,-0.479449278782,3.30467143267
70.155,-0.870690662831,1.53201390956
70.16,-1.22957571018,2.2320939429
70.165,-1.13667068631,1.79647590212
70.17,-0.402958183204,-2.66951785173
70.175,-0.434871350952,-5.18522931626
70.18,-0.405577560645,-1.05625868584
70.185,0.224271180142,-2.857163097
70.19,-0.0287935941181,-9.64082906817
70.195,0.0742943969555,0.181622181421
70.2,1.2457330293,3.02411066916
70.205,0.932310093575,0.63933837397
70.21,0.320189098255,-8.5131623861
70.215,1.05564648233,1.33031904646
70.22,0.11537988941,5.52479672562
70.225,-1.73967594611,5.84246376868
70.23,-1.15417797295,3.02317977468
70.235,-0.156249259447,-3.80076264178
70.24,-0.310722098497,-4.19668594059
70.245,0.184559849842,-0.00245116178339
70.25,0.959509930984,0.471368966423
70.255,0.773267110796,-1.29038160222
70.26,0.263092470881,-3.15224940155
70.265,-0.334260556139,-2.81125911466
70.27,-0.798110890131,-1.7785431351
70.275,0.17296586204,-0.921557396511
70.28,0.872695473101,-0.85078190728
70.285,-0.362297076902,-2.09416700426
70.29,-0.488492593524,-3.00785902203
70.295,0.466927053077,-3.72531480527
70.3,0.500755174193,-5.96077668017
70.305,0.898347910985,-0.565741214592
70.31,0.328922278489,3.35975490253
70.315,-1.19922488677,3.09072714268
70.32,-0.500345204988,-2.82224273561
70.325,0.211337725785,-8.02592171082
70.33,-0.895983516854,0.700849120964
70.335,-1.20733674913,2.55923371724
70.34,-0.26522067613,2.57402121869
70.345,0.924983617325,1.9756434937
70.35,0.804730630354,0.0615984666151
70.355,-0.741125404847,-0.962067346399
70.36,-0.422498716431,1.29123477759
70.365,1.15558693511,2.1831609858
70.37,0.570775897306,0.453550291964
70.375,-0.600324349969,-3.67724204219
70.38,0.181867173935,-4.23936823138
70.385,0.805530778153,-0.596287016277
70.39,-0.475664056781,1.08639301277
70.395,-1.06777712663,0.755440422726
70.4,-0.164306761937,-1.16140499903
70.405,0.472313760238,-3.20818478755
70.41,0.650885261881,-3.6126021293
70.415,0.04169103858,-3.69140940369
70.42,-0.714550546452,-2.91192635398
70.425,-0.146952314308,-0.872321912501
70.43,0.927971444285,0.57417552856
70.435,0.842300754824,0.124174740229
70.44,0.00345003903372,-4.9655186051
70.445,0.372682457028,-7.3106754275
70.45,0.249463690543,3.02099340777
70.455,-1.82326991072,6.54425344847
70.46,-1.69971966805,7.14273593247
70.465,0.83772064507,5.84332801699
70.47,1.43326914583,3.21289078625
70.475,0.228956058218,-0.680394210884
70.48,-0.218090696796,-6.85764720605
70.485,-0.217881330564,-4.71987450119
70.49,-1.15226365554,1.45441716979
70.495,-0.742002563381,4.07290654679
70.5,1.36482255259,4.2140034601
70.505,0.651102098427,2.61007649497
70.51,-0.930583861948,-0.223810418825
70.515,0.0169119594722,-5.31837246912
70.52,0.0770865994406,-11.6623173119
70.525,-0.374988606827,-7.15427186366
70.53,0.237562610654,-8.98712222906
70.535,-0.0915711013228,-18.0073332576
70.54,0.0412625731058,-7.00147238494
70.545,0.547001556091,-4.87568933753
70.55,-0.355650240108,-4.72199768429
70.555,-0.410615166207,-3.9904271688
70.56,0.289199051005,-6.13517717956
70.565,0.182961048493,-13.0693129404
70.57,0.281488125766,-8.2770406437
70.575,0.526616278023,-5.25334207683
70.58,0.866158189619,-0.986637609771
70.585,0.498828484048,2.86443136555
70.59,-1.2075413747,4.09428668065
70.595,-1.12062424031,2.79156548988
70.6,0.275809719177,-1.52014650763
70.605,0.160196779344,-8.03106345896
70.61,0.868965913387,1.64228422576
70.615,1.91653881958,6.1582186009
70.62,0.352845864031,6.96399650704
70.625,-1.11771739757,4.71634936069
70.63,-1.0465243203,1.52324894344
70.635,-1.25280898002,2.17514328088
70.64,-1.09944174106,1.24750555201
70.645,-0.792352756144,-1.60990036753
70.65,-1.37001513174,3.26669977991
70.655,-1.04932755627,6.28560350848
70.66,0.418750857409,5.63572300042
70.665,0.710672772418,1.79934421599
70.67,0.67493646171,3.11278656838
70.675,1.88947013944,6.63920830766
70.68,2.00516462982,6.50471192068
70.685,0.775768371063,2.74030178912
70.69,0.554338048745,0.543940133369
70.695,-0.0492571750953,2.7264787524
70.7,-1.05224394452,1.17716611971
70.705,-0.183912644058,-3.70694542218
70.71,0.647672850035,-3.76830978712
70.715,0.414789510027,-3.17213949778
70.72,0.152788194381,-0.501152056016
70.725,-0.789587824432,1.76392534351
70.73,-0.937485731556,-0.249117289692
70.735,0.189238963594,-9.84349624301
70.74,-0.165988950509,-2.5354574151
70.745,-1.09124769985,0.790653659459
70.75,-0.473553293436,-1.11059682397
70.755,0.119478222006,-8.2151477704
70.76,0.0445260461265,-19.4576722687
70.765,-0.015482080359,-17.7160277894
70.77,-0.582146311728,-4.53400798823
70.775,-0.506782691146,-0.920085119331
70.78,0.390026207071,-4.26029177101
70.785,-0.359612017581,-8.03181320132
70.79,-0.683802083661,3.54272374414
70.795,1.50431329066,6.67988891287
70.8,1.72834830379,5.55906174715
70.805,-0.0815921406025,-1.7064252952
70.81,0.454268983467,-6.02943280674
70.815,0.969705267999,2.99375373434
70.82,-0.584946947642,4.28246438155
70.825,-1.36987807575,2.93802282941
70.83,-0.917372894534,1.27421101805
70.835,0.0589397040611,0.030631720536
70.84,0.6806748007,-2.62953141613
70.845,0.337689003756,-8.64477820449
70.85,0.396193416408,-7.26262559705
70.855,0.07120438156,-3.14183516863
70.86,-0.550583701145,-4.97065439392
70.865,0.305307540724,-9.29615838002
70.87,0.0205506355811,0.890345081296
70.875,-1.67493395586,4.76318974676
70.88,-1.02810108178,4.90475355913
70.885,0.492910346001,1.44600821233
70.89,0.306739936039,-7.17385268188
70.895,0.304273201945,-2.34012896539
70.9,1.11890369156,1.42025089966
70.905,0.955759197903,1.57205295876
70.91,-0.0180211394374,-0.194644837221
70.915,-0.627097341536,-2.29490521475
70.92,-0.609797092899,-3.18530667217
70.925,0.164909676215,-2.88550456601
70.93,0.662745306513,-3.56148087272
70.935,0.180282050028,-10.4006765972
70.94,0.484949182687,-6.09742039486
70.945,0.886868657184,2.22788293599
70.95,-0.665595451308,4.82198430955
70.955,-1.61212680772,4.15393712463
70.96,-0.504479795605,0.53908169162
70.965,0.308159219197,-6.55715067691
70.97,0.0212814046025,-11.4395881991
70.975,-0.598024475297,-4.46320767925
70.98,-0.128892178728,-2.04185461138
70.985,0.774593137014,-2.21792586379
70.99,-0.415063499655,0.741445383795
70.995,-1.56654834097,4.25060615362
71,-0.304082834485,5.32431093481
71.005,1.10326034756,4.99884620008
71.01,1.87064598193,5.60869288748
71.015,1.60813218571,6.4641187117
71.02,-0.392535672286,5.46416490282
71.025,-1.17191665253,1.63906106883
71.03,-0.50094859665,-5.11430130025
71.035,-0.565037702578,-2.75675197338
71.04,0.271125511627,1.35444519356
71.045,1.30656930144,2.35343077722
71.05,0.492725106845,0.074887900808
71.055,-0.0928003093815,-6.05583411838
71.06,-0.106655548941,-7.35643115712
71.065,-0.343740398509,-9.04488928147
71.07,0.33691206346,-8.37912877213
71.075,0.538615214349,0.537280730429
71.08,-0.842077209012,3.48542749619
71.085,-1.4048303405,2.95401177514
71.09,-0.677380522571,-0.45085771923
71.095,-0.328245707118,-3.9147542464
71.1,-0.109328173546,-3.17989592893
71.105,0.351249768256,-5.39162842074
71.11,0.0206089837439,-32.3551192455
71.115,-0.0858828650208,-4.94150029396
71.12,0.817697949392,-1.30301411093
71.125,0.137394755339,-1.79831766317
71.13,-0.77315938189,-1.85223951859
71.135,0.525558962636,-1.38819836769
71.14,0.286371274803,-1.96642454617
71.145,-1.1533544501,1.34832627876
71.15,0.20181253207,4.5055200618
71.155,1.73260226047,4.99762843848
71.16,1.06192936865,3.25784233112
71.165,0.126157886161,0.949996883272
71.17,-0.544492515418,-0.342333091019
71.175,-0.631610968014,-3.95119480682
71.18,0.22905817375,-12.2930383629
71.185,-0.169208446981,-0.868735401933
71.19,-1.38239233378,2.83383745964
71.195,-0.512722836794,2.67370954465
71.2,0.643000607394,-0.956639856074
71.205,0.329288194196,-9.6372107055
71.21,0.361870677007,-8.40393370497
71.215,0.374472126222,-6.2419509995
71.22,0.00211649772799,-12.6513092574
71.225,0.316437327617,-6.47600734311
71.23,-0.537168029515,1.42073632165
71.235,-1.58159532855,4.43830516774
71.24,0.528032869048,4.76268577318
71.245,1.33166131438,3.71237738492
71.25,-1.13674437934,3.43429256621
71.255,-0.675137653181,3.3250384921
71.26,1.06493251564,0.927016272829
71.265,-0.241839413371,-2.82297992749
71.27,-0.519384181189,-0.751662930748
71.275,0.788759157715,-0.404133197761
71.28,0.333482869978,-6.4970576494
71.285,0.0852896638483,-12.1200525178
71.29,0.746186943454,-2.51186889646
71.295,0.206113441223,-2.07573195773
71.3,-0.408657489955,-6.20355745425
71.305,-0.0987991899984,-12.5812725633
71.31,0.358963885208,-8.63421301025
71.315,0.405811601886,-3.6238340174
71.32,-0.447021574293,-1.67271697869
71.325,-0.613742622806,-2.81318477241
71.33,0.639856375535,-2.76498194176
71.335,0.279059259141,0.766177998112
71.34,-1.19738592339,2.05553481066
71.345,-0.429919973237,0.589748292994
71.35,0.708889377384,-2.45393619104
71.355,0.162000154302,-5.28224726966
71.36,-0.216753249175,-10.5877891001
71.365,-0.0216547201436,-14.5480890864
71.37,-0.195762269218,-5.34863681061
71.375,-0.811628041359,-0.442637418073
71.38,-1.31743606514,2.58855351926
71.385,-0.793510046448,3.8044451646
71.39,0.411187274763,3.20217019605
71.395,0.995247664637,1.03794519091
71.4,0.692646969872,-2.55832443679
71.405,-0.125454911247,-8.57990613453
71.41,-0.274612439678,-4.25744969719
71.415,0.836848852596,0.0292694731303
71.42,0.549227568174,-0.728046740068
71.425,-0.756065649994,-2.42833806377
71.43,0.411269019712,1.99235124349
71.435,1.41835614998,3.04271590554
71.44,0.686370073974,-0.285042492617
71.445,0.719126713477,0.883034770592
71.45,-0.192245433093,4.04800443145
71.455,-1.24414121396,2.30468620413
71.46,-0.148590563794,-8.19778616993
71.465,-0.051375944795,-5.64679756489
71.47,-0.661192791169,-3.54749536958
71.475,0.0557065806566,-16.3404055987
71.48,-0.177515102309,-2.70969071102
71.485,-1.15214434309,1.48676835124
71.49,-0.93208887601,1.16937132849
71.495,-0.302966752151,-1.39941873634
71.5,-0.0645698467053,-4.59410011733
71.505,-0.16307596216,-5.02846509722
71.51,-0.0816482615526,-0.127562374766
71.515,0.858795146057,3.00217720011
71.52,1.42490222099,3.08290313304
71.525,0.284583255699,-0.789839933897
71.53,-0.456101017638,-5.58371649734
71.535,0.852787584817,1.67764313319
71.54,1.44574085631,3.88629810761
71.545,0.13195884355,1.18194690622
71.55,0.00718342036819,-15.919140506
71.555,0.851793946532,1.25092683202
71.56,-0.382358023897,5.57335986517
71.565,-1.79344985096,5.45769246073
71.57,-0.869231061102,2.16875435508
71.575,0.485840645701,-2.66662082797
71.58,0.640310417687,0.0413528105851
71.585,-0.842945526659,5.33081056744
71.59,-2.60049582213,8.32450912421
71.595,-1.75838702089,8.96188510528
71.6,0.414403835229,7.77532148165
71.605,1.56739398833,6.25706057112
71.61,1.85503929162,5.38268305315
71.615,0.731753550605,3.31965133876
71.62,-0.444207395896,-2.25859325796
71.625,-0.0556213294859,-22.2243271035
71.63,-0.166313828284,-5.36646659351
71.635,-0.844487153781,-1.44608464582
71.64,-0.504663716999,-0.868156862541
71.645,0.246915155455,-1.96888694811
71.65,0.497945383291,-5.75591142558
71.655,-0.194752207663,-12.3449537644
71.66,-0.527292919345,0.323743256713
71.665,0.799797432925,5.25844115095
71.67,2.29371533341,7.48318335906
71.675,2.13406212284,8.32215101946
71.68,-0.010761526827,7.34605593295
71.685,-1.23419462491,2.34834481319
71.69,0.608650194532,-2.16733146483
71.695,1.14081786172,6.06317134325
71.7,-1.11042213294,7.99389806511
71.705,-2.12684807228,7.00468600186
71.71,-2.05623522387,6.52524230861
71.715,-1.19057610005,7.22160617335
71.72,1.08198443888,6.2483425217
71.725,1.30399324468,2.90240432011
71.73,-0.423342096885,-1.44656075022
71.735,-0.394876280579,-4.98922915318
71.74,0.28162221651,-10.2443468788
71.745,-0.0374094146982,-10.6514068716
71.75,-0.392589670521,-6.78187164289
71.755,-0.904585132931,-0.677581275913
71.76,-0.419341084461,3.33191042645
71.765,1.31433639712,4.3609768498
71.77,1.11744715735,2.79419365317
71.775,-0.312592820148,-0.691618911029
71.78,-0.637036828423,-3.89419462965
71.785,-0.360745282465,-3.54362608205
71.79,0.524125354603,-2.11606506049
71.795,0.566287481014,-2.33888236303
71.8,-0.586629835009,-3.05699904462
71.805,-0.284361693245,-3.49375093926
71.81,0.298928592482,-8.11575541307
71.815,0.0315691472613,-10.6594399217
71.82,0.732741870906,-1.28248690627
71.825,0.859526429507,1.03092013483
71.83,-0.505578981053,0.0347190101103
71.835,-0.670397999491,-1.72455242204
71.84,0.611206166664,-0.562582481586
71.845,1.03394487446,1.30516702857
71.85,-0.0680206615289,1.54476044076
71.855,-0.840530046676,-0.454159014585
71.86,-0.598599725367,-4.11363720394
71.865,-0.361086527138,-5.15311711227
71.87,0.186766073896,-4.5845914113
71.875,0.510276590084,-5.80448889619
71.88,0.019077516042,-11.1852501905
71.885,0.122606985517,-16.6961488184
71.89,0.503869641022,-3.65263734338
71.895,-0.221443145072,0.458311490827
71.9,-1.03219838476,0.874715740211
71.905,-0.646662162963,-3.22473423418
71.91,-0.632346086818,-3.7552813053
71.915,-1.50787172243,4.04271415074
71.92,-0.671288147561,6.79576725035
71.925,1.17639885616,6.22988509217
71.93,1.35709220187,2.81869599255
71.935,0.724980729257,-2.64742601125
71.94,0.453471326217,-6.80005260026
71.945,0.778218686551,-1.57796938964
71.95,1.34944003431,2.85228492894
71.955,0.748819558611,3.39737068986
71.96,-0.125869004971,0.35517064831
71.965,-0.174903707332,-2.6096782761
71.97,-0.427151283992,-1.91586435094
71.975,-0.480869169352,-5.10897811298
71.98,-0.251482441652,-7.67133142713
71.985,-0.506955685728,-3.12198617419
71.99,-0.859413187791,-0.789198999412
71.995,-1.24251117525,2.12910547791
72,-0.61896145981,3.83915620362
72.005,1.00476065984,3.14460621388
72.01,0.835458935318,0.566714805168
72.015,-0.651582884363,-1.22974880233
72.02,-0.501830904161,-1.72944507639
72.025,0.43808026863,-5.1381523348
72.03,-0.207550259162,-9.40163694134
72.035,-0.486472779438,0.672300246925
72.04,1.45272646894,5.16063398528
72.045,1.65393927115,6.56759310655
72.05,-0.736350856128,5.5751944889
72.055,-1.25997280407,2.03061947322
72.06,-0.178967649903,-4.78977460141
72.065,0.149377259973,-13.5268632847
72.07,0.285488175956,-9.67613219532
72.075,-0.109058686754,-2.28672805288
72.08,-1.0235583761,0.59582660114
72.085,-0.542392829006,-2.71255313907
72.09,-0.403553309258,-6.21793317306
72.095,-1.87010799874,5.72734860751
72.1,-0.512208848714,8.83878725076
72.105,1.83153979255,6.96723603043
72.11,0.412708161877,-6.60966468471
72.115,0.221673653025,3.45830848953
72.12,2.27911738591,7.66798550776
72.125,1.52990825264,5.3088648487
72.13,0.812974324969,-0.591766202251
72.135,1.54333353328,5.75201000245
72.14,0.00681651855821,7.27625336382
72.145,-1.08887846041,2.82307850692
72.15,-0.0312463128033,-3.98643319829
72.155,-1.03268720363,5.98762976325
72.16,-2.60805647308,8.32693531054
72.165,-1.26293053627,7.29911800699
72.17,0.429339793348,4.12641213946
72.175,0.836623360001,1.30237298101
72.18,1.16679051665,1.53849093157
72.185,1.04118792321,1.90750584363
72.19,0.188730971649,0.850198693346
72.195,-0.390661723985,-1.28738473812
72.2,-0.584497736544,-2.48456998741
72.205,-0.756573435258,-2.26654404416
72.21,-0.680726336926,-2.64712529447
72.215,-0.410557902204,-3.15968014262
72.22,0.0318698935892,-2.38609216055
72.225,0.772484597165,-1.07814802245
72.23,0.751084628235,0.641345859075
72.235,-0.761427961001,2.89583466288
72.24,-1.62924756699,4.5188102592
72.245,-0.320718524007,4.61737456518
72.25,0.998310595249,2.90067285723
72.255,0.951002247239,-0.429596992404
72.26,0.646074149506,-3.45774997971
72.265,0.697633175613,-2.46086505449
72.27,0.830764157415,1.51711435247
72.275,0.0504399415364,5.17490694781
72.28,-1.79361694924,7.30288058198
72.285,-2.35966708619,7.80447991486
72.29,-0.72448423511,6.97732987626
72.295,1.10836244607,5.48213499102
72.3,1.55061232817,3.9093035681
72.305,0.0992841336591,2.5086184943
72.31,-1.16216551344,1.42571036931
72.315,-0.298422572777,-1.53883883361
72.32,0.0518279397596,-18.9865411436
72.325,-0.673831203504,-1.82953364127
72.33,0.0196760536623,3.42546605074
72.335,1.40379836646,5.00116905196
72.34,1.78272699322,5.19137706199
72.345,0.625684847114,3.783301398
72.35,-0.559211649202,-1.68587256253
72.355,0.182216715988,-12.3919397871
72.36,0.306982409608,-1.16154205777
72.365,-0.938996530959,0.184197281061
72.37,-0.188559933042,-0.637543464169
72.375,0.934771697084,-0.562891075042
72.38,0.262516241894,-3.06387497892
72.385,0.118923808889,-9.67172473357
72.39,0.245394022551,-1.84600330162
72.395,-0.553641188657,1.11195857105
72.4,-1.10024883314,1.356210808
72.405,-1.17123816813,1.84898187353
72.41,-0.412883012963,2.12115261471
72.415,0.806216716743,0.531652017815
72.42,0.530113348206,-2.83887575232
72.425,-0.291478620893,-7.32145293049
72.43,-0.0700524066553,-22.7104609002
72.435,-0.36266176962,-4.71804646413
72.44,-1.18970130233,1.9281321935
72.445,-0.00769739317617,4.79008456024
72.45,1.87638274696,5.75528688026
72.455,0.853468843411,5.91241946391
72.46,-1.61345177977,6.05909656276
72.465,-1.61681836798,6.1884447187
72.47,0.508827988203,5.84614959749
72.475,1.70988911218,4.94319377782
72.48,1.28490770142,4.28233629612
72.485,-0.0030248072039,4.99254468312
72.49,-1.79831922873,6.41864106546
72.495,-1.88641740554,7.16981435476
72.5,0.432922311069,6.44482711964
72.505,1.52948874703,3.77095591111
72.51,0.233953388248,-0.533498725616
72.515,-0.942217726598,-0.516734014573
72.52,-0.359867252822,4.13219302274
72.525,1.88345038655,7.60438714895
72.53,2.51452466815,8.98765401513
72.535,-0.228426756082,8.01348472812
72.54,-1.64594699248,4.41370530337
72.545,0.0419298048681,-0.420783497766
72.55,0.912681352578,-0.394825461217
72.555,-0.0152475670433,0.0233257915874
72.56,-0.677770908694,-2.82741823644
72.565,0.142320679054,-10.1057650454
72.57,0.458728542458,0.100510216826
72.575,-1.13242874681,3.81732801538
72.58,-1.18759892008,2.424667904
72.585,-0.0443374776083,-7.86798192453
72.59,-0.705940458148,-2.96140299876
72.595,-0.262652772901,2.74260364256
72.6,1.45025334077,3.61621826956
72.605,0.389014524993,3.33302247387
72.61,-1.29128282149,2.66455976827
72.615,-0.54318076744,-0.47342053782
72.62,-0.0852940962283,-8.35518555909
72.625,-0.135479337244,-2.3829020832
72.63,0.868690900165,-0.0820541255806
72.635,0.28900499458,-2.34579245561
72.64,-0.571138686538,-4.65377154678
72.645,0.342945100277,-7.25053308757
72.65,-0.471996137674,-3.04819972516
72.655,-1.12180897948,4.30082012235
72.66,1.02069958944,6.84388507099
72.665,2.1036375406,6.51100546288
72.67,1.57712161251,5.71127523323
72.675,0.305061408779,5.80489744469
72.68,-1.26906585733,3.96283819612
72.685,-0.391408611622,-3.63155144112
72.69,0.416761025244,-2.30118024546
72.695,-1.29652190697,3.66947944675
72.7,-1.17897411412,4.84699537159
72.705,0.840303813972,3.54998001593
72.71,0.971742175516,0.05925464766
72.715,0.0885128179547,-7.50057528598
72.72,0.118334128196,-15.2051890726
72.725,0.827974388035,-1.61896816905
72.73,0.802117118514,3.64883007374
72.735,-0.839474357831,5.80604311312
72.74,-1.75546929262,4.97426831579
72.745,-0.882412355757,0.553049951454
72.75,-0.685678340831,-1.56701366643
72.755,-0.261436956277,0.63160312924
72.76,0.642034062915,-3.39558966946
72.765,-0.686549871564,-1.32769036521
72.77,-1.08690815395,4.79225044098
72.775,0.97559716124,5.35500218562
72.78,1.04952975322,0.435342650447
72.785,0.202941863201,-9.03825835042
72.79,1.28722944754,3.00277265484
72.795,1.63264568901,6.03773428656
72.8,-0.292167218366,5.88769686679
72.805,-1.35175062497,2.88535593106
72.81,-0.180753273517,-6.13385223204
72.815,-0.0785559106149,-4.853473944
72.82,-1.34981004162,2.61720672611
72.825,-0.280242063524,4.8778355098
72.83,1.53865579947,4.36919179065
72.835,0.544487688309,0.506619524479
72.84,-0.279568353739,-11.0205586728
72.845,0.778067960623,-2.09577774657
72.85,0.418274127799,1.1603482086
72.855,-0.556088854545,-1.01561485574
72.86,-0.42840535656,-4.95417720076
72.865,-0.981430987673,0.16286270726
72.87,-0.781318083617,1.72709221191
72.875,0.517924133602,-1.74414580144
72.88,-0.0327923968893,-15.7925304335
72.885,0.0255227231117,-2.10390418927
72.89,1.37872035523,2.82026750036
72.895,-0.040406806676,4.80803368211
72.9,-1.64983292052,4.49919558552
72.905,-0.660124506271,0.946274230101
72.91,-0.191195131212,-5.78974551686
72.915,-0.27530950528,-1.69749294073
72.92,0.400987064857,-0.909897364227
72.925,0.372257759288,-6.67738479801
72.93,0.174637127747,-3.7878257532
72.935,0.909745608691,1.52420076517
72.94,1.33622452748,2.52318050957
72.945,1.19900515603,2.37681977212
72.95,0.941752600839,3.33412280258
72.955,0.0873560285802,3.27071525122
72.96,-0.45124998734,-0.187475263597
72.965,-0.181656490209,-1.90311185464
72.97,-0.804032409955,2.55656809383
72.975,-1.21289563627,1.7047547907
72.98,-0.341235780177,-9.22782721303
72.985,-1.28604123178,3.6143196225
72.99,-2.25644968527,8.1378462456
72.995,0.140986760166,8.20257027203
73,1.65740447449,4.93800529021
73.005,0.611699338389,-1.36250127368
73.01,-0.0266587979463,-6.4201002096
73.015,-0.605352457994,-2.74675133805
73.02,-1.01279956797,1.23065665055
73.025,-0.071689637176,2.25059862173
73.03,0.713597147104,-0.134734893665
73.035,0.412888231634,-6.50981119532
73.04,0.446115204428,-3.04098236959
73.045,1.05980670108,0.833438653037
73.05,1.02750597868,1.23087848337
73.055,0.359890938268,-0.390902507688
73.06,-0.23582423878,-4.08577458398
73.065,-0.170981123851,-15.3218041766
73.07,0.324272510412,-9.7670237547
73.075,0.316813780246,-6.1822748226
73.08,0.284479376901,-4.47087086089
73.085,-0.0458867671624,0.384642308467
73.09,-1.08483000592,2.23562347475
73.095,-0.904860660334,0.136611233396
73.1,-0.117342577459,-6.70982540812
73.105,-0.0493250145532,-9.29247899176
73.11,0.540743460106,-4.76592681696
73.115,0.290966983922,-0.256123841507
73.12,-1.12373745999,2.03198941305
73.125,-0.773461825864,0.877517416445
73.13,0.246921903267,-4.76324847243
73.135,0.0949830591629,-19.2321671679
73.14,-0.19356671833,-13.6257983054
73.145,-0.474077946333,-5.98498166397
73.15,-0.122659086,-3.55536292457
73.155,0.285798610984,-10.2959301692
73.16,-0.548503516779,-5.012884043
73.165,-0.0431831262482,2.14928945785
73.17,1.23409357716,2.66446795123
73.175,0.71534339201,-1.78191073389
73.18,0.420721939217,-5.92846000693
73.185,0.10107150088,-4.35097748396
73.19,-0.441112627114,-6.5920419296
73.195,0.810807112773,-0.0917578558942
73.2,1.03366484146,3.85956869665
73.205,-0.959616727005,4.48341403886
73.21,-1.27794182041,2.75974683237
73.215,0.145926906264,-1.20081016182
73.22,0.292592718235,-10.3716663172
73.225,0.202824119041,-6.98057377813
73.23,1.11961192543,1.06368912876
73.235,0.0239613027256,3.92243924396
73.24,-1.56821597476,3.91640383323
73.245,0.167849324582,2.1476262288
73.25,0.866826529413,-0.187000798043
73.255,-0.534141507175,-4.51786557224
73.26,0.641753839153,-1.24609703583
73.265,0.947560163383,4.66556778089
73.27,-1.40760010977,6.15153213852
73.275,-1.43545214473,3.68943856547
73.28,-0.382404638702,-3.66300478927
73.285,-0.625064630367,-2.07353923967
73.29,-0.11899575237,0.882929164776
73.295,0.717426150463,-0.793531723886
73.3,0.362899539362,-7.96287777732
73.305,-0.075267339443,-16.0755181299
73.31,0.380059446883,-6.02481020477
73.315,0.450067970017,-5.10426481336
73.32,-0.327510512713,-6.22098345074
73.325,-0.383401702465,-3.94571616109
73.33,0.592801371908,-0.834720936187
73.335,1.0309600262,0.751888508539
73.34,0.0860632619541,0.505402400373
73.345,-0.686024562986,-1.83189520305
73.35,-0.521831895067,-5.38817272149
73.355,-0.339578405771,-5.15344616002
73.36,0.365463300875,-3.34840042047
73.365,0.63663781121,-2.06109895748
73.37,-0.683447852385,0.214622103662
73.375,-1.0929407742,2.29643402291
73.38,0.271084716819,3.01454518935
73.385,1.23089651929,2.29320007197
73.39,0.775528585172,-0.127575507387
73.395,-0.105767259236,-5.78472764787
73.4,-0.12660113686,-11.8956082505
73.405,0.606804620598,-2.95050196647
73.41,1.14246588789,1.69203617003
73.415,0.56052978764,4.0494605808
73.42,-0.805394780799,4.39092549662
73.425,-1.32332691104,2.73455556363
73.43,-0.900020406513,-0.31770993471
73.435,-0.461862949223,-3.23455289654
73.44,-0.138148333279,-6.3441781368
73.445,-0.0329923982085,-8.38104758817
73.45,0.270552811023,-5.52335689735
73.455,0.742263971007,-2.38721908444
73.46,-0.00800252182868,0.78873947269
73.465,-1.35313056139,3.08484549899
73.47,-1.0332313425,3.70851826066
73.475,0.526193263734,2.08877901846
73.48,0.634837195007,-3.59495731727
73.485,-0.487202160551,-6.24561695567
73.49,0.189442588608,-0.0359737269605
73.495,0.906361712215,-0.819654607427
73.5,-0.308682469676,-8.87656195336
73.505,0.512968348722,1.50608574963
73.51,1.81839123386,5.61243111716
73.515,-0.107989676707,5.52952066363
73.52,-1.25767092034,2.34010950989
73.525,-0.537271761007,-2.76486014199
73.53,0.0793327817679,-4.98631983628
73.535,0.649283206871,-3.7310486553
73.54,-0.10985885661,-2.18180134693
73.545,-0.688583547096,-3.15834863474
73.55,0.0546646918777,-10.3640898957
73.555,-0.221495480981,-11.9693572128
73.56,-0.300690910687,-4.35069611756
73.565,0.365619484041,-5.12998705089
73.57,0.205582129185,-10.698834316
73.575,0.814203117002,-0.581619985588
73.58,1.39360180776,4.61237663583
73.585,-0.464777485993,6.73803846304
73.59,-2.1878028619,6.99205642212
73.595,-1.2491733528,5.80412351488
73.6,0.384478434138,3.44667072539
73.605,0.983642240127,1.60166022129
73.61,1.45024695631,3.27897507064
73.615,0.75296663631,5.80048393097
73.62,-1.652719538,6.98183155686
73.625,-1.78688266948,6.18084427437
73.63,0.0846948856388,2.47422461327
73.635,0.30363718763,-6.42793261285
73.64,-0.0319753765455,-6.54904326657
73.645,0.184490045765,-1.37382161066
73.65,1.03557100451,3.15237688393
73.655,1.88734699409,5.57743035412
73.66,0.813653245117,4.52865983439
73.665,-0.0900615197716,-0.70932488676
73.67,0.0475783984575,-0.526544561535
73.675,-0.808034698706,2.17421944771
73.68,-0.93442836303,-0.577212011429
73.685,-0.296118601633,-10.3011847937
73.69,-0.570421398276,-4.86230924383
73.695,-0.443972606287,-3.56598989414
73.7,0.0887129440544,-5.58931706563
73.705,0.518796616762,-5.34413851958
73.71,0.295561762932,-1.60108132961
73.715,-1.06794068103,1.62064430203
73.72,-0.702986459733,1.8151246478
73.725,0.800940336502,-1.06622911231
73.73,-0.128143417386,-0.375674403386
73.735,-1.35733252017,2.65779830223
73.74,-0.760880969303,3.10162145978
73.745,0.0980445165783,2.65653568835
73.75,0.87257408171,3.37139218527
73.755,1.50668041324,3.69203071779
73.76,0.77480392559,1.15063072227
73.765,-0.359498042499,-8.31086022868
73.77,0.764453776194,1.59676642821
73.775,1.99428274442,6.64292039283
73.78,-0.00233917998018,7.45857682985
73.785,-1.66406919721,5.02210795195
73.79,-0.523852001519,-1.64402681449
73.795,0.0257013025763,-30.245492499
73.8,-0.293281465299,-8.72762227994
73.805,0.459142394279,-4.65609240134
73.81,0.430056466236,-1.73713700182
73.815,-0.733982032935,-1.39807552298
73.82,-0.159495019495,-2.85890320067
73.825,0.889777819206,-0.81450809761
73.83,-0.212090904487,1.29418954392
73.835,-0.977239877647,-0.199926088599
73.84,0.15433116604,-6.40808185792
73.845,0.32474288498,-1.10866933091
73.85,-1.18220752453,3.74551632737
73.855,-1.63999388891,4.73927885745
73.86,-0.513483793657,2.16434450031
73.865,-0.247890684834,-4.39081493603
73.87,-0.86411647008,3.10996535653
73.875,0.433682053622,7.96865075437
73.88,2.69858398437,9.39149828754
73.885,2.09891889056,8.15957655437
73.89,-0.0384607838811,3.86688001988
73.895,-0.287081786107,-5.25291306236
73.9,-0.0916964317749,-4.07915208362
73.905,-0.764685796617,-1.12810236218
73.91,-0.594213278492,-2.45639458735
73.915,0.158582849445,-8.50384850718
73.92,-0.127224306397,-14.4148302343
73.925,-0.492737706421,-3.53448695162
73.93,0.249674884641,-0.236416243699
73.935,0.960451266858,0.451635334836
73.94,1.02645195154,0.737016948925
73.945,0.336285931421,0.745227116647
73.95,-0.695307087932,-1.40802451037
73.955,-0.211011125926,-3.83122467005
73.96,0.771045159436,-1.86639563329
73.965,0.815436738095,-0.513699580557
73.97,0.601955005304,2.74740631066
73.975,-0.799624488653,5.16316188308
73.98,-1.50099549977,3.53613846452
73.985,-0.311338035467,-7.48933620778
73.99,-0.817254227362,-1.27447083191
73.995,-0.682228196848,1.46536851566
74,0.662718821837,-3.56965261766
74.005,-1.34809116612,4.11400085251
74.01,-1.5775831698,7.96376298703
74.015,1.20588284335,6.47809667598
74.02,0.667509136494,-3.50399034836
74.025,0.598142982032,0.731228308369
74.03,1.67332143172,4.68948175969
74.035,-0.214367604619,1.30162694082
74.04,-0.0658726979351,-3.0291810302
74.045,1.46787197924,3.97860625183
74.05,-0.686833882573,5.51607117371
74.055,-1.45506981616,4.33609027537
74.06,1.08192039153,3.96523750782
74.065,1.24144815925,4.57958182264
74.07,-0.505795673403,3.12392289087
74.075,-0.788191591235,-0.212521572034
74.08,-1.25822556045,2.40627366768
74.085,-1.42098290875,5.10844623879
74.09,0.500295470786,4.5022966136
74.095,1.06319047771,0.539791673469
74.1,0.160811728704,-7.55595132565
74.105,0.145349183485,-7.65031861054
74.11,-0.630377919471,-0.794026432418
74.115,-1.127233398,1.82849459292
74.12,-0.112164784273,1.27086777538
74.125,0.552078511978,-1.10299776144
74.13,0.621242537325,-3.9283961931
74.135,0.121543805797,-17.0368079237
74.14,0.153644921312,-3.18601999444
74.145,1.39499007037,3.29768976153
74.15,1.36525623276,5.02594135211
74.155,-0.00649070509386,4.59622128052
74.16,-1.08958274363,3.66493885389
74.165,-1.22956718143,1.86185526924
74.17,-0.222714548552,-4.377923225
74.175,-0.133369442165,-12.0151741148
74.18,-0.878886671822,-0.89952170286
74.185,-0.261644318468,0.485206029046
74.19,0.499058044558,-1.85985727044
74.195,0.508335179566,-5.58854286244
74.2,0.224710974315,-11.6901514652
74.205,-0.0929658864119,-11.4227088895
74.21,0.68360434246,-0.882245793245
74.215,1.11430412331,1.80109951567
74.22,0.0620938928239,-0.283482937212
74.225,-0.0852841737117,-9.14592021057
74.23,0.136310126345,-2.10225276997
74.235,-0.79477266897,1.86674317771
74.24,-1.25529099585,1.97508921929
74.245,-0.797864677924,0.623772021733
74.25,-0.0571037323066,-1.6188863452
74.255,0.248667654913,-9.72433764499
74.26,-0.408878433029,-7.32323388626
74.265,-0.164526708871,0.866916928211
74.27,1.09592570041,2.51468607306
74.275,0.910336939987,0.128603213325
74.28,0.18446824675,-8.03051243614
74.285,0.470871361835,-4.97852779805
74.29,-0.0476649663468,0.0540136395678
74.295,-1.11779934036,1.10839417516
74.3,-0.259821542966,0.100908664859
74.305,0.688601508312,-2.97166682772
74.31,-0.0273638470187,-11.2952488502
74.315,0.120381835684,-8.90816489472
74.32,0.567209928211,-4.07695369618
74.325,-0.182446683028,-6.36129040035
74.33,-0.0160953867784,-16.0570985921
74.335,0.31953816604,-7.47831631225
74.34,-0.0506877869005,-6.88757329625
74.345,-0.293160823448,-3.21174522583
74.35,-1.40261197238,2.95375850547
74.355,-0.437855948407,6.31658114829
74.36,2.32792808906,7.71970781822
74.365,0.930136533198,7.22616823446
74.37,-1.2632547032,4.15918085202
74.375,-0.785496270054,-1.76687229518
74.38,-0.362546857407,-4.1380343627
74.385,0.660705648963,-2.89545649829
74.39,-0.0324346923143,2.49494542637
74.395,-1.91491021731,5.66442562404
74.4,0.15293666867,5.25336966795
74.405,1.20058076066,1.95419740161
74.41,-0.525198722928,-2.29800938273
74.415,0.0176135492115,-12.2561166323
74.42,-0.281167093266,-1.3412215307
74.425,-1.5965309336,4.2213811421
74.43,-0.333590319274,4.10696020825
74.435,0.458815852892,-0.766943956349
74.44,0.320982426759,-1.84678171464
74.445,0.796134029386,-0.332845850374
74.45,0.53823914215,-4.77244413035
74.455,0.930512871666,0.955243819362
74.46,1.77570701303,5.27614587038
74.465,0.604435180374,5.35502013561
74.47,-0.653251258603,2.096981241
74.475,-0.623784850571,-1.95492789131
74.48,-1.05654527117,0.742252744956
74.485,-1.05310600272,3.68679449076
74.49,0.828508714404,5.20802069408
74.495,1.79791910265,5.14413546863
74.5,0.568529340844,2.68277814637
74.505,-0.0681994934501,-1.53417285123
74.51,-0.37713728882,-0.583169478493
74.515,-0.817073411541,-1.62422937214
74.52,0.0974728510915,-15.4370835451
74.525,-0.234952573737,0.0477083554758
74.53,-1.54761323928,3.79723028745
74.535,-0.395710785817,2.27216377607
74.54,0.503086212159,-5.28291927277
74.545,-0.350032824376,-8.54358702871
74.55,-0.310498097809,-2.21592120347
74.555,0.684084629991,-0.393407784793
74.56,0.892899042384,0.241243475453
74.565,-0.35294151545,-0.356254748044
74.57,-0.496859451187,-5.18878600753
74.575,0.400374227533,-4.63808403631
74.58,-1.47133726585,5.58042623728
74.585,-2.45397707761,9.58284020996
74.59,0.839887445593,10.4628919729
74.595,2.76499308604,9.03273444923
74.6,1.474172537,6.1301021898
74.605,-0.182458575461,3.28390908624
74.61,-1.12766372547,1.2177786148
74.615,-0.226958739787,1.02384499652
74.62,1.17136530005,2.06046831331
74.625,1.02705629331,2.00981452652
74.63,0.340160903563,2.36910426311
74.635,-0.799897364935,4.37377079178
74.64,-1.8779759678,5.49686610077
74.645,-0.915191586951,4.44778158789
74.65,0.326837624461,0.967953400139
74.655,0.597947293901,-0.391306939694
74.66,1.35773119133,2.66724273444
74.665,0.381756809826,3.48079206259
74.67,-1.33162151484,2.54073133505
74.675,0.249021299916,2.64733159078
74.68,1.30997988646,2.50152706265
74.685,0.176502461908,-1.21098471619
74.69,0.0472424820551,-6.77609460167
74.695,-0.141595984736,-2.25703108234
74.7,-0.70521631904,-1.39924909482
74.705,-0.768325655519,-2.19098377642
74.71,-0.241851339976,-3.72651052518
74.715,0.436183163081,-7.2012019947
74.72,-0.406072102635,-3.35892976346
74.725,-0.64094736224,-1.34474113111
74.73,0.556951724517,-3.27079538837
74.735,0.0450417607837,-3.23582839259
74.74,-0.912779451448,-0.780144870855
74.745,-0.473800252145,0.362013998988
74.75,0.708760515957,1.48014405994
74.755,1.21408607203,2.39619968608
74.76,-0.408609081913,2.2813014249
74.765,-0.878234251549,-0.780949184795
74.77,0.188524809391,-14.4836781863
74.775,-0.993971539436,1.40208553121
74.78,-1.43682216071,5.192475145
74.785,0.0428554112364,4.42843904377
74.79,0.678458380504,2.46673012541
74.795,1.04713696587,1.86914597224
74.8,0.768587108056,-1.87513227937
74.805,1.1607268278,2.53385413195
74.81,2.0749464293,6.77276410788
74.815,0.391635402813,5.71859482611
74.82,-0.483219306279,-3.15074450528
74.825,0.514184801347,-3.68227411321
74.83,0.162204489516,2.51709801744
74.835,-0.913124956114,4.39339797315
74.84,-1.96567164964,5.94019879935
74.845,-0.974214408562,5.24525062167
74.85,0.64267587841,-0.464116655868
74.855,-0.307016334049,-8.29609777809
74.86,0.804787422421,4.76215396768
74.865,2.47008592229,8.3356077859
74.87,-0.378056284617,8.22495148193
74.875,-1.56778426596,3.90595235787
74.88,0.429885992959,-6.19229188959
74.885,-0.309727549133,3.30826454646
74.89,-1.99462499254,6.05164967373
74.895,-0.942413832177,5.19202229095
74.9,0.72699899212,1.54285882274
74.905,0.432607593856,-4.17745868593
74.91,-0.744746858509,-2.2459028577
74.915,-0.493252793716,0.750802386852
74.92,0.840992029797,1.56800037534
74.925,1.07380947428,2.0942738019
74.93,-0.592961411192,3.91816843676
74.935,-1.95106028536,5.81461983208
74.94,-0.971137706488,6.08711423922
74.945,0.365244734131,4.8537214909
74.95,1.14890585821,5.19706124015
74.955,1.99533147181,6.09611947451
74.96,0.965327392671,2.65386275284
74.965,0.372179043874,-7.81638687087
74.97,2.13309444372,6.73233351144
74.975,0.837509468442,9.85914172986
74.98,-1.94213112963,8.53426332582
74.985,-1.42414803093,3.07307463299
74.99,-1.15543015346,1.26367104766
74.995,-0.954915404942,3.47310985796
75,0.638988076227,1.32216762691
75.005,0.551206383666,-4.27427578826
75.01,0.157521928291,-7.16308067782
75.015,-0.480734094748,0.994704392018
75.02,-1.99761950721,6.06192542746
75.025,-0.430322474742,7.32250597601
75.03,1.54235761446,4.86060410864
75.035,0.481107218613,-3.99450616063
75.04,0.24663642206,-8.53086221697
75.045,0.741292416024,-2.20874145252
75.05,0.0343603360917,-3.97530558299
75.055,-0.263402949475,-9.53791489407
75.06,-0.331252815593,-9.40888820358
75.065,-0.386399359697,-4.35502533644
75.07,0.452013641977,-1.70802123779
75.075,0.745470199976,-2.06791462488
75.08,-0.158309833538,-5.60833121889
75.085,-0.308746470056,-7.32842354866
75.09,0.296231666585,-5.02610282745
75.095,0.677726880141,-2.74328446878
75.1,1.07185924735,0.960117504311
75.105,0.56864333625,2.58988374192
75.11,-0.334811247048,1.5138994574
75.115,-0.770335561562,1.59032166346
75.12,-1.5622324051,3.94470928416
75.125,-0.840926983401,3.80666870151
75.13,0.62845039563,-0.971111020094
75.135,-0.195126461442,-12.7271886743
75.14,-0.0300011045342,0.903137574633
75.145,1.64613933291,4.49148791057
75.15,0.803197961455,4.81434451336
75.155,-0.859645217461,3.09197005422
75.16,-1.1031417029,0.856452164744
75.165,-0.464268286534,-0.189287668962
75.17,0.742030038877,-0.323836273333
75.175,0.721197755335,0.0183203645206
75.18,-0.358457045512,-1.35614767974
75.185,-0.399444182553,-6.55359630395
75.19,-0.541623267894,-3.39579186911
75.195,-0.905193862906,-0.591132688207
75.2,-0.0663775497973,-5.19775176833
75.205,-0.106663047584,-8.14422014948
75.21,-1.18225203237,1.45777210459
75.215,-1.06183775079,3.89188868637
75.22,-0.132317931375,5.33977469205
75.225,1.51469427634,6.89228465215
75.23,2.04803606843,6.5803593189
75.235,-0.192974986185,3.44686358755
75.24,-0.846034880646,-0.133018435329
75.245,0.784881939032,0.043708140422
75.25,0.427503315963,-3.09537751069
75.255,-0.107976047473,-18.1194681685
75.26,0.529582205269,-4.76204407194
75.265,-0.632386578276,-0.504282189446
75.27,-0.844552359638,3.21127990423
75.275,1.35856147671,5.06573438632
75.28,1.16642829043,3.01738874281
75.285,-0.112891494827,-10.4486756018
75.29,1.00089672563,0.393570772332
75.295,1.34198285759,5.86036512966
75.3,-0.637750594881,6.33293119307
75.305,-1.31355603027,2.53154353876
75.31,0.0244296972831,-24.0228516634
75.315,-0.386434742209,2.56661438327
75.32,-2.15452477555,6.76737471737
75.325,-1.16067133562,6.58119528498
75.33,0.769964654295,2.35734590514
75.335,0.171253055849,-12.2854200529
75.34,-0.29759742642,-3.59355534961
75.345,0.683618051995,-0.855116529901
75.35,0.554440673896,-3.67271588567
75.355,-0.0256044591766,-12.1076052281
75.36,-0.0057753390739,-13.2634065296
75.365,-0.573084967415,-4.73574004805
75.37,-0.235915890491,0.752387102517
75.375,1.4029780926,3.58186057472
75.38,0.846958943263,3.71956522046
75.385,-0.735365679925,0.297239963743
75.39,-0.100857383511,-13.2094707704
75.395,0.0666019024,-3.86158218871
75.4,-0.895830644388,-0.501123249546
75.405,-0.396421995308,-3.79528617286
75.41,-0.0174964635431,-28.6494447663
75.415,-0.484853606618,-6.22115536607
75.42,-0.369837936994,-3.87647991984
75.425,-0.0428857465225,-4.34856614369
75.43,0.165878824408,-5.26121025643
75.435,0.131175863968,-5.1175043245
75.44,0.593760713775,1.52948707126
75.445,2.01820434115,6.23867642469
75.45,1.66160758159,8.31849571867
75.455,-1.19725296858,8.20198543379
75.46,-1.8899809839,5.84494408152
75.465,0.58239401919,1.95144300122
75.47,0.641149965927,2.04015926681
75.475,-1.35517725696,3.21960919535
75.48,-0.223720210493,1.76863191873
75.485,1.12426940131,1.53621569365
75.49,-0.854936859942,4.6912235513
75.495,-1.95649729562,6.20258451464
75.5,-0.227316300872,5.5903220917
75.505,1.24892689364,3.60082945309
75.51,0.975185844374,1.60619622156
75.515,-0.728752352555,2.25281844408
75.52,-1.65837297487,5.56584161571
75.525,0.592983716249,7.82925291826
75.53,2.40432472342,7.64790485575
75.535,0.604857180532,4.18739968119
75.54,-0.521674185636,-5.09854063505
75.545,0.420494945623,-5.78821738316
75.55,0.607806673068,-3.19339183146
75.555,0.438091418119,-2.66836256783
75.56,0.050289440793,0.0295488361716
75.565,-0.800061532297,0.501028955771
75.57,-0.73087178066,-2.29351942302
75.575,-0.0185168448973,-9.66778678796
75.58,0.0109513185208,-20.7065249613
75.585,-0.165636006485,-13.0451835144
75.59,0.469694443713,-6.34161084754
75.595,0.210345513524,-0.288009531251
75.6,-1.11071376456,1.7505128075
75.605,-0.570932905493,-0.513934107826
75.61,0.293543860168,-10.2218771373
75.615,-0.539156878401,-4.46226254877
75.62,-0.542388078552,-0.841958557516
75.625,0.437903848203,-2.3758286675
75.63,0.360404537617,-7.94568685271
75.635,-0.186493095247,-11.2582268723
75.64,-0.474879120883,-6.37399479706
75.645,-0.634975252541,0.461094862455
75.65,0.663063320586,5.14699871197
75.655,2.2125952783,6.91726721975
75.66,0.889170903443,5.35756147409
75.665,-0.232500821385,-2.00629736974
75.67,0.297849054246,0.487059615751
75.675,-1.40291280434,6.0972641092
75.68,-1.70865890731,6.1155426476
75.685,0.83019648874,1.49760295611
75.69,-0.355416815538,1.81773373502
75.695,-1.78465913095,6.03941606309
75.7,0.623488493529,5.62076940686
75.705,0.975368231698,-0.0265148648443
75.71,-0.2997764071,-10.3808950347
75.715,0.107192569867,-4.34455224267
75.72,0.330911770618,-5.83466744683
75.725,0.52690493685,-3.22477550688
75.73,0.636024749517,-3.82005418213
75.735,0.5179281695,-3.10305586705
75.74,1.92726245297,5.9348859782
75.745,2.40512663187,9.83665026608
75.75,-0.154262341795,10.7478106408
75.755,-2.37984347783,9.51399617504
75.76,-2.00498598356,6.12005147162
75.765,-0.756914061242,-0.818900987084
75.77,-0.786829307903,-2.08216227232
75.775,-1.05407247437,1.31216310013
75.78,-0.700505960186,-0.131798861838
75.785,-1.00135358733,3.43136658012
75.79,0.134665458958,7.43830077582
75.795,2.1044575399,7.47950618326
75.8,1.26842167142,3.14123888055
75.805,0.649077791554,-2.29984459658
75.81,0.497252648266,2.01553497559
75.815,-1.13077633176,2.58936737066
75.82,-0.493955891648,1.03212481908
75.825,0.765551793258,-1.60245638977
75.83,0.339384226544,-8.64564266772
75.835,0.681112881458,-2.7767572111
75.84,0.0149374136454,1.22671742721
75.845,-0.953515632303,-0.369143930116
75.85,0.327568003129,-5.12260792015
75.855,0.254670123192,0.180603693497
75.86,-1.23225527084,2.48468696333
75.865,-0.702499669808,0.530980589829
75.87,0.188212361076,-6.45303742222
75.875,-0.0164637606124,-21.2504348835
75.88,-0.508277974546,-5.87347510936
75.885,-0.549437155786,-0.14815472192
75.89,0.566983325008,1.17157798683
75.895,0.604716616965,-4.1723232951
75.9,-0.219181070917,-5.29573462788
75.905,1.48152892429,5.01122048845
75.91,1.82511888829,7.95591227151
75.915,-1.28483401249,7.62171958213
75.92,-1.48816800013,4.50525403373
75.925,0.611414077544,-1.13692744335
75.93,0.0143770138251,-1.82190069283
75.935,-1.11516559034,0.949210251102
75.94,-0.453869119842,1.93444393175
75.945,0.760548148332,2.1081000699
75.95,1.17825532723,1.46989847197
75.955,0.274062943002,-1.00050726243
75.96,-0.467817884528,-5.5223010171
75.965,-0.195601527846,-7.68778315489
75.97,0.236085890078,-5.32663943804
75.975,0.768387032329,-1.37567309351
75.98,1.18048183725,1.7429316926
75.985,0.824681124322,3.6657810946
75.99,-0.371044377346,4.2758807232
75.995,-1.14699994188,2.25732866396
76,-0.479406246784,-6.38417134596
76.005,-0.519855465119,-1.53908076825
76.01,-1.54817267149,3.79896285746
76.015,-0.873853947445,3.86059141954
76.02,0.235624689958,0.469410769367
76.025,0.431844755975,-1.56238786052
76.03,1.1059604723,1.37006101834
76.035,1.02965375741,2.93338863338
76.04,-0.307014535187,2.3250308347
76.045,-0.764682066745,-0.493471754983
76.05,-0.863723226741,-0.0788028172701
76.055,-1.56518028659,3.89517159517
76.06,-1.22982649715,5.24754875343
76.065,0.0582917722392,3.50078840445
76.07,0.332766862241,-2.2575106242
76.075,-0.194400214379,-1.45523848871
76.08,0.396155188521,5.12434317437
76.085,2.1206782606,7.76502956811
76.09,2.09496635902,7.23738489428
76.095,0.133505484946,2.51236880293
76.1,-0.159133009226,-13.053663605
76.105,1.03425086508,0.379823801417
76.11,0.979856080977,2.35674012666
76.115,0.394890298258,0.748297817812
76.12,0.245673799793,1.2193723877
76.125,-0.299933255935,2.70989398366
76.13,-0.805277910922,2.09520067519
76.135,-1.0056510741,1.86158274807
76.14,-1.38469423585,2.95166465217
76.145,-1.03454594183,1.38808925071
76.15,-0.384185080054,-5.83551366317
76.155,-0.831308509921,-1.60442256425
76.16,-1.26862597884,3.43389448047
76.165,-0.61953201522,5.30321242676
76.17,0.820582836091,5.84058524699
76.175,1.57978498102,4.05334848855
76.18,0.0084259903244,-2.86097578136
76.185,-0.615791571486,2.20231796295
76.19,1.6882448137,6.95455124582
76.195,2.01101907421,6.92331373762
76.2,0.227228934357,2.92405235854
76.205,-0.162030429139,-4.45421350448
76.21,-0.0481440522701,-8.75830830008
76.215,0.200734666528,-6.6703766918
76.22,-0.217462904442,0.644975221733
76.225,-1.33548546032,2.75205559946
76.23,-0.614066519914,1.18114719844
76.235,0.343508228049,-3.11554794274
76.24,0.547493004803,-3.81874565796
76.245,1.06401162423,1.13850795297
76.25,0.0571288256415,3.93577698598
76.255,-1.43693856374,4.36806682048
76.26,-1.45349967374,3.91278167298
76.265,-0.500507916209,4.61738436942
76.27,1.40318056344,5.57624920228
76.275,1.53453936916,5.36680540175
76.28,-0.688578534789,3.60705006811
76.285,-0.922273336231,-0.0424171077605
76.29,0.0923079024794,-5.61113073592
76.295,0.370678063272,-6.70723354654
76.3,0.914275415489,0.0811064989381
76.305,-0.289911608766,4.80136228373
76.31,-2.12463307039,6.62148378803
76.315,-0.929181432725,5.71146459684
76.32,0.707835544986,2.12029547564
76.325,0.667215533095,-3.5136147354
76.33,-0.0404454247449,-7.66023026357
76.335,-0.816662481604,-0.869542205905
76.34,0.432833768287,4.40772562248
76.345,2.10106844932,6.46718305793
76.35,0.0446709630942,6.33190671437
76.355,-1.83166428134,5.27180527691
76.36,0.330208562736,4.47932505943
76.365,1.38132738739,3.07847798642
76.37,-0.269596996405,-0.744088638432
76.375,-0.275649121942,-7.20233213672
76.38,0.607523031086,-4.21709610435
76.385,-0.0740798405775,-0.622567998925
76.39,-1.14156419623,1.41099600167
76.395,-0.764632877578,2.68817621712
76.4,0.83802946432,2.47378534714
76.405,0.782110721387,-0.846120422049
76.41,-0.364196759417,-8.35904443948
76.415,0.398346696857,-2.58578420983
76.42,0.750579949235,-1.68044303447
76.425,-0.0384259565078,-12.24698588
76.43,0.593729270868,-4.25729612731
76.435,0.644288920563,0.692631436788
76.44,-0.301509475214,-2.56816918012
76.445,0.238005333389,-8.13662480614
76.45,-0.0927209247643,3.09226918118
76.455,-1.77502556131,5.6916685467
76.46,-1.26739299279,4.54736537046
76.465,0.229102331494,1.14844207022
76.47,0.847570686568,-0.700502227805
76.475,0.978112767328,2.21536154508
76.48,-0.654367438316,5.95501509914
76.485,-2.47264129145,7.88562062699
76.49,-1.15372116366,7.39607483215
76.495,0.83118570599,3.80449131444
76.5,0.513811025692,-5.55433248106
76.505,0.319989886979,-6.14609226835
76.51,0.737299450192,-2.08741600447
76.515,-0.485929905036,0.191783026242
76.52,-1.36756063494,3.60286676376
76.525,0.237828743946,5.73514542483
76.53,1.98860874635,6.29227596463
76.535,1.04310147619,5.58333853211
76.54,-1.24962103202,4.36884055306
76.545,-1.13546679381,3.83662172384
76.55,0.512411659971,3.31822841901
76.555,1.30485958253,3.1834485562
76.56,1.70115699091,5.12752049202
76.565,0.230584521108,6.37563769225
76.57,-1.9007097939,5.8556865258
76.575,-0.281790841771,5.3998344886
76.58,1.94371924585,5.92026489139
76.585,0.990041230944,5.39214756856
76.59,-0.433129145706,4.14258502071
76.595,-1.42324851457,4.45299915048
76.6,-1.52699307723,4.66634229504
76.605,0.199370092477,3.11266141831
76.61,1.02658136924,0.252645857724
76.615,0.271818564111,-2.64016238928
76.62,-0.365643684808,-4.74458234551
76.625,-0.374328754003,-8.15997397648
76.63,0.208799397313,-13.5901810374
76.635,-0.35451624251,-1.79036996132
76.64,-1.27016899243,2.35230207656
76.645,0.0941098134377,2.51684945316
76.65,0.939408321419,-0.467174963613
76.655,-0.581180513583,-1.62423607123
76.66,-0.710714169499,2.51518615063
76.665,1.30466353353,5.08089812754
76.67,1.73106716228,5.87502157349
76.675,-0.255618335707,5.28120410089
76.68,-1.45548534752,3.45159357084
76.685,-0.502872041538,0.707626672902
76.69,0.723869450919,-1.3847683053
76.695,0.518282013221,-0.381136661821
76.7,-0.863801732759,1.75383508516
76.705,-1.17997746966,2.37439082348
76.71,0.106552172723,-0.119392607218
76.715,0.237354978309,-12.3962871015
76.72,-0.399236404697,-3.98998949496
76.725,0.60222882127,1.35612203048
76.73,1.08361529789,0.727570649929
76.735,0.48561927998,-4.00641336707
76.74,0.563974893585,-1.67569758256
76.745,-0.291010153782,0.911316913425
76.75,-0.82920065225,-1.60478941098
76.755,0.293508052969,-7.89333973521
76.76,0.138422002585,-2.2153888223
76.765,-0.773346584732,-0.0157190544196
76.77,-1.14298690025,1.16359364434
76.775,-1.04512594869,2.72825833715
76.78,-0.109240738516,1.37244446961
76.785,0.0114890464808,-1.16656400543
76.79,0.648872861964,4.16433473326
76.795,2.0144540663,6.0917810483
76.8,0.121837893679,3.17911693129
76.805,-0.84959500357,2.20310119289
76.81,2.17813211407,7.87998268969
76.815,2.03908034914,9.6327826885
76.82,-1.08625798871,8.14134783461
76.825,-1.56303600203,3.99732771436
76.83,-0.916743826644,-0.0173968383536
76.835,-0.48207185701,-0.173109810728
76.84,0.394355841995,0.00949131036634
76.845,1.02546783509,0.571261991752
76.85,0.993310921153,1.98834109807
76.855,-0.322452367745,1.90984010651
76.86,-0.793645197635,-1.43700493471
76.865,1.05012054394,1.30803735903
76.87,1.16653348205,6.81114754304
76.875,-1.49574023962,9.22103716538
76.88,-3.05055352447,9.69663631817
76.885,-1.66270799125,8.69552263708
76.89,0.693429987325,5.48062336424
76.895,0.668095092948,-3.38244836226
76.9,-0.623994197985,-3.5977066541
76.905,0.240805237581,1.48910569503
76.91,0.931746237451,-0.613337141055
76.915,-0.149376568501,-9.76630719244
76.92,0.0732143568319,-5.10317825027
76.925,0.67836134741,-3.20953771791
76.93,-0.275152307759,-3.79322903529
76.935,-0.688677197169,-1.47648342566
76.94,0.443293302216,0.520426722617
76.945,0.980254389091,0.0656697322724
76.95,-0.326138484982,-2.41983073812
76.955,-0.511038296616,-0.805219876719
76.96,0.963341663292,1.04654054936
76.965,0.432044143034,-1.57768716723
76.97,-0.543521570644,-4.89646298313
76.975,0.595006748577,0.465297664179
76.98,1.14480049853,1.45876742525
76.985,0.123086697877,-3.70530392003
76.99,0.146146160175,-7.87986476181
76.995,1.52663004015,3.69613901563
77,1.558006141,7.22341259316
77.005,-0.0271910971672,8.03763513421
77.01,-1.52348775619,8.12049653354
77.015,-2.47691786634,8.1288578292
77.02,-1.6589564395,6.42653076561
77.025,0.443453100255,0.645628862134
77.03,0.275934673655,1.37058078308
77.035,-2.06932050974,7.47791106012
77.04,-2.79046999829,9.793808758
77.045,-0.909027141617,10.1433116088
77.05,1.46519976156,9.28511775511
77.055,2.20050969043,6.97428054707
77.06,0.770575436955,1.47789317747
77.065,-0.215343366311,-13.3207077437
77.07,0.529680368262,-4.11581638619
77.075,0.269076951671,-6.01822959802
77.08,-0.37836841154,-6.10621891382
77.085,0.72080813027,0.628273346411
77.09,1.10053801828,1.40979002826
77.095,0.112025561415,-2.08121184437
77.1,-0.280148782766,-8.5923906268
77.105,-0.251464924415,-8.58643524519
77.11,0.524417115436,-0.674851372522
77.115,1.56435186638,3.96834824976
77.12,0.731172371524,5.34976952011
77.125,-0.820565625692,4.20636544561
77.13,-1.11251105206,1.10832640478
77.135,-0.466776064866,-4.87130796327
77.14,-0.0496441499072,-22.3284026491
77.145,-0.553855342591,-4.87256077051
77.15,-0.32794334599,-3.00505168883
77.155,0.549753862239,-4.56244070245
77.16,0.0995737166546,-5.63025958474
77.165,-0.263468308839,-9.92206607935
77.17,-0.164890277395,-8.84123513982
77.175,-0.82395557793,-1.49801321256
77.18,-0.456376653272,-0.104622681537
77.185,0.80645153507,-1.46331847893
77.19,-0.143418807612,1.2502767559
77.195,-1.64436104659,4.32282408
77.2,-0.496308145518,3.63154801559
77.205,0.347322926345,-3.83026441279
77.21,-0.371890224935,-3.32014902781
77.215,0.31621174564,2.61677541397
77.22,0.986807678639,1.4967459509
77.225,0.957176196234,0.723823632876
77.23,1.66301363605,4.43020273465
77.235,0.827276956278,4.01871412947
77.24,-0.2187736152,-4.55291849403
77.245,0.677559322147,-2.36825645185
77.25,0.0287365280552,3.79194424121
77.255,-1.42406195261,3.50688137005
77.26,-0.26257087586,0.182889975901
77.265,1.0571253852,0.546435528229
77.27,0.0861975577067,3.15973799457
77.275,-1.33157397882,3.96545416389
77.28,-1.3412320764,3.26368793657
77.285,-0.206715548562,1.085716474
77.29,0.556635415913,-2.85641906397
77.295,0.409482470155,-6.76121128966
77.3,-0.0522980701259,-4.80636691431
77.305,-0.994229509354,0.170971672486
77.31,-0.610575479672,3.35207657804
77.315,1.4924096537,4.44009674414
77.32,0.51636239462,5.02934563442
77.325,-2.1036884091,6.53916206284
77.33,-0.401670339221,7.5020959265
77.335,1.95250844181,6.37492972967
77.34,0.793094015935,1.73428371199
77.345,0.248926226659,-7.24560908361
77.35,0.339124359233,0.710980139501
77.355,-1.24148307646,3.41537639373
77.36,-0.792249870731,2.75780075798
77.365,1.03223815495,1.15358247519
77.37,0.391931426358,1.21193696719
77.375,-1.01055371205,2.31673390517
77.38,-1.56889245729,4.33596848629
77.385,-0.327515597892,6.11112574889
77.39,1.73937013236,5.70678880179
77.395,0.442502614494,2.01522409027
77.4,-1.06353134262,1.84617446369
77.405,1.47601002061,6.7083028314
77.41,2.05387456258,8.02801070679
77.415,-0.968432871695,5.82884455724
77.42,-0.683439567682,1.07076169791
77.425,1.46548606599,3.31963392683
77.43,0.241173530794,5.2287724606
77.435,-1.10269186811,2.56837097014
77.44,-0.463537858857,-5.54782259714
77.445,-0.913539809978,1.57567724938
77.45,-1.73483810591,4.83837170788
77.455,-1.01947512283,4.34495056268
77.46,-0.12227830501,2.12877682957
77.465,0.323310690517,0.348814355883
77.47,0.487555034921,-2.4530882581
77.475,0.288379719656,-4.25439620597
77.48,0.7342243305,0.34008520756
77.485,1.02770197603,0.240702757505
77.49,0.521992224211,-5.59745200767
77.495,1.55250927936,3.88894703088
77.5,1.57269594538,8.44826781101
77.505,-1.61326545913,8.98818110962
77.51,-1.94405517911,6.66921879585
77.515,0.692890514643,3.03752327671
77.52,0.958226671954,0.763999343684
77.525,0.131630717523,-0.567793219612
77.53,-0.523425883529,1.13053049277
77.535,-1.32486582943,2.59043520201
77.54,-0.681903274267,0.660891391478
77.545,0.189375601511,-7.83158866697
77.55,-0.300450899243,-10.1770317557
77.555,-0.444739838008,-2.85307679509
77.56,0.216418284271,-2.54808077999
77.565,0.493397663026,-4.05024442474
77.57,0.801450408816,-1.80550396866
77.575,0.845141162454,1.32286945427
77.58,-0.343206009156,2.46279424402
77.585,-1.08372936784,1.26000915918
77.59,-0.967444370844,-0.212853248226
77.595,-1.15801423754,3.21030573807
77.6,0.140370701229,6.0522916997
77.605,1.99660485503,6.40329600308
77.61,0.894426714543,4.54812517082
77.615,-0.817388840895,0.953581991623
77.62,-0.567682514449,-3.89431495186
77.625,-0.255805805534,-6.50894671781
77.63,0.123272831409,-2.65658142839
77.635,0.877987869475,-1.03463732325
77.64,0.0813890173902,-1.68157600095
77.645,-0.919684901687,-0.636976933934
77.65,-0.0144695118731,0.689432495286
77.655,0.645659358048,-1.48789350382
77.66,0.572275618748,-1.78562079865
77.665,1.56155607907,4.39785052422
77.67,2.08330593761,7.40555626178
77.675,0.548698610496,7.91491229528
77.68,-1.26824093492,5.92527402471
77.685,-0.730500611203,-2.44927626734
77.69,0.717995823992,0.140648518556
77.695,-0.898646097537,7.66915371234
77.7,-2.67127656221,8.65388590949
77.705,-1.60480708831,5.7462603674
77.71,-1.09962897047,4.30613619321
77.715,0.00971427714908,6.01822287341
77.72,1.49315536133,3.72869130179
77.725,-0.444561695131,0.399374310034
77.73,-1.13462775997,4.2145310953
77.735,0.781402155908,3.91195121463
77.74,0.774941970648,-1.90936753758
77.745,0.714782628816,-2.2257345009
77.75,0.845504659849,-0.0979446664793
77.755,-0.246070580402,-4.57687783094
77.76,0.0526010367138,-10.6042775905
77.765,0.302670753827,-6.08956295521
77.77,-0.579550472727,-4.63331210858
77.775,0.729601395426,1.03970800207
77.78,1.10705523887,4.47279904436
77.785,-1.60584086339,5.72710487527
77.79,-0.86193749572,6.29319641159
77.795,1.92732522665,6.32298132432
77.8,0.804611617196,4.70347666863
77.805,-0.723056310775,0.439302025482
77.81,-0.483597782695,-6.2730113028
77.815,-0.419936850769,-7.48842397155
77.82,-0.410375837656,-5.81429082934
77.825,-0.198531047455,-2.31790142979
77.83,0.754645805041,0.888593750272
77.835,1.03925849557,0.987653650796
77.84,-0.121028137794,-5.08899903948
77.845,0.357638281653,-5.6558589804
77.85,1.11077860712,3.03516841357
77.855,-0.707983643527,4.6342269034
77.86,-1.17818966027,1.85902195092
77.865,0.499054003764,-3.90648253839
77.87,-0.0968510809402,-1.81823239646
77.875,-0.646926543973,-2.61369432211
77.88,0.979361252713,-0.113496156599
77.885,0.0666626419161,5.47325825865
77.89,-2.1084678583,6.97798911652
77.895,-1.25794163111,4.86316514457
77.9,0.10100120141,-0.912892461942
77.905,0.260228420387,-10.6511252656
77.91,-0.224522962293,-5.50604463402
77.915,-1.3927305377,2.88213515331
77.92,-1.15751191551,5.85202973175
77.925,0.418300005816,5.322917583
77.93,1.00255922537,2.64993091446
77.935,0.998302162211,0.427616109047
77.94,0.591618974973,-4.29616171536
77.945,0.164332002803,-8.98725779315
77.95,1.00830673013,0.979859374839
77.955,0.950986790382,1.56833557134
77.96,-0.349184336788,-5.68480095662
77.965,0.406402652194,-0.668214633102
77.97,1.6013093942,4.15892913128
77.975,0.741763569012,3.8551446718
77.98,-0.128690691587,0.564082971461
77.985,-0.281192046731,-1.59114366818
77.99,-0.610897576928,-1.5649352216
77.995,-0.650634190273,-3.43056284265
78,0.44362114954,-2.60181900331
78.005,1.39968228628,4.49045500319
78.01,-0.380764052927,8.52597275626
78.015,-2.79674130228,9.61382186304
78.02,-2.1191210268,8.0573269864
78.025,-0.186129451156,3.31002181848
78.03,0.0670072657029,-10.57469784
78.035,-0.834548744086,-1.1840774499
78.04,-0.882779869595,4.55478665436
78.045,0.486153121301,6.46340388442
78.05,1.79543225573,6.62373278902
78.055,1.93054612766,5.84877169341
78.06,0.85641342351,3.8706056143
78.065,-0.251896304956,-1.04563441368
78.07,-0.0497754386471,-16.8970618223
78.075,0.244066119315,-4.47317024928
78.08,-0.531793073235,-0.997871189649
78.085,-0.822295266727,-1.24605152819
78.09,0.152632715268,-2.92353944979
78.095,0.552245689785,-5.05057450954
78.1,0.122040605913,-12.3045415881
78.105,0.559252297695,-4.0682101024
78.11,-0.0377169160246,3.02885476523
78.115,-1.60684296725,4.39899564327
78.12,-0.288725886043,-0.625613469589
78.125,-0.0146643990127,-1.64318445513
78.13,-2.19214825771,6.85219019293
78.135,-0.215893389031,8.16507491499
78.14,1.62120659657,4.25554627305
78.145,-0.802466657564,-0.461594688036
78.15,-0.356698115823,5.76681104034
78.155,1.87092127838,6.48859794958
78.16,1.20989604362,2.62695984182
78.165,0.730735249991,-0.674885013896
78.17,0.190976015087,2.32420008346
78.175,-1.49622052419,3.66620458024
78.18,-0.134668648137,6.32333550467
78.185,2.68122018412,8.77193825416
78.19,1.54015900818,8.90852338403
78.195,-0.887565329939,6.26990897657
78.2,-1.01143442854,0.825209758031
78.205,-0.647402590569,-3.7048692803
78.21,-0.325937520481,-7.58598145681
78.215,0.383339717663,-8.29985569054
78.22,0.139959021046,0.106187920155
78.225,-1.00803631563,3.16763572546
78.23,-1.47891047584,3.4007126624
78.235,-1.01093152807,1.6739300696
78.24,-0.587694635069,-0.604833880388
78.245,-0.473753187097,0.0182545099501
78.25,0.11031217367,1.4679825887
78.255,0.869456153946,-0.0107570612438
78.26,0.142063435279,-6.09451268475
78.265,-0.878496333053,-0.0731567941676
78.27,0.251864871847,4.22983153405
78.275,1.52606036141,4.44850253848
78.28,1.26291451243,2.42547644756
78.285,0.892006641531,2.08870293246
78.29,-0.0921325653971,3.25220135667
78.295,-1.32122667499,2.7668660367
78.3,-0.298719951473,0.936640063897
78.305,1.02905316564,0.248772319078
78.31,-0.154735890994,0.631901307804
78.315,-0.897934570466,-0.900284974279
78.32,-0.0910794146847,-8.72711682436
78.325,-0.477267993439,-6.20904880322
78.33,-0.168176283904,1.45694393132
78.335,1.24373313126,2.46690130722
78.34,0.268773842552,-2.13150199932
78.345,-0.30247084084,-4.60930884909
78.35,1.15618601287,1.93841866122
78.355,0.947165697851,2.4140525461
78.36,0.0825044331336,-0.220450546126
78.365,-0.380627745392,0.264868507973
78.37,-1.11173807178,1.06413757497
78.375,-0.242979833181,-1.58278615831
78.38,0.511248410797,-5.7255543496
78.385,-0.281188666434,-7.79241634231
78.39,0.0584589909951,-11.2013031512
78.395,0.224166781664,-5.66482479482
78.4,-0.698452638692,-2.9828472727
78.405,0.141749268095,-1.7333745626
78.41,0.997754699376,0.393728557856
78.415,-0.000479485980058,0.376136805536
78.42,-0.46340717638,-2.38223681202
78.425,-0.765513996084,-0.250924536398
78.43,-1.23362075787,2.06600694463
78.435,0.00814861188153,-0.629853148319
78.44,0.420179947528,-2.33326949036
78.445,-1.62152853357,5.1044625541
78.45,-1.86807332949,7.91316396033
78.455,0.383538127469,7.52223339368
78.46,1.41439530153,4.60965586472
78.465,1.10739970169,0.933657446561
78.47,0.860668374855,-0.606422834749
78.475,0.0531046484858,-4.988413079
78.48,-0.184580968341,-6.67286341587
78.485,1.06146155466,1.3240750073
78.49,1.03425441158,2.97662235051
78.495,-0.218706512437,0.00197687953689
78.5,-0.154112780833,-9.72208983762
78.505,-0.0539458505609,-2.59809708598
78.51,-1.05167009052,1.64680488556
78.515,-1.04380333271,2.35883933263
78.52,0.388684107,0.894604759604
78.525,0.720429318926,-2.77717230247
78.53,0.127250579727,-10.9118079419
78.535,0.332319163016,-6.73440224311
78.54,-0.366889439138,0.38026606744
78.545,-1.44343420624,3.23242806912
78.55,-0.241146575336,3.42107494075
78.555,1.04052947848,1.20176318662
78.56,0.361085671698,-3.77074982838
78.565,-0.402532246585,-7.90279478647
78.57,0.201177576123,-2.21703820256
78.575,1.19778903058,1.59269226909
78.58,0.729050842303,2.92815113333
78.585,-0.534714469127,2.30646381913
78.59,-1.04126809357,1.00425765143
78.595,-1.02577005737,0.738847823129
78.6,-0.299064869276,-0.314626930366
78.605,0.27477921755,-5.9505692456
78.61,-0.0710804249465,-8.28504085423
78.615,0.631656672168,0.01923843312
78.62,1.17423581372,2.02475528702
78.625,-0.168153707134,0.30078882484
78.63,-0.499762925718,-5.97598546686
78.635,0.207676190149,-13.6423443718
78.64,-0.142357558507,-5.66060977115
78.645,-0.755521174506,-2.38761112766
78.65,-0.498082926646,0.153920446996
78.655,0.90660113095,2.06263155819
78.66,1.06611323715,2.60883242468
78.665,-0.658918640625,1.10857841379
78.67,-0.451681643512,-3.89311029546
78.675,0.32816763438,-8.25517772575
78.68,-0.741448468345,-1.60080942173
78.685,-0.54726200412,0.340414344715
78.69,0.593755638735,-0.826958048351
78.695,0.693602923971,-3.1024817655
78.7,0.325850901269,-3.75040976134
78.705,-0.312603801698,-4.97311161048
78.71,-0.262542515605,-11.3341490905
78.715,-0.509269922809,-4.53060104742
78.72,-1.07856426238,2.34406506418
78.725,0.49622288828,4.60501710993
78.73,1.44596009755,3.2333131817
78.735,0.559300806022,-2.49494294582
78.74,0.555474657811,-3.53869034398
78.745,0.240860095307,-0.794834065558
78.75,-0.287011473993,-4.50433908685
78.755,-0.0110240616309,-5.08728342327
78.76,-0.839631453453,2.14778958928
78.765,-1.67687415875,4.72335891938
78.77,-0.318847003303,4.83295627261
78.775,1.21129547515,3.30823674609
78.78,0.967589993489,0.540299053736
78.785,0.429293399119,-1.23423474036
78.79,-0.147188515251,1.63228934182
78.795,-1.50349552725,4.46933635626
78.8,-1.49254008641,5.47724582335
78.805,0.339910416074,5.05471501608
78.81,1.51339885181,3.96824072953
78.815,0.960621430692,2.72298831587
78.82,-0.243618706202,1.01631498613
78.825,-0.712464115723,-0.554837028669
78.83,-1.2339194417,2.01102978857
78.835,-1.3880958453,5.1028495219
78.84,0.35331099413,5.76542495886
78.845,1.50040974798,3.98203981177
78.85,0.867681710099,0.874569484322
78.855,-0.182484735225,-0.649765953983
78.86,-1.07868301859,0.673837867433
78.865,-0.053556865002,2.37726542653
78.87,1.14908300031,1.33824266333
78.875,-0.0317290706423,-4.60129736991
78.88,-0.280048749474,-2.97869549786
78.885,0.95222082369,0.904110017579
78.89,0.87263723397,-0.127783364002
78.895,0.223015131344,-5.12056898431
78.9,0.160494318428,-14.0432614969
78.905,0.687571105098,-3.14030024637
78.91,0.787541273531,2.30692289823
78.915,-0.337410608878,2.87492367977
78.92,-0.56581133607,-2.44092721525
78.925,-0.175272718492,-0.0987820880334
78.93,-1.70917251445,6.48916349751
78.935,-2.32223898554,8.05257110883
78.94,-0.264341162826,6.11895396819
78.945,0.665639094147,0.754172319499
78.95,0.569153486054,-1.8851567937
78.955,1.06144120399,0.519283752545
78.96,0.360153230597,-0.135665178029
78.965,-0.462563086646,-5.14516359606
78.97,0.144749978518,-16.7872939266
78.975,-0.161203530277,-1.55522909251
78.98,-1.27725150117,2.13520998817
78.985,-0.215953944853,1.52366250482
78.99,0.82342239263,-1.43217015977
78.995,-0.917866899125,2.14120996624
79,-1.34980616662,4.5137367773
79.005,0.133526400123,2.43455353762
79.01,0.301665480509,-1.51754481553
79.015,0.741345953898,0.963817619808
79.02,0.828135833252,-1.62645935386
79.025,0.124801434666,-10.3390135794
79.03,1.1026927345,1.77374064366
79.035,0.925040184446,1.73960015828
79.04,-0.142846587486,-13.5472551526
79.045,1.02996919361,0.547797786844
79.05,0.906129474775,3.63789571615
79.055,-0.372436034819,-1.34730737571
79.06,0.380516735771,-8.06006655521
79.065,0.594728814312,2.42157658785
79.07,-0.500483375559,3.98364012356
79.075,-1.28825693247,3.92959483213
79.08,-1.39754682684,3.07684792303
79.085,0.0203136328686,-2.48362214709
79.09,0.356751586343,0.812582710742
79.095,-2.03630559332,7.36387850285
79.1,-2.19168736435,8.89429146017
79.105,0.58826312179,6.69109880879
79.11,0.908496296038,-0.693078256412
79.115,-0.799271473103,-1.85273930462
79.12,-0.401431234178,2.62177692041
79.125,0.739487811043,0.932504416014
79.13,0.389378832448,-7.50228470703
79.135,0.243696631275,-5.76321485204
79.14,0.431651884246,-5.14520311787
79.145,0.36792327826,-2.93290486026
79.15,1.45761660425,4.02472911226
79.155,1.61651834856,6.23703944484
79.16,-0.705417052677,4.5924584169
79.165,-0.889794333029,1.92183348619
79.17,1.52710822861,5.07297240794
79.175,1.88577652922,7.26689662246
79.18,0.215773545318,7.93515417763
79.185,-1.78208432987,8.35603752519
79.19,-2.29855319787,7.4202873039
79.195,0.0838462373701,3.05772526708
79.2,0.667097305972,1.15814540574
79.205,-1.86362995281,6.42275995768
79.21,-1.74328437137,7.80581738027
79.215,0.691610555851,6.29032307411
79.22,1.31149085185,2.43683218805
79.225,0.23872412595,-4.76907945279
79.23,-0.19952549468,-10.2933196463
79.235,0.649755949536,-3.01762505571
79.24,0.404828022292,-0.979987777639
79.245,-0.741601200414,-1.14539395138
79.25,-0.560713707393,-2.51469995285
79.255,0.0231260526044,-3.42790112959
79.26,0.671070081294,-1.3611264524
79.265,0.8780469749,0.266714297784
79.27,-0.434560556862,-0.0182865576415
79.275,-0.732184539112,-1.3209615194
79.28,0.513274388628,-2.2453853177
79.285,0.501449116848,-2.6752667884
79.29,-0.541433656636,-2.65502799391
79.295,-0.57762598849,-1.84492655071
79.3,0.558129648756,-1.07852564344
79.305,0.648187901258,-1.95921077177
79.31,-0.380429944638,-5.84517035399
79.315,0.101495387467,-6.73042712841
79.32,0.628267378939,-2.89730728737
79.325,-0.21829998254,-3.19323857426
79.33,-0.359144677432,-8.6512141009
79.335,-0.247852414342,-11.2827772224
79.34,-0.433398511129,-6.61972109528
79.345,0.033554096932,-6.92553079062
79.35,0.291862456883,-10.6909630271
79.355,-0.0192088253872,-17.4412731724
79.36,0.00810230473305,-25.8923258615
79.365,0.11237723983,-14.2682701027
79.37,-0.228155407391,-9.63935881181
79.375,-0.301668510217,-9.70695588945
79.38,-0.0357203715475,-16.6797402076
79.385,-0.165982200043,-15.4819369608
79.39,-0.161926712568,-8.36030925929
79.395,0.299362356543,-8.19479733335
79.4,0.0333851545867,-10.7911332035
79.405,-0.579514648124,-3.74908315634
79.41,0.391358978991,0.995822428845
79.415,1.3152665944,2.51040572707
79.42,-0.0723020554205,1.70425705296
79.425,-0.928379696914,-0.632326508638
79.43,0.0248462718123,-4.44351172143
79.435,0.161109240005,-15.3133571886
79.44,-0.0215940731721,-9.89657823276
79.445,0.449811560404,-4.78024657884
79.45,0.600400332945,-4.42631966391
79.455,0.7238705637,-1.83444866977
79.46,0.133713841993,0.719200229654
79.465,-1.08090340138,1.13047993165
79.47,-0.360204906686,2.00962266413
79.475,1.43290225566,4.23437191693
79.48,1.692379997,5.86250044716
79.485,0.396831478023,6.69476104817
79.49,-1.2227714541,6.28096896659
79.495,-1.41845980879,3.19037411622
79.5,-0.688568419568,-3.20490321451
79.505,-0.974780478223,0.276309242064
79.51,-1.25607362138,2.17090670738
79.515,-0.941244076532,1.14573884338
79.52,-0.762733870921,1.62824541219
79.525,-0.172960683399,0.661627460753
79.53,-0.165173619843,-3.47895719254
79.535,-0.317817048871,2.66241639383
79.54,1.04260502558,4.97675513077
79.545,1.14704285005,1.19309234761
79.55,0.178040226735,-11.0784895737
79.555,1.03590968588,1.6421864167
79.56,1.16536884383,2.64287726937
79.565,-0.154191156102,-2.23963850148
79.57,-0.171300981418,-9.52019217389
79.575,0.63967490791,-3.11763805531
79.58,0.725830271297,-1.50114991119
79.585,0.109177744058,-3.62468691807
79.59,-0.128123592738,-14.2656854446
79.595,0.304949553195,-10.2134698371
79.6,0.22972663758,-6.09932980241
79.605,-0.0775896958707,-13.0042175322
79.61,0.311561854858,-10.0948987866
79.615,0.660155899942,-2.18979112099
79.62,0.547104563187,1.15080330717
79.625,-0.0534586318346,4.11915789176
79.63,-1.29652637598,5.92978006135
79.635,-1.89416544038,5.63260638579
79.64,-1.38409181018,3.69309421908
79.645,-0.785786548182,2.44356874807
79.65,0.311193542319,0.863932421219
79.655,0.70286237978,-1.25800835155
79.66,-1.28840619398,4.522556796
79.665,-2.08878743263,7.4452411154
79.67,-0.40805612737,6.48970594231
79.675,0.263427873171,3.77626890239
79.68,0.746541649202,5.83933818886
79.685,2.09252475291,7.54369870022
79.69,2.03448939794,6.51528194944
79.695,0.720925121381,2.94354256211
79.7,-0.0744424541489,-7.05925163833
79.705,0.654752291094,-3.43699212949
79.71,1.06436134449,3.13585745847
79.715,-0.295202655551,1.98415379666
79.72,-0.100592627958,-18.7282019368
79.725,0.7288244765,2.23020856547
79.73,-0.914169165198,6.12585577506
79.735,-1.72233794152,4.92807102726
79.74,-1.42500660346,3.19852633034
79.745,-1.39645313385,5.80133812683
79.75,0.733222748599,6.28561794012
79.755,1.35715012072,3.45635990702
79.76,-1.24099257957,2.9420704982
79.765,-0.471183187459,5.63526712646
79.77,1.71404750806,5.04280934707
79.775,0.141613390964,0.0839325326036
79.78,-0.51303217238,-2.09778693944
79.785,0.991987856888,1.51283749896
79.79,0.989905524968,1.10176519474
79.795,0.314681327894,-0.676846887614
79.8,-0.342683611294,-1.44046589489
79.805,-0.568363151499,-4.83593239154
79.81,0.407205160295,-5.84749551784
79.815,0.606679805309,0.299040771372
79.82,-0.676116786922,2.93223508683
79.825,-1.41684831834,3.03187759656
79.83,-0.169354254595,0.203421618106
79.835,0.738953839035,-1.21839677166
79.84,-1.23938946841,4.81854713763
79.845,-1.97492090972,7.20584102038
79.85,0.234035858919,5.49765332514
79.855,0.593651953433,-2.63068828267
79.86,-0.0225532148577,-2.24383589104
79.865,0.864252709928,3.23627698296
79.87,1.68721446827,4.89483608712
79.875,2.12056709704,7.18962540169
79.88,0.768817087056,9.01854133485
79.885,-1.94413376794,8.92751950181
79.89,-2.06211657402,6.49161797095
79.895,-0.81083370013,1.92190470408
79.9,-0.715482803021,2.92958090792
79.905,0.617031210279,6.68447764695
79.91,2.39031069202,7.73761808526
79.915,1.23445800865,5.97119369415
79.92,-0.238985056717,0.967280432715
79.925,-0.306318597658,-2.86464331102
79.93,-0.801058701565,-1.36880201422
79.935,-0.264139418458,-2.37946709937
79.94,0.92220641256,-0.699981234675
79.945,0.284063937011,2.06390190635
79.95,-1.00332500698,3.22877173214
79.955,-1.57295611556,3.9406632249
79.96,-0.922617810353,3.94307244651
79.965,0.411775016548,1.63911460353
79.97,0.454815835652,-5.62959746394
79.975,0.267048518889,-4.25149730177
79.98,1.23889502569,2.04215757242
79.985,0.877647132347,3.95451226574
79.99,-0.82467082501,3.23375684456
79.995,-0.985216600318,-0.069772741626
80,-0.334447783566,-5.8820061503
80.005,-0.0788660043532,-11.2047069378
80.01,-0.007953896117,-18.3003179901
80.015,-0.859384014039,-1.17543676842
80.02,-0.919805449494,4.4456374709
80.025,1.1991332171,6.30614246136
80.03,1.80800147116,5.58751745803
80.035,-0.217418164416,3.14740608063
80.04,-1.13830683838,1.19179667714
80.045,-0.116949044726,0.968563536157
80.05,0.82764081864,0.57813583241
80.055,0.931466983327,-0.61587084782
80.06,0.741521958563,-1.43675906454
80.065,0.372159994608,-2.34621965286
80.07,0.0911204178542,-7.58464245106
80.075,0.53350090028,-2.28866249309
80.08,-0.103227420793,3.85960244092
80.085,-1.66387762413,5.32972273126
80.09,-1.26228989053,3.44157218805
80.095,-0.389440385563,0.207496082216
80.1,0.246001782804,2.23315634813
80.105,1.77464832433,5.16069103684
80.11,0.757138318255,6.68819834982
80.115,-1.98856037358,6.99054916373
80.12,-1.16410990686,5.77129433014
80.125,0.751515769974,2.17146961678
80.13,0.516766339,-5.43260358319
80.135,0.637828370859,-2.84212338346
80.14,1.09064846213,1.26217268572
80.145,0.452539537875,1.91310739736
80.15,-0.386198209011,1.66659905664
80.155,-1.10615575997,2.11021101427
80.16,-1.10086868703,1.884501176
80.165,0.359954376976,0.329401296496
80.17,0.995736339315,1.74718486385
80.175,-0.919928749233,5.18249756512
80.18,-2.01261830423,6.20082953982
80.185,-0.542247175646,3.77176208137
80.19,0.111490386972,-3.22443137978
80.195,-0.0656097519969,-2.6496853569
80.2,0.406117250209,-2.95239590942
80.205,-0.0523073120577,-8.9746564018
80.21,0.425796817311,3.00659331198
80.215,2.02411265191,6.16730955174
80.22,0.572740000544,4.56234842487
80.225,-0.71074510448,-2.79680577297
80.23,0.603962180329,-4.25502401441
80.235,-0.277190419045,-0.038641447129
80.24,-0.865061108535,1.28730944938
80.245,1.25881716387,3.1265966207
80.25,0.4483922753,2.82811382996
80.255,-0.914499450043,-0.692611577015
80.26,0.998223648284,1.21559261994
80.265,0.648713512655,4.68118814928
80.27,-1.33560044646,4.23078474295
80.275,-0.881492719145,-0.676476414588
80.28,-0.960837153048,-0.167626736428
80.285,-0.917495020981,5.42126521503
80.29,1.29365982661,6.95678009105
80.295,1.76653093091,5.02295416038
80.3,0.61571771962,-1.30020277905
80.305,0.907445986497,0.084688612283
80.31,0.631178062299,4.39337419124
80.315,-0.753600861007,4.58112190188
80.32,-1.28009882206,3.26154629449
80.325,-1.60161291657,4.11688162
80.33,-0.929995774932,5.00830848971
80.335,0.933488133505,3.59477246689
80.34,0.804133024304,-0.67487268926
80.345,-0.234575490899,-9.57429741889
80.35,0.257506489596,-9.82852302347
80.355,0.352807820332,-4.44310209482
80.36,-0.174620511126,-4.59413598731
80.365,-0.346733178827,-2.94201101946
80.37,-1.24083080199,2.62606879231
80.375,-1.52974443451,5.29337686101
80.38,0.192786209089,4.81687228004
80.385,1.00408950606,0.482116406439
80.39,0.0911102142771,-16.4224926515
80.395,0.287468967465,-5.72038338202
80.4,0.655724921835,-2.11152407807
80.405,-0.729497969786,0.208614883224
80.41,-0.988917461349,2.76008317948
80.415,0.58656892844,2.25259338463
80.42,0.515068727066,-5.44364896956
80.425,0.327184094064,-0.965805343948
80.43,1.76991933037,5.10796456128
80.435,0.939985289898,4.90721471651
80.44,-0.529426007621,-2.35715751632
80.445,0.56861244945,-4.88447288118
80.45,0.291362297492,2.56235617542
80.455,-1.21598136037,2.68495114531
80.46,-0.587881061469,0.266219810981
80.465,0.71930946667,-0.537804090683
80.47,1.01037805127,1.2757815685
80.475,-0.0336319536909,2.80595091761
80.48,-1.19023637202,2.21944606837
80.485,-0.444738781409,-1.18721299638
80.49,0.785582565444,-2.08778763842
80.495,0.0885763747475,1.70905421557
80.5,-1.13105533128,2.50059266777
80.505,-0.961389683358,-0.175585637317
80.51,-0.697993258833,-2.64499055031
80.515,-0.728776398696,-0.817686266355
80.52,-0.307545859547,-1.59624641874
80.525,-0.0668110868548,-3.64626290482
80.53,0.121676703214,-4.69276308616
80.535,-0.00141522848423,-9.49414966577
80.54,-0.185728304465,-0.31194354237
80.545,1.13984384886,4.78685114734
80.55,1.95143785279,6.02921509288
80.555,0.362348745988,4.81096398017
80.56,-1.04486764275,2.30308646135
80.565,-0.979573576359,0.590615462306
80.57,-0.209861156782,1.16234538555
80.575,0.913691586531,2.19045908784
80.58,1.19188768094,1.59903112071
80.585,0.670364061419,-0.473974507383
80.59,0.282355385381,-0.434637260885
80.595,-0.608215733235,0.396593232221
80.6,-0.824355624443,-0.509084630786
80.605,0.777970193764,0.991197514165
80.61,1.29910449814,4.33960872809
80.615,-0.487633231033,5.81765857834
80.62,-1.71557960815,5.18624882733
80.625,-1.24360216966,2.69757363658
80.63,-0.762138107789,0.580694274582
80.635,-0.5100530903,2.6490820069
80.64,0.755097609457,4.5174876012
80.645,1.59173996756,4.03778377419
80.65,0.272474806912,0.809595599777
80.655,-0.666792191731,-3.51877244263
80.66,0.192101931947,-2.27047597088
80.665,0.898217190021,-0.559374930449
80.67,1.14050421492,1.87622058906
80.675,0.550862175437,4.55961407609
80.68,-1.06443098363,5.34652360527
80.685,-1.54697157001,3.83304708961
80.69,-1.11270168512,1.70874439298
80.695,-0.931746223437,3.09056868522
80.7,0.154087509296,5.08078755965
80.705,1.66905722919,5.65953027428
80.71,1.5247527356,4.92652063023
80.715,-0.0695639992895,2.71491881861
80.72,-0.704826478567,-2.32455721807
80.725,-0.0796362918629,-21.464696464
80.73,-0.448531322751,-2.97814040313
80.735,-1.216304718,2.08512070287
80.74,-0.103988087129,3.62054159957
80.745,1.21983270759,2.7506759264
80.75,0.831930868131,-0.578869376864
80.755,0.510191596287,-2.59287098244
80.76,0.130290119559,1.4039282281
80.765,-1.24224606835,3.44878009452
80.77,-1.0875564071,2.27914524882
80.775,-0.0876112309763,-3.41361386214
80.78,-0.275678664047,-3.25944454767
80.785,0.601519084987,2.21645902725
80.79,1.30088315583,2.43070563397
80.795,-0.156256746808,-3.13172346635
80.8,0.112898960986,-2.91260868216
80.805,1.56022593519,4.07570474163
80.81,0.107861938734,5.99556802367
80.815,-1.60901854324,4.91600959149
80.82,-0.860672580782,0.990794329775
80.825,-0.064471834159,-7.34229310171
80.83,-0.27362242486,-6.14898244602
80.835,0.403362769603,0.172073275467
80.84,1.48889799304,3.54510203262
80.845,0.122297891463,5.45781185753
80.85,-1.9025157195,5.90397372136
80.855,-0.724650594242,4.44573480532
80.86,0.91379549672,0.27571767458
80.865,-0.123839834881,-5.29078482704
80.87,-0.509439428194,-0.99852452837
80.875,1.0770157948,2.131528951
80.88,0.843776786421,3.14568954836
80.885,-1.10159027921,3.06925368944
80.89,-0.870513546349,2.27857717836
80.895,0.828267845919,0.993152457245
80.9,0.631956166393,0.0140506444103
80.905,-0.7558753075,-0.232875351055
80.91,-0.613546263523,-1.52916938174
80.915,0.243663379792,-7.96633801867
80.92,-0.347468961177,-8.13812477454
80.925,-0.685068194612,0.63296559119
80.93,0.461445953452,2.93372452602
80.935,1.24702657205,2.76250100878
80.94,1.23186326371,2.09429644718
80.945,0.463480335255,-0.663290782145
80.95,0.089306190427,-16.5345032863
80.955,0.988459375582,0.181710083433
80.96,0.478684350336,4.03285691976
80.965,-0.851988343524,2.76183939267
80.97,-0.778221895418,-1.95591576071
80.975,-0.563412249968,-4.80888735288
80.98,-0.0191513903645,-6.51526459901
80.985,0.697066391314,-2.84893886317
80.99,0.233106046859,1.16478012068
80.995,-0.708200831386,3.29971852248
81,-1.67863486367,5.30137017232
81.005,-1.8897849531,6.01453641645
81.01,-0.700506153208,3.68003647993
81.015,-0.215039160196,-3.2751851404
81.02,-0.79760563493,1.78265135702
81.025,0.157804012353,5.38781222362
81.03,1.35111525589,3.55949852661
81.035,0.080320020094,-10.251071454
81.04,-0.356114862863,2.83526022581
81.045,1.83421617845,7.48395804353
81.05,2.09763184104,7.2166815278
81.055,-0.0233644132839,2.06332268857
81.06,-0.00563906136664,-8.49361609542
81.065,1.51481544207,3.75200108802
81.07,0.414909766533,6.65613020332
81.075,-1.80754669537,6.33418361848
81.08,-1.02758656244,4.54060474529
81.085,1.1470519531,3.38725273272
81.09,1.03785600428,2.55206117988
81.095,-0.210298453962,-0.65702061669
81.1,-0.239640251814,-10.0170345657
81.105,0.0934244870463,-9.95015609828
81.11,0.0143396587422,-5.00501488138
81.115,-0.303677551615,-1.31663906352
81.12,-0.952848417229,0.710270419609
81.125,-0.795917233359,-1.7095764561
81.13,-0.49895552411,-5.9214200825
81.135,-0.683988734734,-1.69616351621
81.14,0.272424980293,-4.57657070982
81.145,-0.181620307453,-1.39736939553
81.15,-1.7888916785,5.21347777734
81.155,-0.109875682033,5.82666510475
81.16,1.08190110971,0.828240330154
81.165,-0.458238990547,-5.03107863626
81.17,-0.506623820426,-0.34707912396
81.175,-0.0852530477954,-1.37819457197
81.18,0.120590072264,3.4065481461
81.185,1.66472736751,6.59930115863
81.19,1.83260423741,5.41547330495
81.195,0.897849617321,0.559543656474
81.2,1.14345254375,2.57998825393
81.205,0.321429015227,4.50499620973
81.21,-0.990268466024,1.58020864985
81.215,-0.116563270966,-4.9417407632
81.22,0.890490437234,-0.90529680616
81.225,0.615399546323,1.31245613748
81.23,0.0421890188374,2.95217741399
81.235,-0.954129347403,4.71152009535
81.24,-1.66494813606,4.73620359546
81.245,-1.28212743356,2.77952965485
81.25,-0.71657563542,0.2745839813
81.255,-0.335999428927,-1.16939950873
81.26,0.0662302322579,-2.4515545838
81.265,0.422547521146,-4.54551542633
81.27,0.242132845005,-10.0519708128
81.275,-0.558647556514,-5.05401090465
81.28,-0.191275423799,0.545974096725
81.285,1.01294941582,1.71389618934
81.29,0.884792609999,-0.23658686002
81.295,0.274191963566,-3.74680594993
81.3,-0.0390502608522,-5.16183355177
81.305,-0.322291232144,-6.01945006298
81.31,-0.465074577077,-5.95361312935
81.315,-0.653897176717,-3.14121248896
81.32,-0.0858404178821,-2.16919338028
81.325,0.481669210672,-5.08496468154
81.33,0.259949978703,-11.2490776033
81.335,0.731184824111,-2.59271407727
81.34,-0.0066425177566,2.20901068903
81.345,-1.59505858658,4.05669703337
81.35,0.106175912978,3.65408494115
81.355,1.15015256332,1.86777643166
81.36,-0.87563713658,1.37353389632
81.365,-0.538798861574,0.698204971775
81.37,0.465524352613,-5.93632675437
81.375,-0.490285949667,-5.77349519233
81.38,0.303470357896,2.13790003487
81.385,1.45783305413,3.30384351411
81.39,0.59170305341,1.17270474903
81.395,-0.371214594593,-1.95154396673
81.4,-0.719892227254,-2.5064059897
81.405,0.35782161819,0.989855696117
81.41,1.58274264392,4.12439416052
81.415,0.0988647079579,4.48808307984
81.42,-1.12562264727,1.27967039082
81.425,0.0879651404639,-6.83402417805
81.43,0.183230937035,-3.43041853325
81.435,-0.877714084253,-0.759858143526
81.44,-0.267129326165,-1.97635357607
81.445,0.616373407799,-4.09462811302
81.45,-0.0139117465772,-5.05476315258
81.455,-0.298731698808,-10.1464233382
81.46,0.524323527635,-5.00933625321
81.465,-0.419109060698,3.77425752999
81.47,-2.36534371257,7.50027330532
81.475,-1.31574872756,8.24197839666
81.48,0.783136728524,6.72274296018
81.485,1.44182770345,5.1958598664
81.49,2.09878588358,6.50535654332
81.495,1.92088532935,7.66225578404
81.5,0.208759948445,7.34469530696
81.505,-1.27062143588,5.80058722792
81.51,-1.31738059327,2.44076851185
81.515,-0.532036000202,-5.37441745452
81.52,-0.866637008624,-0.559651563678
81.525,-1.43117651423,3.9468678956
81.53,-0.174590583759,3.29829909334
81.535,0.416506843835,-4.52573047986
81.54,-0.269477407925,-3.833003549
81.545,0.795156925004,2.20020050437
81.55,0.855734365917,0.564623549444
81.555,-0.938534069064,-0.534041793127
81.56,0.819244188733,5.59256529878
81.565,2.20375600717,7.61365104281
81.57,-0.825910091353,6.39436158421
81.575,-1.24621627433,3.45670351059
81.58,0.720251948721,0.530049513455
81.585,0.538755343839,-4.86292608615
81.59,0.568607223513,-4.56544356705
81.595,0.354075633819,0.195335653212
81.6,-0.784692186145,-0.0276204822906
81.605,-0.479080606828,-3.66200239986
81.61,0.319279825298,-6.75345941992
81.615,0.5272309374,-4.55252645084
81.62,-0.0386343476171,-0.950046775262
81.625,-1.03822444402,0.547906675108
81.63,-0.212632449224,-0.310527311726
81.635,0.933455014993,-0.554729321262
81.64,-0.26334138461,1.17284899066
81.645,-1.18080521269,1.45497649303
81.65,-0.283725486439,-0.428597913727
81.655,0.471025822624,-3.49754677301
81.66,0.536350662413,-5.22945980539
81.665,0.234175443564,-4.23749832545
81.67,-0.366992786088,-2.36904676327
81.675,-0.8690633315,-0.74752417394
81.68,-1.08478080431,1.10477272916
81.685,-0.851840323979,3.45398988183
81.69,0.345830750148,5.50578641713
81.695,1.88911700009,6.50652132326
81.7,1.73197358038,6.15447594807
81.705,-0.128187147117,4.41559177167
81.71,-1.13100524494,1.4917206875
81.715,-0.455548872842,-2.07339250527
81.72,0.306707768122,-5.86912586996
81.725,0.267920660815,-11.303861313
81.73,0.105198674009,-19.5547966414
81.735,0.287867683438,-10.2686489034
81.74,-0.075462404038,-6.46445118029
81.745,-0.572486668704,-4.45715602042
81.75,0.349039822696,-2.06921014818
81.755,0.802196308336,-0.988770001708
81.76,-0.241671429062,-3.36420840198
81.765,-0.11303764645,-16.9641034983
81.77,0.137423930126,-4.83812416548
81.775,-1.01177343778,0.797919283448
81.78,-0.748225337856,1.83361353939
81.785,0.475066440954,-0.438251709133
81.79,0.47867638402,-5.96481398635
81.795,0.410943130563,-7.62527854024
81.8,0.227367082408,-11.022365065
81.805,0.0553113923775,-10.3219936988
81.81,0.991469427059,0.539586415699
81.815,1.30869592421,3.88862227932
81.82,0.356594063528,4.63470771036
81.825,-0.748709581238,5.0730627639
81.83,-1.69344302061,5.4776281614
81.835,-1.63263873258,4.62642584452
81.84,-0.829603132551,2.87315058212
81.845,-3.47780159078e-05,2.02489245422
81.85,0.932209804039,1.52807106579
81.855,0.962999188528,0.603172707661
81.86,-0.0520841880639,0.34621370354
81.865,-0.992796040547,0.832183833765
81.87,-0.809796993203,-0.219309228774
81.875,-0.0520104563971,-9.90840782005
81.88,-0.933654277865,-0.58319380943
81.885,-1.15801126114,6.66018140943
81.89,1.33482947463,8.53799094054
81.895,2.23460661866,6.9951491066
81.9,1.12845524904,2.88817671647
81.905,0.66997014863,0.952241924286
81.91,0.0205386261318,0.127077149813
81.915,-0.255424554145,-5.11126088913
81.92,-0.157889117872,-3.94515423086
81.925,-0.852056511614,-0.554595772341
81.93,-0.450541395491,-2.84622488003
81.935,0.278212925109,-10.6361531442
81.94,-0.843704939018,-0.971978503905
81.945,-0.50824272973,3.30585204622
81.95,1.5080404092,4.29155628747
81.955,0.49647557924,3.00383096383
81.96,-1.03475862465,0.31165117528
81.965,0.44372919399,-0.346876140414
81.97,0.760108496643,0.251697255244
81.975,-0.619621647908,-2.06597772114
81.98,0.125371062518,-4.08911832088
81.985,1.16071454109,2.63628099287
81.99,-0.497991225959,6.84137820722
81.995,-2.65241597054,8.76803857745
82,-2.04635085181,8.92027654081
82.005,0.284004658233,7.05763858659
82.01,0.980054594431,1.76493120642
82.015,0.171607965278,-6.15939221934
82.02,0.555683705504,2.51928735995
82.025,1.61716133455,4.88884500959
82.03,1.58627151159,4.14453432358
82.035,1.45586876493,4.39456255322
82.04,0.991687995959,5.82458101955
82.045,-0.20656586362,4.99267902601
82.05,-0.672947545817,2.9003826498
82.055,-1.10514876376,3.04612774254
82.06,-1.04042728651,0.351927501977
82.065,-0.16802573876,-10.8430055814
82.07,-1.11633658206,3.43897082728
82.075,-1.99296134726,6.14551028251
82.08,-1.07577141708,4.73153662203
82.085,-0.486854970172,4.02380872808
82.09,0.633869776237,5.04629203482
82.095,1.33785592947,2.63376591673
82.1,0.00174799667729,-6.51015698207
82.105,-0.326509509419,-3.0258758659
82.11,0.484848147273,-1.19573044231
82.115,0.587420551541,-3.042927793
82.12,0.849220236215,-0.942691374271
82.125,0.889724249948,-0.299925231421
82.13,0.173204753935,-5.40472090277
82.135,0.174631598458,-13.7557628153
82.14,0.771546423977,-2.16940565416
82.145,0.512056757686,-1.65644429687
82.15,0.367897074318,-4.66564240319
82.155,0.7113207544,1.88543943676
82.16,-0.39403898397,5.31045780943
82.165,-1.49005571548,4.40265961947
82.17,-0.890388496909,-0.94997911236
82.175,-0.777526279006,-2.13132814254
82.18,-0.833841034637,-0.800998250427
82.185,-0.395416241846,-6.00770959929
82.19,-0.811073688242,-1.33350446114
82.195,-0.537913015471,1.58218836875
82.2,0.208129933143,-1.63793224858
82.205,0.0431659912428,-4.39663929825
82.21,0.41876116496,-1.87482183836
82.215,0.239079890134,-10.3196494718
82.22,0.0316175104652,0.429523824266
82.225,1.73466793341,5.9612772462
82.23,1.58269600683,5.70366658012
82.235,-0.00742809451371,-1.11994231155
82.24,0.560331702154,-3.92977592184
82.245,0.261893645388,2.81935720864
82.25,-0.992813587715,1.57070396094
82.255,-0.195554941712,-9.76907449368
82.26,0.128814912794,-2.34627853914
82.265,-1.29793064526,3.1098402489
82.27,-0.936459288745,3.78842482618
82.275,1.09855785518,2.43340502282
82.28,0.401330242626,2.66051337419
82.285,-1.47851891183,3.795917114
82.29,-0.812981565383,2.2924612974
82.295,-0.121858340264,-1.12471780079
82.3,0.331155366493,2.27656361379
82.305,1.72208923661,4.96382469852
82.31,0.754076699493,4.6028615276
82.315,-1.14872602323,2.11601736587
82.32,-0.180455610527,-0.690746592009
82.325,0.670897359561,-3.40152537755
82.33,-0.349275931006,-6.29436883634
82.335,-0.174404370472,-2.19725731789
82.34,1.00794930832,0.995196914759
82.345,1.03157267496,1.75463819603
82.35,0.154576587095,1.19619236042
82.355,-0.613206427167,-0.843860148533
82.36,-0.405738450283,-7.66963593304
82.365,0.165649929941,-12.2935942029
82.37,-0.322791568598,-3.27709369316
82.375,-0.613137992852,-4.18544999494
82.38,0.210081163287,-12.9111103179
82.385,-0.180256463893,0.233607462943
82.39,-1.70118106212,4.78547953571
82.395,-1.00791237794,5.12144848004
82.4,0.752886064725,1.23922080126
82.405,0.065925552467,-7.08493219971
82.41,-0.625389645744,-2.64206831826
82.415,0.126998665467,-8.5878764802
82.42,-0.874537958357,-1.16436983422
82.425,-0.777349989584,7.01061738694
82.43,2.09814046885,8.87454818061
82.435,1.85851753163,6.44717239104
82.44,-0.00681470568982,-3.07070894253
82.445,0.52523598268,-5.4154208721
82.45,0.0837133227615,-0.758655253513
82.455,-0.769282552534,-2.17657969272
82.46,0.465172376852,-0.563942120559
82.465,0.993803136005,0.290996627343
82.47,0.37714854253,-1.74626896821
82.475,0.0287280453057,-1.61771643725
82.48,-0.77333589762,-0.0441146162223
82.485,-0.685504880928,-0.580684676273
82.49,0.763685385478,-0.496108825241
82.495,0.626499084174,0.521265911039
82.5,-0.536472147776,-1.32112527715
82.505,-0.259754505903,-11.5402803896
82.51,-0.0135136605972,-6.90222185918
82.515,-0.809073489125,-0.914136722298
82.52,-0.649310906357,-1.81076362262
82.525,-0.111981181104,-12.7755607545
82.53,-0.777929310902,-1.37363413282
82.535,0.0419548177877,3.82585917313
82.54,1.48758717842,3.7683078759
82.545,0.379516692465,-3.47326253178
82.55,0.614480873489,-2.43068201848
82.555,1.67065575005,6.15047555405
82.56,-0.719249793362,8.06000242345
82.565,-2.09122639887,6.43067750712
82.57,-0.603812856276,1.41383742021
82.575,0.125950024632,-6.92316850116
82.58,0.201489462724,-12.5851526849
82.585,0.229782869858,-8.58645985098
82.59,-0.244984278379,-2.12662719135
82.595,-1.26658545653,2.7927085482
82.6,-1.69676428018,5.69602941415
82.605,-0.340611180372,6.20374009709
82.61,0.935499276895,4.19960240572
82.615,0.966087672384,1.43457034935
82.62,1.49598751765,3.91484318143
82.625,1.78608499073,6.61816044264
82.63,-0.519989235271,7.03108391098
82.635,-1.91108179108,5.72183154289
82.64,0.46649763402,4.23834014599
82.645,1.33702007745,3.28693144936
82.65,-0.389620408154,1.21291677038
82.655,-0.687211984386,-3.24635825811
82.66,-0.511608814845,-5.32622103395
82.665,-0.422184868895,-0.517316562719
82.67,0.781775787169,2.08752664174
82.675,1.23310682284,2.00621984549
82.68,0.356183515598,-0.909030648607
82.685,-0.0216519121776,-6.2953075892
82.69,0.00473850075415,-6.67676746874
82.695,-0.122405156426,-5.17687000695
82.7,-0.399665165029,-1.29812430986
82.705,-1.3867226142,3.36019685634
82.71,-1.51666301201,5.83318188554
82.715,0.544370670901,6.2283126742
82.72,1.7414458954,4.82476936395
82.725,0.241402888207,1.79891828093
82.73,-0.733140690249,-2.58232282191
82.735,0.00235185373014,-10.1914265745
82.74,-0.249379370195,-11.5330512435
82.745,-0.325239863157,-0.554977373048
82.75,1.2426981654,3.12744559949
82.755,0.940948188689,3.45497664235
82.76,-0.878053091039,1.2064672814
82.765,-0.300140132445,-1.18354719639
82.77,0.982745098012,-0.141195796013
82.775,0.0686071338044,0.11693625619
82.78,-0.790404522741,-2.04218761294
82.785,0.304926436092,-2.37080086101
82.79,1.00043284287,0.903954907294
82.795,-0.104259035344,2.09696866245
82.8,-0.847604703734,-0.372765128503
82.805,-0.316396686751,-9.58653807018
82.81,-0.572215680389,-1.73152072994
82.815,-1.17977581657,1.44463090196
82.82,-0.60246532631,-2.12884244601
82.825,-0.898443334197,-0.801792847987
82.83,-1.28075161157,5.77063938088
82.835,0.586280368417,7.10239071289
82.84,1.51559614209,4.23562295823
82.845,0.701948233989,-3.0641835599
82.85,0.659951585863,-3.41655453591
82.855,0.604627983715,-4.21256064905
82.86,0.614017980978,-4.23629048181
82.865,0.926870905719,0.599765104197
82.87,0.0893138205221,1.02979485665
82.875,-0.589625966815,-2.89393050837
82.88,-0.238436951155,-11.3592970982
82.885,0.14542351667,-13.1153922622
82.89,0.56067985963,-3.91606466148
82.895,-0.225629099826,1.09098897765
82.9,-1.37814493501,2.78616410609
82.905,-0.133817440746,2.45643894594
82.91,1.0788546948,0.97599955895
82.915,0.629262743505,-0.994813988929
82.92,0.024426446696,-0.0731036314871
82.925,-1.15458318951,2.26477835054
82.93,-0.742653822023,2.89618153158
82.935,1.27235772925,2.84984367667
82.94,0.374074952405,2.88963025573
82.945,-1.1456554798,1.41173789071
82.95,-0.0183326953955,-2.06515014357
82.955,0.742472434196,-1.82159025846
82.96,-0.300932334411,1.59645722485
82.965,-1.54735392028,4.00738260855
82.97,-1.1974615062,5.03398235103
82.975,0.560864675723,4.51104167542
82.98,1.35868887161,2.76401142304
82.985,0.665751432628,0.74427346331
82.99,-0.345307581753,-0.748591569066
82.995,-0.757563826516,-2.14007125984
83,-0.606408542722,-3.49481162176
83.005,-0.336023500045,-3.61045617837
83.01,0.141744885585,-6.05417827817
83.015,-0.0899804575736,-20.905541332
83.02,-0.613893132385,-0.562469053293
83.025,0.534568440499,4.0372394516
83.03,1.62871884465,4.41795197453
83.035,0.904422004717,1.35333405055
83.04,0.263727263212,-4.61409874813
83.045,0.258309305207,-6.52545225445
83.05,0.235125550506,-6.34611963828
83.055,0.233689142793,-3.44454148258
83.06,-0.192011296956,-1.43209488869
83.065,-0.501180255063,-2.31384023432
83.07,-0.75922697773,-0.675953219427
83.075,-1.21857322382,1.7945354919
83.08,-0.398729118675,-0.301061109363
83.085,-0.0529381150333,-22.058137549
83.09,-1.06778504517,1.50097502816
83.095,0.0502023759299,5.6516456852
83.1,1.60517058271,4.88943516278
83.105,0.740686721425,-1.41704218599
83.11,0.528361934732,-5.26843724869
83.115,1.00791584254,1.22124124911
83.12,-0.180455668093,-0.105908878273
83.125,-0.188416821964,-7.37804928947
83.13,1.35407358302,2.93209998455
83.135,-0.104815525701,7.10573758262
83.14,-2.28927367655,7.40408314533
83.145,-0.674665723598,4.36586581521
83.15,0.645374188064,-3.47417372701
83.155,-0.502695085888,-5.31191047026
83.16,-0.143214188618,-1.15169174443
83.165,0.73564912743,-2.36107925617
83.17,0.158471386843,-12.1443320516
83.175,0.55822266215,-4.74490858319
83.18,0.783210194947,2.54121397206
83.185,-0.99730110928,4.671630704
83.19,-1.43710126035,3.4876995516
83.195,-0.0277998231324,-1.53201156134
83.2,0.236229970181,-11.7808362667
83.205,-0.387109462422,-6.50683402191
83.21,-0.730293736257,-2.64852037829
83.215,-0.770875066969,1.02341417093
83.22,0.291486815797,3.46251110419
83.225,1.48854238393,3.49806511513
83.23,-0.193564025297,2.75827783195
83.235,-1.83602485653,6.34570978915
83.24,1.1832096891,9.45084902171
83.245,2.91765921878,9.44274074985
83.25,0.133274074765,5.00904834907
83.255,-0.0161062177971,-20.8035778121
83.26,0.932541355087,2.94289009805
83.265,-1.01831118468,4.17015967421
83.27,-0.513813967652,-1.09045256644
83.275,0.965243621685,0.734241402335
83.28,-0.641021932912,4.00676839377
83.285,-1.183130981,1.54560241025
83.29,-0.827895849325,-1.61231310602
83.295,-1.26420381892,2.63713974023
83.3,-0.419577386536,2.59214383646
83.305,0.271411084593,-1.36998311884
83.31,0.438449882573,-3.1284274797
83.315,0.428308490276,-6.46205855945
83.32,-0.847964593336,-1.43160374765
83.325,-0.169065226627,5.1208646655
83.33,1.84518349227,6.07602367271
83.335,0.752211057513,0.973911350436
83.34,0.0161702113896,-6.56308660938
83.345,1.79676709992,5.32187938186
83.35,1.64790029096,7.77907202399
83.355,-0.53182871596,6.93420511563
83.36,-1.32186786058,3.1416723644
83.365,-0.317678341153,-9.29106971994
83.37,-0.133475744207,-2.16558599939
83.375,-1.31985850168,3.09800888805
83.38,-1.05789484724,2.27627942828
83.385,-0.252813619641,-3.48916309664
83.39,-0.412065978885,-0.71288295424
83.395,0.850635635024,3.33420306022
83.4,1.38448685888,4.00775291657
83.405,-0.812419892422,3.21834719233
83.41,-0.866534082234,1.31894256029
83.415,0.506929724085,-4.02752418073
83.42,-0.268798791817,-10.7523544019
83.425,0.269369269566,-0.995391371272
83.43,1.20283431604,2.69842294574
83.435,-1.04214890955,4.84185343176
83.44,-1.58930955035,6.25241003515
83.445,1.18952369945,6.31182558103
83.45,1.43180308487,4.07771618429
83.455,-0.208011545883,-3.25967133379
83.46,0.39942070085,-7.68244466403
83.465,0.541660999093,2.16487560022
83.47,-1.14570119619,4.29064095728
83.475,-1.37654006537,3.14102851068
83.48,-0.354514161519,-0.851790309521
83.485,-0.0620419384743,-8.61721363333
83.49,-0.468896986364,-3.19583380205
83.495,0.142140829456,3.371130214
83.5,1.96268543157,6.18160760846
83.505,0.830715277472,6.86174208578
83.51,-2.23972694536,7.38051238264
83.515,-0.711969408741,8.61779268303
83.52,2.44514151668,8.80498065371
83.525,1.80589864209,6.92550328389
83.53,0.321910449034,4.28879168682
83.535,-0.821195716798,3.90298018198
83.54,-1.39859976173,3.12683060157
83.545,0.507244046545,1.98215403641
83.55,1.18550294382,3.27821615026
83.555,-0.673644977178,2.92551240623
83.56,-0.675498445877,-2.98363429969
83.565,0.284144064201,-7.97129513477
83.57,-0.690141678568,1.65431362347
83.575,-1.40926556739,3.00486423959
83.58,-0.656545541726,-0.257608831053
83.585,-0.615054721587,-2.36772738364
83.59,-0.755304299466,3.50085405237
83.595,0.787573677787,5.81263303724
83.6,1.74101066284,4.81877025422
83.605,0.120955804284,0.443936108494
83.61,-0.745499693924,-1.00822486028
83.615,0.787699135095,2.24051328859
83.62,1.01922587088,0.582323260681
83.625,0.198197322058,-12.508525692
83.63,0.994190040146,-0.047375883781
83.635,0.683624950164,3.21398119712
83.64,-0.67541022786,0.0999198003322
83.645,-0.000400758426801,-13.0614277145
83.65,0.573991903213,-1.38492184367
83.655,-0.317106230287,1.72969089971
83.66,-1.22139585178,2.49135410034
83.665,-0.968749116868,2.24372197042
83.67,0.827581307141,1.72058956278
83.675,0.98462298225,3.28113930598
83.68,-0.695097085862,3.29781537088
83.685,-0.839893737092,0.085836887503
83.69,-1.48913870546,4.61360255942
83.695,-2.48610780062,8.43187167207
83.7,-0.665305612478,8.06314187301
83.705,0.669294717727,3.62737195535
83.71,0.469699316706,0.895859489053
83.715,1.11793208818,2.62364730974
83.72,0.789787918579,-1.80033239762
83.725,0.263827667117,-8.15425459327
83.73,1.08817495886,0.958888251749
83.735,0.892747891258,1.44455920667
83.74,0.15348882085,-1.43435741025
83.745,-0.199398076551,-2.13215891798
83.75,-0.665219022467,-2.31851108638
83.755,-0.513714542562,-5.71081423756
83.76,-0.676211264293,-3.14767288432
83.765,-0.478118165029,1.86536332625
83.77,1.04456727288,2.95822911992
83.775,0.730509266211,-0.184099244356
83.78,-0.654745249917,-3.6734769151
83.785,0.314429012813,1.92900542736
83.79,1.51813508992,3.67488577186
83.795,0.665969574401,1.05239685738
83.8,-0.00671116372436,-15.3869807352
83.805,1.02286967698,0.2001177222
83.81,1.0004367524,5.16637942545
83.815,-0.75090915622,4.45827962735
83.82,-0.561491553377,-4.86105056827
83.825,0.162623413266,-0.937130122927
83.83,-1.32028571313,4.65288155559
83.835,-1.21714680633,2.90489994416
83.84,0.244385252719,-8.96668778578
83.845,-0.615020432155,-1.37502830812
83.85,-0.895452784896,0.656396816213
83.855,0.383917962054,-4.60228070478
83.86,-0.0208753360717,-1.45655987659
83.865,-1.46966391726,4.02570307457
83.87,-1.97064989411,6.91609755208
83.875,-0.501988548567,8.1866440731
83.88,1.59572782768,6.97170212751
83.885,1.08765204432,1.22906360032
83.89,-0.260537474852,-10.9426732137
83.895,0.48321096966,0.954013481381
83.9,1.19544948973,1.70135479431
83.905,0.739587084092,-2.246204724
83.91,0.887535659756,-1.01673624845
83.915,1.20218982573,3.26188758372
83.92,0.353021454432,4.20472371008
83.925,-0.56123105478,2.87522541047
83.93,-0.900657088445,1.77987939955
83.935,-1.18382390088,1.75858468869
83.94,-0.937621967603,-0.308106520801
83.945,-0.880144583884,-1.0099144738
83.95,-1.43876360214,4.34320484634
83.955,-0.600298241602,7.37802666228
83.96,1.44211569951,8.26437872879
83.965,2.4960852954,8.08420595786
83.97,2.00284466598,7.67080345558
83.975,0.369525725157,7.14543939363
83.98,-1.33311172818,6.12539548197
83.985,-1.59991012317,4.11522830097
83.99,-0.545032867271,0.310635030992
83.995,0.0078351375352,-6.36197428176
84,-0.0675329732525,-6.2861314559
84.005,0.405987437267,-2.79403606698
84.01,0.760733807029,-2.37412304306
84.015,0.298769302107,-3.00376103318
84.02,-0.675684806558,-1.83855839198
84.025,-0.789946874356,2.39020990506
84.03,1.34895544743,6.38547736305
84.035,2.40754416366,8.33186303996
84.04,-0.197642745696,7.71435499995
84.045,-1.47953810016,3.48151425092
84.05,0.312644502368,-5.24506255756
84.055,0.231363045738,0.978961149476
84.06,-1.10693352638,2.07487221198
84.065,-0.623127693579,-3.23484831083
84.07,-0.287643365562,-10.0915885795
84.075,-0.763624293618,-2.22384689366
84.08,-0.9798673587,0.461403532464
84.085,-0.655541769877,2.52701950521
84.09,0.542363009413,2.21322219962
84.095,0.669492894811,-3.45469917186
84.1,-0.349445626462,-9.07884060303
84.105,0.021446924066,-1.47166964352
84.11,0.569174357671,-2.03043138125
84.115,0.781446192243,-0.66474599476
84.12,1.45538949805,3.52698298082
84.125,0.0752630883296,4.67091028446
84.13,-1.60876165383,4.13026727976
84.135,0.381109309458,4.89232434062
84.14,1.95445826438,6.02377785391
84.145,-0.0926548030479,5.30622139931
84.15,-1.24892430967,2.02540700012
84.155,-0.150568625148,-4.8015526664
84.16,0.0808691359041,-20.9999568226
84.165,-0.193967623329,-11.8836836545
84.17,0.215613712851,-8.64725015876
84.175,0.24847806518,-11.8614096029
84.18,0.0684090208696,-15.4234698191
84.185,0.723862194672,-2.27338253643
84.19,0.99008633253,2.28141028479
84.195,-0.283106690313,2.6980290901
84.2,-0.716265884469,-2.46230901587
84.205,0.160417827671,-10.222166968
84.21,-0.384684163635,1.80351248625
84.215,-1.49616679348,4.09659452515
84.22,-1.4037930404,3.51717536837
84.225,-0.708343268474,1.7867846268
84.23,-0.103889741391,-2.31352844394
84.235,-0.350449907839,-5.36886085415
84.24,-0.589989764001,2.03085632362
84.245,0.463696770993,4.89754621476
84.25,1.4925923162,4.92442858224
84.255,1.5480082633,3.8003436156
84.26,1.24736060465,3.38154640878
84.265,0.420261307272,2.94591763176
84.27,-0.509138212132,-0.280467281928
84.275,-0.118013295704,-14.44587465
84.28,0.06451513899,-0.355359134426
84.285,-1.51502991248,4.94534762775
84.29,-1.65467528191,6.48187920855
84.295,0.763111409151,5.97513882909
84.3,1.60543213289,4.38838300222
84.305,-0.346699430502,3.19457843027
84.31,-1.39306642888,3.00594898751
84.315,-0.150992351699,2.24480424504
84.32,0.768214768222,-0.138750357176
84.325,0.755574408992,-2.43395722113
84.33,0.556982271158,-2.38886326027
84.335,-0.227088695316,-3.32315784164
84.34,-0.502272179312,-5.76715462624
84.345,0.0257369273589,-7.4158077693
84.35,0.381525891583,-7.21782955521
84.355,0.434758681169,-6.10239067608
84.36,-0.113752480923,-7.68041914056
84.365,-0.215295183657,-10.4680361358
84.37,0.344359854424,-7.52843540432
84.375,0.465908431973,-6.49401993756
84.38,0.609214098804,-2.59660569119
84.385,0.170046191378,1.35245939527
84.39,-1.02041149725,2.91878818135
84.395,-1.38823260619,3.13702955053
84.4,-0.237399718076,3.01650964247
84.405,1.30474872042,3.00814461191
84.41,0.759958669139,2.94250574719
84.415,-0.699788005222,1.15112632796
84.42,-0.55622191362,-4.65993433896
84.425,-0.854684272734,-0.0916417412417
84.43,-1.70961458541,5.3149849998
84.435,-0.124188788112,6.85636905416
84.44,1.74520008619,5.55746695515
84.445,0.657129384913,1.48173143583
84.45,-0.575501762533,-4.11588960663
84.455,-0.106008369346,-6.72566815047
84.46,0.161356113226,-9.26537733823
84.465,0.370304427075,-6.30559372777
84.47,0.493351697397,-5.8439393867
84.475,0.002947909956,-16.2238337959
84.48,0.230902897363,-7.82494757989
84.485,0.815473577013,-1.75594010994
84.49,0.588965419601,-0.283450656297
84.495,-0.105646166844,-0.801634240041
84.5,-0.430326974209,-4.19595649181
84.505,-0.203716197156,-7.24134395517
84.51,-0.742273553823,-0.566901329318
84.515,-1.02578697385,1.19705771151
84.52,0.307005837663,-1.63500413336
84.525,0.281553864443,-4.23299821723
84.53,-0.899553278978,-0.802859006322
84.535,-0.278489455104,-1.13038655436
84.54,0.431245705669,-6.43239979487
84.545,-0.0678029466981,-12.231922493
84.55,-0.322853874441,-9.81458988409
84.555,-0.513796274187,-5.65903216407
84.56,-0.831942385534,1.32735776534
84.565,0.212468492315,5.08864033326
84.57,1.74413179824,5.89088946292
84.575,1.43565422598,3.93876913125
84.58,0.438647660177,-0.286041007628
84.585,-0.0177964277343,-4.45267703031
84.59,-0.196884763565,-14.0519618294
84.595,0.682547179375,-2.69410421685
84.6,1.03527152745,3.55882849543
84.605,-0.652933278766,4.59624554544
84.61,-1.06414594309,0.562859876115
84.615,0.369358905919,-8.62487625317
84.62,-0.309774814026,2.91031301451
84.625,-1.80744188352,5.36621388668
84.63,-1.23150078243,3.77372875044
84.635,-0.560736904128,1.78137201759
84.64,0.214916909732,2.8888018115
84.645,1.19149534173,1.81440872967
84.65,0.0438142375692,-2.06469161512
84.655,-0.745186174455,-1.71397938857
84.66,0.174612191512,-3.7294651338
84.665,-0.16109207922,-12.5631474917
84.67,-0.110465693362,1.53440521225
84.675,1.40036285599,4.3493092246
84.68,1.04770273471,1.84644748231
84.685,-0.110138475192,-12.0713497289
84.69,0.52933738028,-1.36745611684
84.695,1.6629627259,4.41909947074
84.7,1.55889746902,7.1846074668
84.705,-0.513009102998,7.93856331301
84.71,-1.8392672201,5.56293828278
84.715,-0.186486771101,-3.07137100272
84.72,0.256219336567,-1.95339431717
84.725,-1.02680305659,1.33885490805
84.73,-0.550100174459,-3.51956599574
84.735,-0.214969068239,-12.5874746296
84.74,-0.558580139469,-4.93082143338
84.745,-0.207175453462,-11.3624259293
84.75,-0.54631140221,-5.2432251523
84.755,-0.531563383822,-1.45632106432
84.76,0.104225846099,-5.90687376788
84.765,-0.207863865659,-8.13360472621
84.77,0.213423713883,-1.49585997603
84.775,0.73311172629,-2.66536516398
84.78,0.0243404440658,-12.6089175589
84.785,0.118506099,-13.7337504377
84.79,0.100477933421,-11.972370453
84.795,-0.365133300889,-7.70467226477
84.8,0.294068769334,-4.35031100635
84.805,0.457428844673,-6.73711042317
84.81,0.285325855817,-10.3344344586
84.815,0.216404832956,-4.99054730182
84.82,-0.751554656185,-1.76063635555
84.825,-0.432000040139,1.16497004735
84.83,1.20745920639,3.42426350784
84.835,1.52773910817,5.01701779704
84.84,-0.302690111329,6.26765097929
84.845,-2.12957066945,6.5880395403
84.85,-0.0821106057879,5.67434580329
84.855,1.65820215878,4.64137428591
84.86,-0.833271282367,4.28573145725
84.865,-0.993007485202,2.1944459889
84.87,0.392807778834,-6.89493353549
84.875,-0.74864601503,-2.5026250594
84.88,0.136676893293,2.90804483335
84.885,1.22196737277,1.74805414309
84.89,-0.261884990121,-6.27561554499
84.895,0.219941574353,-0.500349988888
84.9,1.42454058914,3.07384550929
84.905,0.83125855831,2.38027167629
84.91,0.263289075762,2.18957503026
84.915,-0.744318160511,4.31721236614
84.92,-1.70300958914,4.68645390366
84.925,-0.661738100952,2.15088205744
84.93,0.500547451931,-3.97997633624
84.935,-0.00435701608236,-7.50549734875
84.94,-0.520820307548,-5.51007835292
84.945,-0.587578395358,-4.05403438315
84.95,-0.498156204391,0.264025574257
84.955,0.800284414924,2.57849352252
84.96,1.0974051461,1.89689980826
84.965,-0.646512583815,-0.636695525042
84.97,-0.236838154344,-0.0111759403747
84.975,1.21279521812,1.69432571431
84.98,0.13883256899,1.07004527098
84.985,-0.781438579768,-1.67951129924
84.99,-0.436314507207,-4.18898160129
84.995,0.195353959403,-2.4514208633
85,1.04552169836,0.390456899015
85.005,0.281773338608,1.06801970547
85.01,-0.686332684532,-2.16839940767
85.015,-0.0742176316103,-21.6371914701
85.02,-0.366767193266,-4.48011313076
85.025,-0.774616776906,-1.68162799922
85.03,-0.0295301802415,-6.69013189235
85.035,-0.312007976278,-9.2855823157
85.04,-0.00154847005674,0.52633880083
85.045,1.51027178228,3.60698643416
85.05,0.0343608612371,4.72778828189
85.055,-1.74897131918,4.8679080874
85.06,0.144934210455,3.0654712412
85.065,0.685727739031,-2.40443995386
85.07,-0.832401724009,-1.59307288598
85.075,0.109255017659,2.94762895964
85.08,1.46518239265,3.56467467101
85.085,0.75423618552,1.43541584547
85.09,-0.28794389167,-3.08992952052
85.095,-0.306971963601,-9.04936374125
85.1,0.404468298137,-5.24119451977
85.105,0.881687889272,-0.542113130928
85.11,0.317966192204,2.25703561075
85.115,-1.03280867432,3.24416599193
85.12,-1.1815287778,2.04021485558
85.125,0.0838034472494,-1.56401327724
85.13,0.513194428218,-5.68650570551
85.135,-0.0708757765897,-5.27830274994
85.14,-0.666623651997,-2.94177390223
85.145,-0.713907801302,-1.01013122335
85.15,0.164870532639,-0.276877842759
85.155,0.924231371018,-0.618164502196
85.16,0.163107592196,-0.998205790539
85.165,-0.927865023996,-0.535755296286
85.17,-0.236694793442,-1.06672604409
85.175,0.388943078538,-6.26015925194
85.18,0.084643871678,-8.44252878342
85.185,1.01032711334,0.650365246052
85.19,0.783172229842,3.03905611452
85.195,-0.849895924718,1.45541230196
85.2,-0.405504382475,-6.6318825941
85.205,-0.372815894013,-6.06239567871
85.21,-1.12823084853,2.34376829894
85.215,0.471137113128,4.73068262582
85.22,1.59546536284,4.07254261094
85.225,0.578710639407,0.409038935115
85.23,0.111870466502,-5.44487709814
85.235,0.0906700212377,-2.87962327621
85.24,-0.56100604272,-0.551279267359
85.245,-0.910687798502,-0.754251527438
85.25,-0.745668779058,-0.962112508999
85.255,-0.111982751841,0.666262533671
85.26,1.22699263759,2.64356305716
85.265,0.915240769048,4.3876570288
85.27,-1.41461781372,5.50389614804
85.275,-1.4139995259,5.06552157505
85.28,0.551287499356,1.8633206149
85.285,0.343698853406,-7.80142096606
85.29,-0.361845333207,-5.43133433029
85.295,0.616649801201,-0.786464714434
85.3,0.615817268918,-2.76397979907
85.305,-0.197386519422,-13.3524012028
85.31,0.45126188558,-5.41689469086
85.315,0.306628651336,-3.79421829362
85.32,-0.459688872627,-5.86911866521
85.325,1.13386894195,2.44275151856
85.33,1.37047878554,6.74348923826
85.335,-1.37506229429,7.41682707168
85.34,-1.62660883765,4.79881189083
85.345,0.302472347805,-2.22020797721
85.35,0.0893625043725,-2.14681215905
85.355,-1.3670355615,3.02087262481
85.36,-1.08128436056,4.3331787857
85.365,0.458287210982,2.22945765932
85.37,0.427745674253,-7.17924068889
85.375,-0.184227014159,-5.69966655574
85.38,0.613521541707,0.196790310971
85.385,0.892782379313,-0.984554395968
85.39,0.462262678097,-5.68758334249
85.395,0.366931816572,-6.51423635781
85.4,0.0479208515854,-12.5292356106
85.405,0.364403994096,-8.38397631432
85.41,0.689918076038,-0.60310901918
85.415,-0.347255794125,0.291998868097
85.42,-0.649078314061,-3.67847319625
85.425,0.273258179594,-9.09798233436
85.43,0.232506726574,-4.20237732841
85.435,-0.448663909853,-3.71201593144
85.44,-0.349240945574,-8.9674102232
85.445,0.100816810307,-15.4954334928
85.45,-0.304197171995,-2.66818984531
85.455,-1.03773457267,0.425888527985
85.46,-0.624364628977,-1.36996701592
85.465,-0.242875687836,-8.56231981408
85.47,-0.641996476327,-2.50850805915
85.475,-0.454620615969,0.949616809872
85.48,0.16145267991,2.92345792477
85.485,1.40422723976,5.57759793746
85.49,2.01941963721,6.40505948224
85.495,0.209338658884,3.65252414052
85.5,-0.397067810609,-7.90223710634
85.505,0.764283946766,-1.79456929981
85.51,-0.0974660516323,3.20071016536
85.515,-1.36179114514,3.30932102141
85.52,-0.933257924645,1.01503358346
85.525,-0.148853852511,-2.53326883884
85.53,0.144017526217,-7.79249549309
85.535,-0.0163207730084,-11.3335987688
85.54,0.106799175741,-4.64636022771
85.545,0.697207967157,-1.32788019058
85.55,1.00236895149,0.228448640597
85.555,0.430354598344,0.684368396887
85.56,-0.581850287047,-0.575178808853
85.565,-0.57993124689,-4.3934627608
85.57,-0.0701318084425,-11.4335325797
85.575,0.00511314980166,-11.9790758037
85.58,0.491352282479,-5.41618325152
85.585,0.471442843133,-1.59701306275
85.59,-0.732021414007,-0.0437900525111
85.595,-0.739756793815,0.419897202576
85.6,0.861869834669,1.46799089557
85.605,1.05794975375,3.07214067863
85.61,-0.77384224322,3.61025673543
85.615,-1.13937626209,1.69041071369
85.62,0.372533665963,-4.00822681275
85.625,-0.0535122644134,-1.23613198571
85.63,-1.42056964104,3.04927221416
85.635,-0.478640822815,2.64437261991
85.64,0.31836432507,-4.18873513412
85.645,-0.326184770643,-3.88674377912
85.65,0.374114615013,3.62788784677
85.655,1.72958412304,5.50986722648
85.66,1.65088597762,5.03566159271
85.665,0.721491311311,3.42515575716
85.67,0.0261658612091,0.268551842534
85.675,0.182558414474,-0.355106114251
85.68,-0.42330615411,5.52654071442
85.685,-2.43923410959,8.58310734303
85.69,-2.29558655792,8.83886097788
85.695,0.126336873198,6.59661852127
85.7,1.01689017717,1.27063424314
85.705,0.195484435047,-13.4971819655
85.71,0.0377602921428,-6.68411675025
85.715,0.637101830524,-3.06368611631
85.72,0.362507801462,-6.40314142783
85.725,-0.0317619543766,-26.0007075187
85.73,0.477709661185,-6.01776246511
85.735,0.478432760487,-3.19365751569
85.74,-0.104399245515,-3.76677636489
85.745,-0.490761505221,-4.05080018276
85.75,-0.736347546582,-2.47974666474
85.755,-0.265937380363,-0.720729923593
85.76,0.80691500515,0.829803012133
85.765,1.22471677801,2.30519432929
85.77,0.158539054842,3.41900536116
85.775,-1.30629077036,3.55827245711
85.78,-1.01592804291,2.25877421874
85.785,0.282137941799,-0.47518236129
85.79,0.671536498401,-3.43531876397
85.795,0.260721199364,-3.87309250646
85.8,-0.613176158022,-1.7049157012
85.805,-0.911971129224,0.34794578975
85.81,0.123344661574,1.04911298766
85.815,0.987122372733,0.365032380064
85.82,0.590452550375,-1.50988613665
85.825,-0.205048523782,-4.43398208681
85.83,-0.417904442922,-7.47179608991
85.835,-0.270282459347,-7.75297007411
85.84,0.258036219183,-5.80515415483
85.845,0.491739851485,-4.96208093918
85.85,-0.438234066693,-4.96555585635
85.855,-0.135347299955,-2.62173501016
85.86,0.946237536817,-0.463362941762
85.865,-0.277289981431,-0.338070043551
85.87,-0.743881148521,-0.497046282007
85.875,0.789816841702,-0.00635639520971
85.88,0.454479982303,-1.97051329051
85.885,-0.350072998609,-9.0922060346
85.89,0.502796162149,-3.49948910119
85.895,1.10443731614,1.41482686209
85.9,0.759327885098,5.09152266157
85.905,-1.1242343135,8.17938049426
85.91,-2.88805875032,9.24696740148
85.915,-1.29682244062,7.5441671034
85.92,0.57582417646,1.74911559789
85.925,0.0635688505386,-16.8525759624
85.93,-0.0622812172874,-4.36167538356
85.935,0.499194741329,-4.01607527097
85.94,0.391136639235,-7.57710183723
85.945,0.0764706530449,-7.49916521661
85.95,-0.686671909676,-1.41539917661
85.955,-1.35325277033,3.7199363286
85.96,0.0851629256924,6.07651088667
85.965,1.69404854161,5.25411790759
85.97,0.650191981111,-0.573635963388
85.975,-0.0637185746787,-12.8962567071
85.98,0.785830033011,-1.39100608714
85.985,0.660339571775,-2.80683507977
85.99,0.601421049499,-4.00812987678
85.995,0.698765027148,0.309860552677
86,-0.129900306957,-1.15729449409
86.005,-0.0139986896398,-11.0093788209
86.01,0.173374678226,-0.682444251028
86.015,-0.979748801596,2.66171673775
86.02,-1.15679388096,1.7447507479
86.025,-0.0407331667252,-1.92377214632
86.03,0.530892525204,-5.42754944917
86.035,0.12263327592,-3.55784205392
86.04,-0.770313217565,-0.773313709683
86.045,-0.869559510462,-0.155689999169
86.05,-0.176139613414,-1.70700311769
86.055,0.276966926797,-2.53239589369
86.06,0.825369887348,-0.998629205332
86.065,0.656062732003,-1.0931620843
86.07,-0.185689831113,-5.59835100691
86.075,0.0623132918916,-20.5973456864
86.08,0.0548354536974,-5.27998359325
86.085,-0.388006487048,-5.60372204126
86.09,-0.248405213344,-6.31885544157
86.095,-1.13838215806,1.83261416468
86.1,-1.19825743369,4.27405972981
86.105,0.619446221789,2.00581766166
86.11,0.30132393133,-4.3129792455
86.115,-1.01826472747,0.289665850618
86.12,-0.178026035618,1.63868258516
86.125,0.342585860824,-3.12573489261
86.13,0.0964573409403,-0.858214325769
86.135,1.23647116951,4.39492670704
86.14,1.69023028513,4.81504225328
86.145,0.427546382801,0.955755289231
86.15,-0.0263386526718,-8.94480038147
86.155,0.111420729288,-14.3470494292
86.16,0.344587848587,-8.12368913383
86.165,1.34633568822,2.92287491534
86.17,0.491843039724,7.04105775882
86.175,-1.85653031113,7.25741236495
86.18,-1.1825176823,3.32037652991
86.185,0.406560019311,-7.48891536779
86.19,-0.676373207438,0.498230007491
86.195,-1.28440497894,2.67682133271
86.2,-0.375342652856,-0.0399215084345
86.205,-0.306832906342,-1.08431202545
86.21,0.345496218405,4.71068938162
86.215,2.43928769966,8.28473417753
86.22,2.20990083246,9.92967408303
86.225,-1.23509123462,9.98426178728
86.23,-2.58963795714,8.26655117211
86.235,-0.701996113,4.23125978103
86.24,0.176857096307,-1.72580468616
86.245,0.471086798959,-1.23596319198
86.25,1.08221975418,0.686932641695
86.255,0.482818917579,0.459898693573
86.26,-0.353560694237,0.0477603629488
86.265,-1.10644612203,1.46748159335
86.27,-0.813720686292,1.46400883992
86.275,0.593774579047,-2.87570511097
86.28,-0.449560235018,-0.498414841323
86.285,-1.40649840713,4.48033528312
86.29,0.738436528929,4.50990070029
86.295,0.783494216212,0.236470017692
86.3,-1.34007866365,2.54260889817
86.305,-0.147491304297,7.13879129939
86.31,2.35207908377,8.24517705171
86.315,1.59472080879,6.48323855383
86.32,-0.36485037083,1.32564667236
86.325,-0.330090334469,-9.01124570658
86.33,0.195538554807,-10.8955400164
86.335,0.498420932831,-3.84278488995
86.34,1.57526070423,3.99935577481
86.345,0.974284957664,7.42937297959
86.35,-1.44798827899,7.51513326391
86.355,-1.61517158231,4.27443201962
86.36,-0.302742892058,-3.68919914498
86.365,-0.118313522179,-13.1091295331
86.37,0.221282284094,-11.1840812714
86.375,0.223543298184,-2.21792308482
86.38,-1.12661082962,2.57540282938
86.385,-1.2305505804,3.32100199364
86.39,0.0484034888402,0.782723615226
86.395,0.464742095772,-3.67060452523
86.4,0.639429383283,-3.84852140685
86.405,0.304842700942,-1.01756625935
86.41,-1.06045829397,1.56172331568
86.415,-0.798232356039,1.72347234009
86.42,0.397054197824,-2.93874994542
86.425,-0.165846299675,-14.5445809401
86.43,-0.410097247184,-0.563149952691
86.435,0.825274920904,1.94774556252
86.44,0.969464963576,0.30192198037
86.445,-0.216473203815,-5.61614789364
86.45,-0.0847628611026,-4.19396877094
86.455,1.03201967805,0.338744499394
86.46,0.282060415334,0.609570901539
86.465,-0.761878785943,-2.01182706163
86.47,-0.10722732491,-6.29176046881
86.475,0.0562633651722,-15.6323824495
86.48,0.0885256367291,-4.67413071725
86.485,0.938675182284,0.390019332754
86.49,1.18411926048,1.90602428651
86.495,0.897948648102,3.92722842361
86.5,-0.563743018846,5.81059949132
86.505,-1.77246507935,5.06178660414
86.51,-0.411457511856,0.256677532791
86.515,0.200925682989,-13.6131630561
86.52,-0.103655216422,-11.8455109524
86.525,0.754633083256,-2.34645498831
86.53,-0.152853569046,3.49500125307
86.535,-1.91944472956,5.86878041592
86.54,-1.28385434893,6.16883645283
86.545,0.719935878467,5.63353745708
86.55,1.67206796778,4.47254477447
86.555,-0.0524764549649,2.363160467
86.56,-1.06951863757,1.48852829726
86.565,1.05221721416,3.51195507513
86.57,1.26003680041,5.29664192515
86.575,-1.19259025426,5.76467320376
86.58,-1.63939906438,4.85254922137
86.585,-0.104343760551,2.42872449369
86.59,0.605190726356,-2.40153077899
86.595,0.220800027723,-12.376297471
86.6,0.387839293901,-5.70256911971
86.605,0.779655866295,-1.67271826055
86.61,-0.0397358919996,-1.1659003871
86.615,-0.714040119779,-2.88510013929
86.62,-0.0185799409937,-7.66542087084
86.625,0.00427931042014,-13.1247641394
86.63,-0.72716316004,-1.79256635993
86.635,0.373133468177,3.1423693705
86.64,1.76526281038,4.95722014944
86.645,0.750858630597,4.40184967388
86.65,-0.728766880762,1.13397569984
86.655,-0.315624693605,-8.0421151645
86.66,0.518993741712,-4.13857632225
86.665,-0.330912035912,2.00191997638
86.67,-1.45497823833,3.53403641815
86.675,-0.974317727423,2.37051919289
86.68,0.133129273012,-1.88959219797
86.685,0.118006436257,-16.6007910804
86.69,-0.750372733158,-2.28530899238
86.695,-0.252660331121,1.79280930364
86.7,0.76862909247,0.171281103629
86.705,0.269600198241,-10.5528192295
86.71,0.476714331363,-0.74749626891
86.715,1.49231137427,3.48308680713
86.72,0.838720548707,3.24476550046
86.725,-0.175255022573,1.1799736348
86.73,-0.865631212914,1.47240853522
86.735,-1.40912777559,3.31146268081
86.74,-0.131034688939,4.25396476555
86.745,1.33900875762,3.79621474461
86.75,1.28805792824,2.53990914486
86.755,0.937317887074,3.35421343611
86.76,-0.238907720093,4.5221440413
86.765,-1.22210280387,2.85928454989
86.77,-0.735818820631,-2.6236188289
86.775,-0.699075932055,-3.09907657644
86.78,-0.541185002264,-2.17790119862
86.785,0.029287818064,-10.4115292139
86.79,-0.433347699675,-7.18550432613
86.795,-0.413731855326,-1.59509944329
86.8,0.114345332,-2.4483378404
86.805,0.306646031336,-1.00744664777
86.81,1.19231099153,2.68425247514
86.815,1.24015864884,3.01841308632
86.82,0.00434544203782,-1.15131792619
86.825,-0.0292735311585,-29.1436852077
86.83,0.645533766402,-3.05173669848
86.835,0.390272948451,1.53916651071
86.84,-0.70961863269,4.04296215385
86.845,-1.89945306437,5.72405717037
86.85,-1.21080623232,6.07723718134
86.855,1.11735947648,5.13153069076
86.86,1.33650014248,4.04413228173
86.865,-0.636755094247,3.80000936407
86.87,-1.52196339948,3.65579886009
86.875,-0.649491785311,3.20890075143
86.88,0.820061854551,1.87686360037
86.885,0.637601209505,-0.896991282101
86.89,-0.960595437064,-0.0522306761684
86.895,-0.227981986766,2.59634166485
86.9,1.19049204071,1.95417578263
86.905,0.278660295433,-3.7634696689
86.91,-0.0299434086637,-14.2185486351
86.915,0.666373751529,-3.36533018289
86.92,0.00936685500998,-1.7244037187
86.925,-0.663388459961,-3.20395968733
86.93,-0.317699834069,-6.260733851
86.935,0.0351610134827,-8.89875835828
86.94,0.265288611599,-8.22383870432
86.945,0.500512731789,-6.00528104088
86.95,0.309089022256,-3.89416536037
86.955,-0.486377624515,-2.01790434269
86.96,-0.875223316036,-0.581929422061
86.965,0.122505995768,-0.0832583937816
86.97,0.87422330816,-1.16353993052
86.975,-0.0341249502992,-3.88423656019
86.98,-0.536559178192,-4.47688429564
86.985,0.346644516479,-2.25164959802
86.99,0.862428989175,-1.2648465981
86.995,0.389923582045,-1.35312462096
87,-0.487145568486,-2.40150960875
87.005,-0.441911470514,-4.15781660799
87.01,0.713514875929,-2.13293165123
87.015,0.428850442183,0.277269321727
87.02,-0.750788343201,-1.00658839791
87.025,-0.094810175876,-9.35431204262
87.03,0.143360320531,-4.26192941287
87.035,-1.05015046181,0.858506151027
87.04,-0.605195570974,1.00940318972
87.045,0.459876790534,-2.07932165616
87.05,0.459903381445,-6.66500115249
87.055,0.445306945374,-6.10845749652
87.06,0.0185513573474,-4.02946219036
87.065,-0.602761534452,-4.18822707138
87.07,0.0461089811759,-4.98729165215
87.075,0.865556924119,-0.23248730618
87.08,-0.612518332708,4.4309112835
87.085,-2.01834114314,6.16506842629
87.09,-0.240436208233,4.42615113768
87.095,0.654401413121,-3.49592313295
87.1,-0.576993910189,-4.77512694214
87.105,-0.187717624571,0.434967765407
87.11,0.54072444385,-1.00146114695
87.115,0.703329820687,-1.31202366636
87.12,1.06844952178,0.667442289862
87.125,0.197811666359,-1.3011622182
87.13,-0.383278911236,-8.32189026952
87.135,0.339350657001,-7.77431264279
87.14,0.136267798773,-10.5280697158
87.145,-0.0143023853401,-9.91252687728
87.15,0.922870431011,-0.626306431663
87.155,0.502382747931,1.36395823791
87.16,-0.634953028189,-1.52957274996
87.165,-0.0442255915308,-12.3376113501
87.17,0.196985805251,-5.94282673088
87.175,-0.518511031649,-5.63392482038
87.18,0.643643270012,-1.96412265788
87.185,0.916666699621,5.11450382679
87.19,-1.77513100224,7.6167718054
87.195,-1.62193288423,6.01379184766
87.2,0.610398731729,-1.8825768068
87.205,-0.822993223695,1.46689967378
87.21,-1.47834966968,5.87064273045
87.215,0.82775975708,4.68010034183
87.22,0.738645186189,-1.862434174
87.225,-0.343843436612,-9.00616100952
87.23,-0.308431442998,-5.6691904872
87.235,-0.0868403023438,0.531031181922
87.24,1.43681809187,4.67154471135
87.245,1.25411350081,4.73945934194
87.25,-0.865452516502,1.14414617016
87.255,-0.0212830842284,-1.05833715979
87.26,0.905129592387,-0.585884592806
87.265,-0.112483950264,-6.7918827734
87.27,0.317399264056,-9.31699707862
87.275,0.353684681826,-1.55860975567
87.28,-0.703500609555,-1.84575333287
87.285,-0.173460896613,-3.94174386421
87.29,0.779695987935,-1.95271736542
87.295,0.747977793979,1.01483582133
87.3,-0.318933172108,3.46298680239
87.305,-1.52977288249,4.21519039785
87.31,-1.02580091768,2.53173063424
87.315,0.080260725492,-1.67161562867
87.32,0.367459466709,-6.38918658214
87.325,0.472062238408,-6.38091515033
87.33,0.22796190568,-2.50715861843
87.335,-0.800687350256,1.76531611309
87.34,-1.73211671044,4.89040783167
87.345,-0.644017769847,6.07966160155
87.35,1.25650100313,4.82285887355
87.355,0.994112848044,0.771340164125
87.36,-0.173869906277,-4.67568173832
87.365,-0.659948537128,-3.20122207084
87.37,-0.154701958575,1.54247079498
87.375,1.2232123542,3.94930999028
87.38,1.47636522983,3.54990511614
87.385,0.934342620843,2.07795694037
87.39,0.513929203703,2.99413084713
87.395,-0.507207484122,4.03389461289
87.4,-1.38113762984,3.84512603216
87.405,-1.36653404438,3.20709515085
87.41,-0.298171668843,1.67343112796
87.415,0.645827388468,-2.21278774289
87.42,0.165369950304,-8.75481024449
87.425,-0.267319589787,-11.3962074979
87.43,-0.203542178227,-11.2695654123
87.435,-0.0574734424437,-7.55258944285
87.44,0.389174545956,-7.13594791027
87.445,-0.0696684813382,-13.3291480792
87.45,-0.194521820074,-2.11432209971
87.455,1.47402355935,3.91385170412
87.46,1.0305380859,6.35804484993
87.465,-1.68827830483,6.5646244862
87.47,-1.17806235459,5.12322164939
87.475,1.07209167693,2.68517244104
87.48,0.553723434666,-0.150649023861
87.485,-0.45212616427,-4.27874935782
87.49,-0.27968822328,-10.9759062169
87.495,-0.470060729183,-6.54592213759
87.5,-0.500427496613,-3.02460959957
87.505,-0.0885799369081,-1.28894012844
87.51,0.667266218476,2.10735708684
87.515,1.85828091147,5.44004333241
87.52,1.34034997725,6.98399153187
87.525,-0.877726022726,6.47919405078
87.53,-1.5275951867,3.73660524351
87.535,-0.63520695797,-1.53689914405
87.54,-0.275234545081,-5.91251028494
87.545,0.0367955822368,-4.7587924941
87.55,0.578761565844,-4.47203059881
87.555,0.218197238092,-4.3942138424
87.56,-0.467447934944,-4.51727534388
87.565,-0.488660069213,-5.83648637773
87.57,-0.210659806158,-7.86845161281
87.575,0.00587106365526,-13.3756987216
87.58,-0.256870384174,-10.4255158124
87.585,-0.097505043316,-0.9366015323
87.59,1.27520862696,3.10155363063
87.595,1.17140541481,4.42591734659
87.6,-0.618149694242,3.59898939738
87.605,-1.06263531093,0.654999330879
87.61,-0.737916945213,-2.19423086236
87.615,-0.608339690941,-1.23622522056
87.62,-0.0270009017462,-1.54142510279
87.625,0.32512459345,-4.50647517571
87.63,0.359009936968,-7.07966680028
87.635,0.234160909694,-12.5345821678
87.64,-0.238143391968,-9.9149859831
87.645,0.30620213126,0.125639860235
87.65,1.44248176788,3.28439086028
87.655,0.808855891806,3.09137136206
87.66,-0.53888040747,0.766031651364
87.665,-0.899380193786,-0.912299586474
87.67,-0.455447974989,1.35757053635
87.675,1.2058282809,4.91082365779
87.68,2.0452319276,6.66972700064
87.685,0.346481355356,5.63244111639
87.69,-0.687637616442,1.36490361234
87.695,-0.677033286358,-0.993403002712
87.7,-1.14123017026,1.2550364252
87.705,0.145977118506,2.37098193457
87.71,1.67435117689,4.55892887703
87.715,0.279242995998,5.7817776812
87.72,-1.26231925183,4.43575273352
87.725,-1.09580385771,0.812298986826
87.73,-0.706120589596,-2.9158654748
87.735,-0.584646481516,-4.6604498384
87.74,-0.931717488308,-0.606725926728
87.745,-1.13807087115,2.1008976409
87.75,-0.760172663239,1.9302422993
87.755,-0.614603353288,3.0888237735
87.76,0.199836529752,6.03664101859
87.765,1.80338818349,6.76467860217
87.77,1.37115723484,3.96274557471
87.775,-0.593386269625,-2.56000634112
87.78,-0.032331730057,3.58652650365
87.785,2.17125157927,7.29481447647
87.79,1.73585756152,7.41886616847
87.795,-0.432980134463,4.61748430574
87.8,-0.796500777236,-1.97592838303
87.805,0.400791970093,-5.98786207504
87.81,0.460293470023,-1.18263106007
87.815,-0.560251496865,-2.71173042936
87.82,0.210113281632,-5.5892942611
87.825,1.13043744774,3.45178575189
87.83,-0.839221180605,6.91153039835
87.835,-2.18263018169,6.81315350422
87.84,-1.19093921876,4.44421495635
87.845,-0.269739550344,3.0755503879
87.85,0.940438917028,3.67389924468
87.855,1.34896031034,2.95574519405
87.86,-0.0928310599222,-0.0247541103679
87.865,-0.462462030646,-6.67305727957
87.87,0.170905488972,-15.2929005358
87.875,-0.20807553206,-6.75131639981
87.88,-0.461835587415,-6.70201213256
87.885,-0.389406210412,-8.16062366598
87.89,-0.72096809667,-1.74423530399
87.895,-0.137125442334,1.66285755456
87.9,1.00958208631,1.8585529909
87.905,0.798565126009,-0.946434119203
87.91,-0.00394639543329,-8.61886175862
87.915,0.103207849857,-19.0325859502
87.92,0.275524437595,-7.84759229504
87.925,-0.278042598817,-5.44452847758
87.93,-0.653325118819,-3.48779011612
87.935,-0.249492267374,-0.28471932
87.94,1.02950863499,3.05540614362
87.945,1.63958188742,4.85984046536
87.95,0.148093656537,4.14637415124
87.955,-0.75527664032,-0.161357172028
87.96,-0.42884059451,-5.39059177918
87.965,-0.942617658812,-0.304920762799
87.97,-0.781150964643,1.62184958382
87.975,0.493628333574,1.42773529318
87.98,1.15601102102,1.29727492275
87.985,0.784723451935,2.41519182379
87.99,-0.713589548022,3.57433593276
87.995,-1.47912018333,3.49675375361
88,-0.0966919935383,2.00144551095
88.005,1.01615464817,0.181483933031
88.01,-0.00050247207168,0.166824147275
88.015,-1.12668077375,1.0368426443
88.02,-0.0606581897389,0.729976644548
88.025,0.924488282492,-0.667998649173
88.03,-0.236639998815,-1.23251030752
88.035,-0.796885912251,-1.62704555573
88.04,-0.00175961022953,-4.45624754665
88.045,0.206266713098,-10.3411453217
88.05,0.307051609163,-9.05290558945
88.055,0.438882117105,-5.11415648855
88.06,-0.30652221563,-2.30920541596
88.065,-0.933130784751,-0.601095328057
88.07,-0.562563938488,-0.137361484991
88.075,0.203493192068,-1.01284129204
88.08,0.490797230392,-4.02083473477
88.085,0.379508019848,-6.97204105188
88.09,0.546151007879,-5.0032158988
88.095,0.381014538554,-7.34491525035
88.1,0.221835470991,-12.9525618627
88.105,0.63014948965,-3.69431303421
88.11,0.0838843654419,-2.69165702959
88.115,-0.428403375702,-7.31036164422
88.12,0.544439224463,-3.61590994592
88.125,0.755897029696,0.631547870866
88.13,-0.397356139338,1.03432061034
88.135,-0.848252354087,-1.39864514864
88.14,-0.0745037958589,-6.18582565078
88.145,0.568435255134,-4.41031033548
88.15,-0.0664330929532,0.323221395412
88.155,-1.16846582932,2.4783409335
88.16,-1.24306071742,2.68056706661
88.165,-0.300690291423,0.847514303161
88.17,0.232920866593,-4.58096379794
88.175,-0.0365196377157,-7.56359963372
88.18,0.337059126522,-1.60274422715
88.185,0.844339505954,-1.30379703499
88.19,0.337668010485,-7.71935207304
88.195,0.410599907177,-7.08771537795
88.2,0.931513502678,0.468036289053
88.205,-0.108174513083,2.52214090561
88.21,-1.22614674362,1.88130289584
88.215,-0.112829083678,0.23814188725
88.22,1.0625540459,0.561471088564
88.225,-0.0292999024156,1.29515269983
88.23,-0.873034626784,-0.778091245252
88.235,-0.396689275372,-7.70628461099
88.24,-0.750414985076,-2.42804688219
88.245,-0.500638566817,2.89016038805
88.25,1.40374572164,5.08727861063
88.255,1.58706987952,5.60197799325
88.26,-0.324300306732,4.61614923582
88.265,-1.12755955586,1.59539070422
88.27,-0.532696199152,-5.05733412047
88.275,-0.404022389584,-7.25762128479
88.28,-0.914917669596,-0.772319592691
88.285,-0.900957358583,1.67248759058
88.29,-0.0451094398245,1.62804064413
88.295,0.68492465404,-0.870746839538
88.3,0.32667970012,-6.71259435987
88.305,-0.870133732382,-1.11984691808
88.31,-0.947616998613,5.24597599307
88.315,1.14829974947,7.93888647556
88.32,2.37577937643,7.54153732334
88.325,0.793527071281,2.752603006
88.33,0.00819034274117,-18.0197942007
88.335,1.27851718068,2.3498924628
88.34,1.16067236332,3.66786687225
88.345,0.401821094458,-1.21930584267
88.35,1.02324729064,3.02193604714
88.355,0.0241344049425,7.3856406435
88.36,-1.85158708396,6.72423236297
88.365,-0.752914663012,-0.499569132699
88.37,0.309711980441,-4.11298186591
88.375,-0.917678411653,3.25340791356
88.38,-1.44081386537,3.18365620542
88.385,-0.963500975337,0.702933783085
88.39,-0.506623104579,-2.30757243111
88.395,-0.335923874273,-7.78818932854
88.4,-0.860221190869,-0.670332402508
88.405,-0.543056857408,2.53582269857
88.41,0.402123319349,0.593059679719
88.415,0.353548240062,-3.74591003817
88.42,0.736625896278,-0.843112545377
88.425,0.702926003511,-0.656775859568
88.43,-0.9212517045,0.111652234433
88.435,-0.508822623133,3.79101229003
88.44,1.39182496087,4.59971120396
88.445,1.08610600679,2.01744779917
88.45,-0.0139744597801,-3.33473136041
88.455,-0.487354408116,-6.00785253836
88.46,-0.411837554953,-0.00532803002765
88.465,1.1768316341,5.46623316959
88.47,2.57880835916,8.29283447115
88.475,1.31958817792,8.94212894101
88.48,-0.985434603565,7.74663522081
88.485,-1.59432406704,4.38047435131
88.49,-0.437818969466,-5.361806465
88.495,-0.0693948827327,-2.34840955467
88.5,-1.6564792523,5.19043592277
88.505,-1.56930360687,6.33247702067
88.51,0.487664206298,2.44643043235
88.515,-0.0103192919489,-12.4804676198
88.52,-0.809571628757,1.64046864564
88.525,0.688195270773,3.03870046413
88.53,0.646686496128,-3.76159492214
88.535,0.232325942389,-2.91194734746
88.54,1.57291205069,4.25701057956
88.545,1.19237043333,5.02508847992
88.55,-0.411764327163,1.8881172761
88.555,-0.446924193055,-6.717229728
88.56,0.168297385841,-13.8733409303
88.565,0.0774645700435,-3.52006553171
88.57,-0.600262312391,-1.43466746187
88.575,-0.576680383186,-4.74413197434
88.58,-0.173380143318,-11.4037986309
88.585,-1.04612230077,0.994547735411
88.59,-1.33030924095,5.15438825735
88.595,0.878332251039,6.10132791332
88.6,1.70302626662,5.2460495769
88.605,-0.836926713621,4.55071617695
88.61,-1.38023166555,4.45276895135
88.615,0.60759253142,1.90688889673
88.62,0.221142302601,-11.2005026824
88.625,-0.192404056498,-0.876065148879
88.63,1.45783065003,4.19674535484
88.635,1.12730401586,4.26277033923
88.64,-0.478866600996,0.843933866215
88.645,-0.429145292232,-7.24716450222
88.65,-0.253182690231,-9.90070646909
88.655,-0.716746177109,-2.64645361259
88.66,-0.103899214971,0.941108100799
88.665,1.2532097249,2.52881395655
88.67,0.611550085734,1.7910335542
88.675,-0.764860875358,-1.83884453762
88.68,0.410346913702,-1.99261265633
88.685,0.80600293526,1.79166260855
88.69,-1.02475371207,2.17476944007
88.695,-0.360718098494,-0.462567304741
88.7,0.733153754625,-2.31505546101
88.705,-0.613434060497,-1.55033788183
88.71,-0.234108463969,-2.64928266996
88.715,0.580282469695,-3.99153105275
88.72,-0.732635584821,-1.79521848177
88.725,-0.131047750402,1.14882376022
88.73,1.36183956065,2.73487021684
88.735,0.542725870261,2.11149433112
88.74,-0.312970973332,0.45840731927
88.745,-0.985978481154,2.19334672937
88.75,-1.45060865089,3.45196488417
88.755,-0.38860884356,0.537797100302
88.76,-0.237187192234,-6.45260394723
88.765,-0.413685489661,2.49462994957
88.77,1.34874846846,5.90768405993
88.775,1.80119576669,5.53410779066
88.78,0.250701988736,1.50160494237
88.785,-0.0259939168443,-9.28280785356
88.79,0.366087089635,-2.20768466735
88.795,-0.455436059313,1.64931024019
88.8,-1.05673441901,0.777033906953
88.805,-0.568619502261,-4.7109901913
88.81,-0.84287011204,-1.48386719561
88.815,-0.811473166368,2.49203462882
88.82,0.720018630638,1.00698903628
88.825,0.0596196419263,-3.18133180217
88.83,-1.31010986266,3.4729980291
88.835,0.681458115551,6.16700072798
88.84,1.67802026187,4.5002283548
88.845,0.389130816292,-2.78163248416
88.85,0.494494787386,-4.89091799656
88.855,0.0543514438164,0.0818020146231
88.86,-0.927857557352,-0.381007999989
88.865,-0.265474470144,-4.58388096611
88.87,-0.0860221446507,-10.0422208707
88.875,0.277169087433,-1.01237094522
88.88,1.4350161633,3.13858524801
88.885,0.322417202567,3.31917811064
88.89,-0.75756807965,-1.54752867185
88.895,0.18490898373,-12.544255746
88.9,-0.712942738409,2.17784853692
88.905,-1.73656777996,5.49466905875
88.91,0.466943424972,5.24711252869
88.915,1.23892268694,2.30292257563
88.92,-0.748153875427,-0.18908106378
88.925,-0.378350851088,2.24476712995
88.93,1.45459040459,3.64227532662
88.935,0.416122010949,2.84652306774
88.94,-1.23272359501,1.83578943079
88.945,0.20892590309,3.62282011357
88.95,1.84038117617,5.30734859705
88.955,0.934714120845,5.06525405843
88.96,-0.270255755743,4.12339830599
88.965,-1.26405379114,5.16187411491
88.97,-2.07532272597,6.34195298671
88.975,-1.27919316874,5.88320109092
88.98,0.0453563458249,4.53705746738
88.985,1.01291155978,3.798605892
88.99,1.34739273209,2.61141721419
88.995,0.796950232336,-0.162480704524
89,0.382306837589,-0.961870744279
89.005,-0.564825031279,0.348361268188
89.01,-0.966872108925,1.0494416428
89.015,0.731816819426,2.54136237413
89.02,1.35571964368,2.9520118572
89.025,0.684603723165,1.75929455883
89.03,0.307669524383,3.95129490137
89.035,-1.12181739781,6.71339661629
89.04,-2.20787989614,7.06708825847
89.045,-1.74492334339,5.93839685119
89.05,-0.699681481958,4.37685123786
89.055,0.165512833537,0.742512564429
89.06,0.0393236547407,-2.47906266994
89.065,0.52298096979,1.12607996814
89.07,0.882238966244,-1.07299573446
89.075,-0.100041916979,-18.3224927555
89.08,0.608933732246,0.390655970581
89.085,1.07387004741,0.873327863315
89.09,0.226492373743,-11.0696004478
89.095,1.16247264891,1.3097016113
89.1,0.695689622851,5.31602935124
89.105,-1.13178928189,3.61040254174
89.11,-0.357063742179,-7.53671331491
89.115,-0.0311273888012,-1.76075165488
89.12,-1.54737221665,4.38558797687
89.125,-1.41599840285,5.6193229838
89.13,0.361429799838,4.12789559838
89.135,0.790941275684,-1.5439580171
89.14,-0.0865583524335,-10.5050707117
89.145,0.686498869685,3.11941188447
89.15,2.26103197844,7.0863268907
89.155,1.11478407133,7.9680011143
89.16,-1.2942170042,6.50867160401
89.165,-1.2607852639,2.27642638617
89.17,-0.0102425664077,-7.63222429666
89.175,-0.1412331127,-13.5995219905
89.18,-0.252027352555,-8.04473664966
89.185,0.4223624403,-6.97619039332
89.19,0.131516485693,-4.99063813309
89.195,-0.361385709625,-7.61450489748
89.2,0.0676694456987,-17.3865981961
89.205,-0.24462693408,-1.43338711654
89.21,-1.32058022263,2.82286290328
89.215,-1.26050811652,3.63606121722
89.22,-0.232796217306,2.05406323157
89.225,0.295876858476,-2.52746095664
89.23,-0.0229742724965,-7.20675868765
89.235,0.0616375119462,-0.517999020323
89.24,0.852067893568,1.23929514514
89.245,0.713302484257,-2.91619196034
89.25,0.3810744499,-4.21210295282
89.255,1.54290076676,4.25797454197
89.26,1.75167223456,6.91782362059
89.265,-0.400523730483,5.99785122654
89.27,-1.14006896923,1.1435218544
89.275,0.418408386792,-4.07112271937
89.28,0.623318312534,0.585642223202
89.285,-0.484219737656,1.35658954001
89.29,-0.937331435304,0.326143469349
89.295,-1.05095707509,0.626351910647
89.3,-0.419907632864,0.515361646069
89.305,0.536343661786,-2.11259827485
89.31,0.314808408751,-9.54284703768
89.315,0.150134536706,-13.4437940458
89.32,0.655724056375,-3.57810169776
89.325,0.344612032238,-0.62452804225
89.33,-0.479847816081,-0.815636416281
89.335,-0.562859531892,-4.61364040266
89.34,-0.217759309824,-8.6951473924
89.345,-0.927694889272,1.35970327452
89.35,-1.86769867474,5.80092509214
89.355,-0.473415690433,6.96127918443
89.36,1.51025266105,5.61973560624
89.365,1.11975947,2.26982253116
89.37,-0.173521358147,-1.45895830196
89.375,-0.729451119766,-2.49354836571
89.38,-0.650317032,-1.32136992509
89.385,0.0215702593197,-1.29604043956
89.39,0.391772329233,-4.55260437663
89.395,0.165035430693,-9.93472564179
89.4,0.121696450605,-3.93124755126
89.405,0.841861023696,2.56882734316
89.41,2.25346514934,7.06733295591
89.415,1.57061399836,9.3794318295
89.42,-1.83300449633,9.69886292161
89.425,-2.3898099555,8.37398944732
89.43,0.691512925175,5.9101530081
89.435,1.21956964091,2.54655079853
89.44,-0.576616093423,-1.78612572973
89.445,-0.107041041841,-1.21179056831
89.45,1.28490876283,2.28630384414
89.455,0.866997296874,4.15683569835
89.46,-0.907442550174,4.81417203823
89.465,-1.55582549719,4.13676938971
89.47,0.404104273227,2.80359529961
89.475,1.31270492067,3.33885426447
89.48,-0.541465576326,3.89784556065
89.485,-1.20827148387,1.64365323866
89.49,-0.331746574926,-5.82764018318
89.495,-0.309980373353,-10.1639794877
89.5,-0.553871150823,-4.35044785212
89.505,-0.302049011333,-4.54415393738
89.51,-0.167647819672,-6.10879093899
89.515,-0.127951537831,-2.33356210792
89.52,0.670261422378,1.28205894681
89.525,1.2251355646,1.82075946023
89.53,0.139607533078,-1.73093584188
89.535,-0.224529610711,-10.1695954879
89.54,0.89883318144,-0.846951854702
89.545,0.640629732725,2.73338896703
89.55,-0.702036885461,3.14539025317
89.555,-1.22263428016,2.008773998
89.56,-0.884633947264,-0.311657243446
89.565,-0.529796324524,-3.53833228037
89.57,-0.702388881648,-0.695349118445
89.575,-0.191389703659,2.38144019663
89.58,0.881532013104,1.6311155826
89.585,0.444955796589,-6.09552008882
89.59,-0.46791485702,-2.93672278185
89.595,0.889303053917,5.81366813843
89.6,2.92738910836,9.32963188686
89.605,1.47664635547,10.3978200781
89.61,-1.8754096774,9.61637183558
89.615,-2.22040931294,7.1835170961
89.62,-0.266206448669,3.00491320736
89.625,0.479625621747,-3.85119434586
89.63,0.23068627933,-10.816268007
89.635,0.54027299047,-5.2954602884
89.64,-0.165512474532,-2.00933895528
89.645,-1.05802141392,1.39592650908
89.65,0.771461350188,3.87063586635
89.655,1.36515915145,3.72485661568
89.66,-0.456931029516,-0.299488954144
89.665,-0.0779836518613,-8.35456013093
89.67,0.47892687042,-4.12329568515
89.675,-0.353891364303,-4.61739632177
89.68,-0.23841204047,-11.9907291002
89.685,-0.150124445575,-15.6869616448
89.69,0.12975129757,-7.33859301954
89.695,0.731483714219,-2.51620638862
89.7,0.0970754649848,-2.41570724256
89.705,-0.164999379802,-8.37294176641
89.71,-0.139076801968,-3.67640189196
89.715,-0.94594921876,-0.0355835262034
89.72,-0.304906153262,-2.41332837902
89.725,0.583359710474,-3.49065371185
89.73,-0.893880557166,2.69443305307
89.735,-1.55014396219,4.8952910365
89.74,0.490167587937,4.3770151311
89.745,1.4231131587,3.5459784994
89.75,-0.550052812859,5.10116300701
89.755,-2.17886284946,6.77663432957
89.76,-1.39747789398,7.07311852238
89.765,0.255996792329,6.26751398433
89.77,1.25079080202,4.43008026916
89.775,0.966543534786,-0.278850353389
89.78,0.290049775588,-7.76505105639
89.785,1.02334634726,2.35542954359
89.79,1.90384438475,5.7654430175
89.795,0.754525730917,5.60956725401
89.8,-0.719232355163,2.2770072521
89.805,-0.495247213957,-6.09377435586
89.81,0.141890986904,-16.8039508041
89.815,0.180397630917,-6.36858778683
89.82,-0.242020978035,-1.96021028851
89.825,-0.988458750105,0.479905648504
89.83,-0.813713548266,0.334684712865
89.835,0.0713634077681,-2.72330698153
89.84,0.230204435281,-7.79279415321
89.845,0.396561880219,-5.53169552827
89.85,0.685627619476,-3.14406417109
89.855,0.30681754671,-4.3213243679
89.86,0.157721619489,-4.84892665596
89.865,-0.325456500226,0.603972828367
89.87,-1.51793977266,3.78155053159
89.875,-0.837720384649,3.87421443633
89.88,0.604862640671,0.249607542197
89.885,0.208144111356,-13.1106435233
89.89,0.281356302132,-3.83578295386
89.895,0.910325874371,-0.765719234511
89.9,-0.0517445244811,-4.36291218643
89.905,-0.134718449095,-5.65997400452
89.91,1.09689416082,0.860606982744
89.915,0.500826474962,1.18310031977
89.92,-0.0608487642687,-8.0244142416
89.925,0.834105166218,2.15270625557
89.93,-0.977231599063,8.88304791182
89.935,-3.57579283951,11.0687036683
89.94,-0.990965504889,10.3810921837
89.945,2.13958928394,7.32338149496
89.95,0.254408322528,4.54883690682
89.955,-1.78309755541,5.06407669165
89.96,-0.959034870546,5.26234276324
89.965,0.511382398928,5.09635695212
89.97,1.58748155652,4.85863046395
89.975,1.26868622336,3.27978910027
89.98,0.0540112135639,0.0649396407129
89.985,-0.603865039713,-3.37043187753
89.99,-0.275335239585,-4.49990227956
89.995,0.64225105965,-3.32716216662
90,0.0944496263081,-3.55323964069
90.005,-0.583857546827,-3.82847988327
90.01,0.740005341436,-0.439052962815
90.015,0.723100841493,2.12604236267
90.02,-1.11898048181,2.92489124469
90.025,-0.860862017207,2.59691620618
90.03,0.932743919913,1.51716039573
90.035,0.444002558839,-0.0717670196039
90.04,-0.949397118096,-0.450956939412
90.045,0.475058974733,1.423810977
90.05,1.14698995457,3.04574021112
90.055,-1.02064491577,3.53279825197
90.06,-0.998533288956,2.61796881394
90.065,0.363750265546,-1.30586390911
90.07,0.194626994508,-5.85623842021
90.075,0.988331616617,2.06515944206
90.08,1.63412776606,4.91177304198
90.085,0.276193740348,4.16600388974
90.09,-0.672540288698,1.0430410771
90.095,-0.718434628491,-2.49579833764
90.1,-0.25361350082,-9.83610588192
90.105,0.161498008709,-8.11320662738
90.11,-0.734833954733,0.131689337878
90.115,-1.15478954354,1.81866810834
90.12,-0.139799354014,0.396993833645
90.125,0.592795882836,-2.96510115908
90.13,0.249081319302,-7.429356806
90.135,-0.44525943662,-7.01607009344
90.14,0.0500051605092,-3.43004440493
90.145,0.783904746532,-2.04327729098
90.15,0.508456741544,-1.93009878203
90.155,-0.0565461989641,0.402818245013
90.16,-1.32759049131,3.63370865418
90.165,-1.15789355934,4.11543996552
90.17,0.787312995085,0.236159113293
90.175,-0.454756249708,0.996889015522
90.18,-1.85559621213,6.86118512871
90.185,0.957467892753,8.39724777447
90.19,2.12176073347,6.60495960459
90.195,0.011043442087,2.00753093477
90.2,-0.829692376857,-1.46796155367
90.205,0.0825145863734,0.84818244101
90.21,1.34128043551,3.15320136701
90.215,0.951527013521,2.36319452155
90.22,-0.139037399662,-6.85361579806
90.225,0.811341901534,-1.77201174738
90.23,0.470116954748,4.90582722654
90.235,-1.46883887622,5.24221869637
90.24,-0.999094947214,0.751576872769
90.245,-0.522688463393,-5.07739264434
90.25,-0.678825090654,0.873977951794
90.255,0.749581056415,2.17433746323
90.26,0.869727705224,0.434333158824
90.265,-0.635023794414,-1.51541667892
90.27,-0.451734470813,-1.26150700494
90.275,0.569181283544,-1.8659256213
90.28,0.556272688607,-5.08911574607
90.285,0.593959990487,-4.32424015752
90.29,0.492270807422,-0.392410243457
90.295,-0.627056929098,-0.147496308603
90.3,-0.45729673779,-3.57651066011
90.305,0.689041067723,-3.20737764642
90.31,0.10347427407,-0.992042298264
90.315,-0.443361345349,-3.99546239921
90.32,-0.367214404662,-3.17596217945
90.325,-1.34353926763,3.04018114349
90.33,-1.42128940111,5.11657767535
90.335,0.158637560234,4.75642103744
90.34,1.32685765024,3.35424294737
90.345,0.858182882116,1.96771894578
90.35,-0.947170709188,2.09545226187
90.355,-1.03429992764,3.92410063573
90.36,1.16115714255,4.93790389702
90.365,1.39689868018,4.19777295599
90.37,-0.439172447137,1.85857625549
90.375,-0.82461166659,-1.52728257185
90.38,-0.132270832774,-5.12579706886
90.385,0.242948703066,-5.02398538619
90.39,0.902710323534,-0.795216710205
90.395,0.561263339982,2.42350041403
90.4,-1.25779296776,3.92550654321
90.405,-1.09346846843,3.37925663537
90.41,0.521759755273,-0.494107517245
90.415,0.0610064196699,-10.6607555023
90.42,-0.618880529085,-1.73643306996
90.425,0.373594403494,1.94644953271
90.43,1.24632402319,2.39711683455
90.435,0.946739246156,0.799225760356
90.44,0.12686696806,-5.05721720268
90.445,0.267449604639,-11.4422988375
90.45,0.687716952865,-1.38930039812
90.455,-0.110137713122,-1.23509954841
90.46,-0.266363275654,-11.3232965548
90.465,0.822495569582,-1.61788872912
90.47,0.544510798616,4.13224546241
90.475,-0.989540630954,5.17793282766
90.48,-1.35174712379,2.95521439213
90.485,-0.967925816068,-0.157841685077
90.49,-1.51607284553,3.62201568807
90.495,-1.59326289617,6.3724502088
90.5,0.139938543964,5.92888721916
90.505,1.08551342024,1.48901145736
90.51,-0.0858995402429,-9.9476906632
90.515,-0.585150131314,0.0700860899197
90.52,0.623913671736,3.14381479068
90.525,1.25695094955,2.12940194705
90.53,0.590945726007,-3.20328692864
90.535,0.408031162966,-7.78129025578
90.54,0.88906050406,-0.660258389799
90.545,0.54833327718,2.07130515647
90.55,-0.652921458272,2.96286013706
90.555,-1.39538900993,2.90474708605
90.56,-0.535298333814,1.64382902257
90.565,0.576028079708,-1.67165512725
90.57,0.307942028175,-9.68376327951
90.575,0.111115051616,-15.9643246634
90.58,0.422954949806,-7.43498270288
90.585,0.191430456745,-5.08725765601
90.59,-0.560372479887,-2.63584282521
90.595,-0.919994140926,0.854681916183
90.6,0.381318702822,3.7319647198
90.605,1.68550338368,4.76947854486
90.61,1.326250199,4.17505801288
90.615,0.543565916978,4.10499154174
90.62,-0.67636234342,4.56015068217
90.625,-1.23940614457,2.00330983557
90.63,-0.035625274305,-13.708574616
90.635,-0.152615911346,0.961147725038
90.64,-1.83659699431,5.79563200189
90.645,-1.57089011386,6.00934683655
90.65,-0.0421190371713,2.92566980345
90.655,0.291857656747,-3.12391066505
90.66,0.155378914531,-4.9576853069
90.665,0.406718795156,-3.3901831307
90.67,0.633347136282,-3.5504023026
90.675,0.486413800877,-5.09978281063
90.68,-0.0557987543284,-8.18271368122
90.685,-0.353598938781,-8.58773893899
90.69,0.0969170040024,-5.79786343897
90.695,0.46466690336,-6.48241584358
90.7,0.0731179786768,-22.1464112581
90.705,0.502399062648,-3.4986668955
90.71,1.18238250518,2.88789647179
90.715,-0.714327711687,5.13601450536
90.72,-1.7043200995,5.37949183927
90.725,0.940159601237,5.0336735733
90.73,1.29357304067,4.7641692039
90.735,-1.18923661886,3.96142151654
90.74,-0.720362715517,2.12805999467
90.745,0.801351521913,-0.843193901219
90.75,0.249210780256,-6.66041626058
90.755,0.234356951973,-11.1607214771
90.76,0.0389922793249,-0.0712040071621
90.765,-1.59277456224,4.30230920999
90.77,-0.771563714935,5.53382309536
90.775,1.34196475613,3.98840453034
90.78,0.406686114182,-1.1013024344
90.785,-0.496518746836,-4.89715894783
90.79,0.687403073813,-1.13113941259
90.795,0.507928222277,-1.89543400996
90.8,-0.536791119953,-5.30313312445
90.805,0.33071106261,0.21567489575
90.81,1.70342700086,4.62661646398
90.815,1.04464954166,6.51604243773
90.82,-0.963997714716,6.31253186841
90.825,-1.43563230128,3.17995164094
90.83,-0.261746497138,-9.3724303247
90.835,-0.554767048719,-0.628262015968
90.84,-1.81408653446,5.22280138132
90.845,-0.677580346497,6.27247488002
90.85,1.28745511513,4.41149885606
90.855,0.710617915122,-0.191251252952
90.86,-0.485477378879,-5.8281855696
90.865,0.304205368121,-4.5316082844
90.87,0.676240278257,0.566353031242
90.875,-1.29571771236,5.31130820423
90.88,-2.3957669992,8.36945209159
90.885,-0.239646201253,9.83545820987
90.89,2.53744370901,10.0026201084
90.895,2.61971281777,8.9435915103
90.9,0.260943150809,6.22219260845
90.905,-1.05475417091,0.769226390805
90.91,0.487472356347,-0.125857845834
90.915,1.49720111577,4.80875456614
90.92,-0.406570437424,6.08948770102
90.925,-1.48506498654,3.59666444041
90.93,-0.279541263946,-7.09630782185
90.935,-0.456820675522,-3.34307890593
90.94,-1.23944289088,2.24601618532
90.945,-0.148353655261,1.51450252735
90.95,0.47062884694,-4.99565917825
90.955,-0.131164479473,-16.1552684508
90.96,-0.0750559369792,-4.33982182193
90.965,0.39809278084,-2.25193858352
90.97,0.881244616936,0.224339943009
90.975,1.47167344976,3.54352356671
90.98,0.645127377467,5.2286609476
90.985,-1.20450512726,4.48134884566
90.99,-0.89614185128,0.630832747393
90.995,0.401817176367,-6.10989713183
91,-0.0155829065822,-6.99589763607
91.005,-0.192417570114,-14.293764211
91.01,0.307192716384,-6.66435773116
91.015,-0.386093997902,1.61476411378
91.02,-1.75448842332,5.47120922691
91.025,-2.14361496674,7.68439373445
91.03,-0.597544989522,8.24124848631
91.035,1.11023890837,6.84125040679
91.04,1.45491908543,4.56403307444
91.045,1.50250549068,3.62171000686
91.05,1.20682012523,1.94411880244
91.055,1.20977108568,2.13317586543
91.06,1.24601702682,5.75838820852
91.065,-0.529261335678,6.20237640713
91.07,-1.16828003394,1.61203099232
91.075,-0.0813094362233,-16.6642808279
91.08,-0.685401355623,-0.607352656142
91.085,-0.850495277682,-0.388152561393
91.09,0.0582981266642,-8.17916542066
91.095,-0.180454178778,-13.0139009214
91.1,0.406759623288,-4.16683471414
91.105,0.666633680875,1.12463786009
91.11,-1.3467895339,4.43608402889
91.115,-1.17795042689,5.04434388141
91.12,1.06255209564,3.04199913575
91.125,0.374166447601,-0.3928479219
91.13,-0.877931264705,-1.03852760051
91.135,0.367271266588,-0.86991991707
91.14,0.571125759719,-2.75622223287
91.145,-0.519682733601,-5.13421575538
91.15,0.174885837369,-4.23453324764
91.155,0.658314463697,-2.16527313675
91.16,-0.368158189331,-2.05042934966
91.165,-0.489884258438,-6.07443487965
91.17,-0.674162871775,-2.88796457526
91.175,-1.35884385668,4.01235393215
91.18,0.243521458874,6.68269394698
91.185,1.96842205483,6.22056791047
91.19,0.7690796972,2.16660276778
91.195,-0.209840208227,-11.2602205141
91.2,0.557136948875,-4.84283006795
91.205,0.525543579108,-1.30336277185
91.21,-0.212901984123,-2.52305338972
91.215,-0.529917403939,-4.9080963484
91.22,-0.155434714836,-6.64371856461
91.225,0.858222753967,-1.25686358114
91.23,-0.111741159297,3.87852841885
91.235,-1.92237094727,5.73433508836
91.24,-0.529802289548,4.63258157876
91.245,0.871044260848,0.0103231656211
91.25,0.128273617768,-14.8751809334
91.255,0.28470110268,-6.73217942472
91.26,0.78971696503,-1.6867931532
91.265,0.232508221467,0.172497485093
91.27,-0.853109636199,1.5803359897
91.275,-1.21276991346,2.23665158268
91.28,0.0855307770562,1.50575968192
91.285,1.02460999094,0.220908464932
91.29,0.153780611713,0.650827560043
91.295,-1.23666218568,2.69742316834
91.3,-1.2490364415,4.41190060001
91.305,0.444427548281,4.45449809119
91.31,1.19506720526,1.86733510665
91.315,0.639389435365,-3.47537961422
91.32,0.690410932343,-2.31511786456
91.325,0.200878998823,-0.0982248350225
91.33,-0.659824559211,-1.75352193143
91.335,-0.363952106052,-8.1785145142
91.34,-0.239695080054,-12.3194625658
91.345,-0.210442525954,-7.78122001208
91.35,0.302809654629,-9.00480943287
91.355,-0.030699336055,-9.41232608505
91.36,-0.551446608678,-4.9943809526
91.365,-0.179910094916,-2.55414345114
91.37,0.539608098601,-1.45518469538
91.375,0.825902965718,-1.63812462669
91.38,0.258838861606,-4.50913440769
91.385,-0.160760125432,-13.2174994661
91.39,0.0806732225227,-17.8012245807
91.395,0.198140761626,-13.8793631132
91.4,0.442788584865,-7.07587817198
91.405,0.480810583684,-2.18267874302
91.41,-0.369209368569,-1.91181632712
91.415,-0.391771673395,-7.49533200176
91.42,0.341018336065,-9.21449882312
91.425,-0.07970894288,-4.60551503906
91.43,-0.263245633813,-9.40112616214
91.435,-0.175553792973,-4.11772584365
91.44,-1.23409594114,2.36336792616
91.445,-1.12506760174,3.5649104366
91.45,0.063551735599,1.26347538931
91.455,0.423950986663,-0.20915059275
91.46,1.26702456093,2.77841020783
91.465,1.05811680573,3.40913233473
91.47,-0.531772799568,-0.661372064694
91.475,0.208473992369,-9.34630360264
91.48,0.57769937136,2.36372591209
91.485,-1.39058155125,5.40834829872
91.49,-1.61464545214,4.88408909253
91.495,-0.251579774443,2.56477098276
91.5,0.747949339642,-0.397689041518
91.505,0.2283460575,-3.50826429668
91.51,-1.15444569251,1.46631585325
91.515,0.376422993227,5.45680265126
91.52,2.14859857812,6.65368312658
91.525,0.389063740041,6.06277655988
91.53,-1.32031990871,4.46812846186
91.535,-1.49928162388,3.55978766658
91.54,-1.23814146485,4.70396940054
91.545,-0.0870249059467,5.86673152906
91.55,1.37972870019,6.20245598951
91.555,1.90574533581,5.60164131491
91.56,0.82820759583,2.97710524262
91.565,-0.209522463252,-4.35590803349
91.57,0.0880771234397,-18.4845621449
91.575,-0.0800416429701,-11.3039383701
91.58,-0.102714523987,-5.30038521858
91.585,1.29476561665,2.59911505237
91.59,1.12264516727,5.33989853579
91.595,-0.748910216591,4.27070113989
91.6,-0.79994112964,-1.91363808147
91.605,-0.0779200536832,-11.1776931458
91.61,-0.757334968377,-0.402207910602
91.615,-1.13903004135,1.7550396207
91.62,-0.130770385646,1.82026244064
91.625,1.1129522982,1.95388936676
91.63,0.947229105884,2.85700779019
91.635,-0.762853723179,3.33684071666
91.64,-1.14161343131,1.41170475751
91.645,-0.0208736387973,-7.46795671242
91.65,-0.442629875803,-6.21463965006
91.655,-0.674472753332,0.446654439383
91.66,0.647001473249,-0.253882074242
91.665,0.208718249232,-5.07011439523
91.67,-0.720368530942,-2.04749356037
91.675,0.402714443468,-0.405370021113
91.68,0.464741136719,-5.43959871285
91.685,-0.459844390379,-5.18032969769
91.69,0.757990788136,2.00226573992
91.695,1.28428237904,2.99864222049
91.7,-0.233827920722,-1.10698987672
91.705,-0.0387207587816,-11.0801664093
91.71,0.655825153384,-2.17857615717
91.715,-0.2965065912,-1.62809340104
91.72,-0.32624379982,-9.51965871786
91.725,0.215572235897,-9.13377884713
91.73,-0.450198432031,-3.02542136144
91.735,-0.532225974189,-4.77976203116
91.74,0.135565087752,-14.940360392
91.745,-0.164493047192,-6.37486504833
91.75,-0.769684407185,-2.21222928371
91.755,-0.601578229694,-1.28582147115
91.76,0.118502101842,-1.70929079795
91.765,0.653484278894,-3.16654239617
91.77,0.303520775802,-4.83931911414
91.775,-0.415715098102,-5.14447892476
91.78,-0.455771315841,-6.42980485888
91.785,-0.379424957835,-7.5816592779
91.79,-0.575278242538,-1.57985664252
91.795,0.178622723529,0.868112327747
91.8,0.658603400044,-2.76804263909
91.805,-0.0341299788669,-9.15555291837
91.81,0.813609096751,2.649830341
91.815,1.72622754546,4.96861085445
91.82,-0.0120696388443,2.79598963881
91.825,-0.887731109601,-0.16144264129
91.83,0.996685785384,4.23512256607
91.835,2.19017343021,7.11922524025
91.84,0.644465799178,7.2794257277
91.845,-1.00730943148,4.19371537312
91.85,-0.486660823537,-5.69188649612
91.855,-0.166209637787,-3.08262876032
91.86,-0.778138650473,-0.571664068129
91.865,-0.458965717717,-6.51538978711
91.87,-0.576273232655,-1.48548293813
91.875,-1.46106076835,3.32763780115
91.88,-1.17119212994,3.97223571141
91.885,-0.11478700511,2.87912146223
91.89,0.748111288172,1.34445256423
91.895,0.876182411706,-1.12267773327
91.9,0.208988929461,-5.05799519729
91.905,-0.190374160459,-8.86534691901
91.91,-0.404789342304,-6.79731150203
91.915,-0.716254753005,-2.1556441346
91.92,-0.0440785373654,-0.384299205187
91.925,0.669347162844,-2.89201872449
91.93,-0.0622651809723,-16.9444107195
91.935,0.212145242356,-2.0032607562
91.94,1.37379347312,2.92001430722
91.945,-0.302365946935,4.43871858007
91.95,-1.6788011413,4.86217068312
91.955,0.757072590608,5.35744984056
91.96,1.75838077972,5.87989022689
91.965,-0.699305842163,5.83759971007
91.97,-1.70853636726,4.6960573964
91.975,-0.418506840062,1.90272622619
91.98,0.324542529756,-3.86976287043
91.985,0.0213493453276,-11.0598968061
91.99,0.184882852747,-3.28014653066
91.995,0.741509749972,-1.90115793772
92,0.438424395118,-6.57511176658
92.005,0.352170132872,-9.06181824103
92.01,0.360058657935,-6.20776823749
92.015,-0.183914823741,-14.6926544065
92.02,0.753341686574,-0.552770735843
92.025,1.30900086243,4.25059034773
92.03,-0.411883541029,4.361380626
92.035,-1.00059906672,0.324041225489
92.04,-0.406476055845,-7.81227186055
92.045,-0.71510277571,-2.9058980859
92.05,-0.634825419686,0.211614475199
92.055,0.34925069019,1.37470262816
92.06,1.21671357634,2.45425953176
92.065,1.44976632451,3.88129952415
92.07,0.712407652006,5.00332947065
92.075,-0.573634186967,5.39861795014
92.08,-1.54170276861,5.46965201902
92.085,-1.90582414095,5.61537634989
92.09,-1.19880420555,4.86067094402
92.095,-0.0157816995625,1.77180407726
92.1,0.22828808977,-2.35928990623
92.105,0.596604016206,-1.01561218161
92.11,0.856027709531,-0.796994207804
92.115,-0.340315716823,-1.69094472381
92.12,-0.793814141032,-1.34207541392
92.125,-0.167729957028,-2.00543709226
92.13,0.248466772139,-1.08565804167
92.135,1.00374505046,1.67534906673
92.14,1.3740062648,3.06159569994
92.145,0.624449461422,3.49915604592
92.15,-0.714124280082,3.63258739116
92.155,-1.43442028618,3.18387601069
92.16,-0.799486320032,1.73444550512
92.165,0.15629939343,-1.40660118236
92.17,0.16482609653,-11.0970426687
92.175,-0.306990150913,-2.01636108946
92.18,1.02364792611,5.20868630516
92.185,2.32584649103,7.46773709397
92.19,0.373045498064,5.82379661328
92.195,-0.644426796495,-2.64554963428
92.2,0.460654174677,-5.23121279712
92.205,-0.257625444433,0.495040860693
92.21,-0.534077752974,-4.96916773104
92.215,-0.16081420507,-4.66545739224
92.22,-1.18481543277,1.69081782466
92.225,-0.345053721138,0.580431697614
92.23,0.676929996323,-3.12569649038
92.235,-0.602436873748,-1.04809132812
92.24,-0.555770215084,-3.34926137916
92.245,-0.0745062485912,-19.4064092707
92.25,-0.893658385686,-0.931870337149
92.255,-0.261227282917,1.4101550115
92.26,0.832119844988,-1.11514016621
92.265,-0.150452747859,-3.03810026219
92.27,-0.973842878381,0.258540094103
92.275,-0.10645140224,-0.466380416484
92.28,-0.0218541856352,-7.07930085843
92.285,-0.187050026009,2.16495912925
92.29,1.60786806642,6.43305082573
92.295,1.6701566111,5.72521761875
92.3,-0.619915287248,-0.725464299774
92.305,0.452030825268,3.57424440442
92.31,2.71608596334,8.72918861481
92.315,1.16186570621,10.0970383829
92.32,-1.73183159367,9.94738689006
92.325,-2.98454539778,9.50850110531
92.33,-1.48256044493,8.43752897911
92.335,0.837946480655,5.62319449418
92.34,0.962330788957,0.256728408755
92.345,0.830038173387,-1.24039310899
92.35,1.06207233868,0.869070920088
92.355,0.665609226896,0.0696860217684
92.36,0.411390328264,0.862727624984
92.365,-0.337300915091,1.87348796964
92.37,-0.632248565265,-1.3763917079
92.375,-0.580993530733,-0.278403390309
92.38,-1.63004873742,4.38971886665
92.385,-0.941136536529,4.03692619095
92.39,0.438263884868,-3.05649682888
92.395,-0.389664255881,-8.05118365365
92.4,-0.258615291267,-1.11501553431
92.405,0.42795123858,-4.9622966276
92.41,-0.024643626905,-8.88049919442
92.415,0.857708613393,1.22043541818
92.42,1.47744802091,4.35847843585
92.425,-0.0168286714596,5.32439463176
92.43,-1.68310045184,5.78961550014
92.435,-1.67757571973,5.95733555937
92.44,0.425265422084,4.74544814297
92.445,1.1735626647,1.51618385522
92.45,-0.258797983654,-2.26064000163
92.455,-0.489518427538,-6.09571363761
92.46,-0.443119584596,-6.76883227252
92.465,-0.501090217831,-0.936583049977
92.47,0.392601558108,-0.636054713279
92.475,0.403927936884,-6.46958683907
92.48,0.504595710511,-2.97093829912
92.485,1.0579485196,0.832445092317
92.49,-0.158069477299,-0.462183367603
92.495,-0.477367399535,-4.7567173408
92.5,0.533337872526,-5.4566854187
92.505,-0.485801191156,-2.3191527988
92.51,-0.752054261236,1.4754702405
92.515,0.750829458785,2.71849348291
92.52,1.32092464544,2.60412911407
92.525,1.54888788524,4.94657335102
92.53,-0.0785763955159,6.57950644327
92.535,-1.84654599899,5.39204066428
92.54,0.0888160698782,2.25563804382
92.545,0.873027967073,-0.254628556214
92.55,-0.399300976487,-5.02953490364
92.555,0.217030865172,-7.80395116932
92.56,0.573106615324,-2.61730308956
92.565,-0.0691548343993,-2.77551011442
92.57,-0.430076872975,-5.19946403358
92.575,0.0280961503188,-11.4629403872
92.58,1.15231638362,2.88431085203
92.585,-0.605584319307,9.07873020827
92.59,-3.45106005917,11.0333607249
92.595,-2.22299049364,9.60206452119
92.6,-0.403761243462,5.17365970081
92.605,-0.190846341452,4.98898190192
92.61,1.28915980587,6.47685104854
92.615,1.35021268916,2.80543098523
92.62,-0.278777627938,-11.0717421349
92.625,0.680148874432,2.19655628881
92.63,1.40621620646,3.15031571692
92.635,0.219346330794,-3.72684507753
92.64,0.476493196674,-6.37004969132
92.645,0.416451012562,-0.662046771428
92.65,-0.419974176407,-4.74154887922
92.655,0.18160924473,-14.7865548561
92.66,-0.100926218955,-4.02041763794
92.665,-0.421504561511,-6.76822807731
92.67,0.651682247203,-3.53333694025
92.675,-0.445255274119,3.02025320806
92.68,-1.74336637636,4.94446116054
92.685,-0.0771510794091,4.09425439582
92.69,1.11244478376,1.34329992175
92.695,0.492975800895,-2.36389775185
92.7,-0.0982589171989,-5.04364146882
92.705,-0.463184857493,-4.58171596246
92.71,-0.711667895336,-2.85076642717
92.715,-0.426606833129,-1.73496609878
92.72,0.233727224471,-1.58896698581
92.725,0.67928851743,-2.10539041343
92.73,0.66459207792,-3.35285587421
92.735,0.299884031853,-7.13249803388
92.74,0.323265755274,-8.85103968708
92.745,0.501495187408,-1.82294520543
92.75,-0.287709438357,0.825481800485
92.755,-0.902616633727,-0.126449897422
92.76,-0.728784063191,-2.74405258262
92.765,-0.947591051701,0.0264534936664
92.77,-0.542309566032,2.96410057145
92.775,0.818710630629,3.48944510901
92.78,1.34362048553,2.59781633489
92.785,0.9206744345,2.03301627285
92.79,-0.212407766432,1.87698690264
92.795,-1.00175125141,0.245814831684
92.8,-0.332755837188,-5.18575175173
92.805,-0.261460786912,-10.7347960751
92.81,-0.314003250008,-0.572766788115
92.815,1.15814189991,3.27726812434
92.82,1.33965223059,4.26084663804
92.825,-0.43652834196,3.22522853943
92.83,-1.04619034574,0.556189938415
92.835,0.524567117777,-0.384323474351
92.84,1.03566870379,3.09609062481
92.845,-0.881826481018,4.64031086115
92.85,-1.3224585132,2.46713440793
92.855,-0.57413308304,-3.33205347893
92.86,-0.730243895508,-0.610746752311
92.865,0.0825850411589,1.29715894978
92.87,0.948627599424,0.0134444170453
92.875,0.586771894951,-0.456426185193
92.88,-0.744086383505,2.84611385762
92.885,-2.03216927175,6.39181008765
92.89,-0.183574471149,7.42900459249
92.895,1.63474415631,4.60224523745
92.9,-0.306398049237,-2.36225586307
92.905,-0.719132758675,4.25227444833
92.91,1.61459183893,7.24915113667
92.915,2.16354064242,6.87135552596
92.92,0.83112743448,4.60580760222
92.925,-0.376373733193,0.0229638092397
92.93,-0.156930685182,-15.568871995
92.935,0.499575992107,-4.61483724927
92.94,-0.146180172091,-3.64039386224
92.945,-0.000653386973919,-14.9753877098
92.95,0.984766310545,1.52789981371
92.955,-0.547895652431,6.28936984194
92.96,-2.28692623282,7.20859289246
92.965,-0.695873977696,5.82876019268
92.97,1.26500293234,3.46360949402
92.975,0.828294506721,2.04863570154
92.98,-0.701206549561,2.02666323617
92.985,-1.24005256405,2.14724201341
92.99,-0.0552826672972,1.78135791067
92.995,1.11371308421,1.35714202331
93,0.719878420247,1.20601220863
93.005,-0.330898042021,0.691394727947
93.01,-0.783583532261,-0.63411898239
93.015,-0.932374806342,-0.398018295405
93.02,-1.27623439336,2.64768842227
93.025,-0.474325135263,4.2401149552
93.03,1.04881110266,2.85592111153
93.035,0.548033704492,-2.32766328839
93.04,-0.51393446632,-5.78177340324
93.045,0.141339805662,-2.96686970934
93.05,0.673757044602,-3.41285833363
93.055,0.236994235192,-4.23806406291
93.06,-0.632164083874,-1.76036300268
93.065,-1.02287852197,1.73141458532
93.07,0.344176661455,3.05030878013
93.075,1.06625808071,0.563487052769
93.08,-0.149701618078,-8.78622702435
93.085,-0.043730718644,-1.61153824419
93.09,1.05407942072,1.19379511729
93.095,0.677808370042,-2.61351810762
93.1,0.647016267649,-3.66840551714
93.105,1.38183617908,3.58608316185
93.11,0.377999245675,5.6060415601
93.115,-1.21841077817,4.53819499271
93.12,-1.07071727681,1.25612671843
93.125,0.440590395294,-1.67106310592
93.13,0.837553835275,1.84610555817
93.135,-0.983653020425,3.83859287097
93.14,-0.903975747276,0.831416250528
93.145,0.558790384667,-4.65971110095
93.15,-1.16440676677,3.71483783259
93.155,-1.29964968154,5.87252117965
93.16,1.44327720547,4.90579210717
93.165,0.575782772901,4.13036468344
93.17,-1.33499337535,3.29875903256
93.175,-0.758134372223,-1.00754603023
93.18,-0.658691261099,-2.78509685451
93.185,-0.701421151809,1.59414123723
93.19,0.191364892445,2.25751491797
93.195,0.868623080609,1.20438321312
93.2,0.871272827995,-1.13065025205
93.205,-0.0172098212692,-10.2847395129
93.21,0.0799681737195,-2.66612975618
93.215,1.52863101907,3.71472029345
93.22,0.560429907228,5.62271277271
93.225,-1.66340711509,5.27703593562
93.23,-0.699308179968,3.42474794791
93.235,0.903114868578,0.0387575640446
93.24,0.113802299009,-4.82816934542
93.245,-0.381186884778,-8.30911625398
93.25,-0.17759719841,-11.2884763779
93.255,-0.210035157771,-3.93130149768
93.26,0.73441757179,-0.229567491315
93.265,0.39001668785,-3.15729894104
93.27,-0.832869098228,0.895476234318
93.275,1.84831431336,8.53355977431
93.28,3.0863935696,11.2656610771
93.285,-1.29372528089,10.5037743144
93.29,-1.89684974594,6.56444549286
93.295,1.37827977685,3.96762820307
93.3,0.627161442698,4.64985409421
93.305,-0.755055868616,1.50417006798
93.31,-0.684221460682,-1.35463926859
93.315,-0.942669645041,-0.420771599652
93.32,0.349180898482,-5.53892677984
93.325,0.0155723361381,3.43226237524
93.33,-2.29932188554,7.40640537556
93.335,-0.886197108963,5.80275343105
93.34,0.392235527264,-7.99214813152
93.345,-1.8113613759,5.21860537975
93.35,-0.511320436555,10.4512408541
93.355,3.27202265068,11.2305550065
93.36,1.76627803902,8.77428411757
93.365,-1.01092176736,1.76702377822
93.37,0.816851632146,1.55631690588
93.375,1.59851018119,7.24751743153
93.38,-1.2669430422,8.47848181186
93.385,-2.16629632225,6.71552703167
93.39,-0.943303717884,2.58724594603
93.395,-0.363564629687,-0.615138754046
93.4,0.0692549938766,-3.46314963832
93.405,-0.114838228808,-10.7366754151
93.41,-0.345549668098,-0.802646884362
93.415,0.602065149095,1.73446054178
93.42,0.846251562586,-1.33020547309
93.425,0.296321291009,-10.2763621264
93.43,0.570623876234,-4.25280401346
93.435,0.415850904617,-6.29223262591
93.44,0.0358102775559,-13.5130139516
93.445,0.799689901508,-1.2184517239
93.45,0.629284555198,-2.02338999824
93.455,0.164913537427,-11.0606626127
93.46,1.81172346585,5.21626980699
93.465,1.67697508301,9.54304132166
93.47,-1.4939692123,9.85949303364
93.475,-2.13739624776,6.59898548422
93.48,-0.578000352758,-2.24733885991
93.485,-0.635169060163,-3.89558192784
93.49,-0.404857327953,-0.825532563662
93.495,0.763993083022,-1.6088495265
93.5,0.30148127222,-0.0961810466475
93.505,-0.762429062022,0.576352163077
93.51,-0.96567787821,0.114391566205
93.515,-1.57669474774,3.96247508099
93.52,-1.56794902916,7.48844684451
93.525,0.686718468256,8.19948817439
93.53,1.81203815509,5.4335033593
93.535,0.39173889521,-5.75685445
93.54,0.46423150665,-0.724495957124
93.545,1.84692940608,5.33068552982
93.55,1.08542891055,6.25322876655
93.555,-0.647029390315,4.11358854026
93.56,-0.698793584809,-1.84914785497
93.565,-0.526897848787,-1.67701649821
93.57,-1.44551024705,3.35941886387
93.575,-1.18821468677,4.14415208114
93.58,-0.124924744233,2.33377337786
93.585,0.43712986676,2.05914794066
93.59,1.23625948559,3.0576393099
93.595,1.12314829803,1.17198316574
93.6,1.10033462854,1.35557725782
93.605,0.980545237665,6.29656729408
93.61,-1.57022219627,7.98306072362
93.615,-1.72946336991,5.51668533214
93.62,0.149624759699,-8.27601002379
93.625,-1.29633616172,2.44007289341
93.63,-0.966181303315,7.55021257168
93.635,1.86624316669,7.78569855309
93.64,1.62648960117,5.13387610122
93.645,0.284445599947,1.48618673822
93.65,-0.610453160849,0.929649339457
93.655,-1.27415703116,2.28177100412
93.66,-0.0238531453664,3.75881420383
93.665,1.71431462399,4.9236680803
93.67,0.804156637463,5.28193410044
93.675,-1.32932957088,4.37410669396
93.68,-0.87266025682,1.49118645425
93.685,0.109032084579,-5.98319101496
93.69,-0.157429910732,-3.97591253267
93.695,0.994039954539,2.58628369761
93.7,1.27183413867,3.60791635151
93.705,-0.49939503456,-0.165175949749
93.71,0.00295120787679,-3.11992826472
93.715,1.40814008349,3.15569859856
93.72,0.411000294688,4.87910199047
93.725,-0.880972723927,3.99128500064
93.73,-1.34388508302,3.05336909616
93.735,-1.02459053284,1.41202862569
93.74,0.155019143034,-5.91675458023
93.745,-0.102367781926,-4.22455378773
93.75,-1.00083258441,0.104263482552
93.755,-0.552761308677,-4.12866600954
93.76,-0.957170580591,-0.125526812484
93.765,-2.12104879657,7.30292539133
93.77,-1.04218746269,10.7449595922
93.775,2.30123646877,12.3627886595
93.78,4.2248630039,12.5165155649
93.785,1.59232484781,10.7436631182
93.79,-1.49450190538,6.02668866279
93.795,-0.150385790327,-0.891484916172
93.8,1.01865316376,1.4418843506
93.805,-0.699045685673,1.46472530225
93.81,-0.584421439224,-0.199703967584
93.815,0.968711951559,1.11105142049
93.82,1.20478100159,2.62245147245
93.825,0.55905744159,4.86297857553
93.83,-1.23343222048,6.61300531103
93.835,-1.89273558172,5.64498726781
93.84,-0.112965623992,-0.560640825491
93.845,-0.142782686849,-6.81190864039
93.85,-1.22979880732,2.40818774648
93.855,0.234973451302,2.607522295
93.86,0.598564694973,-4.23664342037
93.865,-0.45595416819,-5.19337030002
93.87,0.824106802816,0.853902916654
93.875,0.445810435241,1.00941130646
93.88,-1.30540241456,2.60354266529
93.885,1.12155055428,6.13550251881
93.89,1.81923128192,7.64453707308
93.895,-1.88719875482,7.55392603222
93.9,-0.846512631711,7.71452061698
93.905,2.62718473677,8.48291184308
93.91,0.127007749899,8.26073255018
93.915,-2.15181996124,6.71190223046
93.92,0.81100350564,5.96294020722
93.925,1.94089491285,6.96176086396
93.93,-0.595465605501,7.15592358836
93.935,-1.88646676742,5.7322935274
93.94,-1.03860777579,2.66144408487
93.945,-0.0693599004777,-3.67222194607
93.95,-0.243364124891,-10.6081161522
93.955,-0.421697670063,-1.88495145234
93.96,0.408125368332,-0.704871652054
93.965,0.617776395604,-4.16455161911
93.97,-0.137089753383,-9.61649865233
93.975,-0.534908957456,-3.33888289684
93.98,0.270571778426,1.88058426775
93.985,1.66559250715,4.60937916923
93.99,0.814331948545,5.12804659137
93.995,-1.41730297623,4.2058640411
94,-0.601018283159,3.71196148958
94.005,1.32261853073,3.51551389486
94.01,1.02206046498,1.93531465532
94.015,0.290705142976,1.32012729372
94.02,-0.931506289276,3.29111364126
94.025,-1.45254293324,4.34650503851
94.03,0.87900734749,4.82232114539
94.035,1.60776203247,5.39920618577
94.04,-0.592240994586,5.11740170946
94.045,-1.51927074756,3.64451394399
94.05,-0.63318079925,1.89911837908
94.055,0.696885907818,0.59453393748
94.06,0.781977693804,-0.0725083875438
94.065,-0.60893187072,-0.107109361668
94.07,-0.713818206954,-1.95250045936
94.075,-0.115727274166,-10.1505834878
94.08,-0.510666613066,-4.06741006227
94.085,0.0354831838722,1.30875355665
94.09,1.07316596063,1.67756215194
94.095,0.697828097437,-2.09592563979
94.1,0.031152388541,-20.511117768
94.105,0.494805227839,-1.40253718008
94.11,2.08488806647,6.38187334616
94.115,1.56652875409,9.98370565063
94.12,-1.91708517215,10.4451150882
94.125,-2.22106752223,7.18833442168
94.13,0.13964969126,-4.24500168242
94.135,-0.382701998256,-0.822054018752
94.14,-1.21068781815,1.70301781489
94.145,-1.07817320779,1.01707276122
94.15,-1.02780695577,3.76202043988
94.155,0.500645964603,3.17335606961
94.16,0.565941390318,-3.60342039919
94.165,-0.974326758211,-0.225755443299
94.17,-0.418543128539,2.87506217514
94.175,0.59891347496,1.75337154041
94.18,0.904207194427,0.358437436421
94.185,0.838558201718,-1.43116762483
94.19,0.3325760016,-7.10615576971
94.195,0.28792865565,-8.06215532544
94.2,-0.252258302923,-3.96804319292
94.205,-1.05394715314,0.909931553799
94.21,-0.113215861739,4.86035290935
94.215,1.83711675457,6.97857582491
94.22,2.0611364765,7.06456675562
94.225,0.0864137292071,3.74908396166
94.23,-0.222306770929,-13.0541358802
94.235,0.93312188446,0.965017668164
94.24,-0.70347998398,4.46560463354
94.245,-1.2837754559,3.76094539139
94.25,1.37867563003,4.48708292088
94.255,0.952853196804,5.05983910152
94.26,-0.84235433198,0.2846645642
94.265,0.602165314495,-3.4909998855
94.27,0.875897394342,5.4577108674
94.275,-1.17149044455,7.10593788938
94.28,-1.81299265037,5.55023362477
94.285,-1.60139823066,4.14042248356
94.29,-1.32051072091,4.05102886824
94.295,-0.489838526009,2.02449586327
94.3,-0.0841504490733,-0.989147057405
94.305,0.268256507706,-2.08432699279
94.31,0.26578729822,-11.3953229419
94.315,-0.5650706376,-3.48731709259
94.32,0.385921044836,2.18726663624
94.325,1.06185202518,1.00548419357
94.33,-1.0593405373,1.34962877005
94.335,-0.5147060398,6.45841828331
94.34,2.08501336378,7.53127510423
94.345,1.32795609767,3.77610976926
94.35,0.864799494227,-0.75903516985
94.355,1.42375458523,6.56810805272
94.36,-1.0272119765,9.13186736806
94.365,-2.76095224528,8.83126396978
94.37,-1.03853494936,6.93161090139
94.375,1.02299896352,4.43265479824
94.38,1.11008656004,1.69068909925
94.385,-0.438848898428,-1.09912643951
94.39,-0.492926866481,-2.48437052695
94.395,0.575645479442,-3.67520064231
94.4,0.192407156556,-7.50553424639
94.405,-0.00582729457249,-14.8239289392
94.41,-0.283123049401,-4.58045382049
94.415,-1.11924066316,1.29283880864
94.42,0.0720688306579,3.50534252196
94.425,1.34845966071,2.72894682154
94.43,0.222612036408,-1.08222464173
94.435,-0.582979946691,-4.51789291486
94.44,0.25452499807,-2.04950193516
94.445,0.844862985425,-1.40455053612
94.45,0.427015467854,-4.6042229328
94.455,0.144063188704,-16.0683561022
94.46,0.699412308725,-3.06389126849
94.465,1.0481288168,2.3683140849
94.47,0.193273383777,4.71221842408
94.475,-1.2341471922,5.14625848183
94.48,-1.44854740595,3.25383791236
94.485,-0.511085140485,-2.41679038964
94.49,-0.5217227071,-3.65514444093
94.495,0.0433826122244,2.6896826134
94.5,2.10895338084,6.58101787203
94.505,0.9524331177,8.75102145868
94.51,-2.08568782157,8.47551101502
94.515,-1.47709921597,4.29842498737
94.52,-0.318159483489,-9.1175112497
94.525,-1.22864699477,1.78855061455
94.53,-1.05195931272,4.54901849784
94.535,0.365712142377,3.16146758901
94.54,0.747447992998,-2.25094752962
94.545,-0.263926722017,-8.75786535767
94.55,-0.633181670892,0.241376275147
94.555,0.559979213253,2.29977937572
94.56,0.999400391324,-0.00327562214145
94.565,0.0807784774939,-5.97715468881
94.57,-0.601782698596,-4.35148013974
94.575,-0.541291199734,1.81643422701
94.58,0.867566343096,5.82327115984
94.585,2.14883254677,6.72082630958
94.59,0.997782211613,3.34747298909
94.595,0.243815684339,-8.80056537086
94.6,0.975111519484,0.337967903551
94.605,0.428971707069,1.46453867655
94.61,-0.0460055947011,-3.84412548853
94.615,0.126312980653,-2.76417016938
94.62,-0.375865427021,-2.50073543493
94.625,-0.0229918708735,-18.7593592423
94.63,0.369620155245,-0.265860133377
94.635,-0.738716127351,3.54774514615
94.64,-1.27322943974,2.38147367414
94.645,-0.780344778554,-2.14527615593
94.65,-0.987979428116,0.00841975364047
94.655,-1.48109983195,4.07877169454
94.66,-0.705401739412,5.68224216109
94.665,1.01937925027,5.66954740369
94.67,1.73662438039,4.82544603838
94.675,0.330078524931,4.49016205762
94.68,-1.70957139241,5.57723603471
94.685,-1.5878113617,6.62825417359
94.69,0.457259814669,5.95805834185
94.695,1.1389334757,2.17089609115
94.7,0.640817618771,-2.55547525297
94.705,1.34083516079,2.94938981602
94.71,1.51724487519,5.2951128161
94.715,-0.0849955425614,4.60382977472
94.72,-1.16236280661,2.05185985396
94.725,-0.524748743321,-0.232247268972
94.73,1.03649859631,1.58953063381
94.735,1.14254535683,4.7046422237
94.74,-0.983698429027,5.90175817175
94.745,-1.64323407811,4.42965729318
94.75,-0.284889506821,-1.0386509349
94.755,-0.276064871129,-6.06995629519
94.76,0.276477608732,2.92812302214
94.765,2.38106964486,7.53559729948
94.77,0.54798900752,9.92287568924
94.775,-3.03117284414,10.2512651207
94.78,-1.39832003291,8.01407481227
94.785,0.860851746895,1.79494790349
94.79,0.117619089473,-17.4597799222
94.795,0.313714735092,-9.74420672757
94.8,-0.290612303619,-0.643299222918
94.805,-1.76819100961,5.16336159813
94.81,-0.338423675937,6.84417022549
94.815,1.35892424301,5.43691288706
94.82,1.30896697305,2.43651684565
94.825,1.16952727004,1.50291421311
94.83,1.01819839207,2.62663280748
94.835,-0.0424800657069,3.49527166964
94.84,-1.44444732134,3.47225818451
94.845,-0.304064524942,4.49385059921
94.85,2.19608871915,7.05639953835
94.855,1.28271575849,8.50495809224
94.86,-1.58540230263,8.15136911129
94.865,-1.9783828482,6.18227435057
94.87,-0.0884258663431,2.96526780207
94.875,1.06938506004,0.58866153146
94.88,0.0670652648896,2.06541508278
94.885,-1.44800496539,4.04565434073
94.89,-1.47454053165,5.08103647321
94.895,0.159370175715,5.17980440679
94.9,1.53473186698,4.10179018663
94.905,0.516926638318,1.97472932949
94.91,-1.01111301863,0.481462776494
94.915,-0.210862915405,-0.403105259343
94.92,0.532725172895,-5.33244457595
94.925,-0.409026312174,-7.63693406811
94.93,0.353962935476,2.05908263802
94.935,1.68878275036,4.56823037619
94.94,0.214498279193,2.83444547169
94.945,-0.607927834105,-4.30393509241
94.95,0.522414405008,-5.18015316708
94.955,0.311303304583,-1.2316872962
94.96,-0.510399886435,-3.14823405754
94.965,-0.113940687112,-14.6189415903
94.97,0.435264310332,-3.14263293015
94.975,-0.788792338078,3.86846814351
94.98,-2.10946907316,6.58882016923
94.985,-0.399349465217,6.54308633845
94.99,1.36187201642,4.07404379085
94.995,0.844158270057,-0.405720944433
95,0.25225915356,-3.80999953891
95.005,-0.25679953632,-5.00699613361
95.01,-0.202062347325,-13.5644749332
95.015,0.308251954735,-6.5225756648
95.02,-0.471224394842,0.777481210917
95.025,-1.41363311666,3.17227270642
95.03,-1.28932081193,4.01046177272
95.035,-0.0867809012862,3.28941688815
95.04,0.614456591449,-2.88894188064
95.045,-0.632715794679,-3.91179135749
95.05,-0.443976188534,5.7037330009
95.055,1.89581494414,8.09236992415
95.06,2.20727059192,7.21854788044
95.065,0.556719289067,3.9321363638
95.07,-0.448793312548,-1.80036836897
95.075,-0.200777510365,-11.6010967897
95.08,0.401533733373,-7.80207936757
95.085,0.269593930163,-8.50326716798
95.09,0.34143256509,-9.20325485166
95.095,0.70837574248,-0.47984217319
95.1,-0.205202082551,2.14333304146
95.105,-1.04224798112,0.76908141364
95.11,-0.297362990369,-4.91119702989
95.115,0.334789260089,-9.15512511872
95.12,-0.185796284539,-4.04357851647
95.125,-0.678931832989,-3.17484047017
95.13,-0.345592791298,-6.33142576078
95.135,0.016738432807,-23.9443001218
95.14,-0.418700988465,-6.82140523324
95.145,-0.744344488767,-0.401903186135
95.15,0.331136676641,2.5025451917
95.155,1.52391202719,3.72320002906
95.16,0.658723473491,3.55415942216
95.165,-0.877556274795,1.28945176066
95.17,-0.253036539234,-5.54678817146
95.175,0.595743834289,-1.24401953435
95.18,-1.18454930555,4.86436414902
95.185,-1.83229103834,6.29753686561
95.19,0.341106365811,3.83755280319
95.195,0.584907852401,-4.39376735661
95.2,-0.447363207682,-6.98598881793
95.205,-0.23609824726,-5.63962235825
95.21,-0.282075380296,-3.35916569925
95.215,0.315696545186,1.45789217487
95.22,1.04259556033,1.35155728267
95.225,1.0401634616,0.404612021302
95.23,1.41971452387,4.4057047098
95.235,-0.534878016071,6.50219000809
95.24,-2.11398379373,6.80306373714
95.245,0.675391053654,6.51119273732
95.25,1.54623159187,4.06606670136
95.255,-0.0381395000847,-7.7331534812
95.26,0.926231353988,-0.172856717873
95.265,1.1715764728,5.13202314087
95.27,-0.628993896598,4.27750341612
95.275,-0.661224048057,-3.06161805965
95.28,-0.0715367572429,-5.33718801578
95.285,-0.6222321254,0.193768853817
95.29,-0.973941402746,1.22545514484
95.295,-1.81446958765,5.2414982726
95.3,-1.71867934002,7.79214048427
95.305,0.782194130332,6.80193625955
95.31,1.10668890753,1.03989486927
95.315,-0.557829960534,-4.89335284464
95.32,0.0257683716928,0.660653609641
95.325,0.977380393252,0.496913103877
95.33,0.689307593962,-2.11359692689
95.335,0.13630671217,-3.5230066402
95.34,-0.548529936977,-3.57726859882
95.345,-0.526953010393,-3.99233148209
95.35,-0.2231143125,-4.83831912315
95.355,0.0278254272309,0.397416985849
95.36,1.57478275115,5.22174031203
95.365,1.72843177353,7.34455569544
95.37,-1.37513165836,7.70756743758
95.375,-2.0170825521,7.70423926961
95.38,1.22687809326,7.8939628606
95.385,2.22271436387,7.26023852169
95.39,0.209543267766,4.97870631855
95.395,-0.90574911443,0.492618719166
95.4,-0.203248412697,-8.04906914772
95.405,0.365496604041,-6.76623886627
95.41,-0.451558498151,-3.39873924866
95.415,-0.253664627216,-4.29235739787
95.42,0.926249622521,-0.515759009952
95.425,-0.284719471052,2.28675442168
95.43,-1.02124596631,0.265405111568
95.435,0.210416196141,-8.94719243577
95.44,-0.175024299331,-6.20443133017
95.445,-0.229516331888,-12.7432122684
95.45,-0.197217223409,-2.46681702844
95.455,-1.63595874199,4.2914324009
95.46,-0.605192029346,4.37102432137
95.465,0.511921356554,-2.38350097695
95.47,-0.0809855679398,-6.61090077202
95.475,0.751841838941,-0.771222781377
95.48,0.211061950069,-2.36432884641
95.485,-0.990422808173,0.538484016963
95.49,0.433828845735,3.40715735758
95.495,1.41697016947,3.14953786934
95.5,1.06026274518,2.55373158191
95.505,-0.0820572053606,3.88097489182
95.51,-1.82480012295,5.43331085834
95.515,-0.764106729322,6.77184242448
95.52,2.03980459172,7.61241063265
95.525,1.79139454353,7.44864331162
95.53,-0.669404445721,6.19827119904
95.535,-1.590896921,4.03304863859
95.54,-0.203276998997,1.47157000215
95.545,1.01585483672,0.267327089296
95.55,0.369819422366,0.55644855809
95.555,-0.712202193818,0.362717484136
95.56,-0.873593093515,-1.10239267876
95.565,-0.274642170393,-6.03660162462
95.57,-0.209229072296,-13.2150794494
95.575,-0.908443020045,-0.519524938404
95.58,-0.532597067804,3.3440322514
95.585,0.777663302406,4.2655209632
95.59,1.45738480623,3.75287536243
95.595,1.29437239237,2.53502011811
95.6,1.06814555079,2.44105019255
95.605,0.674894172571,5.04572890125
95.61,-1.11495713345,6.82456921698
95.615,-1.99330615492,6.02607151179
95.62,-0.198219384706,1.56135553344
95.625,0.365980902122,-7.12069706321
95.63,-0.930707917189,-0.3208209255
95.635,-0.727407232826,2.28057266471
95.64,0.426536919132,1.30826235236
95.645,0.681587701061,-1.09244048485
95.65,1.12246412508,1.598359859
95.655,1.54478194111,5.04556142037
95.66,-0.266126191375,5.71095695366
95.665,-1.42087691979,3.05502303928
95.67,0.305888323339,-2.97896290618
95.675,0.156705114436,-0.533949485959
95.68,-1.22164916691,1.73939471291
95.685,0.10437967465,0.416624651445
95.69,0.70657099628,-2.33292418031
95.695,-0.339407683678,-5.05323908783
95.7,-0.195970120485,-11.534627777
95.705,0.0748105625919,-21.4359767295
95.71,-0.00285662228343,-13.3780562345
95.715,-0.378580684135,-4.88222853889
95.72,-0.853090863368,-0.793299362007
95.725,0.305769673591,-1.59869640844
95.73,0.294119695637,-1.22137262144
95.735,-1.79846629611,5.10709699147
95.74,-0.499763206456,7.97187832828
95.745,2.06414522444,7.33904880845
95.75,1.03203228498,2.24807615318
95.755,0.547970379438,-4.90306028273
95.76,1.03800283062,4.06464579844
95.765,-1.11382027787,6.56283380604
95.77,-1.79719671482,5.58997595898
95.775,0.2298757218,1.04583099433
95.78,0.221660871339,-10.7921857155
95.785,-0.340470510729,-6.47221869496
95.79,0.447264868603,-5.56800348187
95.795,-0.146945088385,-5.20677294812
95.8,-0.910033909317,0.263654293797
95.805,0.205705028984,2.12929379471
95.81,0.930741522955,0.352552405923
95.815,0.670860437638,-3.42147562835
95.82,0.858970519396,-1.32040398249
95.825,0.915165732555,1.43842919412
95.83,-0.103259343366,1.86157780735
95.835,-1.02705210366,0.441654751016
95.84,-0.172407208765,-0.138334774207
95.845,1.14259554554,1.63363811795
95.85,1.04052410216,2.58174480758
95.855,0.135222044688,2.44518435009
95.86,-0.605514837103,0.518236759996
95.865,-0.299078899679,-5.84977567774
95.87,-0.487186801775,2.46887541616
95.875,-2.24973714906,7.25734142839
95.88,-1.28592428839,7.25416757873
95.885,0.995045343355,1.89961479997
95.89,-0.681137589537,0.251883106479
95.895,-1.44617022713,6.70056097636
95.9,1.28985985256,7.69547179554
95.905,1.72743911898,4.85287141267
95.91,0.447446139195,-2.45707147876
95.915,0.508981357895,-3.49075782726
95.92,0.0353978544925,0.271862303829
95.925,-0.929446787824,0.641733143458
95.93,-0.913193841752,0.0805689415064
95.935,-0.309696718653,1.07839967188
95.94,0.897950059707,3.20328199551
95.945,1.65150167274,4.39680132595
95.95,0.933174294055,4.29140755932
95.955,-0.128513877302,4.56866383692
95.96,-1.49250391529,5.91423987031
95.965,-1.88440063997,5.82989420818
95.97,-0.341342690034,2.54295482682
95.975,0.218769042817,-4.81464516666
95.98,0.392803082354,-4.06574333926
95.985,0.750260733833,-0.493229304421
95.99,-0.99636508732,2.98548511849
95.995,-1.13856848421,3.64729696839
96,0.56541167442,-2.24651954405
96.005,-0.845183761631,-0.0726838280353
96.01,-1.35386942933,7.0723990835
96.015,1.33259148446,8.12721329792
96.02,1.71350959701,4.67946502113
96.025,0.470013996803,-5.98477406458
96.03,0.823230333205,-1.03037762831
96.035,1.1869673565,1.77676616717
96.04,0.830533561145,1.39478966531
96.045,0.30952803955,1.82670372461
96.05,-0.780929867056,1.30547364763
96.055,-0.478834237071,-0.870188546989
96.06,1.61266587386,4.18409990295
96.065,0.494793076909,7.60395264363
96.07,-2.00645032446,6.74745053888
96.075,-0.20353025893,-0.159001043528
96.08,0.281626794871,1.74192067707
96.085,-2.22859029962,7.01040425657
96.09,-0.161880716855,7.55307089325
96.095,2.15422340466,6.78916689927
96.1,-0.896170910745,7.22435091086
96.105,-2.09677836938,7.15142367323
96.11,0.52904910121,4.88992578708
96.115,0.945361960187,0.141499793907
96.12,-0.551418315958,-3.44538127836
96.125,-0.139763331825,-2.72335341883
96.13,0.696450289865,-3.0836903481
96.135,-0.422736301693,-1.51351558359
96.14,-0.974682186688,1.14609900741
96.145,0.32195415546,1.64601437965
96.15,0.915024043853,-0.671277186579
96.155,0.242633886716,-7.93295112865
96.16,0.0700147456455,-15.1183861603
96.165,0.553909898207,-5.01850725901
96.17,0.431599691117,-5.29081984485
96.175,0.404094326719,-6.70451344113
96.18,0.71722648106,0.582306242025
96.185,-0.137262906645,4.23170041076
96.19,-1.50563736166,5.74332181498
96.195,-2.17528212018,6.85436550563
96.2,-0.818083682497,7.15187340952
96.205,1.61568776083,5.64676715463
96.21,0.555040689821,3.97657522616
96.215,-1.62839871227,4.41256976003
96.22,-0.590698756267,2.68620209224
96.225,0.0731916531906,-4.28344975983
96.23,-0.0378374867088,-0.850249388992
96.235,0.868318440168,0.638265836907
96.24,0.334123685247,-7.70665412503
96.245,-0.0513540326172,-5.48583292231
96.25,0.834684981632,-0.645685757571
96.255,0.462941315842,-5.11538898389
96.26,0.143890240807,-15.9538045716
96.265,0.333497876892,-9.27955385374
96.27,0.28275030625,-8.11391838135
96.275,0.885654918984,-0.392991722042
96.28,1.20078402916,1.75576356724
96.285,1.36222330538,3.89335647734
96.29,1.08472496657,7.55344092159
96.295,-1.04127698943,9.17674122106
96.3,-2.48046198928,8.32619985386
96.305,-1.63999088192,5.46772767566
96.31,-0.356080910519,1.18920362702
96.315,0.234998672146,-5.67140792793
96.32,-0.0384200919063,-25.0195168921
96.325,-0.075524802167,-8.35172634719
96.33,0.474685347492,-6.41369118817
96.335,-0.150012577706,-4.29622853252
96.34,-0.667915161728,-2.68079226616
96.345,0.382112197584,-4.13056597679
96.35,0.0677065864049,-6.72511388948
96.355,-0.464206534783,-3.27748498231
96.36,1.27701618768,2.61260683011
96.365,0.729208939402,7.15588229706
96.37,-2.65685388921,9.73624786011
96.375,-2.41960692924,10.5624648578
96.38,1.54508960583,9.86976104913
96.385,2.27981964098,7.89792392767
96.39,-0.959949416929,5.50716011575
96.395,-1.05853026086,3.83709141765
96.4,1.21966290115,2.42287372176
96.405,0.0166960118719,1.82077231556
96.41,-1.06315724673,0.58131303518
96.415,-0.0149311161722,-9.83079586366
96.42,-0.849719125038,-0.850145905264
96.425,-1.40355654534,6.04141529003
96.43,0.701729356284,7.66207566919
96.435,1.91182037699,5.9318133616
96.44,0.648862713749,-1.29381773978
96.445,0.131570820645,-5.61195708925
96.45,1.42666492072,3.54555312886
96.455,1.13300571406,3.37105582791
96.46,0.0933878859252,-6.8434425631
96.465,1.04799698087,0.416015563267
96.47,1.15012015798,5.70166078004
96.475,-0.448642853712,5.97199785176
96.48,-1.34737036794,4.37665544612
96.485,-1.42344243965,3.13875275656
96.49,-0.42580608743,2.47867482169
96.495,1.37985524283,3.76320162486
96.5,1.4677782294,6.60324437839
96.505,-0.792112101336,8.40765915956
96.51,-2.54101951252,8.54925946772
96.515,-1.89882094732,7.00507589428
96.52,-0.221729307199,3.46202403815
96.525,0.481022487157,-4.53421526805
96.53,-0.403337914219,-4.58030054128
96.535,-1.39734966946,3.52179188525
96.54,-0.410665622846,6.49738744851
96.545,1.65362849798,6.81175720591
96.55,1.5561812155,4.84016865902
96.555,-0.432226869281,1.32231364506
96.56,-0.873909944546,-0.0393708640385
96.565,0.1883568547,0.0462296159473
96.57,0.766744849799,-0.837938401703
96.575,0.792754080278,-1.96263317204
96.58,0.279736007537,-6.37443994295
96.585,-0.00935695586864,-14.7962494504
96.59,0.822215845129,-0.407749517833
96.595,1.50478964278,4.06836733949
96.6,0.772006121897,6.17875643042
96.605,-1.03645819781,6.92170591559
96.61,-1.99531647175,6.09141603743
96.615,-0.943165342867,3.26861826598
96.62,0.388344201372,-1.9128066303
96.625,0.334941934534,-5.60151207602
96.63,-0.712693798527,-1.45946714978
96.635,-0.781787241688,0.211984575336
96.64,0.262922131886,-2.61421142624
96.645,0.127312730114,-17.6436702233
96.65,0.123916793628,-7.28017131473
96.655,0.666363135007,-2.24883480249
96.66,-0.973663583517,2.45836584406
96.665,-1.33207774268,5.77818669957
96.67,1.25388582892,6.13407500051
96.675,1.17766406358,2.75643736382
96.68,-0.414608138849,-6.6140970022
96.685,0.627558796779,-1.46009488819
96.69,0.715442723029,1.66716957364
96.695,-1.11865996889,1.77650172956
96.7,-0.149753729362,2.85086739245
96.705,1.57733593675,3.95903622242
96.71,-0.158009880772,2.82089541821
96.715,-0.944974805996,1.17047349354
96.72,1.36218719034,3.96346161959
96.725,1.01172523543,6.07851934676
96.73,-1.53220619844,5.53758990951
96.735,-0.767007612445,2.52660225579
96.74,0.782913742422,-1.77765369357
96.745,-0.20953923357,-5.61200219824
96.75,-0.064060985275,-3.79690937664
96.755,1.1409226577,1.19231117993
96.76,0.240209527993,1.75280777466
96.765,-0.303549645617,-2.75761909875
96.77,-0.330251582766,0.883824748775
96.775,-1.65301040966,4.95036221294
96.78,-1.03501101158,3.36423193921
96.785,0.220800974813,-10.6344523426
96.79,-1.07368102022,0.773162398712
96.795,-0.645121461169,4.40158328089
96.8,1.24075210538,2.40796221075
96.805,-0.413579853196,2.9393221573
96.81,-2.14994352148,7.17049173921
96.815,0.0825164465615,8.20643492847
96.82,1.78964107832,5.40954878131
96.825,-0.196416754252,-2.4072494078
96.83,-0.907426440105,5.59795985201
96.835,2.16832770372,9.76671999135
96.84,2.8020713822,9.62041097205
96.845,-0.0199174323725,4.72573172051
96.85,-0.0331966722968,-16.4523907579
96.855,0.963851920938,1.01140131192
96.86,-0.02305699118,-0.964254297475
96.865,0.385442367462,-5.83142461964
96.87,0.234393829894,3.79969685796
96.875,-1.36709386017,4.27720666321
96.88,-0.600888633622,-3.52979804261
96.885,-0.538661651926,-3.09528639836
96.89,-1.14834122118,2.55894190176
96.895,0.65485878219,1.2278483056
96.9,0.232688984652,-2.22970722925
96.905,-0.695836458426,-1.30735274981
96.91,1.21344251178,2.05151716041
96.915,0.0865543083076,5.26551309103
96.92,-1.9099416275,5.66502057846
96.925,-0.39880610532,1.38001007759
96.93,-0.198151003765,-12.0132483971
96.935,-0.571579926146,2.06735492869
96.94,1.25601340767,4.91108845863
96.945,1.39793748238,4.30355483409
96.95,-0.454914632812,1.9800293421
96.955,-0.892506691846,-0.670860570947
96.96,0.197747015234,-2.65976473931
96.965,0.595361424061,-3.40611810768
96.97,-0.623313688215,-1.33902112902
96.975,-0.752623023574,1.54942982743
96.98,0.938905999282,2.61125384797
96.985,0.976005484169,0.961493667701
96.99,0.0802123386521,-4.05310245635
96.995,-0.0212734609475,-3.67078853815
97,-0.989767337297,1.21985924809
97.005,-0.991491161931,2.98069035907
97.01,0.730253640218,2.10706806489
97.015,0.732419159039,-1.61594636118
97.02,-0.251877166686,-8.05506290437
97.025,-0.179246613844,-9.0049273775
97.03,0.167888466559,-5.59025168163
97.035,0.824106345422,-0.436871734703
97.04,1.28471105156,2.86450460718
97.045,0.368208746721,3.29097725379
97.05,-0.433862452962,0.73846292859
97.055,-0.477605070096,0.669668300033
97.06,-1.54995191997,5.26781323554
97.065,-2.12455471514,7.18134329058
97.07,-0.291706773726,6.03272345867
97.075,0.8985362506,0.973079670403
97.08,0.103989965998,-19.4839198003
97.085,0.112632442776,-5.24549732541
97.09,0.593962850593,-4.52094537749
97.095,-0.249950509662,-7.06490843593
97.1,-0.368296117733,-4.23615335865
97.105,0.0993809535307,-8.69289838497
97.11,-0.331779708612,-1.74308390688
97.115,1.15082805672,5.71395067634
97.12,2.26463857023,7.60208841182
97.125,-0.451523024626,5.84983768126
97.13,-1.23704731986,3.37298187282
97.135,1.27572751952,5.04872342462
97.14,1.69436308226,5.52557644155
97.145,0.34712947154,3.2571838596
97.15,-0.20252414804,-0.534668437008
97.155,-0.239406176327,-2.71133995119
97.16,-0.308234400694,-3.57265559923
97.165,-0.210743195606,-4.70219944044
97.17,-0.337330891654,0.613815013104
97.175,-1.49550467946,5.03718831707
97.18,-1.80914723843,5.5644984589
97.185,-0.604307692727,1.44686611174
97.19,-0.724314495761,0.188422327028
97.195,-0.0836468023701,5.92868345049
97.2,2.30364584093,7.6937206909
97.205,0.887808459243,7.72720472385
97.21,-2.20295410037,7.56285129806
97.215,-1.11748757999,6.80905349861
97.22,1.31827325758,4.87383059958
97.225,0.921301319848,2.76460164931
97.23,-1.17486037105,3.24233612541
97.235,-1.1435824923,4.44605430044
97.24,0.685540412628,2.76129698166
97.245,0.423452773738,-7.43150410379
97.25,0.0317825771306,-2.70422513846
97.255,1.32143083615,2.6375238082
97.26,0.178201588376,1.22391660059
97.265,-0.846469637939,0.47623752477
97.27,1.37872227589,4.15373844866
97.275,0.640006292657,3.7019416071
97.28,-0.92575789719,-0.442040397114
97.285,1.32001835418,3.17350039939
97.29,0.349548415649,5.6479828282
97.295,-1.76113357069,4.94650767093
97.3,0.834957914644,4.39379324543
97.305,1.13004590992,4.18999086272
97.31,-0.960598153778,1.11640243788
97.315,0.141237332248,-2.81707364905
97.32,0.72622026457,-0.599217541703
97.325,-0.388866950138,-2.42339411649
97.33,-0.0704858579823,-22.7131169883
97.335,0.166013100839,-3.27463139931
97.34,-0.827213621648,1.0267701852
97.345,-1.1221851211,1.30173837581
97.35,-0.304977486674,-0.0255927592005
97.355,0.688018437892,-0.888924441653
97.36,0.83521672065,0.782718710652
97.365,-0.664167770232,3.61234107997
97.37,-1.73694236604,4.80450199201
97.375,-0.772566753297,3.35057944089
97.38,-0.0229257321744,0.442456563035
97.385,0.453110492703,1.76184206305
97.39,1.32691855094,2.77305292568
97.395,0.582933130811,-0.0496870011888
97.4,-0.347850267763,-8.41911882306
97.405,0.314596511265,-6.44225293083
97.41,0.618177108958,-3.12125264304
97.415,0.0785942167994,-2.35966229191
97.42,-0.629355104678,-1.61225051951
97.425,-0.701112534864,-2.3354990745
97.43,0.0406545570722,-10.0256362786
97.435,-0.510201869951,-4.86928034111
97.44,-1.13174751637,3.99861731553
97.445,0.742917283448,6.89069296993
97.45,2.02323123738,6.33818407313
97.455,1.29927933799,3.07461377145
97.46,1.14717556819,2.72083967005
97.465,0.750143712075,4.99341844763
97.47,-0.534284400943,4.71963890324
97.475,-1.09371689587,2.48352189133
97.48,-0.984149665388,-0.131772935102
97.485,-0.455908050229,-4.68025388358
97.49,0.032379750813,-22.7113923772
97.495,-0.089187997694,-9.04223483272
97.5,-0.455332336506,-2.76240327318
97.505,-1.33730246311,2.78591530316
97.51,-1.53581514504,5.9430689184
97.515,0.350662771882,6.57545111306
97.52,1.7203594409,5.07094880599
97.525,0.761865457878,2.03587529199
97.53,-0.612090633431,-0.90390561107
97.535,-0.661258934914,-1.18008553558
97.54,0.585009439039,0.32986753183
97.545,1.06200052871,1.32856671205
97.55,-0.254843605692,0.894315309234
97.555,-0.78327543169,-2.11965984057
97.56,-0.00565414596039,-13.8408080446
97.565,-0.31557883976,-6.66491955192
97.57,-0.746779078159,-1.74328881332
97.575,-0.0460655677837,-4.92459494077
97.58,-0.367052404784,-8.59113358936
97.585,-0.839373694378,3.60427457674
97.59,1.15281430034,7.66119700435
97.595,2.64476928089,8.4548704394
97.6,0.788891155835,6.53281738011
97.605,-0.844278539909,0.725895840349
97.61,0.146435596933,-11.2098689911
97.615,0.253873841925,-1.08298245912
97.62,-1.02365717586,0.630132112267
97.625,-0.0911212831891,-0.208694686684
97.63,1.03376539165,0.49225708129
97.635,-0.207070796807,1.39154844383
97.64,-1.04866878795,0.669778386592
97.645,-0.888574679962,0.350601950919
97.65,-0.222242599433,1.6921743603
97.655,0.822977084474,0.963297742264
97.66,0.472847583748,-6.50210785368
97.665,0.478866753931,-1.6987429559
97.67,1.78920733766,5.07397274297
97.675,1.43265401374,7.17197078954
97.68,-0.565235882051,7.28851371245
97.685,-1.88448293396,5.99860175037
97.69,-0.780716985858,2.1349393765
97.695,0.696125417779,-3.08218541151
97.7,-0.314123632666,0.376302286065
97.705,-1.07009861979,0.590789616918
97.71,-0.244977319982,-3.68728564371
97.715,0.392566427853,-8.11316718351
97.72,-0.191776953209,0.901674363442
97.725,-2.0349194726,6.49130799901
97.73,-1.86498638775,8.54357519957
97.735,0.568244148865,7.61874600288
97.74,1.31949960916,3.42596352297
97.745,0.570194290684,-4.10709968263
97.75,1.00323663646,1.53014799559
97.755,1.73129341964,5.40673726342
97.76,-0.170752251656,6.07763761123
97.765,-1.83202854242,5.27048174742
97.77,0.210307108567,4.72758519572
97.775,1.52684802219,3.6794000563
97.78,0.28930622739,0.103094010458
97.785,-0.245270656135,-7.25496963649
97.79,-0.186870750489,-12.7096394475
97.795,-0.161082838428,-11.4951994927
97.8,0.477274589763,-4.471235457
97.805,0.920902412711,0.091175961428
97.81,0.275640128556,1.89615381755
97.815,-0.599666579792,0.881367126727
97.82,-0.599041653944,-1.98361261497
97.825,-1.07248565867,1.89297152536
97.83,-1.56839481447,4.68235207413
97.835,0.273913623993,3.04446108221
97.84,0.666886082658,-0.279074112196
97.845,-1.53770884208,4.11362480153
97.85,-0.801885823385,4.88392365189
97.855,0.486268661551,-1.5515931215
97.86,-0.338158095799,-3.24415304509
97.865,0.735779458921,3.63376448076
97.87,1.25669072435,2.28974746382
97.875,-0.388592037644,-4.48158584194
97.88,-0.113971019539,-1.64361793942
97.885,0.609059152203,-1.82715277626
97.89,0.742509361189,-0.71980022378
97.895,1.5347163082,3.73544101989
97.9,0.628918507469,3.32485385781
97.905,-0.444838086584,-5.48844661885
97.91,0.825441164309,-1.20748248978
97.915,1.12717518435,4.66408327003
97.92,-0.389484291036,5.751715958
97.925,-1.70191477163,5.99768949905
97.93,-1.93126575608,6.68342020654
97.935,0.539412316704,7.31269116401
97.94,2.5061209279,8.10081904984
97.945,-0.0841943206622,7.95573954315
97.95,-1.64235005682,4.46667672099
97.955,-0.0427966542132,-13.5428669641
97.96,-0.643975911839,0.819075113498
97.965,-1.40221613938,3.16690533955
97.97,-0.361757442534,-1.50127750092
97.975,-0.357433662068,-4.96240819894
97.98,0.0784016616218,-1.70452209141
97.985,0.576542402016,-4.61475930028
97.99,-0.58010022359,-2.70712759123
97.995,-0.607451629174,-0.392417632961
98,0.511659950554,-4.15809792586
98.005,-0.502795419474,-0.258394023424
98.01,-2.07808472448,7.16513504104
98.015,0.25148002413,9.79516228519
98.02,2.53068132428,8.29752692371
98.025,0.0578096695533,0.035245237577
98.03,-0.376575595448,4.47457151501
98.035,2.43659249697,8.79604457301
98.04,2.16710620305,7.74327262742
98.045,1.09175706019,5.21734445927
98.05,0.252700519532,6.59659428821
98.055,-1.67350688902,6.07993598333
98.06,-0.612681404713,2.46433913683
98.065,1.42952442751,3.10715403602
98.07,0.392627095665,3.8637384706
98.075,-0.496551101768,-0.186781918634
98.08,-0.0984138199708,-1.89180930758
98.085,-0.764435759822,4.44435532995
98.09,-2.17332408765,7.19591554743
98.095,-1.98623410212,7.24982905553
98.1,-0.370100388086,4.73431393349
98.105,0.415096451249,-0.478803899897
98.11,0.162047227645,-11.5723184873
98.115,-0.435142385016,-3.46957217741
98.12,0.362549583595,3.77958298153
98.125,1.9760667022,5.96705343526
98.13,0.455591813875,5.18630555575
98.135,-1.36580704165,2.83900461164
98.14,-0.02320253316,0.551497492344
98.145,0.695576445058,-3.04909926851
98.15,0.342448842251,-8.66960163262
98.155,0.414551860836,-4.01728885192
98.16,-0.49628419352,-1.39694702753
98.165,-0.698013654148,-1.04941907675
98.17,0.602750170262,-0.932118117725
98.175,0.730153341512,-1.36423353704
98.18,0.0530243502184,-2.7192916276
98.185,-0.411746732236,-2.55476141646
98.19,-0.742887424017,-2.38756602127
98.195,-0.52554457317,-5.00369458497
98.2,-0.586791412863,-3.48698787627
98.205,-0.201374379864,-0.272564530398
98.21,0.752765148638,-1.54485477368
98.215,-0.106329646555,-4.56903203664
98.22,-0.961077455864,1.32081971386
98.225,0.521886199646,4.52566001947
98.23,1.6733665809,4.59852076744
98.235,0.930634026405,1.98073908905
98.24,0.283678075668,-2.182423298
98.245,0.0609666855045,-1.09015676677
98.25,-0.8416563323,0.161682992569
98.255,-0.391635915999,-1.01004895871
98.26,1.25746785651,2.00875746668
98.265,-0.211565396591,5.91262624069
98.27,-2.2155818673,6.9176577889
98.275,-0.298329209035,4.59499666242
98.28,0.749538092611,-2.40447191232
98.285,-0.997360106484,0.159629046569
98.29,-0.325754895557,4.34609435065
98.295,1.40352122215,3.64297044534
98.3,0.231420180446,-3.68276788181
98.305,-0.0902584555386,-1.70038437681
98.31,1.77306860252,5.10937230413
98.315,0.821502086589,6.14783672626
98.32,-1.20808160327,3.21669205449
98.325,-0.13766878192,-3.26341951747
98.33,0.705379601793,-1.49577507235
98.335,-0.473149028731,0.101879609763
98.34,-0.728302849718,-2.22921077458
98.345,0.452351327407,-3.9556089578
98.35,0.668378037332,1.25371029696
98.355,-1.00341160503,4.58070917176
98.36,-1.71328158888,4.89680711659
98.365,-0.195600853232,1.55234722781
98.37,0.287124284199,-10.8198803846
98.375,-0.689299180765,-3.21717178376
98.38,-0.369045116317,0.829558774515
98.385,0.610392389595,0.38254120733
98.39,0.852147736709,-1.29420665199
98.395,0.576945062213,-2.11465241358
98.4,-0.252791980326,-2.73802906977
98.405,-0.696002738124,-3.1469543028
98.41,-0.505440199764,-2.06707631622
98.415,0.217573976553,1.36490695736
98.42,1.53142886822,3.93448692357
98.425,0.684795202911,4.10409196339
98.43,-1.13473523837,1.86191242401
98.435,0.00513805710482,-1.31665541794
98.44,0.627068648844,-1.91508854369
98.445,-0.906801858516,-0.151286323044
98.45,-0.28474383408,2.09776598663
98.455,1.30327990897,2.99392979872
98.46,0.960030219906,2.12334913941
98.465,-0.0304276643998,0.465253243836
98.47,-0.646009482518,-1.63014734695
98.475,-0.392201603824,-7.69005076011
98.48,-0.0317060749208,-16.4084662532
98.485,-0.508648939926,-5.71413025659
98.49,-0.0498212192431,-6.02600677199
98.495,0.433718863239,-5.14714084928
98.5,-0.700797000426,-1.04418273087
98.505,-0.56466035815,-1.17985416497
98.51,0.446974429278,-6.29676352084
98.515,-0.345218260233,-4.25833526834
98.52,-0.815500420836,-0.663780303518
98.525,-0.000413642954132,-1.7035700595
98.53,0.25934457838,-7.83556193099
98.535,-0.126059095409,-9.07144750883
98.54,0.193428199302,0.566294942752
98.545,1.59121633156,4.66643744707
98.55,1.29726776541,5.42691280342
98.555,-0.800639223443,2.99952480903
98.56,-0.498454845197,-1.86769135397
98.565,0.850970830117,-1.39803778404
98.57,-0.0137883843714,-0.589660300656
98.575,-0.661748374099,-3.58514114647
98.58,0.288275422532,-5.90251952805
98.585,0.604600565706,-1.46349577573
98.59,-0.431562363375,0.883434256861
98.595,-1.01479864437,0.292996023419
98.6,-0.718197608642,-2.37020613744
98.605,-0.858723356973,0.0769760059561
98.61,-0.329379029616,3.71379656226
98.615,1.18907188676,4.4071423543
98.62,1.20198240176,1.80290739779
98.625,0.38780925873,-5.70604288168
98.63,0.706985978417,-2.92813051937
98.635,0.954846258739,2.85227505427
98.64,-0.229936958074,5.62290792615
98.645,-1.95671380087,6.94495226315
98.65,-1.93894164423,6.9927807998
98.655,-0.0283247750924,5.63566077527
98.66,1.1106849401,2.96056089541
98.665,1.11544456048,0.954410277827
98.67,1.09464915022,2.63890334182
98.675,-0.150367022882,4.37344851692
98.68,-1.49780241951,3.6951841573
98.685,-0.0700096121638,-0.27940515769
98.69,0.755040563882,0.786012290299
98.695,-1.42547014397,5.26996301725
98.7,-1.49544920434,5.29166918951
98.705,0.0607298663769,-1.8581512711
98.71,-0.907305628862,-0.0554579880821
98.715,-0.336830090196,7.61747058425
98.72,2.38955187133,9.06156618827
98.725,1.83017705877,6.66882167262
98.73,-0.0309175627053,-1.11675843062
98.735,0.246504668766,-11.433673916
98.74,0.968740408563,0.0282722927457
98.745,0.942279014018,4.5591561875
98.75,-0.770510831374,7.61521940628
98.755,-2.64425302783,8.5486707416
98.76,-1.14825442963,6.95220908485
98.765,0.752203588836,1.85594655416
98.77,0.227983284021,-12.1621911337
98.775,0.365585746191,-4.11121332947
98.78,0.807044304863,-1.65084270497
98.785,0.238713544259,-3.86890023868
98.79,0.0143330779194,-3.50329419724
98.795,-0.892386869049,1.38919102018
98.8,-1.30003688711,3.67870154399
98.805,0.494516618368,3.21093153592
98.81,0.940931186233,-0.360533097738
98.815,0.00167463263667,-11.7113334461
98.82,0.488159754573,-6.08803576694
98.825,-0.0531373475476,1.69835517544
98.83,-1.76021861952,4.97040015722
98.835,-0.616041007172,5.66821223222
98.84,1.25770881503,3.3891880944
98.845,0.309287389737,-5.457387305
98.85,0.0730386908312,-4.31854337748
98.855,1.34169282387,2.5958443721
98.86,-0.18695500168,4.05522037499
98.865,-1.69026549074,4.96668954255
98.87,0.744954693868,6.80681033529
98.875,2.32961265473,7.39286449249
98.88,0.705782759481,5.42735852352
98.885,-0.277463706136,0.676487764131
98.89,-0.254821520138,-0.589121347773
98.895,-0.851731101842,1.557026456
98.9,-1.09821775474,0.826536211242
98.905,-0.216843386037,-3.59629449425
98.91,0.592333915383,-3.66050216503
98.915,-0.455666535605,3.45072596606
98.92,-1.90394420665,5.79447224553
98.925,-1.28432396189,3.77012720435
98.93,-0.974968986083,1.00658568172
98.935,-1.53144873925,6.61918968544
98.94,-0.0281507588251,8.78759145386
98.945,1.50998361662,7.43478113177
98.95,1.5755173931,5.48935953292
98.955,2.21271251026,7.21552775054
98.96,2.49679871594,8.56554151663
98.965,1.14652724483,8.45493047946
98.97,-0.91474564267,7.21236029928
98.975,-1.59476082792,4.08600937776
98.98,-0.0820907727936,-1.86061320004
98.985,0.509719740957,-4.40865794093
98.99,-0.333994148971,-6.58853238762
98.995,0.27524454449,-9.52495294477
99,0.396697785437,0.848068888373
99.005,-1.2935636688,3.65818869638
99.01,-0.814773001638,2.20453739174
99.015,0.675859741271,-2.90135021907
99.02,-0.488581323113,-1.03182467728
99.025,-1.10705720845,2.82173126631
99.03,0.620364166595,3.75951705325
99.035,1.33410747913,2.51177299552
99.04,0.428829024291,-1.18967532325
99.045,0.0500454375002,-7.9782822702
99.05,0.153490232718,-5.69398191932
99.055,-0.258912732232,-4.22600373368
99.06,-0.16549876042,-13.7348868157
99.065,0.233061272706,-2.71930787764
99.07,-0.920296258551,3.95622041382
99.075,-1.84668606132,5.34362670762
99.08,-0.724353245826,2.52687641799
99.085,-0.0876992716289,-6.32383951602
99.09,-0.418025880462,-5.13300659217
99.095,-0.35143968979,-4.59404463617
99.1,-0.670226319643,-0.619693099963
99.105,-0.230936673874,4.11850257986
99.11,1.0716190213,3.84673531175
99.115,0.617967815043,-4.12431755235
99.12,0.11106118655,-1.85676734667
99.125,1.2258314438,4.14219875682
99.13,1.65115909831,4.36151933343
99.135,1.05219730457,1.91271624735
99.14,0.604251105124,-2.03877507755
99.145,0.933428368889,-0.201916626561
99.15,1.356390594,5.09703755316
99.155,0.271020917772,6.7664447464
99.16,-0.962391686901,5.40785128435
99.165,-1.1061629042,2.88801579107
99.17,-1.19443081182,2.42024360123
99.175,-1.49722543057,3.51309909066
99.18,-1.27838807507,4.52706147537
99.185,0.597362309422,4.03608368621
99.19,1.46309888086,4.87628813722
99.195,-1.38396836981,8.33028037396
99.2,-3.01994867058,9.72868886478
99.205,-1.26107283379,8.28686740303
99.21,-0.203061223926,6.1848524967
99.215,0.652923101997,8.09557390931
99.22,2.55468981582,9.63765434011
99.225,2.6428455124,8.82844148982
99.23,0.734129848741,5.51860018615
99.235,-0.347541450462,-2.01105822035
99.24,0.221979376195,-13.0615531327
99.245,0.670213950267,-0.657622679069
99.25,-0.162404652275,1.38792734261
99.255,-0.888193196663,-0.0957754995455
99.26,-0.552508227911,-3.96945106054
99.265,-0.0519031049121,-6.73107299641
99.27,0.559416540878,-3.58378402549
99.275,0.900629955725,0.916567243234
99.28,-0.320037149204,3.1392207982
99.285,-1.29169368075,2.39132301071
99.29,-0.479756078702,-2.07171448822
99.295,0.0471335702707,-13.8336326708
99.3,-0.112657624466,-17.6242016335
99.305,-0.00330986674131,-19.0719021088
99.31,0.0362027247856,-26.862753207
99.315,0.0584982216699,-16.6910730787
99.32,-0.0956087100674,-5.97498290326
99.325,-0.882824904089,-0.0285907748923
99.33,-1.19082175843,2.54934965101
99.335,-0.166930741263,2.16599672074
99.34,0.536586427057,-1.83678887625
99.345,0.241571917549,-9.64860436054
99.35,0.276978056972,-6.93333705828
99.355,0.388790985554,-7.69809424479
99.36,0.291021459012,-10.2338486387
99.365,0.443481769791,-7.00595447763
99.37,0.0668730093185,-8.07116845324
99.375,-0.367892422543,-7.82143039477
99.38,0.324029577078,-2.76161736981
99.385,0.811110341797,-1.81628517189
99.39,0.359543960667,-5.71831355658
99.395,0.336916097265,-8.1888521648
99.4,0.352569139261,-4.12527393596
99.405,0.0104466297099,-7.44579594913
99.41,0.386996087983,-4.52152751118
99.415,-0.0978221932363,2.71361527472
99.42,-1.44961095664,4.13793964862
99.425,-0.908444502252,0.386194137886
99.43,-0.489112931199,-6.15459621548
99.435,-1.189658627,2.64263534167
99.44,0.0254268739155,5.077983931
99.445,1.4350215464,3.81065256456
99.45,0.627508825756,-0.821049144373
99.455,-0.111897841448,-11.2584497069
99.46,0.096552314514,-16.7195309158
99.465,-0.291612555135,-7.67793166129
99.47,-0.57055843495,-2.37208153718
99.475,0.406900562402,0.58934496064
99.48,1.12458682731,1.26656556923
99.485,1.20573459423,2.18743702936
99.49,0.950784851172,5.37356322279
99.495,-0.950828290887,7.50270207052
99.5,-2.21564220838,6.97331163804
99.505,-0.974663217078,2.77227603205
99.51,-0.554872982153,-2.38135309451
99.515,-0.585240873768,2.33662071378
99.52,0.64547185888,2.52603331488
99.525,0.655265093182,-3.35318624857
99.53,0.448746450549,-4.57551067163
99.535,0.956480598253,-0.154576408058
99.54,-0.217247977415,-1.5809304334
99.545,-0.532998200183,-0.867477141498
99.55,1.25665128023,3.08381845907
99.555,1.01437345479,3.92522642808
99.56,-0.674882424293,1.82198805199
99.565,-0.724895837879,-2.2407797536
99.57,0.194045594281,-4.0960857889
99.575,0.868088228286,-1.17961585447
99.58,0.319726929095,1.54508381441
99.585,-0.97731308234,1.84286459682
99.59,-0.761226424973,-1.077369415
99.595,0.0490625373988,-9.01697519943
99.6,-0.00930996582749,-40.621031691
99.605,-0.0629785207469,-24.0158160452
99.61,-0.245327641921,-11.8897972049
99.615,-0.443076159553,-4.4354382883
99.62,0.278664169722,-0.255190529691
99.625,1.34463001439,2.62843972916
99.63,0.738087205786,4.36041024327
99.635,-1.23273146048,4.47247347649
99.64,-1.03850277761,2.44839552591
99.645,0.608087115916,-1.48616190769
99.65,0.218662027303,-4.13047041504
99.655,-0.32095499031,-9.5681752452
99.66,0.252067387202,-7.43392156353
99.665,-0.844384185563,3.05317104499
99.67,-2.11728897005,6.75715703564
99.675,-0.486236254439,7.45533065747
99.68,1.59334045668,5.98271846917
99.685,1.09998529852,2.76757434138
99.69,-0.763608547734,0.356841780141
99.695,-0.745914373219,2.96612055814
99.7,1.42816080602,5.29370509125
99.705,1.33932132743,5.52826385771
99.71,-1.35957672657,4.75620399502
99.715,-0.735234211485,5.48061226691
99.72,2.11887171091,6.93106770134
99.725,0.746521118734,7.27765940797
99.73,-1.95347153665,6.49616085395
99.735,-0.877147318765,4.77019293137
99.74,0.744659908774,1.24867534283
99.745,0.460187988349,-6.54318404132
99.75,0.414105569831,-4.20230836132
99.755,1.23342199838,1.88987010349
99.76,1.02592568781,3.97142729732
99.765,-0.590589567009,2.83937039244
99.77,-0.708311253431,-2.44030595823
99.775,0.508691969746,-5.53326535346
99.78,0.0574124275566,-2.79832652302
99.785,-0.421730518076,-7.42373692694
99.79,0.308787875649,-10.1753284259
99.795,0.142015757932,-3.27505606564
99.8,-0.404396439343,-3.52577728252
99.805,-0.457581067144,-5.50205715468
99.81,-0.461946971038,-6.53001702743
99.815,-0.338964185887,-9.09082238672
99.82,-0.658268391883,-3.5346418543
99.825,-0.586300974792,-1.15633323593
99.83,0.471284011999,-3.27434929916
99.835,0.220541903596,-2.60409006628
99.84,-1.00200933589,0.841976539579
99.845,-0.917046031318,0.674770932934
99.85,-0.32259347104,-3.51680708389
99.855,-0.600181752055,-2.95917817178
99.86,-0.917815764928,3.81285091419
99.865,0.275433711723,7.19285683047
99.87,2.02652093827,7.99391767985
99.875,2.13420424023,6.68547242192
99.88,1.01827451655,3.57237073975
99.885,0.196408303386,-1.4381620974
99.89,0.1352060512,-8.78389277121
99.895,0.458727952832,-4.10280915949
99.9,0.123103467639,-0.529432095177
99.905,-0.68102051082,-1.65323174651
99.91,-0.11922486837,-5.51770082014
99.915,0.973678415292,-0.117123787449
99.92,0.396045549247,2.92102643531
99.925,-0.692086175269,3.25022996408
99.93,-1.35143826053,3.53452713737
99.935,-1.40858031956,3.37530605957
99.94,-0.460169080855,0.507818585723
99.945,0.0480212741905,-4.9174387206
99.95,0.284541272891,-6.90247388991
99.955,0.286257190357,-6.12500138684
99.96,-0.870971615944,-0.362078950476
99.965,-0.752304677019,2.00785323897
99.97,0.684306381825,0.216903945341
99.975,0.319914007093,-4.7251145296
99.98,-0.622060188498,-4.01602194528
99.985,-0.454946190451,-4.57977202275
99.99,-0.800982955614,0.040307524285
99.995,-0.378199073904,6.57493686908
100,2.0759800696,9.26216107957
100.005,2.74915147359,8.95644828221
100.01,0.985914723694,6.04423105483
100.015,-0.0844682621645,1.20345570944
100.02,-0.184371891662,-3.45648370554
100.025,-0.139398296031,-3.99965411335
100.03,-0.647004020938,-0.615204709204
100.035,-1.05939067823,0.949399669623
100.04,0.149066545223,0.981654735838
100.045,0.951937839831,-0.412622436866
100.05,0.209373320376,-7.50669300184
100.055,0.486372704796,-5.46687146116
100.06,1.26759325943,3.28918216712
100.065,0.0946029411338,5.5390421809
100.07,-1.16031977664,3.64151987717
100.075,-0.610612041401,-3.86532754826
100.08,-0.495634600969,-1.13459021244
100.085,-1.2594169835,2.87091481648
100.09,-1.48821988187,3.51684249713
100.095,-1.13369076834,3.20004343643
100.1,-0.337862023505,0.425974898176
100.105,-0.230472816862,-5.17483746563
100.11,-0.445649112467,-1.34155185453
100.115,-0.0726831812063,-1.46695220308
100.12,-0.147027238115,-1.86572014198
100.125,0.269467425385,2.33219101469
100.13,1.11307700556,2.34193330579
100.135,0.619458503418,-4.03845718716
100.14,0.180562192657,-8.05838469147
100.145,0.752715796655,-0.491959419836
100.15,1.08646097414,0.723217564369
100.155,0.680255522484,-1.16587896125
100.16,0.192728800576,-8.87270801557
100.165,0.621355142169,-4.1288627643
100.17,0.96112420467,2.22060488816
100.175,-0.250563032777,3.49346252396
100.18,-1.14728024516,1.50658179916
100.185,-0.319425880694,-2.62589930091
100.19,0.606347975968,-3.78527512755
100.195,0.538857406209,-1.08526789342
100.2,-0.470022879532,1.36037361988
100.205,-1.36499985842,2.70976185588
100.21,-0.586677479439,3.17103783351
100.215,1.0312675796,3.1211016438
100.22,1.13439545067,2.03257314225
100.225,-0.136485762398,-2.86929145885
100.23,0.247115269077,-7.81037538748
100.235,1.27271675286,4.25368383255
100.24,-1.03503922979,7.72282017797
100.245,-2.19033249995,7.24371829257
100.25,0.921066587952,4.54097979079
100.255,0.887286226144,5.39408600696
100.26,-1.86984824101,6.44738620324
100.265,-0.835575584226,3.31720350202
100.27,0.522746511319,-5.63330005906
100.275,-0.785808489679,0.475603734573
100.28,-1.2280492819,2.40535991108
100.285,-0.523079789789,0.74929427637
100.29,0.0059723704896,-0.941047425056
100.295,0.35949576016,-6.85155763698
100.3,-0.659750213541,-3.37012561582
100.305,-1.19344555884,6.02411458155
100.31,1.21113504358,9.10761263289
100.315,2.85737988766,9.13361696085
100.32,1.10308883565,7.04292174436
100.325,-1.0688359739,4.0339247013
100.33,-1.22563469569,2.79902262945
100.335,-0.173346050144,3.98466633297
100.34,1.21022308404,6.5818417618
100.345,2.89031841123,9.40191569682
100.35,2.71731307297,10.8182658762
100.355,-0.117823220371,10.1203542048
100.36,-1.79836469018,6.66681273713
100.365,-0.708951901863,-2.36286301866
100.37,0.140884606453,-7.83227446075
100.375,-0.475051291944,-0.627611405017
100.38,-0.700892068859,-2.24819537425
100.385,-0.598199011239,-2.73873086267
100.39,-1.27630295552,2.28582917154
100.395,-1.23803820162,3.78721117959
100.4,-0.0352781727175,1.87122665368
100.405,0.453286484722,-4.00915643466
100.41,0.0543886239426,-19.407129215
100.415,-0.0488450446413,-8.2340620884
100.42,0.334346583232,-5.74672959073
100.425,0.379949860348,-8.3896737
100.43,0.27865692131,-11.043461781
100.435,0.59953158367,-3.77912491167
100.44,0.171086044134,0.577597543887
100.445,-0.977248968387,2.67456087991
100.45,-1.56776341971,3.90561252841
100.455,-1.45287268157,5.4766924352
100.46,-0.268767488759,6.58894220457
100.465,1.20850468849,5.88153500533
100.47,1.28067961905,2.47953314007
100.475,0.793771879448,-1.54910147233
100.48,1.26940182283,2.48073433536
100.485,1.73356729399,5.27173968763
100.49,0.780243472548,5.29116978918
100.495,-0.571319024187,2.30632119523
100.5,-0.407904664573,-7.59558326918
100.505,0.764352178515,-2.23761382262
100.51,0.391905193266,3.22764277069
100.515,-0.904627568467,2.19330913643
100.52,-0.160224525291,-15.8831719407
100.525,0.136848393191,3.42539353803
100.53,-2.32216021913,8.81256304079
100.535,-2.61970868605,9.72949331502
100.54,0.234037269863,7.84148832714
100.545,1.5039796835,4.06741578689
100.55,0.709154460329,0.842016743375
100.555,-0.609576279386,0.985119935659
100.56,-1.200155099,1.69444162092
100.565,-0.464834458984,-0.792892625962
100.57,-0.430075148356,-2.45341254142
100.575,-0.123978636438,3.84130567258
100.58,1.72690705441,6.27729054838
100.585,1.48869856255,5.41970766565
100.59,-0.508481742458,1.78978513896
100.595,-0.560684515352,-4.34541973572
100.6,0.103717418908,-14.0199706029
100.605,-0.11444439275,-18.767145369
100.61,0.0251447700413,-10.1791317399
100.615,0.233209083584,-12.6273430714
100.62,-0.193267671359,-13.2725411757
100.625,0.348045950472,-1.65731814771
100.63,1.3391092577,2.73311775507
100.635,-0.0871223932514,4.27604479783
100.64,-1.63487859942,4.26990070855
100.645,-0.00339987331079,3.27467445779
100.65,1.08745876372,0.746061490778
100.655,-0.331325986002,-2.98717344865
100.66,-0.490123140756,-1.22349674995
100.665,0.681670353768,0.944159304172
100.67,1.23249734967,1.92146528405
100.675,1.32594785131,3.62768496925
100.68,0.408185761733,3.79331271997
100.685,-0.353362528418,0.10150000045
100.69,-0.0752116865139,-1.08573010068
100.695,-0.786355101182,3.83629946913
100.7,-1.6666716118,4.82329464565
100.705,-1.5248806917,4.05485406999
100.71,-1.03003418338,4.3623137944
100.715,0.373751437123,3.9396745539
100.72,1.06523453024,0.648169230776
100.725,0.160952393171,-5.70674409425
100.73,-0.125641856837,-11.6781919952
100.735,-0.543349733285,-3.27357682438
100.74,-1.21758388561,2.65480379016
100.745,0.178695409313,4.56840355691
100.75,1.45952490943,3.32228525418
100.755,-0.198044613414,0.949500456321
100.76,-1.32080779926,3.7214149455
100.765,0.76347858848,6.38629929948
100.77,2.09621830007,6.43234781884
100.775,0.523154789353,4.04422031228
100.78,-0.880763240944,-0.0484545705573
100.785,-0.205449776047,-0.888652859199
100.79,1.14603048522,1.62668584101
100.795,0.7035627938,1.15969823582
100.8,-0.173526641279,-7.6445205487
100.805,0.667983532123,-3.2371440154
100.81,0.306820059768,3.33946294424
100.815,-1.1127243541,3.08048867873
100.82,-0.665902585425,-3.35548686706
100.825,-0.393084241692,-6.71827671408
100.83,-0.842525920339,-1.40670899456
100.835,-0.29639032712,-3.44521169281
100.84,0.0232806140823,-12.5666267303
100.845,-0.0663979286307,-12.8889482688
100.85,0.144155446053,-15.7805555401
100.855,-0.164767338694,-12.0464696482
100.86,-0.359594742859,-7.64846344655
100.865,0.00255767694432,-10.4535245325
100.87,0.0298634077823,-26.0672984139
100.875,-0.166723301523,-15.2599098801
100.88,-0.48680952086,-5.90907800229
100.885,-0.368851040838,-1.67353710978
100.89,0.237366924943,-1.90828179631
100.895,0.310589697547,-3.30759724728
100.9,0.859241197464,1.41369540392
100.905,1.57895456173,4.09494333027
100.91,0.420184017186,3.62700309595
100.915,-0.929762475997,0.73132437799
100.92,-0.386289489436,-2.05719327208
100.925,0.6973664673,-1.72874705159
100.93,0.619526963823,-2.01130592991
100.935,-0.134945261528,-7.1907337172
100.94,0.203912619034,-10.9925254289
100.945,0.812588135475,-0.192804973614
100.95,-0.166120340205,2.1248889971
100.955,-0.864523394302,-0.445358148333
100.96,-0.27809681523,-10.8500229331
100.965,-0.544353775765,-2.45567703751
100.97,-1.09931303052,0.899503079507
100.975,-0.463207928338,-0.831034910806
100.98,-0.0351744291497,-7.08647433285
100.985,-0.181779119559,-7.13448920849
100.99,-0.0432576058042,-4.68652681748
100.995,0.191293371502,-2.77384848514
101,0.798882119909,0.0500729240532
101.005,0.948663604186,-0.0778170881011
101.01,0.169200166119,-6.624583022
101.015,0.439593774926,-7.13103673268
101.02,0.52842017922,0.490436504553
101.025,-0.840657526967,1.30736741633
101.03,-0.557709449621,-0.616173036818
101.035,1.05757226205,0.899564709552
101.04,0.777079584068,4.14631143758
101.045,-1.04986654788,6.00327547099
101.05,-2.12776545169,6.57335066145
101.055,-1.18327765146,5.39767841346
101.06,0.168400605149,1.00799039349
101.065,-0.0404976817705,-5.97438001968
101.07,0.0519446318793,1.55593848668
101.075,1.44103494456,4.58049838303
101.08,1.37569313812,4.29971947617
101.085,-0.322715078311,1.34105162789
101.09,-0.565579375138,-4.38172362721
101.095,0.427070055535,-6.77401329972
101.1,-0.0102358675819,-3.7910258042
101.105,-0.758730370747,-2.35746829109
101.11,0.00213684240082,-2.03937282747
101.115,0.690727597116,-2.52346857126
101.12,0.718780721348,-1.80882928629
101.125,0.0827432715137,0.651964614727
101.13,-1.17493635638,2.08279597095
101.135,-0.631831918442,1.30028356802
101.14,0.555934438601,-3.19011259256
101.145,-0.185374965792,-12.5127858182
101.15,-0.0921761611486,-0.0790799848806
101.155,1.55354220805,4.42749390796
101.16,1.43073091782,6.0678132801
101.165,-0.503061000999,6.17725849698
101.17,-1.76057668745,5.47991412298
101.175,-1.38899314233,4.51266431188
101.18,0.141861712026,3.4260854279
101.185,1.27607127889,2.29012465397
101.19,0.435677264578,1.79387729595
101.195,-0.937025076392,1.66652718564
101.2,-1.13969724612,1.2578997293
101.205,-1.03466919301,2.87811380212
101.21,-0.179427848783,5.62468167906
101.215,1.51197131949,6.78145432006
101.22,2.10139310876,6.45529831719
101.225,1.73675075293,6.52233782753
101.23,0.449430002592,7.49064493496
101.235,-1.62822982151,7.39029116577
101.24,-1.76811098932,5.11760290686
101.245,-0.655297880544,0.788683332132
101.25,-0.309215566768,0.2570089233
101.255,0.72663879704,2.58544481381
101.26,1.27947881621,2.38088932398
101.265,-0.179935992765,-0.313803461301
101.27,-0.749394416301,-1.36042744538
101.275,0.443004830836,1.26138857849
101.28,1.43421950786,3.31107235197
101.285,1.40857766004,4.61019443786
101.29,0.392169410685,4.66296828875
101.295,-0.503304445353,2.93331797817
101.3,-0.670915135388,1.11664243113
101.305,-0.918656773266,1.8127176907
101.31,-1.26556713474,2.70169021943
101.315,-1.53722106301,3.73499332332
101.32,-1.47208768524,4.60636454903
101.325,-0.570265292533,3.42249785458
101.33,0.112905289455,-1.74364960199
101.335,-0.287483282935,-7.29853192004
101.34,-0.842702466395,1.792448563
101.345,-0.245812690691,6.60966131537
101.35,1.86757783649,8.90313390552
101.355,2.63050583895,8.53251827675
101.36,0.31355249639,4.3854174917
101.365,-0.541382957901,-4.47165298076
101.37,1.02899801361,1.16025327207
101.375,0.948249080103,1.6842983199
101.38,0.339595539706,-1.5246981768
101.385,0.144532185124,1.13261642816
101.39,-1.12135749791,3.30543429611
101.395,-1.09492335234,2.64655526976
101.4,0.677469727036,1.05672109681
101.405,0.778460940215,0.321508462554
101.41,-0.601077484296,-0.809882447071
101.415,-0.447945575028,-3.53338604
101.42,0.480972895908,-5.89291310242
101.425,-0.0441316861511,-7.7454486645
101.43,-0.129410901775,-8.76695758592
101.435,0.895768313874,-0.945141530803
101.44,0.355090185264,2.76285624875
101.445,-0.914532200552,3.59027650488
101.45,-1.67490336422,4.82151153561
101.455,-1.94453997802,7.03799300444
101.46,-0.0462643781198,7.19505000063
101.465,1.24802433487,3.22838721383
101.47,0.282217620326,-8.86115482825
101.475,0.917345735403,1.74638576327
101.48,1.35232370765,3.2670083537
101.485,0.0880016696327,-2.93702533318
101.49,0.575942304307,-4.78532820312
101.495,0.996292818495,4.24354549015
101.5,-0.736660858353,6.36305104873
101.505,-1.86162161178,5.82589870986
101.51,-1.50077328881,4.23637365619
101.515,-0.779768283494,2.90127770303
101.52,-0.0680992267583,1.49809692511
101.525,0.259363670455,0.0544380203313
101.53,0.61097965091,2.26798087236
101.535,1.74436171964,5.68369059006
101.54,2.11023416558,7.31995098893
101.545,0.54685615942,7.06672306563
101.55,-1.00475760935,5.58963446742
101.555,-1.58855051803,4.40042316445
101.56,-1.26436281638,3.61479943057
101.565,0.202765738721,1.38671239143
101.57,0.703375478038,-2.96031326374
101.575,-0.27603333991,-5.51347551737
101.58,-0.441756854617,-5.78290280164
101.585,-0.0318208478108,-7.95534300418
101.59,0.201697480102,-7.88321977101
101.595,0.445605486348,-7.01273239907
101.6,-0.101231942705,-9.39598656227
101.605,-0.196129690603,-4.90319513862
101.61,1.12293607822,1.35052255653
101.615,0.77621795947,4.15034295854
101.62,-0.969836762802,3.89629603129
101.625,-1.07807653578,0.707247836249
101.63,-1.07950336859,0.686665284468
101.635,-1.13219986378,3.94650575154
101.64,0.283134733024,3.52234256353
101.645,0.621792539335,-3.24693649127
101.65,-0.176042306995,-5.84677585978
101.655,0.609429563191,2.77395702905
101.66,1.65404499098,4.53306952815
101.665,1.22567626985,3.76092223459
101.67,0.125101938531,1.4745223195
101.675,-0.438129543337,-3.83539801354
101.68,-0.0165135403832,-19.4807283487
101.685,-0.118757230005,-6.34801314285
101.69,-0.445174829929,-6.98515641782
101.695,0.256894638579,-10.8019148855
101.7,-0.0856312038795,-5.66891963371
101.705,-0.413825554416,-6.5435308418
101.71,0.484423455915,-6.28973102338
101.715,-0.297081918042,-2.04770610011
101.72,-0.599156910471,-2.79335020763
101.725,0.542488158413,-5.30816350205
101.73,-0.661699276271,0.632350489459
101.735,-1.18622635709,4.09680446572
101.74,1.15158365828,5.16017982595
101.745,1.49150589169,4.82781503307
101.75,-0.292694233186,3.34186957858
101.755,-1.04675041213,1.49233959089
101.76,-1.23146706586,1.97824886955
101.765,-0.603938189351,3.30101620832
101.77,0.95973633633,2.78325661
101.775,0.781367998828,-0.265621495646
101.78,-0.439896264353,-5.38770305502
101.785,0.114214527898,-7.45736655193
101.79,0.278561473485,-5.0898143188
101.795,-0.855027365943,-1.27043609485
101.8,-0.128910486563,0.676650702993
101.805,0.880609931152,-0.692133505413
101.81,0.356012572126,-7.33710734901
101.815,0.598161853708,-4.11463214385
101.82,0.32302381136,2.2282014111
101.825,-1.3282256243,4.43028435454
101.83,-1.48085922223,4.12899197258
101.835,-0.524094253057,2.6343043548
101.84,0.259626923633,2.34436714874
101.845,1.02874880987,2.0265267851
101.85,0.804105633586,-1.72783013394
101.855,0.228515604849,-12.7787819917
101.86,0.687207783343,-2.26769802038
101.865,1.11795127653,1.45311833479
101.87,0.375994589609,1.22403199327
101.875,-0.400956077056,-4.28490783292
101.88,0.321919907877,-9.44712056486
101.885,0.593439458706,1.19767956465
101.89,-0.784413345309,2.30793563302
101.895,-0.592335501763,-3.79664363012
101.9,0.312572535552,-6.74009631736
101.905,-0.637626593232,0.159076967053
101.91,-0.670484605888,-3.34361848478
101.915,-0.229059853945,-7.04874758094
101.92,-1.34082461565,2.76656878305
101.925,-1.06464245954,3.95730260336
101.93,0.180844418698,-0.372062474972
101.935,-0.0749376613546,-8.39879600299
101.94,0.0052174434558,-1.05775697182
101.945,0.767401748103,-0.733116913135
101.95,0.297443819807,-8.39619244096
101.955,-0.208732418661,-6.41234879098
101.96,0.789557582404,0.7028989113
101.965,1.05161524512,1.0354888173
101.97,0.212384969311,-4.19675570083
101.975,0.320367166905,-5.63286935267
101.98,-0.196724148055,-1.32384902704
101.985,-0.567784849861,-4.73948903979
101.99,0.596876311963,-4.19912703546
101.995,-0.674741654955,4.18373820668
102,-2.10833490594,6.83927550777
102.005,0.203434557327,5.90891735495
102.01,1.07346007628,0.617573403918
102.015,-0.276012900804,-11.115269738
102.02,0.546544250515,0.399903735323
102.025,1.37827831272,3.47322121359
102.03,-0.34147076785,4.05908926107
102.035,-1.58841417797,4.02168359856
102.04,-0.445592205251,3.88269095458
102.045,1.02717639319,3.34945804866
102.05,1.3051201776,2.33909314418
102.055,0.753725330739,0.881392881393
102.06,0.108238852199,-1.03229908608
102.065,-0.332181680552,-2.4135595163
102.07,-0.632120499014,-3.73944427214
102.075,-0.107730283138,-6.26805913809
102.08,0.669448140187,-3.43370960552
102.085,0.188516527156,-0.871820702238
102.09,-0.477539467343,-1.22814123488
102.095,-0.838626615526,-0.400351852726
102.1,-1.08065037101,1.19956164625
102.105,0.0852645630848,-0.412327410147
102.11,0.644981958435,-1.96218803045
102.115,-1.01998189712,2.68244896071
102.12,-1.44550933282,4.35751574147
102.125,-0.183169183724,2.07049077886
102.13,0.0202827280609,-1.80944394895
102.135,0.25560596012,1.95209132335
102.14,1.21644761508,3.66449670923
102.145,1.39740130244,2.91751872428
102.15,1.46261870415,4.14887696576
102.155,0.43487263541,6.26285347368
102.16,-1.9139113477,6.57143592718
102.165,-0.769085941814,6.22559473318
102.17,2.06513390159,6.63552924472
102.175,0.653381363104,5.77597895431
102.18,-0.925843934589,0.374384422927
102.185,0.32206263887,-9.80057354911
102.19,-0.242413058842,2.2192765345
102.195,-1.42781204736,3.19042310197
102.2,-0.457500794041,-2.47614221612
102.205,-0.399928222134,-7.87661341267
102.21,-0.82290057732,0.658933080755
102.215,0.383173153735,0.262818962707
102.22,0.30214138842,-8.49506618594
102.225,-0.598681007338,-2.50984921351
102.23,0.669074272298,2.1657306684
102.235,1.17296890215,1.87582022429
102.24,-0.0297779994543,-1.75066705324
102.245,-0.320781537716,-6.681230256
102.25,-0.705672388599,-2.60569952362
102.255,-0.849323124728,1.63492168307
102.26,0.518621469746,2.81898023552
102.265,1.14341381422,1.18534232406
102.27,0.333780847069,-3.3027386545
102.275,-0.355206454232,-8.6228646659
102.28,-0.0142257102211,-2.48185142842
102.285,1.17183920329,2.23768348941
102.29,1.2139706895,3.41291107472
102.295,-0.0115052974636,0.660861166516
102.3,-0.0892916949428,-10.2017066739
102.305,0.410582368641,-1.60531089256
102.31,-0.519940167283,3.37554024506
102.315,-1.59568808418,4.21851166452
102.32,-0.744168119139,1.95754343741
102.325,0.388027386212,-4.63148857821
102.33,-0.0481462711741,-13.9764495932
102.335,-0.124002812366,-12.737519983
102.34,0.11696969609,-12.5333718344
102.345,-0.654861624707,-3.43069362035
102.35,-0.332776582191,-0.727106576907
102.355,0.722349321449,-1.26884028171
102.36,0.594378699439,-3.27723637622
102.365,0.312603434868,-2.09860637704
102.37,-0.587127031256,2.4214011164
102.375,-1.7745264584,4.98563763562
102.38,-0.856234151441,4.74727796775
102.385,0.482546498127,1.38479247343
102.39,0.443170409473,-4.40935241762
102.395,0.493007358538,-3.97493964425
102.4,0.695350726723,-3.15560620752
102.405,0.416689762635,-4.81399421852
102.41,0.0330904492601,-6.70947689897
102.415,-0.329858195203,-6.71279397294
102.42,-0.558768118251,-4.80580731857
102.425,-0.235986435363,-2.47824058839
102.43,0.53389033528,-1.05399275013
102.435,0.894474525073,-0.966729124841
102.44,0.366033078751,-2.56365264379
102.445,-0.383027070251,-6.96110095509
102.45,0.192211989247,-4.23360220223
102.455,1.14004344853,1.59670899271
102.46,-0.19146913818,3.50750407072
102.465,-1.31209400746,2.36151924333
102.47,-0.0144141396332,-1.27087264753
102.475,0.50957764137,-5.7098135038
102.48,-0.0284509691449,-9.69032723826
102.485,-0.185609077,-10.3952745553
102.49,-0.523779309939,-5.61650495023
102.495,-0.216251393706,-3.58276430425
102.5,0.369282787529,-4.97680469472
102.505,0.41450899226,-5.81051391449
102.51,1.07596808576,0.660210776184
102.515,0.936250019923,4.28938843594
102.52,-0.819724706619,4.62493159191
102.525,-1.1880025096,1.49641857921
102.53,-0.30419701792,-7.40500356214
102.535,-0.312550918268,-10.088180369
102.54,-0.324915003862,-7.86119024722
102.545,-0.0530906633809,-15.9371039585
102.55,-0.175917657226,-14.8768755136
102.555,-0.0918062904243,-15.696428304
102.56,-0.105021298901,-14.2068349284
102.565,-0.704306538667,-3.00383473141
102.57,-0.74039568756,1.02044619871
102.575,0.299378160064,2.21305143559
102.58,1.10541445444,1.41374040024
102.585,0.630896687477,-1.42422262957
102.59,-0.197457029484,-6.91826166006
102.595,-0.125479108579,-16.6676905626
102.6,-0.0524483587058,-17.9624504198
102.605,-0.466177841022,-6.1295304673
102.61,-0.012927471767,-2.49603761647
102.615,0.507566780459,-4.10432916888
102.62,0.326507542517,-7.25997394626
102.625,0.993139253959,0.472257867005
102.63,1.24225156367,4.23457173049
102.635,-0.6102525507,5.24551788343
102.64,-1.74651363076,4.88710731065
102.645,-0.0704623367735,4.15236208054
102.65,1.38030298886,2.94223247611
102.655,0.296239862954,-0.471109723747
102.66,-0.333993471394,-9.46524378325
102.665,0.609563598504,-4.01038442524
102.67,0.499358024991,-0.179114957022
102.675,-0.46724518135,-0.11286707223
102.68,-0.835771125782,-1.52078222715
102.685,-0.230603430223,-4.03232953188
102.69,0.541561984959,-5.31999492077
102.695,-0.129812312387,-3.07451766113
102.7,-0.682684151992,-3.23713647087
102.705,0.0410452511033,-6.7964362568
102.71,0.22394704778,-12.7486537342
102.715,0.389134522334,-7.99272599968
102.72,0.80102274464,0.508911845189
102.725,-0.289618793288,4.71440738966
102.73,-1.82878792113,6.10943281758
102.735,-1.63203252884,5.01965675376
102.74,-0.702323341781,1.50833757081
102.745,-0.67709113597,1.59387724635
102.75,0.0437550086462,4.48342951587
102.755,1.28003532185,3.4581361227
102.76,0.390693088414,-4.74216413021
102.765,-0.274773028734,-4.57862800436
102.77,0.743708512106,-0.59213609404
102.775,0.183869986181,-9.65921252476
102.78,-0.271293715698,0.189102909
102.785,1.6911144356,6.41197306954
102.79,2.1112582194,7.39498985888
102.795,0.30612064051,4.82640882873
102.8,-0.352537116507,-0.881071451998
102.805,-0.263396304874,-3.9817634418
102.81,-0.394451848204,-5.60948116012
102.815,-0.167091907418,-13.9602414927
102.82,0.064366936065,-10.0915253001
102.825,-0.0615224629486,-2.01726594755
102.83,-1.10180771899,3.4633185507
102.835,-1.94645780473,6.10561199163
102.84,-0.339246955315,5.94635272274
102.845,1.15516249578,2.87737668361
102.85,0.7001391868,-2.775488453
102.855,0.605963234138,-1.93299328025
102.86,-0.410252165358,2.7602876218
102.865,-1.8280139788,5.2551935195
102.87,-0.476368943302,5.13440233546
102.875,0.886470337642,2.19442734912
102.88,0.792767375086,-1.75773485591
102.885,0.67529735858,-3.05360195285
102.89,0.177420796106,-8.78469024391
102.895,0.260142936922,-11.3993154302
102.9,0.561921692477,-3.68750337408
102.905,0.0962450794884,-4.07322378671
102.91,-0.0990079809058,-7.53664449888
102.915,-0.176957275641,-6.4956608135
102.92,-0.43917708855,-5.10135757906
102.925,-0.606431518211,-4.31604186863
102.93,-0.567938461437,-2.96160761599
102.935,0.000536649442689,-1.5477787244
102.94,0.893929820745,0.197032777548
102.945,1.03555174662,2.221667681
102.95,-0.381670219488,3.6291129481
102.955,-1.49317880235,3.54305765431
102.96,-0.487337301295,1.28121862376
102.965,0.612282567558,-3.59793182828
102.97,-0.253783330296,-2.11041835131
102.975,-1.4364121063,3.41777289877
102.98,-0.243854038137,6.32837940125
102.985,1.95672105302,7.30711720607
102.99,1.99765257718,7.04466785643
102.995,0.250951768641,6.41252493171
103,-1.50053140285,5.83125162266
103.005,-1.50241632511,4.3160077703
103.01,0.136076445975,-0.105224592695
103.015,0.224576720187,-10.1486110136
103.02,-0.580167538435,-4.63652579566
103.025,-0.14630787615,-5.28280250636
103.03,-0.186982070324,-9.00328214179
103.035,-0.124846978099,-1.17687308082
103.04,0.648978282401,-0.289679326315
103.045,0.57319751163,-3.54751585608
103.05,1.0323981961,0.968252748071
103.055,1.27836545573,3.52671601461
103.06,-0.226349446071,0.657583401525
103.065,-0.157303359476,-7.42092885852
103.07,1.27429020724,2.18982971123
103.075,0.507970524982,5.11397642372
103.08,-0.965714260949,4.30675738919
103.085,-1.22327194155,2.38791695303
103.09,-1.51983980312,3.74339441515
103.095,-0.740942746335,5.55091845422
103.1,1.57859685643,5.93993090802
103.105,1.31617208441,5.36741943105
103.11,-0.697578139132,3.13226655567
103.115,-0.71800239046,-2.18484747862
103.12,-1.05424764135,0.996152343135
103.125,-1.34488664503,4.34897179775
103.13,0.322293640196,2.4355443123
103.135,0.270639391307,-10.7414424792
103.14,-0.651351561155,-0.788740444556
103.145,0.647380519854,2.86982510549
103.15,1.00187202432,0.0512349641536
103.155,0.138291287322,-15.7775175868
103.16,0.633771734121,-3.37648924405
103.165,0.687548059987,-0.692028807762
103.17,-0.160813852818,-2.87907639783
103.175,-0.42704531704,-6.50238894403
103.18,-0.413937617769,-5.87038311652
103.185,0.336570904409,-1.7759694271
103.19,1.19989195862,1.69686088925
103.195,0.281788565967,3.17472502432
103.2,-1.10957804339,2.58798128618
103.205,-0.80114742299,-0.500678948482
103.21,0.0728563100903,-9.26673554079
103.215,-0.240271675043,-11.6694147749
103.22,-0.413085297144,-4.08313411865
103.225,0.199146575325,-3.97378483927
103.23,0.404370964051,-5.50991010372
103.235,0.787052298932,-2.03572539724
103.24,0.511509797955,0.514494647179
103.245,-0.849990334399,0.531724571796
103.25,-0.510088763753,-1.07106422417
103.255,0.567650414415,-3.69752043164
103.26,0.10108555513,-9.59195890374
103.265,-0.0952192413478,-9.81026458918
103.27,0.843618278809,-1.13130456423
103.275,0.821293095158,2.52913748458
103.28,-0.615020093524,3.03802447274
103.285,-0.929407879905,-0.598701235267
103.29,-0.17395971511,-12.7952219366
103.295,-1.01281946544,1.71133746327
103.3,-1.71702404463,5.69636424413
103.305,0.0467060110451,5.73210005417
103.31,1.25392705597,2.50988875964
103.315,0.217447930086,-4.06388932573
103.32,-0.618116481058,-4.0337779201
103.325,-0.246456537254,-0.438065719914
103.33,0.546137944639,1.68900827301
103.335,1.38864036814,3.77541992286
103.34,1.8581914927,5.81190000641
103.345,0.673248057896,6.72231952961
103.35,-1.32989114058,5.48207728869
103.355,-0.9511527551,0.782842267822
103.36,0.384762982878,-7.84620014108
103.365,-0.30846911452,-2.03493659073
103.37,-0.963383919773,-0.277291099019
103.375,-0.379441612364,-1.59644212825
103.38,0.229299404471,-2.75627223178
103.385,0.73474153162,-2.24430179379
103.39,0.554458804492,-1.51706960362
103.395,-0.415996975712,-0.941774722608
103.4,-0.91921862292,-0.722349007722
103.405,-0.355687380072,-1.80745468506
103.41,0.198908381435,-7.00851327402
103.415,-0.157805976429,-9.24993891209
103.42,0.317908073213,0.623073034584
103.425,1.54263941555,3.81768018364
103.43,0.589482934255,3.36974324062
103.435,-0.828407908032,-0.703845957127
103.44,0.220192490188,-2.99534906291
103.445,1.07108677781,1.58125105201
103.45,-0.0691517197697,3.20949094229
103.455,-1.14315060301,3.01193518707
103.46,-1.35658629944,2.78899377061
103.465,-0.502971516467,1.96698866276
103.47,0.613933112625,-1.58683987366
103.475,0.168488256151,-9.87104854935
103.48,-0.0775092219522,-17.7798135476
103.485,0.136117077005,-7.4967346649
103.49,-1.18691912274,1.84036261205
103.495,-0.937720507719,5.77822364832
103.5,1.48296637335,6.37279489677
103.505,1.35930840703,4.10671950141
103.51,-0.563694407062,-0.256473982577
103.515,-0.52498098994,-0.38021464426
103.52,0.93932569884,2.44373268288
103.525,1.46048643024,3.66964943403
103.53,0.347151449696,2.81313063915
103.535,-0.617565805612,-1.14452562564
103.54,-0.200147184739,-13.2252633789
103.545,0.223791184116,-9.59462973767
103.55,-0.0832554504507,-3.88133295364
103.555,-0.673088703044,-1.48795426387
103.56,-0.906748887173,-0.468050193393
103.565,-0.13046399526,-1.06591387976
103.57,0.656288991852,-2.88813761344
103.575,0.30006241244,-5.3462106742
103.58,-0.213290079822,-10.452895358
103.585,0.0936129208158,-20.3011530181
103.59,0.153390422132,-5.99065414151
103.595,-0.454346983842,-2.82646117976
103.6,-0.663955564154,-3.28815237166
103.605,-0.808158250019,-1.85006942932
103.61,-1.04655278265,1.97451239944
103.615,-0.17409287257,4.07403873022
103.62,1.28551717563,4.27003127938
103.625,1.22354577435,2.81588162188
103.63,-0.238128107565,0.158478395816
103.635,-0.740851406009,-2.60004305551
103.64,-0.309334261496,-4.78125530584
103.645,-0.0126008005183,-3.1120518858
103.65,0.758790192159,0.0665482020913
103.655,1.05142176702,0.996828937315
103.66,0.0894985077496,0.122359351831
103.665,-0.803952894549,-0.818437022766
103.67,-0.689968461788,-0.228594604286
103.675,0.590140867057,1.07447052693
103.68,1.09345785962,1.24238893457
103.685,-0.100715168082,-0.807895614542
103.69,-0.511105959163,-5.74334917045
103.695,-0.211454050848,-12.1728797476
103.7,-0.22339926863,-6.28360769636
103.705,0.621487852556,-1.31032684427
103.71,0.842100151996,0.221945825178
103.715,-0.37890852333,-1.67808083264
103.72,-0.300828428068,-8.20642957082
103.725,0.241689973216,-10.3935692331
103.73,-0.618094685065,-3.69863885806
103.735,-0.197100262237,1.19288235158
103.74,1.601400433,4.47014761333
103.745,1.04929763244,5.50798582471
103.75,-0.857529453821,3.88568832338
103.755,-0.812586866417,-1.75791495533
103.76,-0.00362436869507,-37.4252218375
103.765,-0.158285350044,-6.15842537229
103.77,-0.546409548469,-2.54839498352
103.775,-1.16489956132,1.59782112741
103.78,-1.46408877059,4.91520960466
103.785,0.126709158587,5.99358414415
103.79,1.67353773327,4.95586349045
103.795,0.738302714755,2.35748017242
103.8,-0.668129306264,-0.615689583099
103.805,-0.574716178157,-3.31848266757
103.81,0.0984439590226,-7.74932310897
103.815,0.0391240057375,-24.008633558
103.82,-0.291471865676,-8.70655927138
103.825,0.146357546242,-6.12743482551
103.83,0.240186560525,-12.0398720987
103.835,0.0894603092265,-11.4696418691
103.84,0.591497843807,-4.50256766139
103.845,0.197146316852,-3.47727782054
103.85,-0.457759892246,-4.84903109198
103.855,-0.627352408317,-3.93398422567
103.86,-1.15304582065,2.63106442508
103.865,0.0621326470527,6.47204244236
103.87,1.93932470937,6.86339826474
103.875,1.4639290375,3.8034594691
103.88,0.913844142077,0.524123796341
103.885,0.79772569889,2.17158262578
103.89,-0.0734656777145,0.733718759568
103.895,-0.260565609129,-6.54473498982
103.9,0.207024793268,-10.432481429
103.905,0.586127953148,-0.294731783685
103.91,-0.178428340917,4.79534826734
103.915,-1.69651287215,5.72114987768
103.92,-0.928936598859,0.832212252633
103.925,0.0264485180033,-6.84271968491
103.93,-1.64507213467,5.44432976906
103.935,-2.10207113059,7.72608192613
103.94,-0.250460488611,6.35805343889
103.945,0.754488855963,2.45588574813
103.95,0.618954752416,-2.56109328915
103.955,0.518680831525,-4.7181795962
103.96,0.554889049411,-4.99026938156
103.965,-0.0532707941385,-8.09301489266
103.97,-0.409739676165,-5.07535076996
103.975,0.422881425854,-2.87532212953
103.98,0.287468796395,-10.5898519914
103.985,0.109922141487,-4.45371275018
103.99,1.3607574588,2.77468994322
103.995,0.583409703891,3.84142836263
104,-1.0610080831,1.52656111504
104.005,-0.330112547385,-1.78260611346
104.01,0.46866828849,-3.06481060841
104.015,1.11595034401,1.09370980503
104.02,1.22923357299,5.68001628487
104.025,-1.29780199612,7.22751305003
104.03,-1.70660446944,6.05652012926
104.035,1.31579358991,4.60698642665
104.04,0.761759774003,5.80865818445
104.045,-1.70940516856,5.49128319362
104.05,-0.422972420773,-0.167520910776
104.055,0.129342587643,-3.24941804954
104.06,-1.78765630946,5.0997533524
104.065,-0.785335502482,6.359210818
104.07,1.10196072317,3.10305068366
104.075,0.252189888721,-7.34003237687
104.08,-0.431058602166,-4.46235069165
104.085,0.241689178535,-0.09639271468
104.09,0.992771397423,1.15842270312
104.095,0.973322434133,0.183017508859
104.1,0.313821594495,-6.30873388506
104.105,0.736913863303,-2.62260014647
104.11,0.96898745931,4.21404463746
104.115,-0.855320660566,6.29255103288
104.12,-1.88248782811,5.52039358215
104.125,-0.828657895875,2.15485846283
104.13,-0.162263888578,-3.12997717674
104.135,-0.138717542672,-2.09475248946
104.14,0.550505185483,1.01868869091
104.145,1.2400856447,1.9616224546
104.15,0.755851787947,0.836034785453
104.155,-0.0934790291496,-2.9955634181
104.16,-0.108928520487,-9.56056757984
104.165,-0.22705319361,-4.61737081348
104.17,-0.872312544153,-1.14186075534
104.175,-0.27826618335,-0.603858889137
104.18,0.810895538478,-1.40036392383
104.185,0.176515577037,-2.43631649338
104.19,-0.602840610434,-4.18676917583
104.195,-0.0845519187718,-7.99547892374
104.2,0.183266653051,-14.6428006469
104.205,-0.165983475503,-14.9085903303
104.21,-0.0304581926109,-10.9795079901
104.215,0.386801214249,-8.21914887074
104.22,0.11196529776,-5.81861492225
104.225,-0.551943315606,-4.0053705909
104.23,-0.525553559507,-3.08413531151
104.235,0.281143364516,-3.62728581828
104.24,0.414938514531,-6.8849667554
104.245,-0.323313454122,-9.5852355171
104.25,0.190528771925,-2.71619284902
104.255,1.13428749667,1.1557874261
104.26,0.330147525388,2.5125174305
104.265,-0.924393963249,2.74478535881
104.27,-1.47283693891,3.36891301225
104.275,-0.886568755663,4.00184345185
104.28,0.560850097196,3.01122801416
104.285,0.894828971732,-0.512126086981
104.29,0.701065015187,-3.07501334292
104.295,0.874812006172,0.0124807052718
104.3,0.0680571427009,1.72196909406
104.305,-1.09210360437,1.89271625153
104.31,-0.921375123686,1.60874093182
104.315,0.482728608981,1.23204792942
104.32,0.972593109559,0.196912566798
104.325,-0.352326264601,-2.07873042559
104.33,-0.358725729495,-2.79019711573
104.335,1.03671616983,0.395391110562
104.34,0.153623843355,2.41069051337
104.345,-1.26307262884,2.218612164
104.35,-0.288967667486,-0.0197796065066
104.355,0.618506230327,-3.85439859637
104.36,0.0332442259407,-7.41330137881
104.365,-0.380314339595,-8.39395833265
104.37,-0.145204342054,-7.28938643823
104.375,0.410077498491,-4.61057355168
104.38,0.771013281385,-1.78580746997
104.385,0.145944510183,0.0447662373581
104.39,-0.804766528662,0.553533991597
104.395,-0.989177904363,-0.0241984832642
104.4,-0.642638390942,-0.824808265221
104.405,-0.189585396085,-1.13525432969
104.41,0.258404915297,-1.41412553695
104.415,0.593695964832,-0.951796933378
104.42,1.14744873344,1.56615441499
104.425,1.23894591758,3.65079292204
104.43,-0.35160713148,3.57197878051
104.435,-1.11161946108,1.03299572517
104.44,0.466550934826,-1.38763810587
104.445,0.587760853889,-0.330843557747
104.45,-0.686474374305,-0.952765609171
104.455,-0.416389638016,-5.71745435656
104.46,-0.075058259837,-17.4254578747
104.465,-0.176253482204,-9.12572459023
104.47,0.353083652345,-5.5515740035
104.475,0.540367130254,-4.95131767082
104.48,0.266595045612,-5.09963209733
104.485,-0.106440982344,-3.27572781285
104.49,-0.696151756944,-2.01867311521
104.495,-0.498710822524,-4.23037644358
104.5,0.158580337466,-12.9498880068
104.505,-0.105135110539,-8.2470635811
104.51,-0.577745023322,-4.31077624584
104.515,-0.74722068506,-2.21219437345
104.52,-0.517450629839,-0.342411637
104.525,0.284617574067,-2.68146764175
104.53,-0.132225686372,-17.5726488518
104.535,-0.592021959967,2.1264762848
104.54,1.27793581795,5.96271480094
104.545,1.65018825165,4.8690321492
104.55,-0.0372286571348,-2.89566083814
104.555,0.365095738024,-7.67179649602
104.56,0.545142521565,-0.79648736279
104.565,-0.570916957025,-2.99745324223
104.57,-0.0240451459692,-5.63263364456
104.575,0.571978788758,-4.84437173679
104.58,0.375489688842,-7.32143311981
104.585,0.442164726802,-5.23364914022
104.59,0.335305816859,-4.77269704342
104.595,0.534758913492,-1.09003449017
104.6,0.00873938279528,3.98310851561
104.605,-1.3471911735,4.93730370252
104.61,-1.20293600183,1.62218578924
104.615,-1.17371828208,1.56611033382
104.62,-1.91949330576,6.47816922541
104.625,-0.195229168812,7.69773613261
104.63,1.8006276299,5.63031456253
104.635,0.124499575133,2.10515423663
104.64,-1.45934625701,3.65908143288
104.645,0.259404174511,5.01937769343
104.65,1.3685948546,2.97705219626
104.655,0.538784660015,-3.53704789194
104.66,0.409679948942,-6.88887097548
104.665,0.203242297229,-3.15430292788
104.67,-0.664633148123,-2.59744159876
104.675,-0.395763183045,-2.03079992741
104.68,0.578939039913,-1.6217845006
104.685,0.656302463677,-3.30410791999
104.69,0.173470256099,-10.4637951526
104.695,0.458572096961,-6.71905385563
104.7,0.546487066648,0.326669732638
104.705,-0.748854905999,2.47013553542
104.71,-1.20233000626,1.93998022644
104.715,0.0671967073511,-0.0450834527383
104.72,0.827982920674,-1.62306411409
104.725,0.246776525604,-1.86966421415
104.73,-0.550237197089,-2.20137682681
104.735,-0.644998570172,-3.777051308
104.74,-0.406988591963,-6.06831284062
104.745,-0.333166023199,-6.10761413316
104.75,-0.285783717707,-2.83731704873
104.755,0.320740160802,1.20770532646
104.76,1.45247976204,3.7098834505
104.765,1.10817086732,3.85135182282
104.77,-0.435176043945,0.789324378587
104.775,-0.299795206924,-9.57172769902
104.78,0.487011587158,-4.57831383219
104.785,-0.342253687472,0.857386079459
104.79,-1.16625975811,1.38639150446
104.795,-0.375729352046,-2.60223058025
104.8,-0.0679974081068,-18.39335427
104.805,-1.09553909933,1.20169822609
104.81,0.0577163713514,5.70125506277
104.815,2.06762161101,6.46225485208
104.82,0.53020674321,4.10854898583
104.825,-0.641528585632,-3.39126803799
104.83,0.357213512638,-8.43759965345
104.835,-0.496029210776,-0.0771904104818
104.84,-0.994255581986,0.605949450387
104.845,0.0376184380911,-3.75730571151
104.85,0.000977222586249,-12.1384509633
104.855,0.257827062474,-4.65520946936
104.86,0.61511493934,-3.95846338358
104.865,-0.244108242549,-6.91562075528
104.87,-0.235243378208,-4.23347441155
104.875,0.785623533012,-1.05637347892
104.88,0.635626221243,-1.2040814732
104.885,-0.168252223546,-5.91144924324
104.89,0.0895764297247,-20.4325729543
104.895,0.437471422714,-3.1105625165
104.9,-0.395728405045,0.416508928583
104.905,-0.958729210724,-0.195891300928
104.91,-0.508019862387,-4.86347231965
104.915,-0.486333560551,-5.97047444746
104.92,-0.529618607899,-2.12646481914
104.925,0.061984130892,-3.64650630515
104.93,0.0129985754387,-9.7128524272
104.935,0.106239877254,-2.12949526055
104.94,1.0246460752,0.766105731964
104.945,0.476082767212,-0.694671878378
104.95,-0.636610040011,-3.77641694967
104.955,0.178616074543,-2.38200616781
104.96,0.664079938289,-3.32275060162
104.965,-0.225981740334,-11.3690590702
104.97,0.320536244189,-1.60581344926
104.975,1.34274742399,2.58695948626
104.98,0.562552426327,2.06390401374
104.985,-0.148124263258,-2.56513535651
104.99,-0.000719282925076,-4.95048594996
104.995,-0.146000695782,-2.30029903119
105,-0.39742635628,-0.184480058477
105.005,-1.2179493694,3.82137616219
105.01,-1.95996130457,5.95474850289
105.015,-0.843765368879,4.85083286145
105.02,0.127549153229,-0.231674529193
105.025,-0.0513157832419,-1.11266558522
105.03,0.754725917294,2.48222439395
105.035,1.16873366181,1.36186993453
105.04,0.249576202105,-6.83739283756
105.045,0.385394896634,-7.44691308552
105.05,0.819461274151,-0.317477504755
105.055,-0.134206200932,0.543979420193
105.06,-0.79198233053,-1.77977055295
105.065,-0.16559816502,-6.98896702469
105.07,0.305940779243,-10.2235675794
105.075,-0.0513156841151,-6.82786896972
105.08,-0.517677975021,-4.84258777624
105.085,-0.584090374816,-4.01673660115
105.09,-0.267918731269,-3.55431016621
105.095,0.291604107651,-3.56546869495
105.1,0.534639000132,-5.43873680434
105.105,-0.0663668226404,-10.0504761967
105.11,-0.287165022969,-6.76976761368
105.115,0.427788003607,-3.56712959717
105.12,0.599326212428,-4.39434047191
105.125,0.41439803561,-6.01096613489
105.13,0.233978076096,-4.60506110214
105.135,-0.247841954423,-6.01685096658
105.14,-0.108187492322,-18.6002234678
105.145,0.0490396050019,-7.74385635157
105.15,-0.61065270695,-2.35398724129
105.155,-0.779636339976,-1.27099343692
105.16,-0.0217197303254,-2.15416456816
105.165,0.57329740466,-3.93367918584
105.17,0.362233792688,-5.84692650548
105.175,-0.151907162426,-8.00589679816
105.18,-0.233217922912,-11.8066791792
105.185,-0.302116312507,-9.54851041619
105.19,-0.597117221797,-3.9237131612
105.195,-0.0898744103994,-2.30329295366
105.2,0.469873374253,-5.47501328483
105.205,-0.0355447027419,-26.9066246233
105.21,0.0937128921059,-4.42407993305
105.215,0.939935001178,-0.261830809889
105.22,0.760620617453,0.739856153818
105.225,-0.210790349917,1.28165393175
105.23,-1.23747128252,2.49237230996
105.235,-1.10117154032,3.50893752123
105.24,0.472015022776,3.27763006848
105.245,1.12242565031,1.14889784627
105.25,0.641156446707,-2.36994131136
105.255,0.282578320413,-3.31415785104
105.26,-0.418141369228,-3.63377348999
105.265,-0.346330671243,-4.62290751616
105.27,0.808979353779,-1.39845107762
105.275,0.460260006275,0.597003196998
105.28,-0.642107093258,-1.23499441426
105.285,-0.247726266306,-11.3729141441
105.29,-0.145118407611,-7.23433440029
105.295,-0.89429987238,-0.965167035317
105.3,-0.0942382314357,-0.366372373479
105.305,0.780670793899,-2.1228627537
105.31,-0.444316518672,-1.97270231218
105.315,-0.690791910768,0.738631826698
105.32,1.10989042626,2.88497296542
105.325,1.06298464763,3.81888101603
105.33,-0.81835312586,3.0664625284
105.335,-0.885054472833,-0.522987397851
105.34,0.0244478001314,-12.6718169451
105.345,-0.380104799656,-7.97211380955
105.35,-0.324851864342,-3.79134143086
105.355,0.419732439335,-6.46285336533
105.36,-0.125364321912,-7.95216573721
105.365,-0.537157159837,-4.50716516099
105.37,-0.0552440930504,-5.1094117033
105.375,0.205440333597,-5.05787169533
105.38,0.800757053241,-1.51375861038
105.385,0.488225349857,0.754348045979
105.39,-1.28528190596,2.97172879341
105.395,-0.841640233473,5.24923611957
105.4,1.59688831912,6.27856986946
105.405,1.55180397881,5.50045298466
105.41,-0.407103204984,2.5524044184
105.415,-0.650340780583,-3.6718940846
105.42,0.170103335836,-13.816166458
105.425,-0.0715859579557,-8.05383077362
105.43,-0.433005836517,-7.2566446841
105.435,-0.160585798746,-11.2113923669
105.44,-0.109168099625,-14.8023009947
105.445,-0.0714665070898,-8.9267279972
105.45,0.33197978849,-5.7978049212
105.455,0.629905184404,-4.00788769947
105.46,0.452179538202,-2.17147422058
105.465,-0.350004038867,-0.282556919861
105.47,-1.11206559183,1.01500550662
105.475,-0.700337981541,1.17702687203
105.48,0.314246662478,-0.179753541183
105.485,0.633468758022,-3.14989187627
105.49,0.412726438568,-7.57164513892
105.495,0.154787673586,-16.1929296652
105.5,0.359659766865,-6.77974822081
105.505,0.922748947842,-0.625325676446
105.51,0.548099853324,0.944114006866
105.515,-0.254025209313,-1.05992746491
105.52,-0.313079465082,-4.06662352082
105.525,-0.678446371711,-0.709136562243
105.53,-1.15426107521,1.34019939356
105.535,-0.374570331433,0.332601618788
105.54,0.401054226439,-3.55938002539
105.545,0.369240525931,-8.15914620438
105.55,0.487873242503,-5.8368866773
105.555,0.0199683931282,-3.04743693018
105.56,-0.765149534533,-2.16837554927
105.565,-0.23745785464,-2.96315154536
105.57,0.460966295878,-4.77188921672
105.575,0.532327621564,-5.27369909796
105.58,0.408973670117,-2.18351517375
105.585,-0.475728455936,0.499916727104
105.59,-1.13424211864,1.09976767019
105.595,-0.539261661837,0.0300607930648
105.6,0.411624656187,-1.53223123482
105.605,0.738483708942,-2.34135583759
105.61,-0.134196548925,-1.92826640371
105.615,-0.740655026408,-2.60680085197
105.62,-0.117478568011,-9.62308213468
105.625,-0.309549265058,-9.26136974891
105.63,-0.65868841113,-1.45587446401
105.635,0.215478432312,-1.8879063504
105.64,0.271779937438,-11.0388586435
105.645,-0.0619386840548,-13.029776878
105.65,0.0517819398364,-18.5836863131
105.655,-0.617875048758,-2.87209450774
105.66,0.0965880099921,4.81849269589
105.665,2.02444699319,6.93918107096
105.67,1.55124185566,5.17322369309
105.675,0.550592328366,0.481608128994
105.68,0.498144601419,1.76218669708
105.685,-0.593142684256,3.40192383816
105.69,-1.16294353415,1.35585784348
105.695,-0.366478672675,-3.60706685839
105.7,0.194669083979,-7.01595287657
105.705,0.639066345633,-3.87978319512
105.71,0.316101208152,-0.36804836341
105.715,-0.746695417373,0.623334410709
105.72,-0.95334766468,-0.295309483622
105.725,-0.425446364767,-1.06322077196
105.73,0.538080396883,-0.821255159032
105.735,0.859944572729,-0.315610070855
105.74,-0.356946087999,-0.160552826887
105.745,-0.80614121249,-1.6443811793
105.75,0.0341152106503,-6.56250344639
105.755,0.0422216295716,-25.6559257614
105.76,-0.138872350291,-9.67068343412
105.765,0.510729471259,-4.74048139989
105.77,0.422571782105,-2.86613562234
105.775,-0.446068849577,-3.34334840297
105.78,-0.366655196477,-7.70521837462
105.785,0.108575745358,-19.1581583594
105.79,-0.284771248055,-6.92462620881
105.795,-0.55531447176,-4.91654677633
105.8,-0.241765340273,-9.36874850112
105.805,-0.536372311165,-4.765395839
105.81,-0.361301278127,1.56475607082
105.815,1.13708365417,3.52356401568
105.82,1.10553803505,2.58186575772
105.825,-0.535264526926,-0.193641492433
105.83,-0.577063895586,-2.18771620304
105.835,0.413735025941,-3.01615978737
105.84,0.611922548625,-4.2342104374
105.845,0.400195673271,-3.3733832951
105.85,-0.466630956475,-0.648376444092
105.855,-1.19441186445,1.99190749154
105.86,0.155049896153,3.54864361636
105.865,1.35700882406,2.80771682933
105.87,0.432859022374,-2.73281351821
105.875,0.393897845711,-8.00319887338
105.88,1.01249362678,2.53924522452
105.885,-0.627619922057,5.16961764576
105.89,-1.62068093058,4.22098948298
105.895,-0.0119808817102,-0.0324277841502
105.9,0.440746149955,-5.39785937895
105.905,-0.726138369889,-2.09296428035
105.91,-0.473777584248,0.389553867015
105.915,0.911588172952,1.34639174981
105.92,0.970690748273,1.84721534051
105.925,-0.515179184173,2.13346543786
105.93,-1.24593362597,1.96909776832
105.935,-0.245218205952,1.20874958295
105.94,0.8606529093,-0.0660479540698
105.945,0.524863206163,-1.71820025118
105.95,-0.555489573155,-3.18538755414
105.955,-0.303946972198,-3.47664540643
105.96,0.596744957277,-3.70178667153
105.965,0.237582807124,-6.36384544877
105.97,-0.0852077344976,-18.0242469197
105.975,0.2154245174,-10.5220173917
105.98,-0.253009455307,-4.45503191145
105.985,-0.650327255512,-3.70820539349
105.99,-0.18185905525,-6.69727621975
105.995,-0.0110299032259,-12.6498527965
106,0.0669575488866,-7.16841736416
106.005,0.707071002073,-2.72098537196
106.01,0.395023227908,-0.749443145565
106.015,-0.816085930769,-0.322596901738
106.02,-0.529185758402,-1.4442793947
106.025,0.362817149333,-4.9338116776
106.03,0.224034503861,-12.9488742685
106.035,0.377652394676,-8.18905957814
106.04,0.472321060633,-2.90452923755
106.045,-0.383146386779,-1.44190859919
106.05,-0.732074057193,-2.70742209298
106.055,-0.205788609937,-7.57143203392
106.06,-0.0199902008757,-25.647245708
106.065,-0.636466727356,-3.90405541891
106.07,-0.620925606266,1.39571297141
106.075,0.736724371205,3.00292419428
106.08,1.23889753625,1.88685133757
106.085,0.334297689574,-1.91740307807
106.09,-0.185780766008,-9.32521359709
106.095,-0.00933988515619,-33.927629344
106.1,0.0103980769719,-14.5246675411
106.105,-0.305719232392,-10.284842418
106.11,0.00351069529571,-6.75000602149
106.115,0.533189824591,-5.2760131719
106.12,0.305493379885,-7.43733984257
106.125,0.218889156809,-7.76965075829
106.13,-0.170193084132,-2.92373909885
106.135,-0.913899110315,-0.777410608434
106.14,-0.123853197204,-0.516404512987
106.145,0.819919354556,-1.48393479371
106.15,0.286700576631,-5.19104447126
106.155,0.144147069102,-12.0441994849
106.16,0.20860163458,-2.28403536199
106.165,-0.980570578324,1.8201723675
106.17,-1.03696698,2.65752509119
106.175,0.704800662639,1.63466137296
106.18,0.771759292429,-0.361430341407
106.185,-0.339965872867,-4.60364866089
106.19,0.0535120392835,-21.9312042309
106.195,0.081130517384,-2.19913427172
106.2,-1.17429507155,2.27963543308
106.205,-1.04471561907,2.6154400477
106.21,0.134384779268,-0.297162085682
106.215,0.358338324618,-7.22055342392
106.22,0.018355537543,-23.0874818886
106.225,-0.107898857366,-9.43858499274
106.23,0.211544091087,-4.77754095881
106.235,0.617204894849,-3.56728294403
106.24,0.525515057208,-4.55875741088
106.245,0.0750480256134,-7.4242121024
106.25,-0.157818374527,-13.7621114553
106.255,0.000790547946552,-30.5479479481
106.26,-0.170289434464,-12.621155397
106.265,-0.361813120662,-6.87932110161
106.27,0.159777898487,-4.81446431983
106.275,0.452460086923,-6.06079484615
106.28,0.483847078259,-6.21724491689
106.285,0.64512551246,-2.82714501581
106.29,0.0818097483909,-2.45851242934
106.295,-0.381542185705,-7.39118759514
106.3,0.15029614446,-15.1413117842
106.305,0.21624611002,-5.79925148863
106.31,-0.295377213918,-5.70185818743
106.315,-0.205483582612,-11.9169932662
106.32,-0.287031677471,-6.55008827077
106.325,-0.715271007125,-2.909704114
106.33,-0.251572962708,-4.83192409247
106.335,0.147205070705,-16.5139110882
106.34,-0.437792185038,-6.84315837979
106.345,-0.409595500551,-2.71596682508
106.35,0.35483651168,-3.8742209777
106.355,0.242772495746,-11.9964606783
106.36,-0.0722459840728,-13.0901289481
106.365,0.453902839045,-5.34090634131
106.37,0.453695745597,-4.2984033778
106.375,-0.201718314672,-6.15739377098
106.38,-0.345928030602,-8.9926861112
106.385,-0.416935331228,-6.90324761007
106.39,-0.0786457790412,-2.98693621298
106.395,0.814098658366,-1.14475723438
106.4,0.441169909056,-0.997385709732
106.405,-0.724097941277,-1.26602601514
106.41,-0.595344349172,-1.08991796049
106.415,0.370740706889,-0.880505459079
106.42,0.913673882608,-0.678867537636
106.425,0.561284642455,-0.896419035845
106.43,-0.451279495861,-3.26289840115
106.435,-0.0909416056073,-4.62361367792
106.44,1.13739266765,1.27975206967
106.445,-0.0662291599657,4.15652062236
106.45,-1.44288279045,3.43125769707
106.455,-0.502300735855,-1.93063406219
106.46,-0.277401969546,-9.8405899801
106.465,-0.353478170468,-2.29454123026
106.47,0.511700988239,-2.55865618795
106.475,0.230057872647,-11.0787187357
106.48,-0.0253905993401,-12.0160089087
106.485,0.39941763153,-7.4284181703
106.49,0.219417428469,-13.0400989116
106.495,0.518283452585,-5.7086464155
106.5,0.376084091205,-1.36812479011
106.505,-0.514016301182,-3.07575308489
106.51,-0.0546016504425,-22.0352614408
106.515,-0.18174600165,-3.57264229366
106.52,-1.08177286805,0.77670617508
106.525,0.212100133874,0.893603183242
106.53,0.978882176886,0.863810259622
106.535,-0.720255231925,2.2993523065
106.54,-1.19717854292,1.99985258965
106.545,-0.34064424763,-1.39356086301
106.55,-0.207500851753,-2.26856698306
106.555,0.355793756858,0.728076194028
106.56,0.926495958143,-0.0749387540551
106.565,0.499011878208,-5.90769193964
106.57,0.521499652922,-5.46974759965
106.575,0.691034245541,-2.4246896238
106.58,0.234626465119,-5.30430334741
106.585,0.238664426962,-9.71069289846
106.59,0.41779464664,-3.07417837063
106.595,-0.11849041101,-1.12410967807
106.6,-0.545506891348,-3.06241302749
106.605,-0.372383216266,-8.04740344108
106.61,-0.36068955288,-8.0633881452
106.615,-0.376558006248,-8.38061704696
106.62,-0.09018372451,-20.6669013071
106.625,-0.301853721585,-7.51494860933
106.63,-0.710371885581,-2.93802508041
106.635,-0.416574737578,-3.4730407943
106.64,-0.101287813052,-6.70099319673
106.645,0.00936076537956,-6.68451106053
106.65,0.326715304128,-7.1162214099
106.655,0.169002722796,-12.2618230668
106.66,-0.356144362554,-8.85057519867
106.665,-0.396864072176,-4.03713851816
106.67,0.0734679364559,-1.52696395468
106.675,0.693008130115,-0.683196329823
106.68,0.773501509654,-2.22678921871
106.685,0.550801701757,-4.71465616743
106.69,0.451570227157,-4.36880949865
106.695,-0.0211625064872,-7.44362402543
106.7,0.0815393810009,-16.3404424515
106.705,0.709176204236,-2.18524421698
106.71,-0.0369487297065,0.454076275325
106.715,-0.746879554961,-2.13874446416
106.72,0.0345610562609,-13.2347367185
106.725,0.130723746121,-3.95822469238
106.73,-0.887990178473,0.469340855633
106.735,-1.01679127499,1.39631052938
106.74,0.0751267908628,0.515377662715
106.745,0.785350525569,-1.73595187382
106.75,0.310471167936,-5.11376536498
106.755,-0.0939544370816,-9.11678269837
106.76,-0.267371151706,-5.76778197526
106.765,-1.00460750087,0.108260171157
106.77,-0.824596625598,3.20831910738
106.775,0.775543512455,4.1129160793
106.78,1.45108613363,3.24248903145
106.785,0.404228452607,0.661417532206
106.79,-0.485303383888,-4.07271185174
106.795,-0.127814870075,-11.2753105118
106.8,0.219383177379,-12.7166029613
106.805,-0.138439373515,-12.8749895103
106.81,-0.0290443365625,-13.55905827
106.815,0.359854275227,-8.30654198163
106.82,-0.217522705848,-5.091448789
106.825,-0.554081252748,-4.41076139126
106.83,0.233340281013,-5.9456912073
106.835,0.191887959666,-10.3970633565
106.84,-0.282792342058,-9.64178246677
106.845,0.459750639678,-3.97561304608
106.85,0.582642800711,-2.87325877006
106.855,-0.00274594496693,-7.15034174899
106.86,0.141456847309,-6.60182687019
106.865,-0.486786422374,-0.249612137233
106.87,-1.0901698635,0.7951115798
106.875,-0.216235097114,-2.71767709813
106.88,0.123165082568,-14.2013705665
106.885,-0.0437319918154,-22.960319912
106.89,-0.156393335942,-12.0822342462
106.895,-0.956370836602,-0.194049933801
106.9,-0.261026388171,4.47262457972
106.905,1.66799048623,5.51363644756
106.91,1.02587396715,3.42589352702
106.915,-0.474656107656,-2.42340997611
106.92,-0.118665523451,-11.3038997512
106.925,0.120897214328,-15.4701889113
106.93,0.442590305183,-5.35265619809
106.935,0.950957524091,0.838220236869
106.94,-0.240133609493,2.15584955763
106.945,-0.921536892353,-0.583567194549
106.95,-0.233869474131,-9.10822904707
106.955,-0.148151796761,-16.2413970881
106.96,-0.0303568083457,-18.5137420227
106.965,-0.0750797488757,-13.7849791555
106.97,-0.468700121154,-6.31166277794
106.975,0.0364488718102,-5.99730816614
106.98,0.263012075583,-11.5934598001
106.985,-0.0856145350576,-20.2234654356
106.99,0.276679744615,-9.83347962158
106.995,0.190292950292,-7.60303357107
107,-0.279566820532,-10.040635456
107.005,0.0388600883216,-25.4493718304
107.01,-0.113436327013,-8.44941962201
107.015,-0.53866459211,-5.27605529825
107.02,-0.457187909006,-6.15989864245
107.025,-0.658579594961,-1.93465566766
107.03,-0.217976901682,2.46085330902
107.035,1.12804163905,3.81736742004
107.04,1.24339504574,2.13401235568
107.045,0.303943487052,-4.20325212113
107.05,0.356118027922,-8.58773910788
107.055,0.514017603555,-1.6871516284
107.06,-0.32760618688,-1.32174389009
107.065,-0.544772435437,-5.26523605662
107.07,0.0593374648744,-11.0653051963
107.075,0.356870269577,-8.71986923938
107.08,0.258322105888,-5.06544751299
107.085,-0.215480682995,-2.93992786951
107.09,-0.594879777901,-3.43446360172
107.095,-0.408471605579,-7.7690962503
107.1,-0.304233018903,-8.91924667929
107.105,-0.810682912104,-1.62192849499
107.11,-1.00107783545,1.47698660772
107.115,-0.25035663143,1.67957704948
107.12,0.443487623511,0.0833985286757
107.125,0.710138820221,-1.46724183397
107.13,0.650369631002,-3.63328310004
107.135,0.0478628374482,-12.6937718916
107.14,-0.000275758316943,-7.73098304187
107.145,0.757698209876,-1.49189536657
107.15,0.816832417857,-0.751493000522
107.155,0.288138117797,-2.56353808223
107.16,-0.0733426207457,-4.21497426363
107.165,-0.359554758103,-6.12419838689
107.17,-0.209613612278,-13.4831366908
107.175,0.0179133172157,-20.4007146044
107.18,-0.130223506771,-15.9967666758
107.185,0.159467647524,-15.7455048239
107.19,0.259227345458,-3.63559545465
107.195,-0.671718293161,0.552367619442
107.2,-1.19373812367,1.57123446608
107.205,-0.652852350538,0.971214731637
107.21,0.175298690802,-0.310256968952
107.215,0.620753406663,-2.7122111654
107.22,0.412749283575,-7.61022687856
107.225,0.308549645605,-10.1534376728
107.23,0.401765540903,-5.66831992235
107.235,-0.0941277216196,-3.21416102126
107.24,-0.726508444528,-2.14281944948
107.245,-0.658342761598,-1.682451432
107.25,0.0880078802164,-1.89039217128
107.255,0.619839095936,-3.68435530229
107.26,0.154943183423,-8.42770308849
107.265,-0.342025700121,-8.80115054652
107.27,0.183543680524,-3.24651096336
107.275,0.920039879752,-0.526687778207
107.28,0.689630517945,0.0774783413795
107.285,-0.283595217191,-2.12124131643
107.29,-0.234471403643,-11.0255092657
107.295,0.637436236064,-3.37646416605
107.3,-0.0951937309522,2.17348685713
107.305,-1.38079277674,3.37659956049
107.31,-0.961602981207,2.02670690191
107.315,0.173533286126,-0.955755143451
107.32,0.603436717251,-4.36922684815
107.325,-0.0237945888325,-4.38765440643
107.33,-0.793821634566,-1.91860641087
107.335,-0.477445745835,-1.40701841269
107.34,0.223464716198,-3.92879308815
107.345,0.20730614821,-11.2754865277
107.35,0.104813061647,-9.55354059719
107.355,0.474708572745,-5.78806999911
107.36,0.190114564917,-8.50151641842
107.365,-0.344350054104,-8.09397556543
107.37,0.483825654152,-1.28919067549
107.375,1.05137706452,0.960614405342
107.38,-0.143041841983,-0.164692136648
107.385,-0.603906744393,-3.78761531509
107.39,0.654404717202,-2.44563029119
107.395,0.416490768901,0.835134188239
107.4,-1.05950589425,1.25027034889
107.405,-0.284431657105,-0.591285751624
107.41,0.709621034953,-2.97886289063
107.415,-0.149305845155,-5.59467264687
107.42,-0.172691131875,-11.6513580993
107.425,0.294425361617,-9.2116668459
107.43,-0.317170038787,-5.25753251993
107.435,-0.438687766362,-6.50165050783
107.44,0.0132809196705,-15.5057439065
107.445,-0.164034716751,-14.6194190783
107.45,-0.328773862124,-7.99403701919
107.455,-0.0569444697889,-8.21328037902
107.46,0.00653139426051,-8.16847721552
107.465,0.422805324044,-2.10660995472
107.47,1.21884483053,1.7553003566
107.475,0.246929806709,3.06943843184
107.48,-1.28999015609,2.53169943343
107.485,-0.23214879314,1.12650058341
107.49,0.932568350748,-0.532648773778
107.495,0.151948328541,-4.39332890062
107.5,0.00446781502745,-16.2104746127
107.505,0.0770634986369,-4.57458947357
107.51,-0.799478767035,-0.745403958708
107.515,-0.628654398089,-1.3199984736
107.52,0.260017755572,-5.95168208979
107.525,0.057481143237,-16.247108736
107.53,-0.216740661223,-11.1635008325
107.535,0.175933356636,-10.4765210142
107.54,0.113431898397,-15.4173233671
107.545,-0.162856413742,-15.5299082715
107.55,0.055441647398,-11.6652087599
107.555,0.316157822393,-9.70636479562
107.56,0.320693329918,-7.16806327857
107.565,-0.12841046513,-4.71804485618
107.57,-0.631472543161,-3.20057019942
107.575,-0.83006576927,-1.17563773722
107.58,-0.50631251204,1.91330392536
107.585,0.891780844998,3.73452598337
107.59,1.39187385534,2.99968924212
107.595,0.276041863352,-1.3390634504
107.6,-0.00063123533813,-10.7604453403
107.605,0.0296355349172,-6.90356450203
107.61,-0.409605906335,-6.5080755376
107.615,-0.128692624488,-12.86561981
107.62,0.0828758100451,-17.5489300429
107.625,-0.193749833132,-13.4289274094
107.63,-0.0255633297789,-20.3823339114
107.635,-0.0676873059929,-13.6914483288
107.64,-0.505763605228,-5.50566019605
107.645,0.143845755613,-2.14451208657
107.65,0.836466460644,-1.54389870989
107.655,0.0932622004352,-4.3032645698
107.66,-0.0960438831415,-17.0575134955
107.665,0.0839380960015,-6.92589745888
107.67,-0.703592085872,-2.11545244498
107.675,-0.422043452832,-3.01444740277
107.68,0.200536172824,-11.8254245596
107.685,-0.328363882695,-9.13945315921
107.69,0.240116559333,-1.89578348625
107.695,0.948388535022,-0.299788526856
107.7,-0.0309760935835,-1.64794367231
107.705,-0.459851856307,-6.33109031563
107.71,-0.252798857375,-11.7947464244
107.715,-0.525345426842,-5.12329000812
107.72,-0.109302605507,-2.43918638138
107.725,0.552130280724,-2.91089651388
107.73,0.584657680127,-4.66126050484
107.735,0.564108195073,-3.79362141204
107.74,0.252742537073,-1.70397153734
107.745,-0.516743947974,-0.723861865492
107.75,-0.889425703559,-1.01161795602
107.755,-0.226271582088,-3.0873431902
107.76,0.436764888336,-7.07739388426
107.765,-0.248216228867,-4.93669892665
107.77,-0.799797210269,-1.20078069616
107.775,0.124979002491,-0.0589672203282
107.78,0.932296092575,-0.48782530982
107.785,0.286726470969,-0.984227813484
107.79,-0.930949350147,-0.0207446085185
107.795,-0.548576967113,1.53644821392
107.8,0.939456790152,1.60781717393
107.805,0.660235283436,-1.25668365006
107.81,-0.26137940906,-9.3590802474
107.815,0.195444078138,-9.07922812809
107.82,0.448628567857,-6.32478602126
107.825,0.199362410774,-8.40591906646
107.83,0.156837226678,-6.12128915363
107.835,-0.315443333264,-3.2722699469
107.84,-0.638021026375,-3.83555098058
107.845,-0.29953527668,-7.84128463057
107.85,-0.108533245167,-14.0309191821
107.855,-0.128174846945,-11.9006020579
107.86,0.105580995196,-9.56829703914
107.865,0.327190328523,-9.69628311496
107.87,0.0285242009281,-11.2767950935
107.875,-0.227562542383,-12.8579712169
107.88,-0.0190308622171,-15.4452721803
107.885,0.0569645007675,-18.9629149611
107.89,0.220217887799,-12.7924358899
107.895,0.13906134523,-7.16565620278
107.9,-0.696476656282,-2.7995003281
107.905,-0.317371427658,0.030296512359
107.91,0.991640949968,0.727436900961
107.915,0.392860159884,-1.30778028879
107.92,-0.482703108212,-6.27829460498
107.925,0.367941060981,-5.36191581224
107.93,0.436917005286,-3.78842749008
107.935,-0.165458246937,-10.8038945362
107.94,0.417572606218,-6.7521723724
107.945,-0.135121770802,1.47954338811
107.95,-1.40984354826,3.19846686654
107.955,-0.662707118621,0.789871772902
107.96,-0.0121956646947,-5.91707731439
107.965,-0.00121110269336,-4.10180682136
107.97,0.738203501765,-1.48185564042
107.975,0.48312502428,-2.70744309691
107.98,-0.287637277359,-7.23896859423
107.985,-0.0714893927027,-21.384684731
107.99,-0.0635316066264,-12.5360124996
107.995,-0.436932191866,-7.03439761017
108,-0.384993934714,-5.82705416699
108.005,-0.0762826056406,-6.22773563118
108.01,0.155119329879,-6.1936265156
108.015,0.512555317416,-3.68149228241
108.02,0.873011568067,-0.802348139698
108.025,0.0646584944795,1.21827299934
108.03,-1.27449677883,2.58464003758
108.035,-0.880342456168,3.03037771733
108.04,0.508969354445,1.91291553721
108.045,0.819641678445,-1.45160387438
108.05,0.383312382567,-8.20594988073
108.055,0.39477659035,-7.46730242362
108.06,0.695015964002,-3.02548722375
108.065,0.352502770139,-4.14114079818
108.07,0.167197834259,-11.8819511088
108.075,0.580116156678,-2.67373179352
108.08,-0.0421286080511,0.545572265098
108.085,-0.720605518068,-1.77508924251
108.09,-0.192736449196,-13.5317450825
108.095,-0.0616354412705,-11.0281666675
108.1,-0.294701627358,-8.77039612042
108.105,-0.256488843102,-10.9605954994
108.11,-0.283847476109,-10.7475824188
108.115,-0.152964250605,-15.9227776767
108.12,-0.294887037524,-8.37536052209
108.125,-0.524823642882,-5.57182811461
108.13,-0.203758254287,-12.4078908046
108.135,-0.525343178054,-4.66717792312
108.14,-1.14025513104,2.0147507436
108.145,-0.106679522055,3.16453953326
108.15,0.803697258132,-0.738278397528
108.155,-0.121214345236,-16.1768058555
108.16,-0.188116212789,-0.326139150055
108.165,1.02040741684,2.21260333102
108.17,0.936017020737,0.00786417064431
108.175,0.110441369264,-8.0713000418
108.18,0.106689354119,-13.8091288112
108.185,0.686491069557,-3.07376684163
108.19,0.79797051607,0.335102676371
108.195,-0.156663247952,0.338335724148
108.2,-0.638363888414,-3.64479263159
108.205,0.0545396422023,-13.63353111
108.21,0.191585927896,-7.37041439754
108.215,-0.345679226882,-5.51904020983
108.22,-0.350857728128,-8.96687328756
108.225,0.0292823611932,-30.4624166031
108.23,-0.202775542141,-6.74322790501
108.235,-0.825459460032,-1.6657907985
108.24,-0.342129169853,-0.805626405115
108.245,0.514328995018,-3.55870000212
108.25,0.165572392633,-11.8107661912
108.255,-0.0609059532067,-17.9929965374
108.26,0.194949954462,-13.8211400115
108.265,-0.2955227838,-8.60249459249
108.27,-0.384656737673,-4.59289163744
108.275,0.228254488727,-4.82035015854
108.28,0.318968834218,-7.65926487237
108.285,0.585758322142,-3.90292370487
108.29,0.764335480641,-0.848944710754
108.295,-0.231901626767,-1.09462426466
108.3,-0.65445075841,-3.26516474873
108.305,0.392370422791,-3.11654709311
108.31,0.690064307383,-1.80123866835
108.315,-0.208814777259,-3.15093792858
108.32,-0.332333462636,-9.44204513059
108.325,0.224564855174,-12.9586969385
108.33,0.0710308711373,-6.96261450934
108.335,-0.260340985827,-6.9862653732
108.34,-0.418735819952,-5.71410804883
108.345,-0.756323229272,-2.3343663478
108.35,-0.15931988037,-1.98360369789
108.355,0.615120757775,-4.20281430444
108.36,-0.282317482845,-3.04950083422
108.365,-0.852577330153,-0.683326355493
108.37,0.0498824641222,-0.816465552824
108.375,0.641429403735,-2.53997546106
108.38,0.664080419441,-3.28812732718
108.385,0.361820781977,-2.07674463277
108.39,-0.439217744627,-0.277769927392
108.395,-1.16233291929,1.34928994602
108.4,-0.707573010624,1.96783969182
108.405,0.554662000333,0.446225531487
108.41,0.527776823402,-5.17319606747
108.415,-0.179376284343,-14.9067233946
108.42,0.25424359313,-5.99629167068
108.425,0.511442348252,-5.22743714519
108.43,-0.169848009931,-7.93479000499
108.435,-0.280021701436,-8.29323795106
108.44,0.213172207517,-7.73923886157
108.445,0.272521959056,-10.8979387865
108.45,0.277011084297,-10.1642918405
108.455,0.548546608286,-5.20232127454
108.46,0.436774669647,-3.76306706068
108.465,0.0203393642509,-4.54873124635
108.47,-0.297633330965,-5.69264390637
108.475,-0.426523994331,-7.36921322328
108.48,-0.0587905875408,-11.3473935623
108.485,0.271823779245,-11.0222536338
108.49,-0.00906305048922,-8.68082857738
108.495,-0.254683071136,-9.22468518347
108.5,-0.35388678145,-8.92915521556
108.505,-0.215532068572,-9.19792764831
108.51,0.245237157855,-11.6393179638
108.515,-0.0595400045133,-7.61609996543
108.52,-0.520245894375,-5.67557855257
108.525,-0.0918015280929,-9.52794263056
108.53,0.0215990414203,-26.0961063185
108.535,-0.272479238996,-11.0895680429
108.54,-0.480871640274,-5.99684729685
108.545,-0.463497107362,-0.31779054709
108.55,0.827075053627,2.66783417604
108.555,1.19732786081,2.65042386417
108.56,-0.67887050947,0.696476755814
108.565,-0.419668719014,0.415432680966
108.57,1.15123122068,1.27253740535
108.575,-0.165534002063,0.849874999881
108.58,-0.963533837904,0.647272897996
108.585,0.606576202826,0.723214174236
108.59,0.737747377834,-1.33693550453
108.595,-0.253654719097,-7.24612384593
108.6,-0.0196241767979,-9.16026496329
108.605,0.54120513341,-5.24122243959
108.61,0.361815651226,-5.10167781068
108.615,-0.0206988422102,-9.85671181581
108.62,0.197071949303,-12.4816468682
108.625,0.222671997504,-3.05053346167
108.63,-0.608376622112,-1.33355118897
108.635,-0.406267289459,-5.98674730241
108.64,0.378582335462,-7.28269275565
108.645,-0.4649588257,0.203961579398
108.65,-1.21669257853,1.7043820039
108.655,-0.606714782832,0.158573602748
108.66,0.087850769014,-2.32140505832
108.665,0.506447399293,-4.47588745412
108.67,0.324091061697,-6.82186934849
108.675,-0.269910112166,-7.30986058501
108.68,-0.42782554325,-7.37356790252
108.685,-0.536706968722,-4.77961278037
108.69,-0.415090257836,-1.02772457985
108.695,0.41985035234,-0.129096314841
108.7,0.700393018126,-2.97670646107
108.705,0.159299533254,-14.0140480615
108.71,0.148513821264,-10.04474098
108.715,0.617161449843,-4.11743994847
108.72,0.364798751611,-3.24196220219
108.725,-0.457838209421,-4.23162986754
108.73,-0.437290524832,-4.38327824529
108.735,0.162245318439,-4.10647547573
108.74,0.553544639828,-2.68798624099
108.745,1.0327341063,0.27978786298
108.75,0.637290910644,0.848509824278
108.755,-0.280024185013,-3.01162405748
108.76,-0.0824751117826,-19.8076535355
108.765,0.103826340158,-10.5377501161
108.77,-0.0552687031137,-15.2914551362
108.775,0.286061416415,-9.51606415901
108.78,0.166453823508,-3.13891750561
108.785,-0.295947141526,-3.35371722897
108.79,-0.26320171018,-5.33731654605
108.795,-0.483230669027,-0.900409790614
108.8,-1.2410344356,2.6546154444
108.805,-1.48563157179,3.85041331266
108.81,-0.688501415957,2.85573580639
108.815,0.132473296093,-1.10656724833
108.82,0.00440121939088,-9.29057688658
108.825,-0.288224864416,-2.69978132598
108.83,0.333849051124,0.90750499454
108.835,0.920844137459,0.0739508446696
108.84,0.475532969236,-6.25866751599
108.845,0.368511512691,-7.34715979129
108.85,0.78221552563,-2.0441000162
108.855,0.238926563656,-3.21927606867
108.86,-0.231994733994,-12.1935813167
108.865,0.353066294396,-8.17871220396
108.87,0.382007569192,-4.36456018611
108.875,-0.226017451183,-7.83777397439
108.88,0.110431843125,-15.2615317131
108.885,0.441909172315,-3.65926938042
108.89,-0.39443801361,-1.25270865151
108.895,-0.657202556016,-3.5918260553
108.9,0.0308247584728,-13.3955428987
108.905,-0.0500449607473,-8.9468027778
108.91,-0.649183281612,-3.64677419692
108.915,-0.375903776546,-2.71770328421
108.92,0.442108267614,-4.09377790406
108.925,0.363031883167,-6.01781347149
108.93,-0.23939867124,-7.080793547
108.935,-0.37563603111,-8.06235131871
108.94,-0.611814360937,-4.24183765697
108.945,-0.579811156586,-0.704223554203
108.95,0.235319322489,-0.195300531078
108.955,0.651092764986,-2.76726438432
108.96,0.318934376096,-9.78756313522
108.965,0.0680798782523,-15.5068005062
108.97,0.339984151038,-5.22884400584
108.975,0.854570328422,-1.22779880468
108.98,0.794317368695,-0.124022526348
108.985,0.0924599204448,-1.55549470227
108.99,-0.303010382807,-6.17647127117
108.995,-0.096814336973,-19.1821870373
109,0.159451744124,-12.6746224267
109.005,0.0997796881193,-5.88474243351
109.01,-0.397939371884,-2.53009920178
109.015,-0.85534672958,-1.3486308224
109.02,-0.30087079229,-2.11192906987
109.025,0.654632505334,-2.90633207651
109.03,0.378940569179,-1.40427111693
109.035,-0.673666087248,-0.240575273057
109.04,-0.838950099077,-1.25453521325
109.045,-0.186198747643,-6.06663089564
109.05,-0.0975094140617,-19.2374622735
109.055,-0.42039361231,-6.07188381411
109.06,0.0382113701854,-4.50920209498
109.065,0.28159051976,-10.8285098188
109.07,-0.214940026068,-12.9062670378
109.075,0.0995427347619,-6.75340738468
109.08,0.204560552987,-13.6122407569
109.085,-0.311749181639,-6.74015256189
109.09,0.620799264317,0.354982934636
109.095,1.1103548798,1.45879605365
109.1,0.0240041967384,-1.54653682282
109.105,-0.228488325317,-7.8597068973
109.11,-0.462138055097,-5.09446972379
109.115,-0.556966731405,-2.45131574068
109.12,0.521188220499,-2.8463988763
109.125,0.211386869775,-5.02320468936
109.13,-0.549169970684,-4.98900193695
109.135,0.287322212717,-3.69001760622
109.14,0.511154855345,-5.05321293409
109.145,-0.138667359247,-9.9190200715
109.15,-0.0877973882542,-12.6887708385
109.155,0.385211777244,-8.16505939532
109.16,0.101366269607,-6.28849976518
109.165,-0.513398479276,-5.77717585965
109.17,0.289335656095,-2.52888258925
109.175,0.979367310038,0.45287443758
109.18,-0.206315950153,0.860321409187
109.185,-0.823924155159,-1.68205122576
109.19,0.0854467002273,-7.43846936654
109.195,0.207358409002,-7.13812359425
109.2,-0.618990812265,-3.52652678102
109.205,-0.324405525444,-2.75945674387
109.21,0.576638020839,-3.39687080225
109.215,0.455534695748,-4.31493825016
109.22,0.0184306888937,-3.78335007739
109.225,-0.690333458535,-0.321578503911
109.23,-1.18826631067,2.01096722987
109.235,0.0528926546552,1.48546931595
109.24,0.72216326125,-2.82183813136
109.245,-0.277911798647,-8.80072313058
109.25,-0.0497329607155,-3.42551302106
109.255,0.841817492825,-1.4016351227
109.26,0.219942146429,-2.25253114247
109.265,-0.512868419034,-5.27817559501
109.27,0.000859132086789,-10.3869789673
109.275,0.182157898979,-9.70581585099
109.28,-0.501951672595,-5.55348887074
109.285,-0.145091945015,-4.92749041977
109.29,0.40738044663,-7.75794679941
109.295,-0.433708220105,-5.92109293991
109.3,-0.25082899404,-1.16318518921
109.305,1.02655337644,0.532445011666
109.31,0.125406999043,0.306186980859
109.315,-1.07084307712,0.744745700725
109.32,0.438784651053,2.40597270807
109.325,1.35969375611,2.98695351213
109.33,-0.0791667838522,1.60386514143
109.335,-0.788472417101,-1.70745671541
109.34,-0.443640656576,-5.21177516983
109.345,-0.0627922494922,-4.89308337371
109.35,0.562120903851,-3.5833203795
109.355,0.483897028507,-4.45014934762
109.36,0.000466023312741,-9.23889084456
109.365,0.070094642475,-12.1708826715
109.37,-0.108391853439,-5.57422387546
109.375,-0.644688401073,-2.72454058981
109.38,-0.802768187571,-1.24987670983
109.385,-0.223721390913,-0.174682177873
109.39,0.775753945649,-0.201604357266
109.395,0.529244542393,-2.32104987809
109.4,-0.600529061136,-4.21700703334
109.405,0.238134552465,-0.40630942591
109.41,1.1665617861,1.71300996498
109.415,-0.326496808683,0.0165051288605
109.42,-0.277304749886,-5.02499211782
109.425,0.926777801463,0.158296040476
109.43,-0.748144634076,3.76079597007
109.435,-1.38888685888,3.80542995299
109.44,0.502398883106,1.19120333321
109.445,0.57829420383,-3.46308417718
109.45,-0.118350402206,-10.5767015786
109.455,-0.0847051980721,-12.0616856815
109.46,-0.603142137135,-4.31450458845
109.465,-0.191981287737,-1.15442913266
109.47,1.03078931342,0.411670586861
109.475,0.192062960898,1.88361912222
109.48,-1.34428719395,2.88422417694
109.485,-0.684950312946,2.50912536467
109.49,0.576936829781,0.398014065449
109.495,0.729207629115,-2.65476458017
109.5,0.555423459143,-3.81781977967
109.505,0.0812057840054,-4.04459539465
109.51,-0.386433615668,-6.42288472643
109.515,-0.199907916592,-13.5318454325
109.52,-0.0829565044112,-20.2040028335
109.525,-0.182184566942,-14.3108116894
109.53,-0.297430972723,-10.1286157294
109.535,-0.688052733511,-2.92631178901
109.54,-0.429037632475,1.24119694287
109.545,0.770375416198,2.72464964779
109.55,1.25291370358,1.96051313282
109.555,0.599066360659,-1.04454008471
109.56,0.0981317268913,-6.32674088612
109.565,0.0788894136618,-8.01551133692
109.57,-0.236021907869,-5.79598307299
109.575,-0.46397218344,-6.40279250367
109.58,0.278695266922,-6.27286932664
109.585,0.470988229687,-3.34380636771
109.59,-0.508886712034,-2.98400450425
109.595,-0.236591828216,-5.50636796695
109.6,0.663469564602,-3.39975133245
109.605,-0.211252557769,0.101468118062
109.61,-1.04806477531,0.422686616583
109.615,-0.309668826969,-2.84926742348
109.62,0.0905356824834,-13.6071470847
109.625,-0.208993904941,-10.433799797
109.63,0.199830039386,-4.84293209846
109.635,0.643423205512,-3.74180960001
109.64,-0.0354365204489,-3.85320815744
109.645,-0.589627938389,-4.55236321937
109.65,-0.219939795616,-7.5817924598
109.655,-0.136061761371,-10.0715353275
109.66,0.0599935337078,-3.72915368119
109.665,0.817404038405,-1.13342938439
109.67,0.501635851186,-2.50836180349
109.675,-0.14369956946,-9.1975371366
109.68,0.0204592115781,-18.4875188634
109.685,-0.217721506207,-11.204536064
109.69,-0.0655602080865,-8.95982598581
109.695,0.566810970744,-4.91693505431
109.7,0.122358340807,-3.61901707668
109.705,-0.340186589999,-4.4889600712
109.71,-0.803322638736,-1.17020937801
109.715,-1.10880267595,2.87675246821
109.72,0.594919354642,4.70670037825
109.725,1.69029268506,4.61531058033
109.73,0.213809961128,2.84503102449
109.735,-0.796500303823,-0.530817601788
109.74,-0.571847426847,-4.4977412517
109.745,-0.287948484838,-5.86583328714
109.75,0.190684348911,-6.75721926544
109.755,0.289378014798,-10.190522155
109.76,-0.25566436652,-10.1806317804
109.765,-0.304047274905,-5.5499893809
109.77,0.335458103177,-3.27521771579
109.775,0.716562303133,-2.83951682033
109.78,0.488437733303,-3.6493035536
109.785,0.0236661238821,-5.99712787225
109.79,-0.131092410823,-12.1180661475
109.795,0.0718523854545,-14.1395377162
109.8,-0.0744734488229,-6.01583622885
109.805,-0.580769451893,-3.67458493099
109.81,-0.451616456902,-5.5336475054
109.815,0.00804268300956,-17.3594044624
109.82,-0.32968451943,-8.67422982795
109.825,-0.623536515613,-2.29232756465
109.83,0.100486187269,-0.760795137517
109.835,0.712013112068,-1.89760730691
109.84,0.54910552314,-4.92135861489
109.845,0.415302231287,-5.99693216534
109.85,0.248167103791,-3.56678320194
109.855,-0.342151512736,-2.54493495146
109.86,-0.62991412965,-3.65246866401
109.865,-0.518012034661,-5.33853965617
109.87,-0.311436655216,-6.29942251763
109.875,-0.0051647336661,-10.9865238533
109.88,-0.167691167201,-15.0407487669
109.885,-0.347251885571,-5.38816039168
109.89,0.0648804771785,-3.70752583449
109.895,0.31629495881,-5.52581437315
109.9,0.32790552759,-6.33663248795
109.905,0.533627755785,-3.99137321163
109.91,0.755058090303,-2.44015404837
109.915,0.519847389992,-3.69185838084
109.92,0.246090005575,-8.61866515856
109.925,0.429517736349,-5.03958545912
109.93,0.0477081675055,-3.2937511674
109.935,-0.189732228293,-11.3897484748
109.94,0.324282027653,-6.05609364389
109.945,-0.378261603288,-0.0484076007279
109.95,-0.835522120314,-1.53738703594
109.955,0.132257883563,-14.0646496732
109.96,-0.373270344973,-1.55355165802
109.965,-1.35826106073,2.77439360445
109.97,-0.390568883094,3.42373551042
109.975,0.958007721648,2.72481810772
109.98,1.24855445406,2.07657401457
109.985,0.480335782696,1.56629265201
109.99,-0.515693775351,0.441982586439
109.995,-0.8231455134,-1.39689763975
110,-0.558013921853,-3.9811403365
110.005,-0.081332505416,-11.810105744
110.01,-0.285922939834,-9.54330713079
110.015,-0.8061974866,-1.12044165027
110.02,-0.116584108563,0.88975071115
110.025,0.780355230041,-0.688437267074
110.03,0.310891511148,-6.68760773429
110.035,-0.379048680917,-7.53166537151
110.04,0.429672417949,-0.469401208311
110.045,1.25370509021,2.2126841755
110.05,-0.107073326323,2.65449843194
110.055,-1.27133138445,2.08713156345
110.06,-0.0457605230486,0.803971176206
110.065,0.685850977016,-3.0425204524
110.07,0.106116045882,-19.4657889625
110.075,0.62366240222,-3.35219220729
110.08,0.74137734446,1.00611899969
110.085,-0.67008575919,1.05927245467
110.09,-0.655876088181,-1.94900810916
110.095,0.483974811112,-5.42144894137
110.1,-0.0403156243372,-2.59351544604
110.105,-1.01944320916,0.167683372235
110.11,-0.343396552566,1.04437417738
110.115,0.732011041429,0.297151563671
110.12,0.820960896379,-1.68679179607
110.125,0.518395556789,-3.52772221131
110.13,0.203371192208,-4.45718788383
110.135,-0.0875812032881,-6.45995264967
110.14,-0.114300498074,-8.80239937197
110.145,-0.236744062761,-5.89602471491
110.15,-0.603412474441,-3.7177159979
110.155,-0.491014680196,-5.13131125297
110.16,-0.0894373265789,-13.0409979178
110.165,-0.250163014436,-12.0353264897
110.17,-0.365289482519,-5.97415483954
110.175,0.0208689253143,-5.39020275499
110.18,0.330518188318,-6.51683092695
110.185,0.416671409555,-7.60261411899
110.19,0.109786904529,-10.5546020216
110.195,-0.145063449698,-16.740401424
110.2,0.181752132639,-13.1203958818
110.205,0.147237947666,-11.1751313029
110.21,-0.134175977239,-15.0991780856
110.215,0.0103652302063,-25.2681827359
110.22,-0.218356079611,-10.8682285449
110.225,-0.299136581913,-7.98247157256
110.23,0.206053320203,-10.0721887121
110.235,0.0219028662255,-14.6457411916
110.24,-0.29789633339,-9.87948581174
110.245,-0.0567640381227,-6.99567167814
110.25,0.386744587136,-3.69827033069
110.255,0.963359822459,-0.312870212155
110.26,0.329376357033,0.708558538464
110.265,-0.749879442533,-1.49709836429
110.27,-0.0137371264326,-6.28020908449
110.275,0.579785408004,-2.95208149568
110.28,-0.378572504025,-0.106556861491
110.285,-0.943091270293,-0.275933236191
110.29,-0.852555321084,-0.873063804911
110.295,-0.681040562838,0.687399757839
110.3,0.146883576959,1.63407516605
110.305,0.822204095946,-0.253125407384
110.31,0.472622640845,-6.5093981338
110.315,0.465493619357,-6.30311530253
110.32,0.552860410271,-3.35968293789
110.325,-0.314522304312,-5.59960199346
110.33,-0.16965756814,-3.68361560404
110.335,1.00153516675,0.516299301614
110.34,0.813080314712,1.19657660056
110.345,-0.076389674355,-0.669041171649
110.35,-0.477921804331,-2.92811444719
110.355,-0.56935613992,-4.88967762521
110.36,-0.0652110075167,-9.38721785501
110.365,0.304379459358,-9.28145732809
110.37,-0.193266608218,-6.21262238645
110.375,-0.379706038045,-8.40923597971
110.38,-0.0784816675526,-21.2324553573
110.385,-0.205228135529,-12.504736634
110.39,-0.277291677777,-10.3618440242
110.395,-0.0584532376984,-16.1346948153
110.4,-0.125494064096,-16.7924893864
110.405,-0.0200542443556,-10.7637261665
110.41,0.364823085421,-8.54986653889
110.415,0.221136681073,-6.70122036414
110.42,-0.196129955123,-5.07057819582
110.425,-0.659194453882,-2.25141607063
110.43,-0.932053346875,-0.239343673158
110.435,-0.291219346526,-2.18886933358
110.44,-0.168346855733,-10.4556896178
110.445,-0.580368159304,0.194043622189
110.45,0.725062993713,3.62672442077
110.455,1.19619904836,1.90881415438
110.46,-0.52719461849,-2.72097635964
110.465,-0.233243281294,0.897147254388
110.47,1.0597017882,1.49187952727
110.475,0.571084930891,-4.42701870023
110.48,0.60021213923,-4.23778005564
110.485,0.811146742946,-0.643135808682
110.49,0.179021141966,-4.9391894241
110.495,0.400410357243,-6.65936639044
110.5,0.372593490167,-0.862508430155
110.505,-0.30691938315,-2.75186654655
110.51,-0.0638892247211,-9.90155121689
110.515,-0.216611978685,-2.53767730231
110.52,-0.723358820547,-2.30523457771
110.525,-0.240207780299,-12.0102017258
110.53,-0.367907615437,-6.34266806062
110.535,-0.641639874197,-3.11291108238
110.54,0.187992876938,-7.44625543065
110.545,0.0300368825339,-6.35641766292
110.55,-0.746762755574,-2.46993170519
110.555,-0.307341271943,-4.83726998515
110.56,-0.0981948352608,-14.6346893607
110.565,-0.265754669917,-6.06375210177
110.57,0.414941168834,-4.44804541784
110.575,0.227634048659,-5.08470618398
110.58,-0.821293086735,-1.66770442216
110.585,-0.220691196184,-0.34000845183
110.59,0.593362842933,-3.47152035474
110.595,0.057313574432,-15.639060691
110.6,-0.074852799844,-11.1036547104
110.605,0.215426874792,-9.85771555733
110.61,0.197215280778,-12.1131967764
110.615,0.361390870219,-8.33374842064
110.62,0.375654389017,-7.01233913875
110.625,-0.082072083933,-9.05940179794
110.63,-0.23239519225,-11.5201294854
110.635,0.238931967068,-9.31997465699
110.64,0.255050336512,-9.47616336212
110.645,-0.159642886298,-14.5618125847
110.65,0.098639289908,-12.0195879117
110.655,0.339573648868,-8.94333908974
110.66,0.00474035544042,-10.7929077
110.665,-0.129877927251,-17.6258308062
110.67,0.0753547587318,-19.1877745502
110.675,0.129851614647,-15.8007242525
110.68,-0.0453524202921,-22.566274045
110.685,0.134730995828,-14.5898830167
110.69,0.320767277492,-8.96580041415
110.695,0.0828349726927,-12.1646867606
110.7,0.318249194733,-8.86785099867
110.705,0.255679219102,-1.02833058103
110.71,-0.716968378105,0.886977390259
110.715,-0.843431492762,-1.47717809075
110.72,-0.566295511898,-4.86157391144
110.725,-0.749239172905,-1.41995260133
110.73,-0.114792444052,-0.934055446687
110.735,0.454508205689,-5.46515742516
110.74,0.0185861858709,-17.6216995306
110.745,-0.21943150955,-12.4358997949
110.75,-0.274062254081,-7.36056005913
110.755,0.0741013278055,-2.64545895242
110.76,0.724686549615,-2.11188076628
110.765,0.250771898808,-8.54982530617
110.77,0.0870736168262,-10.5414719676
110.775,0.798555954942,-1.88324711032
110.78,-0.0693878514693,-0.880615049928
110.785,-0.787979330645,-1.38353244869
110.79,0.681261182326,0.825848660471
110.795,1.07686646034,1.97997673966
110.8,-0.156328878758,-0.344369475413
110.805,-0.27887047138,-8.74561104258
110.81,-0.0217849933829,-7.39107641742
110.815,-0.471700999655,-2.54879607864
110.82,-0.827657989399,-1.46518865146
110.825,-0.749441836894,-1.48509043757
110.83,-0.240067329423,-3.85818016998
110.835,-0.117960518455,-10.379957628
110.84,-0.379059845144,-2.98111688169
110.845,0.393913556563,1.06392955238
110.85,1.10436767013,0.929895261267
110.855,0.324772492263,-3.476499913
110.86,-0.115596165583,-18.5721206564
110.865,0.489388153023,-6.06434245916
110.87,0.332159687494,-2.91741456664
110.875,-0.459072810925,-3.78367901299
110.88,-0.353860317865,-7.06493173731
110.885,0.205313593509,-10.4781702296
110.89,0.179727989385,-12.6009947536
110.895,0.0131433807652,-17.5832444416
110.9,0.068558937046,-14.7802475157
110.905,-0.115460752085,-8.99000784025
110.91,-0.431860043582,-6.90402517029
110.915,-0.311239190542,-7.53011228733
110.92,0.1195606754,-11.9551212476
110.925,-0.00131863057721,-12.8739139262
110.93,-0.577887066212,-4.75249456745
110.935,-0.264962478436,-1.28208521024
110.94,0.670272194414,-0.834945725714
110.945,0.641725695998,-3.29223515581
110.95,0.0885850906491,-10.2943423779
110.955,0.120458894288,-16.8174705467
110.96,0.131190652687,-10.5193155532
110.965,-0.120211231923,-10.575756342
110.97,-0.258224835942,-10.9718994098
110.975,-0.27881981071,-8.71879535038
110.98,0.350768334275,-5.85715460673
110.985,0.433902012597,-2.69655141758
110.99,-0.858202259481,-0.150765325911
110.995,-0.513235606878,1.24719904405
111,0.985338511813,1.09033953885
111.005,0.582364182709,-1.36228864726
111.01,-0.0591112136663,-6.22318860738
111.015,-0.288252732503,-5.68386227848
111.02,-0.658396876654,-3.30238104608
111.025,0.299547650777,-2.17623187763
111.03,0.804161761254,-0.633689551511
111.035,-0.417631493005,-0.398051852036
111.04,-0.644343424218,-3.40681937382
111.045,0.188265960352,-11.8066769421
111.05,-0.15521800233,-5.13362920338
111.055,-0.863988130868,-1.24906373727
111.06,-0.183452243302,-2.63406705484
111.065,0.155049447607,-15.9958377616
111.07,-0.598670681195,-3.72241846824
111.075,0.166995968688,1.63185085312
111.08,1.25996665494,2.10242249888
111.085,0.384776618267,-0.575022038071
111.09,-0.363435795192,-5.89747306128
111.095,-0.295722885164,-10.5537939745
111.1,-0.372806790979,-6.98163589753
111.105,0.0406207046637,-3.96470779032
111.11,0.571497082287,-3.67472889173
111.115,0.533393724216,-5.11213785495
111.12,0.281413971628,-6.31239564658
111.125,-0.103043570967,-8.03620466066
111.13,-0.200272019888,-13.8692717838
111.135,0.252929458898,-11.5751772834
111.14,0.203918708408,-5.12796238437
111.145,-0.565833420672,-2.64392609353
111.15,-0.662156023584,-2.3734533872
111.155,0.0553928714285,-3.83200786321
111.16,0.381488930105,-6.88120832702
111.165,0.357816893349,-8.90215924758
111.17,0.331135349872,-8.07909229878
111.175,-0.0125370196949,-11.1708751494
111.18,0.0575449529641,-17.7843926785
111.185,0.619327724212,-3.65717853753
111.19,0.151461036728,1.16934331805
111.195,-1.16654307125,3.24663430524
111.2,-1.3887759978,3.75973706314
111.205,0.0518626993312,2.8512509156
111.21,0.967027880949,0.117311181417
111.215,0.343280151796,-5.68176747024
111.22,0.161301035906,-12.0963026599
111.225,0.029824509596,-5.63884409838
111.23,-0.532271349684,-5.33836424612
111.235,0.246442309738,-8.12885705711
111.24,0.260357428264,-0.583446475882
111.245,-1.25131974236,2.84201878783
111.25,-0.864046890041,1.45346886559
111.255,-0.0880822562241,-7.2288481114
111.26,-0.579097647866,-2.24387479406
111.265,0.0992349481523,1.64851074463
111.27,0.821898665806,-0.529050978475
111.275,0.339393999604,-9.31005689582
111.28,0.384190801493,-6.30446251362
111.285,0.562783932288,-4.99208139944
111.29,0.294828809128,-9.67466685054
111.295,0.263886981232,-11.4578911526
111.3,0.575807424303,-4.77369732603
111.305,0.750655540321,-0.624751154514
111.31,-0.037268130659,0.0299376645576
111.315,-0.603032911276,-4.03034948419
111.32,0.232670609799,-9.00971735682
111.325,0.560848410849,-1.4218802522
111.33,-0.322270713759,1.19043609251
111.335,-1.12733080558,1.90393799353
111.34,-1.11356388169,1.88945665694
111.345,-0.00633345043446,0.551340654489
111.35,0.766475952436,-2.18825685325
111.355,0.056865493204,-4.09656758482
111.36,-0.49261552712,-5.8804034187
111.365,-0.16213057985,-14.3047886794
111.37,-0.329531753469,-8.35865476031
111.375,-0.794418577835,-1.41762376882
111.38,-0.237123460198,0.482799914513
111.385,0.61151587809,-0.562180106637
111.39,0.635479174467,-3.93176750236
111.395,0.25502797924,-9.63726097984
111.4,0.00300519901086,-50.1698571562
111.405,0.304826948886,-8.55023154786
111.41,0.559963565469,-3.80198696329
111.415,-0.129069561957,-3.42418713542
111.42,-0.480796359535,-6.35304922793
111.425,-0.0405381498571,-13.7350174514
111.43,-0.0411554438071,-27.6069101923
111.435,-0.0236409386858,-12.8860993331
111.44,0.352907689855,-8.94655296965
111.445,0.0915998949151,-7.22208520724
111.45,-0.470610781312,-6.1809643365
111.455,-0.20662125204,-5.35293675352
111.46,0.479926628872,-5.31069034228
111.465,0.178618490151,-6.77239946297
111.47,-0.420736759054,-7.47557319099
111.475,0.259157995774,-4.74259923468
111.48,0.559538573444,-3.95088078185
111.485,-0.222654182634,-7.93840200719
111.49,0.111049752508,-10.5636953247
111.495,0.532877520937,-3.32815459083
111.5,-0.340042456798,-1.91972332999
111.505,-0.529380700326,-5.5242498093
111.51,-0.169036831111,-15.3784485004
111.515,-0.532502745855,-5.46000943153
111.52,-0.419611631331,-1.91646201305
111.525,0.525474077913,-1.31676728898
111.53,0.682157228239,-2.21602276004
111.535,-0.448163157044,-3.10872701065
111.54,-0.420069961748,-1.22541955603
111.545,1.09279718978,1.38761083241
111.55,0.518536624818,2.20346416588
111.555,-0.882517703125,0.302638398612
111.56,-0.347020898318,-6.32718017137
111.565,-0.115747072271,-18.5317349936
111.57,-0.312204234087,-8.49724494592
111.575,-0.000415532403573,-11.3461001799
111.58,-0.0619833108927,-11.6166730472
111.585,0.388681342161,-4.87716760507
111.59,0.578365187219,-2.8559254111
111.595,-0.446434276777,-3.27848182722
111.6,-0.306580044635,-5.12301355651
111.605,0.509048536233,-5.86394064892
111.61,-0.240850724591,-3.35991448862
111.615,-0.750623869681,-1.94136474807
111.62,0.143644622394,-3.69285531435
111.625,0.262507943009,-10.3713346721
111.63,-0.493345003216,-6.11411728564
111.635,-0.103026091834,-0.898361512711
111.64,0.87905172143,0.286550466644
111.645,0.742851300486,-1.44945509346
111.65,-0.013607628199,-6.99047377597
111.655,-0.0697915761209,-15.5147869031
111.66,0.57280747169,-4.47587604315
111.665,0.684826037367,-0.577748919759
111.67,-0.169669602116,-0.0182164824135
111.675,-0.682862735452,-2.55348461505
111.68,-0.213905128614,-11.5497567607
111.685,0.0553811601073,-10.552882914
111.69,-0.578430787328,-2.24953983806
111.695,-1.01487736671,0.430920221244
111.7,-0.371920962178,0.9987556455
111.705,0.647778443057,0.743082598418
111.71,1.06538014566,0.618644582145
111.715,0.253523354304,0.918932490004
111.72,-1.03063540268,1.27477181421
111.725,-0.692722569882,0.79051319317
111.73,0.529565242139,-1.72657054963
111.735,0.301251869087,-7.99715194401
111.74,-0.191311915994,-14.2231012497
111.745,0.0942642262783,-14.3589061407
111.75,-0.123558338122,-17.0901242309
111.755,0.0563461095681,-3.28128471883
111.76,1.06319336593,0.947446570405
111.765,0.788109874333,1.21659875887
111.77,-0.175296046028,-2.23001358133
111.775,-0.165389667689,-10.0641181211
111.78,-0.0878276582896,-7.73996238963
111.785,-0.393923954877,-5.18473620839
111.79,-0.543775901845,-5.28065616954
111.795,-0.215970218767,-8.60706836575
111.8,0.149843805283,-14.7664034255
111.805,-0.509857869708,-3.78425464647
111.81,-0.695936520816,-1.24345572935
111.815,0.247878316424,-4.51782555012
111.82,0.0218497979698,-15.6671684008
111.825,-0.305468332042,-7.1878408068
111.83,0.269769112452,-8.54234842245
111.835,-0.116633171063,-11.5514589526
111.84,-0.479790239731,-4.34906959347
111.845,0.134824936589,-3.77799992483
111.85,0.259037381013,-9.20053327909
111.855,0.102997966039,-8.27255330119
111.86,0.546248937364,-2.96038086464
111.865,0.722455303192,-2.71668526566
111.87,0.282210564017,-7.02929290955
111.875,0.152353048302,-13.3607297984
111.88,0.130318320564,-14.1032655965
111.885,0.162337156262,-14.8606520798
111.89,0.666907291403,-3.40097627162
111.895,0.377665010576,-0.463654082018
111.9,-0.366729542725,-2.9349789924
111.905,-0.126127867267,-10.9734535189
111.91,-0.311409349092,-3.05399776428
111.915,-0.891786612572,-0.967595179853
111.92,-0.248173389801,-4.34134037056
111.925,0.189967403227,-14.4095983246
111.93,-0.278677706691,-9.09007637588
111.935,-0.41719514491,-7.29985493568
111.94,-0.400131028727,-5.16450045746
111.945,0.0107893784558,-1.75265342992
111.95,0.840223323414,-0.481963909793
111.955,0.647360218814,-1.91351734883
111.96,0.0499312972419,-6.8827927846
111.965,0.0961901411213,-8.20298712218
111.97,-0.264636626107,-3.49204606912
111.975,-0.64801823982,-3.67487233971
111.98,-0.175097580424,-11.5982319151
111.985,-0.154724901382,-11.0370740333
111.99,-0.618319047161,-4.107822635
111.995,-0.572855001081,-3.57115036216
112,-0.472449065245,-2.64678455739
112.005,-0.103691400368,-0.462943208298
112.01,0.592280597942,-0.52044793191
112.015,0.69271476844,-3.09254224578
112.02,0.44264658656,-6.04833015865
112.025,0.0195450621168,-7.45054684181
112.03,-0.531826868325,-5.46604045482
112.035,-0.0361151338508,-1.53526745266
112.04,0.891336761002,-0.467721384417
112.045,0.356673090409,-3.69071307597
112.05,-0.306342687363,-10.0454663686
112.055,0.426700824546,-3.25204016488
112.06,0.814018279998,-1.66201223567
112.065,0.50072430608,-3.31563022273
112.07,0.367965887177,-2.15529881516
112.075,-0.251727135353,-1.41022725783
112.08,-0.440031253416,-6.98147198591
112.085,0.269577774956,-10.2477037178
112.09,-0.16351500645,-0.788054653547
112.095,-0.954816038718,0.00207705410844
112.1,-0.442065616108,-5.44422105202
112.105,-0.326115098303,-9.20091110179
112.11,-0.863875504428,-0.85803202666
112.115,-0.272835752097,0.835717195643
112.12,0.636710086686,-0.873674668427
112.125,0.511046444028,-5.71110992465
112.13,0.159527326591,-13.7729805704
112.135,0.138074849839,-14.398026623
112.14,-0.0808512678496,-13.3248072925
112.145,-0.168893604345,-13.5568007156
112.15,0.228216215143,-11.9405757541
112.155,0.0116533580182,-8.64239344407
112.16,-0.5569511891,-5.01000218643
112.165,0.0361939381754,-2.94698158392
112.17,0.672571229332,-3.28700564375
112.175,0.271384175094,-6.48087745219
112.18,-0.0396927148583,-11.9128342136
112.185,-0.145957652398,-14.318346621
112.19,-0.0781301659353,-14.1536131335
112.195,0.403630740032,-7.81944991876
112.2,0.192157048984,-4.54035935129
112.205,-0.39231819686,-5.92445627437
112.21,-0.104699033438,-19.1339323173
112.215,-0.0769668978658,-7.64913663038
112.22,-0.740330928372,-2.25146183557
112.225,-0.542111926123,-2.23281089089
112.23,0.0982856201215,-6.45511377148
112.235,0.115530371352,-16.3277291348
112.24,-0.0219338048499,-30.6145721367
112.245,-0.349314108052,-9.12679982423
112.25,-0.364137668049,-2.36784354711
112.255,0.581559603011,-0.518379376241
112.26,0.650433465084,-2.80932077513
112.265,-0.355326608743,-7.35838840886
112.27,-0.0526361811183,-3.65357623328
112.275,0.689241587403,-2.87354186071
112.28,0.209365734756,-9.24378440439
112.285,0.0939637205172,-12.6063016948
112.29,0.634878901502,-3.9256515234
112.295,0.384852195089,-4.17552880906
112.3,0.0585625035159,-11.2044812355
112.305,0.330503301389,-7.89662651064
112.31,0.276316125107,-2.58219345022
112.315,-0.320492777034,-0.576876395695
112.32,-0.909506889651,-0.328584822971
112.325,-0.39052098719,-3.64869097408
112.33,0.47583187385,-5.64892783957
112.335,-0.775991010846,2.14178929438
112.34,-1.53366171369,4.50123408469
112.345,0.173724993871,2.22687906577
112.35,0.302273030303,-10.2950807083
112.355,-0.302502082553,-3.11593137328
112.36,0.874246352151,1.40046213575
112.365,0.832223559423,-0.223935440217
112.37,-0.0758992217695,-8.54897830017
112.375,0.201892849362,-13.8619315759
112.38,0.197840580531,-6.15608279724
112.385,-0.313726923281,-4.92118546807
112.39,-0.638195727649,-3.8961179822
112.395,-0.176808751628,-2.9419595652
112.4,0.676084950855,-3.07905907374
112.405,0.0553933861389,-4.45481453305
112.41,-0.427163897581,-7.05879353576
112.415,0.23208123046,-10.8338300994
112.42,-0.160602519299,-11.5409309968
112.425,-0.0984138675828,-5.38810108509
112.43,0.806322713734,-1.85458040511
112.435,0.129161121356,-2.36322376042
112.44,-0.223599635688,-11.4482634258
112.445,0.19859926435,-5.05432144624
112.45,-0.940772735725,2.19141895431
112.455,-1.39756747616,3.98964227767
112.46,0.277038760779,2.39192498111
112.465,0.67425452702,-3.20756601365
112.47,-0.513430867903,-5.47846681243
112.475,0.00294848970934,-0.864900903113
112.48,0.922183592159,-0.691203132656
112.485,-0.380468999549,-1.7552447564
112.49,-0.689075458808,0.813213918005
112.495,1.00771501222,2.09477982043
112.5,0.571071350897,-0.585630743591
112.505,-0.452056108182,-6.85282918
112.51,0.62988721794,-2.39097320731
112.515,0.415390275829,-1.19459427976
112.52,-0.614842754785,-4.09863490984
112.525,0.309096398406,-3.37401518022
112.53,0.731302914912,-1.95282333015
112.535,0.139843502833,-4.82813320251
112.54,0.0979840136426,-5.44453948294
112.545,-0.355371791921,-1.42199440121
112.55,-0.892986121353,-0.798426675198
112.555,-0.552213709307,-2.81805302551
112.56,-0.0229476733147,-5.36720226058
112.565,0.407762062344,-6.40880186836
112.57,0.297424933177,-6.242946986
112.575,-0.373180709197,-6.61291804457
112.58,-0.0604718620238,-11.8596065156
112.585,0.177431512207,-5.98467915353
112.59,-1.01994435776,0.714483269528
112.595,-0.667185759495,2.28477910285
112.6,0.64920755277,-0.895431240665
112.605,0.0837412913081,-21.3330832475
112.61,0.503394298208,-1.80016980006
112.615,1.12493757434,2.64220999
112.62,-0.871004645106,3.83903010551
112.625,-1.25623142161,3.34900262153
112.63,0.295711141146,0.384532980956
112.635,0.378010372653,-5.66242738832
112.64,0.731321564449,-1.01483522262
112.645,1.17946890309,2.36263440868
112.65,-0.186669908878,2.1501781256
112.655,-0.938994880044,-0.540277464947
112.66,0.179369417704,-2.9857803629
112.665,0.682100901489,-2.85757889393
112.67,0.0471470215689,-4.60517964372
112.675,-0.0901084625357,-8.9227620447
112.68,-0.229551927783,-4.6789815555
112.685,-0.700837376198,-2.70839770895
112.69,-0.392863003875,-6.30711066486
112.695,-0.126598761824,-17.7007560654
112.7,-0.360908511241,-8.79950203748
112.705,-0.518730445586,-5.65359010511
112.71,-0.888513633282,0.078537784789
112.715,-0.39067954209,3.96424852454
112.72,1.1183950195,4.86427013027
112.725,1.38571253615,2.8352168359
112.73,0.639660326559,-2.38803819679
112.735,0.660846265121,-2.77604876462
112.74,0.510494028827,0.599173883568
112.745,-0.49134560247,-0.141341192262
112.75,-0.410431700858,-7.64980387543
112.755,0.153452941249,-9.00255964585
112.76,-0.718528693903,-0.529612282574
112.765,-0.946217724791,1.11986388313
112.77,0.298857494312,-0.183688364225
112.775,0.655490644194,-3.66263885771
112.78,0.232152280607,-8.21381872468
112.785,-0.0627273968378,-9.91695995514
112.79,-0.328647659631,-9.65918454075
112.795,0.127714179987,-7.46020944647
112.8,0.585653847811,-4.13981866742
112.805,-0.0688385557439,-2.83541348242
112.81,-0.60355268876,-3.92931588497
112.815,-0.34950117535,-6.75198523204
112.82,0.0934387434172,-9.79800612357
112.825,0.30270976868,-9.64198666118
112.83,-0.198356792764,-5.54759790794
112.835,-0.677592807154,-3.36062078246
112.84,-0.224121940048,-4.4995935418
112.845,0.122009751145,-10.6970560193
112.85,-0.046927949519,-11.5295995981
112.855,0.339438511237,-4.85300169203
112.86,0.697273836756,-2.76970533144
112.865,-0.0640572184402,-2.32308374788
112.87,-0.802665991281,-1.87369641896
112.875,-0.304606129747,-1.18113963257
112.88,0.691511811139,-0.906614882422
112.885,0.683770921519,-1.84328087148
112.89,-0.217831232592,-5.11534282987
112.895,-0.15658225183,-11.9561549865
112.9,0.364267204066,-7.79775415983
112.905,-0.338141625568,-3.17251090927
112.91,-0.768420390887,-1.99380249491
112.915,-0.181539079859,-3.11572137914
112.92,0.272047534777,-4.16646309599
112.925,0.624042881284,-3.69678601986
112.93,0.332785613275,-5.59303100982
112.935,-0.25328356263,-11.6360118943
112.94,0.215860308699,-7.31237705687
112.945,0.490345816822,-5.88162314687
112.95,0.165261617861,-11.7457790042
112.955,0.415851420015,-6.80839149039
112.96,0.189875705549,-1.82308629826
112.965,-0.577560710833,-2.32266309428
112.97,-0.281088151924,-10.3068960174
112.975,-0.00645183779752,-9.68236955007
112.98,-0.760983255586,-1.67570882163
112.985,-0.683933799278,-0.0722628581764
112.99,0.411911455005,-1.57577835555
112.995,0.478033146982,-5.82441949354
113,-0.126729807,-12.8584321588
113.005,-0.021138607539,-15.1143490525
113.01,0.26405507381,-11.4053098367
113.015,0.32902060418,-6.88259672332
113.02,-0.166746073214,-2.37845699
113.025,-0.961168530259,-0.209643049749
113.03,-0.405673257218,-1.36968638962
113.035,0.294966502584,-8.46283911063
113.04,-0.237211584238,-12.496888128
113.045,-0.0149878090424,-4.71978162596
113.05,0.542367144337,-5.19246171933
113.055,0.00448503330971,-11.0419057873
113.06,-0.0439377981583,-14.5484989213
113.065,0.33126850088,-8.9140973785
113.07,-0.298673876269,-4.81067258323
113.075,-0.724046184159,-2.08584229273
113.08,0.0356762516667,-1.55089414905
113.085,0.56567002746,-3.86738701713
113.09,0.297145150434,-10.4808048604
113.095,0.280384276749,-10.5251924754
113.1,0.446744923749,-6.65670134482
113.105,0.178293099686,-8.39656805562
113.11,0.0928638127602,-14.9251932198
113.115,0.255428021552,-7.22409546567
113.12,-0.211489243657,-3.2328572351
113.125,-0.726892767683,-2.6817043684
113.13,-0.27949149585,-4.46108766844
113.135,0.285000112422,-8.42449745993
113.14,0.115162119642,-17.5076633951
113.145,0.164675548467,-14.2760060168
113.15,0.418392540382,-5.26836322806
113.155,-0.351687579369,-2.12195556259
113.16,-0.681892196018,-2.98639314069
113.165,0.117628399436,-10.7511349172
113.17,-0.317058638294,-6.90188943758
113.175,-0.719014974746,5.41455573076e-05
113.18,0.696771740843,1.75657812338
113.185,0.962206835741,0.52645582315
113.19,-0.20492223489,-3.63643325183
113.195,-0.216788049977,-12.1845521302
113.2,0.194641415344,-13.9881040938
113.205,-0.0515292686617,-8.69425914612
113.21,-0.504689401924,-5.37392363915
113.215,-0.552581985919,-2.74223535353
113.22,0.182610866414,-1.52050785159
113.225,0.754680989432,-1.74744254065
113.23,0.779312730462,-1.61349291998
113.235,0.381168224834,0.229351180896
113.24,-0.787319852688,1.48040831912
113.245,-0.997582900469,0.915896140044
113.25,0.311424848286,-1.35261294317
113.255,0.55122228037,-4.09477930158
113.26,-0.265948012449,-6.25509818686
113.265,-0.285506677887,-10.3259467658
113.27,-0.105573655014,-18.1191184302
113.275,-0.202418072458,-10.7951038335
113.28,0.167731293846,-8.29331478994
113.285,0.281709820476,-10.325912037
113.29,-0.147599640725,-15.4755693663
113.295,0.149150789757,-11.13722416
113.3,0.301522703587,-6.40453766266
113.305,-0.572796666518,-3.57725837406
113.31,-0.340810055976,-2.22569480015
113.315,0.673922530556,-2.62627272774
113.32,0.181400150717,-5.03353578401
113.325,-0.371786078909,-8.59297468441
113.33,0.159062630047,-9.20746992109
113.335,0.352657674371,-8.27322790761
113.34,0.047006137844,-7.81927628049
113.345,-0.322111245554,-6.47341990979
113.35,-0.539278632689,-5.24920287684
113.355,-0.124119656177,-5.86818868369
113.36,0.340991679236,-8.91799969099
113.365,-0.0915574747774,-8.54960211033
113.37,-0.6436633168,-3.53896696602
113.375,-0.116768846919,-0.717107648211
113.38,0.83592957855,0.323317690598
113.385,0.941881922957,0.316884920521
113.39,-0.0798308046429,-0.673362496857
113.395,-0.743499461809,-2.55386043821
113.4,0.245965969904,-3.31986196536
113.405,0.566657184726,-3.18573233464
113.41,-0.435546995306,-4.81567419813
113.415,-0.0992042363684,-6.6683021858
113.42,0.436259001235,-7.16580412364
113.425,0.00766559065903,-13.2505270723
113.43,0.221519866687,-13.0531373293
113.435,0.195361603547,-3.99997758261
113.44,-0.635056981105,-1.75183793152
113.445,-0.668563923226,-2.21056938811
113.45,0.174339365838,-3.66110244566
113.455,0.630128916228,-3.92803257121
113.46,0.0755603230597,-2.62757806804
113.465,-0.666411603092,-1.8546440518
113.47,-0.787026277781,-1.94858597957
113.475,-0.665903860427,-0.805743125818
113.48,-0.0927027671212,1.22618259021
113.485,0.892423774365,1.74249497338
113.49,0.976586044437,-0.126208590912
113.495,0.446884229314,-4.23616621002
113.5,0.282063134902,-6.56744136244
113.505,0.162065160942,-5.9498695112
113.51,-0.057108418105,-5.13956206109
113.515,-0.416995714196,-4.39325805257
113.52,-0.390275948743,-8.11426020266
113.525,0.0516324885511,-14.0332284662
113.53,-0.684461398639,-0.597838339565
113.535,-1.269011249,2.82497569722
113.54,-0.0155086513274,2.06208626554
113.545,0.584674947179,-3.29275606081
113.55,0.138127638145,-14.0003517169
113.555,0.366496589831,-6.55380440469
113.56,0.475788726078,-5.84477605511
113.565,-0.00921058440857,-7.25303498093
113.57,-0.497402355468,-5.88266066697
113.575,-0.429982022418,-2.25215620907
113.58,0.433963534634,0.306237504729
113.585,1.11154773133,1.13239134805
113.59,0.843499397695,0.358807559421
113.595,0.10091553776,-2.804692288
113.6,-0.0273484479497,-12.1374873446
113.605,0.292322061441,-5.65311406799
113.61,-0.239644479424,-1.56177108472
113.615,-0.65930668126,-3.38390166744
113.62,-0.102772935218,-16.7763330354
113.625,-0.179493442223,-7.6914836548
113.63,-0.662650053117,-3.55867177725
113.635,-0.326206578222,-5.52268017261
113.64,-0.093842932699,-11.5360006387
113.645,-0.133881458862,-6.66206986138
113.65,0.555039048038,-2.3557311969
113.655,0.811134168083,-0.157692433141
113.66,-0.427703882348,0.769951619645
113.665,-0.952810762592,-0.353342615752
113.67,-0.161609623364,-5.61504587021
113.675,-0.110300964998,-17.9643456023
113.68,-0.393855987659,-5.88718010878
113.685,-0.0817661082296,-2.79945889211
113.69,0.567718994299,-1.2909633556
113.695,0.791636871209,-1.7194780072
113.7,-0.218737691673,-5.36893213498
113.705,-0.252226321906,-3.05571603674
113.71,0.992880123379,0.503478004385
113.715,0.546899825248,-0.611854074581
113.72,-0.129177556638,-9.01750331355
113.725,0.228956914917,-8.57961816976
113.73,-0.268261070993,-3.57536409957
113.735,-0.488921754052,-5.86481105533
113.74,0.30330320906,-8.93834861184
113.745,0.212124706968,-3.91925057588
113.75,-0.538161050295,-2.25716836598
113.755,-0.677891957974,-3.37524582321
113.76,-0.448021921398,-5.52467951127
113.765,-0.21776088851,-7.60356332832
113.77,-0.0297412970879,-14.4242007378
113.775,-0.330671079389,-9.5990770667
113.78,-0.695629829949,-0.725592166198
113.785,0.167933810593,2.53560393145
113.79,1.22169656807,2.41550121371
113.795,0.626501965698,-1.44092991696
113.8,-0.150918893151,-12.7752044563
113.805,0.14194807526,-11.2337550694
113.81,0.286289167163,-10.3371700185
113.815,0.465514069067,-6.30513030911
113.82,0.619454394127,-2.8649327248
113.825,0.00566559726891,-6.175710703
113.83,0.1790493266,-14.7071898782
113.835,0.639618517328,-1.27444218254
113.84,-0.234778436145,1.09099759333
113.845,-0.88300977485,-0.194954592299
113.85,-0.701360126017,-2.61798875539
113.855,-0.175217766241,-5.04403461416
113.86,0.29165873275,-9.53475651317
113.865,0.0161530912616,-17.5568168148
113.87,0.0912914202014,-16.0656043061
113.875,0.411013994033,-6.09620929741
113.88,-0.0477363711599,-2.75542923273
113.885,-0.631685846841,-1.2000054958
113.89,-1.07403633127,0.624357823777
113.895,-0.463846682627,0.520232580735
113.9,0.628804322346,-3.13814050533
113.905,-0.198814040987,-2.6554414341
113.91,-1.0419612576,0.619013195404
113.915,-0.177831843684,-1.00594678645
113.92,0.0293245194325,-9.41890782429
113.925,-0.217989319297,-2.86091155413
113.93,0.587728114723,0.333444552877
113.935,0.766774565796,-2.23389567809
113.94,-0.116247629769,-14.4109272253
113.945,0.0696530839388,-3.59848010197
113.95,0.82056453478,-0.907540190939
113.955,0.68481466051,-3.14649393791
113.96,0.740796934669,-2.31054721574
113.965,0.641205170378,0.504068436503
113.97,-0.244469104832,-0.951701765331
113.975,-0.289808396059,-9.20606447445
113.98,0.00223250361871,-10.1927242045
113.985,-0.299679056131,-5.96807387142
113.99,-0.484515307396,-6.04630897437
113.995,-0.398195527347,-5.84554992783
114,0.294753383189,-6.07016851704
114.005,0.323607844645,-4.95433503685
114.01,-0.559010571992,-4.46453160326
114.015,0.0616376128602,-6.25604373699
114.02,0.382755651847,-4.92101983679
114.025,-0.565162754493,-3.9537764625
114.03,-0.0351281424096,-7.4053681027
114.035,0.259287489369,-7.04457640423
114.04,-0.591589628896,-3.88735363048
114.045,-0.208294620881,-5.53244449373
114.05,0.29956176282,-10.4662074585
114.055,-0.147182228342,-8.70787558885
114.06,-0.492003180252,-6.16045748092
114.065,-0.311568232505,-4.92693985165
114.07,0.333502866837,-5.58908114065
114.075,0.289385527734,-6.2375895091
114.08,-0.631958423998,-2.84437091848
114.085,-0.672867575008,-0.998747010487
114.09,0.0287667352358,-1.98691771518
114.095,0.330920179369,-3.76482903099
114.1,0.570530794507,-3.44291382355
114.105,0.548791160457,-5.02392986331
114.11,0.126940893602,-15.6918508104
114.115,0.393530050854,-7.26117378032
114.12,0.646248488428,-2.11152524691
114.125,-0.212255088137,-2.02001918551
114.13,-0.581955410555,-4.48012701648
114.135,0.253312648859,-5.09794974684
114.14,0.614714378389,-3.5259485047
114.145,0.00548830629595,-3.44925418784
114.15,-0.455424066908,-4.79921720212
114.155,-0.594610419064,-4.49859524602
114.16,-0.44504150615,-1.26630280351
114.165,0.801807977049,1.85809538019
114.17,1.33998866965,3.52073897549
114.175,-0.362857857629,3.0573651817
114.18,-0.957696633962,-0.306499277533
114.185,0.142136183616,-7.66023728985
114.19,0.049315384629,-12.0722516475
114.195,-0.100554504307,-18.695199702
114.2,0.226762701023,-9.21325832882
114.205,-0.457973584314,-3.10401305824
114.21,-0.663139055935,-2.8060613268
114.215,0.0420237530427,-7.52307714099
114.22,0.0513408424364,-20.4652387977
114.225,-0.344599286598,-9.24940035093
114.23,-0.269769257808,-5.51195924539
114.235,0.242512468091,-5.15787707469
114.24,0.321715926601,-9.74074199477
114.245,0.0745030782803,-13.605085065
114.25,0.707275127405,-2.36374309812
114.255,0.85491783931,1.70244949882
114.26,-0.485592749621,2.96528809068
114.265,-1.31897303251,2.66558392177
114.27,-1.1100675361,2.30302796085
114.275,-0.276567274916,2.37845732172
114.28,0.716628875189,1.1254023807
114.285,0.717257057948,-2.82842900004
114.29,0.469756437561,-6.45273240084
114.295,0.357856783306,-5.87753859341
114.3,-0.218936027188,-8.8000571915
114.305,-0.0398018475216,-8.36904292925
114.31,0.677751332143,-3.3758522143
114.315,0.0690171974049,-1.61452421721
114.32,-0.881093501803,-1.07396485025
114.325,-0.0410341293205,0.370352773741
114.33,1.18347770378,1.62514878598
114.335,0.534183808872,0.511895014137
114.34,-0.213868253151,-5.79735224384
114.345,0.200527445881,-7.54888446798
114.35,-0.297010097253,0.44704620498
114.355,-1.28532587375,2.38602959504
114.36,-0.743857200093,1.36340195713
114.365,0.355545030959,-1.78899176814
114.37,0.463327835873,-6.5204813504
114.375,-0.0782713001358,-11.2184936767
114.38,-0.137229276113,-15.3213954792
114.385,0.165317028745,-15.3372838763
114.39,-0.181180038939,-7.8954650483
114.395,-0.522318371062,-5.51923427652
114.4,-0.092502243757,-8.63088205953
114.405,-0.0647346181332,-22.2229235681
114.41,-0.575506134706,-3.94043331337
114.415,-0.0308938072967,0.167382237856
114.42,0.856884906098,-0.176717327247
114.425,0.441714944547,-6.29041653206
114.43,0.332985669858,-8.26868621874
114.435,0.911064656034,-0.218427869625
114.44,-0.0807986994802,1.23220848617
114.445,-0.898263955883,-0.930431628909
114.45,0.292339651681,-3.90711953527
114.455,0.448579023477,-2.35157487012
114.46,-0.688900601871,-1.61102803645
114.465,-0.394180949971,-3.57768634047
114.47,0.405761234125,-6.79991050532
114.475,0.114143527847,-6.22917187073
114.48,-0.626316431325,-3.21974130328
114.485,-0.66320568219,-1.04121962809
114.49,0.226016615257,-0.603767701818
114.495,0.722118144023,-2.22727498441
114.5,0.560660424159,-4.59905885932
114.505,0.298022795601,-5.20010111053
114.51,-0.215734060586,-7.73183725028
114.515,-0.0677973860146,-15.5062657588
114.52,0.228679298496,-11.3450653076
114.525,-0.153245916411,-16.0246875295
114.53,0.565187018161,-3.87032015373
114.535,0.865083652844,2.80765517914
114.54,-0.852756212354,4.44892498676
114.545,-1.22053493929,1.73145565762
114.55,-0.519647637752,-5.56170070482
114.555,-1.04280635957,0.397603137488
114.56,-0.814779328446,2.99950065574
114.565,0.319600387214,1.52626912003
114.57,0.604560039645,-2.64286149549
114.575,0.386528512588,-8.17531245572
114.58,0.0791507239538,-21.6693481853
114.585,0.0754792414276,-10.3168971314
114.59,0.346781023622,-7.89742553971
114.595,0.202256822482,-13.8778145563
114.6,0.11729110639,-12.5043845658
114.605,0.344046406101,-6.5342454745
114.61,0.704072053052,-2.42785564649
114.615,1.13747004024,1.47619885445
114.62,0.527758255731,3.15651656284
114.625,-0.800406171636,1.88217267693
114.63,-0.589428186311,-3.28882950255
114.635,0.533201905366,-5.23155734662
114.64,0.268701156498,-0.649037506075
114.645,-0.64899845531,0.164574174909
114.65,-0.871323436866,-1.10467405632
114.655,-0.618668131573,-3.23191580741
114.66,-0.26151816287,-7.31029817833
114.665,-0.245049729331,-10.1073622829
114.67,-0.330404169502,-5.7389776528
114.675,-0.018955545461,-3.53478395236
114.68,0.552599724499,-2.31191425637
114.685,0.777402418715,-1.55823081342
114.69,-0.249213769595,-1.02304097524
114.695,-0.953636561349,0.00761212395611
114.7,0.248823783428,0.313398713751
114.705,0.832089307891,-1.52003138942
114.71,-0.111441065584,-5.89088486882
114.715,-0.280828986444,-7.41578800157
114.72,0.553635056552,-3.71439440406
114.725,0.530201091092,-1.7574830578
114.73,-0.543887803499,-2.07697112919
114.735,-0.372540772084,-4.31225537475
114.74,0.514540789423,-5.65935039262
114.745,-0.111104863714,-4.82207737687
114.75,-0.511845485635,-5.42075893072
114.755,0.127699214197,-8.2628466612
114.76,0.225137793102,-12.5185289693
114.765,0.0139243648556,-17.4760203097
114.77,0.000823017037193,-21.2749356533
114.775,0.0121794782392,-13.0179031275
114.78,-0.377607697355,-5.69244372567
114.785,-0.724460963395,-2.23157858525
114.79,-0.00179287090765,-2.30900769614
114.795,0.457999594187,-6.57831329156
114.8,-0.0767257701558,-13.7558088304
114.805,-0.242464395299,-10.6978802593
114.81,-0.182729781142,-8.47698810551
114.815,-0.0202064402775,-3.62338050545
114.82,0.580093626634,-0.901658148122
114.825,0.967390467464,-0.120332475445
114.83,0.940095048355,0.461455071473
114.835,0.218024361127,-0.109147457257
114.84,-0.480881275296,-4.88130866185
114.845,0.196427868639,-9.57418687457
114.85,0.508418403894,-2.92558832864
114.855,-0.193366065202,-4.84269119383
114.86,0.125069119298,-12.7394497
114.865,-0.00954524524002,-0.145828259281
114.87,-1.17825823664,2.17981034512
114.875,-0.581428071987,-1.08019532507
114.88,0.231846770834,-12.6830814652
114.885,-0.465954210643,-4.40376363954
114.89,-0.702057527199,-2.69009663517
114.895,-0.495704076427,-2.45509370336
114.9,0.0488952479438,-0.667219618821
114.905,0.846777234229,-1.03974877424
114.91,0.12043009314,-3.61432978861
114.915,-0.625425795492,-3.82917826391
114.92,0.206728728587,-3.64830334783
114.925,0.427656033821,-7.19889176774
114.93,0.0387159606551,-18.3542015809
114.935,0.14526728051,-12.5826474182
114.94,-0.378240288221,-5.79357412681
114.945,-0.492734946655,-3.33735518716
114.95,0.371427313231,-5.1441437394
114.955,0.0184839719111,-10.0067483394
114.96,-0.573181499893,-3.4118904768
114.965,0.281336100592,0.243956426432
114.97,1.117066892,1.09045718982
114.975,0.52996790303,-0.100559656846
114.98,-0.526297865923,-3.90037150186
114.985,0.102296524444,-4.97909842047
114.99,0.804877977555,-0.745952062356
114.995,-0.544966987901,0.689479241652
115,-0.858562912383,0.231076308028
115.005,0.530613077863,-0.810773380853
115.01,0.646851737882,-2.75682139754
115.015,0.00201048434161,-6.56258335862
115.02,-0.183731652491,-9.6521881997
115.025,-0.36090789004,-8.68116282179
115.03,-0.209136880678,-8.05834622469
115.035,0.260354866961,-8.51757041797
115.04,0.251937451978,-11.0686149182
115.045,-0.0227188090826,-20.9768890691
115.05,0.0867833614512,-13.7847542358
115.055,0.561751763738,-4.8459163779
115.06,0.793808145538,0.394615891065
115.065,-0.179202169248,3.3738538938
115.07,-1.46616455888,4.07283545979
115.075,-1.06149235933,2.35789379646
115.08,-0.0371690910963,-1.53424393299
115.085,0.352495199207,-3.82060931037
115.09,0.867839839647,-1.22361235651
115.095,0.469635916692,2.09614957861
115.1,-1.19442100283,4.26533752167
115.105,-1.59822361803,4.64503602379
115.11,-0.242165673574,2.87740540679
115.115,0.532225014499,-2.09816548394
115.12,0.183382551885,-11.30933337
115.125,0.370149013499,-5.26040994376
115.13,0.646566732134,-3.31769562009
115.135,-0.122151448632,-4.09476782208
115.14,-0.553775383359,-5.12382394281
115.145,-0.24457809436,-6.79830917196
115.15,-0.0583962412512,-6.64671429367
115.155,0.263059143324,-5.09924389893
115.16,0.395268285761,-7.16032576524
115.165,0.315758994789,-8.48773106956
115.17,0.69670345684,-3.07869001194
115.175,0.544579680314,-1.24034542777
115.18,-0.406307803525,-2.44342967854
115.185,-0.514907869655,-4.42188771736
115.19,0.333371685586,-3.78529597036
115.195,0.716639460612,-2.6315879264
115.2,0.117715091568,-3.20188211776
115.205,-0.40943849619,-6.34775870741
115.21,-0.185103863956,-12.4653966106
115.215,-0.0512983585847,-16.2369492444
115.22,0.124575823997,-7.80367093489
115.225,0.755736585314,-2.1543994272
115.23,0.80426835619,0.318726081228
115.235,0.0822105301307,0.939579717222
115.24,-0.670333945372,0.548187132756
115.245,-0.854330695196,-1.31253988684
115.25,-0.38776888006,-5.9837507847
115.255,0.0631827216227,-17.1781477251
115.26,0.0419546907937,-6.9328785216
115.265,-0.896037353448,0.711586742002
115.27,-1.32465610787,3.72255505955
115.275,0.308074653894,2.96765249605
115.28,0.713351031929,-2.57334758155
115.285,-0.686724407861,-3.25622186739
115.29,0.186439518691,1.84798842571
115.295,1.30943688287,2.36521197935
115.3,-0.0681154180074,-0.301725630292
115.305,-0.463232216482,-5.97386498853
115.31,0.407813442361,-7.73330190942
115.315,-0.485876476527,-1.26844101724
115.32,-1.07126570496,1.99952163127
115.325,0.47348444643,2.30576582919
115.33,0.935202931168,-0.450884830851
115.335,-0.0718591375019,-7.07329314826
115.34,-0.170746712669,-12.1205467124
115.345,0.131656932389,-9.86854501842
115.35,0.512243726837,-4.79988351744
115.355,0.760791753829,-0.808151132845
115.36,-0.258205763237,0.155510725454
115.365,-0.800390921121,-1.93346415832
115.37,-0.160500961286,-8.69917144831
115.375,-0.234633920446,-10.8335852905
115.38,0.00679515567229,-3.32033056023
115.385,0.772957189272,-1.78866920616
115.39,0.387588658626,-4.82296403817
115.395,0.100210692527,-14.113242538
115.4,0.307736985615,-6.58570819532
115.405,-0.155153283068,-3.29639477734
115.41,-0.642441916117,-3.27058218913
115.415,-0.467866200998,-4.62100034943
115.42,0.105741527486,-7.35021181481
115.425,0.204305861481,-13.7611364174
115.43,-0.0139640855191,-19.9796440698
115.435,0.525520406056,-5.49042603031
115.44,0.334873908683,0.146227081209
115.445,-1.07320705656,2.38136635386
115.45,-1.01735202795,1.71240301682
115.455,0.0401940330054,-2.30422919209
115.46,0.165138621559,-10.3013881879
115.465,0.0408247405609,-15.4412763206
115.47,-0.179297077593,-10.7842763433
115.475,-0.00967734348774,-1.56694103168
115.48,1.03500539238,1.73683775323
115.485,0.974825362975,0.83791630811
115.49,0.170170177642,-4.9974644857
115.495,0.247452799131,-7.48230665603
115.5,-0.0871120627233,-4.41498268897
115.505,-0.382838308076,-8.23699067269
115.51,0.468987899876,-5.25404508239
115.515,0.751243270767,-0.031388113381
115.52,0.0458949840567,2.17586512141
115.525,-0.9948836354,4.07165195673
115.53,-1.82191627565,5.23007574079
115.535,-1.03722315017,4.0816516093
115.54,0.135158083609,-0.868186180319
115.545,-0.00286758581431,-8.18307625178
115.55,0.157365453308,-2.99497021757
115.555,0.702298789002,-2.56352127032
115.56,0.403499916597,-5.73786181758
115.565,0.127937131866,-6.86134076205
115.57,-0.478232834685,-1.59754187372
115.575,-1.2944365828,2.54995147181
115.58,0.00099205130928,3.96562797791
115.585,1.30777725133,2.40577928382
115.59,-0.148733354298,-1.05798664382
115.595,-0.778719328765,-0.0974428065509
115.6,0.599967827918,0.547803478328
115.605,0.618123274054,-3.88376166831
115.61,0.047467776158,-26.0085961428
115.615,0.325006757856,-8.27200878927
115.62,0.341427171791,-9.09104619573
115.625,0.623401113575,-3.85460166155
115.63,0.796393052184,-0.383835136555
115.635,0.0116411027418,-3.11807611421
115.64,0.163585681141,-14.7257721436
115.645,0.63662950416,0.219428088627
115.65,-0.512585176167,3.14007814522
115.655,-1.13945270547,1.30151154033
115.66,-0.408336789141,-6.66165237843
115.665,-0.420635804635,-6.55539964147
115.67,-0.930960871109,-0.388808621912
115.675,-0.43668003239,1.31856305285
115.68,0.71260891973,0.886222544019
115.685,0.78887951361,-1.4182194356
115.69,-0.146836772591,-5.66520951965
115.695,-0.231178319819,-11.5306698557
115.7,0.137594888639,-16.4008562197
115.705,0.0236727101586,-17.3389042221
115.71,-0.0831502637541,-16.5283701608
115.715,-0.276618250352,-10.9784113115
115.72,-0.252594463006,-7.31823085562
115.725,0.300920409639,-5.73298599948
115.73,0.540310075405,-4.88550078274
115.735,-0.0181844719657,-4.09606990163
115.74,-0.621611920062,-3.86895453865
115.745,-0.233931851063,-5.02909417028
115.75,0.413608643906,-6.9161758264
115.755,0.190813598068,-6.20614540138
115.76,-0.433237671388,-3.53728696339
115.765,-0.962871694372,-0.328625311392
115.77,-0.825792258828,2.36756421105
115.775,0.402525650134,3.59142958894
115.78,1.34194760372,3.01122580126
115.785,0.809214331842,0.319219920001
115.79,-0.0719710515407,-5.22999831595
115.795,-0.190298058776,-14.2599312698
115.8,-0.0245060994625,-13.663416772
115.805,0.369644832796,-5.92188563397
115.81,0.846119414595,-1.28495358628
115.815,0.424117378877,0.307121125846
115.82,-0.431500033869,-0.583070386113
115.825,-0.584733073951,-4.25678950965
115.83,-0.225662698364,-12.5402651789
115.835,-0.447902549507,-4.89174397127
115.84,-0.912489670102,-0.578158271922
115.845,-0.28751431147,-1.01598746837
115.85,0.203889523914,-6.93745720728
115.855,-0.042299938286,-8.72304629236
115.86,0.354930522335,-3.39297280916
115.865,0.619997965014,-4.02448181634
115.87,0.488809539819,-6.05114142884
115.875,0.54356854003,-2.977991705
115.88,-0.15244847902,-1.40773453186
115.885,-0.713884637561,-2.86044036684
115.89,-0.124929497,-7.54320199262
115.895,0.0978892966437,-19.9370373826
115.9,-0.133325340909,-15.710164732
115.905,0.0762974142645,-10.9109994311
115.91,0.222288329587,-10.715417056
115.915,0.458183240079,-6.16333934313
115.92,0.735255950523,-1.81782230715
115.925,0.213542658967,-0.428336385518
115.93,-0.473821744246,-1.17232124827
115.935,-0.729629654516,-2.2268244523
115.94,-0.645628312101,-2.87833480605
115.945,0.0338257403283,-4.91694546745
115.95,0.459459887316,-6.50098429266
115.955,-0.211560960499,-3.76576148398
115.96,-0.76657235331,-2.28772057402
115.965,-0.0848037610593,-3.89513606962
115.97,0.469949819735,-6.07476961126
115.975,-0.552966198271,-0.974736505449
115.98,-1.12504210363,1.85163557114
115.985,0.0695633439674,0.365530057305
115.99,0.30385850715,-10.1559291216
115.995,-0.48372154982,-4.95004975973
116,0.0416562041737,0.406616847223
116.005,0.761257112733,-0.0206516729153
116.01,0.749372294776,-2.29323016413
116.015,0.630295619154,-3.95056244038
116.02,0.468076643172,-6.50256223319
116.025,0.805005659855,-1.79219981964
116.03,0.699346793502,1.78812148263
116.035,-0.56896560075,1.31010902053
116.04,-0.624878092509,-3.23126522363
116.045,0.541304508366,-4.66319277717
116.05,0.291933922486,-1.21187996564
116.055,-0.623984648818,-1.91774657923
116.06,-0.342894451511,-8.1522715988
116.065,0.039831772713,-20.8247467223
116.07,-0.280695537066,-9.33108977069
116.075,-0.231817795681,-10.9692640135
116.08,0.102448017056,-19.6758179135
116.085,-0.122313313565,-9.89271808012
116.09,-0.483211561994,-6.29751997876
116.095,-0.267059119186,-5.83873650572
116.1,0.303375333569,-6.63500003649
116.105,0.418645882896,-6.17573211669
116.11,-0.106155432653,-4.3900734385
116.115,-0.589976115033,-3.36338708581
116.12,-0.729284887787,-2.70967793198
116.125,-0.701557143177,-1.14680314563
116.13,-0.184775263866,-0.173025849483
116.135,0.489296966186,-2.14820275567
116.14,0.2366909483,-12.2299648612
116.145,-0.0227096008789,-6.38226299275
116.15,0.720112625373,-0.441047047397
116.155,1.04329622089,0.734257392414
116.16,0.242627364655,0.0521358619446
116.165,-0.721909487874,-0.953218286261
116.17,-0.633484747083,-1.26217744073
116.175,0.513165672172,-1.25657021326
116.18,0.628433985565,-2.53546495059
116.185,-0.414745790639,-4.52087340153
116.19,-0.414569937547,-2.90497333771
116.195,0.513422748703,-0.560838315062
116.2,1.10658386371,0.94366631918
116.205,0.977654120698,1.97003005289
116.21,0.0496096437283,1.74105924935
116.215,-0.702190978357,-0.748116100407
116.22,-0.408850717914,-7.123745094
116.225,0.250524280452,-11.8662852937
116.23,0.217282106565,-3.48083283175
116.235,-0.555170382949,-0.684941682908
116.24,-0.826998526143,-1.64919638918
116.245,-0.212659751388,-8.25362175506
116.25,0.0337967236459,-11.6948294757
116.255,-0.712309485776,-0.641493972248
116.26,-1.4755005741,3.53109438315
116.265,-0.836020008871,5.03784846137
116.27,0.655200468818,4.49079151217
116.275,1.22256364111,2.2171628745
116.28,0.741176385771,-1.60867427711
116.285,0.141924258592,-8.3381015018
116.29,0.147495817415,-15.0635527366
116.295,0.175764679304,-6.41537775982
116.3,-0.59624233953,-2.70634903174
116.305,-0.63495567962,-1.14081564913
116.31,0.354463382331,-2.30799035993
116.315,0.331834036724,-9.57952971948
116.32,0.0788825372703,-10.5070341084
116.325,0.654851208637,-3.16609731678
116.33,0.47344942592,-3.45469471167
116.335,-0.124974019059,-11.3066030963
116.34,0.21806151971,-11.4870235291
116.345,0.531697753651,-4.25381024533
116.35,0.123574853746,-2.99487051158
116.355,-0.342743801818,-3.5791910665
116.36,-0.561939397483,-4.59572406967
116.365,-0.336075449339,-7.6141418464
116.37,0.079112498114,-18.9320153697
116.375,-0.221041032999,-9.75095633327
116.38,-0.510468358002,-4.59241220258
116.385,0.171464895243,-3.1689813443
116.39,0.718671995711,-2.86111135732
116.395,0.271793310959,-2.41067897745
116.4,-0.642658824149,-1.89862864058
116.405,-0.537672184069,-2.11309693321
116.41,0.602581645963,-2.67448257108
116.415,0.272901335097,-2.04507539992
116.42,-0.837847525999,-1.33661454274
116.425,-0.0821929364889,-1.68335852694
116.43,0.804977351018,-1.87665256819
116.435,0.000283975364352,-1.47996217212
116.44,-0.737828771928,-2.22845815124
116.445,-0.359637055968,-5.82057537251
116.45,0.0179555836743,-21.4725235645
116.455,-0.382843131526,-8.08245832708
116.46,-0.443281821239,-3.22060714504
116.465,0.322586319785,-5.05753779129
116.47,-0.0687733443206,-9.37886478376
116.475,-0.8846254765,0.324932590138
116.48,0.367060660333,3.545680472
116.485,1.32263828756,2.54687256317
116.49,0.492905479478,-2.70718651639
116.495,0.127701472472,-10.0625462924
116.5,-0.143038868064,-10.0126172171
116.505,-0.273702898305,-6.3986239513
116.51,0.656277846491,-1.98596800064
116.515,0.539229477119,-2.35315953227
116.52,-0.348628060379,-7.71636415806
116.525,0.119591347527,-4.2672583599
116.53,1.0691443955,0.76722886519
116.535,1.15315693022,3.54291891988
116.54,-0.0900433121935,4.65714217978
116.545,-1.25996394037,3.33971471849
116.55,-0.787571795756,-1.49075998659
116.555,-0.304041697507,-8.61438194333
116.56,-0.21505812279,-7.23341900846
116.565,0.356677932139,-7.15867369908
116.57,0.270968391545,-6.67464250898
116.575,-0.115220186838,-7.55564897269
116.58,-0.309085656476,-5.20053307483
116.585,-0.790480461996,-1.9355904407
116.59,-0.393972373541,-3.36951644409
116.595,0.178615180202,-14.1720237088
116.6,-0.450641891687,-5.61919083005
116.605,-0.688153268434,-1.18338645773
116.61,0.191581646169,-1.2666391866
116.615,0.63011146717,-4.00936880256
116.62,-0.192121719722,-4.68513367693
116.625,-0.772959543473,-1.8998771717
116.63,-0.187263216085,-2.46974856193
116.635,-0.00951438812502,-6.51838717954
116.64,-0.00350567814943,-0.863422939074
116.645,1.05267219267,2.91972215463
116.65,1.31169143548,2.74677993924
116.655,0.166782339689,-1.61708911632
116.66,-0.114923651563,-18.5191682176
116.665,0.429477331504,-7.33776565965
116.67,0.333414982356,-5.02695196914
116.675,0.0858218064805,-6.40354585734
116.68,-0.0801905202469,-4.0357739542
116.685,-0.698750611538,-1.30002798285
116.69,-0.820278531401,-0.846259078148
116.695,0.0161714271136,-2.36121902904
116.7,0.482455883095,-5.39464608235
116.705,0.360933072448,-8.29743235775
116.71,0.181024697418,-7.85042355045
116.715,-0.256673457975,-7.5152924994
116.72,-0.233000556741,-11.4617366627
116.725,0.0887049194762,-18.3349669751
116.73,-0.470230056065,-6.08136126648
116.735,-0.300794013898,-1.65674680555
116.74,0.844981689976,-0.455807293479
116.745,0.425318989196,-2.24540447015
116.75,-0.296273833316,-9.32932328598
116.755,0.273453867394,-11.0304948496
116.76,0.103236632375,-3.59084800731
116.765,-0.77376283438,-1.58965402732
116.77,-0.48793496657,-1.33689130015
116.775,0.627207218099,-1.11815250982
116.78,0.741597593866,-0.739528321734
116.785,-0.333335573233,-1.95156538435
116.79,-0.327459877075,-9.28352632708
116.795,0.168194695177,-7.73278909992
116.8,-0.887733493403,0.563007524937
116.805,-0.948957413464,2.04526729275
116.81,0.432502107995,-0.860213036228
116.815,0.264065694353,-10.1894282334
116.82,-0.110657512039,-16.5316161499
116.825,0.0685862335053,-18.7551884909
116.83,-0.629598700665,-4.01871007196
116.835,-0.255297617632,1.05090214566
116.84,1.00759084118,1.53451336544
116.845,0.650510061389,-1.97634886246
116.85,-0.0877122254612,-12.9558463153
116.855,0.176545900988,-9.2888903462
116.86,0.781053960089,-2.14550295377
116.865,0.672464072009,1.06991621306
116.87,-0.411293850174,2.05440158089
116.875,-1.10883744923,1.31969006017
116.88,-0.805906948448,-0.379400310398
116.885,-0.0435040592425,-2.85573754015
116.89,0.37509636574,-7.56798615379
116.895,0.0242752539263,-15.1929496596
116.9,-0.155107849057,-15.5949049168
116.905,-0.06044042134,-22.9288478431
116.91,-0.331390349224,-9.15516773479
116.915,-0.177801989785,-2.87257813895
116.92,0.700153155284,-0.468550539648
116.925,0.874867726523,-0.487417137099
116.93,-0.016894737762,-2.42504038153
116.935,-0.527358207079,-5.33330709095
116.94,-0.196025077589,-7.07330092378
116.945,0.265766901968,-7.17099690084
116.95,0.426730671927,-7.39664392597
116.955,0.248795938387,-9.35958854671
116.96,0.0985073433807,-13.1088079728
116.965,0.100139038953,-12.1951990953
116.97,-0.080260535605,-9.94434708647
116.975,-0.280559684963,-10.9374970092
116.98,0.0384844938646,-12.3426852974
116.985,0.353056550568,-8.42575434057
116.99,-0.0507020921669,-7.31528766451
116.995,-0.226230821164,-12.555334722
117,0.0403852187977,-21.6519114402
117.005,-0.0922077318486,-12.8836518851
117.01,-0.0096716155578,-19.0984014383
117.015,-0.038696369352,-5.52923150917
117.02,-0.753982557026,-0.9064375183
117.025,-0.93879934833,-0.39273543094
117.03,-0.809504849852,0.412184039201
117.035,-0.157898665483,2.69513393989
117.04,1.14239503157,2.53286438142
117.045,0.434773724942,-1.9330259192
117.05,-0.507097375121,-4.64220188306
117.055,0.813804539978,0.16886059905
117.06,0.599269187618,0.376046705193
117.065,-0.599745476463,-3.42488043709
117.07,0.0708196369332,-11.340208312
117.075,-0.0724039457483,-9.16614328407
117.08,-0.440128957406,-5.56951386204
117.085,0.268042294606,-7.92727808837
117.09,-0.154276067431,-14.4180274056
117.095,-0.121554807685,-2.33086868424
117.1,1.10153040608,1.46187225748
117.105,0.810872826828,1.90031019345
117.11,-0.462859714074,0.551987295421
117.115,-0.894186398978,-0.968047315535
117.12,-0.252376565546,-0.924797159323
117.125,0.95141192966,0.784948311801
117.13,0.93245948454,2.47183969146
117.135,-0.644540117893,2.70227338647
117.14,-1.03793407083,0.419919791239
117.145,-0.175497745467,-7.13367800038
117.15,-0.381166981174,-7.95323192166
117.155,-0.231795496476,-0.486319696841
117.16,1.01395742065,1.4746745341
117.165,0.798056135065,0.807242442386
117.17,-0.360961543767,-1.69856710043
117.175,-0.554001996827,-5.09258162752
117.18,-0.0954098005021,-7.14286855915
117.185,0.46897023412,-6.00246773747
117.19,0.36415293893,-3.29175290113
117.195,-0.521314867782,-1.16064500497
117.2,-1.01516452567,0.230859330444
117.205,-0.361763553138,1.11891872186
117.21,0.894337079337,1.06011408735
117.215,0.652711494031,-0.248615287343
117.22,-0.781189500671,-1.04923733924
117.225,-0.311507737515,0.330172509051
117.23,1.00945565941,0.857548293073
117.235,0.600017239337,-1.42692204703
117.24,0.0966973349472,-6.54800336564
117.245,0.00940421359145,-3.5520958947
117.25,-0.802076796078,-0.545001354368
117.255,-0.606496278616,-1.33374682016
117.26,0.430915704022,-5.33526294103
117.265,-0.0351050910154,-6.61790439321
117.27,-0.53061935128,-4.84167170093
117.275,0.331650961861,-6.18806285229
117.28,0.0283928427929,-3.03747373798
117.285,-1.36527871995,2.71749808367
117.29,-0.295609573143,5.66382651049
117.295,1.83723007871,6.22187476358
117.3,1.25110636458,4.66284117973
117.305,-0.312028751848,1.00977460769
117.31,-0.550906965058,-4.37705578923
117.315,-0.314740979443,-9.88143785811
117.32,-0.0494144771385,-25.641331645
117.325,-0.299369519043,-7.10727213598
117.33,-0.937917994057,-0.199961675472
117.335,-0.151557967209,2.18176163496
117.34,0.96708184619,0.995186972899
117.345,0.433336734023,-6.14648223776
117.35,0.225751464706,-9.10293122829
117.355,0.873100560775,-1.17816717529
117.36,0.482196655507,-0.993786291365
117.365,-0.0932221045438,-5.51901824418
117.37,0.0109222313106,-11.1266107977
117.375,0.0703828856747,-6.54785174628
117.38,-0.295379802904,-2.83724716675
117.385,-0.752956992998,-2.13692767144
117.39,-0.334717043349,-7.04690629229
117.395,-0.159142378718,-13.8911887026
117.4,-0.663704069905,-3.05270732516
117.405,0.144379047181,-1.79868314948
117.41,0.593236803536,-4.07288796641
117.415,-0.336253137723,-6.47715145684
117.42,-0.089364867037,-8.5950368663
117.425,0.32226966941,-8.63955106542
117.43,-0.330785349616,-6.46552778647
117.435,-0.280276572422,-8.6023937933
117.44,0.178205593064,-14.9788572825
117.445,-0.22380952002,-6.20678695347
117.45,-0.741592183919,-2.58535486357
117.455,-0.547879132008,-2.65066750767
117.46,-0.256857665113,-4.68021658825
117.465,-0.231673281256,-3.71813502772
117.47,0.00655258977151,-1.77701635487
117.475,0.343912818627,-0.819900754273
117.48,0.823937685008,0.878695406358
117.485,1.15557202749,1.25659604054
117.49,0.479731901412,-2.97464900708
117.495,0.136417789145,-15.4999344666
117.5,0.923926309183,-0.567486048876
117.505,1.00568235806,2.40502043106
117.51,0.0747638491043,2.22794745042
117.515,-0.699089962567,0.617256443855
117.52,-0.762100661405,-2.3596958363
117.525,-0.122080030053,-8.54150699111
117.53,0.21705318416,-11.7072873506
117.535,-0.303674704029,-6.4415989893
117.54,-0.505263769542,-4.80961040972
117.545,0.193127989139,-3.96326596342
117.55,0.742713427388,-2.57184237053
117.555,0.542133561404,-1.08659180282
117.56,-0.198503452424,0.174537452974
117.565,-0.951256381371,0.593135931721
117.57,-0.808872022077,-0.500338656506
117.575,0.166867925716,-3.16331355307
117.58,0.557382433705,-4.68448284088
117.585,-0.0773510116705,-3.88245988435
117.59,-0.444164465442,-5.33505548317
117.595,-0.450077245338,-5.49005118146
117.6,-0.929312427352,-0.569242399068
117.605,-0.860010229995,1.0517084005
117.61,-0.0555906312623,-1.75393343521
117.615,-0.0642097148069,-7.47035500073
117.62,0.0203348579277,-1.77266978419
117.625,0.84901790845,-0.707555623348
117.63,0.080325033703,-2.83252742256
117.635,-1.0857698984,1.11288910904
117.64,0.0318716908238,3.77464843401
117.645,1.16266770651,2.95455257558
117.65,1.05968883384,0.503634360562
117.655,0.791234605701,-1.06188890875
117.66,0.32943699342,-5.24190900782
117.665,0.44965386258,-5.94480666164
117.67,0.406427878495,-0.895128186321
117.675,-0.505877692739,-1.84535319442
117.68,-0.195742536114,-9.35328526496
117.685,0.495470167931,-5.06676518713
117.69,-0.248521763297,-2.45593048297
117.695,-0.475881261879,-6.30114959086
117.7,0.259024429408,-11.7011774439
117.705,-0.14629555941,-3.37972023286
117.71,-0.847854226937,-1.43128898336
117.715,-0.206678758212,-2.78673143131
117.72,0.429366254336,-5.37323706782
117.725,0.528312749724,-5.36254779656
117.73,0.409310776796,-1.82604928638
117.735,-0.437490190025,0.302337605883
117.74,-0.902715476266,-0.54550807696
117.745,-0.717396594322,-2.77794355721
117.75,-0.728883277456,-1.68271822356
117.755,-0.346086469625,-1.57670178604
117.76,0.0587588641096,-5.02669443981
117.765,0.0291742808389,-7.40156210349
117.77,0.137612284973,-6.32489346334
117.775,0.226784760965,-7.09898879287
117.78,0.29407636885,-6.42186943512
117.785,0.43338147871,-5.31971362354
117.79,0.605142730622,-3.67009164195
117.795,0.866842776214,-1.21590430642
117.8,0.711848523397,-0.378631559444
117.805,0.188519582022,-1.4842874327
117.81,-0.139746481579,-2.98676401265
117.815,-0.388353110745,-3.13821126841
117.82,-0.631357801953,-3.11478072512
117.825,-0.631637890872,-3.85268363085
117.83,-0.344761028107,-5.26581347419
117.835,0.118640407674,-8.08116649282
117.84,0.219159326626,-11.3459882052
117.845,-0.46077221789,-5.17694034247
117.85,-0.67203097298,-1.05446393527
117.855,0.235315425393,-0.331249215414
117.86,0.683569698715,-2.13304464331
117.865,0.829397593136,-1.58446337813
117.87,0.949454524207,1.89576035958
117.875,-0.355506623914,3.29942021633
117.88,-1.24683135585,1.98070804286
117.885,-0.327616840917,-2.71282346419
117.89,0.176537116669,-13.946172574
117.895,-0.179938453985,-11.1818960856
117.9,-0.60698956967,-4.32447793208
117.905,-0.580142107398,0.000663236698401
117.91,0.482344457949,1.9474631735
117.915,1.16903254536,1.40687861656
117.92,0.448861780294,-2.04599979745
117.925,-0.0973025195691,-10.6254570466
117.93,0.0686099527227,-17.1089387408
117.935,-0.106467299279,-12.4188305293
117.94,-0.158830492154,-13.8088691748
117.945,0.201857753448,-12.2521953394
117.95,0.226510373766,-11.5114602352
117.955,0.101349679749,-9.94115658501
117.96,-0.314256151393,-6.6118300225
117.965,-0.49618074964,-4.19837354975
117.97,0.454138240069,-2.02381591629
117.975,0.821258816994,-0.905303873156
117.98,-0.03089327956,-2.15971783744
117.985,-0.356146724973,-6.95228665944
117.99,-0.198458244662,-11.1907824347
117.995,-0.432675913268,-6.75075627358
118,-0.366668371672,-6.0108382611
118.005,0.290448905582,-7.06902171725
118.01,0.423881157251,-4.70071812247
118.015,-0.258661343667,-1.57359506107
118.02,-0.959546681861,0.255225578732
118.025,-0.947830806594,0.454768998546
118.03,-0.259766167927,-2.44785898897
118.035,-0.150806626553,-11.2756852463
118.04,-0.704516312826,-1.06659569053
118.045,-0.119339532342,3.34043256339
118.05,1.09147359178,3.32658036777
118.055,0.875212721563,-1.14791306098
118.06,0.415816565007,-7.37538884067
118.065,0.686047852463,-3.21177964302
118.07,0.545220074694,-4.96824349549
118.075,0.782774404877,-2.10228135125
118.08,0.950754206028,2.54031418654
118.085,-0.275375901927,2.65866224165
118.09,-0.721053886021,-2.27396359651
118.095,-0.106099388599,-16.4545000178
118.1,-0.419519413727,-5.8192997861
118.105,-0.229074399629,-6.33749762067
118.11,0.743045493545,-2.19188909148
118.115,-0.459065514058,3.31187804426
118.12,-1.74191985456,4.92385620457
118.125,0.13889220797,3.15455703156
118.13,0.827414181408,-0.391562560767
118.135,-1.04266450387,1.22305333386
118.14,-0.454857425506,2.6460746075
118.145,1.03638798772,0.782992759242
118.15,0.00464104837403,-3.58738450037
118.155,-0.457380724151,-4.92956952878
118.16,0.384182460249,-5.55633333678
118.165,0.175690485765,-11.9752443189
118.17,0.039052746624,-18.7943663101
118.175,0.337086471166,-8.80870482058
118.18,-0.109707184147,-7.24627795182
118.185,-0.387492141403,-8.22929921332
118.19,-0.23563912188,-8.51548020969
118.195,0.166711560502,-5.5153751694
118.2,0.714925592614,-2.87760519679
118.205,-0.0546482957515,-1.77328084813
118.21,-0.821377732693,-1.60203357852
118.215,0.198431411999,-1.83503727353
118.22,0.70805449337,-2.82242347552
118.225,0.0708203161013,-5.24456282593
118.23,-0.245995306965,-7.47311509782
118.235,-0.488685337917,-6.02456275945
118.24,-0.287738174036,-5.85859759755
118.245,0.304169613627,-9.71020059832
118.25,-0.280396056408,-6.09225857652
118.255,-0.747685523731,-0.777188759259
118.26,0.371087214678,0.271601941865
118.265,0.707089570491,-3.00872196357
118.27,0.138609486549,-15.4524683252
118.275,0.377202132514,-8.46848506711
118.28,0.0975214718155,-7.695438861
118.285,-0.156107683105,-13.3713364977
118.29,0.584408382761,-4.66536133125
118.295,0.00368876419201,-1.84070790081
118.3,-0.66555753787,-3.4564904155
118.305,0.388204693404,-5.22787569207
118.31,0.229515803209,-3.17493595887
118.315,-0.607692917577,-3.99348938165
118.32,-0.0633848844426,-11.3828576095
118.325,-0.161289892994,-15.1520467738
118.33,-0.0699374123879,-4.96791986119
118.335,0.964376280647,-0.310500208014
118.34,-0.0430351531827,2.01707719496
118.345,-1.18763027829,1.49860659892
118.35,0.0622716873194,-2.57259985861
118.355,0.34371971388,-4.59489824727
118.36,-0.854666950152,-0.66854813045
118.365,-0.559683182617,-0.460975506318
118.37,0.35327216363,-4.82084580296
118.375,0.016992948821,-15.1146134287
118.38,-0.366354756809,-7.46643261739
118.385,-0.0259519086924,-8.35465306266
118.39,-0.191751483758,-10.4534717619
118.395,-0.166542972302,-0.877265130742
118.4,0.885219801827,1.92395596704
118.405,1.02357946883,0.262250340698
118.41,0.585476951957,-3.71712948423
118.415,0.625277466346,-1.22584801584
118.42,-0.234081026608,-0.751065682989
118.425,-0.512919693372,-5.45770396013
118.43,0.414745481834,-7.33206934648
118.435,-0.0231042784356,-5.31175090197
118.44,-0.267016658608,-10.3944716401
118.445,0.40499714574,-7.44432431954
118.45,-0.345942230937,-3.53693487501
118.455,-0.436025058602,-3.6868991464
118.46,0.689221983975,-2.70610810781
118.465,0.294216520478,-2.04809153354
118.47,-0.380645172757,-5.07877494163
118.475,-0.230334770852,-12.0897833916
118.48,-0.1620982935,-13.9769402419
118.485,-0.133580737882,-13.3907387086
118.49,-0.287533087427,-8.36158849505
118.495,-0.423672228004,-7.1350682269
118.5,-0.543790599671,-5.20093044653
118.505,-0.844445382719,-0.7587599348
118.51,-0.286864591455,1.14135667944
118.515,0.749736903574,0.0177775667278
118.52,0.510396483686,-4.12593852142
118.525,-0.239645928787,-8.99150865244
118.53,-0.263951186709,-11.3208218769
118.535,-0.479565308804,-5.38949372619
118.54,-0.142958977404,0.566968315345
118.545,1.13386287458,2.30830780147
118.55,0.721379399123,0.214737914867
118.555,-0.335414525611,-6.90166055748
118.56,0.157755524183,-11.4186358852
118.565,0.178835445359,-8.62283024983
118.57,-0.295991688356,-10.5544892597
118.575,0.176676012213,-9.96354538211
118.58,0.230248872409,-8.30195469441
118.585,-0.467572699588,-5.89859595093
118.59,-0.326260190722,-2.07610708113
118.595,0.870736606243,0.918727689304
118.6,1.02610223596,2.10010192277
118.605,-0.531842139208,1.07532761002
118.61,-0.643696633273,-1.51189920188
118.615,0.829419395447,-1.01898979035
118.62,0.268967517454,0.958932852221
118.625,-1.00996919182,0.667390981293
118.63,-0.441495865405,-2.2524591853
118.635,0.17300432954,-7.66704514697
118.64,0.222072118134,-10.6902136381
118.645,0.340794136173,-9.349742612
118.65,0.250202868305,-10.1495448804
118.655,0.240963091092,-7.45824629912
118.66,-0.15612887783,-3.40855306364
118.665,-0.743600031984,-2.22130673479
118.67,-0.473595186542,-3.44330994806
118.675,0.156011220553,-6.20979567962
118.68,0.301746157474,-10.3205337295
118.685,-0.124731844359,-14.8882789952
118.69,0.0993582582241,-10.9032726444
118.695,0.460021971058,-3.57888153043
118.7,-0.878988776993,1.28716203143
118.705,-1.05312385589,3.40745119493
118.71,0.854677533274,2.98450173235
118.715,0.870433092593,-0.0936154431859
118.72,-0.0864937444446,-6.95273529904
118.725,-0.0252618216056,-14.1659453739
118.73,-0.303716183864,-7.81774852779
118.735,-0.367020876796,-7.77511444778
118.74,-0.102878296502,-13.4623539243
118.745,-0.208427133894,-8.89816835869
118.75,0.188688781689,-4.86736362352
118.755,0.532744180203,-5.15077771301
118.76,0.493213966972,-5.63986285562
118.765,0.342241375125,-2.05088684292
118.77,-0.794420228866,1.16952579012
118.775,-1.19101311316,2.90580511973
118.78,0.476400383002,3.2751002137
118.785,1.29038085146,2.23077197396
118.79,0.269797299304,-0.333131482732
118.795,-0.453403247246,-4.50387516347
118.8,-0.272149569893,-10.3676299106
118.805,0.0846226659413,-16.4082185115
118.81,0.143480511201,-12.5821211935
118.815,-0.1958739407,-8.58794422594
118.82,-0.417250707128,-7.59179765203
118.825,-0.248004311745,-9.22980630004
118.83,-0.155015074016,-8.93388240469
118.835,0.17118087713,-5.66474555263
118.84,0.569661012116,-4.88526353791
118.845,0.0444853369622,-6.93421896857
118.85,-0.306143187091,-10.2093125044
118.855,0.0555000013783,-13.7001960721
118.86,0.0283800243559,-22.6370220278
118.865,0.180463348631,-9.88648162031
118.87,0.545891210491,-5.20296466033
118.875,0.326063241347,-3.95005433869
118.88,-0.0923734597417,-2.69004546721
118.885,-0.769666801015,0.0200518787664
118.89,-1.18498860115,1.78657881869
118.895,-0.293751934894,1.41803228893
118.9,0.586544689362,-1.58049845739
118.905,0.420610517678,-7.52126623227
118.91,0.314061529659,-9.68547012614
118.915,0.0467603139405,-6.56854907254
118.92,-0.736732153588,-2.6264223589
118.925,-0.211545850223,0.651005097242
118.93,1.09731785195,1.62384139135
118.935,0.591517566336,-0.243176345679
118.94,-0.41303144598,-5.69499444613
118.945,0.0513591655699,-9.16499557748
118.95,0.46510446456,-6.45284504424
118.955,0.209681154559,-6.42317880406
118.96,-0.12698630276,-4.63712164674
118.965,-0.778291194909,-1.883790005
118.97,-0.356570180519,-0.110817264852
118.975,1.12349120482,1.53131742911
118.98,0.507885069285,2.66776751135
118.985,-1.1109509108,2.1373539147
118.99,-0.576434024992,-0.91806882526
118.995,0.258626465035,-8.25216698004
119,-0.0625406347493,-24.0616540918
119.005,0.119229563874,-8.93843825478
119.01,0.547092226447,-5.0736654749
119.015,0.112732065899,-3.71169362589
119.02,-0.421556349902,-3.95745055754
119.025,-0.623963673252,-3.91278657281
119.03,-0.582438396838,-3.51967086503
119.035,-0.125270383807,-6.28316071096
119.04,-0.0798835435336,-14.0147433009
119.045,-0.200678348923,-6.5444313547
119.05,0.239527677602,-5.82219153057
119.055,0.130783032609,-16.0791737001
119.06,0.021151256543,-6.38288260775
119.065,0.763609021784,-1.41903072531
119.07,0.555448901735,-1.92442449187
119.075,-0.358663029599,-7.13105596587
119.08,0.237980466708,-4.91750799294
119.085,0.976304721987,0.693599405244
119.09,-0.282175053901,2.90448389281
119.095,-1.41563060714,3.07178264865
119.1,-0.572374314967,1.86234044458
119.105,0.609052941522,-0.393462772504
119.11,0.582721941232,-3.98280755433
119.115,-0.22007373367,-8.68308359937
119.12,-0.17715935694,-6.58033171176
119.125,0.521485089584,-4.25606096418
119.13,0.466212845134,-5.59520749008
119.135,0.214717255424,-8.9237237292
119.14,0.209316578575,-6.67583746285
119.145,-0.164567180331,-3.20884889888
119.15,-0.789486351853,-1.54953436627
119.155,-0.49727112013,-2.27359508159
119.16,0.315962885114,-6.86196171289
119.165,-0.0933719642407,-14.8651587459
119.17,-0.10032824613,-5.52431868621
119.175,0.793739896007,-1.95739841862
119.18,0.0662751870901,-1.42154626024
119.185,-0.702784115131,-3.06356026993
119.19,0.152266665427,-5.2688262618
119.195,0.507348527398,-4.54606954022
119.2,-0.285015396521,-2.95418326757
119.205,-0.719082482878,-2.824108495
119.21,-0.0945314233093,-5.01727291671
119.215,0.328368466253,-9.67275289199
119.22,-0.200194917681,-8.97711799552
119.225,-0.362430538036,-7.75525180151
119.23,-0.00545997588948,-13.6758369044
119.235,-0.210251353606,-13.5241129327
119.24,-0.328412461199,-4.63391802277
119.245,0.281631274074,-2.86812261604
119.25,0.503348488286,-5.24503053092
119.255,0.491659507747,-5.67420045092
119.26,0.923713490623,-0.323271667679
119.265,0.295351342435,2.51432723777
119.27,-1.14464237013,3.12132972141
119.275,-1.10087337915,1.97701430422
119.28,0.08066902652,-1.00074003853
119.285,0.445058974852,-7.02851622222
119.29,-0.45820992462,-5.43498898841
119.295,-0.670640762893,1.06391670231
119.3,0.759081689414,3.36418096613
119.305,1.31366480887,2.37258486906
119.31,0.547066127446,-2.10686737824
119.315,0.39489960871,-5.27164058032
119.32,0.343772953284,-1.87130869365
119.325,-0.289078718484,-0.846372335876
119.33,-0.759070872124,-1.77216505795
119.335,-0.408126519517,-5.1390867824
119.34,0.268204012339,-10.9623242589
119.345,-0.158717542221,-5.28275410324
119.35,-0.71960431799,-2.74376929203
119.355,0.06073860052,-4.34468430461
119.36,0.407710282444,-6.4783974695
119.365,-0.46273018332,-3.94565020442
119.37,-0.525281594033,-3.61255264969
119.375,0.196078512888,-9.02894230085
119.38,-0.176461458373,-8.24733857474
119.385,-0.929379507342,-0.256908848949
119.39,-0.321349658493,2.85818671095
119.395,1.01883690512,3.71512062567
119.4,1.38455439705,2.84967804668
119.405,0.644995634315,0.303728027168
119.41,0.0395990482605,-2.75640729945
119.415,-0.330027876981,-4.34476509313
119.42,-0.400088178053,-7.89869732752
119.425,-0.133239238535,-16.6874373205
119.43,-0.584586019922,-4.65929046794
119.435,-0.098748448392,0.349034525957
119.44,1.4078986531,3.01824470736
119.445,0.24081039628,4.55190038577
119.45,-1.67748713656,4.86223247722
119.455,-0.808173175128,3.52183378637
119.46,0.538322718012,-0.0235670612043
119.465,0.424237995553,-7.40493805737
119.47,0.057441257793,-16.3800532029
119.475,0.316631577161,-5.88822824381
119.48,0.759380026772,-2.33474600504
119.485,0.675148881244,-0.843506910203
119.49,-0.0994469050267,-0.758866502457
119.495,-0.705522116406,-2.46799216819
119.5,-0.259301465859,-5.85977409628
119.505,0.408216734275,-7.19235555564
119.51,0.251892133645,-5.57596713146
119.515,-0.29775633932,-5.74012504758
119.52,-0.303296792916,-10.3478756989
119.525,-0.11307180672,-15.7346745296
119.53,-0.418342260476,-7.33172298843
119.535,-0.238796347177,-7.7395441051
119.54,0.123091440748,-17.6581562069
119.545,-0.175421709245,-14.3897391602
119.55,0.0500291539286,-23.7037613018
119.555,-0.199218810593,-3.90198108858
119.56,-1.26283985366,2.02839858302
119.565,-0.40081611002,2.47923488869
119.57,0.619378064758,-3.44185733441
119.575,-0.621008312836,-3.33118448556
119.58,-0.841642688867,3.56632425796
119.585,0.693307823071,4.41614355583
119.59,1.10522244608,1.76952123053
119.595,1.01212074539,0.370051474848
119.6,1.17429786474,1.65874920708
119.605,0.567388461319,-0.496431945403
119.61,0.346108649338,-5.24335031788
119.615,0.553285736945,0.236471130054
119.62,-0.461921081899,2.49837660642
119.625,-1.03962398846,0.400429832433
119.63,-0.174685297457,-8.14933600388
119.635,-0.065140408423,-12.5942181157
119.64,-0.505065883077,-5.9321037007
119.645,-0.170362055761,-7.51925578901
119.65,0.0921272153872,-14.1538358304
119.655,0.0886422503603,-19.1593287153
119.66,0.0883078858297,-16.5418526708
119.665,-0.231180749598,-11.1225226859
119.67,-0.267837144713,-9.069997186
119.675,0.0922850182187,-11.3638950771
119.68,0.0779349659523,-21.7666819739
119.685,-0.135524657476,-16.9698609513
119.69,-0.0831109538212,-11.1118353527
119.695,0.187369455071,-7.90978702836
119.7,0.519410103681,-5.49371148015
119.705,0.417549685504,-4.48381604177
119.71,-0.145187709747,-6.08924873423
119.715,-0.17348555858,-14.1842289893
119.72,-0.0150012685707,-10.1923042292
119.725,-0.560760545616,-3.19513680365
119.73,-0.829053843266,-1.09657845193
119.735,-0.275388510974,-1.14321622801
119.74,0.417151540444,-2.02528577769
119.745,0.679754957049,-3.35266022931
119.75,0.160587537807,-5.69691555952
119.755,-0.296223900978,-9.70294919541
119.76,-0.0265805128079,-25.311474078
119.765,-0.171878812197,-9.71305335351
119.77,-0.652523768189,-3.69461502186
119.775,-0.490447768345,-2.29712707325
119.78,-0.141029761081,-1.31831784985
119.785,0.521946204031,0.853261161071
119.79,1.12083986617,1.12606123176
119.795,0.552948306944,-2.02868669149
119.8,-0.00389054578452,-11.3299299341
119.805,0.173804875751,-14.458290414
119.81,0.166901477992,-10.2611712043
119.815,0.0547694659593,-9.17983950451
119.82,-0.321852826805,-4.74506989593
119.825,-0.79680860553,-1.71390090942
119.83,0.0959709847647,-0.709333163158
119.835,0.845703938827,-1.38164399354
119.84,-0.244932416571,-2.94197286815
119.845,-0.487089962138,-4.43882222821
119.85,0.247674530393,-8.12972115612
119.855,0.0402556070317,-21.6492218731
119.86,0.421224180686,-5.15471271135
119.865,0.820162752278,-0.201990748897
119.87,-0.218980588562,1.07265753672
119.875,-0.937312118314,0.115768687985
119.88,-0.811729131561,-1.14742904921
119.885,-0.206383062987,-2.22050093251
119.89,0.518768106944,-4.68106666393
119.895,0.208355719905,-3.64677060318
119.9,-0.779601861646,0.131773937625
119.905,-1.2841470799,2.31097821909
119.91,-0.810949991335,2.3681500144
119.915,-0.234492251566,0.28117458236
119.92,-0.200378577262,0.952080628782
119.925,0.447534102224,3.44237908901
119.93,1.06249706617,2.64663359304
119.935,1.14630614051,1.80989057808
119.94,1.46649006352,3.56517378169
119.945,0.35964303217,3.51188922052
119.95,-1.18667896723,2.27797678714
119.955,-0.780096055356,1.57423704174
119.96,0.0591184640253,1.39874822941
119.965,0.915314417401,3.1346772295
119.97,1.32349223636,2.43543925149
119.975,0.257281338643,-6.70718021426
119.98,0.234808459368,-3.49884542664
119.985,1.44065268821,3.51761980188
119.99,1.25595694892,4.15021633263
119.995,0.0213846464844,-0.255945163297
