t_s,continuo_estable_mPa,fluctuante_mPa,intermitente_mPa,impulsivo_mPa
0,0.39130081959,0.293475614693,0.39130081959,0.0704341475262
0.001,-0.624735954483,-0.468869917668,-0.624735954483,-0.112452471807
0.002,0.452068615211,0.339511610819,0.452068615211,0.081372350738
0.003,0.8897144365,0.668644253252,0.8897144365,0.16014859857
0.004,0.294057137753,0.221141478691,0.294057137753,0.0529302847956
0.005,-0.0318908282156,-0.0239992730024,-0.0318908282156,-0.0057403490788
0.006,0.291523384425,0.219532735473,0.291523384425,0.0524742091965
0.007,1.36292368927,1.02704822192,1.36292368927,0.245326264068
0.008,-1.47234859489,-1.11025603769,-1.47234859489,-0.26502274708
0.009,1.65196919194,1.24654351251,1.65196919194,0.29735445455
0.01,-0.510430191268,-0.385420361328,-0.510430191268,-0.0918774344282
0.011,-0.274900597684,-0.207714389559,-0.274900597684,-0.0494821075832
0.012,-0.507260976246,-0.383543609783,-0.507260976246,-0.0913069757243
0.013,-0.72921886274,-0.551738626792,-0.72921886274,-0.131259395293
0.014,-0.2456471991,-0.185985594946,-0.2456471991,-0.0442164958381
0.015,0.442865418692,0.335529767526,0.442865418692,0.0797157753645
0.016,0.379049719567,0.287373726185,0.379049719567,0.068228949522
0.017,0.367260716324,0.278622861427,0.367260716324,0.0661069289383
0.018,-0.174544789038,-0.132507465933,-0.174544789038,-0.0314180620269
0.019,0.826136318356,0.627590215287,0.826136318356,0.148704537304
0.02,-1.07295223629,-0.815634569456,-1.07295223629,-0.193131402531
0.021,0.420811686431,0.320105850314,0.420811686431,0.0757461035576
0.022,0.254242587755,0.193528308871,0.254242587755,0.045763665796
0.023,0.754588225973,0.574773061883,0.754588225973,0.135825880675
0.024,1.1405957073,0.86937689002,1.1405957073,0.205307227313
0.025,-2.22628798104,-1.69803827614,-2.22628798104,-0.400731836588
0.026,-0.142944290142,-0.109099439377,-0.142944290142,-0.0257299722255
0.027,-0.246821621949,-0.188507345823,-0.246821621949,-0.0444278919508
0.028,-0.888406053637,-0.67896244544,-0.888406053637,-0.159913089655
0.029,-1.96090939098,-1.49961831305,-1.96090939098,-0.352963690377
0.03,0.903130402415,0.691134278002,0.903130402415,0.162563472435
0.031,1.04994956199,0.804023914467,1.04994956199,0.188990921157
0.032,0.590211279728,0.452268552125,0.590211279728,0.106238030351
0.033,0.146783432298,0.112552222987,0.146783432298,0.0264210178136
0.034,-0.421256946161,-0.323230298199,-0.421256946161,-0.075826250309
0.035,0.0965639736666,0.0741426087678,0.0965639736666,0.01738151526
0.036,0.0232819078696,0.0178878787808,0.0232819078696,0.00419074341653
0.037,-3.12738662187,-2.40441367988,-3.12738662187,-0.562929591937
0.038,0.76545774236,0.588892430593,0.76545774236,0.137782393625
0.039,1.11405560722,0.857646960617,1.11405560722,0.2005300093
0.04,-0.267020933638,-0.205699730376,-0.267020933638,-0.0480637680549
0.041,-0.045434853531,-0.0350238649164,-0.045434853531,-0.00817827363558
0.042,2.44101358988,1.88291820607,2.44101358988,0.439382446179
0.043,-1.04804986585,-0.808964233441,-1.04804986585,-0.188648975853
0.044,-0.799248059349,-0.617326438134,-0.799248059349,-0.143864650683
0.045,-0.0714729379776,-0.0552408852024,-0.0714729379776,-0.012865128836
0.046,-0.00320393001683,-0.00247792136279,-0.00320393001683,-0.00057670740303
0.047,0.382230628249,0.295811655835,0.382230628249,0.0688015130848
0.048,0.206150759467,0.159646658327,0.206150759467,0.0371071367041
0.049,1.12561025363,0.872263750759,1.12561025363,0.202609845653
0.05,-0.13836930986,-0.10729617617,-0.13836930986,-0.0249064757748
0.051,-0.636379172352,-0.49379297688,-0.636379172352,-0.114548251023
0.052,1.32467841666,1.02854592551,1.32467841666,0.238442114998
0.053,0.448153042249,0.348195896316,0.448153042249,0.0806675476048
0.054,-0.77895330294,-0.605609374704,-0.77895330294,-0.140211594529
0.055,0.849354205739,0.660775100548,0.849354205739,0.152883757033
0.056,0.531468325286,0.413738247664,0.531468325286,0.0956642985515
0.057,0.391478324232,0.304957456225,0.391478324232,0.0704660983618
0.058,-0.866661173595,-0.675559992857,-0.866661173595,-0.155999011247
0.059,-0.6080132047,-0.474253378951,-0.6080132047,-0.109442376846
0.06,-0.291430756456,-0.227465450474,-0.291430756456,-0.052457536162
0.061,1.34595869887,1.05122146743,1.34595869887,0.242272565797
0.062,-2.18218761513,-1.70544138817,-2.18218761513,-0.392793770723
0.063,0.75229351019,0.58832058656,0.75229351019,0.135412831834
0.064,0.732118238508,0.572914440671,0.732118238508,0.131781282931
0.065,1.7367369398,1.35995391467,1.7367369398,0.312612649163
0.066,-0.284984288432,-0.223301925643,-0.284984288432,-0.0512971719178
0.067,-0.786298125246,-0.616509802076,-0.786298125246,-0.141533662544
0.068,-1.17499546076,-0.921870512369,-1.17499546076,-0.211499182936
0.069,-0.347419534232,-0.272752507052,-0.347419534232,-0.0625355161617
0.07,0.878243979902,0.689938333766,0.878243979902,0.158083916382
0.071,-1.27699764902,-1.00384246154,-1.27699764902,-0.229859576823
0.072,0.706517052791,0.555748471277,0.706517052791,0.127173069502
0.073,0.143493955473,0.112945567738,0.143493955473,0.0258289119851
0.074,1.16272856175,0.915785319347,1.16272856175,0.209291141115
0.075,0.29422760127,0.231888009078,0.29422760127,0.0529609682286
0.076,0.265069229332,0.209041991298,0.265069229332,0.0477124612798
0.077,-0.529766893587,-0.418059564598,-0.529766893587,-0.0953580408457
0.078,-0.57044528034,-0.45044966114,-0.57044528034,-0.102680150461
0.079,-0.0305525427587,-0.0241411720382,-0.0305525427587,-0.00549945769656
0.08,-0.838374151733,-0.662868498501,-0.838374151733,-0.150907347312
0.081,1.13632835477,0.89902474906,1.13632835477,0.204539103859
0.082,-0.345171854123,-0.27326327892,-0.345171854123,-0.0621309337421
0.083,-0.192347700513,-0.152373971555,-0.192347700513,-0.0346225860923
0.084,-0.0801298273681,-0.0635178336153,-0.0801298273681,-0.0144233689263
0.085,1.70804479798,1.35480940086,1.70804479798,0.307448063637
0.086,1.10896595385,0.880185935135,1.10896595385,0.199613871693
0.087,1.94719519004,1.54647448423,1.94719519004,0.350495134208
0.088,0.0231785656992,0.018420299224,0.0231785656992,0.00417214182585
0.089,0.0495611449745,0.0394119658544,0.0495611449745,0.00892100609541
0.09,0.878644474721,0.69915969748,0.878644474721,0.15815600545
0.091,0.0284446078083,0.0226484967777,0.0284446078083,0.00512002940549
0.092,1.53689865871,1.22450534406,1.53689865871,0.276641758568
0.093,0.32284065219,0.257382777024,0.32284065219,0.0581113173943
0.094,-0.766717238689,-0.611648759841,-0.766717238689,-0.138009102964
0.095,-0.706594297313,-0.564043237634,-0.706594297313,-0.127186973516
0.096,-1.71437982135,-1.36938165058,-1.71437982135,-0.308588367843
0.097,-0.94981728517,-0.759158584771,-0.94981728517,-0.170967111331
0.098,0.166508861863,0.133169437009,0.166508861863,0.0299715951353
0.099,-0.80127548242,-0.641244466036,-0.80127548242,-0.144229586836
0.1,-1.06147816631,-0.850016189547,-1.06147816631,-0.191066069936
0.101,-0.648011735651,-0.519245989277,-0.648011735651,-0.116642112417
0.102,0.123876303933,0.0993236012391,0.123876303933,0.022297734708
0.103,-0.486393698477,-0.390234704029,-0.486393698477,-0.0875508657258
0.104,-0.175233719529,-0.140678960564,-0.175233719529,-0.0315420695152
0.105,0.800608665305,0.643139333172,0.800608665305,0.144109559755
0.106,-0.35758217291,-0.287431094345,-0.35758217291,-0.0643647911239
0.107,-1.03456334542,-0.832123663365,-1.03456334542,-0.186221402175
0.108,1.17077399088,0.942272546312,1.17077399088,0.210739318358
0.109,0.73932269183,0.595401584502,0.73932269183,0.133078084529
0.11,1.70488725984,1.37386444523,1.70488725984,0.306879706771
0.111,-0.194043337379,-0.156465652096,-0.194043337379,-0.0349278007282
0.112,0.134678745778,0.1086653775,0.134678745778,0.0242421742401
0.113,0.245929345113,0.198551935404,0.245929345113,0.0442672821204
0.114,0.439342965597,0.354926871565,0.439342965597,0.0790817338075
0.115,0.521230825794,0.421343714044,0.521230825794,0.093821548643
0.116,0.000569547451179,0.000460688481083,0.000569547451179,0.000102518541212
0.117,2.44948324067,1.98254346486,2.44948324067,0.440906983321
0.118,1.019912202,0.826003005582,1.019912202,0.18358419636
0.119,-0.301435177903,-0.244277326954,-0.301435177903,-0.0542583320226
0.12,-1.16959497679,-0.94840731594,-1.16959497679,-0.210527095822
0.121,0.139428091591,0.113130485304,0.139428091591,0.0250970564864
0.122,0.0068685009896,0.00557649206582,0.0068685009896,0.00123633017813
0.123,-1.24699906973,-1.01305914085,-1.24699906973,-0.224459832552
0.124,1.67314806386,1.36010482726,1.67314806386,0.301166651494
0.125,1.48546553027,1.20828591315,1.48546553027,0.267383795448
0.126,0.526812540265,0.428777665065,0.526812540265,0.0948262572478
0.127,0.0340553303402,0.0277351075847,0.0340553303402,0.00612995946124
0.128,2.04287842543,1.66477588494,2.04287842543,0.367718116578
0.129,-1.53007474421,-1.24765407023,-1.53007474421,-0.275413453958
0.13,-1.55570293211,-1.26933509552,-1.55570293211,-0.28002652778
0.131,-1.15876591846,-0.94604805524,-1.15876591846,-0.208577865323
0.132,-1.22431876046,-1.00018340476,-1.22431876046,-0.220377376882
0.133,-0.971728975683,-0.794324098947,-0.971728975683,-0.174911215623
0.134,-1.20563971875,-0.98613725927,-1.20563971875,-0.217015149375
0.135,-0.716187106756,-0.586156174649,-0.716187106756,-0.128913679216
0.136,-0.698380232995,-0.571933583708,-0.698380232995,-0.125708441939
0.137,-1.75369624393,-1.43705912247,-1.75369624393,-0.315665323907
0.138,0.17819954729,0.146114478961,0.17819954729,0.0320759185123
0.139,0.610532749269,0.500912425178,0.610532749269,0.109895894868
0.14,-0.0820883667613,-0.0673907712515,-0.0820883667613,-0.014775906017
0.141,0.307215686731,0.252364324102,0.307215686731,0.0552988236116
0.142,0.474828645384,0.39028964964,0.474828645384,0.0854691561692
0.143,0.919462482981,0.756222292429,0.919462482981,0.165503246937
0.144,-0.332846763744,-0.273920748305,-0.332846763744,-0.0599124174739
0.145,-0.347153531071,-0.285869021566,-0.347153531071,-0.0624876355928
0.146,-1.29379595275,-1.06604614213,-1.29379595275,-0.232883271496
0.147,-0.782056875693,-0.644782213095,-0.782056875693,-0.140770237625
0.148,2.30460409651,1.90123291185,2.30460409651,0.414828737372
0.149,0.642896150136,0.530693651381,0.642896150136,0.115721307024
0.15,-0.304247528847,-0.251300867889,-0.304247528847,-0.0547645551925
0.151,0.99063375898,0.818735654077,0.99063375898,0.178314076616
0.152,-0.79324949155,-0.655999972343,-0.79324949155,-0.142784908479
0.153,-0.290764694613,-0.240601825838,-0.290764694613,-0.0523376450304
0.154,2.54225910917,2.10494171534,2.54225910917,0.457606639651
0.155,-0.898677733034,-0.744538309446,-0.898677733034,-0.161761991946
0.156,-0.0702807817157,-0.0582615781736,-0.0702807817157,-0.0126505407088
0.157,-0.0534733974287,-0.0443553306161,-0.0534733974287,-0.00962521153717
0.158,-0.106281151522,-0.0882117553421,-0.106281151522,-0.019130607274
0.159,-0.995725159199,-0.826935530146,-0.995725159199,-0.179230528656
0.16,1.2292524556,1.02149207797,1.2292524556,0.221265442008
0.161,-0.89817748104,-0.746822881638,-0.89817748104,-0.161671946587
0.162,0.232596866781,0.193517674649,0.232596866781,0.0418674360207
0.163,0.311703243779,0.259489153782,0.311703243779,0.0561065838802
0.164,-0.787498311307,-0.655976707322,-0.787498311307,-0.141749696035
0.165,-0.0459435904992,-0.038293442234,-0.0459435904992,-0.00826984628985
0.166,-2.23201179707,-1.86147169166,-2.23201179707,-0.401762123473
0.167,-0.067139157146,-0.0560268361871,-0.067139157146,-0.0120850482863
0.168,-1.81623678138,-1.51653602634,-1.81623678138,-0.326922620649
0.169,-0.480773350522,-0.4016802614,-0.480773350522,-0.0865392030939
0.17,-0.625130806486,-0.522601477249,-0.625130806486,-0.112523545167
0.171,1.39999129941,1.17107438855,1.39999129941,0.251998433894
0.172,-0.197900088138,-0.165639662372,-0.197900088138,-0.0356220158649
0.173,0.683021113008,0.572020334624,0.683021113008,0.122943800341
0.174,0.8501734129,0.712432358065,0.8501734129,0.153031214322
0.175,0.0513398656737,0.0430476463072,0.0513398656737,0.00924117582126
0.176,-0.43704769157,-0.366675477743,-0.43704769157,-0.0786685844825
0.177,-0.0327031238008,-0.0274536703671,-0.0327031238008,-0.00588656228414
0.178,-0.995064201488,-0.835834333836,-0.995064201488,-0.179111556268
0.179,1.337041781,1.12375541826,1.337041781,0.24066752058
0.18,-1.19138771977,-1.00193014242,-1.19138771977,-0.214449789558
0.181,1.01288602891,0.852319047405,1.01288602891,0.182319485203
0.182,-1.47897828909,-1.24526129483,-1.47897828909,-0.266216092035
0.183,-0.114028352172,-0.0960657115887,-0.114028352172,-0.020525103391
0.184,-0.446957448573,-0.376771797417,-0.446957448573,-0.0804523407431
0.185,-0.138525797091,-0.116842086798,-0.138525797091,-0.0249346434764
0.186,-0.0638424651117,-0.0538808602918,-0.0638424651117,-0.0114916437201
0.187,-1.97259058435,-1.66578076452,-1.97259058435,-0.355066305183
0.188,1.31655139673,1.11243464483,1.31655139673,0.236979251411
0.189,1.09165890981,0.92295226283,1.09165890981,0.196498603765
0.19,-1.6613203819,-1.40540353979,-1.6613203819,-0.299037668742
0.191,-0.13509548371,-0.114351967683,-0.13509548371,-0.0243171870678
0.192,0.103088712945,0.0873109829129,0.103088712945,0.01855596833
0.193,0.770610899447,0.653051817576,0.770610899447,0.138709961901
0.194,-0.596634864622,-0.505912774099,-0.596634864622,-0.107394275632
0.195,-1.40047290226,-1.18821775185,-1.40047290226,-0.252085122407
0.196,0.710374622656,0.603063245208,0.710374622656,0.127867432078
0.197,0.201596824765,0.171243064814,0.201596824765,0.0362874284577
0.198,1.08042844795,0.91828815918,1.08042844795,0.194477120632
0.199,0.305331066513,0.259661417793,0.305331066513,0.0549595919724
0.2,0.227692905601,0.193748866742,0.227692905601,0.0409847230082
0.201,0.411252074453,0.350147316549,0.411252074453,0.0740253734016
0.202,-1.1793543529,-1.004707931,-1.1793543529,-0.212283783522
0.203,1.29658735327,1.10522296256,1.29658735327,0.233385723588
0.204,0.578126538601,0.493086840822,0.578126538601,0.104062776948
0.205,0.58747618597,0.501352226711,0.58747618597,0.105745713475
0.206,0.87417527214,0.746454189996,0.87417527214,0.157351548985
0.207,-0.619609929598,-0.529388812684,-0.619609929598,-0.111529787328
0.208,-0.324874526681,-0.277730505157,-0.324874526681,-0.0584774148026
0.209,1.41486837061,1.21025053299,1.41486837061,0.25467630671
0.21,0.769804555797,0.65885648957,0.769804555797,0.138564820044
0.211,-0.524121261763,-0.448841517038,-0.524121261763,-0.0943418271173
0.212,0.683649740725,0.585794886062,0.683649740725,0.123056953331
0.213,-1.32426767941,-1.13537196749,-1.32426767941,-0.238368182293
0.214,-1.12578728165,-0.965759472938,-1.12578728165,-0.202641710696
0.215,2.78159180138,2.38756978158,2.78159180138,0.500686524248
0.216,-0.438066449783,-0.376229194159,-0.438066449783,-0.0788519609609
0.217,0.157934540901,0.135718556179,0.157934540901,0.0284282173621
0.218,-0.953095538197,-0.819498079718,-0.953095538197,-0.171557196876
0.219,-1.52964357295,-1.31598497642,-1.52964357295,-0.27533584313
0.22,-0.172764033691,-0.14871781209,-0.172764033691,-0.0310975260644
0.221,-0.563862327918,-0.485659049095,-0.563862327918,-0.101495219025
0.222,1.51457576343,1.30526275834,1.51457576343,0.272623637418
0.223,-0.58587153253,-0.505193396243,-0.58587153253,-0.105456875855
0.224,1.39106728901,1.20019418303,1.39106728901,0.250392112022
0.225,-1.72489899216,-1.48906941668,-1.72489899216,-0.310481818588
0.226,-0.955770507179,-0.825567490065,-0.955770507179,-0.172038691292
0.227,-1.51491687551,-1.30928812415,-1.51491687551,-0.272685037591
0.228,-1.8769198974,-1.62307809608,-1.8769198974,-0.337845581532
0.229,0.515497941822,0.446033679637,0.515497941822,0.092789629528
0.23,-1.68777614939,-1.46117551975,-1.68777614939,-0.30379970689
0.231,0.956591966719,0.82863043715,0.956591966719,0.172186554009
0.232,0.270427179983,0.23438557897,0.270427179983,0.0486768923969
0.233,-0.230253634148,-0.199679381473,-0.230253634148,-0.0414456541466
0.234,3.20401086787,2.78014006515,3.20401086787,0.576721956217
0.235,1.33171799414,1.15619401283,1.33171799414,0.239709238946
0.236,1.07733826332,0.935871173699,1.07733826332,0.193920887398
0.237,0.59635290168,0.518337518859,0.59635290168,0.107343522302
0.238,-1.1002728227,-0.956874107562,-1.1002728227,-0.198049108087
0.239,-1.06524654705,-0.926935352464,-1.06524654705,-0.191744378469
0.24,0.907744419465,0.790328380602,0.907744419465,0.163393995504
0.241,0.981260352845,0.854816125411,0.981260352845,0.176626863512
0.242,2.936962159,2.55994747709,2.936962159,0.52865318862
0.243,-1.07293488012,-0.935729029227,-1.07293488012,-0.193128278421
0.244,0.647116709376,0.564680997069,0.647116709376,0.116481007688
0.245,-0.971337810008,-0.848075385417,-0.971337810008,-0.174840805801
0.246,-1.26250303193,-1.102909771,-1.26250303193,-0.227250545747
0.247,0.733886059544,0.641474457639,0.733886059544,0.132099490718
0.248,-0.302259000017,-0.264346114858,-0.302259000017,-0.0544066200031
0.249,-0.180962473007,-0.158352512686,-0.180962473007,-0.0325732451413
0.25,-1.21203828429,-1.06119526889,-1.21203828429,-0.218166891173
0.251,-0.734133541418,-0.643126418011,-0.734133541418,-0.132144037455
0.252,2.45023312429,2.14768602112,2.45023312429,0.441041962372
0.253,2.93258993995,2.57191499109,2.93258993995,0.52786618919
0.254,1.06063498906,0.930706806424,1.06063498906,0.19091429803
0.255,-1.17905615592,-1.03519671663,-1.17905615592,-0.212230108066
0.256,-0.747219886612,-0.656414336915,-0.747219886612,-0.13449957959
0.257,-1.86414292059,-1.63851290995,-1.86414292059,-0.335545725707
0.258,0.432632178323,0.38047864841,0.432632178323,0.0778737920982
0.259,-0.475649613707,-0.418542163937,-0.475649613707,-0.0856169304672
0.26,-0.678770957195,-0.597607031231,-0.678770957195,-0.122178772295
0.261,0.674120477729,0.593840935066,0.674120477729,0.121341685991
0.262,-0.812366516364,-0.716019047468,-0.812366516364,-0.146225972946
0.263,-0.338696308047,-0.298691426981,-0.338696308047,-0.0609653354485
0.264,-1.27525069794,-1.12524575641,-1.27525069794,-0.229545125629
0.265,-0.903344657104,-0.797525536013,-0.903344657104,-0.162602038279
0.266,-1.35434447808,-1.19635301105,-1.35434447808,-0.243782006054
0.267,-0.454715970393,-0.401891930395,-0.454715970393,-0.0818488746708
0.268,-0.8211774256,-0.72618075945,-0.8211774256,-0.147811936608
0.269,0.0298128917447,0.0263785112392,0.0298128917447,0.00536632051405
0.27,0.0592644644179,0.0524660982876,0.0592644644179,0.0106676035952
0.271,-0.644450625925,-0.570836934896,-0.644450625925,-0.116001112667
0.272,1.3405124708,1.18804001878,1.3405124708,0.241292244744
0.273,-0.268948495699,-0.238488208432,-0.268948495699,-0.0484107292259
0.274,0.151249654871,0.134192903157,0.151249654871,0.0272249378767
0.275,-1.47878594916,-1.31273668166,-1.47878594916,-0.266181470849
0.276,1.53108093956,1.35990130023,1.53108093956,0.27559456912
0.277,-1.20508199715,-1.07093362719,-1.20508199715,-0.216914759487
0.278,0.0258418799475,0.022977700482,0.0258418799475,0.00465153839055
0.279,-0.217784069205,-0.193751402294,-0.217784069205,-0.0392011324569
0.28,-1.26179944474,-1.12316910652,-1.26179944474,-0.227123900054
0.281,0.538956961922,0.480003892489,0.538956961922,0.097012253146
0.282,0.14383670101,0.128172845644,0.14383670101,0.0258906061818
0.283,-0.0901222427309,-0.0803514517369,-0.0901222427309,-0.0162220036916
0.284,-0.460525913565,-0.410819470124,-0.460525913565,-0.0828946644416
0.285,0.46375778898,0.413926427156,0.46375778898,0.0834764020164
0.286,0.14377652393,0.128396946167,0.14377652393,0.0258797743074
0.287,0.0212874281819,0.0190206113589,0.0212874281819,0.00383173707275
0.288,-2.98563678227,-2.66914762242,-2.98563678227,-0.537414620808
0.289,-0.54349741402,-0.486146577956,-0.54349741402,-0.0978295345236
0.29,1.3789387986,1.23409517987,1.3789387986,0.248208983747
0.291,0.204333274547,0.182968554667,0.204333274547,0.0367799894184
0.292,-0.0234168574051,-0.0209797088043,-0.0234168574051,-0.00421503433292
0.293,-1.16214585788,-1.04175297494,-1.16214585788,-0.209186254418
0.294,-0.116703921417,-0.104670093021,-0.116703921417,-0.0210067058551
0.295,-0.100331345441,-0.0900340178545,-0.100331345441,-0.0180596421794
0.296,-0.0451032328941,-0.0404958282391,-0.0451032328941,-0.00811858192093
0.297,-0.0416473195369,-0.0374129601183,-0.0416473195369,-0.00749651751664
0.298,-0.419129246046,-0.376716956298,-0.419129246046,-0.0754432642883
0.299,-0.746406614112,-0.671235090124,-0.746406614112,-0.13435319054
0.3,-1.90115091584,-1.71059626872,-1.90115091584,-0.342207164851
0.301,-0.951407197348,-0.856503019206,-0.951407197348,-0.171253295523
0.302,0.606585252705,0.54636847832,0.606585252705,0.109185345487
0.303,-0.347448627103,-0.313123378583,-0.347448627103,-0.0625407528785
0.304,-0.858902605162,-0.774461271119,-0.858902605162,-0.154602468929
0.305,0.69405281052,0.626150852206,0.69405281052,0.124929505894
0.306,0.382347247343,0.345123780249,0.382347247343,0.0688225045217
0.307,0.0577444016198,0.052150327979,0.0577444016198,0.0103939922916
0.308,0.761417394374,0.688018282133,0.761417394374,0.137055130987
0.309,0.53491929454,0.483609983177,0.53491929454,0.0962854730172
0.31,0.605160257601,0.547402765084,0.605160257601,0.108928846368
0.311,0.183514373992,0.166087157198,0.183514373992,0.0330325873185
0.312,-0.945590345262,-0.856245210966,-0.945590345262,-0.170206262147
0.313,-1.21680880777,-1.1024183048,-1.21680880777,-0.219025585399
0.314,-1.70134022572,-1.54221161683,-1.70134022572,-0.306241240629
0.315,-0.366457289638,-0.33235688308,-0.366457289638,-0.0659623121349
0.316,-1.51382589274,-1.37367988111,-1.51382589274,-0.272488660693
0.317,-1.19111139124,-1.08140921598,-1.19111139124,-0.214400050423
0.318,-0.524435026221,-0.476384082442,-0.524435026221,-0.0943983047197
0.319,1.0018607507,0.910543214279,1.0018607507,0.180334935126
0.32,0.401397771616,0.365002288604,0.401397771616,0.0722515988909
0.321,0.586703797987,0.533785466184,0.586703797987,0.105606683638
0.322,0.458930398439,0.417755011756,0.458930398439,0.0826074717191
0.323,-0.775930487612,-0.706682671123,-0.775930487612,-0.13966748777
0.324,0.654748153743,0.596626409972,0.654748153743,0.117854667674
0.325,-1.1864378496,-1.08168182771,-1.1864378496,-0.213558812929
0.326,0.341196836033,0.311233021331,0.341196836033,0.061415430486
0.327,-0.154762482403,-0.141244737953,-0.154762482403,-0.0278572468325
0.328,-0.703249135483,-0.642157408128,-0.703249135483,-0.126584844387
0.329,-0.168502617621,-0.153944588002,-0.168502617621,-0.0303304711718
0.33,1.52146534951,1.39073731396,1.52146534951,0.273863762913
0.331,0.350268824703,0.320338824086,0.350268824703,0.0630483884466
0.332,-2.83304626532,-2.59230795817,-2.83304626532,-0.509948327757
0.333,-0.364855248919,-0.334024361619,-0.364855248919,-0.0656739448055
0.334,0.556088946507,0.509361608293,0.556088946507,0.100096010371
0.335,0.772949807805,0.708365536967,0.772949807805,0.139130965405
0.336,0.110686878189,0.101490697592,0.110686878189,0.0199236380741
0.337,0.34119188016,0.313005910057,0.34119188016,0.0614145384288
0.338,-0.860868361017,-0.790158348102,-0.860868361017,-0.154956304983
0.339,0.187453809401,0.172145222919,0.187453809401,0.0337416856922
0.34,1.34223015542,1.23324907649,1.34223015542,0.241601427975
0.341,-1.41629063203,-1.30196429835,-1.41629063203,-0.254932313765
0.342,0.12817130004,0.117885435283,0.12817130004,0.0230708340071
0.343,1.19237436772,1.0972471112,1.19237436772,0.214627386189
0.344,-1.4830782343,-1.36545726293,-1.4830782343,-0.266954082173
0.345,1.23190299913,1.13478237665,1.23190299913,0.221742539843
0.346,-0.357053960944,-0.329072604106,-0.357053960944,-0.0642697129699
0.347,-0.82065715135,-0.756730462931,-0.82065715135,-0.147718287243
0.348,-1.4644891906,-1.35109845988,-1.4644891906,-0.263608054308
0.349,-0.738767715644,-0.681914444221,-0.738767715644,-0.132978188816
0.35,-0.173791363757,-0.160498548355,-0.173791363757,-0.0312824454762
0.351,-0.96496929046,-0.891614514208,-0.96496929046,-0.173694472283
0.352,-0.740090057762,-0.684177377576,-0.740090057762,-0.133216210397
0.353,-0.0460336096113,-0.0425774312797,-0.0460336096113,-0.00828604973003
0.354,-0.711103934854,-0.658048006286,-0.711103934854,-0.127998708274
0.355,0.381563822948,0.353273889715,0.381563822948,0.0686814881306
0.356,0.277750312522,0.257287413589,0.277750312522,0.049995056254
0.357,0.109786821985,0.101749812609,0.109786821985,0.0197616279574
0.358,1.50206168811,1.39280518925,1.50206168811,0.270371103859
0.359,0.0116683507349,0.0108250788417,0.0116683507349,0.00210030313229
0.36,-0.640946361242,-0.594924766426,-0.640946361242,-0.115370345024
0.361,-0.902225756107,-0.837865167435,-0.902225756107,-0.162400636099
0.362,-0.534392643648,-0.496521114902,-0.534392643648,-0.0961906758566
0.363,0.87225019531,0.810842390263,0.87225019531,0.157005035156
0.364,-0.660667814591,-0.614463969571,-0.660667814591,-0.118920206626
0.365,0.218578826565,0.203394426389,0.218578826565,0.0393441887816
0.366,-0.711261080723,-0.662182153253,-0.711261080723,-0.12802699453
0.367,0.329739085942,0.307139807732,0.329739085942,0.0593530354695
0.368,0.0233887564147,0.0217966547102,0.0233887564147,0.00420997615464
0.369,-0.958285958647,-0.893500205143,-0.958285958647,-0.172491472556
0.37,2.37628703318,2.21674139676,2.37628703318,0.427731665973
0.371,-0.979874944202,-0.914540980465,-0.979874944202,-0.176377489956
0.372,-0.394456408254,-0.368338997747,-0.394456408254,-0.0710021534856
0.373,0.0686099502734,0.0640990719681,0.0686099502734,0.0123497910492
0.374,0.493085474375,0.460895619561,0.493085474375,0.0887553853876
0.375,-2.07948444366,-1.94469530092,-2.07948444366,-0.374307199858
0.376,-0.777654619709,-0.727608804887,-0.777654619709,-0.139977831548
0.377,0.725045275286,0.678721177321,0.725045275286,0.130508149551
0.378,0.0203178382326,0.0190291170912,0.0203178382326,0.00365721088186
0.379,-4.51538782727,-4.23107621237,-4.51538782727,-0.812769808908
0.38,-0.107199991581,-0.100499748447,-0.107199991581,-0.0192959984846
0.381,0.790665460355,0.741612783191,0.790665460355,0.142319782864
0.382,1.77718386689,1.66774943158,1.77718386689,0.319893096041
0.383,1.65173540888,1.55078896056,1.65173540888,0.297312373599
0.384,0.317879076174,0.298598574179,0.317879076174,0.0572182337114
0.385,1.03873792732,0.976214210912,1.03873792732,0.186972826918
0.386,-0.181368576402,-0.170535308915,-0.181368576402,-0.0326463437523
0.387,1.39379306835,1.31118352418,1.39379306835,0.250882752302
0.388,1.48225184645,1.39508246868,1.48225184645,0.266805332361
0.389,-0.289313939312,-0.272433005158,-0.289313939312,-0.0520765090761
0.39,1.03523400604,0.975306584283,1.03523400604,0.186342121087
0.391,0.165942548424,0.15641284998,0.165942548424,0.0298696587163
0.392,0.214182338251,0.201980833417,0.214182338251,0.0385528208851
0.393,0.451103637058,0.425612570615,0.451103637058,0.0811986546705
0.394,0.287062235744,0.270972724148,0.287062235744,0.0516712024339
0.395,0.450970549526,0.425901211487,0.450970549526,0.0811746989146
0.396,0.343851017358,0.32489420899,0.343851017358,0.0618931831244
0.397,-0.729307190004,-0.689434318323,-0.729307190004,-0.131275294201
0.398,0.365768608241,0.345938868978,0.365768608241,0.0658383494834
0.399,-0.794694647678,-0.751975223206,-0.794694647678,-0.143045036582
0.4,-1.24610679961,-1.17969191777,-1.24610679961,-0.22429922393
0.401,2.26123219152,2.14174802815,2.26123219152,0.407021794473
0.402,0.594437371618,0.563299002796,0.594437371618,0.106998726891
0.403,1.45055784394,1.37523644527,1.45055784394,0.261100411909
0.404,1.14460624662,1.0856945558,1.14460624662,0.206029124391
0.405,0.22054604339,0.209295470414,0.22054604339,0.0396982878102
0.406,-1.036156712,-0.983772767274,-1.036156712,-0.18650820816
0.407,-0.27786608329,-0.263945016954,-0.27786608329,-0.0500158949923
0.408,-1.45334261048,-1.38119276235,-1.45334261048,-0.261601669887
0.409,-0.513406600029,-0.488152903457,-0.513406600029,-0.0924131880052
0.41,0.462218766281,0.439693381788,0.462218766281,0.0831993779305
0.411,-0.117424506796,-0.111755474727,-0.117424506796,-0.0211364112233
0.412,0.046519184417,0.0442944839489,0.046519184417,0.00837345319505
0.413,-0.775836316517,-0.739085928053,-0.775836316517,-0.139650536973
0.414,0.37002632034,0.352666739787,0.37002632034,0.0666047376612
0.415,-1.54160002947,-1.46997665067,-1.54160002947,-0.277488005305
0.416,0.457477026322,0.436430043382,0.457477026322,0.0823458647379
0.417,-0.281458050494,-0.26863675422,-0.281458050494,-0.0506624490888
0.418,0.454012757827,0.433536834732,0.454012757827,0.0817222964089
0.419,0.627225440355,0.599221770202,0.627225440355,0.112900579264
0.42,-0.578791021373,-0.553211830561,-0.578791021373,-0.104182383847
0.421,-0.465099103988,-0.444754872749,-0.465099103988,-0.0837178387178
0.422,0.529793460861,0.506858958828,0.529793460861,0.0953628229549
0.423,1.00678969749,0.963661261019,1.00678969749,0.181222145548
0.424,-0.328320430009,-0.31440426838,-0.328320430009,-0.0590976774016
0.425,0.874402300871,0.837734667065,0.874402300871,0.157392414157
0.426,-0.872099988829,-0.835922337222,-0.872099988829,-0.156977997989
0.427,-0.416452765867,-0.399364665102,-0.416452765867,-0.074961497856
0.428,0.707725953229,0.679005086413,0.707725953229,0.127390671581
0.429,0.219508500268,0.210699279556,0.219508500268,0.0395115300483
0.43,-0.757918137729,-0.727842806133,-0.757918137729,-0.136425264791
0.431,0.141406062494,0.135858461266,0.141406062494,0.025453091249
0.432,-0.0831038075192,-0.0798808607097,-0.0831038075192,-0.0149586853535
0.433,0.429632998542,0.413163909996,0.429632998542,0.0773339397376
0.434,-0.413833687389,-0.398156038295,-0.413833687389,-0.07449006373
0.435,-0.145605770227,-0.140154985986,-0.145605770227,-0.0262090386408
0.436,-0.948003354186,-0.912939764371,-0.948003354186,-0.170640603753
0.437,-0.19943077798,-0.192143855051,-0.19943077798,-0.0358975400364
0.438,-0.844884635116,-0.814392148847,-0.844884635116,-0.152079234321
0.439,-0.684819390898,-0.660410314539,-0.684819390898,-0.123267490362
0.44,-0.0660442817854,-0.0637198046773,-0.0660442817854,-0.0118879707214
0.441,-0.550147458987,-0.531030571466,-0.550147458987,-0.0990265426177
0.442,-0.0669963647362,-0.0646982647332,-0.0669963647362,-0.0120593456525
0.443,-0.50567534018,-0.488555530962,-0.50567534018,-0.0910215612324
0.444,0.471178173927,0.455436539939,0.471178173927,0.0848120713069
0.445,-0.154854475921,-0.149749989313,-0.154854475921,-0.0278738056658
0.446,-0.134943987758,-0.130555956507,-0.134943987758,-0.0242899177965
0.447,0.544536614273,0.527072229284,0.544536614273,0.0980165905692
0.448,-0.741714005193,-0.718255907956,-0.741714005193,-0.133508520935
0.449,-1.37493212475,-1.33205896372,-1.37493212475,-0.247487782456
0.45,0.269615803579,0.26132850307,0.269615803579,0.0485308446442
0.451,1.16933336177,1.13391057401,1.16933336177,0.210480005118
0.452,0.972293453456,0.943271337639,0.972293453456,0.175012821622
0.453,-1.513056548,-1.46856451699,-1.513056548,-0.272350178641
0.454,0.44011036153,0.427363908419,0.44011036153,0.0792198650754
0.455,-1.00461200434,-0.975961696896,-1.00461200434,-0.180830160782
0.456,-0.858710539174,-0.834601473619,-0.858710539174,-0.154567897051
0.457,1.35197596384,1.31461641734,1.35197596384,0.243355673491
0.458,-1.85426891511,-1.80384953556,-1.85426891511,-0.33376840472
0.459,0.619630780639,0.603056312283,0.619630780639,0.111533540515
0.46,-0.0670174663479,-0.0652544246981,-0.0670174663479,-0.0120631439426
0.461,0.81904156158,0.797856448726,0.81904156158,0.147427481084
0.462,-0.821736036052,-0.800843756923,-0.821736036052,-0.147912486489
0.463,1.51983800547,1.48186686517,1.51983800547,0.273570840985
0.464,0.95484818915,0.931413276119,0.95484818915,0.171872674047
0.465,-0.738959941682,-0.721148962223,-0.738959941682,-0.133012789503
0.466,-0.974037153052,-0.95098875934,-0.974037153052,-0.175326687549
0.467,-0.496315056862,-0.48478912524,-0.496315056862,-0.0893367102351
0.468,-0.870821922958,-0.850981488506,-0.870821922958,-0.156747946132
0.469,-1.77938777218,-1.73962838179,-1.77938777218,-0.320289798992
0.47,0.929992895151,0.909620878456,0.929992895151,0.167398721127
0.471,0.465672902878,0.455676305674,0.465672902878,0.0838211225181
0.472,-1.36642962779,-1.33769536479,-1.36642962779,-0.245957333003
0.473,3.12188237704,3.0576005247,3.12188237704,0.561938827867
0.474,-0.200604497521,-0.196561705972,-0.200604497521,-0.0361088095537
0.475,-1.33281290431,-1.30653563164,-1.33281290431,-0.239906322776
0.476,1.80781270349,1.77296069763,1.80781270349,0.325406286627
0.477,1.01678708141,0.997629040282,1.01678708141,0.183021674653
0.478,-0.0582656235577,-0.0571932311726,-0.0582656235577,-0.0104878122404
0.479,0.712186368681,0.699389078115,0.712186368681,0.128193546363
0.48,0.655748795608,0.644251484988,0.655748795608,0.118034783209
0.481,-0.504982045748,-0.496348124104,-0.504982045748,-0.0908967682346
0.482,0.843096855363,0.829049040185,0.843096855363,0.151757433965
0.483,0.911544515629,0.896752757718,0.911544515629,0.164078012813
0.484,-0.244319863932,-0.240461463777,-0.244319863932,-0.0439775755077
0.485,1.29515850585,1.27526747699,1.29515850585,0.233128531053
0.486,-0.0250900436584,-0.0247156032741,-0.0250900436584,-0.0045162078585
0.487,-2.21061430059,-2.1785824122,-2.21061430059,-0.397910574107
0.488,-0.148278603419,-0.146194322752,-0.148278603419,-0.0266901486154
0.489,-0.107294619682,-0.105832913342,-0.107294619682,-0.0193130315427
0.49,-0.158450493458,-0.156360471682,-0.158450493458,-0.0285210888225
0.491,-1.69981294458,-1.6781271364,-1.69981294458,-0.305966330024
0.492,-0.359697453013,-0.355264020292,-0.359697453013,-0.0647455415424
0.493,-0.356885741323,-0.352641141782,-0.356885741323,-0.0642394334382
0.494,0.0795605823935,0.0786486798872,0.0795605823935,0.0143209048308
0.495,1.26308672043,1.24915444583,1.26308672043,0.227355609677
0.496,-2.73598348001,-2.70698411793,-2.73598348001,-0.492477026401
0.497,0.251742075669,0.249182246595,0.251742075669,0.0453135736205
0.498,-1.46176598711,-1.44753133988,-1.46176598711,-0.26311787768
0.499,1.35282007937,1.34022829123,1.35282007937,0.243507614287
0.5,-0.645940423024,-0.640205801246,-0.645940423024,-0.116269276144
0.501,1.26237838357,1.25171332373,1.26237838357,0.227228109043
0.502,-0.0172498268476,-0.0171114980939,-0.0172498268476,-0.00310496883257
0.503,-0.814024867444,-0.807846255166,-0.814024867444,-0.14652447614
0.504,-1.97616604621,-1.96201358846,-1.97616604621,-0.355709888318
0.505,0.252745213064,0.251043414824,0.252745213064,0.0454941383516
0.506,1.90098170737,1.88899554221,1.90098170737,0.342176707327
0.507,1.53268684238,1.52367838979,1.53268684238,0.275883631629
0.508,0.271426839625,0.269947516141,0.271426839625,0.0488568311324
0.509,0.843439487421,0.839202802524,0.843439487421,0.151819107736
0.51,-2.70306078523,-2.69063657468,-2.70306078523,-0.486550941342
0.511,-0.86742449596,-0.863807416477,-0.86742449596,-0.156136409273
0.512,-1.55682176163,-1.5509933642,-1.55682176163,-0.280227917093
0.513,0.216704531114,0.215985512626,0.216704531114,0.0390068156006
0.514,-0.432947501983,-0.431695214296,-0.432947501983,-0.0779305503569
0.515,-1.88466482744,-1.88001481433,-1.88466482744,-0.33923966894
0.516,-0.58441289062,-0.583219271183,-0.58441289062,-0.105194320312
0.517,1.28721803256,1.2851354711,1.28721803256,0.231699245861
0.518,1.73225013715,1.73018243957,1.73225013715,0.311805024688
0.519,0.686893119014,0.686364391807,0.686893119014,0.123640761423
0.52,-0.969253022374,-0.968917520416,-0.969253022374,-0.174465544027
0.521,-1.06948341067,-1.06956589796,-1.06948341067,-0.19250701392
0.522,-0.68609397356,-0.686437076342,-0.68609397356,-0.123496915241
0.523,2.15479564342,2.15678390367,2.15479564342,0.387863215815
0.524,1.55196711855,1.55405455445,1.55196711855,0.27935408134
0.525,0.201274018428,0.201629672868,0.201274018428,0.036229323317
0.526,0.159565071083,0.159914308665,0.159565071083,0.028721712795
0.527,-1.23808328914,-1.24131472378,-1.23808328914,-0.222854992046
0.528,-0.520410562763,-0.52198795458,-0.520410562763,-0.0936739012973
0.529,-0.119701352854,-0.120114532186,-0.119701352854,-0.0215462435136
0.53,-0.881194298215,-0.884606393829,-0.881194298215,-0.158614973679
0.531,-0.897681118247,-0.901534123861,-0.897681118247,-0.161582601284
0.532,0.955489581194,0.959991753533,0.955489581194,0.171988124615
0.533,-1.3206995421,-1.3274764476,-1.3206995421,-0.237725917578
0.534,0.945742125125,0.950991346254,0.945742125125,0.170233582523
0.535,1.14709113792,1.15393826058,1.14709113792,0.206476404825
0.536,1.00113570335,1.00753049427,1.00113570335,0.180204426603
0.537,-0.134106391256,-0.135019069324,-0.134106391256,-0.0241391504261
0.538,-0.711945921336,-0.717088583542,-0.711945921336,-0.128150265841
0.539,0.713319101867,0.718769445927,0.713319101867,0.128397438336
0.54,1.54704881873,1.55951482209,1.54704881873,0.278468787372
0.541,0.0956436614211,0.09645421259,0.0956436614211,0.0172158590558
0.542,2.34894259837,2.36982737788,2.34894259837,0.422809667707
0.543,1.00957252437,1.0189688706,1.00957252437,0.181723054387
0.544,-0.181518857282,-0.183283770963,-0.181518857282,-0.0326733943108
0.545,-0.816817153396,-0.82509843753,-0.816817153396,-0.147027087611
0.546,-1.67639325675,-1.69408523148,-1.67639325675,-0.301750786216
0.547,-0.307157088226,-0.310526102694,-0.307157088226,-0.0552882758807
0.548,0.473982883347,0.479378147024,0.473982883347,0.0853169190024
0.549,-0.712436055757,-0.720840619231,-0.712436055757,-0.128238490036
0.55,0.920288253176,0.931525631536,0.920288253176,0.165651885572
0.551,0.378551426449,0.383330319853,0.378551426449,0.0681392567608
0.552,-0.398108090077,-0.403298331247,-0.398108090077,-0.0716594562138
0.553,-0.400943950725,-0.406336661718,-0.400943950725,-0.0721699111305
0.554,-0.40488871536,-0.410501473379,-0.40488871536,-0.0728799687647
0.555,-0.599738811412,-0.60829982336,-0.599738811412,-0.107952986054
0.556,1.11186383146,1.12819302554,1.11186383146,0.200135489663
0.557,-0.123601511888,-0.125467616015,-0.123601511888,-0.0222482721398
0.558,0.518751088783,0.526796309042,0.518751088783,0.093375195981
0.559,0.854881414128,0.868490755899,0.854881414128,0.153878654543
0.56,-1.67556739205,-1.70292935339,-1.67556739205,-0.30160213057
0.561,-1.31292537539,-1.33490378277,-1.31292537539,-0.236326567569
0.562,0.648993445881,0.660123519219,0.648993445881,0.116818820259
0.563,-2.19268557514,-2.23118721352,-2.19268557514,-0.394683403525
0.564,-0.424119195929,-0.431739837201,-0.424119195929,-0.0763414552672
0.565,-0.424472344647,-0.432272809939,-0.424472344647,-0.0764050220365
0.566,-2.57125173426,-2.61955321402,-2.57125173426,-0.462825312167
0.567,-0.390218221937,-0.397707760612,-0.390218221937,-0.0702392799487
0.568,-0.823810236037,-0.839957630741,-0.823810236037,-0.148285842487
0.569,-0.267038494446,-0.272381449474,-0.267038494446,-0.0480669290003
0.57,0.495914137515,0.506038300784,0.495914137515,0.0892645447527
0.571,1.20462425706,1.22970667636,1.20462425706,0.216832366271
0.572,1.35027672046,1.37894047134,1.35027672046,0.243049809684
0.573,-1.55574406972,-1.58940101863,-1.55574406972,-0.28003393255
0.574,0.629890375001,0.643772889439,0.629890375001,0.1133802675
0.575,-0.479279420818,-0.490036755551,-0.479279420818,-0.0862702957472
0.576,0.685978210358,0.701652603856,0.685978210358,0.123476077864
0.577,1.23610360357,1.2648482466,1.23610360357,0.222498648643
0.578,0.562382204823,0.575687281204,0.562382204823,0.101228796868
0.579,1.72056527999,1.76196597347,1.72056527999,0.309701750398
0.58,1.71001401589,1.751850793,1.71001401589,0.307802522859
0.581,0.735927942041,0.754229651896,0.735927942041,0.132467029567
0.582,-1.18467499302,-1.21461371347,-1.18467499302,-0.213241498743
0.583,0.462184729033,0.47405090964,0.462184729033,0.0831932512259
0.584,0.528876528663,0.542667612983,0.528876528663,0.0951977751594
0.585,-1.34024695888,-1.37573390657,-1.34024695888,-0.241244452598
0.586,2.44023020975,2.50582186836,2.44023020975,0.439241437755
0.587,-1.4706791135,-1.51079969776,-1.4706791135,-0.26472224043
0.588,0.459012013968,0.471717914945,0.459012013968,0.0826221625143
0.589,1.56647124176,1.61045977068,1.56647124176,0.281964823516
0.59,-1.57281167179,-1.61760730145,-1.57281167179,-0.283106100923
0.591,-0.807419831939,-0.830738795154,-0.807419831939,-0.145335569749
0.592,-1.34241456131,-1.38172056973,-1.34241456131,-0.241634621035
0.593,-0.231583576271,-0.238456737463,-0.231583576271,-0.0416850437288
0.594,-0.350087995878,-0.36061776519,-0.350087995878,-0.063015839258
0.595,1.00116365843,1.03167478337,1.00116365843,0.180209458518
0.596,1.3101010903,1.35054845885,1.3101010903,0.235818196254
0.597,-0.178305129112,-0.183880894872,-0.178305129112,-0.0320949232401
0.598,0.420996226286,0.434328340066,0.420996226286,0.0757793207316
0.599,0.370566571426,0.38244869329,0.370566571426,0.0667019828567
0.6,-1.03237260941,-1.06588457291,-1.03237260941,-0.185827069693
0.601,-0.777081653928,-0.802614319782,-0.777081653928,-0.139874697707
0.602,-0.390923106841,-0.403922381993,-0.390923106841,-0.0703661592314
0.603,0.924239576174,0.955338437154,0.924239576174,0.166363123711
0.604,-0.463613105604,-0.479395874054,-0.463613105604,-0.0834503590087
0.605,0.887876084832,0.918452345121,0.887876084832,0.15981769527
0.606,0.046943874352,0.0485790104907,0.046943874352,0.00844989738336
0.607,0.531968323003,0.550707202573,0.531968323003,0.0957542981406
0.608,1.18906232069,1.23141555572,1.18906232069,0.214031217724
0.609,1.48589570424,1.53940595884,1.48589570424,0.267461226763
0.61,0.854414418182,0.885519250372,0.854414418182,0.153794595273
0.611,0.62566354617,0.648686226341,0.62566354617,0.112619438311
0.612,-1.43120896241,-1.48443451076,-1.43120896241,-0.257617613234
0.613,-0.591170542886,-0.613387237782,-0.591170542886,-0.106410697719
0.614,-0.38324056444,-0.397793021638,-0.38324056444,-0.0689833015991
0.615,-1.63766548676,-1.70049127812,-1.63766548676,-0.294779787617
0.616,0.528471826402,0.548951984087,0.528471826402,0.0951249287523
0.617,0.789356900855,0.820255255204,0.789356900855,0.142084242154
0.618,0.493233620629,0.512732869519,0.493233620629,0.0887820517132
0.619,-1.95668331478,-2.0347998142,-1.95668331478,-0.352202996661
0.62,0.628247599077,0.653573492317,0.628247599077,0.113084567834
0.621,-0.0417140578614,-0.0434118466501,-0.0417140578614,-0.00750853041505
0.622,1.73313063263,1.80434313892,1.73313063263,0.311963513873
0.623,-0.862765037144,-0.898549835411,-0.862765037144,-0.155297706686
0.624,-1.52489263342,-1.5887314026,-1.52489263342,-0.274480674016
0.625,0.546513021596,0.569604083065,0.546513021596,0.0983723438873
0.626,-0.446010033295,-0.465027202777,-0.446010033295,-0.0802818059931
0.627,1.02515004528,1.06925699522,1.02515004528,0.18452700815
0.628,-0.590917838982,-0.616570135373,-0.590917838982,-0.106365211017
0.629,-0.705603957262,-0.736507028411,-0.705603957262,-0.127008712307
0.63,-1.43746498468,-1.50097497092,-1.43746498468,-0.258743697242
0.631,-0.607675431484,-0.634757624778,-0.607675431484,-0.109381577667
0.632,-0.696275262968,-0.7275738327,-0.696275262968,-0.125329547334
0.633,0.287706228827,0.300749567179,0.287706228827,0.0517871211888
0.634,-1.64873454785,-1.72411373107,-1.64873454785,-0.296772218613
0.635,-1.26457695761,-1.32287755114,-1.26457695761,-0.227623852369
0.636,-1.60913256812,-1.68393452872,-1.60913256812,-0.289643862261
0.637,-1.73089156729,-1.81201596014,-1.73089156729,-0.311560482112
0.638,-0.170066378016,-0.178102158392,-0.170066378016,-0.0306119480428
0.639,-0.17335251972,-0.181609777791,-0.17335251972,-0.0312034535497
0.64,0.427186815732,0.447697884026,0.427186815732,0.0768936268318
0.641,-1.27836664763,-1.340233749,-1.27836664763,-0.230105996574
0.642,-0.40321479194,-0.422882074325,-0.40321479194,-0.0725786625492
0.643,1.24634542381,1.30761149605,1.24634542381,0.224342176285
0.644,0.262005070645,0.274983904367,0.262005070645,0.0471609127161
0.645,-0.385476669859,-0.404718196961,-0.385476669859,-0.0693858005746
0.646,-0.913152570043,-0.959079965659,-0.913152570043,-0.164367462608
0.647,0.684613869613,0.719306179519,0.684613869613,0.12323049653
0.648,-0.500283096395,-0.525823917659,-0.500283096395,-0.0900509573511
0.649,1.00719245961,1.05899318959,1.00719245961,0.181294642729
0.65,0.640174201758,0.673340672934,0.640174201758,0.115231356316
0.651,1.61145280149,1.69554778237,1.61145280149,0.290061504269
0.652,0.313838248665,0.330334446265,0.313838248665,0.0564908847597
0.653,-0.843495494975,-0.888149532262,-0.843495494975,-0.151829189096
0.654,0.517911964626,0.54552465765,0.517911964626,0.0932241536327
0.655,-0.185348886094,-0.195300485899,-0.185348886094,-0.0333627994968
0.656,-1.29149208806,-1.36131860547,-1.29149208806,-0.232468575851
0.657,-0.479352715312,-0.505449409534,-0.479352715312,-0.0862834887562
0.658,-0.0582102755987,-0.0614011370269,-0.0582102755987,-0.0104778496078
0.659,1.346912231,1.4212487499,1.346912231,0.24244420158
0.66,1.30654539461,1.37914245645,1.30654539461,0.23517817103
0.661,1.13024455323,1.19346766827,1.13024455323,0.203444019581
0.662,1.94499507248,2.05451887827,1.94499507248,0.350099113046
0.663,0.996328037822,1.05280311929,0.996328037822,0.179339046808
0.664,-1.11245829628,-1.17593012199,-1.11245829628,-0.200242493331
0.665,1.08760043289,1.15005840849,1.08760043289,0.19576807792
0.666,-1.32421287123,-1.40075075555,-1.32421287123,-0.238358316822
0.667,0.153625610767,0.162561988332,0.153625610767,0.027652609938
0.668,-0.599821181016,-0.634935021078,-0.599821181016,-0.107967812583
0.669,1.64765731747,1.74472211226,1.64765731747,0.296578317144
0.67,-0.100893615293,-0.106874656595,-0.100893615293,-0.0181608507527
0.671,0.351661830009,0.372638513659,0.351661830009,0.0632991294016
0.672,0.362692644602,0.384461184256,0.362692644602,0.0652846760283
0.673,1.14756326656,1.21686224934,1.14756326656,0.206561387981
0.674,-1.50817006815,-1.59980080659,-1.50817006815,-0.271470612266
0.675,-0.806627631179,-0.855932048232,-0.806627631179,-0.145192973612
0.676,0.730210890948,0.775112753891,0.730210890948,0.131437960371
0.677,-0.49729759454,-0.528059796784,-0.49729759454,-0.0895135670172
0.678,-2.06302508883,-2.19139773846,-2.06302508883,-0.371344515989
0.679,2.27980205311,2.42249884627,2.27980205311,0.410364369559
0.68,-2.53688954042,-2.69660614734,-2.53688954042,-0.456640117276
0.681,-0.413731935657,-0.439930747246,-0.413731935657,-0.0744717484182
0.682,1.11651754496,1.18762660295,1.11651754496,0.200973158093
0.683,0.0663655133737,0.0706164209779,0.0663655133737,0.0119457924073
0.684,-1.79651145454,-1.91223780135,-1.79651145454,-0.323372061818
0.685,-0.104531363083,-0.111303025921,-0.104531363083,-0.0188156453549
0.686,-0.910739576727,-0.970069391647,-0.910739576727,-0.163933123811
0.687,-0.493625470485,-0.525961762779,-0.493625470485,-0.0888525846874
0.688,-0.276839655794,-0.295075204493,-0.276839655794,-0.049831138043
0.689,0.628526123964,0.670155118939,0.628526123964,0.113134702314
0.69,-0.854766952414,-0.911689816211,-0.854766952414,-0.153858051434
0.691,-1.69511354011,-1.808611691,-1.69511354011,-0.305120437219
0.692,-0.649865939872,-0.693613060121,-0.649865939872,-0.116975869177
0.693,0.838126041885,0.894848576792,0.838126041885,0.150862687539
0.694,0.732794312699,0.782652221651,0.732794312699,0.131902976286
0.695,-0.696772146302,-0.744429910738,-0.696772146302,-0.125418986334
0.696,0.504900971492,0.539616630397,0.504900971492,0.0908821748686
0.697,0.581502421314,0.621693774085,0.581502421314,0.104670435837
0.698,0.493182592379,0.527446465653,0.493182592379,0.0887728666282
0.699,-0.852385756132,-0.911910619274,-0.852385756132,-0.153429436104
0.7,0.455072506535,0.487014525753,0.455072506535,0.0819130511762
0.701,-0.182918381421,-0.195822990652,-0.182918381421,-0.0329253086558
0.702,-0.202018416537,-0.216342622377,-0.202018416537,-0.0363633149767
0.703,0.526689561381,0.564222526343,0.526689561381,0.0948041210486
0.704,-0.100436507881,-0.10762958924,-0.100436507881,-0.0180785714187
0.705,0.394114295596,0.422480259051,0.394114295596,0.0709405732072
0.706,0.416004624715,0.446093947164,0.416004624715,0.0748808324486
0.707,-0.471858533352,-0.506155208203,-0.471858533352,-0.0849345360033
0.708,-0.655554644752,-0.703435538008,-0.655554644752,-0.117999836055
0.709,-0.0412284533971,-0.0442543274955,-0.0412284533971,-0.00742112161147
0.71,2.02677456665,2.17624220601,2.02677456665,0.364819421997
0.711,1.15432795763,1.23986346706,1.15432795763,0.207779032373
0.712,0.662240768927,0.711546381372,0.662240768927,0.119203338407
0.713,0.115477832727,0.124116169205,0.115477832727,0.0207860098909
0.714,0.731267593901,0.786227606811,0.731267593901,0.131628166902
0.715,-0.335288298641,-0.360605516596,-0.335288298641,-0.0603518937553
0.716,0.72190545061,0.776669201782,0.72190545061,0.12994298111
0.717,-0.142485477312,-0.153344408218,-0.142485477312,-0.0256473859162
0.718,0.362875302837,0.390657456689,0.362875302837,0.0653175545107
0.719,-0.990809318313,-1.06701356278,-0.990809318313,-0.178345677296
0.72,0.415754593807,0.447876060885,0.415754593807,0.0748358268853
0.721,0.539167848608,0.581012534095,0.539167848608,0.0970502127494
0.722,0.70357503288,0.758424652976,0.70357503288,0.126643505918
0.723,-1.36186405333,-1.46850716993,-1.36186405333,-0.245135529599
0.724,-1.23486944042,-1.33199758069,-1.23486944042,-0.222276499276
0.725,1.90476719096,2.05524764216,1.90476719096,0.342858094374
0.726,1.26753983035,1.36811788882,1.26753983035,0.228157169463
0.727,0.0544314887074,0.0587694402181,0.0544314887074,0.00979766796733
0.728,-0.786832051985,-0.849811502807,-0.786832051985,-0.141629769357
0.729,-0.991765039368,-1.07149059655,-0.991765039368,-0.178517707086
0.73,-1.40929542973,-1.5230718973,-1.40929542973,-0.253673177351
0.731,-0.215352467159,-0.232812766156,-0.215352467159,-0.0387634440886
0.732,0.101607359492,0.109880459887,0.101607359492,0.0182893247086
0.733,-1.46568715569,-1.58553098854,-1.46568715569,-0.263823688024
0.734,0.448002541817,0.484788005203,0.448002541817,0.080640457527
0.735,-1.99716651063,-2.16183918137,-1.99716651063,-0.359489971913
0.736,-0.0157668620242,-0.0170722940626,-0.0157668620242,-0.00283803516436
0.737,-0.374302203485,-0.405421047948,-0.374302203485,-0.0673743966273
0.738,1.1779794628,1.27631744528,1.1779794628,0.212036303304
0.739,0.702834834515,0.761747660255,0.702834834515,0.126510270213
0.74,-0.454646546378,-0.492910871752,-0.454646546378,-0.0818363783481
0.741,-0.194103607221,-0.210506031066,-0.194103607221,-0.0349386492997
0.742,0.982475918988,1.06583277955,0.982475918988,0.176845665418
0.743,1.40992347608,1.53002563703,1.40992347608,0.253786225694
0.744,-0.664544822608,-0.721378572981,-0.664544822608,-0.119618068069
0.745,1.187293143,1.2892362214,1.187293143,0.213712765739
0.746,1.11291120229,1.2088444427,1.11291120229,0.200324016412
0.747,0.741125376668,0.805261136583,0.741125376668,0.1334025678
0.748,-1.0172000358,-1.10557029075,-1.0172000358,-0.183096006444
0.749,-0.943229466013,-1.02549152493,-0.943229466013,-0.169781303882
0.75,0.505270492611,0.549506914807,0.505270492611,0.09094868867
0.751,1.15235259175,1.25362863435,1.15235259175,0.207423466514
0.752,-0.912795322334,-0.993324180125,-0.912795322334,-0.16430315802
0.753,0.624469089494,0.679770658705,0.624469089494,0.112404436109
0.754,-1.64427124008,-1.79043509754,-1.64427124008,-0.295968823214
0.755,0.388353607096,0.423005393271,0.388353607096,0.0699036492773
0.756,-1.34326130912,-1.46356593399,-1.34326130912,-0.241787035642
0.757,0.48415304073,0.527676145776,0.48415304073,0.0871475473314
0.758,0.779044545097,0.849336692285,0.779044545097,0.140228018117
0.759,0.897797639644,0.979103579715,0.897797639644,0.161603575136
0.76,1.54890606834,1.68969231985,1.54890606834,0.278803092302
0.761,0.928273759819,1.01295646077,0.928273759819,0.167089276767
0.762,1.47480265197,1.60983200198,1.47480265197,0.265464477354
0.763,-1.19377550534,-1.3034699945,-1.19377550534,-0.214879590961
0.764,-0.333160660851,-0.36388453951,-0.333160660851,-0.0599689189532
0.765,0.314079288563,0.343147222592,0.314079288563,0.0565342719414
0.766,-0.154593199693,-0.168951737476,-0.154593199693,-0.0278267759448
0.767,-2.42982552141,-2.65630682721,-2.42982552141,-0.437368593853
0.768,-0.75317584282,-0.823626270382,-0.75317584282,-0.135571651708
0.769,-1.94830936813,-2.13119001354,-1.94830936813,-0.350695686264
0.77,2.25717762141,2.46979109923,2.25717762141,0.406291971853
0.771,0.176901054803,0.19362209981,0.176901054803,0.0318421898646
0.772,-1.54604945134,-1.69269101286,-1.54604945134,-0.278288901241
0.773,-0.670422641493,-0.734230752835,-0.670422641493,-0.120676075469
0.774,-0.82359917928,-0.902254755642,-0.82359917928,-0.14824785227
0.775,-1.25481717305,-1.37506393459,-1.25481717305,-0.225867091149
0.776,1.26936538884,1.3914193533,1.26936538884,0.228485769991
0.777,-0.757917434801,-0.831040177183,-0.757917434801,-0.136425138264
0.778,-0.35650123212,-0.391011634886,-0.35650123212,-0.0641702217816
0.779,0.770280577941,0.84509571832,0.770280577941,0.138650504029
0.78,0.44040969325,0.483327958279,0.44040969325,0.0792737447849
0.781,2.75480279156,3.02415080642,2.75480279156,0.495864502482
0.782,-0.423612557045,-0.465167563248,-0.423612557045,-0.0762502602681
0.783,0.716334754674,0.786835733065,0.716334754674,0.128940255841
0.784,0.415721541348,0.456770262154,0.415721541348,0.0748298774427
0.785,0.666636864928,0.732675461101,0.666636864928,0.119994635687
0.786,0.255675984524,0.281085906247,0.255675984524,0.0460216772144
0.787,0.400761115346,0.440718529429,0.400761115346,0.0721370007623
0.788,-0.124494155297,-0.13694654597,-0.124494155297,-0.0224089479535
0.789,-1.17611862042,-1.2941345122,-1.17611862042,-0.211701351676
0.79,1.50771421948,1.6594848189,1.50771421948,0.271388559507
0.791,0.795334224762,0.875648222972,0.795334224762,0.143160160457
0.792,-2.45201870703,-2.70040753575,-2.45201870703,-0.441363367266
0.793,0.297907409287,0.328180034371,0.297907409287,0.0536233336716
0.794,-0.481278049221,-0.530337102628,-0.481278049221,-0.0866300488598
0.795,0.110747039771,0.122071133274,0.110747039771,0.0199344671588
0.796,0.135129134054,0.148989108954,0.135129134054,0.0243232441297
0.797,-0.352665883918,-0.388949702816,-0.352665883918,-0.0634798591053
0.798,0.140971184861,0.155519409073,0.140971184861,0.0253748132749
0.799,-0.0675889311415,-0.0745854071886,-0.0675889311415,-0.0121660076055
0.8,-0.0412319495123,-0.0455130543554,-0.0412319495123,-0.00742175091222
0.801,1.2068318777,1.33251620132,1.2068318777,0.217229737985
0.802,-2.14027482161,-2.3638432064,-2.14027482161,-0.38524946789
0.803,-0.418938298113,-0.462830929781,-0.418938298113,-0.0754088936604
0.804,1.13226289732,1.25124558725,1.13226289732,0.203807321517
0.805,-0.937041551851,-1.0358023487,-0.937041551851,-0.168667479333
0.806,0.230347338019,0.254696974346,0.230347338019,0.0414625208434
0.807,-1.30455164316,-1.44286001127,-1.30455164316,-0.23481929577
0.808,0.771498000582,0.85353207385,0.771498000582,0.138869640105
0.809,-1.93347220516,-2.13966055479,-1.93347220516,-0.348024996929
0.81,-0.360576502134,-0.399140743492,-0.360576502134,-0.0649037703842
0.811,-0.288798012279,-0.319774862202,-0.288798012279,-0.0519836422102
0.812,-0.0669962215556,-0.0742030399452,-0.0669962215556,-0.01205931988
0.813,-1.82976227681,-2.02715572052,-1.82976227681,-0.329357209825
0.814,-0.42651437072,-0.472657932419,-0.42651437072,-0.0767725867296
0.815,0.130913599732,0.145117127993,0.130913599732,0.0235644479518
0.816,-0.27137768992,-0.300904349657,-0.27137768992,-0.0488479841856
0.817,0.905432192363,1.00422367873,0.905432192363,0.162977794625
0.818,0.998413727595,1.10765639145,0.998413727595,0.179714470967
0.819,0.741686732563,0.823066261502,0.741686732563,0.133503611861
0.82,0.307583043584,0.34142572614,0.307583043584,0.0553649478451
0.821,-1.15111487219,-1.27812069202,-1.15111487219,-0.207200676995
0.822,-0.118949579132,-0.132109864423,-0.118949579132,-0.0214109242438
0.823,1.21970355986,1.35501952033,1.21970355986,0.219546640775
0.824,-0.0579121602557,-0.0643546208439,-0.0579121602557,-0.010424188846
0.825,1.52602429266,1.69625021193,1.52602429266,0.274684372679
0.826,1.63618480576,1.81919438694,1.63618480576,0.294513265037
0.827,0.72496594526,0.80627358127,0.72496594526,0.130493870147
0.828,0.0276476021328,0.0307567294777,0.0276476021328,0.0049765683839
0.829,-0.92229176757,-1.02628660208,-0.92229176757,-0.166012518163
0.83,0.0545146453374,0.0606779571278,0.0545146453374,0.00981263616073
0.831,-0.104701413326,-0.11657019516,-0.104701413326,-0.0188462543987
0.832,0.0652710636848,0.0726896665231,0.0652710636848,0.0117487914633
0.833,-0.367784535517,-0.40969649111,-0.367784535517,-0.066201216393
0.834,0.891728757728,0.993614987934,0.891728757728,0.160511176391
0.835,-0.07307545952,-0.0814466609871,-0.07307545952,-0.0131535827136
0.836,0.526714378298,0.587209480815,0.526714378298,0.0948085880936
0.837,-0.359380712289,-0.400763898557,-0.359380712289,-0.0646885282121
0.838,-1.36595062021,-1.52364768823,-1.36595062021,-0.245871111637
0.839,0.973470857573,1.08614555493,0.973470857573,0.175224754363
0.84,-0.0990465871418,-0.110540110485,-0.0990465871418,-0.0178283856855
0.841,-0.499092757931,-0.557155905774,-0.499092757931,-0.0898366964276
0.842,0.66076555762,0.737832440978,0.66076555762,0.118937800372
0.843,1.36012886891,1.51916544639,1.36012886891,0.244823196403
0.844,0.121593567484,0.135847005314,0.121593567484,0.0218868421471
0.845,-0.63420123169,-0.708729957128,-0.63420123169,-0.114156221704
0.846,1.78599783251,1.99640507202,1.78599783251,0.321479609851
0.847,0.312725715329,0.349659350851,0.312725715329,0.0562906287592
0.848,0.142973278864,0.15990057746,0.142973278864,0.0257351901956
0.849,0.0827962692637,0.0926231002054,0.0827962692637,0.0149033284675
0.85,-0.773126821446,-0.865112251693,-0.773126821446,-0.13916282786
0.851,0.532734611689,0.596273626761,0.532734611689,0.095892230104
0.852,-0.680466513571,-0.761823205417,-0.680466513571,-0.122483972443
0.853,0.303206329869,0.339545705863,0.303206329869,0.0545771393763
0.854,-0.636506806826,-0.712976734223,-0.636506806826,-0.114571225229
0.855,0.932803309967,1.04514007033,0.932803309967,0.167904595794
0.856,0.0890490711369,0.0997988911471,0.0890490711369,0.0160288328046
0.857,-1.13015421026,-1.26690986783,-1.13015421026,-0.203427757847
0.858,-1.02789112141,-1.15256812088,-1.02789112141,-0.185020401854
0.859,-1.43168212177,-1.60574786938,-1.43168212177,-0.257702781918
0.86,-1.68657961362,-1.89211989021,-1.68657961362,-0.303584330452
0.861,0.371376299934,0.416741575179,0.371376299934,0.0668477339882
0.862,0.72173391866,0.81010327287,0.72173391866,0.129912105359
0.863,0.362214047233,0.406667039602,0.362214047233,0.0651985285019
0.864,-0.110417386783,-0.123999904851,-0.110417386783,-0.0198751296209
0.865,1.47041205835,1.65170670761,1.47041205835,0.264674170503
0.866,-0.0411365845987,-0.0462202069049,-0.0411365845987,-0.00740458522777
0.867,-0.81505282359,-0.916007385292,-0.81505282359,-0.146709508246
0.868,-1.57422325366,-1.76965616987,-1.57422325366,-0.283360185659
0.869,1.37803959675,1.54950652056,1.37803959675,0.248047127414
0.87,-0.213165105245,-0.23974897105,-0.213165105245,-0.0383697189441
0.871,0.150027362352,0.168779551434,0.150027362352,0.0270049252233
0.872,0.759273303499,0.854389667257,0.759273303499,0.13666919463
0.873,-0.249184338666,-0.280470307959,-0.249184338666,-0.0448531809598
0.874,0.410165078379,0.461777648751,0.410165078379,0.0738297141082
0.875,-0.583126720838,-0.656666763277,-0.583126720838,-0.104962809751
0.876,0.00402226542636,0.00453064957143,0.00402226542636,0.000724007776745
0.877,-0.418530494166,-0.47154624871,-0.418530494166,-0.0753354889498
0.878,0.837406525004,0.943714782467,0.837406525004,0.150733174501
0.879,0.0666372580646,0.0751153254549,0.0666372580646,0.0119947064516
0.88,0.412634355085,0.465247044555,0.412634355085,0.0742741839154
0.881,1.62004736497,1.82705888308,1.62004736497,0.291608525695
0.882,1.54576833251,1.74371546133,1.54576833251,0.278238299852
0.883,-0.0811680577727,-0.0915846172935,-0.0811680577727,-0.0146102503991
0.884,-0.792357436766,-0.894261379824,-0.792357436766,-0.142624338618
0.885,-0.328321061309,-0.370636190981,-0.328321061309,-0.0590977910357
0.886,-0.826190665543,-0.932899578384,-0.826190665543,-0.148714319798
0.887,-2.28617033871,-2.58207301194,-2.28617033871,-0.411510660969
0.888,0.320802533336,0.362412217001,0.320802533336,0.0577444560006
0.889,0.219647923592,0.248197291482,0.219647923592,0.0395366262466
0.89,0.945938088542,1.06914677933,0.945938088542,0.170268855938
0.891,-1.90369985775,-2.15217492941,-1.90369985775,-0.342665974395
0.892,0.395196160745,0.446885297586,0.395196160745,0.071135308934
0.893,-0.802486272497,-0.907663787764,-0.802486272497,-0.144447529049
0.894,-1.22779437424,-1.38904677815,-1.22779437424,-0.221002987362
0.895,-1.26349148825,-1.42977327853,-1.26349148825,-0.227428467885
0.896,0.0877876276592,0.0993645751007,0.0877876276592,0.0158017729787
0.897,0.305345166746,0.345694536666,0.305345166746,0.0549621300142
0.898,0.035119425111,0.0397696575489,0.035119425111,0.00632149651999
0.899,-1.27300648146,-1.44190896947,-1.27300648146,-0.229141166662
0.9,0.418805389042,0.474484525541,0.418805389042,0.0753849700276
0.901,0.0538048175962,0.0609724023306,0.0538048175962,0.00968486716732
0.902,1.64715320564,1.86701702633,1.64715320564,0.296487577015
0.903,-0.483514764218,-0.54818348835,-0.483514764218,-0.0870326575592
0.904,1.04124598167,1.18078618772,1.04124598167,0.1874242767
0.905,-0.251346518563,-0.28509677448,-0.251346518563,-0.0452423733414
0.906,0.148258223396,0.168205236975,0.148258223396,0.0266864802113
0.907,-0.206124648757,-0.23391158418,-0.206124648757,-0.0371024367763
0.908,-0.635039716263,-0.720814571304,-0.635039716263,-0.114307148927
0.909,1.20173830039,1.36437335333,1.20173830039,0.21631289407
0.91,1.01151262833,1.14866947415,1.01151262833,0.1820722731
0.911,0.0601807438649,0.0683567734292,0.0601807438649,0.0108325338957
0.912,-1.66396309313,-1.89046096266,-1.66396309313,-0.299513356763
0.913,-0.697132584311,-0.792207985688,-0.697132584311,-0.125483865176
0.914,-0.61973217543,-0.704413183615,-0.61973217543,-0.111551791577
0.915,-1.916742103,-2.17914685718,-1.916742103,-0.34501357854
0.916,1.09199992746,1.24177982602,1.09199992746,0.196559986942
0.917,-0.368746878809,-0.419420163935,-0.368746878809,-0.0663744381857
0.918,-2.17194920828,-2.47098078396,-2.17194920828,-0.390950857491
0.919,1.10751525118,1.26028264955,1.10751525118,0.199352745212
0.92,2.13495046518,2.42998935992,2.13495046518,0.384291083732
0.921,0.633943492701,0.72171417058,0.633943492701,0.114109828686
0.922,-0.788602099787,-0.897987966995,-0.788602099787,-0.141948377962
0.923,-0.0563777571707,-0.0642122776421,-0.0563777571707,-0.0101479962907
0.924,0.692531833178,0.788946405274,0.692531833178,0.124655729972
0.925,-0.200348390655,-0.228292102372,-0.200348390655,-0.0360627103178
0.926,-1.22745678945,-1.39896967019,-1.22745678945,-0.220942222101
0.927,1.05862576128,1.20681691964,1.05862576128,0.19055263703
0.928,-0.483375432463,-0.551163107228,-0.483375432463,-0.0870075778433
0.929,-0.624721473973,-0.712489425604,-0.624721473973,-0.112449865315
0.93,0.118099002957,0.134720731002,0.118099002957,0.0212578205322
0.931,0.682165857308,0.778348652475,0.682165857308,0.122789854316
0.932,-0.0625052309328,-0.0713339627667,-0.0625052309328,-0.0112509415679
0.933,-0.639807763173,-0.730339968274,-0.639807763173,-0.115165397371
0.934,1.59607651004,1.82231996706,1.59607651004,0.287293771807
0.935,0.0270201393604,0.0308569975234,0.0270201393604,0.00486362508487
0.936,-0.42217937031,-0.482234225941,-0.42217937031,-0.0759922866559
0.937,1.04675488381,1.19591620017,1.04675488381,0.188415879086
0.938,-0.405840729277,-0.463773470403,-0.405840729277,-0.0730513312698
0.939,-1.01142331521,-1.15605245456,-1.01142331521,-0.182056196738
0.94,-0.231666381197,-0.264851044572,-0.231666381197,-0.0416999486154
0.941,-1.5602080661,-1.78408309793,-1.5602080661,-0.280837451899
0.942,1.84495169032,2.11013981436,1.84495169032,0.332091304258
0.943,0.658714600639,0.753558520458,0.658714600639,0.118568628115
0.944,1.35829611234,1.55420178343,1.35829611234,0.24449330022
0.945,-1.42304193474,-1.62863469561,-1.42304193474,-0.256147548254
0.946,-0.108964711791,-0.124733953139,-0.108964711791,-0.0196136481223
0.947,0.118681466628,0.135885880506,0.118681466628,0.021362663993
0.948,-0.396840746592,-0.454464632738,-0.396840746592,-0.0714313343866
0.949,0.382447367981,0.438074227069,0.382447367981,0.0688405262366
0.95,-0.077179866301,-0.0884243815914,-0.077179866301,-0.0138923759342
0.951,0.817065585481,0.936303612274,0.817065585481,0.147071805387
0.952,-0.792330083232,-0.908149787565,-0.792330083232,-0.142619414982
0.953,-0.461400777977,-0.528957782327,-0.461400777977,-0.0830521400359
0.954,0.467004017032,0.535493794155,0.467004017032,0.0840607230657
0.955,-1.18374789372,-1.35763795583,-1.18374789372,-0.213074620869
0.956,0.594698998859,0.682201506423,0.594698998859,0.107045819795
0.957,0.528376551959,0.606246866238,0.528376551959,0.0951077793527
0.958,-0.477216498484,-0.547660870538,-0.477216498484,-0.0858989697271
0.959,2.07537698987,2.38222808857,2.07537698987,0.373567858176
0.96,-0.453021017677,-0.520109234924,-0.453021017677,-0.0815437831819
0.961,-0.519612019024,-0.596684917972,-0.519612019024,-0.0935301634243
0.962,0.564796686477,0.648705321101,0.564796686477,0.101663403566
0.963,-0.0967789058497,-0.111179640257,-0.0967789058497,-0.0174202030529
0.964,2.58385364721,2.96894049297,2.58385364721,0.465093656497
0.965,-2.19520828548,-2.52288892018,-2.19520828548,-0.395137491386
0.966,0.121541538201,0.139712649212,0.121541538201,0.0218774768761
0.967,0.0163396083365,0.0187862904957,0.0163396083365,0.00294112950057
0.968,-1.22900184398,-1.41331870523,-1.22900184398,-0.221220331916
0.969,0.526425270804,0.605497384437,0.526425270804,0.0947565487447
0.97,0.651386307513,0.749379703462,0.651386307513,0.117249535352
0.971,-0.157169256719,-0.180849972955,-0.157169256719,-0.0282904662094
0.972,-0.947190381795,-1.09012290518,-0.947190381795,-0.170494268723
0.973,1.26133694984,1.45196594209,1.26133694984,0.227040650972
0.974,3.08608570371,3.55320454255,3.08608570371,0.555495426668
0.975,-2.11992713516,-2.44129276211,-2.11992713516,-0.381586884329
0.976,1.59677940621,1.83920587364,1.59677940621,0.287420293118
0.977,0.00516573817479,0.00595119381429,0.00516573817479,0.000929832871462
0.978,-0.110244473348,-0.127032428891,-0.110244473348,-0.0198440052027
0.979,-0.333029798324,-0.383819229296,-0.333029798324,-0.0599453636983
0.98,0.809407290208,0.933031691347,0.809407290208,0.145693312237
0.981,0.52614611072,0.60662609174,0.52614611072,0.0947062999296
0.982,-0.728501466817,-0.840098828431,-0.728501466817,-0.131130264027
0.983,-0.4235848854,-0.488568451393,-0.4235848854,-0.076245279372
0.984,0.618809234454,0.713882204162,0.618809234454,0.111385662202
0.985,1.89477361498,2.18630975573,1.89477361498,0.341059250697
0.986,1.8842574669,2.17459804196,1.8842574669,0.339166344043
0.987,1.63459938146,1.88683642036,1.63459938146,0.294227888664
0.988,-0.996530668714,-1.15052894985,-0.996530668714,-0.179375520369
0.989,-1.02242575385,-1.18065337632,-1.02242575385,-0.184036635694
0.99,1.1853649224,1.36907186145,1.1853649224,0.213365686032
0.991,0.626441659918,0.723665942463,0.626441659918,0.112759498785
0.992,0.731202038626,0.844846899351,0.731202038626,0.131616366953
0.993,0.405558434628,0.468680588725,0.405558434628,0.0730005182331
0.994,0.337349639766,0.389929844338,0.337349639766,0.0607229351579
0.995,-1.0822843721,-1.25120969023,-1.0822843721,-0.194811186978
0.996,-0.107236323757,-0.123997492954,-0.107236323757,-0.0193025382763
0.997,-0.0054566758725,-0.00631075339079,-0.0054566758725,-0.00098220165705
0.998,0.339526750435,0.392743406585,0.339526750435,0.0611148150782
0.999,0.0780817668335,0.0903371075674,0.0780817668335,0.01405471803
1,-1.02584361451,-1.18707768519,-1.02584361451,-0.184651850613
1.001,0.367456726458,0.42529022929,0.367456726458,0.0661422107624
1.002,-1.41032493885,-1.63259852691,-1.41032493885,-0.253858488993
1.003,-2.07491666295,-2.40237983328,-2.07491666295,-0.37348499933
1.004,-1.00350939176,-1.16209878294,-1.00350939176,-0.180631690517
1.005,-0.0560474850914,-0.0649169510701,-0.0560474850914,-0.0100885473165
1.006,1.02479693439,1.18718929063,1.02479693439,0.18446344819
1.007,-0.811263486819,-0.939991746627,-0.811263486819,-0.146027427627
1.008,0.632955305604,0.73352497036,0.632955305604,0.113931955009
1.009,-0.578215278194,-0.670210083252,-0.578215278194,-0.104078750075
1.01,-0.252037085711,-0.292189879935,-0.252037085711,-0.0453666754279
1.011,0.425295064528,0.493139941231,0.425295064528,0.0765531116151
1.012,0.240300297807,0.2786846512,0.240300297807,0.0432540536053
1.013,-2.30822183961,-2.67741061848,-2.30822183961,-0.41547993113
1.014,1.65747633521,1.92292902978,1.65747633521,0.298345740338
1.015,2.97572095991,3.45291904887,2.97572095991,0.535629772784
1.016,1.52559041482,1.77055819968,1.52559041482,0.274606274667
1.017,-0.349163627495,-0.405302333885,-0.349163627495,-0.0628494529491
1.018,-0.847064696119,-0.983431989759,-0.847064696119,-0.152471645301
1.019,1.70203772933,1.9763978091,1.70203772933,0.306366791279
1.02,1.31120254766,1.52283267247,1.31120254766,0.236016458579
1.021,1.50506196924,1.74829128985,1.50506196924,0.270911154464
1.022,1.12515809968,1.30722324766,1.12515809968,0.202528457942
1.023,0.454468027219,0.528099962187,0.454468027219,0.0818042448994
1.024,0.749289401919,0.870840804185,0.749289401919,0.134872092345
1.025,-0.594541553117,-0.691110612847,-0.594541553117,-0.107017479561
1.026,0.57150195805,0.664444987777,0.57150195805,0.102870352449
1.027,-0.995354650245,-1.15743045217,-0.995354650245,-0.179163837044
1.028,0.195426812012,0.227288121641,0.195426812012,0.0351768261622
1.029,-1.11293638092,-1.29460791657,-1.11293638092,-0.200328548565
1.03,0.698170907542,0.812278173656,0.698170907542,0.125670763358
1.031,0.0918607848126,0.106892711409,0.0918607848126,0.0165349412663
1.032,0.872051612925,1.01492704985,0.872051612925,0.156969290326
1.033,0.504541617711,0.58730556863,0.504541617711,0.090817491188
1.034,0.433957006367,0.505228804763,0.433957006367,0.0781122611461
1.035,-0.337415362012,-0.392898449506,-0.337415362012,-0.0607347651621
1.036,0.151637651812,0.176602305391,0.151637651812,0.0272947773262
1.037,-1.53320680815,-1.78592699333,-1.53320680815,-0.275977225466
1.038,0.27983277548,0.326013043677,0.27983277548,0.0503698995865
1.039,1.03171064326,1.20217455344,1.03171064326,0.185707915788
1.04,1.06478886802,1.24092671924,1.06478886802,0.191661996244
1.041,0.440914393443,0.513936796689,0.440914393443,0.0793645908197
1.042,-0.226404328054,-0.263944583825,-0.226404328054,-0.0407527790497
1.043,1.00616810097,1.17319703627,1.00616810097,0.181110258175
1.044,-0.801437012569,-0.934634871499,-0.801437012569,-0.144258662262
1.045,0.55715460112,0.6498606923,0.55715460112,0.100287828202
1.046,-1.03815700286,-1.21109814085,-1.03815700286,-0.186868260514
1.047,-0.813872178927,-0.949607299992,-0.813872178927,-0.146496992207
1.048,0.789465745892,0.921281742194,0.789465745892,0.142103834261
1.049,0.339216310036,0.395919616857,0.339216310036,0.0610589358065
1.05,0.249851596333,0.291664340682,0.249851596333,0.0449732873399
1.051,-0.646967657237,-0.75536086056,-0.646967657237,-0.116454178303
1.052,0.812324467923,0.948575565729,0.812324467923,0.146218404226
1.053,1.40181058973,1.63720105648,1.40181058973,0.252325906152
1.054,-0.459707265265,-0.536987428032,-0.459707265265,-0.0827473077478
1.055,-0.218830766942,-0.255658945857,-0.218830766942,-0.0393895380496
1.056,2.51200113587,2.93522970286,2.51200113587,0.452160204457
1.057,-0.682348754259,-0.797440164241,-0.682348754259,-0.122822775767
1.058,-0.635012138918,-0.742237616639,-0.635012138918,-0.114302185005
1.059,0.714928226982,0.835780815375,0.714928226982,0.128687080857
1.06,-1.29471274837,-1.51381285353,-1.29471274837,-0.233048294706
1.061,0.311107122312,0.363812250019,0.311107122312,0.0559992820162
1.062,-1.32509142097,-1.54982119912,-1.32509142097,-0.238516455775
1.063,0.508620433778,0.594973659303,0.508620433778,0.09155167808
1.064,-1.01009100238,-1.18176849526,-1.01009100238,-0.181816380429
1.065,-1.17423474336,-1.37402486456,-1.17423474336,-0.211362253805
1.066,-0.394941725,-0.462210955073,-0.394941725,-0.0710895105
1.067,0.745656278093,0.872796980327,0.745656278093,0.134218130057
1.068,0.412198151418,0.482556007133,0.412198151418,0.0741956672553
1.069,0.147775424791,0.173025783041,0.147775424791,0.0265995764624
1.07,-1.04126708889,-1.2193754844,-1.04126708889,-0.187428076
1.071,-1.40558762292,-1.64626498843,-1.40558762292,-0.253005772126
1.072,0.420912570053,0.493060263987,0.420912570053,0.0757642626096
1.073,-0.689121323493,-0.807364923648,-0.689121323493,-0.124041838229
1.074,0.282258974209,0.330740834919,0.282258974209,0.0508066153576
1.075,-0.574310386809,-0.673057845772,-0.574310386809,-0.103375869626
1.076,-1.52053962228,-1.78225118697,-1.52053962228,-0.27369713201
1.077,0.339170559368,0.397607492621,0.339170559368,0.0610507006862
1.078,1.40046091578,1.64199729067,1.40046091578,0.25208296484
1.079,0.334562553792,0.392322842382,0.334562553792,0.0602212596826
1.08,-0.188232603083,-0.220762713711,-0.188232603083,-0.033881868555
1.081,-0.396766629612,-0.465404325815,-0.396766629612,-0.0714179933301
1.082,0.800356938163,0.938951549787,0.800356938163,0.144064248869
1.083,0.0596183126302,0.0699524824049,0.0596183126302,0.0107312962734
1.084,0.532233236734,0.624581641294,0.532233236734,0.0958019826121
1.085,0.116754351312,0.137032588129,0.116754351312,0.0210157832362
1.086,0.514110540449,0.6034907884,0.514110540449,0.0925398972808
1.087,-0.569396158367,-0.668485224937,-0.569396158367,-0.102491308506
1.088,-0.150232073082,-0.176401743454,-0.150232073082,-0.0270417731548
1.089,-0.360450391694,-0.423300165032,-0.360450391694,-0.064881070505
1.09,-0.423658882708,-0.497601597369,-0.423658882708,-0.0762585988875
1.091,0.522024571276,0.613223370996,0.522024571276,0.0939644228296
1.092,0.903537253365,1.06153889176,0.903537253365,0.162636705606
1.093,1.06975218494,1.25699894413,1.06975218494,0.19255539329
1.094,-0.546375881343,-0.642103334224,-0.546375881343,-0.0983476586418
1.095,-1.62889406253,-1.9145543957,-1.62889406253,-0.293200931256
1.096,-0.401637655256,-0.47213973024,-0.401637655256,-0.072294777946
1.097,0.468799774918,0.551168722254,0.468799774918,0.0843839594852
1.098,-0.70704370456,-0.831388982493,-0.70704370456,-0.127267866821
1.099,2.24966849593,2.64567904576,2.24966849593,0.404940329268
1.1,-0.496736246032,-0.584258310015,-0.496736246032,-0.0894125242858
1.101,0.965173566624,1.13538897573,0.965173566624,0.173731241992
1.102,0.793794040965,0.933914428133,0.793794040965,0.142882927374
1.103,0.579121581059,0.681441826946,0.579121581059,0.104241884591
1.104,-1.35495796512,-1.59457311561,-1.35495796512,-0.243892433722
1.105,-0.270183411557,-0.318006988722,-0.270183411557,-0.0486330140802
1.106,1.34052970192,1.57802392208,1.34052970192,0.241295346345
1.107,0.622174798679,0.732501479547,0.622174798679,0.111991463762
1.108,-0.0351140799985,-0.0413462497493,-0.0351140799985,-0.00632053439973
1.109,0.218788918885,0.257655063178,0.218788918885,0.0393820053993
1.11,0.215831783636,0.254206750193,0.215831783636,0.0388497210545
1.111,-0.586440773057,-0.690802573439,-0.586440773057,-0.10555933915
1.112,-0.83400175937,-0.98254999278,-0.83400175937,-0.150120316687
1.113,0.278393967339,0.328023683617,0.278393967339,0.050110914121
1.114,2.78575050406,3.2828049581,2.78575050406,0.501435090731
1.115,-1.11068013994,-1.30902861849,-1.11068013994,-0.199922425188
1.116,0.395056871267,0.46566845323,0.395056871267,0.0711102368281
1.117,-0.806389163449,-0.950645799744,-0.806389163449,-0.145150049421
1.118,0.948404556178,1.11821245695,0.948404556178,0.170712820112
1.119,0.602949185581,0.710997119558,0.602949185581,0.108530853405
1.12,1.02238871417,1.20575591137,1.02238871417,0.184029968551
1.121,1.97175577745,2.325693559,1.97175577745,0.354916039942
1.122,1.17743272951,1.38896492101,1.17743272951,0.211937891311
1.123,-0.687932669467,-0.811627407495,-0.687932669467,-0.123827880504
1.124,0.30349487708,0.358110884437,0.30349487708,0.0546290778744
1.125,-0.820201322503,-0.967925204527,-0.820201322503,-0.147636238051
1.126,-0.046922537311,-0.0553806169817,-0.046922537311,-0.00844605671598
1.127,-0.369859869826,-0.436584459134,-0.369859869826,-0.0665747765687
1.128,-0.0123209753788,-0.014545568451,-0.0123209753788,-0.00221777556819
1.129,-0.72595214653,-0.857132459202,-0.72595214653,-0.130671386375
1.13,0.439694316692,0.519212250025,0.439694316692,0.0791449770046
1.131,-0.838985654584,-0.990837726292,-0.838985654584,-0.151017417825
1.132,-1.49886256963,-1.77036789226,-1.49886256963,-0.269795262534
1.133,0.588981114786,0.695755393729,0.588981114786,0.106016600662
1.134,0.274819770033,0.32468070214,0.274819770033,0.0494675586059
1.135,1.02838627461,1.21511633567,1.02838627461,0.185109529429
1.136,-1.01671147445,-1.20146793977,-1.01671147445,-0.183008065401
1.137,0.855182455645,1.0107084777,0.855182455645,0.153932842016
1.138,0.837389262384,0.989798904374,0.837389262384,0.150730067229
1.139,0.43361817493,0.512600828649,0.43361817493,0.0780512714874
1.14,-0.715345596437,-0.845745646962,-0.715345596437,-0.128762207359
1.141,1.68497865177,1.99237045548,1.68497865177,0.303296157318
1.142,-1.08262530966,-1.28028154057,-1.08262530966,-0.194872555738
1.143,-0.00717147887187,-0.00848178851679,-0.00717147887187,-0.00129086619694
1.144,-0.542522859119,-0.641723520484,-0.542522859119,-0.0976541146415
1.145,-0.329784878628,-0.390132062559,-0.329784878628,-0.0593612781531
1.146,0.336244504393,0.397820245325,0.336244504393,0.0605240107907
1.147,-0.0587667410462,-0.069536666048,-0.0587667410462,-0.0105780133883
1.148,-0.390223689213,-0.461791834888,-0.390223689213,-0.0702402640584
1.149,0.240922231597,0.285140987482,0.240922231597,0.0433660016875
1.15,1.19661472735,1.41640372146,1.19661472735,0.215390650924
1.151,0.425941402601,0.504234209081,0.425941402601,0.0766694524682
1.152,-0.868343277491,-1.02807173992,-0.868343277491,-0.156301789948
1.153,-0.618534236549,-0.732394431955,-0.618534236549,-0.111336162579
1.154,-0.199199825209,-0.235895333747,-0.199199825209,-0.0358559685376
1.155,-0.796616934132,-0.943471593466,-0.796616934132,-0.143391048144
1.156,1.47156464972,1.74303990218,1.47156464972,0.264881636949
1.157,-1.15448191091,-1.36761417697,-1.15448191091,-0.207806743963
1.158,-0.635767316348,-0.753221883575,-0.635767316348,-0.114438116943
1.159,0.815272049055,0.96599603775,0.815272049055,0.14674896883
1.16,-0.612272032173,-0.725546188804,-0.612272032173,-0.110208965791
1.161,-0.990266984138,-1.1736013091,-0.990266984138,-0.178248057145
1.162,0.691453159605,0.819555716793,0.691453159605,0.124461568729
1.163,-0.434414165471,-0.51495220349,-0.434414165471,-0.0781945497847
1.164,0.0319768901777,0.0379093364332,0.0319768901777,0.00575584023199
1.165,-1.70818998792,-2.02531665847,-1.70818998792,-0.307474197826
1.166,0.225064608216,0.266876643027,0.225064608216,0.040511629479
1.167,-0.61687202879,-0.731551364697,-0.61687202879,-0.111036965182
1.168,0.676729297783,0.802621711838,0.676729297783,0.121811273601
1.169,0.38589624548,0.457733235405,0.38589624548,0.0694613241863
1.17,-0.611036270716,-0.724860850659,-0.611036270716,-0.109986528729
1.171,-1.12718373045,-1.337297142,-1.12718373045,-0.202893071481
1.172,0.114688115126,0.136080833882,0.114688115126,0.0206438607228
1.173,0.471316502242,0.559289061283,0.471316502242,0.0848369704036
1.174,-1.35877210341,-1.61255755719,-1.35877210341,-0.244578978613
1.175,0.60365919926,0.71648176355,0.60365919926,0.108658655867
1.176,-0.45409825243,-0.539023442826,-0.45409825243,-0.0817376854373
1.177,0.495971297728,0.588787611762,0.495971297728,0.089274833591
1.178,0.610275642788,0.724556478115,0.610275642788,0.109849615702
1.179,2.03019338155,2.41061299231,2.03019338155,0.365434808679
1.18,-0.189212246561,-0.224689613309,-0.189212246561,-0.034058204381
1.181,0.695090070512,0.825502322503,0.695090070512,0.125116212692
1.182,-1.87417323206,-2.22602581711,-1.87417323206,-0.33735118177
1.183,0.591802569537,0.70297576799,0.591802569537,0.106524462517
1.184,0.18818887629,0.223563186269,0.18818887629,0.0338739977322
1.185,0.58326175684,0.692966862912,0.58326175684,0.104987116231
1.186,1.36539770301,1.62237239836,1.36539770301,0.245771586541
1.187,0.370081088118,0.439774941684,0.370081088118,0.0666145958612
1.188,0.210860147667,0.250593666776,0.210860147667,0.03795482658
1.189,-0.907159455101,-1.07820416308,-0.907159455101,-0.163288701918
1.19,0.797178372894,0.947576889529,0.797178372894,0.143492107121
1.191,-0.381777035729,-0.453847684599,-0.381777035729,-0.0687198664312
1.192,1.16498736981,1.38504122753,1.16498736981,0.209697726565
1.193,-0.357378303556,-0.424923372129,-0.357378303556,-0.0643280946401
1.194,-2.61745811745,-3.11245385278,-2.61745811745,-0.47114246114
1.195,-0.765192197436,-0.909985028897,-0.765192197436,-0.137734595538
1.196,2.00786846266,2.38802736078,2.00786846266,0.361416323278
1.197,-0.376642443745,-0.447995256626,-0.376642443745,-0.0677956398741
1.198,2.40541328559,2.86136835524,2.40541328559,0.432974391405
1.199,0.540847791267,0.643426322442,0.540847791267,0.097352602428
1.2,-1.24578495334,-1.48219838068,-1.24578495334,3.5757587084
1.201,0.0199809281513,0.0237748722777,0.0199809281513,3.42359656707
1.202,-0.881594716039,-1.04908477676,-0.881594716039,2.91931295111
1.203,0.822016733588,0.978275389821,0.822016733588,2.91816301205
1.204,-1.31757893564,-1.56817948195,-1.31757893564,2.25601579159
1.205,-0.802457325357,-0.95516745302,-0.802457325357,2.09941968144
1.206,-0.476528944212,-0.567263827554,-0.476528944212,1.93370059004
1.207,1.92663171324,2.29367847398,1.92663171324,2.16432192838
1.208,0.316054275821,0.376299224378,0.316054275821,1.69266516765
1.209,0.888898303092,1.05842804845,0.888898303092,1.63219955276
1.21,-0.936812741472,-1.11557674664,-0.936812741472,1.15635177891
1.211,-1.63965474096,-1.95270332479,-1.63965474096,0.897342411769
1.212,0.0952922411988,0.113495431798,0.0952922411988,1.09038484204
1.213,-0.792107521587,-0.943499668857,-0.792107521587,0.823329660879
1.214,-0.290979936305,-0.34662287906,-0.290979936305,0.816941724754
1.215,1.95081676219,2.32405828946,1.95081676219,1.13353331915
1.216,0.545311525107,0.649697749761,0.545311525107,0.802303746283
1.217,1.63465524629,1.94773019981,1.63465524629,0.92797084892
1.218,-1.273826404,-1.51791901996,-1.273826404,0.341070861409
1.219,-1.66367554005,-1.98263381675,-1.66367554005,0.213862055506
1.22,-0.933386305794,-1.1124246809,-0.933386305794,0.293981752401
1.221,-0.389140494821,-0.463821335496,-0.389140494821,0.345746869632
1.222,0.703555200301,0.838643466979,0.703555200301,0.500852878884
1.223,0.296135520475,0.353024120826,0.296135520475,0.390096042232
1.224,-0.89915401119,-1.07196953099,-0.89915401119,0.141264761678
1.225,-1.32874485835,-1.58425184494,-1.32874485835,0.033627160819
1.226,-0.893205279251,-1.06504502057,-0.893205279251,0.0847441615254
1.227,-0.755046226085,-0.900376347643,-0.755046226085,0.0850606799162
1.228,0.894159888276,1.0663489931,0.894159888276,0.35982088044
1.229,-1.70367762032,-2.03191264121,-1.70367762032,-0.127677081163
1.23,0.732900250204,0.87416961945,0.732900250204,0.293008446482
1.231,-0.363152472664,-0.433184453041,-0.363152472664,0.0796103162217
1.232,0.842946875965,1.00558056089,0.842946875965,0.282210422845
1.233,-0.617804861997,-0.737056167978,-0.617804861997,0.00622711149458
1.234,-0.822071847607,-0.980824779733,-0.822071847607,-0.0422841445806
1.235,1.49615383559,1.78521318513,1.49615383559,0.364427599597
1.236,-0.39494290424,-0.471281209239,-0.39494290424,0.0145181955076
1.237,-0.275543593383,-0.328827318406,-0.275543593383,0.0274492796348
1.238,-0.0206034273898,-0.0245894378486,-0.0206034273898,0.0656337968692
1.239,-1.09778168208,-1.31025690029,-1.09778168208,-0.135192530355
1.24,0.0135841896224,0.0162145667698,0.0135841896224,0.0586125093095
1.241,-0.683956704934,-0.816452936127,-0.683956704934,-0.0725615872284
1.242,0.158859535307,0.189647251348,0.158859535307,0.0740902740489
1.243,-0.630167099641,-0.752349267569,-0.630167099641,-0.072484076011
1.244,-0.0198924242049,-0.0237509941538,-0.0198924242049,0.033270765375
1.245,-0.0832541343718,-0.0994099797697,-0.0832541343718,0.0181805173718
1.246,-0.773470760997,-0.923629856511,-0.773470760997,-0.109375101577
1.247,-1.15663398777,-1.38127353139,-1.15663398777,-0.181329445936
1.248,-0.471377056156,-0.562965328504,-0.471377056156,-0.0606696654318
1.249,-1.3266929819,-1.58457536948,-1.3266929819,-0.217044352534
1.25,-0.661715340931,-0.790392342862,-0.661715340931,-0.0995244155798
1.251,0.424818112868,0.5074618396,0.424818112868,0.0940931715253
1.252,-0.72503374979,-0.86613825718,-0.72503374979,-0.114642754874
1.253,-0.560899005334,-0.670103820994,-0.560899005334,-0.0866848328808
1.254,-1.49053786155,-1.78085538501,-1.49053786155,-0.255447525808
1.255,-1.03409570393,-1.23558999849,-1.03409570393,-0.174572866363
1.256,-1.46187360696,-1.7468325493,-1.46187360696,-0.252729324943
1.257,-0.166134520159,-0.198531271121,-0.166134520159,-0.0205370817498
1.258,-0.947087580133,-1.13184398189,-0.947087580133,-0.162045345733
1.259,-0.820263295073,-0.980340347469,-0.820263295073,-0.140060016291
1.26,-0.291523474318,-0.348436863375,-0.291523474318,-0.0456455862375
1.261,-0.526234467204,-0.629008640789,-0.526234467204,-0.088576428871
1.262,0.428436544972,0.512141982462,0.428436544972,0.0826497757981
1.263,-0.966845241719,-1.15581193297,-0.966845241719,-0.169054065577
1.264,0.997655799634,1.19271607507,0.997655799634,0.184058314074
1.265,2.02515521085,2.42125526176,2.02515521085,0.368560181079
1.266,-0.99007204047,-1.18379029206,-0.99007204047,-0.174583948472
1.267,-0.523284172132,-0.62570709882,-0.523284172132,-0.090925034052
1.268,-0.21943623814,-0.262401993361,-0.21943623814,-0.0365590176266
1.269,-0.119554306407,-0.14297137474,-0.119554306407,-0.0188742204385
1.27,-0.405163480215,-0.48455049518,-0.405163480215,-0.0705484271954
1.271,-0.39858337839,-0.476708179871,-0.39858337839,-0.0696021087914
1.272,-0.581113442656,-0.695054412682,-0.581113442656,-0.102671810291
1.273,-1.55101852206,-1.85523582219,-1.55101852206,-0.277447585523
1.274,-0.993937205976,-1.18895421482,-0.993937205976,-0.177346523472
1.275,0.0724628871329,0.0866853393689,0.0724628871329,0.0144492759271
1.276,-0.196175490699,-0.234692059697,-0.196175490699,-0.0340462277069
1.277,-1.44609740731,-1.73011358574,-1.44609740731,-0.259158708759
1.278,1.08925241938,1.30325324158,1.08925241938,0.197090377589
1.279,0.481932029869,0.576645722413,0.481932029869,0.0876702132676
1.28,-0.914135282472,-1.09384692385,-0.914135282472,-0.163714147743
1.281,1.75149955845,2.09593927835,1.75149955845,0.316017103312
1.282,-0.331954854692,-0.397255634986,-0.331954854692,-0.059079409332
1.283,-1.34765978504,-1.61284814824,-1.34765978504,-0.241973543246
1.284,1.03774235499,1.24200891781,1.03774235499,0.187338320153
1.285,0.276324621931,0.330732221555,0.276324621931,0.0502286585773
1.286,-0.706376769354,-0.845502459551,-0.706376769354,-0.126706614517
1.287,-0.177704434078,-0.212714975803,-0.177704434078,-0.031589714564
1.288,2.22747627828,2.66645351239,2.22747627828,0.401303105303
1.289,-1.17308832385,-1.40434094732,-1.17308832385,-0.210834260601
1.29,-2.32529112614,-2.78381192433,-2.32529112614,-0.418262928782
1.291,-0.39279750635,-0.470274878318,-0.39279750635,-0.0704430246127
1.292,2.58214422933,3.09160390448,2.58214422933,0.465020435157
1.293,-0.896304498098,-1.07319591399,-0.896304498098,-0.161123783168
1.294,0.531268786659,0.636147187005,0.531268786659,0.0958183054393
1.295,0.775390884494,0.928503764148,0.775390884494,0.139741290666
1.296,-0.373394824674,-0.44714742142,-0.373394824674,-0.0670572301305
1.297,-2.64483154476,-3.16737659194,-2.64483154476,-0.475931223577
1.298,0.670223150619,0.802675770584,0.670223150619,0.120764776143
1.299,1.06213935658,1.27209944632,1.06213935658,0.191297232313
1.3,1.62377772184,1.94484397445,1.62377772184,0.292380923247
1.301,0.262860130755,0.314848278625,0.262860130755,0.0474056635201
1.302,0.266422420193,0.319128492621,0.266422420193,0.0480377916206
1.303,0.717857257389,0.859905856476,0.717857257389,0.129287886717
1.304,0.166016506017,0.198875769058,0.166016506017,0.0299491934316
1.305,-1.06471926668,-1.27550832748,-1.06471926668,-0.191589867889
1.306,1.0140994595,1.21491560675,1.0140994595,0.182591542813
1.307,0.100150337818,0.119987262284,0.100150337818,0.0180753368993
1.308,1.0566284517,1.26596583068,1.0566284517,0.190236569789
1.309,-1.66562743215,-1.99569558784,-1.66562743215,-0.299773834153
1.31,1.62970380249,1.95272754232,1.62970380249,0.29338187772
1.311,-0.45847909851,-0.549374942198,-0.45847909851,-0.0824945637878
1.312,-1.42411441987,-1.70651579741,-1.42411441987,-0.256312089027
1.313,0.278950833554,0.334278933536,0.278950833554,0.0502368059343
1.314,0.460678685924,0.552071300421,0.460678685924,0.0829452537714
1.315,-2.10014774481,-2.51687935465,-2.10014774481,-0.378005812791
1.316,0.864842923897,1.0364899051,0.864842923897,0.155690429449
1.317,0.584157930558,0.700121152625,0.584157930558,0.105165260333
1.318,0.815038464136,0.976868038216,0.815038464136,0.146722073094
1.319,-1.69892960717,-2.03632852652,-1.69892960717,-0.305793694696
1.32,0.743784027482,0.89152548999,0.743784027482,0.133893396082
1.321,-0.871892260583,-1.04511477581,-0.871892260583,-0.156929562883
1.322,-0.268001741849,-0.321257164388,-0.268001741849,-0.0482303739136
1.323,-1.49578312434,-1.79307173884,-1.49578312434,-0.269232016724
1.324,-1.29282179265,-1.54982022357,-1.29282179265,-0.232699871585
1.325,-0.0267760558715,-0.0320998261018,-0.0267760558715,-0.00481244407445
1.326,0.356567130721,0.427474867782,0.356567130721,0.0641886049139
1.327,0.559972304867,0.67134974211,0.559972304867,0.100800884122
1.328,0.516222016242,0.618915829575,0.516222016242,0.0929252452448
1.329,-0.539299459208,-0.646602878533,-0.539299459208,-0.0970691485683
1.33,-1.27816445212,-1.53252213705,-1.27816445212,-0.230065322702
1.331,-1.21452416857,-1.45625807826,-1.21452416857,-0.218610499531
1.332,-1.34023451997,-1.60703354304,-1.34023451997,-0.241238747863
1.333,-1.26002686845,-1.51089991108,-1.26002686845,-0.226801717163
1.334,0.605314552464,0.725852778999,0.605314552464,0.108959426686
1.335,-0.791191911548,-0.948769245661,-0.791191911548,-0.142412017561
1.336,-1.27414607285,-1.52794985775,-1.27414607285,-0.229344019247
1.337,-1.50220437582,-1.80148155271,-1.50220437582,-0.270394741167
1.338,-0.0624248007092,-0.0748632482655,-0.0624248007092,-0.0112346222961
1.339,0.941430552788,1.12904249556,0.941430552788,0.16945915715
1.34,0.613777031785,0.736110345691,0.613777031785,0.110481357605
1.341,-1.86056585914,-2.23145132132,-1.86056585914,-0.33490051195
1.342,-0.662018820881,-0.794003795633,-0.662018820881,-0.119162179333
1.343,1.49581757365,1.79407476435,1.49581757365,0.26924825084
1.344,1.28627805402,1.54278789199,1.28627805402,0.231531028548
1.345,0.807016971991,0.967973075621,0.807016971991,0.145263935901
1.346,-1.84369775579,-2.21146146063,-1.84369775579,-0.331864803194
1.347,1.12519322462,1.34966376165,1.12519322462,0.202535493995
1.348,2.21555863087,2.65760448829,2.21555863087,0.398801195764
1.349,0.267681412031,0.32109513812,0.267681412031,0.0481832321518
1.35,1.96693509506,2.35946614445,1.96693509506,0.354048837299
1.351,1.6707351432,2.00419200808,1.6707351432,0.300732793945
1.352,0.022283916993,0.0267319745575,0.022283916993,0.00401152641071
1.353,1.96195045053,2.35361337106,1.96195045053,0.353151460312
1.354,1.01218590257,1.21426854289,1.01218590257,0.182193803758
1.355,-0.305349811072,-0.36631886045,-0.305349811072,-0.0549626588274
1.356,0.212513309479,0.254949822612,0.212513309479,0.0382526721553
1.357,-2.96758605887,-3.56023486571,-2.96758605887,-0.534165241793
1.358,-0.813547786498,-0.976033970767,-0.813547786498,-0.146438377646
1.359,-2.45328317143,-2.94330911981,-2.45328317143,-0.441590769326
1.36,0.295065065921,0.354007214707,0.295065065921,0.0531118932439
1.361,0.303408904501,0.364022774107,0.303408904501,0.0546137660506
1.362,-2.11123834282,-2.53304673609,-2.11123834282,-0.380022754791
1.363,0.616998046082,0.740278649848,0.616998046082,0.111059780519
1.364,-1.29761619057,-1.55690810725,-1.29761619057,-0.2335707953
1.365,-0.179076478459,-0.214862364404,-0.179076478459,-0.0322336590207
1.366,-1.93518568515,-2.32193105591,-1.93518568515,-0.348333326935
1.367,0.506947366068,0.608266939569,0.506947366068,0.0912506126448
1.368,1.81472761993,2.17744526236,1.81472761993,0.326651049666
1.369,-0.999773895728,-1.1996148619,-0.999773895728,-0.179959230961
1.37,0.0476373185516,0.0571598908878,0.0476373185516,0.00857478058196
1.371,0.877861241145,1.05335264216,0.877861241145,0.158015080325
1.372,0.016286448476,0.0195424012598,0.016286448476,0.00293161195224
1.373,-0.37811965835,-0.453716117918,-0.37811965835,-0.0680614923991
1.374,1.02452954951,1.2293700973,1.02452954951,0.184415360405
1.375,1.01069155303,1.21277375471,1.01069155303,0.18192451689
1.376,0.859206927244,1.03100723479,0.859206927244,0.154657280514
1.377,0.223179940088,0.267806849516,0.223179940088,0.0401724194646
1.378,0.834110796549,1.00090449338,0.834110796549,0.150139970603
1.379,0.744718144753,0.893640814747,0.744718144753,0.134049290557
1.38,0.447359361246,0.536821060823,0.447359361246,0.0805247070757
1.381,0.45570321681,0.546835698142,0.45570321681,0.082026598872
1.382,-0.319088107829,-0.382901371326,-0.319088107829,-0.0574358415476
1.383,1.44838371016,1.7380459966,1.44838371016,0.260709083905
1.384,-0.829825498795,-0.995784890432,-0.829825498795,-0.149368575315
1.385,0.0766468713676,0.0919759120365,0.0766468713676,0.0137964498673
1.386,-0.866277347591,-1.03953073643,-0.866277347591,-0.155929910847
1.387,1.79403621886,2.15284162045,1.79403621886,0.322926529941
1.388,-2.4353320408,-2.92239789518,-2.4353320408,-0.438359757852
1.389,-1.10921969642,-1.33106363176,-1.10921969642,-0.199659536813
1.39,0.0309180308681,0.0371016260564,0.0309180308681,0.0055652532451
1.391,-0.458723955072,-0.550468157702,-0.458723955072,-0.082570304993
1.392,0.755407361697,0.906486729778,0.755407361697,0.135973331333
1.393,0.854043997258,1.02484864253,0.854043997258,0.153727925112
1.394,-0.749298180865,-0.899152183628,-0.749298180865,-0.134873667511
1.395,-0.753280764651,-0.903928821352,-0.753280764651,-0.135590533097
1.396,-0.478581721908,-0.574291101372,-0.478581721908,-0.0861447058572
1.397,0.336365131317,0.403631788805,0.336365131317,0.0605457273146
1.398,-0.392637834498,-0.471156021065,-0.392637834498,-0.0706748068998
1.399,0.373476054393,0.448160276654,0.373476054393,0.0672256927696
1.4,0.0463557336624,0.0556252333706,0.0463557336624,0.00834403474016
1.401,0.626008738708,0.751184060607,0.626008738708,0.11268157538
1.402,-0.161755615837,-0.194098736652,-0.161755615837,-0.029116008679
1.403,0.0634105120292,0.0760889806291,0.0634105120292,0.0114138941197
1.404,-0.166707908972,-0.200038535431,-0.166707908972,-0.0300074218561
1.405,0.751834312915,0.902145012747,0.751834312915,0.135330177908
1.406,-0.724987626415,-0.869924063019,-0.724987626415,-0.13049777133
1.407,-0.722216780311,-0.866591960636,-0.722216780311,-0.129999019174
1.408,-1.11903067059,-1.34271918389,-1.11903067059,-0.201425519553
1.409,-0.033075376599,-0.039686602054,-0.033075376599,-0.00595356674917
1.41,-1.53175825352,-1.83791344201,-1.53175825352,-0.275716484699
1.411,0.00183708511871,0.00220424366954,0.00183708511871,0.000330676162673
1.412,0.683857161356,0.820523477443,0.683857161356,0.123094289801
1.413,0.0728891001021,0.0874547258081,0.0728891001021,0.0131200386998
1.414,0.161441526534,0.193700536053,0.161441526534,0.0290594753895
1.415,0.55364430897,0.664264543898,0.55364430897,0.0996559761666
1.416,-1.5734748546,-1.88783700685,-1.5734748546,-0.283225473331
1.417,0.801104058162,0.961142691917,0.801104058162,0.144198730916
1.418,-0.167554201198,-0.201024179315,-0.167554201198,-0.0301597558133
1.419,1.08325415548,1.29962234944,1.08325415548,0.194985748348
1.42,0.528995260882,0.634646971491,0.528995260882,0.0952191472846
1.421,-0.749195661103,-0.898812490258,-0.749195661103,-0.134855218705
1.422,-0.687315133278,-0.824561319669,-0.687315133278,-0.123716723726
1.423,-0.0324133541689,-0.0388851720201,-0.0324133541689,-0.00583440351279
1.424,0.597864679669,0.717225524603,0.597864679669,0.107615642554
1.425,1.46663192215,1.75940796829,1.46663192215,0.26399374618
1.426,1.90678099552,2.28738152452,1.90678099552,0.343220579366
1.427,0.145836326613,0.174942639794,0.145836326613,0.0262505389462
1.428,1.51605545164,1.81859922549,1.51605545164,0.272889981435
1.429,-1.2641225743,-1.51636185272,-1.2641225743,-0.227542063247
1.43,1.22717003261,1.47200723449,1.22717003261,0.220890605984
1.431,-1.78528181908,-2.14142721021,-1.78528181908,-0.321350727332
1.432,0.121293545997,0.145487389162,0.121293545997,0.0218328383715
1.433,-0.0145337253441,-0.017432333304,-0.0145337253441,-0.00261607047909
1.434,1.69417775153,2.03202128492,1.69417775153,0.30495199535
1.435,0.931460926103,1.11718325595,0.931460926103,0.167662966766
1.436,2.00205264175,2.40118465251,2.00205264175,0.360369475575
1.437,0.442953980941,0.53124977205,0.442953980941,0.0797317166237
1.438,2.06624589621,2.47806118116,2.06624589621,0.371924261366
1.439,1.76391084176,2.11541858092,1.76391084176,0.317503951561
1.44,1.6421442928,1.96933888671,1.6421442928,0.295585972743
1.441,1.72126480327,2.06417292613,1.72126480327,0.309827664625
1.442,1.07227803979,1.28586341611,1.07227803979,0.193010047194
1.443,-1.1909168412,-1.42809696663,-1.1909168412,-0.214365031387
1.444,0.140328061777,0.168271051814,0.140328061777,0.0252590511458
1.445,0.984247072194,1.1802049414,0.984247072194,0.177164473018
1.446,-0.745293560078,-0.893652905543,-0.745293560078,-0.134152840793
1.447,-1.68114927593,-2.01574587019,-1.68114927593,-0.302606869649
1.448,0.0408722852028,0.0490056563557,0.0408722852028,0.00735701135357
1.449,-0.511685302959,-0.613490460546,-0.511685302959,-0.0921033545172
1.45,0.938063066353,1.1246678508,0.938063066353,0.168851351957
1.451,0.486411308274,0.583153747491,0.486411308274,0.0875540355017
1.452,1.81224492257,2.17261740955,1.81224492257,0.326204086074
1.453,0.228165788827,0.273529163879,0.228165788827,0.041069841999
1.454,-1.06518542216,-1.27692345491,-1.06518542216,-0.19173337598
1.455,-0.329586594422,-0.395089528924,-0.329586594422,-0.0593255869878
1.456,0.019992467738,0.0239650592424,0.019992467738,0.00359864420017
1.457,-0.388117110809,-0.46522260279,-0.388117110809,-0.069861079939
1.458,-0.854188923181,-1.02385311935,-0.854188923181,-0.153754006167
1.459,0.399184382376,0.478456832941,0.399184382376,0.071853188833
1.46,-1.03226329507,-1.23721447746,-1.03226329507,-0.185807393108
1.461,-1.68132157851,-2.0150711044,-1.68132157851,-0.302637884128
1.462,-0.170861918551,-0.204771607231,-0.170861918551,-0.0307551453352
1.463,0.217405914089,0.260543640996,0.217405914089,0.0391330645395
1.464,0.86496855709,1.03655869625,0.86496855709,0.155694340279
1.465,-1.29612969122,-1.55319607747,-1.29612969122,-0.233303344417
1.466,-0.0606973111003,-0.0727329690159,-0.0606973111003,-0.0109255159955
1.467,-2.22375268176,-2.66460095168,-2.22375268176,-0.400275482714
1.468,0.810148449164,0.970719871835,0.810148449164,0.145826720852
1.469,-0.269605783667,-0.323029312334,-0.269605783667,-0.0485290410581
1.47,0.916837580979,1.09847035157,0.916837580979,0.165030764578
1.471,-0.687625988564,-0.823817875866,-0.687625988564,-0.12377267794
1.472,-0.934137309794,-1.11910912043,-0.934137309794,-0.168144715762
1.473,-0.397889643822,-0.476658049733,-0.397889643822,-0.0716201358868
1.474,1.26324320253,1.51326029445,1.26324320253,0.227383776457
1.475,-0.46817913431,-0.560816630496,-0.46817913431,-0.0842722441748
1.476,-2.03847550908,-2.44172236733,-2.03847550908,-0.366925591634
1.477,1.03194039578,1.23602468004,1.03194039578,0.185749271242
1.478,1.40314339889,1.68056813101,1.40314339889,0.2525658118
1.479,0.259551192383,0.310855405139,0.259551192383,0.0467192146296
1.48,0.446541150709,0.534783503775,0.446541150709,0.0803774071282
1.481,-0.552231833576,-0.661330975873,-0.552231833576,-0.0994017300432
1.482,1.14758878894,1.3742458277,1.14758878894,0.20656598201
1.483,-0.290814946743,-0.348237349668,-0.290814946743,-0.0523466904134
1.484,0.32947323973,0.394510946292,0.32947323973,0.0593051831518
1.485,0.170949775424,0.204685710141,0.170949775424,0.0307709595768
1.486,0.616610615422,0.738260880063,0.616610615422,0.110989910776
1.487,2.13316621107,2.55389604658,2.13316621107,0.383969917993
1.488,1.04207301662,1.24754472114,1.04207301662,0.187573142993
1.489,-0.788567869853,-0.944009346632,-0.788567869853,-0.141942216573
1.49,-0.696283008363,-0.833493177132,-0.696283008363,-0.125330941505
1.491,0.0927755499372,0.111052570753,0.0927755499372,0.0166995989889
1.492,0.260280791802,0.311541435685,0.260280791802,0.0468505425246
1.493,1.36030105101,1.62812273731,1.36030105101,0.244854189183
1.494,-1.03174092619,-1.23481235874,-1.03174092619,-0.185713366715
1.495,0.944206358667,1.12999162148,0.944206358667,0.16995714456
1.496,-0.931165330564,-1.11432759375,-0.931165330564,-0.167609759501
1.497,-0.858124608137,-1.02686657949,-0.858124608137,-0.154462429465
1.498,-1.94584136754,-2.32835106346,-1.94584136754,-0.350251446157
1.499,1.17947738662,1.41126252313,1.17947738662,0.212305929591
1.5,0.270632312709,0.323798467772,0.270632312709,0.0487138162877
1.501,-0.629998556261,-0.753722424964,-0.629998556261,-0.113399740127
1.502,0.565788613258,0.67686587454,0.565788613258,0.101841950386
1.503,2.20371048961,2.63620561018,2.20371048961,0.39666788813
1.504,1.36256779699,1.62989256282,1.36256779699,0.245262203459
1.505,-0.828424644508,-0.990899879296,-0.828424644508,-0.149116436011
1.506,1.12641195849,1.3472547309,1.12641195849,0.202754152528
1.507,-0.0320250840416,-0.0383017161796,-0.0320250840416,-0.00576451512745
1.508,-0.800082067481,-0.956836589669,-0.800082067481,-0.144014772146
1.509,-0.322273587598,-0.385392292984,-0.322273587598,-0.0580092457675
1.51,0.95594253478,1.14310194298,0.95594253478,0.17206965626
1.511,1.2966711163,1.55044966127,1.2966711163,0.233400800934
1.512,0.141987881304,0.169767111912,0.141987881304,0.0255578186347
1.513,-1.16626010384,-1.39435044754,-1.16626010384,-0.20992681869
1.514,1.03965445671,1.24290968374,1.03965445671,0.187137802208
1.515,-1.36427114279,-1.63089149325,-1.36427114279,-0.245568805702
1.516,-0.688996118384,-0.823597014154,-0.688996118384,-0.124019301309
1.517,0.308654871405,0.36893047342,0.308654871405,0.0555578768529
1.518,-0.201590866373,-0.240943625764,-0.201590866373,-0.0362863559472
1.519,1.22999223989,1.47000885066,1.22999223989,0.221398603181
1.52,-0.445408728695,-0.532290948586,-0.445408728695,-0.0801735711651
1.521,-0.914833898585,-1.09321398079,-0.914833898585,-0.164670101745
1.522,-0.21065891462,-0.251718498691,-0.21065891462,-0.0379186046315
1.523,-0.689371198367,-0.823683903507,-0.689371198367,-0.124086815706
1.524,-2.13074514727,-2.54572154008,-2.13074514727,-0.383534126509
1.525,0.909635100143,1.08672169128,0.909635100143,0.163734318026
1.526,1.27049602356,1.51773504951,1.27049602356,0.228689284241
1.527,-1.55194194381,-1.85382802551,-1.55194194381,-0.279349549886
1.528,-0.694736443117,-0.829822419179,-0.694736443117,-0.125052559761
1.529,-0.777850223969,-0.929034765462,-0.777850223969,-0.140013040314
1.53,0.359438515412,0.429270742932,0.359438515412,0.0646989327742
1.531,-0.151691540975,-0.181150078256,-0.151691540975,-0.0273044773754
1.532,-1.9489541794,-2.3272823056,-1.9489541794,-0.350811752293
1.533,-0.665713667352,-0.794886240344,-0.665713667352,-0.119828460123
1.534,0.810468242997,0.967661287736,0.810468242997,0.145884283739
1.535,-2.12609356003,-2.53827917491,-2.12609356003,-0.382696840805
1.536,1.1962636814,1.42808275138,1.1962636814,0.215327462653
1.537,-0.0310138813917,-0.0370213123903,-0.0310138813917,-0.00558249865051
1.538,-1.49628759632,-1.78599314793,-1.49628759632,-0.269331767338
1.539,-0.136485579778,-0.162899704597,-0.136485579778,-0.0245674043601
1.54,-0.606012262762,-0.723241847134,-0.606012262762,-0.109082207297
1.541,0.0291605241673,0.0347989274466,0.0291605241673,0.00524889435011
1.542,1.0366917243,1.23705313198,1.0366917243,0.186604510374
1.543,1.49619587471,1.78523402276,1.49619587471,0.269315257447
1.544,0.431216700445,0.514481835428,0.431216700445,0.0776190060802
1.545,1.01370107924,1.20934982397,1.01370107924,0.182466194263
1.546,-0.971343234463,-1.15872962553,-0.971343234463,-0.174841782203
1.547,0.762717573595,0.909788179323,0.762717573595,0.137289163247
1.548,1.73692189187,2.07168519647,1.73692189187,0.312645940537
1.549,-0.369514601974,-0.440698738018,-0.369514601974,-0.0665126283554
1.55,-1.37692101266,-1.6420476249,-1.37692101266,-0.247845782279
1.551,0.383185759921,0.456932862343,0.383185759921,0.0689734367858
1.552,0.828744453145,0.988165685345,0.828744453145,0.149174001566
1.553,-0.786683555377,-0.937940089933,-0.786683555377,-0.141603039968
1.554,-0.298694488515,-0.356096676826,-0.298694488515,-0.0537650079327
1.555,-1.08562051431,-1.29414884372,-1.08562051431,-0.195411692575
1.556,-0.713895040129,-0.850953480362,-0.713895040129,-0.128501107223
1.557,1.20388688783,1.43490185384,1.20388688783,0.21669963981
1.558,0.497423763151,0.592826884353,0.497423763151,0.0895362773672
1.559,-1.25970168777,-1.5011832621,-1.25970168777,-0.226746303799
1.56,1.42085892615,1.69309526036,1.42085892615,0.255754606706
1.561,-0.575885816759,-0.686168914891,-0.575885816759,-0.103659447017
1.562,-1.15770254745,-1.37929023032,-1.15770254745,-0.208386458541
1.563,-1.30843857339,-1.5587476629,-1.30843857339,-0.23551894321
1.564,0.755690048916,0.900180863808,0.755690048916,0.136024208805
1.565,0.930107937373,1.1078547174,0.930107937373,0.167419428727
1.566,-1.15715921285,-1.37817940921,-1.15715921285,-0.208288658312
1.567,-1.27850099861,-1.52256794163,-1.27850099861,-0.230130179751
1.568,0.529866269723,0.630964092867,0.529866269723,0.0953759285501
1.569,-0.0717293219755,-0.0854078223909,-0.0717293219755,-0.0129112779556
1.57,-0.509974345649,-0.607171805046,-0.509974345649,-0.0917953822168
1.571,0.677021068267,0.805986161629,0.677021068267,0.121863792288
1.572,0.549538246967,0.654161907819,0.549538246967,0.0989168844541
1.573,-0.0426290007922,-0.0507404363116,-0.0426290007922,-0.0076732201426
1.574,0.515910502651,0.614023399105,0.515910502651,0.0928638904772
1.575,-0.176949012741,-0.210581393602,-0.176949012741,-0.0318508222934
1.576,-0.987162585836,-1.17468555636,-0.987162585836,-0.17768926545
1.577,-0.722984740763,-0.860246579622,-0.722984740763,-0.130137253337
1.578,-1.00730857967,-1.19844202256,-1.00730857967,-0.181315544341
1.579,0.502079054932,0.597292503292,0.502079054932,0.0903742298878
1.58,-0.535452546679,-0.636936596136,-0.535452546679,-0.0963814584022
1.581,-1.33063855673,-1.58268819639,-1.33063855673,-0.239514940211
1.582,0.232658987961,0.276703677727,0.232658987961,0.041878617833
1.583,0.759594045617,0.903308873526,0.759594045617,0.136726928211
1.584,-1.19165592212,-1.4169842383,-1.19165592212,-0.214498065981
1.585,-0.0333711463221,-0.0396775163354,-0.0333711463221,-0.00600680633798
1.586,0.646767717691,0.768919172205,0.646767717691,0.116418189184
1.587,0.415561746864,0.493999728689,0.415561746864,0.0748011144355
1.588,-0.121693573544,-0.144649645887,-0.121693573544,-0.0219048432378
1.589,-0.794833117942,-0.944678560228,-0.794833117942,-0.14306996123
1.59,0.448632330103,0.533159113503,0.448632330103,0.0807538194185
1.591,0.751414802036,0.892902362738,0.751414802036,0.135254664367
1.592,-0.115495141436,-0.137228933636,-0.115495141436,-0.0207891254585
1.593,-0.133964943619,-0.159158807862,-0.133964943619,-0.0241136898515
1.594,1.05262175187,1.25045820752,1.05262175187,0.189471915336
1.595,0.069922266773,0.0830557033811,0.069922266773,0.0125860080191
1.596,-0.198883389876,-0.236216041058,-0.198883389876,-0.0357990101777
1.597,-0.309091983758,-0.367075430647,-0.309091983758,-0.0556365570764
1.598,3.17867609653,3.77459486218,3.17867609653,0.572161697375
1.599,-1.0061432065,-1.19464852652,-1.0061432065,-0.181105777169
1.6,0.475485942701,0.564513210743,0.475485942701,0.0855874696862
1.601,-0.516498958803,-0.613142957427,-0.516498958803,-0.0929698125845
1.602,-0.124957066496,-0.148323092608,-0.124957066496,-0.0224922719692
1.603,0.583403195703,0.692424143993,0.583403195703,0.105012575227
1.604,-1.87363374583,-2.22353176389,-1.87363374583,-0.33725407425
1.605,1.7150162192,2.0350819367,1.7150162192,0.308702919456
1.606,2.1871034127,2.59500265784,2.1871034127,0.393678614287
1.607,1.99715029637,2.36937526087,1.99715029637,0.359487053346
1.608,0.0960212670676,0.113905563164,0.0960212670676,0.0172838280722
1.609,0.133366798876,0.15819014489,0.133366798876,0.0240060237976
1.61,1.63532007833,1.93949404322,1.63532007833,0.294357614099
1.611,0.0150169062916,0.0178081960058,0.0150169062916,0.00270304313249
1.612,-0.194589644026,-0.230734611564,-0.194589644026,-0.0350261359247
1.613,-1.11809334793,-1.32563646909,-1.11809334793,-0.201256802627
1.614,-0.429733998067,-0.509447272532,-0.429733998067,-0.0773521196521
1.615,-1.179392624,-1.39801191772,-1.179392624,-0.212290672321
1.616,-0.986303461007,-1.16900334285,-0.986303461007,-0.177534622981
1.617,0.0169019385239,0.0200306127188,0.0169019385239,0.0030423489343
1.618,-1.34574095056,-1.59467246661,-1.34574095056,-0.242233371101
1.619,-0.925614089254,-1.09671071471,-0.925614089254,-0.166610536066
1.62,0.38299697257,0.453742400042,0.38299697257,0.0689394550625
1.621,0.696268258302,0.824787942595,0.696268258302,0.125328286494
1.622,-0.947490702396,-1.1222565224,-0.947490702396,-0.170548326431
1.623,0.801937379649,0.949749128397,0.801937379649,0.144348728337
1.624,0.951828566739,1.12714097396,0.951828566739,0.171329142013
1.625,-0.390328264481,-0.462168508773,-0.390328264481,-0.0702590876065
1.626,-1.14637255119,-1.35720910992,-1.14637255119,-0.206347059215
1.627,1.19087331563,1.4097333689,1.19087331563,0.214357196813
1.628,0.869031005027,1.0286245999,0.869031005027,0.156425580905
1.629,0.544833333992,0.644815273319,0.544833333992,0.0980700001186
1.63,-0.724914634938,-0.857843990802,-0.724914634938,-0.130484634289
1.631,0.545134232585,0.645021947779,0.545134232585,0.0981241618652
1.632,0.909833365866,1.07642129011,0.909833365866,0.163770005856
1.633,1.79160911914,2.11939964224,1.79160911914,0.322489641446
1.634,0.70222537528,0.830606020895,0.70222537528,0.12640056755
1.635,1.07329279361,1.26936208992,1.07329279361,0.19319270285
1.636,0.143534129542,0.169734855619,0.143534129542,0.0258361433176
1.637,-1.24558640849,-1.47278058975,-1.24558640849,-0.224205553529
1.638,-0.0342512373557,-0.0404938046062,-0.0342512373557,-0.00616522272403
1.639,-1.21914242205,-1.44116822491,-1.21914242205,-0.219445635969
1.64,-0.314743287107,-0.372018398289,-0.314743287107,-0.0566537916792
1.641,-1.30307503384,-1.54001469469,-1.30307503384,-0.234553506092
1.642,-1.0837770095,-1.28068600541,-1.0837770095,-0.195079861709
1.643,2.41623169734,2.85488347596,2.41623169734,0.434921705522
1.644,0.421165286047,0.497564340596,0.421165286047,0.0758097514884
1.645,-0.905313612565,-1.06940544616,-0.905313612565,-0.162956450262
1.646,1.77125305676,2.09204202899,1.77125305676,0.318825550217
1.647,2.24381495087,2.64986087053,2.24381495087,0.403886691156
1.648,0.691855645958,0.816953912247,0.691855645958,0.124534016272
1.649,0.549084342232,0.648286458889,0.549084342232,0.0988351816018
1.65,-1.18669034223,-1.40091218501,-1.18669034223,-0.213604261601
1.651,0.3306600655,0.390301892266,0.3306600655,0.0595188117899
1.652,0.062791677524,0.0741081872568,0.062791677524,0.0113025019543
1.653,-0.0467358794998,-0.055151777005,-0.0467358794998,-0.00841245830997
1.654,-0.867807185975,-1.02394612893,-0.867807185975,-0.156205293475
1.655,0.917095344454,1.08196427706,0.917095344454,0.165077162002
1.656,0.848155783528,1.00050305343,0.848155783528,0.152668041035
1.657,0.534279202986,0.630166348657,0.534279202986,0.0961702565374
1.658,0.260424072899,0.307122761079,0.260424072899,0.0468763331219
1.659,1.79010065921,2.11082416842,1.79010065921,0.322218118658
1.66,-0.914912401394,-1.07869245083,-0.914912401394,-0.164684232251
1.661,0.370600263071,0.436885024344,0.370600263071,0.0667080473528
1.662,0.852840562169,1.00524606779,0.852840562169,0.15351130119
1.663,-1.51887451617,-1.7900671449,-1.51887451617,-0.27339741291
1.664,-0.804589184658,-0.948122161125,-0.804589184658,-0.144826053238
1.665,0.930858159291,1.09677132895,0.930858159291,0.167554468672
1.666,-1.24348229803,-1.46492182172,-1.24348229803,-0.223826813645
1.667,-0.14996882064,-0.176651719879,-0.14996882064,-0.0269943877152
1.668,-1.04321386932,-1.2286610455,-1.04321386932,-0.187778496477
1.669,1.00489905124,1.18337613499,1.00489905124,0.180881829223
1.67,1.20401680777,1.41766737173,1.20401680777,0.216723025398
1.671,1.90707061648,2.24517285832,1.90707061648,0.343272710966
1.672,-0.667284320075,-0.785479641591,-0.667284320075,-0.120111177614
1.673,1.65077441221,1.94290934437,1.65077441221,0.297139394198
1.674,-0.0424527996187,-0.049958769127,-0.0424527996187,-0.00764150393137
1.675,-0.002780724942,-0.00327192848151,-0.002780724942,-0.000500530489561
1.676,1.34430265685,1.58155024233,1.34430265685,0.241974478234
1.677,-0.380583227652,-0.447688086655,-0.380583227652,-0.0685049809773
1.678,-0.230283268012,-0.270849490879,-0.230283268012,-0.0414509882421
1.679,0.522759720011,0.614762394474,0.522759720011,0.0940967496019
1.68,-1.73316047737,-2.03790193319,-1.73316047737,-0.311968885927
1.681,-1.7811637341,-2.0940520205,-1.7811637341,-0.320609472138
1.682,0.551959376237,0.648828092883,0.551959376237,0.0993526877227
1.683,-0.116386440152,-0.136792918003,-0.116386440152,-0.0209495592274
1.684,0.0538019216507,0.0632262618237,0.0538019216507,0.00968434589713
1.685,-1.36075691978,-1.59888986005,-1.36075691978,-0.244936245561
1.686,0.442305837523,0.519635409266,0.442305837523,0.0796150507542
1.687,-1.72084499897,-2.02141591085,-1.72084499897,-0.309752099815
1.688,0.857745823607,1.00741911665,0.857745823607,0.154394248249
1.689,-0.713566118281,-0.83795989997,-0.713566118281,-0.128441901291
1.69,0.0184071172099,0.0216128492241,0.0184071172099,0.00331328109778
1.691,0.830317366912,0.974781746825,0.830317366912,0.149457126044
1.692,-0.639164068708,-0.750261100851,-0.639164068708,-0.115049532367
1.693,0.995677923434,1.16857221559,0.995677923434,0.179222026218
1.694,0.12109963868,0.142107145796,0.12109963868,0.0217979349624
1.695,0.358016231743,0.420060618904,0.358016231743,0.0644429217137
1.696,0.594255093627,0.69713700331,0.594255093627,0.106965916853
1.697,0.196425898218,0.230398544806,0.196425898218,0.0353566616793
1.698,-0.694730148559,-0.81476559497,-0.694730148559,-0.125051426741
1.699,-0.687131431581,-0.805734004936,-0.687131431581,-0.123683657685
1.7,0.269360686551,0.315806613287,0,0.0484849235792
1.701,0.447327208,0.52438136115,0,0.0805188974401
1.702,0.0722944557134,0.0847347664979,0,0.0130130020284
1.703,-1.17820596169,-1.38074145141,-0,-0.212077073103
1.704,-0.410160087103,-0.480594544297,-0,-0.0738288156785
1.705,-2.05737184717,-2.4103067396,-0,-0.37032693249
1.706,-0.273420916487,-0.320276541306,-0,-0.0492157649677
1.707,0.744029914963,0.871399799059,0,0.133925384693
1.708,0.740210926642,0.866794211824,0,0.133237966796
1.709,-1.56776977544,-1.83559151468,-0,-0.282198559579
1.71,-0.0609483169796,-0.0713491008447,-0,-0.0109706970563
1.711,1.22148132848,1.42970502184,0,0.219866639127
1.712,-0.518805373122,-0.607150963065,-0,-0.0933849671619
1.713,1.45929540571,1.70752802836,0,0.262673173028
1.714,-0.689304257148,-0.806432050295,-0,-0.124074766287
1.715,0.660754170256,0.772909623787,0,0.118935750646
1.716,0.20217705449,0.236457144228,0,0.0363918698083
1.717,0.957620238616,1.11981286896,0,0.172371642951
1.718,0.220509518788,0.257816573775,0,0.0396917133819
1.719,-0.540621412657,-0.631986610163,-0,-0.0973118542782
1.72,-0.0795674353031,-0.0929995670061,-0,-0.0143221383546
1.721,0.92380641872,1.07958605242,0,0.16628515537
1.722,0.496874312535,0.58056833816,0,0.0894373762563
1.723,1.35579363822,1.58391071481,0,0.244042854879
1.724,0.987470882361,1.15343067183,0,0.177744758825
1.725,1.27396013986,1.48782865831,0,0.229312825174
1.726,2.02471187752,2.36423140953,0,0.364448137953
1.727,-0.646622689605,-0.754930816997,-0,-0.116392084129
1.728,-0.949841120876,-1.10875715055,-0,-0.170971401758
1.729,0.149521910805,0.174509609503,0,0.0269139439449
1.73,-0.772296321569,-0.90121270634,-0,-0.139013337882
1.731,0.986446725559,1.15092121907,0,0.177560410601
1.732,-1.12652285179,-1.31413619995,-0,-0.202774113322
1.733,0.45244503433,0.527708877365,0,0.0814401061793
1.734,1.20634474819,1.40678588721,0,0.217142054675
1.735,-0.379675425165,-0.442687066325,-0,-0.0683415765297
1.736,0.014733305166,0.0171756072485,0,0.00265199492988
1.737,0.137434898494,0.160190332407,0,0.0247382817289
1.738,0.808072676914,0.94170927741,0,0.145453081845
1.739,-1.66159994936,-1.93606456664,-0,-0.299087990885
1.74,-0.181669335771,-0.21164193533,-0,-0.0327004804388
1.741,0.00297041628115,0.00345990306763,0,0.000534674930607
1.742,1.64430652377,1.91494235029,0,0.295975174278
1.743,1.30081290341,1.51465547506,0,0.234146322614
1.744,0.0993639350923,0.115678778374,0,0.0178855083166
1.745,-0.543345878222,-0.632451120101,-0,-0.09780225808
1.746,-1.01513636667,-1.1814094578,-0,-0.182724546001
1.747,0.300563664636,0.349733948815,0,0.0541014596346
1.748,-2.20845321215,-2.56929850436,-0,-0.397521578187
1.749,-0.792902857496,-0.922297817419,-0,-0.142722514349
1.75,-0.104957288504,-0.122064233039,-0,-0.0188923119307
1.751,1.40036601365,1.62832766733,0,0.252065882458
1.752,0.648217314054,0.753607258097,0,0.11667911653
1.753,-1.05721302482,-1.22888415814,-0,-0.190298344468
1.754,0.222956425808,0.259114799677,0,0.0401321566455
1.755,0.503055244611,0.58453629255,0,0.0905499440299
1.756,0.481745661647,0.559676376064,0,0.0867142190965
1.757,-0.212092850765,-0.246358951074,-0,-0.0381767131377
1.758,-0.661144720454,-0.76782419644,-0,-0.119006049682
1.759,-0.68457597142,-0.794894777136,-0,-0.123223674856
1.76,0.238121623778,0.276445388341,0,0.0428618922801
1.761,-1.08566601498,-1.26016980326,-0,-0.195419882696
1.762,-1.03508446986,-1.20124258265,-0,-0.186315204574
1.763,0.624521390695,0.724643056228,0,0.112413850325
1.764,-0.192437123644,-0.223247885251,-0,-0.034638682256
1.765,-1.55681429286,-1.80574647718,-0,-0.280226572714
1.766,-1.16403809965,-1.34992120743,-0,-0.209526857936
1.767,-1.95069483053,-2.26178649333,-0,-0.351125069495
1.768,-1.10336867067,-1.27909782137,-0,-0.19860636072
1.769,0.11488834203,0.133161813202,0,0.0206799015654
1.77,-0.206350194097,-0.239127231714,-0,-0.0371430349375
1.771,-0.341940299791,-0.396181916485,-0,-0.0615492539623
1.772,0.436452887475,0.505593784949,0,0.0785615197455
1.773,-0.324530575168,-0.375871813901,-0,-0.0584155035302
1.774,1.23013626739,1.42448190582,0,0.22142452813
1.775,-0.80798087894,-0.935457714606,-0,-0.145436558209
1.776,-1.91198920797,-2.21323570074,-0,-0.344158057435
1.777,-0.706598425629,-0.817775015366,-0,-0.127187716613
1.778,1.1591053132,1.34122858367,0,0.208638956375
1.779,-0.0818007692347,-0.0946358772095,-0,-0.0147241384622
1.78,-0.389070580015,-0.450033793626,-0,-0.0700327044027
1.781,1.24756777528,1.44277624099,0,0.22456219955
1.782,-1.45782084334,-1.6856091393,-0,-0.262407751802
1.783,-0.587543436879,-0.679219864985,-0,-0.105757818638
1.784,1.32546660846,1.53199256668,0,0.238583989523
1.785,-0.393480365558,-0.454703386956,-0,-0.0708264658004
1.786,-0.711971045565,-0.822592035955,-0,-0.128154788202
1.787,1.47534705018,1.70424958036,0,0.265562469033
1.788,0.441399040932,0.509784952484,0,0.0794518273678
1.789,-0.13440098501,-0.155193844443,-0,-0.0241921773019
1.79,-0.629161964988,-0.726357963421,-0,-0.113249153698
1.791,0.383280430902,0.442405868878,0,0.0689904775623
1.792,-0.565185407437,-0.652245293928,-0,-0.101733373339
1.793,-1.12707403154,-1.30043313622,-0,-0.202873325678
1.794,-2.17518663411,-2.50927042813,-0,-0.39153359414
1.795,0.435530364038,0.502324694353,0,0.0783954655268
1.796,-0.322135947834,-0.371466983201,-0,-0.0579844706102
1.797,1.33549157302,1.53970282095,0,0.240388483143
1.798,-0.677210312764,-0.780609498944,-0,-0.121897856298
1.799,-0.658442492803,-0.758826385249,-0,-0.118519648705
1.8,-1.48055874865,-1.70594219469,-0,-0.266500574758
1.801,-0.0549212277237,-0.0632692644656,-0,-0.00988582099026
1.802,-0.267381810033,-0.307962671877,-0,-0.0481287258059
1.803,0.476375744789,0.548566548899,0,0.0857476340621
1.804,1.47114571398,1.69374731853,0,0.264806228516
1.805,1.61057245206,1.85389970225,0,0.289903041371
1.806,-1.05089458593,-1.20942223915,-0,-0.189161025468
1.807,-1.39949818493,-1.61028872308,-0,-0.251909673287
1.808,-0.0368967627873,-0.0424455417922,-0,-0.00664141730172
1.809,0.817885130374,0.940693892088,0,0.147219323467
1.81,0.595482939895,0.684758321426,0,0.107186929181
1.811,0.353988691451,0.406976333857,0,0.0637179644611
1.812,0.9677992134,1.11243999088,0,0.174203858412
1.813,0.163109561606,0.187448555678,0,0.029359721089
1.814,1.00680723774,1.15680496992,0,0.181225302793
1.815,0.134846400677,0.154904524628,0,0.0242723521219
1.816,0.89860986864,1.03206403674,0,0.161749776355
1.817,0.565743642884,0.649629366832,0,0.101833855719
1.818,-1.4462125672,-1.66030697341,-0,-0.260318262096
1.819,1.64015447324,1.88256983994,0,0.295227805183
1.82,0.20465359287,0.234852717245,0,0.0368376467165
1.821,1.44241446909,1.65491596949,0,0.259634604437
1.822,-0.817523778936,-0.937768671024,-0,-0.147154280208
1.823,0.960398673395,1.10142800799,0,0.172871761211
1.824,-1.02255610079,-1.17246729045,-0,-0.184060098143
1.825,-0.014926692849,-0.0171114181225,-0,-0.00268680471283
1.826,-0.276553450342,-0.316964112437,-0,-0.0497796210616
1.827,1.01315654308,1.16095652973,0,0.182368177755
1.828,0.486590804248,0.55745714246,0,0.0875863447647
1.829,-0.712339703932,-0.815910851381,-0,-0.128221146708
1.83,-0.257462654067,-0.294833996228,-0,-0.0463432777321
1.831,0.151794138118,0.173790433192,0,0.0273229448613
1.832,0.762565996366,0.872882200456,0,0.137261879346
1.833,0.571951671542,0.654552763552,0,0.102951300878
1.834,-0.0489991306927,-0.0560635528608,-0,-0.00881984352468
1.835,1.04523591489,1.19567532764,0,0.18814246468
1.836,-1.28915125996,-1.47437959782,-0,-0.232047226793
1.837,-0.00031259271075,-0.000357429638301,-0,-5.62666879351e-05
1.838,1.22105771907,1.39589893814,0,0.219790389433
1.839,-2.38139812036,-2.72179647321,-0,-0.428651661665
1.84,-0.590440498613,-0.67469178835,-0,-0.10627928975
1.841,-0.883775641176,-1.00966371154,-0,-0.159079615412
1.842,2.53611156684,2.89673187155,0,0.456500082032
1.843,-0.296437306142,-0.338514917816,-0,-0.0533587151056
1.844,-0.575227576568,-0.656733925969,-0,-0.103540963782
1.845,1.55256391162,1.77216366999,0,0.279461504092
1.846,0.562315436441,0.64170987797,0,0.101216778559
1.847,1.13402733465,1.29385737877,0,0.204124920238
1.848,0.379348705044,0.432718480608,0,0.0682827669079
1.849,-1.04333329066,-1.18985391742,-0,-0.187799992319
1.85,-0.0493619724573,-0.0562816233742,-0,-0.00888515504231
1.851,-0.500471626516,-0.570501630632,-0,-0.0900848927729
1.852,-0.834812556065,-0.951413937218,-0,-0.150266260092
1.853,0.169350909941,0.192961633465,0,0.0304831637894
1.854,-1.10753576768,-1.26166448207,-0,-0.199356438182
1.855,-0.437384409999,-0.498140541118,-0,-0.0787291937998
1.856,-0.0798654626539,-0.0909389345789,-0,-0.0143757832777
1.857,-0.0972762034715,-0.110738723152,-0,-0.0175097166249
1.858,-0.587640834065,-0.668816075657,-0,-0.105775350132
1.859,-1.54876822808,-1.7623119798,-0,-0.278778281054
1.86,-0.124778441736,-0.141950633362,-0,-0.0224601195124
1.861,-0.548810598876,-0.624196701621,-0,-0.0987859077976
1.862,0.0259538035468,0.0295121590749,0,0.00467168463843
1.863,0.386590006389,0.439492402905,0,0.06958620115
1.864,0.397225759812,0.451480212653,0,0.0715006367661
1.865,-1.13888122719,-1.29413655979,-0,-0.204998620894
1.866,2.30042598753,2.61342523886,0,0.414076677756
1.867,0.00117117464381,0.00133021980354,0,0.000210811435887
1.868,0.615914432511,0.699393914108,0,0.110864597852
1.869,1.33774589947,1.51870913364,0,0.240794261904
1.87,1.53099115173,1.73769260815,0,0.275578407311
1.871,-0.771559015985,-0.875524912664,-0,-0.138880622877
1.872,-0.256168843531,-0.290619357473,-0,-0.0461103918355
1.873,0.900743502794,1.02164033259,0,0.162133830503
1.874,-0.952211303886,-1.07976357683,-0,-0.171398034699
1.875,-0.740985315581,-0.840046215253,-0,-0.133377356805
1.876,-0.227504664257,-0.257858770925,-0,-0.0409508395663
1.877,0.630506091786,0.714461290651,0,0.113491096521
1.878,0.809000936105,0.916507540572,0,0.145620168499
1.879,-0.0741952597173,-0.0840350702199,-0,-0.0133551467491
1.88,1.1136837251,1.26108238268,0,0.200463070519
1.881,-1.19028346029,-1.34750054662,-0,-0.214251022852
1.882,-0.154205263856,-0.174531774242,-0,-0.0277569474941
1.883,0.577805143646,0.653812546247,0,0.104004925856
1.884,-0.117381012104,-0.132790200316,-0,-0.0211285821788
1.885,1.49402783755,1.68975205549,0,0.268925010759
1.886,1.2848240633,1.45279341043,0,0.231268331394
1.887,0.144430348329,0.163272992132,0,0.0259974626993
1.888,-0.170269329235,-0.192436655198,-0,-0.0306484792622
1.889,-1.57649456369,-1.78130842282,-0,-0.283769021463
1.89,0.799630846498,0.903298398782,0,0.14393355237
1.891,-1.69443864708,-1.91364949398,-0,-0.304998956474
1.892,-0.710776921303,-0.802535953123,-0,-0.127939845835
1.893,-0.609325666263,-0.687820432221,-0,-0.109678619927
1.894,-1.24289230525,-1.40266289569,-0,-0.223720614945
1.895,-1.3272557239,-1.4975054554,-0,-0.238906030302
1.896,-0.0645397219156,-0.0728005533908,-0,-0.0116171499448
1.897,-1.37764527073,-1.55359769713,-0,-0.247976148732
1.898,-1.06519602148,-1.20094760108,-0,-0.191735283866
1.899,0.141176144735,0.159128873806,0,0.0254117060522
1.9,-0.616779827619,-0.695041550788,-0,-0.111020368971
1.901,-0.88118949153,-0.992756272861,-0,-0.158614108475
1.902,1.26247718141,1.42196654568,0,0.227245892654
1.903,0.334059980385,0.376168644363,0,0.0601307964693
1.904,0.235091932047,0.264659783295,0,0.0423165477684
1.905,-0.0204913231814,-0.0230628038191,-0,-0.00368843817265
1.906,-1.44727804731,-1.62849240946,-0,-0.260510048516
1.907,0.325186538771,0.365811852929,0,0.0585335769787
1.908,-0.26149987035,-0.294095195103,-0,-0.047069976663
1.909,-0.133075183194,-0.149625132861,-0,-0.0239535329749
1.91,0.652532552482,0.733500595966,0,0.117455859447
1.911,0.233419354135,0.262316586674,0,0.0420154837443
1.912,-1.46671450348,-1.64787727254,-0,-0.264008610626
1.913,-0.100227879949,-0.112579158283,-0,-0.0180410183909
1.914,1.17694141093,1.32164330464,0,0.211849453968
1.915,0.729644459645,0.819144380464,0,0.131336002736
1.916,-1.14705411408,-1.28742699826,-0,-0.206469740534
1.917,-1.91103666312,-2.14435680487,-0,-0.343986599361
1.918,1.29448744529,1.45216173078,0,0.233007740153
1.919,1.10042152632,1.23414197367,0,0.198075874737
1.92,1.38254549392,1.5501515725,0,0.248858188906
1.921,-0.0466612908432,-0.0523046088976,-0,-0.00839903235177
1.922,1.61897405069,1.81430944441,0,0.291415329125
1.923,0.403317965948,0.451863323829,0,0.0725972338707
1.924,-1.5461831875,-1.73184216559,-0,-0.278312973749
1.925,-1.49782345825,-1.6772415651,-0,-0.269608222485
1.926,0.274659413269,0.307480012184,0,0.0494386943884
1.927,-0.0747444559192,-0.083654361188,-0,-0.0134540020655
1.928,1.1499455526,1.2866898296,0,0.206990199468
1.929,-0.0142644083979,-0.0159564813901,-0,-0.00256759351162
1.93,0.898593644422,1.00492412169,0,0.161746855996
1.931,-0.203995566242,-0.228074644588,-0,-0.0367192019235
1.932,-2.42714366151,-2.71292569344,-0,-0.436885859072
1.933,-1.02020361824,-1.14002716533,-0,-0.183636651283
1.934,-0.27081487132,-0.302542618875,-0,-0.0487466768375
1.935,1.36142067604,1.52051914977,0,0.245055721687
1.936,0.853587714327,0.95308798449,0,0.153645788579
1.937,0.533785535752,0.595849684954,0,0.0960813964354
1.938,-1.29369655255,-1.44373403498,-0,-0.232865379459
1.939,0.410817515812,0.458340648069,0,0.0739471528461
1.94,0.0832303013974,0.0928336284419,0,0.0149814542515
1.941,-0.26182260214,-0.291954528347,-0,-0.0471280683852
1.942,-0.144301035675,-0.160864991051,-0,-0.0259741864214
1.943,0.0204163840752,0.0227538408133,0,0.00367494913353
1.944,0.916016140859,1.02061653271,0,0.164882905355
1.945,-0.535901553506,-0.596936122722,-0,-0.0964622796311
1.946,-0.742350450653,-0.826675334256,-0,-0.133623081118
1.947,0.00321763034576,0.00358216097438,0,0.000579173462237
1.948,-1.18583603021,-1.31982491891,-0,-0.213450485438
1.949,-0.791148217554,-0.880302745088,-0,-0.14240667916
1.95,0.542450814247,0.603416073931,0,0.0976411465645
1.951,2.00563363086,2.23043826432,0,0.361014053554
1.952,0.0828240585831,0.0920824770028,0,0.014908330545
1.953,1.55238004151,1.72544135916,0,0.279428407472
1.954,-0.381094307306,-0.423463585418,-0,-0.0685969753152
1.955,1.71647198686,1.90678431757,0,0.308964957635
1.956,-0.317425745521,-0.352523464084,-0,-0.0571366341938
1.957,0.0075237552081,0.00835336299838,0,0.00135427593746
1.958,0.78747784508,0.874068853515,0,0.141746012114
1.959,-0.084694075425,-0.0939811429699,-0,-0.0152449335765
1.96,-0.239783323666,-0.266003189594,-0,-0.0431609982598
1.961,1.63665071661,1.81511371273,0,0.29459712899
1.962,1.83217951043,2.0314007388,0,0.329792311877
1.963,2.41920445232,2.68151169403,0,0.435456801417
1.964,0.481880703813,0.53398121989,0,0.0867385266864
1.965,-0.579290847534,-0.641744604563,-0,-0.104272352556
1.966,-2.60155423846,-2.88122611559,-0,-0.468279762923
1.967,-2.16585274971,-2.39801596619,-0,-0.389853494948
1.968,1.26906757927,1.40470900133,0,0.228432164269
1.969,-0.109011250546,-0.120628852646,-0,-0.0196220250983
1.97,0.214454582407,0.237242915225,0,0.0386018248332
1.971,1.7264514841,1.90937016796,0,0.310761267139
1.972,-1.14124596411,-1.26180611783,-0,-0.205424273539
1.973,0.466021496119,0.515106144335,0,0.0838838693014
1.974,0.0764333739216,0.0844599858554,0,0.0137580073059
1.975,2.73844451553,3.02516383352,0,0.492920012795
1.976,0.0371324990054,0.0410086902141,0,0.00668384982097
1.977,-0.19259341494,-0.212637426593,-0,-0.0346668146892
1.978,0.102245579499,0.112854571115,0,0.0184042043098
1.979,1.35871551588,1.49926801365,0,0.244568792859
1.98,-0.0690835204084,-0.0762080966106,-0,-0.0124350336735
1.981,1.10825661709,1.22220114807,0,0.199486191077
1.982,-0.0366574959176,-0.0404148187981,-0,-0.00659834926517
1.983,-0.952153132895,-1.04944556176,-0,-0.171387563921
1.984,0.128679664798,0.141787549081,0,0.0231623396636
1.985,-1.09666508941,-1.20802810888,-0,-0.197399716094
1.986,1.33000305582,1.46463798459,0,0.239400550047
1.987,-2.3733796011,-2.61287888592,-0,-0.427208328199
1.988,-1.1187938195,-1.23133532547,-0,-0.20138288751
1.989,-0.201776604092,-0.222009256259,-0,-0.0363197887365
1.99,-0.271459520543,-0.298592661908,-0,-0.0488627136978
1.991,0.169090887438,0.18593785739,0,0.0304363597389
1.992,-0.604913882886,-0.664989094166,-0,-0.108884498919
1.993,2.11875259145,2.32848989113,0,0.381375466461
1.994,-0.0463459290128,-0.0509188548113,-0,-0.0083422672223
1.995,-1.70182192731,-1.86919177984,-0,-0.306327946915
1.996,1.21772475005,1.33709227224,0,0.21919045501
1.997,0.189253629392,0.207744123355,0,0.0340656532905
1.998,-0.506832032567,-0.556186773458,-0,-0.0912297658621
1.999,2.34792582107,2.57580410613,0,0.422626647792
2,2.04307637842,2.24070511632,0,0.367753748115
2.001,-1.95430672933,-2.14271426542,-0,-0.351775211279
2.002,-1.11342547079,-1.22040478648,-0,-0.200416584742
2.003,-0.817170011008,-0.895418728043,-0,-0.147090601981
2.004,0.512889709115,0.561834660432,0,0.0923201476406
2.005,-1.04132011212,-1.14035317197,-0,-0.187437620181
2.006,0.0632480085441,0.0692424356629,0,0.0113846415379
2.007,-2.26829605596,-2.482534922,-0,-0.408293290073
2.008,-1.43221265582,-1.56701469977,-0,-0.257798278047
2.009,-2.22501812289,-2.43371005814,-0,-0.40050326212
2.01,-0.776363002268,-0.848925584324,-0,-0.139745340408
2.011,-2.30812512344,-2.52309401266,-0,-0.415462522219
2.012,0.646929060505,0.706968111187,0,0.116447230891
2.013,-0.08599828609,-0.0939510906782,-0,-0.0154796914962
2.014,0.31036095711,0.338959464331,0,0.0558649722797
2.015,-2.15662443437,-2.35463525234,-0,-0.388192398186
2.016,0.202295318871,0.220802089021,0,0.0364131573968
2.017,0.329393807504,0.359418796383,0,0.0592908853506
2.018,-1.47787413858,-1.61209488966,-0,-0.266017344944
2.019,-0.950426727135,-1.03642856787,-0,-0.171076810884
2.02,-0.502647633307,-0.5479636445,-0,-0.0904765739952
2.021,0.277801826456,0.302754324449,0,0.0500043287621
2.022,-0.290616506282,-0.316623012733,-0,-0.0523109711307
2.023,0.417246147869,0.454444929866,0,0.0751043066164
2.024,0.193927629746,0.211151965889,0,0.0349069733543
2.025,-0.310452254006,-0.337922069618,-0,-0.0558814057211
2.026,0.446691067185,0.486065830353,0,0.0804043920933
2.027,0.261779546953,0.284766834321,0,0.0471203184516
2.028,-1.14343054856,-1.2434523394,-0,-0.205817498741
2.029,0.0131674902712,0.0143148829838,0,0.00237014824882
2.03,0.409002461701,0.444504280268,0,0.0736204431062
2.031,-0.165554390118,-0.179868760652,-0,-0.0297997902213
2.032,-0.27206444849,-0.295496020507,-0,-0.0489716007283
2.033,0.0945800995068,0.102693793117,0,0.0170244179112
2.034,-1.14911385762,-1.24730270369,-0,-0.206840494371
2.035,0.2095178281,0.227349468939,0,0.037713209058
2.036,-2.10029974002,-2.27833815881,-0,-0.378053953204
2.037,2.17675381746,2.36053231855,0,0.391815687142
2.038,2.01122066024,2.18033825238,0,0.362019718843
2.039,-0.628703342431,-0.681354650011,-0,-0.113166601638
2.04,0.330230092265,0.357772692217,0,0.0594414166076
2.041,-1.51494092966,-1.64077532565,-0,-0.272689367339
2.042,-0.30064678777,-0.325516228484,-0,-0.0541164217986
2.043,0.57881055375,0.626491183827,0,0.104185899675
2.044,0.67742365773,0.732995170995,0,0.121936258391
2.045,0.0771794710284,0.0834842536396,0,0.0138923047851
2.046,-0.219939224759,-0.237830343993,-0,-0.0395890604567
2.047,-0.111886361498,-0.120949287341,-0,-0.0201395450697
2.048,0.155839566027,0.168408988454,0,0.0280511218849
2.049,0.878784445597,0.949360282471,0,0.158181200207
2.05,-0.96206295363,-1.03899422709,-0,-0.173171331653
2.051,1.05298311212,1.13682019621,0,0.189536960181
2.052,1.06321616902,1.14749939229,0,0.191378910423
2.053,-0.261441439151,-0.282075664519,-0,-0.0470594590471
2.054,0.0957889140677,0.103315749989,0,0.0172420045322
2.055,0.505164722662,0.54468344001,0,0.0909296500792
2.056,-0.60659790294,-0.653840354217,-0,-0.109187622529
2.057,1.15178657616,1.24108713704,0,0.207321583709
2.058,1.90868146691,2.05599923781,0,0.343562664043
2.059,0.936258793733,1.00819472075,0,0.168526582872
2.06,-1.41817611703,-1.52664295705,-0,-0.255271701065
2.061,0.53886436241,0.579889655274,0,0.0969955852339
2.062,0.238797050809,0.256893567984,0,0.0429834691456
2.063,-1.32704011953,-1.42713968605,-0,-0.238867221515
2.064,-0.0791376945937,-0.0850792727514,-0,-0.0142447850269
2.065,0.616877696549,0.662975031398,0,0.111037985379
2.066,-1.01934522369,-1.09515833161,-0,-0.183482140264
2.067,2.09175955119,2.24659444352,0,0.376516719214
2.068,-1.72600344442,-1.85315465027,-0,-0.310680619995
2.069,-0.428491762581,-0.459906295473,-0,-0.0771285172646
2.07,0.996447777164,1.06914861248,0,0.179360599889
2.071,-0.472614291192,-0.506928637538,-0,-0.0850705724145
2.072,-0.218952875374,-0.234772301158,-0,-0.0394115175674
2.073,0.922371374657,0.988685200515,0,0.166026847438
2.074,-0.150210663216,-0.160956596078,-0,-0.0270379193789
2.075,-0.705271968888,-0.755475217223,-0,-0.1269489544
2.076,0.0160029076059,0.0171363319377,0,0.00288052336906
2.077,0.892863608399,0.955782874973,0,0.160715449512
2.078,-1.42035361276,-1.51993684416,-0,-0.255663650297
2.079,0.723359414299,0.773816392417,0,0.130204694574
2.08,0.599405725394,0.641001705052,0,0.107893030571
2.081,0.445170499912,0.475903578779,0,0.0801306899842
2.082,1.69302481419,1.80929756129,0,0.304744466554
2.083,-0.834291011571,-0.891288093853,-0,-0.150172382083
2.084,-0.170472334361,-0.182057301005,-0,-0.030685020185
2.085,-0.428904666039,-0.457897633869,-0,-0.077202839887
2.086,0.726536010903,0.775386071356,0,0.130776481963
2.087,0.63601444054,0.67854840431,0,0.114482599297
2.088,-0.975421043716,-1.0403004114,-0,-0.175575787869
2.089,-1.73890866119,-1.85394137736,-0,-0.313003559014
2.09,-2.19935618317,-2.34405154695,-0,-0.39588411297
2.091,-0.592172444411,-0.630916566821,-0,-0.106591039994
2.092,0.158463422428,0.168773672662,0,0.0285234160371
2.093,-0.912398285709,-0.971430753508,-0,-0.164231691428
2.094,-0.966219066259,-1.02838206449,-0,-0.173919431927
2.095,1.65293586596,1.75867739699,0,0.297528455874
2.096,-0.0656020119972,-0.0697747696101,-0,-0.0118083621595
2.097,-0.798089177589,-0.848561906819,-0,-0.143656051966
2.098,-0.36322517155,-0.386063453191,-0,-0.065380530879
2.099,-1.31750728789,-1.39986516983,-0,-0.23715131182
2.1,-0.0130754965359,-0.0138880600306,-0,-0.00235358937645
2.101,0.613762015571,0.651678511549,0,0.110477162803
2.102,0.21236723908,0.225408712173,0,0.0382261030344
2.103,0.267827958964,0.284176824415,0,0.0482090326135
2.104,0.835994370242,0.886717850424,0,0.150478986644
2.105,-1.63300519465,-1.73148527679,-0,-0.293940935038
2.106,0.652911954621,0.692045709462,0,0.117524151832
2.107,1.02462527314,1.08566023751,0,0.184432549166
2.108,0.184307155266,0.195217864267,0,0.0331752879478
2.109,0.836398576875,0.885602684661,0,0.150551743838
2.11,-1.56524119116,-1.6567423368,-0,-0.281743414409
2.111,-1.13426071899,-1.20014699487,-0,-0.204166929419
2.112,0.350192678353,0.370404491576,0,0.0630346821036
2.113,-0.217829235354,-0.230320591385,-0,-0.0392092623637
2.114,-0.491685582927,-0.51969827652,-0,-0.0885034049269
2.115,0.652672771474,0.689614341217,0,0.117481098865
2.116,1.83000571883,1.93290277002,0,0.32940102939
2.117,-0.0666140845292,-0.0703347878978,-0,-0.0119905352153
2.118,0.71054823933,0.74997023538,0,0.127898683079
2.119,-0.153102425271,-0.16153947111,-0,-0.0275584365488
2.12,1.46109945372,1.54106967959,0,0.262997901669
2.121,1.03607156937,1.09239058851,0,0.186492882486
2.122,-0.121565472571,-0.128127961513,-0,-0.0218817850627
2.123,-1.82246207653,-1.92016009215,-0,-0.328043173775
2.124,0.871861352171,0.918272156823,0,0.156935043391
2.125,1.05040772275,1.10592768582,0,0.189073390094
2.126,0.335110233781,0.352696487456,0,0.0603198420806
2.127,-0.556410198578,-0.585400285082,-0,-0.100153835744
2.128,1.43802742466,1.51240883366,0,0.258844936439
2.129,-1.29439188401,-1.36085480617,-0,-0.232990539123
2.13,0.993450309046,1.04408514698,0,0.178821055628
2.131,-0.840686525376,-0.883216955293,-0,-0.151323574568
2.132,-0.189910262531,-0.199445881501,-0,-0.0341838472556
2.133,0.936050037267,0.982695156338,0,0.168489006708
2.134,0.212037060193,0.222522751522,0,0.0381666708348
2.135,1.01890327281,1.06890297432,0,0.183402589106
2.136,0.823870764979,0.86398636009,0,0.148296737696
2.137,0.0689311989448,0.0722613176968,0,0.0124076158101
2.138,-0.918212404316,-0.962221894408,-0,-0.165278232777
2.139,-0.337394039273,-0.353436423812,-0,-0.0607309270691
2.14,0.61361766481,0.642559510624,0,0.110451179666
2.141,0.736627196048,0.771089234308,0,0.132592895289
2.142,0.530696045969,0.555320768021,0,0.0955252882744
2.143,-0.67710947601,-0.708268476718,-0,-0.121879705682
2.144,-1.5227699787,-1.59226030816,-0,-0.274098596166
2.145,0.861968194893,0.900972490363,0,0.155154275081
2.146,-0.330547068677,-0.345377395576,-0,-0.0594984723619
2.147,-0.218602106991,-0.228325826754,-0,-0.0393483792583
2.148,-0.00895425971521,-0.00934910982964,-0,-0.00161176674874
2.149,-2.57567608168,-2.68826132472,-0,-0.463621694702
2.15,-0.372561049114,-0.388702322281,-0,-0.0670609888405
2.151,-1.39267737978,-1.45247759511,-0,-0.250681928361
2.152,1.17590347206,1.22594111425,0,0.21166262497
2.153,0.0704927129342,0.073465081361,0,0.0126886883282
2.154,0.0217080837957,0.0226150115729,0,0.00390745508322
2.155,1.43468593335,1.4940685895,0,0.258243468004
2.156,-0.159143924346,-0.165669252625,-0,-0.0286459063823
2.157,0.879214710533,0.914923398803,0,0.158258647896
2.158,-0.315501339108,-0.328192550467,-0,-0.0567902410395
2.159,1.22628538973,1.27513619529,0,0.220731370151
2.16,-1.0122938559,-1.0522257177,-0,-0.182212894063
2.161,-0.570803329895,-0.593097215989,-0,-0.102744599381
2.162,-1.43855682482,-1.49418120619,-0,-0.258940228468
2.163,-0.570702929868,-0.592547260398,-0,-0.102726527376
2.164,0.00833572332143,0.00865152391005,0,0.00150043019786
2.165,0.339699086539,0.352435715812,0,0.0611458355771
2.166,-0.371078028103,-0.384845818097,-0,-0.0667940450585
2.167,0.683301611354,0.708385654857,0,0.122994290044
2.168,0.785099164851,0.813612091297,0,0.141317849673
2.169,1.63692224537,1.69572834347,0,0.294646004166
2.17,-0.567623279416,-0.587791851382,-0,-0.102172190295
2.171,1.38345087199,1.43206266423,0,0.249021156957
2.172,0.699323147433,0.723620541432,0,0.125878166538
2.173,0.0377926246173,0.0390907968496,0,0.00680267243112
2.174,1.54573283075,1.59821856633,0,0.278231909535
2.175,-0.109780922912,-0.113465197256,-0,-0.0197605661242
2.176,-1.08077139667,-1.1166150474,-0,-0.194538851401
2.177,-1.38107426427,-1.42633089441,-0,-0.248593367568
2.178,-0.400576714822,-0.413544609506,-0,-0.072103808668
2.179,1.36983707198,1.41363982027,0,0.246570672956
2.18,0.426370904419,0.439835612859,0,0.0767467627954
2.181,-1.7457850384,-1.80022320838,-0,-0.314241306912
2.182,-0.235135241445,-0.24237390343,-0,-0.0423243434601
2.183,-0.230381786241,-0.237382446138,-0,-0.0414687215234
2.184,-0.00521185880071,-0.00536815703954,-0,-0.000938134584127
2.185,1.23113932881,1.26756918028,0,0.221605079185
2.186,0.274094262816,0.282095456014,0,0.0493369673068
2.187,0.151537883461,0.155900973029,0,0.0272768190229
2.188,0.585665830196,0.602294285105,0,0.105419849435
2.189,-0.360165088567,-0.370246959433,-0,-0.064829715942
2.19,1.25473455782,1.28935515715,0,0.225852220407
2.191,0.35440854314,0.364045346107,0,0.0637935377652
2.192,-0.311722545817,-0.32007363259,-0,-0.0561100582471
2.193,-0.442264099646,-0.453934863071,-0,-0.0796075379362
2.194,-0.887518078846,-0.910581894139,-0,-0.159753254192
2.195,-0.788901986419,-0.809085813894,-0,-0.142002357555
2.196,0.581309521303,0.595948171984,0,0.104635713834
2.197,-0.326169612709,-0.334251878049,-0,-0.0587105302876
2.198,-0.129807969288,-0.132972183563,-0,-0.0233654344719
2.199,-0.707547359584,-0.724509074611,-0,-0.127358524725
2.2,-1.42894027896,-1.46261844935,-0,-0.257209250213
2.201,-0.156679832062,-0.160309221224,-0,-0.0282023697711
2.202,1.24629843782,1.27466387997,0,0.224333718808
2.203,1.09177711131,1.11618355495,0,0.196519880035
2.204,-0.143293057429,-0.146438264457,-0,-0.0257927503372
2.205,-0.213212686807,-0.217806100688,-0,-0.0383782836252
2.206,0.124977575185,0.127619326504,0,0.0224959635334
2.207,0.679145063815,0.693224723858,0,0.122246111487
2.208,-0.188796182773,-0.192633417139,-0,-0.0339833128991
2.209,1.3948639949,1.42264647471,0,0.251075519081
2.21,0.79659779377,0.812139659903,0,0.143387602879
2.211,-1.10208672443,-1.1231394108,-0,-0.198375610398
2.212,-1.82737688628,-1.86153875811,-0,-0.32892783953
2.213,-1.24482036007,-1.26758322079,-0,-0.224067664813
2.214,-0.508748980263,-0.517844034446,-0,-0.0915748164473
2.215,0.543196483441,0.552685137953,0,0.0977753670195
2.216,0.78628026954,0.799693210588,0,0.141530448517
2.217,-0.341114650188,-0.346793845094,-0,-0.0614006370338
2.218,0.13349677843,0.135664605501,0,0.0240294201174
2.219,-0.85887507195,-0.872469621761,-0,-0.154597512951
2.22,-0.761330594112,-0.773068411485,-0,-0.13703950694
2.221,-1.95854294363,-1.9879335203,-0,-0.352537729854
2.222,1.1330085348,1.14954462763,0,0.203941536264
2.223,1.83366093081,1.85966777938,0,0.330058967546
2.224,-1.83877386649,-1.86409534201,-0,-0.330979295968
2.225,-0.544682367829,-0.551958419715,-0,-0.0980428262092
2.226,-1.25413978305,-1.27037524172,-0,-0.225745160948
2.227,-0.136222293568,-0.137929473821,-0,-0.0245200128423
2.228,0.332505575263,0.336535141842,0,0.0598510035473
2.229,0.128920614685,0.130429622875,0,0.0232057106433
2.23,0.204120702935,0.206425379423,0,0.0367417265283
2.231,0.293461832153,0.296653590905,0,0.0528231297876
2.232,-0.050599192911,-0.0511285300723,-0,-0.00910785472397
2.233,-0.105524031957,-0.106584146089,-0,-0.0189943257522
2.234,0.482796514439,0.487446166081,0,0.0869033725991
2.235,0.647354556555,0.653319806936,0,0.11652382018
2.236,-0.343021850631,-0.346039971828,-0,-0.0617439331135
2.237,-0.266503661811,-0.268737524957,-0,-0.047970659126
2.238,-1.10712123232,-1.11593974508,-0,-0.199281821817
2.239,-1.29296432743,-1.30272373503,-0,-0.232733578938
2.24,0.936928896394,0.943609744022,0,0.168647201351
2.241,-0.926833570772,-0.933055169426,-0,-0.166830042739
2.242,1.08683737974,1.09367856789,0,0.195630728354
2.243,0.454629146136,0.457300588797,0,0.0818332463045
2.244,0.491064980111,0.493744856031,0,0.0883916964199
2.245,2.06847520063,2.07889644424,0,0.372325536113
2.246,1.06234289557,1.06724949302,0,0.191221721203
2.247,1.56830343894,1.57488852542,0,0.282294619009
2.248,0.734901562272,0.737678562536,0,0.132282281209
2.249,-0.96930504861,-0.972560256952,-0,-0.17447490875
2.25,0.443149666369,0.444451427392,0,0.0797669399464
2.251,0.107865876583,0.108137313038,0,0.019415857785
2.252,0.517664752402,0.518749264305,0,0.0931796554323
2.253,-1.04832929614,-1.05008343235,-0,-0.188699273304
2.254,-1.0076075235,-1.00886824864,-0,-0.18136935423
2.255,0.928446897902,0.929216416413,0,0.167120441622
2.256,0.638963259269,0.639222754647,0,0.115013386668
2.257,0.294644892073,0.294639911135,0,0.0530360805732
2.258,0.490035808322,0.489820070584,0,0.0882064454979
2.259,0.0866132545388,0.0865384282934,0,0.015590385817
2.26,1.22419893115,1.22262229256,0,0.220355807607
2.261,-0.130696115126,-0.130472338002,-0,-0.0235253007227
2.262,0.0259188532151,0.025863469504,0,0.00466539357872
2.263,-1.08557511901,-1.08279415078,-0,-0.195403521421
2.264,-0.899445346262,-0.896758705132,-0,-0.161900162327
2.265,0.243300193321,0.242469915652,0,0.0437940347978
2.266,-0.547511440946,-0.545409847124,-0,-0.0985520593702
2.267,0.554398406935,0.552034094694,0,0.0997917132483
2.268,0.354734696739,0.353070580778,0,0.063852245413
2.269,-0.134438016029,-0.13374996469,-0,-0.0241988428853
2.27,1.58889169892,1.5800811027,0,0.286000505806
2.271,-0.646741387024,-0.642878677463,-0,-0.116413449664
2.272,0.468362686507,0.465365008111,0,0.0843052835713
2.273,-0.0968116860364,-0.0961506160759,-0,-0.0174261034866
2.274,-0.177081918409,-0.175796870882,-0,-0.0318747453136
2.275,0.308095453244,0.305727587602,0,0.055457181584
2.276,1.12377131051,1.11465246793,0,0.202278835891
2.277,-0.659907158275,-0.65426903277,-0,-0.11878328849
2.278,-0.663579145113,-0.657624556731,-0,-0.11944424612
2.279,-0.699911669646,-0.693330138262,-0,-0.125984100536
2.28,0.0345809404433,0.0342408847827,0,0.00622456927979
2.281,-0.949564326134,-0.939817842856,-0,-0.170921578704
2.282,-0.277945241145,-0.274972611784,-0,-0.0500301434062
2.283,-0.354992222238,-0.351042515281,-0,-0.0638986000029
2.284,-0.86138571156,-0.851430121091,-0,-0.155049428081
2.285,0.0402926160585,0.039809531098,0,0.00725267089053
2.286,0.875384076592,0.864510499909,0,0.157569133786
2.287,0.125781081233,0.124164307298,0,0.022640594622
2.288,0.15026509502,0.148268589545,0,0.0270477171036
2.289,-0.12761987142,-0.125868985363,-0,-0.0229715768556
2.29,1.49963878695,1.47841465559,0,0.26993498165
2.291,-1.87699584659,-1.84961719919,-0,-0.337859252387
2.292,0.482441418592,0.475194999132,0,0.0868394553466
2.293,1.03804104238,1.02199863608,0,0.186847387628
2.294,-2.19709837595,-2.16218869661,-0,-0.395477707672
2.295,-2.27306688644,-2.23596183532,-0,-0.40915203956
2.296,-0.856489447097,-0.842135649244,-0,-0.154168100478
2.297,-0.665535476259,-0.654092085529,-0,-0.119796385727
2.298,-0.737766360275,-0.724759578489,-0,-0.13279794485
2.299,-0.687625838076,-0.675203237795,-0,-0.123772650854
2.3,-1.24367424698,-1.22066352514,-0,-0.223861364457
2.301,0.117759034548,0.115528821432,0,0.0211966262187
2.302,2.56378568032,2.51411064812,0,0.461481422457
2.303,-0.369262610765,-0.361946475831,-0,-0.0664672699377
2.304,-2.49861254888,-2.44801493428,-0,-0.449750258799
2.305,3.40076764165,3.33041242781,0,0.612138175497
2.306,0.237522874795,0.232504945853,0,0.0427541174631
2.307,0.189268920935,0.185187444938,0,0.0340684057682
2.308,1.13712737557,1.11210709271,0,0.204682927602
2.309,2.22323228512,2.17333853848,0,0.400181811322
2.31,-1.62451193731,-1.5873411529,-0,-0.292412148716
2.311,-0.139719096948,-0.136460748779,-0,-0.0251494374506
2.312,-1.29919312653,-1.26832364374,-0,-0.233854762775
2.313,0.227377751857,0.221875076341,0,0.0409279953343
2.314,1.21795369962,1.18794214719,0,0.219231665932
2.315,0.247944577099,0.241725723971,0,0.0446300238778
2.316,0.564975888261,0.550556248107,0,0.101695659887
2.317,-0.375085973244,-0.36534731095,-0,-0.067515475184
2.318,-0.0749219034676,-0.0729435653142,-0,-0.0134859426242
2.319,1.56454326132,1.52253973751,0,0.281617787037
2.32,-1.44603714123,-1.40657588233,-0,-0.260286685422
2.321,0.204055535915,0.19839674467,0,0.0367299964647
2.322,1.78333727996,1.73309302211,0,0.321000710393
2.323,-0.0260688189409,-0.0253228013926,-0,-0.00469238740935
2.324,-2.27311347719,-2.20705573649,-0,-0.409160425893
2.325,1.69049924049,1.64062278174,0,0.304289863289
2.326,0.335449246344,0.325403286819,0,0.0603808643419
2.327,0.619195338649,0.600376843391,0,0.111455160957
2.328,0.250093736518,0.242381792537,0,0.0450168725732
2.329,0.0638653773048,0.0618676138356,0,0.0114957679149
2.33,-0.451105786457,-0.436794107379,-0,-0.0811990415623
2.331,0.0596684007914,0.0577488105049,0,0.0107403121424
2.332,-0.329931620973,-0.319170424185,-0,-0.0593876917751
2.333,-3.40220696166,-3.28972251419,-0,-0.612397253099
2.334,0.358326567935,0.34631967813,0,0.0644987822283
2.335,-1.96101016003,-1.8944249602,-0,-0.352981828806
2.336,0.966498204957,0.933249578239,0,0.173969676892
2.337,-0.53682581914,-0.518118519871,-0,-0.0966286474451
2.338,0.647297961666,0.624451500243,0,0.1165136331
2.339,-0.385376282353,-0.371601957398,-0,-0.0693677308235
2.34,-1.87824811619,-1.81027390536,-0,-0.338084660914
2.341,-0.269501664282,-0.259627614483,-0,-0.0485102995708
2.342,1.08315278543,1.04298253852,0,0.194967501378
2.343,0.601964599176,0.579369910714,0,0.108353627852
2.344,2.03520623244,1.95790159446,0,0.36633712184
2.345,0.729543867452,0.701505501844,0,0.131317896141
2.346,-0.127827662666,-0.122857460907,-0,-0.0230089792799
2.347,-0.511810281071,-0.491679944015,-0,-0.0921258505929
2.348,-0.568524050009,-0.545907313136,-0,-0.102334329002
2.349,0.769105440921,0.738163082337,0,0.138438979366
2.35,0.0277945425831,0.0266638045885,0,0.00500301766495
2.351,-0.38153704802,-0.365843408051,-0,-0.0686766686437
2.352,-0.451983171647,-0.433188081836,-0,-0.0813569708965
2.353,-1.16771567693,-1.1186309812,-0,-0.210188821847
2.354,-0.536332790402,-0.513546014911,-0,-0.0965399022723
2.355,-1.48037433198,-1.41681003535,-0,-0.266467379756
2.356,0.71779937308,0.686654072229,0,0.129203887154
2.357,-2.55320884068,-2.4412704548,-0,-0.459577591323
2.358,1.13610137861,1.08577804506,0,0.204498248149
2.359,2.10077556155,2.00677102532,0,0.378139601079
2.36,-1.57695488089,-1.50567559896,-0,-0.28385187856
2.361,0.678696358798,0.647711228873,0,0.122165344584
2.362,-1.4526645718,-1.38568589796,-0,-0.261479622924
2.363,0.218265604045,0.208102876049,0,0.0392878087281
2.364,-1.09474668942,-1.04327675865,-0,-0.197054404096
2.365,0.823777316376,0.784672830793,0,0.148279916948
2.366,1.00386223837,0.955752806262,0,0.180695202906
2.367,2.61034874436,2.48406215068,0,0.469862773985
2.368,-2.12054280271,-2.01698751901,-0,-0.381697704488
2.369,-0.868655658958,-0.825839873026,-0,-0.156358018612
2.37,-1.02286670602,-0.97198384451,-0,-0.184116007084
2.371,1.10697144674,1.05140010288,0,0.199254860413
2.372,0.939917153662,0.892303399505,0,0.169185087659
2.373,-0.258564532635,-0.245348316811,-0,-0.0465416158744
2.374,0.529340506399,0.502042173036,0,0.0952812911519
2.375,0.0534320459336,0.0506521169194,0,0.00961776826804
2.376,0.467958402751,0.443397821034,0,0.0842325124953
2.377,1.02790337632,0.973484156912,0,0.185022607737
2.378,1.40631782249,1.33122096892,0,0.253137208048
2.379,-0.872233332707,-0.825256978358,-0,-0.157001999887
2.38,-0.0350076228033,-0.0331061582659,-0,-0.00630137210459
2.381,0.0194797778444,0.0184127895165,0,0.003506360012
2.382,1.08148074601,1.02174750734,0,0.194666534282
2.383,0.529681915065,0.500183002365,0,0.0953427447117
2.384,-1.1790539525,-1.11284898663,-0,-0.21222971145
2.385,1.52195678673,1.43579829402,0,0.273952221612
2.386,-1.29459411078,-1.22071161458,-0,-0.23302693994
2.387,0.626704761641,0.590650485795,0,0.112806857095
2.388,-1.40945676617,-1.32772225333,-0,-0.25370221791
2.389,1.03836180654,0.977669053189,0,0.186905125177
2.39,-1.18220741718,-1.11256223337,-0,-0.212797335093
2.391,-0.298838054544,-0.281095431851,-0,-0.053790849818
2.392,-0.612140747167,-0.575514424988,-0,-0.11018533449
2.393,0.413241194932,0.388325001678,0,0.0743834150878
2.394,-1.48914355299,-1.39866888227,-0,-0.268045839538
2.395,-1.23052319245,-1.15519296867,-0,-0.221494174641
2.396,-0.573128604119,-0.537777944194,-0,-0.103163148741
2.397,0.709604974347,0.665508345837,0,0.127728895382
2.398,-0.703552454206,-0.659506488559,-0,-0.126639441757
2.399,-1.50163998821,-1.40693467699,-0,-0.270295197878
2.4,2.65882925975,2.48991120848,0,0.478589266755
2.401,-1.23157756894,-1.15276363039,-0,-0.221683962409
2.402,-1.00743321306,-0.942496244371,-0,-0.181337978351
2.403,-0.662018918865,-0.619039577018,-0,-0.119163405396
2.404,0.103260178952,0.0965084460215,0,0.0185868322113
2.405,-0.437678323977,-0.408857252204,-0,-0.0787820983158
2.406,0.872311692917,0.814464878981,0,0.157016104725
2.407,0.348947410703,0.325645012878,0,0.0628105339266
2.408,-1.45327137047,-1.35554748795,-0,-0.261588846685
2.409,-0.0964872738368,-0.0899541915456,-0,-0.0173677092906
2.41,-0.107593659712,-0.100258495258,-0,-0.0193668587481
2.411,-0.982510454458,-0.915070593289,-0,-0.176851881803
2.412,2.24031711059,2.08549721681,0,0.403257079905
2.413,-1.16942763648,-1.08806779204,-0,-0.210496974566
2.414,2.50482201962,2.32938749992,0,0.450867963532
2.415,0.869093061096,0.807817393966,0,0.156436750997
2.416,1.01891769905,0.946602956735,0,0.183405185829
2.417,0.330815321299,0.30718215418,0,0.0595467578338
2.418,-2.02838101393,-1.88252738507,-0,-0.365108582507
2.419,-1.15242682874,-1.06902117694,-0,-0.207436829172
2.42,0.190415711893,0.176545517339,0,0.0342748281408
2.421,-1.09690668946,-1.01649289703,-0,-0.197443204103
2.422,-0.787108112934,-0.729037023965,-0,-0.141679460328
2.423,0.431099209103,0.399091738242,0,0.0775978576385
2.424,0.228333949352,0.211274021365,0,0.0411001108834
2.425,-0.067542642264,-0.0624645389413,-0,-0.0121576756075
2.426,-0.226491971688,-0.209357233412,-0,-0.0407685549038
2.427,-0.0953593079587,-0.0881003629752,-0,-0.0171646754326
2.428,-0.0211929726662,-0.0195697698121,-0,-0.00381473507992
2.429,-1.99873512944,-1.84470999377,-0,-0.359772323299
2.43,1.22917982737,1.13387995594,0,0.221252368927
2.431,-1.19563954674,-1.10237792386,-0,-0.215215118413
2.432,1.89271190383,1.74418728226,0,0.34068814269
2.433,-1.45012155607,-1.33564535904,-0,-0.261021880093
2.434,1.94565066581,1.79114007352,0,0.350217119845
2.435,-1.03550316584,-0.95278262874,-0,-0.186390569852
2.436,0.830199625908,0.76348838076,0,0.149435932663
2.437,0.22238648275,0.204411614105,0,0.0400295668949
2.438,0.346402435734,0.318240306988,0,0.062352438432
2.439,0.838777277965,0.77018978512,0,0.150979910034
2.44,1.9161176633,1.7585304979,0,0.344901179394
2.441,-1.15220445459,-1.05689951044,-0,-0.207396801826
2.442,0.278401046058,0.255241453763,0,0.0501121882904
2.443,0.497519529172,0.455896715227,0,0.089553515251
2.444,1.42674750528,1.30671001328,0,0.256814550951
2.445,-1.80908480091,-1.65602379457,-0,-0.325635264163
2.446,-1.12423890812,-1.02858833132,-0,-0.202363003462
2.447,1.02179947764,0.934380519909,0,0.183923905976
2.448,-1.6110139396,-1.47242200293,-0,-0.289982509129
2.449,-0.657465406267,-0.600593450113,-0,-0.118343773128
2.45,-1.5208838367,-1.38860331487,-0,-0.273759090606
2.451,-0.857156065964,-0.782197291793,-0,-0.154288091873
2.452,1.57472464638,1.43626661327,0,0.283450436349
2.453,-0.937787729662,-0.854887181956,-0,-0.168801791339
2.454,0.110862904192,0.101009940038,0,0.0199553227545
2.455,1.09087589716,0.99340557834,0,0.196357661488
2.456,-0.576518562325,-0.524732197263,-0,-0.103773341218
2.457,-0.543052685675,-0.494014091921,-0,-0.0977494834215
2.458,0.892704710928,0.811667086495,0,0.160686847967
2.459,-0.0132962250584,-0.0120828946056,-0,-0.00239332051052
2.46,0.227276521995,0.206428429787,0,0.040909773959
2.461,1.45383370482,1.31978064701,0,0.261690066868
2.462,-1.4481267431,-1.3139095477,-0,-0.260662813759
2.463,2.7460565209,2.49023321935,0,0.494290173761
2.464,0.9962385213,0.902953364023,0,0.179322933834
2.465,-0.475320355687,-0.430585723802,-0,-0.0855576640236
2.466,-0.54463230822,-0.493114327037,-0,-0.0980338154795
2.467,-0.80150720026,-0.725307952381,-0,-0.144271296047
2.468,1.76940916224,1.60034588483,0,0.318493649204
2.469,0.757338775764,0.684614569732,0,0.136320979637
2.47,-0.124761251054,-0.112721252936,-0,-0.0224570251896
2.471,-1.56388663372,-1.41221649686,-0,-0.281499594069
2.472,-1.84119101569,-1.66174572302,-0,-0.331414382824
2.473,0.757790412533,0.68357209088,0,0.136402274256
2.474,0.959358647383,0.864939018009,0,0.172684556529
2.475,-0.664770749991,-0.599025704073,-0,-0.119658734998
2.476,0.653529090684,0.58858247377,0,0.117635236323
2.477,1.08943126127,0.980642846426,0,0.196097627029
2.478,-0.560791986784,-0.504523319255,-0,-0.100942557621
2.479,-1.34515498386,-1.20953925455,-0,-0.242127897095
2.48,0.607702866875,0.546143676112,0,0.109386516038
2.481,0.386589404448,0.347242869538,0,0.0695860928006
2.482,-0.915614662701,-0.821984594505,-0,-0.164810639286
2.483,0.61016207209,0.547473977519,0,0.109829172976
2.484,-0.570409861401,-0.511531539017,-0,-0.102673775052
2.485,-1.17492975241,-1.05308686015,-0,-0.211487355434
2.486,0.398041542786,0.356572116795,0,0.0716474777015
2.487,-1.95340906421,-1.74895504677,-0,-0.351613631558
2.488,-1.67637628848,-1.50011036519,-0,-0.301747731926
2.489,0.317078868087,0.283586165297,0,0.0570741962556
2.49,0.574985701935,0.51397335907,0,0.103497426348
2.491,1.36981483845,1.22380165569,0,0.246566670921
2.492,-1.58296495958,-1.41346761468,-0,-0.284933692724
2.493,-2.54281313861,-2.26931185973,-0,-0.45770636495
2.494,0.456308512961,0.407008300755,0,0.0821355323329
2.495,1.10564440417,0.985654959144,0,0.199015992751
2.496,2.4684364953,2.19935799221,0,0.444318569155
2.497,-0.0941631453742,-0.0838531218991,-0,-0.0169493661674
2.498,-1.12077083354,-0.997514451741,-0,-0.201738750037
2.499,0.783755004259,0.697182670498,0,0.141075900767
2.5,-2.21045425935,-1.96522126365,-0,-0.397881766683
2.501,-1.38652196643,-1.23202671789,-0,-0.249573953957
2.502,-1.20795966432,-1.07277597412,-0,-0.217432739577
2.503,0.569035720119,0.50507881573,0,0.102426429621
2.504,0.378529456491,0.335801095307,0,0.0681353021684
2.505,-1.83716114113,-1.62889190659,-0,-0.330689005404
2.506,-1.45185847606,-1.28656481725,-0,-0.26133452569
2.507,-1.29523690183,-1.14714615053,-0,-0.23314264233
2.508,0.293927009718,0.260178245227,0,0.0529068617493
2.509,0.139483741124,0.123400465104,0,0.0251070734024
2.51,-0.405585937588,-0.358622561565,-0,-0.0730054687659
2.511,-0.407187408552,-0.35984075893,-0,-0.0732937335393
2.512,1.14764605732,1.01364308625,0,0.206576290318
2.513,-0.689639629943,-0.608779707457,-0,-0.12413513339
2.514,0.760600548874,0.671050556041,0,0.136908098797
2.515,0.890418230708,0.785150809338,0,0.160275281527
2.516,-1.0116267825,-0.891537419515,-0,-0.18209282085
2.517,0.307037596641,0.270439932032,0,0.0552667673953
2.518,-0.700858968546,-0.616978006379,-0,-0.126154614338
2.519,0.524276898405,0.461274388199,0,0.0943698417128
2.52,1.06703304039,0.93828731405,0,0.192065947269
2.521,-0.103545218638,-0.0910012103277,-0,-0.0186381393549
2.522,1.3090259581,1.14980529579,0,0.235624672458
2.523,0.170081475366,0.149310988955,0,0.0306146655659
2.524,0.0120175597253,0.0105441006601,0,0.00216316075055
2.525,-0.655036974798,-0.574403861556,-0,-0.117906655464
2.526,0.12160367236,0.10657523346,0,0.0218886610249
2.527,-0.981866238577,-0.860042237975,-0,-0.176735922944
2.528,-1.50753670311,-1.31975399232,-0,-0.27135660656
2.529,-0.527000199421,-0.461098055774,-0,-0.0948600358958
2.53,-0.687163350418,-0.600896544412,-0,-0.123689403075
2.531,-0.334921420338,-0.292711397994,-0,-0.0602858556608
2.532,1.5471220093,1.35138175358,0,0.278481961675
2.533,-1.36964575952,-1.19568919702,-0,-0.246536236714
2.534,-0.695813551058,-0.607098664688,-0,-0.12524643919
2.535,-2.12507490357,-1.8530910984,-0,-0.382513482642
2.536,-1.11439584623,-0.971220698574,-0,-0.200591252321
2.537,0.492504857577,0.428987527726,0,0.0886508743638
2.538,0.584371657686,0.508719962201,0,0.105186898384
2.539,-0.380647196069,-0.331182624687,-0,-0.0685164952925
2.54,-0.651966301653,-0.566924356836,-0,-0.117353934298
2.541,0.0302045730967,0.0262498915224,0,0.00543682315741
2.542,-0.339792521812,-0.295136727206,-0,-0.0611626539262
2.543,-1.10774153491,-0.961617360067,-0,-0.199393476283
2.544,0.374700738825,0.325089247085,0,0.0674461329885
2.545,1.33959097151,1.16156696633,0,0.241126374871
2.546,-1.74876401158,-1.51550376325,-0,-0.314777522084
2.547,-1.50009813368,-1.29926888869,-0,-0.270017664062
2.548,-0.543063686397,-0.470092664197,-0,-0.0977514635514
2.549,0.465313975904,0.402561219846,0,0.0837565156627
2.55,1.50870679731,1.3044985445,0,0.271567223515
2.551,-1.34259994221,-1.16021392881,-0,-0.241667989597
2.552,0.684855904567,0.591484189055,0,0.123274062822
2.553,-0.22240396564,-0.191972372763,-0,-0.0400327138151
2.554,-1.57161129967,-1.35579305454,-0,-0.282890033941
2.555,0.0364987279701,0.0314686297715,0,0.00656977103463
2.556,-0.32995438473,-0.284318838143,-0,-0.0593917892514
2.557,1.68334192212,1.44969113949,0,0.303001545982
2.558,0.18624495096,0.160301967439,0,0.0335240911728
2.559,0.910252111544,0.783009488685,0,0.163845380078
2.56,1.0176869819,0.874923980739,0,0.183183656742
2.561,-0.230686674607,-0.198211645498,-0,-0.0415236014292
2.562,-0.283184194103,-0.24317896798,-0,-0.0509731549386
2.563,0.626968253684,0.538087225377,0,0.112854285663
2.564,0.143046713985,0.122697278996,0,0.0257484085173
2.565,-0.0907139563131,-0.0777644053649,-0,-0.0163285121364
2.566,1.80585952095,1.54717770256,0,0.325054713771
2.567,0.512352349433,0.438706672945,0,0.092223422898
2.568,-0.744868256409,-0.637432253573,-0,-0.134076286154
2.569,0.44195656795,0.3779923465,0,0.079552182231
2.57,-0.138180701507,-0.118113472956,-0,-0.0248725262713
2.571,0.866489059063,0.740224658471,0,0.155968030631
2.572,1.05389505,0.899800094668,0,0.189701109001
2.573,0.96686600875,0.825017106248,0,0.174035881575
2.574,-0.403625501387,-0.344209645684,-0,-0.0726525902496
2.575,0.819905351665,0.698804549888,0,0.1475829633
2.576,0.0199523373292,0.0169954681561,0,0.00359142071925
2.577,-0.646617051133,-0.550469984511,-0,-0.116391069204
2.578,0.871166394313,0.741198493716,0,0.156809950976
2.579,0.885034547867,0.752558643685,0,0.159306218616
2.58,-0.136685856514,-0.11615828723,-0,-0.0246034541726
2.581,0.86383617886,0.73367596787,0,0.155490512195
2.582,1.47262687527,1.25000484634,0,0.265072837548
2.583,-0.853574782224,-0.72411310527,-0,-0.1536434608
2.584,-0.332824474052,-0.282179675485,-0,-0.0599084053294
2.585,-1.61359241241,-1.36725571946,-0,-0.290446634234
2.586,1.48328357563,1.25610316778,0,0.266991043614
2.587,-1.1020917158,-0.932747009084,-0,-0.198376508845
2.588,0.57151867754,0.483416362607,0,0.102873361957
2.589,-0.776754163638,-0.656627528623,-0,-0.139815749455
2.59,1.66480218117,1.40650894214,0,0.299664392611
2.591,0.359366525394,0.303432177774,0,0.0646859745709
2.592,0.840832914864,0.709541263022,0,0.151349924676
2.593,0.361843297337,0.305163235772,0,0.0651317935207
2.594,-0.128303706517,-0.108141999465,-0,-0.0230946671731
2.595,0.590819761687,0.497683802042,0,0.106347557104
2.596,1.00904511536,0.849478057459,0,0.181628120765
2.597,1.12380242741,0.945528060262,0,0.202284436934
2.598,2.14822490155,1.80637063654,0,0.38668048228
2.599,0.548159685448,0.460655923842,0,0.0986687433806
2.6,-0.926486614617,-0.778127841651,-0,-0.166767590631
2.601,0.0496269085116,0.0416553753372,0,0.00893284353208
2.602,0.136910177828,0.114850099802,0,0.0246438320091
2.603,-0.910572661614,-0.763399461532,-0,-0.16390307909
2.604,-1.3108777571,-1.09835017553,-0,-0.235957996279
2.605,1.21834666802,1.0202126028,0,0.219302400243
2.606,-0.643678646946,-0.538678781482,-0,-0.11586215645
2.607,1.58778465983,1.32798484455,0,0.285801238769
2.608,-0.610941415272,-0.510671500653,-0,-0.109969454749
2.609,-1.25944660217,-1.05211240162,-0,-0.226700388391
2.61,0.457915784225,0.382303353985,0,0.0824248411604
2.611,-0.388263383693,-0.32395809085,-0,-0.0698874090647
2.612,0.0695673361134,0.0580106135537,0,0.0125221205004
2.613,-0.76715073471,-0.639325854764,-0,-0.138087132248
2.614,0.882604308381,0.735100758957,0,0.158868775509
2.615,0.711974675927,0.592631085678,0,0.128155441667
2.616,-0.256926377351,-0.213730950165,-0,-0.0462467479231
2.617,-0.602073772344,-0.500549534214,-0,-0.108373279022
2.618,-1.30432258575,-1.08372922536,-0,-0.234778065435
2.619,0.499253593786,0.414567427461,0,0.0898656468815
2.62,1.91198942333,1.58670962744,0,0.344158096199
2.621,0.605663038391,0.502320410586,0,0.10901934691
2.622,1.5013503932,1.24442689122,0,0.270243070776
2.623,-1.61277699276,-1.33597707017,-0,-0.290299858696
2.624,0.63465235395,0.525409266721,0,0.114237423711
2.625,0.624884908505,0.517009836422,0,0.112479283531
2.626,2.3668033727,1.95703086161,0,0.426024607086
2.627,0.93726686764,0.774524702752,0,0.168708036175
2.628,-0.725031047102,-0.598776731781,-0,-0.130505588478
2.629,-0.161079477817,-0.132948859345,-0,-0.0289943060071
2.63,-1.95378032525,-1.61159538282,-0,-0.351680458545
2.631,1.40999237197,1.16233874477,0,0.253798626955
2.632,-0.601316157363,-0.495398038498,-0,-0.108236908325
2.633,2.24858322416,1.85138023133,0,0.404744980349
2.634,-1.28020442244,-1.05341867841,-0,-0.23043679604
2.635,1.35225727088,1.11202830448,0,0.243406308758
2.636,1.51746553158,1.24712494224,0,0.273143795684
2.637,-1.59153033671,-1.30719522934,-0,-0.286475460609
2.638,0.270687967848,0.222192132297,0,0.0487238342126
2.639,-1.12113886214,-0.919714668776,-0,-0.201804995184
2.64,0.171108589162,0.140281140304,0,0.0307995460491
2.641,0.901021389082,0.738237560517,0,0.162183850035
2.642,0.258345289824,0.21154118571,0,0.0465021521682
2.643,0.0396798796398,0.0324711650684,0,0.00714237833516
2.644,-0.0265974264623,-0.0217520438688,-0,-0.00478753676321
2.645,0.924015979763,0.755218558196,0,0.166322876357
2.646,-0.0412627886723,-0.0337042179689,-0,-0.00742730196102
2.647,0.331153338063,0.270325561322,0,0.0596076008513
2.648,1.384742445,1.12968943611,0,0.2492536401
2.649,-0.258705467261,-0.210924751837,-0,-0.046566984107
2.65,-0.492798726075,-0.401534793138,-0,-0.0887037706935
2.651,-0.392398040278,-0.319530186408,-0,-0.0706316472501
2.652,0.290564776413,0.236460865801,0,0.0523016597543
2.653,0.619698388057,0.503996722609,0,0.11154570985
2.654,-0.957978472374,-0.778635000952,-0,-0.172436125027
2.655,-0.214870032125,-0.174535846916,-0,-0.0386766057825
2.656,0.24134976008,0.195923290992,0,0.0434429568145
2.657,-1.63219659994,-1.32416425931,-0,-0.293795387988
2.658,0.948047724622,0.768651679284,0,0.170648590432
2.659,-0.192154281205,-0.155696633685,-0,-0.0345877706169
2.66,-1.73901716175,-1.40819433806,-0,-0.313023089116
2.661,1.2795490986,1.03548792688,0,0.230318837747
2.662,-0.28107694853,-0.227322520948,-0,-0.0505938507354
2.663,1.11559198814,0.901678179454,0,0.200806557866
2.664,-0.409243133947,-0.330564571144,-0,-0.0736637641105
2.665,-2.01480243804,-1.6264319325,-0,-0.362664438847
2.666,-1.33088502618,-1.07367360195,-0,-0.239559304712
2.667,0.0577616103647,0.0465692380155,0,0.0103970898656
2.668,-0.718007194719,-0.578517537463,-0,-0.129241295049
2.669,0.694512661987,0.559236598315,0,0.125012279158
2.67,-1.73666248991,-1.39752091778,-0,-0.312599248183
2.671,-1.25729898275,-1.01113402265,-0,-0.226313816895
2.672,-0.10899195457,-0.0875974892269,-0,-0.0196185518227
2.673,-0.647832847661,-0.520339782497,-0,-0.116609912579
2.674,-1.33965918956,-1.07533810198,-0,-0.241138654121
2.675,-0.728857861799,-0.584682346149,-0,-0.131194415124
2.676,0.86859641841,0.696340084115,0,0.156347355314
2.677,-0.341306901885,-0.273447808098,-0,-0.0614352423393
2.678,-1.03369077636,-0.827648291675,-0,-0.186064339746
2.679,1.65520028331,1.32443708127,0,0.297936050995
2.68,-0.767080036077,-0.613404346238,-0,-0.138074406494
2.681,0.744406411379,0.594896556119,0,0.133993154048
2.682,0.676402582442,0.540208706859,0,0.12175246484
2.683,-0.310862963229,-0.248113314162,-0,-0.0559553333812
2.684,-0.30178897111,-0.24071824496,-0,-0.0543220147998
2.685,-0.397193021098,-0.316615084156,-0,-0.0714947437976
2.686,-0.850611330383,-0.677618565828,-0,-0.153110039469
2.687,-0.768845790748,-0.612092850897,-0,-0.138392242335
2.688,-0.433263088059,-0.344709682033,-0,-0.0779873558506
2.689,-0.170197754505,-0.135325342283,-0,-0.0306355958108
2.69,-1.0706880131,-0.85076880723,-0,-0.192723842357
2.691,-0.990837719118,-0.78681793502,-0,-0.178350789441
2.692,0.626264708252,0.496995610589,0,0.112727647485
2.693,-1.12044245022,-0.888601119477,-0,-0.20167964104
2.694,-2.61537218717,-2.0728758035,-0,-0.470766993691
2.695,0.223495375818,0.177023366402,0,0.0402291676472
2.696,-1.62198612949,-1.28390016467,-0,-0.291957503309
2.697,-0.321532775234,-0.254349697549,-0,-0.0578758995422
2.698,-1.90033124481,-1.50230093078,-0,-0.342059624067
2.699,-1.41273400943,-1.11611635323,-0,-0.254292121697
2.7,1.39338347054,1.10012228522,0,0.250809024698
2.701,-1.13247892072,-0.893555361613,-0,-0.203846205729
2.702,-0.239743857803,-0.189042586452,-0,-0.0431538944046
2.703,0.639311536062,0.503785100171,0,0.115076076491
2.704,-0.58179002404,-0.458162413139,-0,-0.104722204327
2.705,-2.34956062375,-1.84909849815,-0,-0.422920912276
2.706,-0.199734010632,-0.157088867945,-0,-0.0359521219138
2.707,-0.485931796847,-0.381934153272,-0,-0.0874677234325
2.708,0.28658036131,0.225101913805,0,0.0515844650358
2.709,0.257574996175,0.202188216398,0,0.0463634993114
2.71,0.43274389363,0.339470671039,0,0.0778939008534
2.711,-0.124854098403,-0.0978798012183,-0,-0.0224737377126
2.712,-1.39090121877,-1.0896959147,-0,-0.250362219379
2.713,-1.31640255389,-1.03066209579,-0,-0.2369524597
2.714,-0.279932133232,-0.219027521825,-0,-0.0503877839817
2.715,-1.11318695852,-0.870426665091,-0,-0.200373652533
2.716,1.24729947692,0.974659125264,0,0.224513905845
2.717,0.755247663203,0.589778767256,0,0.135944579377
2.718,0.956892155275,0.74675865003,0,0.17224058795
2.719,0.380118168008,0.296451201117,0,0.0684212702414
2.72,1.6027890946,1.24918879277,0,0.288502037027
2.721,-0.789179269996,-0.614673199128,-0,-0.142052268599
2.722,-0.287110841863,-0.223478066053,-0,-0.0516799515354
2.723,-0.651369120149,-0.506674415875,-0,-0.117246441627
2.724,-0.512074788509,-0.398062711242,-0,-0.0921734619316
2.725,0.191676361789,0.148902759949,0,0.034501745122
2.726,1.78737445003,1.3876042409,0,0.321727401006
2.727,0.183266423359,0.142183321403,0,0.0329879562046
2.728,-2.14000199015,-1.65918724856,-0,-0.385200358227
2.729,1.26980348107,0.983859324435,0,0.228564626593
2.73,-0.946987446858,-0.733256258801,-0,-0.170457740434
2.731,-0.211000210324,-0.163271094527,-0,-0.0379800378583
2.732,-0.691154540655,-0.534461266486,-0,-0.124407817318
2.733,-0.517885038651,-0.400210875612,-0,-0.0932193069571
2.734,-0.679923146803,-0.525084978357,-0,-0.122386166425
2.735,-0.856478864464,-0.660998479345,-0,-0.154166195604
2.736,-0.474254603883,-0.365770944532,-0,-0.085365828699
2.737,-1.51546101828,-1.16803552565,-0,-0.272782983291
2.738,-0.447627729792,-0.34477970606,-0,-0.0805729913626
2.739,-1.25531385051,-0.966251674569,-0,-0.225956493092
2.74,-0.542662900877,-0.417427535367,-0,-0.0976793221579
2.741,-0.107007544262,-0.0822580060733,-0,-0.0192613579671
2.742,0.479322906861,0.368217631766,0,0.086278123235
2.743,0.570973466227,0.438333571988,0,0.102775223921
2.744,-1.53796735681,-1.17990796892,-0,-0.276834124226
2.745,-0.818497138999,-0.627523779352,-0,-0.14732948502
2.746,-1.54987304154,-1.18746535647,-0,-0.278977147477
2.747,-1.92080123403,-1.47068224394,-0,-0.345744222126
2.748,-0.224931690028,-0.172106972598,-0,-0.0404877042051
2.749,-1.79687653925,-1.37397000075,-0,-0.323437777064
2.75,0.142301698981,0.108737686208,0,0.0256143058167
2.751,1.9502109154,1.48923204477,0,0.351037964772
2.752,-1.36298647631,-1.04011874038,-0,-0.245337565737
2.753,0.479185980771,0.365431399059,0,0.0862534765388
2.754,0.256248493344,0.195286965597,0,0.0461247288019
2.755,-0.937141803297,-0.713718945618,-0,-0.168685524594
2.756,-1.99038709667,-1.51484862488,-0,-0.358269677401
2.757,0.103432799727,0.078668259708,0,0.0186179039508
2.758,-0.29952277378,-0.227656724193,-0,-0.0539140992804
2.759,-0.212817031399,-0.161646454483,-0,-0.0383070656518
2.76,0.602784188291,0.457541636611,0,0.108501153892
2.761,0.564831181005,0.428446104401,0,0.101669612581
2.762,0.940138825052,0.712652949087,0,0.169224988509
2.763,-0.609365675702,-0.461607066094,-0,-0.109685821626
2.764,-0.883643728992,-0.668928686583,-0,-0.159055871219
2.765,0.65219139391,0.493384661571,0,0.117394450904
2.766,1.33221726489,1.00714823434,0,0.239799107681
2.767,-0.284059880215,-0.214603002733,-0,-0.0511307784387
2.768,1.36904197814,1.03359408475,0,0.246427556066
2.769,-0.239324269928,-0.180562328907,-0,-0.0430783685871
2.77,-0.246675560374,-0.18598309989,-0,-0.0444016008673
2.771,1.55369536598,1.17063089559,0,0.279665165877
2.772,0.0279148814603,0.0210182450776,0,0.00502467866285
2.773,0.0921745755819,0.0693550616221,0,0.0165914236047
2.774,-1.68766204308,-1.2689913138,-0,-0.303779167754
2.775,-0.249916850358,-0.187790948811,-0,-0.0449850330644
2.776,-0.783856937596,-0.588601919768,-0,-0.141094248767
2.777,-0.88344372547,-0.662932497017,-0,-0.159019870585
2.778,0.0625846996436,0.04693144657,0,0.0112652459358
2.779,-0.253356796239,-0.189860000347,-0,-0.045604223323
2.78,0.608556518469,0.455729128369,0,0.109540173324
2.781,-0.580007340867,-0.434054347125,-0,-0.104401321356
2.782,0.14072457046,0.105241033089,0,0.0253304226829
2.783,0.515105545422,0.384960126005,0,0.0927189981759
2.784,-0.134241954404,-0.100256361906,-0,-0.0241635517928
2.785,1.65976200116,1.23872084226,0,0.298757160208
2.786,0.71331878361,0.532004175936,0,0.12839738105
2.787,0.0362589506337,0.0270240332466,0,0.00652661111407
2.788,-0.301635602895,-0.224657484711,-0,-0.0542944085211
2.789,0.2759724018,0.20540315063,0,0.049675032324
2.79,0.49738417403,0.369944323685,0,0.0895291513253
2.791,1.46877504514,1.09169783685,0,0.264379508125
2.792,-1.16791170764,-0.867480532309,-0,-0.210224107375
2.793,-0.241321613067,-0.179121743198,-0,-0.0434378903521
2.794,-0.579699111872,-0.429988545382,-0,-0.104345840137
2.795,-0.557329737005,-0.413112592243,-0,-0.100319352661
2.796,2.11160090151,1.5641191146,0,0.380088162271
2.797,-1.48070302363,-1.09604281021,-0,-0.266526544253
2.798,1.56447249936,1.1572544501,0,0.281605049885
2.799,-0.61566160982,-0.455097210634,-0,-0.110819089768
2.8,-1.30199642371,-0.961773635303,-0,-0.234359356267
2.801,-1.00302616688,-0.74041655111,-0,-0.180544710039
2.802,0.954220219934,0.703903381904,0,0.171759639588
2.803,-2.035972691,-1.50084820216,-0,-0.36647508438
2.804,0.638259140893,0.470177726048,0,0.114886645361
2.805,1.14832045045,0.845333533115,0,0.206697681082
2.806,-0.0374762493634,-0.0275689934968,-0,-0.00674572488541
2.807,0.957788000323,0.704099083134,0,0.172401840058
2.808,-1.14297059622,-0.839651067824,-0,-0.20573470732
2.809,0.325299643007,0.238806737945,0,0.0585539357412
2.81,-0.681879440773,-0.500229837067,-0,-0.122738299339
2.811,0.794522880258,0.582461486966,0,0.143014118447
2.812,-0.925986662035,-0.678366122782,-0,-0.166677599166
2.813,-0.829416052783,-0.607197919345,-0,-0.149294889501
2.814,0.410004487994,0.299947102282,0,0.0738008078389
2.815,-0.724188904075,-0.529426837328,-0,-0.130354002734
2.816,0.792620204362,0.579051318814,0,0.142671636785
2.817,-0.341186114376,-0.249081171226,-0,-0.0614135005876
2.818,0.184534019646,0.134624292071,0,0.0332161235363
2.819,-0.52194338728,-0.380511366403,-0,-0.0939498097105
2.82,-0.180866377008,-0.13176471364,-0,-0.0325559478614
2.821,-2.72071134616,-1.98070867998,-0,-0.489728042309
2.822,-2.13490600383,-1.55315054817,-0,-0.384283080689
2.823,-1.31386576787,-0.955173482479,-0,-0.236495838217
2.824,0.636488542387,0.462400312585,0,0.11456793763
2.825,-0.78474484422,-0.569707680549,-0,-0.14125407196
2.826,-0.816021289989,-0.591999000112,-0,-0.146883832198
2.827,-1.61595342525,-1.17150462866,-0,-0.290871616546
2.828,0.230945194056,0.167309110431,0,0.04157013493
2.829,0.773697322657,0.560114805681,0,0.139265518078
2.83,0.694316005534,0.502294287637,0,0.124976880996
2.831,0.29522309878,0.213425499572,0,0.0531401577804
2.832,-1.47147770177,-1.0630271919,-0,-0.264865986319
2.833,0.0215816080555,0.0155800559219,0,0.00388468944999
2.834,1.15301776016,0.831793528786,0,0.207543196829
2.835,0.366366259013,0.264112615712,0,0.0659459266224
2.836,-0.379882755995,-0.273663703188,-0,-0.0683788960791
2.837,1.21390826395,0.873870819092,0,0.218503487511
2.838,0.226217938197,0.162735373952,0,0.0407192288755
2.839,0.962155987516,0.691661779377,0,0.173188077753
2.84,-0.461779061682,-0.331723087956,-0,-0.0831202311028
2.841,0.545741887403,0.39176147887,0,0.0982335397325
2.842,-0.68082050663,-0.488382234291,-0,-0.122547691193
2.843,1.12148998099,0.803924421748,0,0.201868196578
2.844,-0.251269634394,-0.179991598747,-0,-0.0452285341909
2.845,-0.433840728005,-0.310552305577,-0,-0.0780913310409
2.846,-0.666385200132,-0.476674368687,-0,-0.119949336024
2.847,-0.640979947693,-0.458176412952,-0,-0.115376390585
2.848,1.54413118383,1.10297105197,0,0.27794361309
2.849,-0.272904466638,-0.19479688569,-0,-0.0491228039949
2.85,1.02164818327,0.728725532413,0,0.183896672988
2.851,1.66236614085,1.18489636276,0,0.299225905353
2.852,-0.382359703102,-0.272343283494,-0,-0.0688247465583
2.853,0.321637198822,0.228929366047,0,0.0578946957879
2.854,-1.10958922545,-0.789201597709,-0,-0.199726060581
2.855,0.163183718919,0.115982602944,0,0.0293730694055
2.856,-0.216745984096,-0.153942024604,-0,-0.0390142771374
2.857,0.347018473928,0.246291060906,0,0.062463325307
2.858,-0.659756457549,-0.467917656272,-0,-0.118756162359
2.859,2.23929044883,1.58703224467,0,0.403072280789
2.86,0.0438981516293,0.0310892973808,0,0.00790166729328
2.861,-0.578779482035,-0.409606613298,-0,-0.104180306766
2.862,-1.51223850298,-1.0694564286,-0,-0.272202930537
2.863,-0.313719363645,-0.221703684651,-0,-0.0564694854561
2.864,0.783197451861,0.553084444279,0,0.140975541335
2.865,1.66644520186,1.17597914205,0,0.299960136336
2.866,-0.552101934776,-0.389328382504,-0,-0.0993783482596
2.867,-1.59806911005,-1.1261088701,-0,-0.28765243981
2.868,0.787424686988,0.554474638558,0,0.141736443658
2.869,-0.490269679986,-0.344981133646,-0,-0.0882485423975
2.87,-0.360174854029,-0.253256825651,-0,-0.0648314737253
2.871,0.255547665772,0.179558910499,0,0.045998579839
2.872,0.277592242839,0.194907905324,0,0.0499666037111
2.873,-0.247610680753,-0.17373143218,-0,-0.0445699225355
2.874,0.246312437041,0.172695919737,0,0.0443362386675
2.875,-0.542007680402,-0.379741182564,-0,-0.0975613824723
2.876,-0.270177883031,-0.189155244692,-0,-0.0486320189455
2.877,0.186424488437,0.13042405571,0,0.0335564079187
2.878,-0.378066435233,-0.26430709689,-0,-0.068051958342
2.879,-0.286569102694,-0.200196204868,-0,-0.051582438485
2.88,1.20849322558,0.843638293242,0,0.217528780604
2.881,0.563064018588,0.39278531361,0,0.101351523346
2.882,1.30679265335,0.910939144195,0,0.235222677602
2.883,-0.63302946382,-0.44095232172,-0,-0.113945303488
2.884,0.334124322494,0.23257372206,0,0.0601423780489
2.885,1.07875522854,0.750343496865,0,0.194175941137
2.886,0.935751790904,0.650402718271,0,0.168435322363
2.887,-0.368879248732,-0.256206528164,-0,-0.0663982647718
2.888,0.303142989043,0.210396056705,0,0.0545657380278
2.889,-0.309267702531,-0.214490741725,-0,-0.0556681864556
2.89,0.201533276443,0.139670432853,0,0.0362759897597
2.891,-0.459072601827,-0.317923501903,-0,-0.0826330683289
2.892,-0.530888073819,-0.367390218822,-0,-0.0955598532874
2.893,1.68293884564,1.16379404915,0,0.302928992214
2.894,-0.147608750802,-0.10200063948,-0,-0.0265695751443
2.895,0.751978918359,0.519253297687,0,0.135356205305
2.896,0.676988439273,0.467129693832,0,0.121857919069
2.897,-0.478969732449,-0.330252970663,-0,-0.0862145518409
2.898,-0.0355483689452,-0.0244929219666,-0,-0.00639870641014
2.899,0.614441377068,0.423041961661,0,0.110599447872
2.9,-0.0908125022917,-0.0624784902289,-0,-0.0163462504125
2.901,-1.0915845637,-0.750453826993,-0,-0.196485221465
2.902,0.460803994469,0.316566059636,0,0.0829447190043
2.903,1.18671302803,0.814657700863,0,0.213608345046
2.904,0.38805385556,0.266196670323,0,0.0698496940009
2.905,-2.35429347567,-1.61380921825,-0,-0.42377282562
2.906,-1.14089479009,-0.781480209437,-0,-0.205361062215
2.907,-0.78463600258,-0.537058050949,-0,-0.141234480464
2.908,0.586097963992,0.400870080406,0,0.105497633518
2.909,-0.710316091651,-0.485473281262,-0,-0.127856896497
2.91,0.171351130407,0.117025558068,0,0.0308432034733
2.911,0.831426006943,0.567410330367,0,0.14965668125
2.912,0.209721583487,0.143019898867,0,0.0377498850277
2.913,-0.241544641566,-0.164600166508,-0,-0.043478035482
2.914,-0.366840517581,-0.249798314516,-0,-0.0660312931645
2.915,0.581710273019,0.395820335553,0,0.104707849143
2.916,-0.512721026439,-0.348619342687,-0,-0.0922897847591
2.917,-0.987769070184,-0.671126792851,-0,-0.177798432633
2.918,0.862932320261,0.585874386621,0,0.155327817647
2.919,0.549550223043,0.372832366548,0,0.0989190401477
2.92,1.12642021988,0.763633407628,0,0.202755639578
2.921,0.821661335609,0.556615654876,0,0.14789904041
2.922,-0.184748568124,-0.125060900372,-0,-0.0332547422623
2.923,0.889657879734,0.601784814977,0,0.160138418352
2.924,-0.723958564805,-0.489338573947,-0,-0.130312541665
2.925,0.231238529103,0.156182837059,0,0.0416229352385
2.926,-0.627450776616,-0.423477128706,-0,-0.112941139791
2.927,1.46470559937,0.987819628115,0,0.263647007887
2.928,-1.31203816756,-0.884200205426,-0,-0.23616687016
2.929,0.832984931231,0.560941979275,0,0.149937287622
2.93,-1.00478362826,-0.676129406691,-0,-0.180861053088
2.931,-0.623171315907,-0.419026056307,-0,-0.112170836863
2.932,-0.580297909436,-0.389906704658,-0,-0.104453623699
2.933,-0.266950833779,-0.179232566746,-0,-0.0480511500802
2.934,0.436476091016,0.292834249832,0,0.0785656963829
2.935,-0.256811848793,-0.172167851662,-0,-0.0462261327828
2.936,-0.650688675034,-0.435898792888,-0,-0.117123961506
2.937,-0.533296007197,-0.356989949501,-0,-0.0959932812955
2.938,-0.938880071278,-0.628019083819,-0,-0.16899841283
2.939,1.75179647661,1.17090390856,0,0.31532336579
2.94,-0.0971423747217,-0.0648815228046,-0,-0.0174856274499
2.941,-1.32994131475,-0.887604166048,-0,-0.239389436654
2.942,1.15428374538,0.769792711545,0,0.207771074169
2.943,-0.212543099222,-0.141638855668,-0,-0.03825775786
2.944,2.12413890354,1.41446538569,0,0.382345002636
2.945,0.449923986169,0.299379730809,0,0.0809863175104
2.946,-0.787547994811,-0.523641355449,-0,-0.141758639066
2.947,-0.833346724862,-0.553676547845,-0,-0.150002410475
2.948,0.724777703954,0.481181069942,0,0.130459986712
2.949,1.31095787358,0.869692218445,0,0.235972417245
2.95,1.55889017835,1.03339256961,0,0.280600232102
2.951,0.307851190398,0.203921700129,0,0.0554132142717
2.952,-1.08119407978,-0.715647047876,-0,-0.194614934361
2.953,-1.33284285458,-0.881549329169,-0,-0.239911713824
2.954,0.500975311665,0.33109777991,0,0.0901755560997
2.955,-0.810739672887,-0.5354186205,-0,-0.14593314112
2.956,2.04961540573,1.35255941121,0,0.368930773031
2.957,0.285177300367,0.188048850767,0,0.051331914066
2.958,0.0721628041797,0.0475489264284,0,0.0129893047523
2.959,-0.0551246183475,-0.0362947929347,-0,-0.00992243130255
2.96,-1.25112028233,-0.823131142753,-0,-0.22520165082
2.961,-1.65034315592,-1.08496391757,-0,-0.297061768066
2.962,0.979531366827,0.643472935785,0,0.176315646029
2.963,-1.86436129797,-1.2238064698,-0,-0.335585033634
2.964,-0.339913139069,-0.222957032686,-0,-0.0611843650323
2.965,-1.50671215557,-0.987538197258,-0,-0.271208188003
2.966,-1.42696982598,-0.934563074801,-0,-0.256854568677
2.967,0.754746634551,0.493929608145,0,0.135854394219
2.968,0.816833582896,0.534155048588,0,0.147030044921
2.969,0.741583644297,0.484577900081,0,0.133485055973
2.97,-0.68344113927,-0.446245774595,-0,-0.123019405069
2.971,-2.73279247909,-1.7829904754,-0,-0.491902646236
2.972,0.682204488624,0.444760431638,0,0.122796807952
2.973,1.55743477955,1.01458975309,0,0.280338260318
2.974,0.381794155035,0.248529955803,0,0.0687229479062
2.975,-0.595456588863,-0.387318524285,-0,-0.107182185995
2.976,1.34749544125,0.87581826112,0,0.242549179426
2.977,0.271884719216,0.176579324759,0,0.0489392494589
2.978,1.43995433047,0.934484201829,0,0.259191779484
2.979,-0.614387120415,-0.398412884086,-0,-0.110589681675
2.98,1.39315834645,0.902733609513,0,0.25076850236
2.981,-0.0388805466579,-0.0251744033162,-0,-0.00699849839843
2.982,-0.833657218512,-0.539363886181,-0,-0.150058299332
2.983,-0.793166276109,-0.512773944989,-0,-0.1427699297
2.984,-1.03709896579,-0.669960355366,-0,-0.186677813842
2.985,1.22276861711,0.789296569235,0,0.22009835108
2.986,0.377883405675,0.243736524842,0,0.0680190130216
2.987,0.255598050157,0.164735435314,0,0.0460076490282
2.988,0.522285483442,0.336359717418,0,0.0940113870196
2.989,1.01344797143,0.6521745531,0,0.182420634857
2.99,0.210859761713,0.135588328263,0,0.0379547571084
2.991,1.2899972952,0.828864297695,0,0.232199513135
2.992,0.391137098703,0.251124750666,0,0.0704046777665
2.993,1.80870521204,1.1603633675,0,0.325566938167
2.994,-0.691959161779,-0.443580280461,-0,-0.12455264912
2.995,-0.989442513735,-0.633793408956,-0,-0.178099652472
2.996,-0.702430169063,-0.449599199094,-0,-0.126437430431
2.997,0.745373352513,0.476717718352,0,0.134167203452
2.998,0.314629289959,0.201071944355,0,0.0566332721926
2.999,-0.212447150688,-0.135665047694,-0,-0.0382404871239
3,0.530686533712,0.338625531899,0.530686533712,0.0955235760682
3.001,0.543509623136,0.346539927817,0.543509623136,0.0978317321644
3.002,1.00366736209,0.639440431169,1.00366736209,0.180660125176
3.003,0.191619494496,0.121987145346,0.191619494496,0.0344915090093
3.004,-1.08472915408,-0.690016724438,-1.08472915408,-0.195251247734
3.005,-0.276400460366,-0.175687487427,-0.276400460366,-0.0497520828659
3.006,0.574376980464,0.364806611802,0.574376980464,0.103387856484
3.007,0.346301652767,0.219777730163,0.346301652767,0.062334297498
3.008,0.506725461555,0.321340252891,0.506725461555,0.09121058308
3.009,1.13474090616,0.71903865806,1.13474090616,0.204253363108
3.01,-0.538332815453,-0.340854748806,-0.538332815453,-0.0968999067816
3.011,0.31776772427,0.201043985438,0.31776772427,0.0571981903687
3.012,-0.382108429914,-0.241563085247,-0.382108429914,-0.0687795173846
3.013,0.37999601981,0.240041032057,0.37999601981,0.0683992835658
3.014,0.784778798877,0.495354405732,0.784778798877,0.141260183798
3.015,0.259434329565,0.163628287026,0.259434329565,0.0466981793216
3.016,0.395706824882,0.249382799419,0.395706824882,0.0712272284787
3.017,-2.19623776785,-1.38303817446,-2.19623776785,-0.395322798214
3.018,0.655983490788,0.412771231568,0.655983490788,0.118077028342
3.019,-0.426490543065,-0.268155963605,-0.426490543065,-0.0767682977517
3.02,-1.25873953974,-0.790815757943,-1.25873953974,-0.226573117153
3.021,-0.191409589409,-0.120161228834,-0.191409589409,-0.0344537260935
3.022,0.930849462639,0.58390365646,0.930849462639,0.167552903275
3.023,2.19934163835,1.37852725212,2.19934163835,0.395881494902
3.024,1.12854554933,0.706809720419,1.12854554933,0.203138198879
3.025,-0.129542295711,-0.0810691494354,-0.129542295711,-0.0233176132279
3.026,-0.976846735441,-0.610844837349,-0.976846735441,-0.175832412379
3.027,0.863848995841,0.539762373868,0.863848995841,0.155492819251
3.028,-1.07259341644,-0.669668765188,-1.07259341644,-0.19306681496
3.029,0.999277854016,0.623406270129,0.999277854016,0.179870013723
3.03,-2.9972242497,-1.86837468525,-2.9972242497,-0.539500364945
3.031,-0.449182979099,-0.27978711329,-0.449182979099,-0.0808529362378
3.032,-2.16452530184,-1.34718304775,-2.16452530184,-0.389614554331
3.033,1.08955471364,0.677598380575,1.08955471364,0.196119848454
3.034,-1.10384724849,-0.685948506898,-1.10384724849,-0.198692504728
3.035,0.38329362943,0.237997943468,0.38329362943,0.0689928532973
3.036,1.50879906776,0.936120865835,1.50879906776,0.271583832196
3.037,-1.17694342869,-0.729650476311,-1.17694342869,-0.211849817165
3.038,-1.51191164939,-0.936578764972,-1.51191164939,-0.27214409689
3.039,0.636587351561,0.394034600257,0.636587351561,0.114585723281
3.04,0.968008080204,0.598706047847,0.968008080204,0.174241454437
3.041,1.53947579539,0.951405561907,1.53947579539,0.27710564317
3.042,1.38553239037,0.855593569023,1.38553239037,0.249395830267
3.043,-0.198633025219,-0.122563214573,-0.198633025219,-0.0357539445394
3.044,-0.654553677888,-0.403563296549,-0.654553677888,-0.11781966202
3.045,-1.56382422807,-0.963411638684,-1.56382422807,-0.281488361052
3.046,0.366102541202,0.225363772091,0.366102541202,0.0658984574164
3.047,0.128175392665,0.078839393689,0.128175392665,0.0230715706798
3.048,-1.22891080135,-0.755294098172,-1.22891080135,-0.221203944243
3.049,-1.47553466403,-0.906154201656,-1.47553466403,-0.265596239525
3.05,-0.15565694812,-0.0955164157301,-0.15565694812,-0.0280182506616
3.051,-0.648745584319,-0.39777784159,-0.648745584319,-0.116774205177
3.052,0.29638060274,0.181581862977,0.29638060274,0.0533485084932
3.053,0.927660145925,0.567894889933,0.927660145925,0.166978826267
3.054,1.06649637543,0.652371034736,1.06649637543,0.191969347578
3.055,-0.0224473464664,-0.0137200714753,-0.0224473464664,-0.00404052236395
3.056,0.844738418411,0.515904768029,0.844738418411,0.152052915314
3.057,0.570227108474,0.347977321276,0.570227108474,0.102640879525
3.058,0.55426910091,0.337970962858,0.55426910091,0.0997684381638
3.059,1.6064649294,0.978780850085,1.6064649294,0.289163687293
3.06,-0.591816087472,-0.360293419823,-0.591816087472,-0.106526895745
3.061,-0.220016415501,-0.133838127937,-0.220016415501,-0.0396029547903
3.062,-1.4193779996,-0.862735954659,-1.4193779996,-0.255488039927
3.063,-0.10357847222,-0.0629077634458,-0.10357847222,-0.0186441249996
3.064,0.226031471189,0.137169775503,0.226031471189,0.040685664814
3.065,-0.741883585027,-0.449862618167,-0.741883585027,-0.133539045305
3.066,-0.835069689036,-0.505966018538,-0.835069689036,-0.150312544027
3.067,-0.882645891928,-0.534366810588,-0.882645891928,-0.158876260547
3.068,-1.3728042953,-0.830454420707,-1.3728042953,-0.247104773153
3.069,-0.378682107309,-0.228894846488,-0.378682107309,-0.0681627793156
3.07,-0.650485597746,-0.392873585645,-0.650485597746,-0.117087407594
3.071,-0.849917285134,-0.512915213733,-0.849917285134,-0.152985111324
3.072,0.823291786437,0.496450937011,0.823291786437,0.148192521559
3.073,0.342068967278,0.206105566032,0.342068967278,0.06157241411
3.074,0.43686325308,0.263011604402,0.43686325308,0.0786353855543
3.075,0.0306509407625,0.0184385351204,0.0306509407625,0.00551716933725
3.076,-0.392799162608,-0.236105568723,-0.392799162608,-0.0707038492695
3.077,0.913433976501,0.548612590417,0.913433976501,0.16441811577
3.078,-0.800609732235,-0.480465563273,-0.800609732235,-0.144109751802
3.079,0.583817461201,0.350083090042,0.583817461201,0.105087143016
3.08,0.263850897313,0.158090270891,0.263850897313,0.0474931615164
3.081,-0.232224159872,-0.139029302751,-0.232224159872,-0.0418003487769
3.082,0.33305566319,0.199236087764,0.33305566319,0.0599500193742
3.083,-0.943012489636,-0.563664557667,-0.943012489636,-0.169742248135
3.084,1.58950945317,0.949332527539,1.58950945317,0.28611170157
3.085,0.908994204227,0.542460583837,0.908994204227,0.163618956761
3.086,-0.781634804369,-0.466082344538,-0.781634804369,-0.140694264786
3.087,-0.703705279282,-0.419277083117,-0.703705279282,-0.126666950271
3.088,0.580520185807,0.34560423796,0.580520185807,0.104493633445
3.089,-0.287901493053,-0.171260391668,-0.287901493053,-0.0518222687495
3.09,-0.482023372081,-0.286505035352,-0.482023372081,-0.0867642069745
3.091,-1.63817315642,-0.972915180134,-1.63817315642,-0.294871168155
3.092,-0.63281669471,-0.375529431525,-0.63281669471,-0.113907005048
3.093,-1.32708929067,-0.786895278498,-1.32708929067,-0.238876072321
3.094,1.06395300347,0.630361745104,1.06395300347,0.191511540624
3.095,0.122931063279,0.0727745482314,0.122931063279,0.0221275913902
3.096,0.0467464520255,0.0276513842327,0.0467464520255,0.00841436136459
3.097,-0.472006279737,-0.27897559296,-0.472006279737,-0.0849611303526
3.098,-0.488932137607,-0.288746743271,-0.488932137607,-0.0880077847692
3.099,-0.695075839509,-0.410157491589,-0.695075839509,-0.125113651112
3.1,-0.256148444083,-0.151028876379,-0.256148444083,-0.0461067199349
3.101,-1.28959578076,-0.759751480434,-1.28959578076,-0.232127240538
3.102,-0.533320341255,-0.313946503851,-0.533320341255,-0.095997661426
3.103,0.0782379383203,0.0460186973587,0.0782379383203,0.0140828288976
3.104,-0.230575116755,-0.135512279554,-0.230575116755,-0.041503521016
3.105,-0.72335991125,-0.424785624031,-0.72335991125,-0.130204784025
3.106,0.636688213612,0.373586535429,0.636688213612,0.11460387845
3.107,0.61290817976,0.359342615131,0.61290817976,0.110323472357
3.108,-0.532813738008,-0.312131423938,-0.532813738008,-0.0959064728414
3.109,1.17569924948,0.688187792925,1.17569924948,0.211625864906
3.11,-1.13572459613,-0.664251083453,-1.13572459613,-0.204430427303
3.111,0.559668448716,0.327068299504,0.559668448716,0.100740320769
3.112,0.243529555659,0.142202609574,0.243529555659,0.0438353200186
3.113,3.00281552975,1.75199425349,3.00281552975,0.540506795354
3.114,0.116244940874,0.0677682221875,0.116244940874,0.0209240893573
3.115,-1.05611349787,-0.615191755037,-1.05611349787,-0.190100429617
3.116,-0.355500383616,-0.206912983199,-0.355500383616,-0.0639900690509
3.117,-2.11027192469,-1.22725191836,-2.11027192469,-0.379848946444
3.118,-0.839029527165,-0.487550996326,-0.839029527165,-0.15102531489
3.119,-0.0653756018933,-0.0379582239655,-0.0653756018933,-0.0117676083408
3.12,-0.789706541645,-0.458145236092,-0.789706541645,-0.142147177496
3.121,0.0869620565533,0.0504097302044,0.0869620565533,0.0156531701796
3.122,-0.931657757309,-0.539619933371,-0.931657757309,-0.167698396316
3.123,-1.03543770443,-0.59924226927,-1.03543770443,-0.186378786797
3.124,-0.388404661909,-0.224599952911,-0.388404661909,-0.0699128391436
3.125,1.45722211528,0.841971944105,1.45722211528,0.262299980751
3.126,0.0517151389633,0.0298563065012,0.0517151389633,0.0093087250134
3.127,0.209420511108,0.120804745794,0.209420511108,0.0376956919995
3.128,1.16747126872,0.67291042548,1.16747126872,0.21014482837
3.129,-0.350931883086,-0.202106386018,-0.350931883086,-0.0631677389554
3.13,0.848159667925,0.488068590665,0.848159667925,0.152668740227
3.131,0.687205410342,0.395126107755,0.687205410342,0.123696973862
3.132,-0.176891091027,-0.101625082392,-0.176891091027,-0.0318403963849
3.133,-1.32437337013,-0.760240608976,-1.32437337013,-0.238387206623
3.134,1.20431503018,0.690758577692,1.20431503018,0.216776705432
3.135,-0.962779340239,-0.551770375514,-0.962779340239,-0.173300281243
3.136,-0.0714107422065,-0.0408922006391,-0.0714107422065,-0.0128539335972
3.137,0.0563578888979,0.0322460745642,0.0563578888979,0.0101444200016
3.138,0.417151420445,0.238484933893,0.417151420445,0.07508725568
3.139,-0.261759400312,-0.149525228706,-0.261759400312,-0.0471166920561
3.14,-0.889850443214,-0.507895143356,-0.889850443214,-0.160173079779
3.141,1.16514552254,0.664480046244,1.16514552254,0.209726194057
3.142,-0.671780309894,-0.382801527959,-0.671780309894,-0.120920455781
3.143,-0.830130277073,-0.472647265712,-0.830130277073,-0.149423449873
3.144,-1.05142933466,-0.598157254248,-1.05142933466,-0.189257280239
3.145,0.701873174155,0.398968127654,0.701873174155,0.126337171348
3.146,0.0602700741634,0.0342314617611,0.0602700741634,0.0108486133494
3.147,-1.02359702241,-0.580893851283,-1.02359702241,-0.184247464033
3.148,-0.325932524766,-0.184815929101,-0.325932524766,-0.0586678544579
3.149,-1.5228520144,-0.862806129756,-1.5228520144,-0.274113362591
3.15,-1.2814798607,-0.725455893811,-1.2814798607,-0.230666374927
3.151,-0.0144862821074,-0.008194071757,-0.0144862821074,-0.00260753077933
3.152,-0.306709792251,-0.173346050443,-0.306709792251,-0.0552077626053
3.153,1.39178989373,0.785965280073,1.39178989373,0.250522180871
3.154,-0.0274046971926,-0.0154631494638,-0.0274046971926,-0.00493284549467
3.155,1.35330140381,0.762975567867,1.35330140381,0.243594252686
3.156,-0.102517594486,-0.057750739394,-0.102517594486,-0.0184531670075
3.157,-0.382525376422,-0.215309070731,-0.382525376422,-0.0688545677559
3.158,0.140680822394,0.0791188194507,0.140680822394,0.025322548031
3.159,2.82699659508,1.5885939398,2.82699659508,0.508859387115
3.16,1.10654143759,0.621295067838,1.10654143759,0.199177458765
3.161,-1.92198038859,-1.07825548546,-1.92198038859,-0.345956469946
3.162,0.17226282546,0.0965620958923,0.17226282546,0.0310073085828
3.163,1.12242737135,0.628659745515,1.12242737135,0.202036926843
3.164,-1.36150044068,-0.761934028205,-1.36150044068,-0.245070079323
3.165,0.505607596683,0.282719164008,0.505607596683,0.091009367403
3.166,-0.694234829543,-0.38787342419,-0.694234829543,-0.124962269318
3.167,-0.0753625486624,-0.0420708286888,-0.0753625486624,-0.0135652587592
3.168,0.483119315389,0.269476966142,0.483119315389,0.0869614767699
3.169,-1.18614353519,-0.661068021201,-1.18614353519,-0.213505836335
3.17,-0.417550832362,-0.23251972863,-0.417550832362,-0.0751591498252
3.171,-0.608210698869,-0.338412157512,-0.608210698869,-0.109477925796
3.172,0.20257556914,0.112621242363,0.20257556914,0.0364636024451
3.173,0.477638217197,0.265322180157,0.477638217197,0.0859748790954
3.174,0.111253729803,0.0617490398192,0.111253729803,0.0200256713645
3.175,0.0444826153288,0.0246687407893,0.0444826153288,0.00800687075918
3.176,1.42189045131,0.787886653827,1.42189045131,0.255940281236
3.177,0.268208938553,0.148494952268,0.268208938553,0.0482776089396
3.178,0.0185312689123,0.0102514273745,0.0185312689123,0.00333562840421
3.179,-1.2152851753,-0.671735064377,-1.2152851753,-0.218751331554
3.18,-0.322919454349,-0.178342383774,-0.322919454349,-0.0581255017827
3.181,0.800966727751,0.44199287946,0.800966727751,0.144174010995
3.182,-0.737894133188,-0.406850820317,-0.737894133188,-0.132820943974
3.183,1.82191413756,1.00371239688,1.82191413756,0.327944544761
3.184,0.295645185189,0.162739260894,0.295645185189,0.053216133334
3.185,0.698132959418,0.383972145127,0.698132959418,0.125663932695
3.186,-0.116680952813,-0.064121178853,-0.116680952813,-0.0210025715064
3.187,-0.156663169949,-0.0860217549178,-0.156663169949,-0.0281993705908
3.188,-1.89557796388,-1.03997476547,-1.89557796388,-0.341204033499
3.189,1.27997295482,0.70165174573,1.27997295482,0.230395131867
3.19,-1.2575615431,-0.688794446436,-1.2575615431,-0.226361077758
3.191,-0.0636141368029,-0.0348139663751,-0.0636141368029,-0.0114505446245
3.192,-0.57340334082,-0.313544704636,-0.57340334082,-0.103212601348
3.193,-1.49665158216,-0.817709893085,-1.49665158216,-0.269397284788
3.194,-0.0633612343163,-0.0345892679598,-0.0633612343163,-0.0114050221769
3.195,0.233902742566,0.127582809796,0.233902742566,0.0421024936618
3.196,2.70176095587,1.4724575552,2.70176095587,0.486316972057
3.197,0.183950961163,0.100169809709,0.183950961163,0.0331111730094
3.198,0.859766064979,0.467793216725,0.859766064979,0.154757891696
3.199,0.367711913844,0.19990334657,0.367711913844,0.0661881444919
3.2,0.330528011353,0.17953920069,0.330528011353,0.0594950420436
3.201,1.22487576762,0.664785630607,1.22487576762,0.220477638172
3.202,1.10319477988,0.598246620797,1.10319477988,0.198575060378
3.203,1.06787803321,0.578612878826,1.06787803321,0.192218045978
3.204,-2.02423729385,-1.09588798183,-2.02423729385,-0.364362712893
3.205,1.09101777981,0.590166810897,1.09101777981,0.196383200366
3.206,-1.37760553345,-0.744570727653,-1.37760553345,-0.24796899602
3.207,-1.34477571234,-0.726221288127,-1.34477571234,-0.242059628222
3.208,0.160596323744,0.0866548094114,0.160596323744,0.0289073382739
3.209,0.582792256258,0.314201831644,0.582792256258,0.104902606126
3.21,-0.89202233336,-0.480516661429,-0.89202233336,-0.160564020005
3.211,-0.235303378194,-0.126648072472,-0.235303378194,-0.0423546080749
3.212,-0.130899869307,-0.0703958812968,-0.130899869307,-0.0235619764753
3.213,-1.24479876271,-0.668874620105,-1.24479876271,-0.224063777288
3.214,3.17971580375,1.70714859121,3.17971580375,0.572348844675
3.215,-1.21156702844,-0.649931867104,-1.21156702844,-0.21808206512
3.216,-0.122209540853,-0.0655032401927,-0.122209540853,-0.0219977173536
3.217,0.0622656722322,0.0333459854444,0.0622656722322,0.0112078210018
3.218,-1.24355310751,-0.665420744091,-1.24355310751,-0.223839559352
3.219,1.63236802015,0.872744498149,1.63236802015,0.293826243627
3.22,1.32254493448,0.706506955571,1.32254493448,0.238058088206
3.221,-0.337563631052,-0.180176663187,-0.337563631052,-0.0607614535894
3.222,0.899550273286,0.479739121569,0.899550273286,0.161919049191
3.223,0.201218382242,0.107222042648,0.201218382242,0.0362193088036
3.224,0.642074923699,0.341852517539,0.642074923699,0.115573486266
3.225,-0.0880774090107,-0.0468548095916,-0.0880774090107,-0.0158539336219
3.226,-1.12410839933,-0.597495084042,-1.12410839933,-0.20233951188
3.227,0.725315123779,0.385202677676,0.725315123779,0.13055672228
3.228,-0.819821889323,-0.435029210672,-0.819821889323,-0.147567940078
3.229,-1.00186533011,-0.531183440638,-1.00186533011,-0.180335759419
3.23,0.421051874194,0.223052441042,0.421051874194,0.0757893373548
3.231,-1.95736369586,-1.03604597209,-1.95736369586,-0.352325465254
3.232,0.724032838471,0.382914498324,0.724032838471,0.130325910925
3.233,-0.677424653822,-0.35796496268,-0.677424653822,-0.121936437688
3.234,-0.0271246904172,-0.0143212265864,-0.0271246904172,-0.00488244427509
3.235,-1.28972056169,-0.680372703834,-1.28972056169,-0.232149701104
3.236,-0.471135140635,-0.248331903198,-0.471135140635,-0.0848043253142
3.237,2.14796557413,1.13122768552,2.14796557413,0.386633803343
3.238,-1.80338254256,-0.948956249423,-1.80338254256,-0.324608857662
3.239,1.58743698574,0.834623049512,1.58743698574,0.285738657434
3.24,1.95000423587,1.02438902268,1.95000423587,0.351000762456
3.241,0.0697443316174,0.0366078051337,0.0697443316174,0.0125539796911
3.242,-0.453298583341,-0.237730268814,-0.453298583341,-0.0815937450014
3.243,-0.438988082202,-0.230031932335,-0.438988082202,-0.0790178547964
3.244,-0.305904326255,-0.16016079942,-0.305904326255,-0.0550627787259
3.245,-1.09729232345,-0.574021414763,-1.09729232345,-0.197512618221
3.246,1.54773363492,0.808978638138,1.54773363492,0.278592054286
3.247,-0.45585462017,-0.238068649425,-0.45585462017,-0.0820538316307
3.248,-0.176674319476,-0.0921900868722,-0.176674319476,-0.0318013775056
3.249,-0.0441648306919,-0.0230261989484,-0.0441648306919,-0.00794966952455
3.25,0.62196438129,0.324000752829,0.62196438129,0.111953588632
3.251,0.361463280039,0.188139267931,0.361463280039,0.065063390407
3.252,0.989580453992,0.514637075441,0.989580453992,0.178124481719
3.253,1.234216685,0.64132181135,1.234216685,0.2221590033
3.254,0.0358040892634,0.0185888191789,0.0358040892634,0.00644473606741
3.255,0.704958090393,0.36569328399,0.704958090393,0.126892456271
3.256,0.201169227429,0.104267674466,0.201169227429,0.0362104609373
3.257,0.732428961114,0.379304541121,0.732428961114,0.131837213001
3.258,-0.694709266351,-0.359467772938,-0.694709266351,-0.125047667943
3.259,0.501205715281,0.259123714895,0.501205715281,0.0902170287505
3.26,0.972586765109,0.502404732523,0.972586765109,0.17506561772
3.261,0.23436235688,0.120961561825,0.23436235688,0.0421852242384
3.262,0.5332040768,0.274971128587,0.5332040768,0.0959767338239
3.263,0.579992899225,0.298848005415,0.579992899225,0.104398721861
3.264,-0.526843077916,-0.271233268907,-0.526843077916,-0.094831754025
3.265,-0.184913646815,-0.0951184103425,-0.184913646815,-0.0332844564267
3.266,-0.613329192021,-0.315226806029,-0.613329192021,-0.110399254564
3.267,-0.387805921909,-0.199148837062,-0.387805921909,-0.0698050659436
3.268,0.0116745583125,0.00599014832333,0.0116745583125,0.00210142049625
3.269,1.119358761,0.573852327149,1.119358761,0.20148457698
3.27,1.4018010641,0.718043747684,1.4018010641,0.252324191539
3.271,-0.385121185807,-0.197104052625,-0.385121185807,-0.0693218134453
3.272,-0.261093737768,-0.133514419764,-0.261093737768,-0.0469968727983
3.273,-1.13822828402,-0.581560115187,-1.13822828402,-0.204881091124
3.274,0.717083536846,0.366073647604,0.717083536846,0.129075036632
3.275,-0.00541141518396,-0.00276021553612,-0.00541141518396,-0.000974054733113
3.276,0.101909674114,0.051937486724,0.101909674114,0.0183437413406
3.277,0.239002386218,0.121702943998,0.239002386218,0.0430204295192
3.278,-2.08463652667,-1.0606264974,-2.08463652667,-0.3752345748
3.279,-1.04766880104,-0.532585547608,-1.04766880104,-0.188580384187
3.28,-0.251899839129,-0.127945921597,-0.251899839129,-0.0453419710432
3.281,0.681904426265,0.346063034626,0.681904426265,0.122742796728
3.282,0.00891564983291,0.00452082615003,0.00891564983291,0.00160481696992
3.283,0.565667815553,0.286588876767,0.565667815553,0.1018202068
3.284,1.19198882897,0.603396879684,1.19198882897,0.214557989215
3.285,0.617938567756,0.312542547708,0.617938567756,0.111228942196
3.286,-1.10387826046,-0.55785066613,-1.10387826046,-0.198698086884
3.287,0.835993438047,0.422116697854,0.835993438047,0.150478818848
3.288,-1.80984064557,-0.913067423452,-1.80984064557,-0.325771316202
3.289,-0.032261076536,-0.0162620081173,-0.032261076536,-0.00580699377649
3.29,-0.508203758751,-0.255956379577,-0.508203758751,-0.0914766765751
3.291,0.281621615589,0.141718582646,0.281621615589,0.0506918908061
3.292,0.890562651196,0.447773082566,0.890562651196,0.160301277215
3.293,-1.50978923269,-0.758477115956,-1.50978923269,-0.271762061884
3.294,0.735143148917,0.369003672765,0.735143148917,0.132325766805
3.295,-0.721726851348,-0.361963032186,-0.721726851348,-0.129910833243
3.296,-0.075643286502,-0.0379048068708,-0.075643286502,-0.0136157915704
3.297,-0.525271865852,-0.262990795056,-0.525271865852,-0.0945489358534
3.298,-0.199917418289,-0.100009099645,-0.199917418289,-0.035985135292
3.299,0.944824405489,0.472250500376,0.944824405489,0.170068392988
3.3,0.73915406082,0.36913795263,0.73915406082,0.133047730948
3.301,-0.281177831249,-0.140303073366,-0.281177831249,-0.0506120096248
3.302,-0.571421137825,-0.28488839145,-0.571421137825,-0.102855804808
3.303,0.476562802564,0.237394637976,0.476562802564,0.0857813044616
3.304,-0.312970281143,-0.155770834518,-0.312970281143,-0.0563346506058
3.305,-0.324956820281,-0.161599850837,-0.324956820281,-0.0584922276505
3.306,2.0043112905,0.995893035745,2.0043112905,0.360776032291
3.307,2.163486752,1.07407339097,2.163486752,0.38942761536
3.308,-0.760527593216,-0.377247925334,-0.760527593216,-0.136894966779
3.309,-1.60408474563,-0.795007696726,-1.60408474563,-0.288735254214
3.31,0.370399690978,0.183420027206,0.370399690978,0.0666719443761
3.311,0.912759078164,0.451610869969,0.912759078164,0.16429663407
3.312,0.321267240647,0.158820562973,0.321267240647,0.0578281033164
3.313,0.915550401959,0.452225016863,0.915550401959,0.164799072353
3.314,0.419742029299,0.207150887383,0.419742029299,0.0755535652738
3.315,-0.351671545094,-0.173409769447,-0.351671545094,-0.0633008781169
3.316,0.539690137338,0.265896598411,0.539690137338,0.0971442247208
3.317,-1.53198776028,-0.754146191814,-1.53198776028,-0.275757796851
3.318,0.476554214917,0.234392919057,0.476554214917,0.0857797586851
3.319,-1.26225667166,-0.62031424258,-1.26225667166,-0.227206200899
3.32,-0.0797156539425,-0.0391416903366,-0.0797156539425,-0.0143488177097
3.321,-0.598483403206,-0.293616151208,-0.598483403206,-0.107727012577
3.322,-1.35681764446,-0.665091138013,-1.35681764446,-0.244227176002
3.323,1.77976598321,0.871674639698,1.77976598321,0.320357876978
3.324,0.434632160002,0.212689074236,0.434632160002,0.0782337888003
3.325,0.127512262126,0.0623457811168,0.127512262126,0.0229522071826
3.326,-1.27528105627,-0.623006833621,-1.27528105627,-0.229550590129
3.327,2.12269700396,1.0361119334,2.12269700396,0.382085460712
3.328,-0.263044006803,-0.12828587265,-0.263044006803,-0.0473479212245
3.329,-0.926930571513,-0.45167844618,-0.926930571513,-0.166847502872
3.33,1.6026370176,0.780277451821,1.6026370176,0.288474663167
3.331,2.05928400522,1.00175575902,2.05928400522,0.37067112094
3.332,1.01824762798,0.494915108178,1.01824762798,0.183284573036
3.333,-0.893588515025,-0.43395687712,-0.893588515025,-0.160845932704
3.334,-0.730966615197,-0.354681242806,-0.730966615197,-0.131573990736
3.335,0.642392978023,0.311439101303,0.642392978023,0.115630736044
3.336,1.39303148205,0.674784267518,1.39303148205,0.250745666769
3.337,1.29523639826,0.626880432867,1.29523639826,0.233142551686
3.338,0.233612899356,0.112970263847,0.233612899356,0.0420503218841
3.339,-0.836765589814,-0.404299104523,-0.836765589814,-0.150617806167
3.34,-0.656051103526,-0.316714739233,-0.656051103526,-0.118089198635
3.341,0.4604259792,0.222086447818,0.4604259792,0.082876676256
3.342,0.697612928291,0.336208265682,0.697612928291,0.125570327092
3.343,0.85631964382,0.412345631394,0.85631964382,0.154137535888
3.344,-0.705974171734,-0.33966118926,-0.705974171734,-0.127075350912
3.345,0.00656764553128,0.00315717342557,0.00656764553128,0.00118217619563
3.346,1.7907263515,0.860101246635,1.7907263515,0.322330743269
3.347,1.14165889694,0.547883645127,1.14165889694,0.205498601449
3.348,-1.70937434664,-0.819635521524,-1.70937434664,-0.307687382395
3.349,1.39170239218,0.666747787056,1.39170239218,0.250506430592
3.35,-0.24780463604,-0.118619545994,-0.24780463604,-0.0446048344873
3.351,-0.543807949072,-0.260090210131,-0.543807949072,-0.097885430833
3.352,1.04239318525,0.49812879126,1.04239318525,0.187630773345
3.353,-1.94859039441,-0.930384076131,-1.94859039441,-0.350746270993
3.354,0.88409125935,0.421764909015,0.88409125935,0.159136426683
3.355,-2.09635507359,-0.999240046853,-2.09635507359,-0.377343913245
3.356,-0.749127523958,-0.356773334867,-0.749127523958,-0.134842954312
3.357,-1.57926901482,-0.75149207015,-1.57926901482,-0.284268422668
3.358,-0.144593002947,-0.0687459671566,-0.144593002947,-0.0260267405305
3.359,2.05163748282,0.974613097577,2.05163748282,0.369294746908
3.36,-0.407081017383,-0.193216472315,-0.407081017383,-0.073274583129
3.361,1.01237583991,0.480105585377,1.01237583991,0.182227651184
3.362,0.822191819148,0.389582855764,0.822191819148,0.147994527447
3.363,-1.46302845775,-0.692645744327,-1.46302845775,-0.263345122396
3.364,0.509283655369,0.240907243254,0.509283655369,0.0916710579664
3.365,0.569697733571,0.26925659366,0.569697733571,0.102545592043
3.366,0.905073670901,0.42740297083,0.905073670901,0.162913260762
3.367,-0.966378376288,-0.455966119081,-0.966378376288,-0.173948107732
3.368,1.24552000552,0.587175406118,1.24552000552,0.224193600994
3.369,0.850552450169,0.400636068042,0.850552450169,0.15309944103
3.37,-0.924469628241,-0.435084293147,-0.924469628241,-0.166404533083
3.371,-0.804751063484,-0.37842005707,-0.804751063484,-0.144855191427
3.372,-1.63949085912,-0.770288538378,-1.63949085912,-0.295108354641
3.373,0.115254015534,0.0541043731035,0.115254015534,0.0207457227962
3.374,3.15029170787,1.47760707403,3.15029170787,0.567052507417
3.375,0.229038419414,0.10733674917,0.229038419414,0.0412269154945
3.376,-1.69668261816,-0.794461106307,-1.69668261816,-0.30540287127
3.377,-0.449870964242,-0.210470845656,-0.449870964242,-0.0809767735636
3.378,0.917542643193,0.428906092444,0.917542643193,0.165157675775
3.379,0.62892027643,0.293740313397,0.62892027643,0.113205649757
3.38,0.321203152691,0.149892457765,0.321203152691,0.0578165674843
3.381,-1.0200299686,-0.475603413104,-1.0200299686,-0.183605394348
3.382,-1.04206585488,-0.485466507024,-1.04206585488,-0.187571853879
3.383,-0.734589014654,-0.341932703116,-0.734589014654,-0.132226022638
3.384,-1.41904584601,-0.659970871409,-1.41904584601,-0.255428252282
3.385,-0.66160735532,-0.307440321564,-0.66160735532,-0.119089323958
3.386,0.342387987205,0.158968548621,0.342387987205,0.0616298376969
3.387,-0.0850610960101,-0.039459891267,-0.0850610960101,-0.0153109972818
3.388,0.474900186295,0.22011999826,0.474900186295,0.0854820335331
3.389,0.878858700436,0.407013205462,0.878858700436,0.158194566078
3.39,1.96972090239,0.911436575899,1.96972090239,0.354549762431
3.391,-0.354670965841,-0.163975795338,-0.354670965841,-0.0638407738514
3.392,2.04355471937,0.944001671401,2.04355471937,0.367839849486
3.393,0.0737289263312,0.0340295981525,0.0737289263312,0.0132712067396
3.394,1.97039792662,0.908668154566,1.97039792662,0.354671626791
3.395,-0.0506022863866,-0.0233159974001,-0.0506022863866,-0.00910841154959
3.396,0.755207126409,0.347682208093,0.755207126409,0.135937282754
3.397,0.785824774693,0.361472008798,0.785824774693,0.141448459445
3.398,0.392221942094,0.180265845267,0.392221942094,0.0705999495769
3.399,0.91740400985,0.421283883727,0.91740400985,0.165132721773
3.4,0.804840881673,0.369280970484,0.804840881673,0.144871358701
3.401,1.11788952193,0.512481882572,1.11788952193,0.201220113948
3.402,-0.426970976206,-0.195573838276,-0.426970976206,-0.076854775717
3.403,0.686551252141,0.31420868526,0.686551252141,0.123579225385
3.404,-2.04938241661,-0.937132693513,-2.04938241661,-0.368888834991
3.405,0.999432582508,0.456630056298,0.999432582508,0.179897864851
3.406,-0.897764471573,-0.409832464772,-0.897764471573,-0.161597604883
3.407,-0.208253652366,-0.0949881808156,-0.208253652366,-0.037485657426
3.408,-2.1809541796,-0.99393167869,-2.1809541796,-0.392571752328
3.409,-2.3579810281,-1.07370109069,-2.3579810281,-0.424436585057
3.41,0.245956251845,0.111901034101,0.245956251845,0.0442721253321
3.411,-0.887415246999,-0.403400392498,-0.887415246999,-0.15973474446
3.412,-0.223515489346,-0.10151969457,-0.223515489346,-0.0402327880823
3.413,-0.593075625689,-0.269144837141,-0.593075625689,-0.106753612624
3.414,-0.270636750902,-0.122714561943,-0.270636750902,-0.0487146151624
3.415,-0.163922720061,-0.0742646073208,-0.163922720061,-0.0295060896109
3.416,-1.21853976997,-0.551589393336,-1.21853976997,-0.219337158595
3.417,-0.0126483575025,-0.00572062984664,-0.0126483575025,-0.00227670435046
3.418,-0.220085431061,-0.0994568232503,-0.220085431061,-0.039615377591
3.419,-1.32364065164,-0.597650127002,-1.32364065164,-0.238255317295
3.42,0.392875681476,0.177241638272,0.392875681476,0.0707176226657
3.421,-1.20707904065,-0.544101678028,-1.20707904065,-0.217274227317
3.422,0.290903581868,0.13101687392,0.290903581868,0.0523626447362
3.423,0.37704740913,0.169671146263,0.37704740913,0.0678685336434
3.424,1.14422153192,0.514465290526,1.14422153192,0.205959875745
3.425,0.549148223273,0.246700221476,0.549148223273,0.0988466801891
3.426,-0.298917432869,-0.134173039129,-0.298917432869,-0.0538051379165
3.427,1.95326390894,0.876009991672,1.95326390894,0.351587503609
3.428,-1.25273827674,-0.561361556489,-1.25273827674,-0.225492889813
3.429,-0.62100700677,-0.27804370899,-0.62100700677,-0.111781261219
3.43,-0.446917401144,-0.199930087949,-0.446917401144,-0.080445132206
3.431,0.282607326347,0.126319005028,0.282607326347,0.0508693187424
3.432,-1.33744873855,-0.597306006001,-1.33744873855,-0.240740772939
3.433,-0.914788008909,-0.408201621489,-0.914788008909,-0.164661841604
3.434,-0.0879043278111,-0.0391921525051,-0.0879043278111,-0.015822779006
3.435,0.309758306522,0.13798964226,0.309758306522,0.0557564951739
3.436,-1.54643572832,-0.688319610874,-1.54643572832,-0.278358431097
3.437,0.493461787918,0.219455571159,0.493461787918,0.0888231218253
3.438,-0.229296982098,-0.10188876773,-0.229296982098,-0.0412734567776
3.439,0.624169029026,0.277118264269,0.624169029026,0.112350425225
3.44,-1.70849171797,-0.757898159675,-1.70849171797,-0.307528509235
3.441,1.25475580594,0.556150466036,1.25475580594,0.22585604507
3.442,0.283945824764,0.125748778048,0.283945824764,0.0511102484575
3.443,0.22535740833,0.0997184225539,0.22535740833,0.0405643334994
3.444,-0.691599321795,-0.305769013862,-0.691599321795,-0.124487877923
3.445,-0.242278271486,-0.107025881818,-0.242278271486,-0.0436100888675
3.446,1.97876388309,0.87338119981,1.97876388309,0.356177498955
3.447,0.478214742717,0.210896039284,0.478214742717,0.0860786536891
3.448,-0.68871996293,-0.303475626367,-0.68871996293,-0.123969593327
3.449,-0.0791954448171,-0.0348672033089,-0.0791954448171,-0.0142551800671
3.45,-0.973633415337,-0.428300157636,-0.973633415337,-0.175254014761
3.451,-0.802679947508,-0.3528020627,-0.802679947508,-0.144482390551
3.452,-0.884312340257,-0.388356352195,-0.884312340257,-0.159176221246
3.453,0.194060791161,0.0851527423721,0.194060791161,0.034930942409
3.454,-0.274617458884,-0.120399640094,-0.274617458884,-0.0494311425992
3.455,1.87760026525,0.822501077568,1.87760026525,0.337968047745
3.456,0.396850996702,0.173698951621,0.396850996702,0.0714331794064
3.457,-2.49868986775,-1.09274430999,-2.49868986775,-0.449764176196
3.458,0.823565838488,0.359866227329,0.823565838488,0.148241850928
3.459,0.59705602462,0.260672078714,0.59705602462,0.107470084432
3.46,1.06269517084,0.463580217829,1.06269517084,0.191285130752
3.461,0.936944958681,0.408382497447,0.936944958681,0.168650092563
3.462,2.21579560177,0.964983057719,2.21579560177,0.398843208319
3.463,-1.25768245887,-0.547265466954,-1.25768245887,-0.226382842596
3.464,-0.563000254764,-0.244778223858,-0.563000254764,-0.101340045857
3.465,0.160755918497,0.0698342391198,0.160755918497,0.0289360653294
3.466,-0.272708763013,-0.118368971825,-0.272708763013,-0.0490875773424
3.467,-1.3783287915,-0.59776303998,-1.3783287915,-0.24809918247
3.468,0.684378147733,0.296558185875,0.684378147733,0.123188066592
3.469,0.507666823196,0.219801281397,0.507666823196,0.0913800281752
3.47,-0.0602936864324,-0.0260832098258,-0.0602936864324,-0.0108528635578
3.471,0.863922486266,0.373423667745,0.863922486266,0.155506047528
3.472,-1.76217820023,-0.76105292284,-1.76217820023,-0.317192076042
3.473,1.6393155463,0.707401001829,1.6393155463,0.295076798334
3.474,0.147680993158,0.0636745530165,0.147680993158,0.0265825787685
3.475,1.26823258305,0.546359506985,1.26823258305,0.228281864949
3.476,-0.694111519542,-0.298777065378,-0.694111519542,-0.124940073518
3.477,2.06497559622,0.888119585744,2.06497559622,0.37169560732
3.478,0.0938192358093,0.0403168921248,0.0938192358093,0.0168874624457
3.479,-2.76609914909,-1.18768601671,-2.76609914909,-0.497897846837
3.48,1.0956582404,0.470054125637,1.0956582404,0.197218483272
3.481,-0.356734402696,-0.152917337514,-0.356734402696,-0.0642121924853
3.482,-0.884736127628,-0.378934883446,-0.884736127628,-0.159252502973
3.483,-0.878498992388,-0.37595104915,-0.878498992388,-0.15812981863
3.484,0.350496364289,0.149869368598,0.350496364289,0.063089345572
3.485,0.143537775295,0.0613246413946,0.143537775295,0.0258367995531
3.486,-0.828578697749,-0.353705763756,-0.828578697749,-0.149144165595
3.487,-1.01849835868,-0.434418583115,-1.01849835868,-0.183329704563
3.488,-0.907711473043,-0.386843849798,-0.907711473043,-0.163388065148
3.489,-0.699715295556,-0.297953967998,-0.699715295556,-0.1259487532
3.49,0.567711822092,0.241543748948,0.567711822092,0.102188127977
3.491,-0.193063023915,-0.082074293451,-0.193063023915,-0.0347513443047
3.492,-0.979710806486,-0.416146510751,-0.979710806486,-0.176347945168
3.493,0.548946773552,0.232980210902,0.548946773552,0.0988104192393
3.494,-0.251588080196,-0.106688946094,-0.251588080196,-0.0452858544353
3.495,-0.705466826953,-0.298914275849,-0.705466826953,-0.126984028852
3.496,-0.168407604917,-0.0712972183906,-0.168407604917,-0.0303133688851
3.497,1.58432633005,0.67018775028,1.58432633005,0.285178739408
3.498,0.877287013196,0.370795655767,0.877287013196,0.157911662375
3.499,-0.581822159219,-0.245710898281,-0.581822159219,-0.104727988659
3.5,0.81206719797,0.342663218672,0.81206719797,0.146172095635
3.501,0.742559250765,0.313074813167,0.742559250765,0.133660665138
3.502,-0.0359999561879,-0.0151656357841,-0.0359999561879,-0.00647999211383
3.503,-1.72018188751,-0.724060390762,-1.72018188751,-0.309632739752
3.504,-2.49810757948,-1.05063887472,-2.49810757948,-0.449659364306
3.505,-0.808752511502,-0.33985997454,-0.808752511502,-0.14557545207
3.506,0.362595408467,0.152247043831,0.362595408467,0.0652671735241
3.507,-1.31822292473,-0.553041549493,-1.31822292473,-0.237280126451
3.508,2.07373345413,0.869289251876,2.07373345413,0.373272021743
3.509,0.604264203806,0.253093425187,0.604264203806,0.108767556685
3.51,0.0212185701892,0.00887999816516,0.0212185701892,0.00381934263406
3.511,-0.537721599113,-0.224852206111,-0.537721599113,-0.0967898878403
3.512,-0.0610511439417,-0.0255080074887,-0.0610511439417,-0.0109892059095
3.513,-0.538206814556,-0.224685542833,-0.538206814556,-0.0968772266201
3.514,0.878948103321,0.366633822188,0.878948103321,0.158210658598
3.515,-1.30352097885,-0.543288891308,-1.30352097885,-0.234633776192
3.516,-0.051877695444,-0.0216041474988,-0.051877695444,-0.00933798517992
3.517,1.55520424208,0.6471242905,1.55520424208,0.279936763575
3.518,-1.44204079546,-0.599544994339,-1.44204079546,-0.259567343184
3.519,0.361924133548,0.150350853464,0.361924133548,0.0651463440387
3.52,-0.489390099508,-0.203136426964,-0.489390099508,-0.0880902179114
3.521,0.112641778347,0.0467171737109,0.112641778347,0.0202755201025
3.522,-0.589921395994,-0.24446449976,-0.589921395994,-0.106185851279
3.523,0.124792226435,0.0516718411427,0.124792226435,0.0224626007582
3.524,-0.107328473449,-0.0444044265391,-0.107328473449,-0.0193191252208
3.525,-0.969115478756,-0.400619343557,-0.969115478756,-0.174440786176
3.526,0.442188899094,0.182645700902,0.442188899094,0.079594001837
3.527,0.152547488259,0.0629581672831,0.152547488259,0.0274585478865
3.528,1.90257360673,0.78457424145,1.90257360673,0.342463249212
3.529,0.493812686073,0.203470076434,0.493812686073,0.0888862834932
3.53,0.133841098974,0.055102803309,0.133841098974,0.0240913978153
3.531,-0.130841252988,-0.0538238744189,-0.130841252988,-0.0235514255378
3.532,0.495024268442,0.203471217562,0.495024268442,0.0891043683196
3.533,-0.935322230507,-0.384135240607,-0.935322230507,-0.168358001491
3.534,-0.646949292,-0.265484829214,-0.646949292,-0.11645087256
3.535,-1.71867235319,-0.704708163767,-1.71867235319,-0.309361023574
3.536,-0.425145293722,-0.174180890189,-0.425145293722,-0.07652615287
3.537,-0.677052429005,-0.277161257471,-0.677052429005,-0.121869437221
3.538,2.51579028462,1.02903921762,2.51579028462,0.452842251231
3.539,0.180764290196,0.073878416105,0.180764290196,0.0325375722353
3.54,1.00449415781,0.410204078233,1.00449415781,0.180808948406
3.541,-1.5112159078,-0.616633161837,-1.5112159078,-0.272018863405
3.542,-0.301155663339,-0.122783321282,-0.301155663339,-0.054208019401
3.543,2.48465397543,1.01219088165,2.48465397543,0.447237715578
3.544,-0.219256013549,-0.0892475626215,-0.219256013549,-0.0394660824387
3.545,-1.81422511359,-0.737877986199,-1.81422511359,-0.326560520447
3.546,0.320403112793,0.130208345185,0.320403112793,0.0576725603028
3.547,1.08869861806,0.442077756438,1.08869861806,0.195965751252
3.548,0.638043162605,0.25887501485,0.638043162605,0.114847769269
3.549,0.345037476221,0.139879998872,0.345037476221,0.0621067457198
3.55,-0.256360431347,-0.103846008478,-0.256360431347,-0.0461448776424
3.551,1.16548555103,0.471732025957,1.16548555103,0.209787399186
3.552,1.01754794835,0.41152213051,1.01754794835,0.183158630703
3.553,-0.271501458084,-0.10971361264,-0.271501458084,-0.0488702624551
3.554,-0.573945216642,-0.231744278591,-0.573945216642,-0.103310138996
3.555,-0.0967274694394,-0.0390246333733,-0.0967274694394,-0.0174109444991
3.556,-1.29762160335,-0.523103582528,-1.29762160335,-0.233571888603
3.557,-3.33724561195,-1.34424557746,-3.33724561195,-0.60070421015
3.558,-0.770952240521,-0.310290827302,-0.770952240521,-0.138771403294
3.559,0.30042351852,0.120816599184,0.30042351852,0.0540762333335
3.56,0.71515469041,0.287371759217,0.71515469041,0.128727844274
3.561,0.406081358565,0.163045481273,0.406081358565,0.0730946445417
3.562,-0.490154774138,-0.196644032698,-0.490154774138,-0.0882278593448
3.563,-0.418642824254,-0.167819804862,-0.418642824254,-0.0753557083658
3.564,0.129778100889,0.0519820263698,0.129778100889,0.0233600581601
3.565,-1.36139503761,-0.544864346578,-1.36139503761,-0.245051106769
3.566,0.0479204037913,0.0191636107319,0.0479204037913,0.00862567268244
3.567,0.0336591981278,0.0134497276434,0.0336591981278,0.006058655663
3.568,-0.324877540604,-0.129712693039,-0.324877540604,-0.0584779573087
3.569,0.384823581677,0.153524516532,0.384823581677,0.0692682447018
3.57,0.365245017038,0.14559747608,0.365245017038,0.0657441030669
3.571,-0.798616344802,-0.31809836771,-0.798616344802,-0.143750942064
3.572,-0.74867205375,-0.297967421086,-0.74867205375,-0.134760969675
3.573,0.713015375551,0.283550347948,0.713015375551,0.128342767599
3.574,1.73142129738,0.687999925201,1.73142129738,0.311655833528
3.575,0.84304167114,0.334725841671,0.84304167114,0.151747500805
3.576,1.47511728857,0.585223203068,1.47511728857,0.265521111942
3.577,1.24862770581,0.494974647572,1.24862770581,0.224752987046
3.578,1.88220761436,0.745543073058,1.88220761436,0.338797370584
3.579,0.589313264972,0.233242065523,0.589313264972,0.106076387695
3.58,-0.379418334779,-0.150049532959,-0.379418334779,-0.0682953002602
3.581,1.09411079129,0.432348078811,1.09411079129,0.196939942433
3.582,0.246422099496,0.0972989176721,0.246422099496,0.0443559779093
3.583,1.73538812013,0.684670045105,1.73538812013,0.312369861624
3.584,2.43650747912,0.960525804244,2.43650747912,0.438571346242
3.585,0.424362538975,0.167161067956,0.424362538975,0.0763852570155
3.586,1.26792973663,0.499057201313,1.26792973663,0.228227352594
3.587,1.05412812504,0.41457758172,1.05412812504,0.189743062508
3.588,0.0257369648693,0.0101141001598,0.0257369648693,0.00463265367648
3.589,0.693241907019,0.272215262042,0.693241907019,0.124783543263
3.59,-0.0777000009444,-0.0304864365759,-0.0777000009444,-0.01398600017
3.591,0.075259448053,0.0295056294949,0.075259448053,0.0135467006495
3.592,0.441672108604,0.173022380923,0.441672108604,0.0795009795488
3.593,-1.51697153704,-0.593797595613,-1.51697153704,-0.273054876667
3.594,-0.479539477643,-0.187561761347,-0.479539477643,-0.0863171059757
3.595,0.52249713407,0.20420342654,0.52249713407,0.0940494841326
3.596,1.58718882436,0.619822202336,1.58718882436,0.285693988385
3.597,1.443533987,0.563281138637,1.443533987,0.25983611766
3.598,2.07490337608,0.809013898204,2.07490337608,0.373482607694
3.599,1.68164038882,0.6551660596,1.68164038882,0.302695269987
3.6,0.344369032255,0.134061093101,0.344369032255,0.0619864258059
3.601,-0.0224411565748,-0.00872940324675,-0.0224411565748,-0.00403940818346
3.602,-0.309584763222,-0.120331630736,-0.309584763222,-0.05572525738
3.603,1.30736357985,0.507759155482,1.30736357985,0.235325444372
3.604,1.89465437395,0.735280056953,1.89465437395,0.341037787311
3.605,-1.4195994908,-0.550491082843,-1.4195994908,-0.255527908344
3.606,-1.40951635394,-0.546155726672,-1.40951635394,-0.253712943708
3.607,-1.6437849288,-0.636434249085,-1.6437849288,-0.295881287184
3.608,0.253994820326,0.0982643175994,0.253994820326,0.0457190676586
3.609,0.480783053214,0.185858670625,0.480783053214,0.0865409495785
3.61,-0.0814312335463,-0.0314548517431,-0.0814312335463,-0.0146576220383
3.611,-0.800890941382,-0.309124356732,-0.800890941382,-0.144160369449
3.612,-0.668551013782,-0.257844501149,-0.668551013782,-0.120339182481
3.613,0.206309766462,0.0795072719269,0.206309766462,0.0371357579631
3.614,-1.2504080356,-0.48150724754,-1.2504080356,-0.225073446408
3.615,-0.664581172479,-0.255719225579,-0.664581172479,-0.119624611046
3.616,0.20249976667,0.0778582103005,0.20249976667,0.0364499580006
3.617,0.386570158094,0.148515925496,0.386570158094,0.0695826284569
3.618,1.88382112779,0.72318506136,1.88382112779,0.339087803002
3.619,-2.17904600774,-0.835875386005,-2.17904600774,-0.392228281394
3.62,-0.621927310181,-0.238385805237,-0.621927310181,-0.111946915832
3.621,-1.45663164135,-0.557900054839,-1.45663164135,-0.262193695442
3.622,-0.669665818734,-0.256289593973,-0.669665818734,-0.120539847372
3.623,0.0805379884536,0.0307992451321,0.0805379884536,0.0144968379216
3.624,-1.58071489852,-0.604031478205,-1.58071489852,-0.284528681734
3.625,-0.0933297688446,-0.03563635083,-0.0933297688446,-0.016799358392
3.626,1.6768784341,0.639796567755,1.6768784341,0.301838118137
3.627,-0.315614006199,-0.120327298726,-0.315614006199,-0.0568105211158
3.628,-0.0972950211726,-0.0370652020535,-0.0972950211726,-0.0175131038111
3.629,0.175829464754,0.0669322692123,0.175829464754,0.0316493036558
3.63,-0.416526449287,-0.158436377828,-0.416526449287,-0.0749747608716
3.631,0.322308545211,0.122504728833,0.322308545211,0.0580155381379
3.632,1.82355200108,0.692577193993,1.82355200108,0.328239360195
3.633,-0.673184217777,-0.255477848485,-0.673184217777,-0.1211731592
3.634,0.45812308291,0.173728503955,0.45812308291,0.0824621549238
3.635,-1.1667681177,-0.442123227182,-1.1667681177,-0.210018261186
3.636,-0.23401891135,-0.088609421011,-0.23401891135,-0.042123404043
3.637,0.894515787906,0.338444464189,0.894515787906,0.161012841823
3.638,-0.653689519372,-0.247139226575,-0.653689519372,-0.117664113487
3.639,0.111501097305,0.0421231030205,0.111501097305,0.0200701975149
3.64,0.620886642938,0.234382338942,0.620886642938,0.111759595729
3.641,0.212285761908,0.0800765004936,0.212285761908,0.0382114371434
3.642,0.341348420649,0.12866311715,0.341348420649,0.0614427157168
3.643,-1.04429701039,-0.393325823636,-1.04429701039,-0.18797346187
3.644,-0.416007902831,-0.156567841919,-0.416007902831,-0.0748814225097
3.645,0.688816460973,0.259046282925,0.688816460973,0.123986962975
3.646,0.849988761996,0.319418599433,0.849988761996,0.152997977159
3.647,0.867250852789,0.325660608299,0.867250852789,0.156105153502
3.648,0.219243372072,0.0822660704124,0.219243372072,0.0394638069729
3.649,-0.606894337486,-0.227552421231,-0.606894337486,-0.109240980748
3.65,-1.36028757845,-0.509651744124,-1.36028757845,-0.244851764121
3.651,0.679367864869,0.254344588771,0.679367864869,0.122286215676
3.652,1.14823124089,0.429558082058,1.14823124089,0.206681623359
3.653,-0.142630467416,-0.0533187783205,-0.142630467416,-0.0256734841349
3.654,0.814297788674,0.304177303303,0.814297788674,0.146573601961
3.655,1.2125299794,0.452597362013,1.2125299794,0.218255396292
3.656,1.45208180645,0.541610305828,1.45208180645,0.261374725162
3.657,2.36791589738,0.882548805748,2.36791589738,0.426224861529
3.658,1.0447691049,0.389107609877,1.0447691049,0.188058438881
3.659,-0.00908052966564,-0.00337938640257,-0.00908052966564,-0.00163449533982
3.66,0.227198575854,0.0844908866464,0.227198575854,0.0408957436537
3.661,1.40656533576,0.522687472042,1.40656533576,0.253181760438
3.662,-0.803091925236,-0.298212391021,-0.803091925236,-0.144556546543
3.663,0.234500436489,0.0870127018525,0.234500436489,0.042210078568
3.664,-0.139987235586,-0.0519046586268,-0.139987235586,-0.0251977024055
3.665,-0.840620979329,-0.311456472164,-0.840620979329,-0.151311776279
3.666,0.0446552449688,0.0165329052939,0.0446552449688,0.00803794409439
3.667,0.542208721804,0.200596384375,0.542208721804,0.0975975699247
3.668,-0.139310834066,-0.0515017194562,-0.139310834066,-0.0250759501318
3.669,-2.11915256825,-0.782851940295,-2.11915256825,-0.381447462286
3.67,-1.32321367068,-0.488459201569,-1.32321367068,-0.238178460722
3.671,-0.521551758556,-0.192387556082,-0.521551758556,-0.0938793165401
3.672,1.35709901987,0.500233403079,1.35709901987,0.244277823577
3.673,-0.645276683971,-0.237678038022,-0.645276683971,-0.116149803115
3.674,1.09763521571,0.404001879399,1.09763521571,0.197574338827
3.675,-0.69996317026,-0.257444228056,-0.69996317026,-0.125993370647
3.676,-0.285191280329,-0.104815901722,-0.285191280329,-0.0513344304592
3.677,-0.0935577981569,-0.0343600853021,-0.0935577981569,-0.0168404036682
3.678,0.640161713228,0.234934931278,0.640161713228,0.115229108381
3.679,-0.286139158024,-0.104934718074,-0.286139158024,-0.0515050484443
3.68,0.491638783157,0.180165818072,0.491638783157,0.0884949809682
3.681,-0.199676348036,-0.0731202382864,-0.199676348036,-0.0359417426464
3.682,-0.816314477698,-0.298712595557,-0.816314477698,-0.146936605986
3.683,-0.599461340977,-0.219201052919,-0.599461340977,-0.107903041376
3.684,0.293071158546,0.107087877534,0.293071158546,0.0527528085383
3.685,-2.41261558781,-0.880930185808,-2.41261558781,-0.434270805805
3.686,-0.656746975136,-0.239628205114,-0.656746975136,-0.118214455524
3.687,-0.649836381208,-0.236935822494,-0.649836381208,-0.116970548617
3.688,0.522078745415,0.190217264274,0.522078745415,0.0939741741747
3.689,-0.836321439572,-0.304491185498,-0.836321439572,-0.150537859123
3.69,-1.67302186458,-0.608682831313,-1.67302186458,-0.301143935624
3.691,-0.385049850936,-0.139989254641,-0.385049850936,-0.0693089731684
3.692,-1.67169650159,-0.607328761217,-1.67169650159,-0.300905370286
3.693,-1.53592004648,-0.557601669303,-1.53592004648,-0.276465608366
3.694,-0.688627741946,-0.249821253137,-0.688627741946,-0.12395299355
3.695,-0.463054676937,-0.167867616987,-0.463054676937,-0.0833498418486
3.696,-0.607316974229,-0.220008887404,-0.607316974229,-0.109317055361
3.697,-1.528683177,-0.553391927984,-1.528683177,-0.275162971861
3.698,0.587638919253,0.212577252152,0.587638919253,0.105775005466
3.699,0.621031398237,0.224497275982,0.621031398237,0.111785651683
3.7,-1.39664543445,-0.504516462485,-1.39664543445,-0.2513961782
3.701,0.383783924952,0.138537706393,0.383783924952,0.0690811064914
3.702,-1.16052018559,-0.418626127082,-1.16052018559,-0.208893633407
3.703,0.611736123051,0.220511151506,0.611736123051,0.110112502149
3.704,0.662280239573,0.238562079066,0.662280239573,0.119210443123
3.705,0.434530926254,0.15641336983,0.434530926254,0.0782155667257
3.706,-0.271304808229,-0.097589844436,-0.271304808229,-0.0488348654812
3.707,2.12641132843,0.764343810905,2.12641132843,0.382754039118
3.708,0.597710349791,0.214697497193,0.597710349791,0.107587862962
3.709,1.41335287684,0.507319940336,1.41335287684,0.254403517831
3.71,0.29775426592,0.106803338683,0.29775426592,0.0535957678656
3.711,-0.938588145428,-0.33643239351,-0.938588145428,-0.168945866177
3.712,-0.342038448099,-0.122516326372,-0.342038448099,-0.0615669206578
3.713,-0.417164870025,-0.149321884177,-0.417164870025,-0.0750896766045
3.714,0.923416965307,0.330301596139,0.923416965307,0.166215053755
3.715,-0.205429904227,-0.0734300756459,-0.205429904227,-0.0369773827609
3.716,-3.70522992997,-1.32349822725,-3.70522992997,-0.666941387394
3.717,1.14427942522,0.408449697756,1.14427942522,0.205970296539
3.718,1.57000249587,0.560022562594,1.57000249587,0.282600449256
3.719,0.995403360223,0.354816150469,0.995403360223,0.17917260484
3.72,-0.458449603159,-0.163303457229,-0.458449603159,-0.0825209285686
3.721,-0.168823964737,-0.0600949226253,-0.168823964737,-0.0303883136527
3.722,-0.213036714706,-0.0757806727139,-0.213036714706,-0.038346608647
3.723,-1.52375907383,-0.541652845705,-1.52375907383,-0.27427663329
3.724,0.272546934239,0.0968160055226,0.272546934239,0.049058448163
3.725,-1.45604014684,-0.516869321615,-1.45604014684,-0.262087226431
3.726,-1.47230571997,-0.522284774265,-1.47230571997,-0.265015029594
3.727,-0.949735742428,-0.336677833195,-0.949735742428,-0.170952433637
3.728,-0.579289484079,-0.205215507778,-0.579289484079,-0.104272107134
3.729,0.627220637519,0.222043507857,0.627220637519,0.112899714753
3.73,-0.688337416062,-0.243513332782,-0.688337416062,-0.123900734891
3.731,0.901534102737,0.31871872135,0.901534102737,0.162276138493
3.732,0.457744910507,0.161716155431,0.457744910507,0.0823940838912
3.733,0.388657269459,0.137214994004,0.388657269459,0.0699583085026
3.734,-0.498122819227,-0.175742390508,-0.498122819227,-0.0896621074609
3.735,-1.03564621099,-0.365138186932,-1.03564621099,-0.186416317979
3.736,0.768561596192,0.270788790824,0.768561596192,0.138341087315
3.737,-0.0897960230623,-0.0316166392379,-0.0897960230623,-0.0161632841512
3.738,0.343765934864,0.120956292601,0.343765934864,0.0618778682755
3.739,-1.76614233456,-0.621010277772,-1.76614233456,-0.31790562022
3.74,-1.14300615795,-0.401633147408,-1.14300615795,-0.20574110843
3.741,1.00843689194,0.35410986764,1.00843689194,0.181518640549
3.742,1.34667575125,0.472564512147,1.34667575125,0.242401635225
3.743,-1.63282323389,-0.572593526013,-1.63282323389,-0.293908182101
3.744,-0.302159953894,-0.105889720776,-0.302159953894,-0.054388791701
3.745,-0.0924936274755,-0.0323920761617,-0.0924936274755,-0.0166488529456
3.746,-0.418809887219,-0.146573147716,-0.418809887219,-0.0753857796993
3.747,-0.0168294355906,-0.00588596937712,-0.0168294355906,-0.00302929840631
3.748,-1.26643583577,-0.442632236525,-1.26643583577,-0.227958450438
3.749,-1.40554849862,-0.490927693496,-1.40554849862,-0.252998729751
3.75,-0.769315374163,-0.26852727273,-0.769315374163,-0.138476767349
3.751,0.265678203266,0.0926728792385,0.265678203266,0.0478220765878
3.752,1.54247190127,0.53768408578,1.54247190127,0.277644942228
3.753,0.0726347622756,0.0253027708089,0.0726347622756,0.0130742572096
3.754,-0.357727109211,-0.124534450341,-0.357727109211,-0.064390879658
3.755,0.739171179417,0.257156334555,0.739171179417,0.133050812295
3.756,0.134190521685,0.0466540170715,0.134190521685,0.0241542939033
3.757,1.39430608287,0.484440877263,1.39430608287,0.250975094917
3.758,-0.979295035614,-0.340026000751,-0.979295035614,-0.176273106411
3.759,0.183597768738,0.0637062948151,0.183597768738,0.0330475983729
3.76,-0.921186548023,-0.319432697809,-0.921186548023,-0.165813578644
3.761,0.590544823891,0.204645380077,0.590544823891,0.1062980683
3.762,0.315919575798,0.109406562671,0.315919575798,0.0568655236436
3.763,-0.283335765995,-0.0980587739263,-0.283335765995,-0.0510004378791
3.764,-2.93418470518,-1.01482509175,-2.93418470518,-0.528153246933
3.765,-0.431375685945,-0.149100316926,-0.431375685945,-0.07764762347
3.766,-1.36390209154,-0.471113689016,-1.36390209154,-0.245502376476
3.767,-2.00278022633,-0.691346737316,-2.00278022633,-0.360500440739
3.768,-0.14816128615,-0.051111417763,-0.14816128615,-0.026669031507
3.769,0.553176869156,0.190707704662,0.553176869156,0.0995718364481
3.77,-1.60447243138,-0.552787226466,-1.60447243138,-0.288805037648
3.771,-0.580474844683,-0.199862415488,-0.580474844683,-0.104485472043
3.772,-0.466021852868,-0.160352773199,-0.466021852868,-0.0838839335163
3.773,-0.0420225349254,-0.0144502507399,-0.0420225349254,-0.00756405628657
3.774,2.46619541348,0.847508465401,2.46619541348,0.443915174427
3.775,1.03363705664,0.35498379977,1.03363705664,0.186054670195
3.776,-2.21938248747,-0.76172288621,-2.21938248747,-0.399488847745
3.777,-0.100398884704,-0.0344364685333,-0.100398884704,-0.0180717992468
3.778,0.848885058832,0.290980552853,0.848885058832,0.15279931059
3.779,0.460211342133,0.157651546299,0.460211342133,0.0828380415839
3.78,2.04767897481,0.70101791671,2.04767897481,0.368582215466
3.781,-0.97734459982,-0.334381147391,-0.97734459982,-0.175922027968
3.782,0.626626608958,0.214254626511,0.626626608958,0.112792789612
3.783,2.15710737397,0.73709071642,2.15710737397,0.388279327314
3.784,1.62558637128,0.55512082883,1.62558637128,0.29260554683
3.785,1.10379394675,0.376698830361,1.10379394675,0.198682910415
3.786,-0.720887548637,-0.245868603546,-0.720887548637,-0.129759758755
3.787,-0.400003212349,-0.136341734133,-0.400003212349,-0.0720005782229
3.788,0.693553346358,0.236251997485,0.693553346358,0.124839602344
3.789,-0.0433130761395,-0.0147450221744,-0.0433130761395,-0.00779635370511
3.79,2.19809052891,0.747830651014,2.19809052891,0.395656295203
3.791,1.76273585583,0.59934476107,1.76273585583,0.317292454049
3.792,0.590424998507,0.200625672266,0.590424998507,0.106276499731
3.793,1.069274675,0.363114714073,1.069274675,0.192469441499
3.794,0.725026517764,0.246060421683,0.725026517764,0.130504773198
3.795,1.32016951036,0.447766280997,1.32016951036,0.237630511864
3.796,1.72765662499,0.585616685516,1.72765662499,0.310978192499
3.797,-0.394387754397,-0.133602403254,-0.394387754397,-0.0709897957914
3.798,-0.0827523004357,-0.028016009314,-0.0827523004357,-0.0148954140784
3.799,0.994920584189,0.336628186045,0.994920584189,0.179085705154
3.8,1.21448550831,0.410667917893,1.21448550831,0.218607391496
3.801,0.09660470269,0.0326462726317,0.09660470269,0.0173888464842
3.802,0.530490132121,0.179163714775,0.530490132121,0.0954882237818
3.803,-0.0469540067569,-0.0158483239654,-0.0469540067569,-0.00845172121625
3.804,-0.624825061368,-0.210769408732,-0.624825061368,-0.112468511046
3.805,0.238478794189,0.0803966366618,0.238478794189,0.042926182954
3.806,-1.61892071827,-0.545447801082,-1.61892071827,-0.291405729289
3.807,0.338230685035,0.113888702519,0.338230685035,0.0608815233063
3.808,-0.70919345831,-0.238656305528,-0.70919345831,-0.127654822496
3.809,1.1976906381,0.402804141709,1.1976906381,0.215584314858
3.81,2.0144160966,0.677080124011,2.0144160966,0.362594897388
3.811,-0.419285152544,-0.140845347531,-0.419285152544,-0.0754713274579
3.812,-1.1671820203,-0.391844976061,-1.1671820203,-0.210092763653
3.813,-0.19577488685,-0.0656864635857,-0.19577488685,-0.035239479633
3.814,0.758542746218,0.254356417277,0.758542746218,0.136537694319
3.815,-0.111981721136,-0.0375278819554,-0.111981721136,-0.0201567098046
3.816,-1.566312048,-0.524602091528,-1.566312048,-0.28193616864
3.817,1.02430886491,0.342868835926,1.02430886491,0.184375595684
3.818,1.87224613249,0.626333897126,1.87224613249,0.337004303848
3.819,-0.301834273474,-0.100915519657,-0.301834273474,-0.0543301692253
3.82,-0.616276355889,-0.205926335451,-0.616276355889,-0.11092974406
3.821,-0.536557042404,-0.179184238714,-0.536557042404,-0.0965802676327
3.822,0.229340020475,0.0765441174845,0.229340020475,0.0412812036855
3.823,-0.0348152426538,-0.0116131494094,-0.0348152426538,-0.00626674367768
3.824,1.11445023639,0.371527041994,1.11445023639,0.20060104255
3.825,0.795514227102,0.265049757971,0.795514227102,0.143192560878
3.826,-1.31839821404,-0.43901193767,-1.31839821404,-0.237311678527
3.827,0.329442938586,0.109637908483,0.329442938586,0.0592997289455
3.828,1.41796174075,0.471624568446,1.41796174075,0.255233113335
3.829,1.48471700233,0.493545860609,1.48471700233,0.26724906042
3.83,-0.0472211830872,-0.015688202126,-0.0472211830872,-0.0084998129557
3.831,0.955383388181,0.317224729906,0.955383388181,0.171969009873
3.832,-0.229253671759,-0.0760780282239,-0.229253671759,-0.0412656609167
3.833,-1.33458253548,-0.442631730128,-1.33458253548,-0.240224856386
3.834,-2.10858414673,-0.698944613893,-2.10858414673,-0.379545146411
3.835,-0.0590598741048,-0.0195658907983,-0.0590598741048,-0.0106307773389
3.836,0.837739760075,0.277378045641,0.837739760075,0.150793156813
3.837,-0.18757327796,-0.062071227957,-0.18757327796,-0.0337631900328
3.838,0.845908658951,0.279769147885,0.845908658951,0.152263558611
3.839,0.438769424092,0.145034143457,0.438769424092,0.0789784963366
3.84,-0.168502154776,-0.0556669563392,-0.168502154776,-0.0303303878596
3.841,1.33398426774,0.44045486908,1.33398426774,0.240117168193
3.842,-0.98029842174,-0.323495522248,-0.98029842174,-0.176453715913
3.843,-0.600828206777,-0.198161882742,-0.600828206777,-0.10814907722
3.844,0.202202377669,0.0666525050766,0.202202377669,0.0363964279804
3.845,0.328756316141,0.108309191071,0.328756316141,0.0591761369054
3.846,0.93689752854,0.308492682134,0.93689752854,0.168641555137
3.847,-2.07066284121,-0.681434799853,-2.07066284121,-0.372719311418
3.848,-1.21773921663,-0.400527128498,-1.21773921663,-0.219193058993
3.849,-1.02260074949,-0.33616079267,-1.02260074949,-0.184068134908
3.85,-0.384198754785,-0.126229480961,-0.384198754785,-0.0691557758612
3.851,-1.09563495715,-0.359778493913,-1.09563495715,-0.197214292287
3.852,-0.192034880409,-0.0630252387954,-0.192034880409,-0.0345662784737
3.853,1.12630272683,0.369449569402,1.12630272683,0.202734490829
3.854,1.29317962023,0.423960228956,1.29317962023,0.232772331641
3.855,0.162405923737,0.0532151093857,0.162405923737,0.0292330662726
3.856,2.60033701067,0.851589206936,2.60033701067,0.468060661921
3.857,0.35792300973,0.117154274885,0.35792300973,0.0644261417515
3.858,-1.30100293364,-0.425613506731,-1.30100293364,-0.234180528056
3.859,-1.66345214787,-0.543896967339,-1.66345214787,-0.299421386616
3.86,-0.658556986719,-0.215213486097,-0.658556986719,-0.118540257609
3.861,-0.126294144337,-0.0412505486246,-0.126294144337,-0.0227329459807
3.862,0.585203367118,0.19104000584,0.585203367118,0.105336606081
3.863,0.289090361407,0.0943241089179,0.289090361407,0.0520362650533
3.864,-0.663851543839,-0.216487219658,-0.663851543839,-0.119493277891
3.865,-0.690767361588,-0.225146862628,-0.690767361588,-0.124338125086
3.866,-1.09886557057,-0.357974472698,-1.09886557057,-0.197795802703
3.867,0.0241401134066,0.00785996848076,0.0241401134066,0.00434522041319
3.868,0.525421816613,0.170987441391,0.525421816613,0.0945759269904
3.869,-0.640362983895,-0.208284788381,-0.640362983895,-0.115265337101
3.87,1.84197212824,0.598811619875,1.84197212824,0.331554983082
3.871,0.594096900889,0.193037148395,0.594096900889,0.10693744216
3.872,-0.93193042331,-0.302652419353,-0.93193042331,-0.167747476196
3.873,-0.637153198038,-0.206815076253,-0.637153198038,-0.114687575647
3.874,-0.125087027933,-0.0405815735189,-0.125087027933,-0.0225156650279
3.875,1.50466341952,0.487904550612,1.50466341952,0.270839415513
3.876,-1.03544030163,-0.335583102643,-1.03544030163,-0.186379254294
3.877,-0.674483002614,-0.21848728236,-0.674483002614,-0.121406940471
3.878,1.77464671438,0.574576440962,1.77464671438,0.319436408588
3.879,0.0443394969396,0.014348550823,0.0443394969396,0.00798110944913
3.88,1.11309695534,0.360024676883,1.11309695534,0.200357451961
3.881,1.38718791859,0.448453266014,1.38718791859,0.249693825345
3.882,1.10640210434,0.357501715729,1.10640210434,0.199152378782
3.883,-0.869710897385,-0.280882006498,-0.869710897385,-0.156547961529
3.884,1.40203136717,0.452575702546,1.40203136717,0.25236564609
3.885,1.97183224439,0.636192571796,1.97183224439,0.354929803991
3.886,-0.275341795012,-0.0887925492032,-0.275341795012,-0.0495615231022
3.887,1.19999457211,0.386785383076,1.19999457211,0.215999022979
3.888,1.7759271288,0.572140817391,1.7759271288,0.319666883184
3.889,-0.0954906672997,-0.0307486725245,-0.0954906672997,-0.017188320114
3.89,0.70396671063,0.226571798898,0.70396671063,0.126714007913
3.891,0.339506836052,0.109217234835,0.339506836052,0.0611112304893
3.892,-0.546787014835,-0.175812765969,-0.546787014835,-0.0984216626703
3.893,-0.316995524963,-0.101876858548,-0.316995524963,-0.0570591944934
3.894,1.27573323592,0.409801102534,1.27573323592,0.229631982466
3.895,0.612293939322,0.196591480444,0.612293939322,0.110212909078
3.896,-1.26023063684,-0.404433282421,-1.26023063684,-0.226841514632
3.897,-1.16229470386,-0.372825732406,-1.16229470386,-0.209213046694
3.898,1.33478403066,0.427950988246,1.33478403066,0.240261125518
3.899,0.208446934613,0.0667994060623,0.208446934613,0.0375204482303
3.9,-0.173826716585,-0.0556786015701,-0.173826716585,-0.0312888089853
3.901,-0.809325512942,-0.259113699889,-0.809325512942,-0.14567859233
3.902,1.58101552401,0.505940308038,1.58101552401,0.284582794321
3.903,2.17146163572,0.694563505452,2.17146163572,0.39086309443
3.904,0.285386525183,0.0912411117066,0.285386525183,0.0513695745329
3.905,-0.548237956989,-0.17519599077,-0.548237956989,-0.0986828322579
3.906,-1.35074402535,-0.431446282448,-1.35074402535,-0.243133924562
3.907,-1.08669520475,-0.346945049849,-1.08669520475,-0.195605136854
3.908,1.43007325966,0.456363767253,1.43007325966,0.257413186738
3.909,-0.186938896784,-0.0596283963858,-0.186938896784,-0.033649001421
3.91,-0.310934330328,-0.0991341695845,-0.310934330328,-0.0559681794591
3.911,-0.346147413068,-0.11031071306,-0.346147413068,-0.0623065343522
3.912,1.14317050476,0.364141500911,1.14317050476,0.205770690857
3.913,0.748357132412,0.238271060738,0.748357132412,0.134704283834
3.914,0.729853300344,0.232274677167,0.729853300344,0.131373594062
3.915,-1.53227102024,-0.487423467652,-1.53227102024,-0.275808783643
3.916,-2.19668967888,-0.698465213796,-2.19668967888,-0.395404142199
3.917,0.837321985224,0.266118127531,0.837321985224,0.15071795734
3.918,0.501689027941,0.1593760757,0.501689027941,0.0903040250294
3.919,0.0715188811663,0.0227099652362,0.0715188811663,0.0128733986099
3.92,-0.918633403415,-0.291572052298,-0.918633403415,-0.165354012615
3.921,0.861216279599,0.273227536613,0.861216279599,0.155018930328
3.922,1.97654277585,0.626798145057,1.97654277585,0.355777699652
3.923,0.0124975517807,0.00396146983689,0.0124975517807,0.00224955932053
3.924,0.824716386676,0.26130434561,0.824716386676,0.148448949602
3.925,-1.39294364004,-0.441150555197,-1.39294364004,-0.250729855207
3.926,1.13825208243,0.360332715093,1.13825208243,0.204885374838
3.927,-0.884956042794,-0.280026785049,-0.884956042794,-0.159292087703
3.928,-0.141115480211,-0.0446340040492,-0.141115480211,-0.025400786438
3.929,0.899391754044,0.284350560735,0.899391754044,0.161890515728
3.93,-0.390190580339,-0.123309531662,-0.390190580339,-0.0702343044611
3.931,-0.506913744685,-0.160128744484,-0.506913744685,-0.0912444740433
3.932,-0.252770266237,-0.0798136673345,-0.252770266237,-0.0454986479226
3.933,1.01782121081,0.321247320009,1.01782121081,0.183207817946
3.934,-1.57529369995,-0.496989227573,-1.57529369995,-0.283552865991
3.935,0.450019951354,0.141917293185,0.450019951354,0.0810035912438
3.936,-2.31060632434,-0.728363727616,-2.31060632434,-0.415909138382
3.937,-0.344096845162,-0.10842327847,-0.344096845162,-0.0619374321292
3.938,-0.509939208809,-0.160612903944,-0.509939208809,-0.0917890575856
3.939,2.34582081974,0.738546326534,2.34582081974,0.422247747554
3.94,-0.975330296432,-0.306941910696,-0.975330296432,-0.175559453358
3.941,-0.668155528709,-0.210186254273,-0.668155528709,-0.120267995168
3.942,0.825164653626,0.259471895311,0.825164653626,0.148529637653
3.943,0.219195889029,0.0688978664491,0.219195889029,0.0394552600252
3.944,-0.400521827731,-0.125841509034,-0.400521827731,-0.0720939289916
3.945,0.0581746531309,0.0182707590368,0.0581746531309,0.0104714375636
3.946,-0.969515892742,-0.304371146604,-0.969515892742,-0.174512860694
3.947,0.983346351501,0.308589767093,0.983346351501,0.17700234327
3.948,-0.513778513125,-0.161167738774,-0.513778513125,-0.0924801323626
3.949,0.269884066745,0.0846266774379,0.269884066745,0.0485791320141
3.95,2.54105131796,0.796474828502,2.54105131796,0.457389237234
3.951,0.788787689159,0.247142834799,0.788787689159,0.141981784049
3.952,-1.53744018114,-0.481521979352,-1.53744018114,-0.276739232606
3.953,-2.07108034331,-0.648403770877,-2.07108034331,-0.372794461796
3.954,-0.669130004957,-0.209406663043,-0.669130004957,-0.120443400892
3.955,0.821506577218,0.256994100087,0.821506577218,0.147871183899
3.956,1.08160353668,0.338230708675,1.08160353668,0.194688636602
3.957,0.345369829958,0.107959999768,0.345369829958,0.0621665693925
3.958,-0.73004530028,-0.228119569213,-0.73004530028,-0.13140815405
3.959,0.0185773695507,0.00580272412385,0.0185773695507,0.00334392651913
3.96,0.389343060326,0.121567035778,0.389343060326,0.0700817508586
3.961,0.224660687583,0.0701208021384,0.224660687583,0.040438923765
3.962,-0.79590816817,-0.24832467416,-0.79590816817,-0.143263470271
3.963,0.728275000136,0.227138186629,0.728275000136,0.131089500024
3.964,1.81054204527,0.564471379576,1.81054204527,0.325897568149
3.965,-0.76432377972,-0.238204501639,-0.76432377972,-0.13757828035
3.966,1.08514702965,0.338065756296,1.08514702965,0.195326465338
3.967,-0.48203482468,-0.150117643106,-0.48203482468,-0.0867662684425
3.968,-1.28459732107,-0.399909558407,-1.28459732107,-0.231227517793
3.969,0.064502033442,0.0200729107739,0.064502033442,0.0116103660196
3.97,1.83545173352,0.570982526807,1.83545173352,0.330381312034
3.971,-1.1171403809,-0.347401131832,-1.1171403809,-0.201085268561
3.972,-0.260767301407,-0.0810626819875,-0.260767301407,-0.0469381142532
3.973,-0.328341138316,-0.102032428049,-0.328341138316,-0.0591014048969
3.974,-0.287325205845,-0.0892549816786,-0.287325205845,-0.0517185370522
3.975,0.133845109529,0.0415630867687,0.133845109529,0.0240921197152
3.976,-0.740295294121,-0.229803984794,-0.740295294121,-0.133253152942
3.977,0.103146083225,0.0320076154505,0.103146083225,0.0185662949806
3.978,-0.551623331239,-0.17111652555,-0.551623331239,-0.0992921996229
3.979,0.946423912133,0.293484056937,0.946423912133,0.170356304184
3.98,-0.0790613363475,-0.0245082994876,-0.0790613363475,-0.0142310405426
3.981,-0.99539923853,-0.308458887394,-0.99539923853,-0.179171862935
3.982,-0.794555549125,-0.246136455608,-0.794555549125,-0.143019998842
3.983,-0.951820465175,-0.294753620618,-0.951820465175,-0.171327683732
3.984,0.456496018601,0.141316956954,0.456496018601,0.0821692833482
3.985,1.19319947154,0.369253184069,1.19319947154,0.214775904878
3.986,0.134999981564,0.0417637571135,0.134999981564,0.0242999966816
3.987,0.531422835525,0.164346879701,0.531422835525,0.0956561103946
3.988,-0.217295327001,-0.0671781097628,-0.217295327001,-0.0391131588601
3.989,-0.102838887417,-0.0317827629894,-0.102838887417,-0.0185109997351
3.99,-0.320567450852,-0.0990401606463,-0.320567450852,-0.0577021411533
3.991,-0.0462833972685,-0.0142947156528,-0.0462833972685,-0.00833101150833
3.992,0.544822136815,0.168214784489,0.544822136815,0.0980679846268
3.993,-1.75958483575,-0.543099626365,-1.75958483575,-0.316725270435
3.994,0.764022844219,0.235741619179,0.764022844219,0.137524111959
3.995,0.175654339073,0.054181394075,0.175654339073,0.0316177810331
3.996,0.0524547793731,0.016174783766,0.0524547793731,0.00944186028715
3.997,1.12488162882,0.346755310482,1.12488162882,0.202478693188
3.998,-0.901256210762,-0.277733456053,-0.901256210762,-0.162226117937
3.999,1.6928859441,0.521521253568,1.6928859441,0.304719469939
4,-1.62396268059,-0.500132983881,-1.62396268059,3.50768671749
4.001,0.186293190953,0.0573551380785,0.186293190953,3.45353277437
4.002,0.31771011087,0.0977851792196,0.31771011087,3.13518781996
4.003,-0.0330932179626,-0.0101823590973,-0.0330932179626,2.76424322077
4.004,-0.497814288328,-0.153124588528,-0.497814288328,2.4035734281
4.005,0.329292035519,0.101257623571,0.329292035519,2.30313456639
4.006,0.867721487046,0.266745156755,0.867721487046,2.17566566767
4.007,0.905895604401,0.278397153935,0.905895604401,1.98058942879
4.008,0.171952698694,0.0528283254455,0.171952698694,1.66672688376
4.009,1.23514823092,0.379357698081,1.23514823092,1.69452453977
4.01,0.96905044475,0.297542454746,0.96905044475,1.49940715243
4.011,-0.379314662283,-0.116432892616,-0.379314662283,1.12420362593
4.012,-1.73607028519,-0.532742844776,-1.73607028519,0.760739587293
4.013,0.470521076856,0.144345894212,0.470521076856,1.0506028086
4.014,0.850000367874,0.260687534537,0.850000367874,1.02231817951
4.015,0.678442192812,0.20801304236,0.678442192812,0.904505896666
4.016,-1.7230503506,-0.528144813754,-1.7230503506,0.393998608655
4.017,0.981954111083,0.30090149619,0.981954111083,0.810484644582
4.018,1.50543137689,0.461182683141,1.50543137689,0.841337261969
4.019,1.42098363086,0.435191844163,1.42098363086,0.769100706271
4.02,-0.24668287345,-0.0755285396321,-0.24668287345,0.417588370223
4.021,-1.07949909587,-0.330427025357,-1.07949909587,0.221482321443
4.022,-0.738949193312,-0.226125645316,-0.738949193312,0.241202088034
4.023,-1.71587916334,-0.524933968119,-1.71587916334,0.0279333991464
4.024,0.234529389657,0.0717296580745,0.234529389657,0.34532777383
4.025,-0.56238966516,-0.17195828508,-0.56238966516,0.171571095594
4.026,0.495468623643,0.15145617851,0.495468623643,0.334705464046
4.027,0.490677356844,0.149952149322,0.490677356844,0.309290924844
4.028,-0.359898479121,-0.109957107722,-0.359898479121,0.134090374309
4.029,-1.01104052001,-0.308815617193,-1.01104052001,-0.00300240310713
4.03,-0.193639025536,-0.059130528253,-0.193639025536,0.126231376849
4.031,-0.10806189157,-0.0329898539477,-0.10806189157,0.125526620819
4.032,-0.00403193191408,-0.0012305825581,-0.00403193191408,0.129754237427
4.033,0.623973229696,0.190394344069,0.623973229696,0.229747167999
4.034,0.61103958565,0.18640121301,0.61103958565,0.215675913406
4.035,2.03116615043,0.619465213943,2.03116615043,0.460729816266
4.036,0.167336150373,0.0510216050248,0.167336150373,0.115728425338
4.037,0.851838909804,0.259666228785,0.851838909804,0.230378130208
4.038,1.16640874509,0.355470204172,1.16640874509,0.279295987916
4.039,0.119660662623,0.0364585225868,0.119660662623,0.0839470916916
4.04,-0.430523374293,-0.131141579558,-0.430523374293,-0.0213268521953
4.041,-0.300837595921,-0.0916162653852,-0.300837595921,-0.00360014760602
4.042,-0.431003131737,-0.131225576401,-0.431003131737,-0.0320850060189
4.043,0.162121149097,0.0493487451471,0.162121149097,0.0701278087619
4.044,-0.398846431642,-0.121378374814,-0.398846431642,-0.0349409559637
4.045,-1.3672149964,-0.415979930313,-1.3672149964,-0.212932437793
4.046,-0.123196086708,-0.0374742737879,-0.123196086708,0.00767433979549
4.047,0.35285011021,0.10730701395,0.35285011021,0.0903776917004
4.048,-0.251201331632,-0.0763769166498,-0.251201331632,-0.0210380350175
4.049,0.612407589618,0.186158929962,0.612407589618,0.13199375034
4.05,-0.824792273153,-0.250663911374,-0.824792273153,-0.12887826338
4.051,-0.221692215116,-0.067360047431,-0.221692215116,-0.0222786875119
4.052,-0.55548441038,-0.168744382666,-0.55548441038,-0.0841238737803
4.053,-0.692207716296,-0.210232661945,-0.692207716296,-0.110320400854
4.054,-0.140246239515,-0.0425855321048,-0.140246239515,-0.0123950338414
4.055,0.0824765460798,0.0250385523149,0.0824765460798,0.0264101386386
4.056,-0.962012466336,-0.291990111422,-0.962012466336,-0.162754319631
4.057,-0.663289699381,-0.201279798583,-0.663289699381,-0.11002501401
4.058,0.200113054211,0.0607131334529,0.200113054211,0.044450768449
4.059,0.795394525054,0.241268661607,0.795394525054,0.150758391332
4.06,-0.254184248278,-0.077086591327,-0.254184248278,-0.0389245255504
4.061,0.165635893236,0.0502223873448,0.165635893236,0.0359602360082
4.062,-1.18217956906,-0.358376761588,-1.18217956906,-0.207261124728
4.063,0.0725615201408,0.0219926244242,0.0725615201408,0.0180391515582
4.064,1.38004945492,0.418196536192,1.38004945492,0.252889172025
4.065,1.36341981972,0.413077256169,1.36341981972,0.249447810675
4.066,-0.314348056691,-0.095220216199,-0.314348056691,-0.0529536313914
4.067,0.297747330388,0.0901745048722,0.297747330388,0.0568606364016
4.068,0.0888102667981,0.0268916454227,0.0888102667981,0.0189253532622
4.069,-0.679055812463,-0.205579018903,-0.679055812463,-0.119584491529
4.07,-1.41169221482,-0.427300361489,-1.41169221482,-0.251723599424
4.071,-1.8489253077,-0.55954283158,-1.8489253077,-0.330663656068
4.072,-1.60482582457,-0.485582927575,-1.60482582457,-0.286940039036
4.073,1.36992455545,0.41443316079,1.36992455545,0.248322168429
4.074,1.10956862516,0.335610211552,1.10956862516,0.201284526133
4.075,0.290296092548,0.087790222199,0.290296092548,0.0536592529018
4.076,1.18779763468,0.359146949947,1.18779763468,0.215068934861
4.077,-0.376808278088,-0.113913642621,-0.376808278088,-0.066686665499
4.078,-1.7260281303,-0.521710480991,-1.7260281303,-0.309660121352
4.079,0.730527503417,0.220772747193,0.730527503417,0.132417398506
4.08,-0.637884679204,-0.192743202837,-0.637884679204,-0.113989039155
4.081,-0.0861640396966,-0.0260310552071,-0.0861640396966,-0.0147623443536
4.082,0.209999211868,0.0634326739265,0.209999211868,0.0384723226488
4.083,-0.822709732918,-0.248469127421,-0.822709732918,-0.147482533864
4.084,0.625054843332,0.188744881456,0.625054843332,0.113054568055
4.085,-1.32052091676,-0.398689148199,-1.32052091676,-0.237203538387
4.086,0.0241291059045,0.00728388777171,0.0241291059045,0.00478444302955
4.087,-0.135244385307,-0.0408201842611,-0.135244385307,-0.0239469057852
4.088,-1.03317819598,-0.311792356191,-1.03317819598,-0.185614700063
4.089,-0.847017372362,-0.255574711937,-0.847017372362,-0.152141489333
4.09,0.0392318661096,0.0118358833092,0.0392318661096,0.0073512098223
4.091,0.171175341315,0.0516344878143,0.171175341315,0.0310720879671
4.092,0.0470577683735,0.014192790029,0.0470577683735,0.00870487218452
4.093,-0.201715817894,-0.0608296057562,-0.201715817894,-0.0360978207313
4.094,0.0132204836801,0.00398622496169,0.0132204836801,0.00256961090302
4.095,-0.299973079909,-0.0904350897166,-0.299973079909,-0.0538242229271
4.096,0.403651188312,0.121675174272,0.403651188312,0.0728110522071
4.097,0.567388622183,0.17100871082,0.567388622183,0.102268406473
4.098,-0.603882124812,-0.181983692484,-0.603882124812,-0.108574173434
4.099,-0.868450680549,-0.261679056648,-0.868450680549,-0.15620897437
4.1,0.859475434072,0.258941465166,0.859475434072,0.154806511449
4.101,-0.500848346516,-0.15087577888,-0.500848346516,-0.0900618623888
4.102,0.484509065395,0.145935569256,0.484509065395,0.0872933877568
4.103,-0.874417892872,-0.263344998495,-0.874417892872,-0.15732164033
4.104,1.33219670703,0.401164048523,1.33219670703,0.239861629614
4.105,0.821810812554,0.247442294122,0.821810812554,0.147985546373
4.106,0.53619771897,0.16142704604,0.53619771897,0.0965692295169
4.107,2.2784960549,0.685882458764,2.2784960549,0.410177565975
4.108,-0.279372309972,-0.084088319705,-0.279372309972,-0.0502435673122
4.109,-0.251733186345,-0.0757607930581,-0.251733186345,-0.0452728699076
4.11,0.12868146333,0.0387233193107,0.12868146333,0.0231978566706
4.111,-2.03125070957,-0.611186126653,-2.03125070957,-0.365593453779
4.112,-0.817707809422,-0.246015402602,-0.817707809422,-0.147158899146
4.113,-0.236478695768,-0.0711395632111,-0.236478695768,-0.0425405093437
4.114,-0.342984569052,-0.103169089815,-0.342984569052,-0.0617141321241
4.115,0.393619657647,0.118388213448,0.393619657647,0.0708723196511
4.116,0.804217082202,0.241859124578,0.804217082202,0.144777777944
4.117,1.00108686798,0.301036578027,1.00108686798,0.180212469068
4.118,0.611894485742,0.183985327776,0.611894485742,0.110156156983
4.119,0.167497714976,0.0503588161102,0.167497714976,0.03016322329
4.12,-0.277345345166,-0.0833773919924,-0.277345345166,-0.0499098909949
4.121,-0.993494227759,-0.298644417158,-0.993494227759,-0.178817916975
4.122,-1.95587783348,-0.587886153438,-1.95587783348,-0.352048070406
4.123,0.199933658036,0.0600897919451,0.199933658036,0.0359970041039
4.124,1.94795740269,0.585407595964,1.94795740269,0.350640383576
4.125,1.13191357155,0.340139525983,1.13191357155,0.203751688861
4.126,0.192875878066,0.057954547165,0.192875878066,0.0347241794361
4.127,-1.59211240364,-0.478354562233,-1.59211240364,-0.28657436341
4.128,-0.272304022763,-0.081808357715,-0.272304022763,-0.0490094417761
4.129,-0.981909952029,-0.294973859364,-0.981909952029,-0.176739037276
4.13,0.496614227467,0.14917639464,0.496614227467,0.0893948396242
4.131,-0.702945967789,-0.211141111417,-0.702945967789,-0.12652642339
4.132,0.767389365103,0.230482191601,0.767389365103,0.13813355145
4.133,-0.306096358943,-0.0919287450679,-0.306096358943,-0.055094225452
4.134,-0.122093364604,-0.0366655014641,-0.122093364604,-0.0219739983866
4.135,-0.29860567721,-0.0896678706853,-0.29860567721,-0.0537464953799
4.136,-0.522941943709,-0.157024107196,-0.522941943709,-0.0941272760016
4.137,1.40482883562,0.421804451912,1.40482883562,0.252871236892
4.138,0.449912961105,0.135080286002,0.449912961105,0.0809861748304
4.139,-0.749456905093,-0.22500215826,-0.749456905093,-0.134900585268
4.14,0.715576468199,0.214819376461,0.715576468199,0.128805256159
4.141,0.940624893638,0.282365793069,0.940624893638,0.16931382355
4.142,0.307778111071,0.0923873245094,0.307778111071,0.0554012684184
4.143,-0.506467341076,-0.15202183931,-0.506467341076,-0.0911630338107
4.144,-0.395013632259,-0.118562494792,-0.395013632259,-0.0711014749818
4.145,-1.76148655404,-0.528683939969,-1.76148655404,-0.317066698784
4.146,1.64632649482,0.494100308286,1.64632649482,0.296339561915
4.147,0.120499651066,0.0361633080339,0.120499651066,0.0216906507552
4.148,2.24430906921,0.673517775078,2.24430906921,0.403976274665
4.149,1.24933874056,0.374913840099,1.24933874056,0.224881551288
4.15,-0.931895423693,-0.279643124159,-0.931895423693,-0.167740656077
4.151,-0.101105491429,-0.0303387891658,-0.101105491429,-0.0181985202884
4.152,-1.76859629134,-0.530688375992,-1.76859629134,-0.318346911089
4.153,-1.76078904761,-0.528331362219,-1.76078904761,-0.316941649353
4.154,-0.611233394696,-0.183398241956,-0.611233394696,-0.11002166975
4.155,-1.35752902975,-0.407311885905,-1.35752902975,-0.244354918189
4.156,1.06221119405,0.318698139875,1.06221119405,0.191198291377
4.157,-0.456321620391,-0.136908757895,-0.456321620391,-0.0821376428663
4.158,0.780054127868,0.234033100501,0.780054127868,0.14040996694
4.159,-0.719308408816,-0.215804690467,-0.719308408816,-0.129475312056
4.16,1.45772420648,0.437335907617,1.45772420648,0.262390538545
4.161,1.4366502737,0.431008358871,1.4366502737,0.258597212506
4.162,-0.389132822857,-0.116742285778,-0.389132822857,-0.0700437611979
4.163,0.067641187253,0.0202926178982,0.067641187253,0.0121755459303
4.164,1.26784202541,0.380355202336,1.26784202541,0.228211683575
4.165,0.555110107888,0.166533476142,0.555110107888,0.0999199265218
4.166,-1.05418896377,-0.316256823972,-1.05418896377,-0.189753917086
4.167,0.34544355071,0.103633076259,0.34544355071,0.0621799258805
4.168,-1.94730512214,-0.584192532962,-1.94730512214,-0.350514843908
4.169,-0.18191141818,-0.0545737104907,-0.18191141818,-0.0327439850028
4.17,1.04233381952,0.312703478978,1.04233381952,0.187620150757
4.171,-0.433949858146,-0.130187302591,-0.433949858146,-0.0781109175479
4.172,0.901283310768,0.270392371334,0.901283310768,0.162231047165
4.173,-0.482059837418,-0.144623516044,-0.482059837418,-0.0867707246313
4.174,1.43283751408,0.429873430294,1.43283751408,0.257910794028
4.175,1.39109057759,0.417354975335,1.39109057759,0.25039634131
4.176,-0.947856326719,-0.284380660908,-0.947856326719,-0.1706141052
4.177,1.79610025161,0.538885269725,1.79610025161,0.323298075539
4.178,0.399160077575,0.119762778426,0.399160077575,0.0718488411875
4.179,-0.0189060358333,-0.00567263839031,-0.0189060358333,-0.00340306194849
4.18,1.35441027479,0.406392378209,1.35441027479,0.243793871513
4.181,-0.220661569672,-0.0662115175469,-0.220661569672,-0.0397190626947
4.182,1.28505402726,0.385603158445,1.28505402726,0.231309742768
4.183,-1.66907237862,-0.500849858018,-1.66907237862,-0.300433012077
4.184,0.995442635453,0.298718861026,0.995442635453,0.179179688849
4.185,0.731022993054,0.219377608694,0.731022993054,0.131584151771
4.186,-1.11134867079,-0.333524146887,-1.11134867079,-0.200042749024
4.187,0.404179392939,0.1213019084,0.404179392939,0.0727523012761
4.188,-1.02370217697,-0.307244731011,-1.02370217697,-0.184266382363
4.189,0.35908544595,0.107777176712,0.35908544595,0.0646353888142
4.19,0.987912436105,0.296528517689,0.987912436105,0.177824246188
4.191,1.08104991471,0.324499182552,1.08104991471,0.194588991569
4.192,1.30649818158,0.392190750985,1.30649818158,0.235169678913
4.193,0.291773120809,0.0875901615939,0.291773120809,0.0525191673507
4.194,-0.789789637774,-0.237106695875,-0.789789637774,-0.142162129755
4.195,-0.327236950677,-0.0982466827638,-0.327236950677,-0.0589026465818
4.196,-0.114809809241,-0.0344713709659,-0.114809809241,-0.0206657615773
4.197,-0.891233606205,-0.26760606257,-0.891233606205,-0.160422045439
4.198,0.284791936892,0.0855180415631,0.284791936892,0.0512625519503
4.199,-0.960573497845,-0.288461031111,-0.960573497845,-0.172903226633
4.2,1.3464865679,0.404376492366,1.3464865679,0.242367584903
4.201,0.301742518811,0.0906251087779,0.301742518811,0.0543136557988
4.202,0.269189029714,0.0808534154997,0.269189029714,0.0484540275201
4.203,-0.441502982402,-0.132618609093,-0.441502982402,-0.0794705348779
4.204,0.654689346683,0.196669377904,0.654689346683,0.117844084162
4.205,1.64809309462,0.49512480221,1.64809309462,0.296656758615
4.206,-0.0630600132183,-0.0189460771194,-0.0630600132183,-0.0113508009545
4.207,0.163999067215,0.0492764884012,0.163999067215,0.0295198333809
4.208,-0.572716101554,-0.172096375862,-0.572716101554,-0.103088897126
4.209,0.204114471388,0.0613395964881,0.204114471388,0.0367406058884
4.21,-1.04734020491,-0.314767951848,-1.04734020491,-0.188521235949
4.211,-0.79867798527,-0.240055073401,-0.79867798527,-0.143762036507
4.212,0.857529802094,0.257766020833,0.857529802094,0.154355365134
4.213,1.10648165725,0.332627966762,1.10648165725,0.199166698987
4.214,-0.178451115101,-0.0536503713835,-0.178451115101,-0.0321212001049
4.215,0.506500107096,0.152290481201,0.506500107096,0.0911700198293
4.216,-0.231108122658,-0.069494271155,-0.231108122658,-0.0415994615816
4.217,-2.2455769376,-0.67530993288,-2.2455769376,-0.40420384832
4.218,1.15531980631,0.347471865896,1.15531980631,0.207957565538
4.219,-0.690900514831,-0.207814572842,-0.690900514831,-0.124362092307
4.22,0.301205414198,0.0906081236305,0.301205414198,0.0542169748816
4.221,-1.51748008026,-0.45653288572,-1.51748008026,-0.273146414153
4.222,0.95766298543,0.288142486541,0.95766298543,0.172379337641
4.223,0.75576303288,0.22741892227,0.75576303288,0.136037346156
4.224,0.893659536784,0.268942987245,0.893659536784,0.160858716835
4.225,-0.514477566494,-0.154846921026,-0.514477566494,-0.0926059617765
4.226,1.48331672462,0.446497313967,1.48331672462,0.266997010606
4.227,1.27401964954,0.383540059778,1.27401964954,0.229323537073
4.228,-3.03316868905,-0.913233092227,-3.03316868905,-0.545970363889
4.229,-2.34596348325,-0.706411266289,-2.34596348325,-0.422273426858
4.23,-0.00117046804631,-0.000352491011041,-0.00117046804631,-0.000210684134688
4.231,-1.34061197214,-0.403779731216,-1.34061197214,-0.241310154882
4.232,-0.743449653023,-0.223947769946,-0.743449653023,-0.133820937452
4.233,0.988356293317,0.297757897876,0.988356293317,0.17790413288
4.234,1.06250954667,0.320138567924,1.06250954667,0.191251718475
4.235,-0.505223621382,-0.152245695947,-0.505223621382,-0.0909402517817
4.236,-0.979298909701,-0.295143814739,-0.979298909701,-0.176273803686
4.237,0.329709151174,0.0993818952848,0.329709151174,0.0593476472658
4.238,2.03874354397,0.614607066723,2.03874354397,0.366973837963
4.239,-1.4859336437,-0.4480163486,-1.4859336437,-0.267468055822
4.24,-0.282558952698,-0.0852047550324,-0.282558952698,-0.050860611446
4.241,-1.26650713888,-0.38196496808,-1.26650713888,-0.227971284962
4.242,-0.10391749722,-0.0313448732765,-0.10391749722,-0.0187051494676
4.243,0.200209416581,0.0603983542884,0.200209416581,0.0360376950134
4.244,0.0730228226478,0.0220324505068,0.0730228226478,0.0131441081026
4.245,-0.535652682543,-0.161641126603,-0.535652682543,-0.0964174828344
4.246,-0.945354439449,-0.285317536538,-0.945354439449,-0.17016379908
4.247,-1.07676780562,-0.325028832416,-1.07676780562,-0.193818204993
4.248,0.955660524568,0.288516274278,0.955660524568,0.172018894439
4.249,1.49634515222,0.451820681255,1.49634515222,0.269342127414
4.25,0.608241231984,0.183687097848,0.608241231984,0.109483421771
4.251,-0.0538436570827,-0.0162632234348,-0.0538436570827,-0.00969185826245
4.252,-0.291672159549,-0.0881124246864,-0.291672159549,-0.0525009887076
4.253,-0.0342075181013,-0.0103355751483,-0.0342075181013,-0.00615735324816
4.254,1.04362293027,0.315375837202,1.04362293027,0.187852127458
4.255,0.232898463727,0.0703921060084,0.232898463727,0.041921723479
4.256,-0.276507809413,-0.0835868730014,-0.276507809413,-0.049771405687
4.257,-1.24035408612,-0.375016616153,-1.24035408612,-0.223263735495
4.258,0.709321034386,0.214497695029,0.709321034386,0.127677786195
4.259,-0.708047977102,-0.214150083615,-0.708047977102,-0.127448635873
4.26,-0.406044378304,-0.122830337081,-0.406044378304,-0.0730879880899
4.261,-0.885272371114,-0.267846786163,-0.885272371114,-0.159349026796
4.262,0.50665612105,0.153320779508,0.50665612105,0.091198101793
4.263,0.00508883175222,0.00154022730963,0.00508883175222,0.000915989718912
4.264,-0.379357344478,-0.114840488876,-0.379357344478,-0.0682843220029
4.265,-0.508535626621,-0.153974405067,-0.508535626621,-0.0915364127889
4.266,0.448527548912,0.135830623446,0.448527548912,0.0807349588067
4.267,0.0638723477005,0.0193465564843,0.0638723477005,0.0114970225884
4.268,0.815363989849,0.247016152388,0.815363989849,0.146765518175
4.269,-0.119212588553,-0.0361226644474,-0.119212588553,-0.0214582659378
4.27,1.55528167359,0.471358506795,1.55528167359,0.279950701248
4.271,1.37456146286,0.416669678354,1.37456146286,0.247421063317
4.272,0.429843572689,0.130324003069,0.429843572689,0.0773718430853
4.273,-0.341239877397,-0.103481042061,-0.341239877397,-0.0614231779302
4.274,0.0117132573059,0.00355276549754,0.0117132573059,0.00210838631617
4.275,-0.0399911283297,-0.0121322446578,-0.0399911283297,-0.00719840309835
4.276,0.748564223023,0.22714124978,0.748564223023,0.134741560145
4.277,-1.79651293699,-0.545239781324,-1.79651293699,-0.323372328657
4.278,0.363949413284,0.11048142047,0.363949413284,0.0655108943918
4.279,-0.952632150958,-0.289244625485,-0.952632150958,-0.171473787172
4.28,2.19192144803,0.665668006298,2.19192144803,0.394545860646
4.281,-0.266559953208,-0.0809694207599,-0.266559953208,-0.0479807915769
4.282,1.45504967118,0.44207725909,1.45504967118,0.261908940814
4.283,-1.29143659487,-0.392453734851,-1.29143659487,-0.232458587076
4.284,0.107082677155,0.0325484577203,0.107082677155,0.0192748818882
4.285,-0.488737625697,-0.148587946059,-0.488737625697,-0.0879727726252
4.286,-0.0664404875687,-0.0202040306759,-0.0664404875687,-0.0119592877621
4.287,0.457131777997,0.139041619414,0.457131777997,0.0822837200397
4.288,-1.06417195217,-0.32375329779,-1.06417195217,-0.19155095139
4.289,-0.740269913819,-0.225264248638,-0.740269913819,-0.133248584487
4.29,-0.53865850156,-0.163951826886,-0.53865850156,-0.0969585302806
4.291,-1.77199109442,-0.539467935107,-1.77199109442,-0.318958396996
4.292,0.773382833835,0.2355053504,0.773382833835,0.13920891009
4.293,0.403470234987,0.122891172708,0.403470234987,0.0726246422978
4.294,1.89746247083,0.578077554846,1.89746247083,0.341543244749
4.295,-1.02757341434,-0.313134041978,-1.02757341434,-0.18496321458
4.296,-0.310675820041,-0.094695682001,-0.310675820041,-0.0559216476073
4.297,0.664679713217,0.202647490848,0.664679713217,0.119642348379
4.298,-1.5311651909,-0.466936392135,-1.5311651909,-0.275609734361
4.299,-0.457670789817,-0.139603569947,-0.457670789817,-0.082380742167
4.3,-0.46050684761,-0.140503731448,-0.46050684761,-0.0828912325696
4.301,-0.358533316149,-0.109418436118,-0.358533316149,-0.0645359969068
4.302,1.79025565636,0.546494809215,1.79025565636,0.322246018145
4.303,0.472930747203,0.144404031992,0.472930747203,0.0851275344966
4.304,-0.399203974241,-0.12192371548,-0.399203974241,-0.0718567153632
4.305,0.077163459961,0.0235731363634,0.077163459961,0.013889422793
4.306,-0.289233027988,-0.0883825813814,-0.289233027988,-0.0520619450378
4.307,-1.06406065344,-0.325236352671,-1.06406065344,-0.191530917619
4.308,1.48223475435,0.453173355685,1.48223475435,0.266802255784
4.309,-0.342552464443,-0.104758658004,-0.342552464443,-0.0616594435997
4.31,-1.90394258282,-0.582415477383,-1.90394258282,-0.342709664907
4.311,2.31084386661,0.707076932324,2.31084386661,0.41595189599
4.312,-0.341871304681,-0.104634883527,-0.341871304681,-0.0615368348425
4.313,1.38518452825,0.424072422783,1.38518452825,0.249333215086
4.314,-1.14861499271,-0.351743601832,-1.14861499271,-0.206750698688
4.315,-0.930988691446,-0.285178138392,-0.930988691446,-0.16757796446
4.316,-0.439800510607,-0.134756096643,-0.439800510607,-0.0791640919092
4.317,-0.74010699173,-0.226834359905,-0.74010699173,-0.133219258511
4.318,0.798375210083,0.244761883314,0.798375210083,0.143707537815
4.319,-0.587433708093,-0.180143578044,-0.587433708093,-0.105738067457
4.32,-0.158051095171,-0.0484820948195,-0.158051095171,-0.0284491971308
4.321,-1.41347431673,-0.433707070188,-1.41347431673,-0.254425377011
4.322,0.738024640057,0.226519149065,0.738024640057,0.13284443521
4.323,-0.223927551672,-0.068749229713,-0.223927551672,-0.0403069593009
4.324,-2.00833214436,-0.61676944977,-2.00833214436,-0.361499785984
4.325,1.50756496103,0.463117425945,1.50756496103,0.271361692985
4.326,0.681154538255,0.209309663003,0.681154538255,0.122607816886
4.327,1.11880665996,0.343896665815,1.11880665996,0.201385198792
4.328,-0.506985084243,-0.155882787818,-0.506985084243,-0.0912573151638
4.329,0.314903015466,0.0968524521918,0.314903015466,0.0566825427839
4.33,1.55046665978,0.477010361565,1.55046665978,0.27908399876
4.331,-0.208392934852,-0.0641328750895,-0.208392934852,-0.0375107282733
4.332,0.560293715949,0.172483106785,0.560293715949,0.100852868871
4.333,0.177586010259,0.0546856548779,0.177586010259,0.0319654818466
4.334,-0.815943368142,-0.251338658308,-0.815943368142,-0.146869806265
4.335,0.150920116891,0.0465030857671,0.150920116891,0.0271656210405
4.336,-0.254364428552,-0.0784019987158,-0.254364428552,-0.0457855971394
4.337,0.405295633352,0.124962456096,0.405295633352,0.0729532140033
4.338,-0.470962287101,-0.145255097801,-0.470962287101,-0.0847732116782
4.339,-0.755970040628,-0.233232039922,-0.755970040628,-0.136074607313
4.34,0.843484648092,0.260315443735,0.843484648092,0.151827236657
4.341,0.0874512859867,0.0269978280557,0.0874512859867,0.0157412314776
4.342,-1.16625656204,-0.360161553643,-1.16625656204,-0.209926181168
4.343,-0.0151228392036,-0.00467173238706,-0.0151228392036,-0.00272211105665
4.344,-2.10011510144,-0.648977797137,-2.10011510144,-0.378020718258
4.345,1.6976487682,0.524780209258,1.6976487682,0.305576778277
4.346,-0.551710893027,-0.170602257672,-0.551710893027,-0.0993079607448
4.347,0.14502288091,0.044859465772,0.14502288091,0.0261041185638
4.348,-0.702076192513,-0.217243560624,-0.702076192513,-0.126373714652
4.349,0.983222471151,0.304340886053,0.983222471151,0.176980044807
4.35,-0.338281877334,-0.104745124553,-0.338281877334,-0.0608907379202
4.351,-1.3308151297,-0.412211530386,-1.3308151297,-0.239546723345
4.352,-0.647924674095,-0.200758982113,-0.647924674095,-0.116626441337
4.353,0.68450162876,0.212165004253,0.68450162876,0.123210293177
4.354,-1.43829409595,-0.44596060715,-1.43829409595,-0.258892937271
4.355,-0.75003033135,-0.232636523565,-0.75003033135,-0.135005459643
4.356,0.546933304209,0.169701018897,0.546933304209,0.0984479947576
4.357,-0.587835985328,-0.182455933462,-0.587835985328,-0.105810477359
4.358,-0.0619289071422,-0.0192286021806,-0.0619289071422,-0.0111472032856
4.359,-1.06432639488,-0.330584387452,-1.06432639488,-0.191578751078
4.36,-0.675867927169,-0.210001929108,-0.675867927169,-0.12165622689
4.361,-0.669938073858,-0.208233585472,-0.669938073858,-0.120588853294
4.362,-0.858832081682,-0.267042125373,-0.858832081682,-0.154589774703
4.363,0.718652188749,0.2235354454,0.718652188749,0.129357393975
4.364,0.922945027886,0.287184063141,0.922945027886,0.166130105019
4.365,-0.341523685413,-0.106307256922,-0.341523685413,-0.0614742633744
4.366,1.92371416273,0.59901946393,1.92371416273,0.346268549292
4.367,1.79822707844,0.560149506271,1.79822707844,0.323680874119
4.368,0.562681427609,0.175340306368,0.562681427609,0.10128265697
4.369,-1.74315839013,-0.543396090433,-1.74315839013,-0.313768510224
4.37,0.84024381685,0.262027084204,0.84024381685,0.151243887033
4.371,-0.9912370079,-0.309229050732,-0.9912370079,-0.178422661422
4.372,0.515047458487,0.160735818968,0.515047458487,0.0927085425277
4.373,1.19999537826,0.37463500147,1.19999537826,0.215999168088
4.374,-0.681406910513,-0.212813603668,-0.681406910513,-0.122653243892
4.375,0.464246832896,0.145046279495,0.464246832896,0.0835644299213
4.376,1.06600690888,0.333183257491,1.06600690888,0.191881243599
4.377,2.82488021654,0.883261719498,2.82488021654,0.508478438977
4.378,-0.763012842056,-0.238664680209,-0.763012842056,-0.13734231157
4.379,0.21629413023,0.0676812989437,0.21629413023,0.0389329434415
4.38,-0.552414091765,-0.172924710371,-0.552414091765,-0.0994345365177
4.381,0.443769605022,0.138969318597,0.443769605022,0.079878528904
4.382,-1.11016941497,-0.347792657619,-1.11016941497,-0.199830494695
4.383,-1.19094604466,-0.373244761068,-1.19094604466,-0.214370288038
4.384,0.96084936206,0.301250745572,0.96084936206,0.172952885171
4.385,-0.0225829525191,-0.00708313373001,-0.0225829525191,-0.00406493145344
4.386,0.617111377093,0.193633668413,0.617111377093,0.111080047877
4.387,-1.940955811,-0.609265058318,-1.940955811,-0.349372045981
4.388,-0.353261491819,-0.110933043512,-0.353261491819,-0.0635870685274
4.389,-0.630266908978,-0.197999385624,-0.630266908978,-0.113448043616
4.39,0.753072435709,0.236674514959,0.753072435709,0.135553038428
4.391,0.219777737559,0.0690994433436,0.219777737559,0.0395599927606
4.392,-0.0857360169492,-0.0269668958745,-0.0857360169492,-0.0154324830509
4.393,0.965703453044,0.303870779601,0.965703453044,0.173826621548
4.394,-0.889447785526,-0.27999083179,-0.889447785526,-0.160100601395
4.395,1.51435905938,0.476904152502,1.51435905938,0.272584630689
4.396,1.08027959699,0.340343924644,1.08027959699,0.194450327458
4.397,2.35386625033,0.74189746669,2.35386625033,0.423695925059
4.398,0.0194746286881,0.00614062053407,0.0194746286881,0.00350543316386
4.399,0.357441038667,0.112753270188,0.357441038667,0.06433938696
4.4,-1.11355808948,-0.351414727099,-1.11355808948,-0.200440456106
4.401,-0.0672952708261,-0.0212458769309,-0.0672952708261,-0.0121131487487
4.402,-0.349205771247,-0.110294854199,-0.349205771247,-0.0628570388245
4.403,1.54938075096,0.489571809345,1.54938075096,0.278888535173
4.404,-0.101041003317,-0.0319404468943,-0.101041003317,-0.018187380597
4.405,0.364224839737,0.115185728819,0.364224839737,0.0655604711526
4.406,-1.4527478523,-0.459627297094,-1.4527478523,-0.261494613413
4.407,1.03778809934,0.32848186371,1.03778809934,0.186801857881
4.408,0.072664162526,0.0230096917621,0.072664162526,0.0130795492547
4.409,0.470321486688,0.148995737927,0.470321486688,0.0846578676038
4.41,1.41616552685,0.448830352175,1.41616552685,0.254909794833
4.411,-2.30407057007,-0.730556531379,-2.30407057007,-0.414732702613
4.412,-0.185199874465,-0.0587474831367,-0.185199874465,-0.0333359774036
4.413,0.237624430936,0.0754103345261,0.237624430936,0.0427723975685
4.414,0.468987852844,0.148899501885,0.468987852844,0.084417813512
4.415,0.723412929159,0.229779067048,0.723412929159,0.130214327249
4.416,0.694984719111,0.220847591,0.694984719111,0.12509724944
4.417,1.05930534257,0.336769271835,1.05930534257,0.190674961663
4.418,0.537376243626,0.170916626075,0.537376243626,0.0967277238527
4.419,0.964480344872,0.30689827634,0.964480344872,0.173606462077
4.42,1.58244074308,0.503760845635,1.58244074308,0.284839333754
4.421,-0.609130627131,-0.194000987069,-0.609130627131,-0.109643512884
4.422,0.56223141456,0.179145467498,0.56223141456,0.101201654621
4.423,0.973940952218,0.310471128094,0.973940952218,0.175309371399
4.424,-0.208223073006,-0.0664073240865,-0.208223073006,-0.0374801531411
4.425,0.0287311080306,0.00916724208983,0.0287311080306,0.0051715994455
4.426,-0.310512116847,-0.099120784865,-0.310512116847,-0.0558921810325
4.427,0.792930108736,0.253233758972,0.792930108736,0.142727419572
4.428,0.758027062544,0.242199126225,0.758027062544,0.136444871258
4.429,0.888179586288,0.283916395012,0.888179586288,0.159872325532
4.43,-0.351076216695,-0.112277716564,-0.351076216695,-0.0631937190051
4.431,0.0576807284456,0.0184555090323,0.0576807284456,0.0103825311202
4.432,-0.100186102342,-0.0320705607794,-0.100186102342,-0.0180334984215
4.433,0.493413375628,0.158020860511,0.493413375628,0.088814407613
4.434,1.4999584915,0.480604491423,1.4999584915,0.26999252847
4.435,-1.70765316451,-0.547411578574,-1.70765316451,-0.307377569612
4.436,-0.417729318285,-0.13397249433,-0.417729318285,-0.0751912772914
4.437,-0.678043671005,-0.217563166869,-0.678043671005,-0.122047860781
4.438,-0.419567784622,-0.134690666881,-0.419567784622,-0.075522201232
4.439,0.052355469098,0.0168153429671,0.052355469098,0.00942398443763
4.44,-0.534746167286,-0.171830519225,-0.534746167286,-0.0962543101114
4.441,0.575586849164,0.185043175335,0.575586849164,0.10360563285
4.442,-0.363305422817,-0.116854197314,-0.363305422817,-0.065394976107
4.443,0.861278542026,0.277157686734,0.861278542026,0.155030137565
4.444,-0.373236424218,-0.120165229849,-0.373236424218,-0.0671825563592
4.445,0.482580649515,0.155445030066,0.482580649515,0.0868645169127
4.446,-1.92403278283,-0.620057800275,-1.92403278283,-0.346325900909
4.447,0.769690429854,0.248169952322,0.769690429854,0.138544277374
4.448,-0.12778482596,-0.0412217505369,-0.12778482596,-0.0230012686727
4.449,0.387848513021,0.125176827415,0.387848513021,0.0698127323438
4.45,-0.264755043489,-0.0854911866028,-0.264755043489,-0.0476559078281
4.451,0.455709762317,0.147224930006,0.455709762317,0.082027757217
4.452,-0.0366240312562,-0.0118379286468,-0.0366240312562,-0.00659232562611
4.453,-1.20998529017,-0.391297285761,-1.20998529017,-0.21779735223
4.454,-0.385049679942,-0.12458372395,-0.385049679942,-0.0693089423896
4.455,2.03598122684,0.659077870961,2.03598122684,0.366476620832
4.456,-0.677467817528,-0.219417201142,-0.677467817528,-0.121944207155
4.457,-0.0692049078056,-0.0224253152464,-0.0692049078056,-0.012456883405
4.458,0.565351008484,0.183290566421,0.565351008484,0.101763181527
4.459,-1.93103342204,-0.626372424168,-1.93103342204,-0.347586015967
4.46,-0.377547194752,-0.122528072143,-0.377547194752,-0.0679584950553
4.461,1.24878446836,0.405484231123,1.24878446836,0.224781204305
4.462,-0.0546291917165,-0.0177473697638,-0.0546291917165,-0.00983325450897
4.463,-0.604148600318,-0.196370547561,-0.604148600318,-0.108746748057
4.464,-1.89238411383,-0.615411824579,-1.89238411383,-0.34062914049
4.465,0.15413925997,0.0501527080171,0.15413925997,0.0277450667946
4.466,1.40042057193,0.45589495265,1.40042057193,0.252075702947
4.467,-0.354975131519,-0.115619216498,-0.354975131519,-0.0638955236734
4.468,-0.169064165233,-0.0550947294502,-0.169064165233,-0.030431549742
4.469,-0.0581468742724,-0.0189588445553,-0.0581468742724,-0.010466437369
4.47,-1.8677544917,-0.609302396626,-1.8677544917,-0.336195808506
4.471,0.389253917527,0.127049890758,0.389253917527,0.0700657051548
4.472,-0.905858343019,-0.295821953168,-0.905858343019,-0.163054501743
4.473,-0.658283988983,-0.215086330802,-0.658283988983,-0.118491118017
4.474,1.50425475681,0.491757415406,1.50425475681,0.270765856226
4.475,-0.0668835749649,-0.0218765888361,-0.0668835749649,-0.0120390434937
4.476,0.372013496622,0.121744687717,0.372013496622,0.0669624293919
4.477,-1.35149975685,-0.442526300798,-1.35149975685,-0.243269956234
4.478,-0.61803256448,-0.202472879365,-0.61803256448,-0.111245861606
4.479,-0.829556035427,-0.271915649821,-0.829556035427,-0.149320086377
4.48,-0.696988432194,-0.228584939403,-0.696988432194,-0.125457917795
4.481,0.3112117017,0.102120308098,0.3112117017,0.056018106306
4.482,-0.801531385143,-0.263154907559,-0.801531385143,-0.144275649326
4.483,-0.976417307831,-0.320746362176,-0.976417307831,-0.17575511541
4.484,-0.237650218661,-0.0781088786152,-0.237650218661,-0.042777039359
4.485,0.884193114279,0.290767465531,0.884193114279,0.15915476057
4.486,-0.00608022179867,-0.00200057660005,-0.00608022179867,-0.00109443992376
4.487,0.708422842318,0.233220101453,0.708422842318,0.127516111617
4.488,-0.530604230269,-0.174776232251,-0.530604230269,-0.0955087614483
4.489,0.747352658035,0.246306610233,0.747352658035,0.134523478446
4.49,-0.182076011417,-0.0600402664826,-0.182076011417,-0.0327736820551
4.491,-0.544692560355,-0.17971374542,-0.544692560355,-0.098044660864
4.492,-0.521577590475,-0.172182623909,-0.521577590475,-0.0938839662856
4.493,0.222369872114,0.073449266585,0.222369872114,0.0400265769806
4.494,-0.466061689792,-0.154026913773,-0.466061689792,-0.0838911041626
4.495,1.28091844099,0.423561958155,1.28091844099,0.230565319378
4.496,1.25382950322,0.414836330769,1.25382950322,0.22568931058
4.497,0.72309630315,0.239374474831,0.72309630315,0.130157334567
4.498,-1.81908753157,-0.602530809163,-1.81908753157,-0.327435755683
4.499,-0.838419288284,-0.27786346778,-0.838419288284,-0.150915471891
4.5,0.184918083309,0.0613189439274,0.184918083309,0.0332852549956
4.501,0.996562986841,0.33064784106,0.996562986841,0.179381337631
4.502,0.221557077095,0.0735517112186,0.221557077095,0.0398802738771
4.503,0.544959317431,0.1810164369,0.544959317431,0.0980926771376
4.504,2.08787389603,0.693913805602,2.08787389603,0.375817301285
4.505,-2.0596566785,-0.684926530048,-2.0596566785,-0.370738202131
4.506,-1.17687418486,-0.391586433156,-1.17687418486,-0.211837353276
4.507,0.662966586205,0.220718248441,0.662966586205,0.119333985517
4.508,1.79130947853,0.596714756448,1.79130947853,0.322435706136
4.509,-0.104531283988,-0.034841154998,-0.104531283988,-0.0188156311178
4.51,-0.121939374289,-0.0406668820042,-0.121939374289,-0.0219490873719
4.511,-0.362711796037,-0.121034671797,-0.362711796037,-0.0652881232867
4.512,1.56015280957,0.520915170591,1.56015280957,0.280827505722
4.513,-1.61729964437,-0.540309565383,-1.61729964437,-0.291113935987
4.514,-0.407253549665,-0.136135028064,-0.407253549665,-0.0733056389397
4.515,1.82557121742,0.61060052287,1.82557121742,0.328602819135
4.516,-2.14924235226,-0.719279543612,-2.14924235226,-0.386863623406
4.517,0.852902437326,0.28560522097,0.852902437326,0.153522438719
4.518,-0.261719249241,-0.087691492046,-0.261719249241,-0.0471094648633
4.519,0.398950067612,0.133750643933,0.398950067612,0.0718110121701
4.52,0.239840551146,0.0804555547051,0.239840551146,0.0431712992062
4.521,1.39186467459,0.467183019331,1.39186467459,0.250535641426
4.522,2.27080266158,0.7626522949,2.27080266158,0.408744479084
4.523,0.20421631934,0.0686270473772,0.20421631934,0.0367589374811
4.524,-0.319378803199,-0.107391318043,-0.319378803199,-0.0574881845758
4.525,0.539402709534,0.181482582527,0.539402709534,0.0970924877162
4.526,-1.55833090264,-0.524615094282,-1.55833090264,-0.280499562475
4.527,0.162717521099,0.0548119454957,0.162717521099,0.0292891537979
4.528,0.476124736841,0.160480388798,0.476124736841,0.0857024526314
4.529,-0.76946372252,-0.25950768298,-0.76946372252,-0.138503470054
4.53,1.86313235395,0.62873429487,1.86313235395,0.33536382371
4.531,-0.288174738974,-0.0973063637884,-0.288174738974,-0.0518714530153
4.532,-0.567500935923,-0.191740709736,-0.567500935923,-0.102150168466
4.533,1.57052095105,0.530950965255,1.57052095105,0.282693771189
4.534,-0.295589667284,-0.099991567873,-0.295589667284,-0.0532061401111
4.535,-1.7867053179,-0.604771093374,-1.7867053179,-0.321606957222
4.536,-0.738036419893,-0.249965670423,-0.738036419893,-0.132846555581
4.537,1.36601935762,0.462939695062,1.36601935762,0.245883484372
4.538,0.487856496871,0.165434150378,0.487856496871,0.0878141694368
4.539,-0.0358179977472,-0.0121534727792,-0.0358179977472,-0.00644723959449
4.54,-0.822989731773,-0.279421634626,-0.822989731773,-0.148138151719
4.541,-1.25942435426,-0.427862999839,-1.25942435426,-0.226696383767
4.542,2.6098908364,0.887202027467,2.6098908364,0.469780350551
4.543,-0.205599750496,-0.0699343930255,-0.205599750496,-0.0370079550892
4.544,-0.825131374055,-0.280840588487,-0.825131374055,-0.14852364733
4.545,-0.164553666013,-0.0560419689658,-0.164553666013,-0.0296196598824
4.546,-1.47910183326,-0.504049802193,-1.47910183326,-0.266238329987
4.547,1.3292836076,0.4532763626,1.3292836076,0.239271049368
4.548,-0.201254275218,-0.0686690573151,-0.201254275218,-0.0362257695393
4.549,1.1193199152,0.382156495775,1.1193199152,0.201477584736
4.55,-0.414442791777,-0.141586923552,-0.414442791777,-0.0745997025198
4.551,-0.392616171244,-0.134214294246,-0.392616171244,-0.070670910824
4.552,0.171700234285,0.0587318934816,0.171700234285,0.0309060421712
4.553,1.2939052541,0.44287239264,1.2939052541,0.232902945738
4.554,-0.733838285154,-0.251333283428,-0.733838285154,-0.132090891328
4.555,1.28335787796,0.439816396285,1.28335787796,0.231004418032
4.556,1.25805447012,0.431417306157,1.25805447012,0.226449804622
4.557,0.168928064115,0.0579662080007,0.168928064115,0.0304070515406
4.558,0.55419290377,0.190287166282,0.55419290377,0.0997547226786
4.559,0.89590201596,0.307811603612,0.89590201596,0.161262362873
4.56,-1.51825552288,-0.521970261123,-1.51825552288,-0.273285994118
4.561,0.67916243219,0.233642283632,0.67916243219,0.122249237794
4.562,-1.02895522994,-0.35420251626,-1.02895522994,-0.18521194139
4.563,1.31371909262,0.452517654989,1.31371909262,0.236469436671
4.564,-0.272328317962,-0.0938651003643,-0.272328317962,-0.0490190972331
4.565,3.09109722032,1.06611195491,3.09109722032,0.556397499658
4.566,-0.180194330322,-0.0621885667263,-0.180194330322,-0.032434979458
4.567,0.353734591303,0.122159347733,0.353734591303,0.0636722264345
4.568,1.85338875532,0.640465760029,1.85338875532,0.333609975957
4.569,-2.04827522071,-0.708269258434,-2.04827522071,-0.368689539728
4.57,-0.26588130866,-0.0919981394681,-0.26588130866,-0.0478586355589
4.571,-0.113232349387,-0.0392051732161,-0.113232349387,-0.0203818228897
4.572,-0.730781495113,-0.253187632079,-0.730781495113,-0.13154066912
4.573,1.74755254672,0.605853664566,1.74755254672,0.31455945841
4.574,-0.167418043755,-0.0580794869325,-0.167418043755,-0.0301352478759
4.575,-0.132829712562,-0.0461104344587,-0.132829712562,-0.0239093482611
4.576,1.06659731521,0.370500160138,1.06659731521,0.191987516739
4.577,-1.56495884268,-0.543970345367,-1.56495884268,-0.281692591682
4.578,-0.532756778852,-0.185304572437,-0.532756778852,-0.0958962201934
4.579,0.148492015283,0.0516827429635,0.148492015283,0.0267285627509
4.58,1.51848026982,0.528855911163,1.51848026982,0.273326448568
4.581,-0.919059906831,-0.320300958922,-0.919059906831,-0.16543078323
4.582,0.671797667399,0.234282348645,0.671797667399,0.120923580132
4.583,0.188255336267,0.065695478804,0.188255336267,0.033885960528
4.584,-0.61138904169,-0.213497795228,-0.61138904169,-0.110050027504
4.585,-0.704895580005,-0.246313681737,-0.704895580005,-0.126881204401
4.586,0.759791244425,0.265672426809,0.759791244425,0.136762423997
4.587,-0.93152181596,-0.325937344302,-0.93152181596,-0.167673926873
4.588,-0.318782640115,-0.111615649818,-0.318782640115,-0.0573808752207
4.589,-0.43822121591,-0.153537196562,-0.43822121591,-0.0788798188639
4.59,0.775582960507,0.27191845511,0.775582960507,0.139604932891
4.591,-0.932889155882,-0.327288786966,-0.932889155882,-0.167920048059
4.592,-1.43791034081,-0.504805389019,-1.43791034081,-0.258823861345
4.593,-1.17482535627,-0.412721427141,-1.17482535627,-0.211468564129
4.594,1.87585802699,0.659440529324,1.87585802699,0.337654444858
4.595,-0.292595838913,-0.10292863474,-0.292595838913,-0.0526672510044
4.596,-0.177308040221,-0.0624150503481,-0.177308040221,-0.0319154472397
4.597,0.625870016568,0.22046431394,0.625870016568,0.112656602982
4.598,0.155442463767,0.0547920455501,0.155442463767,0.027979643478
4.599,-0.560397274263,-0.197668730463,-0.560397274263,-0.100871509367
4.6,1.43676976139,0.507135111345,1.43676976139,0.25861855705
4.601,-1.57103186394,-0.554902218305,-1.57103186394,-0.282785735509
4.602,0.463535806838,0.163836305228,0.463535806838,0.0834364452309
4.603,-0.285731921553,-0.101060497442,-0.285731921553,-0.0514317458796
4.604,0.746614398564,0.264250162917,0.746614398564,0.134390591742
4.605,-1.09528597076,-0.387920811604,-1.09528597076,-0.197151474737
4.606,-0.267575077808,-0.0948327370458,-0.267575077808,-0.0481635140055
4.607,1.68514928719,0.597652158736,1.68514928719,0.303326871695
4.608,0.0710472398193,0.0252147823409,0.0710472398193,0.0127885031675
4.609,0.676992814684,0.240430958728,0.676992814684,0.121858706643
4.61,-1.27323353484,-0.452494313317,-1.27323353484,-0.229182036272
4.611,-1.35350503755,-0.481353431832,-1.35350503755,-0.243630906759
4.612,-1.13501519515,-0.403929359105,-1.13501519515,-0.204302735126
4.613,0.120330921185,0.0428529716155,0.120330921185,0.0216595658134
4.614,-1.45390661189,-0.518132193351,-1.45390661189,-0.26170319014
4.615,1.48591028319,0.52990427542,1.48591028319,0.267463850974
4.616,-0.637762083352,-0.227596041766,-0.637762083352,-0.114797175003
4.617,0.344515894092,0.123031649957,0.344515894092,0.0620128609366
4.618,0.909716543917,0.325099017047,0.909716543917,0.163748977905
4.619,1.06196847892,0.379772547679,1.06196847892,0.191154326206
4.62,-1.28992532177,-0.461614334771,-1.28992532177,-0.232186557919
4.621,-1.22587022136,-0.438997844716,-1.22587022136,-0.220656639844
4.622,0.312367124873,0.1119403816,0.312367124873,0.0562260824772
4.623,-1.91762371752,-0.687683841911,-1.91762371752,-0.345172269154
4.624,0.369838854089,0.132721817543,0.369838854089,0.0665709937359
4.625,-0.865315587366,-0.31074851542,-0.865315587366,-0.155756805726
4.626,-0.772670007523,-0.277673050032,-0.772670007523,-0.139080601354
4.627,0.0135164080156,0.00486078597183,0.0135164080156,0.00243295344281
4.628,0.00577080928807,0.00207676733916,0.00577080928807,0.00103874567185
4.629,-0.604524822245,-0.217706584738,-0.604524822245,-0.108814468004
4.63,0.308045824088,0.111014432097,0.308045824088,0.0554482483359
4.631,1.41648935286,0.510839537356,1.41648935286,0.254968083515
4.632,1.51895097528,0.548179007873,1.51895097528,0.273411175551
4.633,1.47194577663,0.531591822162,1.47194577663,0.264950239794
4.634,0.0892173926193,0.0322436517559,0.0892173926193,0.0160591306715
4.635,1.13189608678,0.409364188491,1.13189608678,0.20374129562
4.636,-0.0841346717929,-0.0304499977498,-0.0841346717929,-0.0151442409227
4.637,-1.31781451219,-0.477282919177,-1.31781451219,-0.237206612195
4.638,-0.83452966831,-0.302463593783,-0.83452966831,-0.150215340296
4.639,0.120257244143,0.0436166863152,0.120257244143,0.0216463039458
4.64,1.12594191921,0.408665404537,1.12594191921,0.202669545459
4.641,1.16189982334,0.42201841957,1.16189982334,0.209141968201
4.642,0.593650189047,0.21577669439,0.593650189047,0.106857034028
4.643,1.29901772331,0.472498651285,1.29901772331,0.233823190196
4.644,-0.204768887334,-0.0745351972019,-0.204768887334,-0.0368583997202
4.645,0.895491363528,0.326190372386,0.895491363528,0.161188445435
4.646,1.35001709731,0.492109412046,1.35001709731,0.243003077515
4.647,0.495024437151,0.180576848535,0.495024437151,0.0891043986872
4.648,-0.278445280964,-0.101645622837,-0.278445280964,-0.0501201505734
4.649,0.386183840641,0.141077145863,0.386183840641,0.0695130913154
4.65,-0.655273781176,-0.239551814603,-0.655273781176,-0.117949280612
4.651,-1.55409029462,-0.568548325534,-1.55409029462,-0.279736253031
4.652,-2.46541935664,-0.902602965795,-2.46541935664,-0.443775484196
4.653,0.562369283683,0.206035814465,0.562369283683,0.101226471063
4.654,0.20585368577,0.0754736405913,0.20585368577,0.0370536634386
4.655,0.259094751977,0.0950629187996,0.259094751977,0.0466370553559
4.656,1.84054196381,0.675794228382,1.84054196381,0.331297553485
4.657,0.00230820954483,0.000848126361703,0.00230820954483,0.000415477718069
4.658,1.97864645749,0.727562746859,1.97864645749,0.356156362348
4.659,-0.243083242001,-0.0894488044714,-0.243083242001,-0.0437549835603
4.66,-0.702401708554,-0.258656080839,-0.702401708554,-0.12643230754
4.661,0.599672457456,0.220988254925,0.599672457456,0.107941042342
4.662,-0.466787440702,-0.172144261907,-0.466787440702,-0.0840217393263
4.663,-1.23833031789,-0.457012978345,-1.23833031789,-0.222899457221
4.664,0.211310614369,0.0780427058908,0.211310614369,0.0380359105864
4.665,-0.486552041335,-0.17982895545,-0.486552041335,-0.0875793674404
4.666,-1.3019925321,-0.48156894105,-1.3019925321,-0.234358655778
4.667,-1.4930111139,-0.552628152299,-1.4930111139,-0.268742000502
4.668,0.766540893296,0.283939370943,0.766540893296,0.137977360793
4.669,-1.71941270339,-0.637369201416,-1.71941270339,-0.309494286609
4.67,0.578956251908,0.214772008122,0.578956251908,0.104212125343
4.671,0.876461271873,0.325376345858,0.876461271873,0.157763028937
4.672,-1.71894321503,-0.638611040793,-1.71894321503,-0.309409778706
4.673,-0.649849556807,-0.241607100229,-0.649849556807,-0.116972920225
4.674,0.944234346839,0.351316833184,0.944234346839,0.169962182431
4.675,0.78441125056,0.292069094077,0.78441125056,0.141194025101
4.676,-1.6502618549,-0.614918556012,-1.6502618549,-0.297047133882
4.677,-0.313369506846,-0.116854311684,-0.313369506846,-0.0564065112322
4.678,0.484418769941,0.180772581913,0.484418769941,0.0871953785894
4.679,-1.66574577862,-0.622077122847,-1.66574577862,-0.299834240152
4.68,-0.795563483178,-0.297327157058,-0.795563483178,-0.143201426972
4.681,1.3920498274,0.520641837926,1.3920498274,0.250568968932
4.682,-0.143515986033,-0.0537167123203,-0.143515986033,-0.025832877486
4.683,-1.33320010144,-0.499378291218,-1.33320010144,-0.239976018259
4.684,-0.481351718344,-0.180435644976,-0.481351718344,-0.0866433093019
4.685,1.12866759509,0.423400792751,1.12866759509,0.203160167116
4.686,-0.311230576769,-0.116840654014,-0.311230576769,-0.0560215038184
4.687,-0.752698504259,-0.282786840091,-0.752698504259,-0.135485730767
4.688,-0.422896374035,-0.159000625095,-0.422896374035,-0.0761213473262
4.689,0.0786534031049,0.0295943920671,0.0786534031049,0.0141576125589
4.69,0.137489979178,0.0517714455331,0.137489979178,0.0247481962521
4.691,1.74237142914,0.656579970624,1.74237142914,0.313626857245
4.692,-0.169885130718,-0.0640663828331,-0.169885130718,-0.0305793235292
4.693,-0.183322195272,-0.0691859857819,-0.183322195272,-0.0329979951489
4.694,-1.35779850842,-0.51282236776,-1.35779850842,-0.244403731516
4.695,0.0447193063541,0.0169026787698,0.0447193063541,0.00804947514374
4.696,-1.12862157559,-0.426911616462,-1.12862157559,-0.203151883607
4.697,0.692057523311,0.26197585057,0.692057523311,0.124570354196
4.698,-1.05314915989,-0.398968572078,-1.05314915989,-0.18956684878
4.699,1.10928779444,0.420555255686,1.10928779444,0.199671803
4.7,-1.58162792963,-0.600085976405,-0,-0.284693027333
4.701,0.801602512405,0.304367890992,0,0.144288452233
4.702,0.196889695299,0.0748158570127,0,0.0354401451539
4.703,1.64198057382,0.624410035565,0,0.295556503287
4.704,0.582894630085,0.221831590462,0,0.104921033415
4.705,-0.0323534593,-0.0123221311414,-0,-0.005823622674
4.706,0.00373799755331,0.0014247417989,0,0.000672839559595
4.707,1.13835215328,0.434216297089,0,0.204903387591
4.708,1.21189593842,0.46262322449,0,0.218141268916
4.709,-0.267828652706,-0.102317998061,-0,-0.0482091574872
4.71,0.0579546078497,0.0221572646503,0,0.0104318294129
4.711,2.26115289858,0.86515029071,0,0.407007521744
4.712,0.188599184215,0.0722162892891,0,0.0339478531587
4.713,1.63570615884,0.626808180176,0,0.294427108591
4.714,0.0633611007914,0.0242988859424,0,0.0114049981424
4.715,0.955431015405,0.366688710656,0,0.171977582773
4.716,-0.353216392451,-0.13566689398,-0,-0.0635789506412
4.717,-1.64332813568,-0.631673155521,-0,-0.295799064422
4.718,0.693472981844,0.266767576438,0,0.124825136732
4.719,0.58033807682,0.223419049809,0,0.104460853828
4.72,0.212045349465,0.0816965637001,0,0.0381681629036
4.721,-0.42581761643,-0.164185511988,-0,-0.0766471709574
4.722,-2.30563174462,-0.889687694743,-0,-0.415013714031
4.723,-1.97575124229,-0.762986057371,-0,-0.355635223613
4.724,0.822257633082,0.317781939486,0,0.148006373955
4.725,-0.935945238561,-0.362000322167,-0,-0.168470142941
4.726,0.360685019474,0.139612435273,0,0.0649233035053
4.727,-0.275770319162,-0.106827055436,-0,-0.0496386574492
4.728,-0.81407610182,-0.315599812949,-0,-0.146533698328
4.729,0.778623802144,0.302090910797,0,0.140152284386
4.73,0.510439355122,0.198194975431,0,0.091879083922
4.731,0.047787703633,0.0185696368222,0,0.00860178665394
4.732,0.936708642806,0.364276191635,0,0.168607555705
4.733,0.934481081271,0.363693916215,0,0.168206594629
4.734,1.06057030427,0.413089825391,0,0.190902654768
4.735,0.812804352661,0.316833297316,0,0.146304783479
4.736,0.0223312883281,0.00871161319001,0,0.00401963189906
4.737,0.901573138398,0.351986513068,0,0.162283164912
4.738,1.46018837959,0.570524693824,0,0.262833908327
4.739,1.70362900005,0.666164255389,0,0.306653220009
4.74,0.461570331762,0.180628041525,0,0.0830826597172
4.741,0.558890727369,0.218884706266,0,0.100600330926
4.742,-0.954399415282,-0.374076257865,-0,-0.171791894751
4.743,-0.741308998146,-0.290784302074,-0,-0.133435619666
4.744,-0.91138990634,-0.357781469355,-0,-0.164050183141
4.745,1.44573257896,0.567994036579,0,0.260231864212
4.746,1.28366198688,0.504718127837,0,0.231059157638
4.747,1.85949815083,0.731706009978,0,0.334709667149
4.748,1.04062879376,0.409807206406,0,0.187313182877
4.749,0.867398273048,0.341857741151,0,0.156131689149
4.75,1.49737119466,0.590608486314,0,0.269526815039
4.751,0.683427139944,0.269777671815,0,0.12301688519
4.752,0.823911918244,0.325490536794,0,0.148304145284
4.753,1.39318224157,0.550819794022,0,0.250772803483
4.754,0.0567095359281,0.0224389202192,0,0.0102077164671
4.755,-1.8686550209,-0.739979128268,-0,-0.336357903763
4.756,1.52314343052,0.603636983283,0,0.274165817494
4.757,-0.864429095207,-0.342854091575,-0,-0.155597237137
4.758,-0.265756305769,-0.105489365883,-0,-0.0478361350384
4.759,-0.861590403482,-0.342271958054,-0,-0.155086272627
4.76,-0.229374253142,-0.0911928345025,-0,-0.0412873655655
4.761,1.75682666802,0.699021865921,0,0.316228800244
4.762,0.554696248866,0.22088340535,0,0.099845324796
4.763,-0.819267516707,-0.326497473791,-0,-0.147468153007
4.764,-0.00793112314501,-0.00316326244859,-0,-0.0014276021661
4.765,-1.13969863593,-0.454922290198,-0,-0.205145754467
4.766,1.48333671592,0.592562006225,0,0.267000608865
4.767,0.284837598617,0.113877637412,0,0.0512707677511
4.768,-0.405570059246,-0.162276004157,-0,-0.0730026106643
4.769,-0.0694519499492,-0.0278112402517,-0,-0.0125013509909
4.77,0.577861526606,0.231583383446,0,0.104015074789
4.771,0.706914460158,0.283529587472,0,0.127244602829
4.772,-0.382145269042,-0.15339391041,-0,-0.0687861484275
4.773,0.682657189821,0.274239882544,0,0.122878294168
4.774,0.714526577588,0.287273026143,0,0.128614783966
4.775,1.33133568616,0.535689029268,0,0.23964042351
4.776,0.452886330176,0.182374161455,0,0.0815195394317
4.777,0.337148985934,0.135876724513,0,0.0606868174681
4.778,1.18565650428,0.478224049235,0,0.213418170771
4.779,-0.612173395702,-0.247113507674,-0,-0.110191211226
4.78,0.969359444102,0.391612534426,0,0.174484699938
4.781,-0.708870550986,-0.286608173311,-0,-0.127596699178
4.782,-1.10204464828,-0.445934340609,-0,-0.19836803669
4.783,-0.746335462506,-0.302242887014,-0,-0.134340383251
4.784,0.783629385759,0.317601977893,0,0.141053289437
4.785,0.306238700656,0.124217625035,0,0.0551229661181
4.786,0.0834595733485,0.0338805272269,0,0.0150227232027
4.787,0.58363916309,0.237120697879,0,0.105055049356
4.788,-1.34995426859,-0.548902640266,-0,-0.242991768347
4.789,1.31559157367,0.53536349721,0,0.236806483261
4.79,-0.0185801260087,-0.00756707296651,-0,-0.00334442268157
4.791,0.720833928655,0.293809790236,0,0.129750107158
4.792,0.617129169057,0.251743969021,0,0.11108325043
4.793,-0.524913534072,-0.214300364509,-0,-0.094484436133
4.794,-0.21233402791,-0.0867575052406,-0,-0.0382201250238
4.795,-0.316767644325,-0.129533102523,-0,-0.0570181759786
4.796,1.04341565329,0.427021727784,0,0.187814817591
4.797,-2.03127991149,-0.831984524559,-0,-0.365630384069
4.798,-0.286582454765,-0.117475714966,-0,-0.0515848418577
4.799,0.319627896462,0.131128282428,0,0.0575330213632
4.8,0.0189177810087,0.00776739265572,0,0.00340520058157
4.801,1.32738563828,0.545450975162,0,0.238929414891
4.802,-0.0702242153461,-0.0288801347716,-0,-0.0126403587623
4.803,-1.66944751235,-0.687130096488,-0,-0.300500552224
4.804,-0.612287776338,-0.252217862584,-0,-0.110211799741
4.805,-0.921219313554,-0.379784733471,-0,-0.16581947644
4.806,1.89771209442,0.782995339359,0,0.341588176995
4.807,-2.40492721189,-0.993082516222,-0,-0.43288689814
4.808,-0.592959302987,-0.245054678564,-0,-0.106732674538
4.809,0.589093931613,0.243656238201,0,0.10603690769
4.81,-0.903995366533,-0.374208998463,-0,-0.162719165976
4.811,-0.131441010452,-0.0544545417933,-0,-0.0236593818813
4.812,-0.0917455615677,-0.0380402741881,-0,-0.0165142010822
4.813,-0.0295235037046,-0.0122512946845,-0,-0.00531423066682
4.814,-0.1859919343,-0.0772438431425,-0,-0.033478548174
4.815,0.521268999793,0.21666436507,0,0.0938284199628
4.816,-1.49637920994,-0.622476900473,-0,-0.269348257789
4.817,-0.951561623779,-0.396163655692,-0,-0.17128109228
4.818,-0.24293259541,-0.101223137056,-0,-0.0437278671738
4.819,0.0875173786648,0.0364959561719,0,0.0157531281597
4.82,-0.108685187027,-0.0453604543427,-0,-0.0195633336649
4.821,0.0711047374019,0.0297004014227,0,0.0127988527323
4.822,0.512182699601,0.214114253657,0,0.0921928859282
4.823,-0.880352552522,-0.368327667013,-0,-0.158463459454
4.824,0.682239315873,0.285674610663,0,0.122803076857
4.825,-0.133483435083,-0.0559396323135,-0,-0.024027018315
4.826,0.560489237272,0.235080706546,0,0.100888062709
4.827,-0.484454076401,-0.203357383112,-0,-0.0872017337522
4.828,-0.575911301418,-0.24194725185,-0,-0.103664034255
4.829,0.527899668069,0.221959830973,0,0.0950219402525
4.83,-0.776994453819,-0.326963263542,-0,-0.139859001687
4.831,-0.429122422259,-0.180725914881,-0,-0.0772420360066
4.832,-0.257296143825,-0.10845031641,-0,-0.0463133058885
4.833,-0.57642350171,-0.243163107282,-0,-0.103756230308
4.834,-0.242443748703,-0.10235889542,-0,-0.0436398747666
4.835,0.557490695232,0.235565102881,0,0.100348325142
4.836,0.076727695282,0.0324477321159,0,0.0138109851508
4.837,-0.326381002289,-0.138138922368,-0,-0.0587485804121
4.838,0.552838181468,0.234179217764,0,0.0995108726642
4.839,0.143043033978,0.0606423879739,0,0.025747746116
4.84,-0.650355568455,-0.275943288037,-0,-0.117064002322
4.841,-0.166828648512,-0.0708433553528,-0,-0.0300291567322
4.842,0.787567448697,0.334715555215,0,0.141762140765
4.843,-2.24658095585,-0.955586454386,-0,-0.404384572053
4.844,-0.526381035613,-0.224082554008,-0,-0.0947485864103
4.845,0.222035225291,0.0945996905403,0,0.0399663405524
4.846,-0.624408135822,-0.266254243173,-0,-0.112393464448
4.847,-0.487299432759,-0.207962084314,-0,-0.0877138978967
4.848,-0.28411420946,-0.121350509294,-0,-0.0511405577028
4.849,-0.0436318684936,-0.0186514660461,-0,-0.00785373632884
4.85,0.0964181162428,0.041250426013,0,0.0173552609237
4.851,1.16212522527,0.497603557067,0,0.209182540549
4.852,0.657119438808,0.281601998511,0,0.118281498986
4.853,-1.42973757095,-0.613209302491,-0,-0.257352762771
4.854,-0.404106671083,-0.173464068037,-0,-0.0727392007949
4.855,0.524095871045,0.225157004762,0,0.0943372567882
4.856,-0.562434875286,-0.241828954237,-0,-0.101238277551
4.857,-0.495441753827,-0.21320142517,-0,-0.0891795156888
4.858,1.54652972706,0.66606609456,0,0.27837535087
4.859,1.87422924779,0.807873628518,0,0.337361264601
4.86,-2.36843791792,-1.02174966076,-0,-0.426318825226
4.861,1.3397595807,0.578457229233,0,0.241156724526
4.862,1.19945287957,0.51830997336,0,0.215901518323
4.863,2.04771923809,0.885602602532,0,0.368589462857
4.864,1.6263492289,0.703954334008,0,0.292742861201
4.865,-1.04611964152,-0.453183767371,-0,-0.188301535474
4.866,-0.646569210571,-0.280330546045,-0,-0.116382457903
4.867,1.51778328466,0.658609037369,0,0.273200991239
4.868,-1.90078931933,-0.825495142381,-0,-0.34214207748
4.869,-0.208157071255,-0.0904762157812,-0,-0.0374682728258
4.87,0.739936636171,0.321884904273,0,0.133188594511
4.871,1.23993218532,0.539842324511,0,0.223187793358
4.872,-1.10128760976,-0.479880129957,-0,-0.198231769758
4.873,1.1902057061,0.519059515199,0,0.214237027099
4.874,0.147035045132,0.0641769684258,0,0.0264663081238
4.875,-0.163539061204,-0.0714402794574,-0,-0.0294370310167
4.876,-0.157640526903,-0.0689212145061,-0,-0.0283752948425
4.877,0.00412173805425,0.00180355306512,0,0.000741912849765
4.878,-1.07357253058,-0.470157656448,-0,-0.193243055505
4.879,0.510544310509,0.22377380142,0,0.0918979758917
4.88,0.225248941431,0.0988103242751,0,0.0405448094576
4.881,-0.0331154030049,-0.0145389641971,-0,-0.00596077254088
4.882,1.1192786215,0.491819310025,0,0.20147015187
4.883,0.134589496995,0.0591892136397,0,0.0242261094592
4.884,-0.315804528849,-0.138999703303,-0,-0.0568448151928
4.885,-0.131178464442,-0.0577859513055,-0,-0.0236121235996
4.886,-0.138112221746,-0.060891423348,-0,-0.0248601999143
4.887,-0.6806250741,-0.300328351521,-0,-0.122512513338
4.888,0.783572211861,0.346044435857,0,0.141042998135
4.889,1.80869739354,0.799435253234,0,0.325565530836
4.89,-0.225952646471,-0.0999538288497,-0,-0.0406714763647
4.891,-0.860221313076,-0.380852578989,-0,-0.154839836354
4.892,-0.347453079159,-0.153959909082,-0,-0.0625415542486
4.893,1.30261154471,0.577685226557,0,0.234470078048
4.894,-1.37016902273,-0.608156590515,-0,-0.246630424091
4.895,-0.963368492223,-0.427955608289,-0,-0.1734063286
4.896,0.511433218072,0.227384209822,0,0.0920579792529
4.897,0.345968023256,0.153947447175,0,0.062274244186
4.898,0.280029561645,0.124711254189,0,0.050405321096
4.899,-0.225418532108,-0.100474693782,-0,-0.0405753357795
4.9,1.17227387525,0.522951652812,0,0.211009297546
4.901,0.697675082425,0.311495025972,0,0.125581514837
4.902,0.663914299122,0.296671239895,0,0.119504573842
4.903,0.13890253813,0.062121108322,0,0.0250024568634
4.904,1.11148258195,0.497504866327,0,0.200066864751
4.905,-1.40762744948,-0.630591517401,-0,-0.253372940907
4.906,0.102251033085,0.0458452023047,0,0.0184051859552
4.907,-0.598270076561,-0.268466022044,-0,-0.107688613781
4.908,-1.72488490942,-0.774672413903,-0,-0.310479283695
4.909,0.485527411542,0.218241686046,0,0.0873949340776
4.91,0.371767358757,0.167248125472,0,0.0669181245763
4.911,0.039878737293,0.0179555003671,0,0.00717817271273
4.912,0.861542084878,0.388238662712,0,0.155077575278
4.913,1.58706661698,0.715786782001,0,0.285671991057
4.914,-0.2493197855,-0.112541203144,-0,-0.04487756139
4.915,-0.673024719611,-0.30405501781,-0,-0.12114444953
4.916,0.0533345740577,0.0241155070548,0,0.00960022333038
4.917,0.428759766299,0.194029630532,0,0.0771767579338
4.918,0.908852823352,0.411636722938,0,0.163593508203
4.919,-0.00191319846861,-0.00086725567668,-0,-0.00034437572435
4.92,0.393997781353,0.178750609899,0,0.0709196006435
4.921,0.368287581781,0.167227429393,0,0.0662917647207
4.922,0.25536929723,0.116052861971,0,0.0459664735013
4.923,-0.831755453996,-0.378311564746,-0,-0.149715981719
4.924,1.31658525791,0.599335200185,0,0.236985346423
4.925,-0.965464132907,-0.439869479125,-0,-0.173783543923
4.926,-0.265610276688,-0.121115435449,-0,-0.0478098498039
4.927,0.34224051832,0.15618992984,0,0.0616032932976
4.928,0.183258907784,0.0837054489661,0,0.0329866034011
4.929,1.26334435115,0.57753386737,0,0.227401983207
4.93,0.366207438693,0.167552147799,0,0.0659173389648
4.931,1.82173062776,0.834207644977,0,0.327911512997
4.932,-1.58854119884,-0.728040770025,-0,-0.285937415791
4.933,-0.650799640949,-0.29851886193,-0,-0.117143935371
4.934,-0.556666226432,-0.255556330043,-0,-0.100199920758
4.935,-0.54029999207,-0.248252750815,-0,-0.0972539985726
4.936,0.149636199698,0.0688118378489,0,0.0269345159456
4.937,-0.718074142508,-0.330493706973,-0,-0.129253345651
4.938,1.50925900042,0.695224611527,0,0.271666620076
4.939,2.4887642721,1.14739412755,0,0.447977568978
4.94,3.17373231925,1.46442348974,0,0.571271817466
4.941,-0.8631358093,-0.398605324741,-0,-0.155364445674
4.942,0.934357256746,0.431861539624,0,0.168184306214
4.943,-1.33328799707,-0.61676990529,-0,-0.239991839473
4.944,-0.753498954976,-0.348858679662,-0,-0.135629811896
4.945,-0.283411585268,-0.131326443789,-0,-0.0510140853482
4.946,1.04380657004,0.484085806781,0,0.187885182607
4.947,0.495763174755,0.230114697277,0,0.0892373714559
4.948,0.0664791380902,0.0308832697058,0,0.0119662448562
4.949,0.826170974425,0.384127727962,0,0.148710775397
4.95,0.883008862841,0.410902370429,0,0.158941595311
4.951,-1.78190257889,-0.829899356889,-0,-0.320742464201
4.952,0.949367651412,0.442531119399,0,0.170886177254
4.953,-0.645673428449,-0.301224465581,-0,-0.116221217121
4.954,-1.46322891653,-0.683215280423,-0,-0.263381204975
4.955,1.28138779454,0.598816655375,0,0.230649803017
4.956,-0.281572536386,-0.13169570086,-0,-0.0506830565495
4.957,0.45522601996,0.213096551955,0,0.0819406835929
4.958,0.688834089783,0.322724576382,0,0.123990136161
4.959,1.32859905648,0.622987641897,0,0.239147830166
4.96,-0.495459831281,-0.232520928188,-0,-0.0891827696306
4.961,-0.745638172592,-0.350227187556,-0,-0.134214871067
4.962,0.151933621434,0.0714239324753,0,0.0273480518581
4.963,1.06632671121,0.501704874366,0,0.191938808018
4.964,0.776517122393,0.365659827749,0,0.139773082031
4.965,0.176125364361,0.0830073056504,0,0.0317025655849
4.966,-0.44034909604,-0.207711114956,-0,-0.0792628372872
4.967,0.311337194882,0.146981226348,0,0.0560406950787
4.968,0.194609523056,0.0919524260885,0,0.0350297141501
4.969,0.140749179241,0.0665599879087,0,0.0253348522634
4.97,0.828239181022,0.392004820539,0,0.149083052584
4.971,0.562643525571,0.266524567304,0,0.101275834603
4.972,-0.481455185053,-0.228259092496,-0,-0.0866619333095
4.973,0.70789838687,0.335901117366,0,0.127421709637
4.974,0.504758847818,0.239713660698,0,0.0908565926072
4.975,0.775887322345,0.368787189713,0,0.139659718022
4.976,0.0497295260328,0.0236570085681,0,0.00895131468591
4.977,-1.36878363969,-0.651701404129,-0,-0.246381055145
4.978,-1.85979219211,-0.886230356687,-0,-0.334762594579
4.979,0.862494432169,0.411345603259,0,0.15524899779
4.98,0.313692604351,0.149734957049,0,0.0564646687831
4.981,0.282659191572,0.135036260568,0,0.0508786544829
4.982,0.636847862742,0.30450284746,0,0.114632615293
4.983,0.40623139036,0.194400562471,0,0.0731216502648
4.984,1.25008811644,0.598732789348,0,0.225015860958
4.985,0.0534073198424,0.0256012741469,0,0.00961331757164
4.986,-0.466341282691,-0.223734542432,-0,-0.0839414308844
4.987,-0.141603586866,-0.0679941913467,-0,-0.0254886456359
4.988,-1.13107202572,-0.543570903224,-0,-0.203592964629
4.989,0.946425524897,0.455219402986,0,0.170356594482
4.99,1.12880205752,0.543401072286,0,0.203184370354
4.991,-0.940956832272,-0.453357468575,-0,-0.169372229809
4.992,-0.772189300055,-0.372360175921,-0,-0.13899407401
4.993,0.329766697321,0.159152919895,0,0.0593580055178
4.994,-0.340887710077,-0.164659777465,-0,-0.0613597878138
4.995,0.360118012856,0.174096236838,0,0.0648212423141
4.996,1.73017406541,0.837148857868,0,0.311431331773
4.997,-0.47348253084,-0.229290043753,-0,-0.0852268555511
4.998,0.646667153414,0.3134226491,0,0.116400087614
4.999,0.385810789529,0.187151052387,0,0.0694459421152
5,-0.448642264136,-0.217814310216,-0,-0.0807556075446
5.001,0.161349031941,0.0784008733545,0,0.0290428257494
5.002,-1.70148145778,-0.827465809129,-0,-0.306266662401
5.003,0.239390730257,0.116519458097,0,0.0430903314462
5.004,1.19529112353,0.582281642819,0,0.215152402236
5.005,0.638692125005,0.311400446372,0,0.114964582501
5.006,-0.0457386203116,-0.022319218372,-0,-0.00823295165609
5.007,-1.74875408695,-0.85406888784,-0,-0.314775735651
5.008,-0.239898370145,-0.117262643325,-0,-0.0431817066261
5.009,-1.28410387709,-0.628204072544,-0,-0.231138697877
5.01,-1.66847719348,-0.816937922843,-0,-0.300325894826
5.011,0.489654951127,0.239953510219,0,0.0881378912029
5.012,0.172861001422,0.0847817037176,0,0.031114980256
5.013,0.14951705951,0.073394582087,0,0.0269130707117
5.014,1.12858895132,0.554468871794,0,0.203146011238
5.015,0.395019827662,0.194235394413,0,0.0711035689791
5.016,-1.19139533109,-0.586318302785,-0,-0.214451159597
5.017,-0.901633026965,-0.444094535761,-0,-0.162293944854
5.018,2.65583658452,1.30922715853,0,0.478050585214
5.019,-0.190725138005,-0.0940999972899,-0,-0.034330524841
5.02,-1.39716690847,-0.6899187653,-0,-0.251490043524
5.021,-1.54031073907,-0.761247676366,-0,-0.277255933033
5.022,0.0808929523428,0.0400125535627,0,0.0145607314217
5.023,-1.18321937232,-0.58575873654,-0,-0.212979487017
5.024,0.91825162786,0.454970360868,0,0.165285293015
5.025,0.105888173453,0.0525093599154,0,0.0190598712216
5.026,-0.644961260786,-0.320103733284,-0,-0.116093026942
5.027,-0.821675996295,-0.408155378634,-0,-0.147901679333
5.028,-0.186803159284,-0.0928703167927,-0,-0.0336245686711
5.029,0.229307853018,0.114098358251,0,0.0412754135433
5.03,-0.0956426883591,-0.0476299329294,-0,-0.0172156839046
5.031,1.11665040308,0.556561447056,0,0.200997072554
5.032,0.0156808079786,0.00782225547088,0,0.00282254543616
5.033,0.617628290496,0.30836023979,0,0.111173092289
5.034,0.307079279499,0.153443787511,0,0.0552742703098
5.035,-1.03722641236,-0.518728290314,-0,-0.186700754225
5.036,-0.385890591625,-0.193151503684,-0,-0.0694603064924
5.037,-0.644948685426,-0.323092269895,-0,-0.116090763377
5.038,-1.19369601673,-0.598497881917,-0,-0.214865283012
5.039,-2.16320608588,-1.08551093141,-0,-0.389377095458
5.04,0.467156543634,0.234620598195,0,0.0840881778541
5.041,-0.0571925040126,-0.0287481678448,-0,-0.0102946507223
5.042,-0.826152872606,-0.415622260114,-0,-0.148707517069
5.043,-0.688060727062,-0.346443515045,-0,-0.123850930871
5.044,0.520824282294,0.2624606111,0,0.093748370813
5.045,1.75461180663,0.884954954452,0,0.315830125194
5.046,0.113015156297,0.0570484663655,0,0.0203427281334
5.047,-0.257970260548,-0.130329896898,-0,-0.0464346468987
5.048,-0.0801039926078,-0.0405037894614,-0,-0.0144187186694
5.049,2.18823630359,1.1073955025,0,0.393882534646
5.05,-1.47867631085,-0.748942803569,-0,-0.266161735953
5.051,-1.53937971928,-0.780347879579,-0,-0.27708834947
5.052,-0.235528678036,-0.119495954355,-0,-0.0423951620465
5.053,1.62873035952,0.827038007652,0,0.293171464713
5.054,2.23569334488,1.13620144,0,0.402424802079
5.055,-0.360878025092,-0.183556732273,-0,-0.0649580445166
5.056,1.325363157,0.674701237582,0,0.23856536826
5.057,-0.879915466279,-0.448316012125,-0,-0.15838478393
5.058,1.8406815576,0.938617395603,0,0.331322680369
5.059,0.907063524707,0.462928833697,0,0.163271434447
5.06,-1.60082419367,-0.81768627871,-0,-0.28814835486
5.061,0.296506842436,0.151580831052,0,0.0533712316386
5.062,0.0223295558792,0.0114249969396,0,0.00401932005825
5.063,0.440706052818,0.225679138501,0,0.0793270895072
5.064,-0.263170213708,-0.134879353312,-0,-0.0473706384675
5.065,-0.415064174016,-0.212907167118,-0,-0.0747115513229
5.066,0.81544480691,0.418635295891,0,0.146780065244
5.067,-1.51838032006,-0.780167800556,-0,-0.27330845761
5.068,-0.920442745681,-0.473336905342,-0,-0.165679694223
5.069,0.921689003252,0.474377488838,0,0.165904020585
5.07,-1.03135974021,-0.531270698705,-0,-0.185644753238
5.071,0.00393276488205,0.00202754098063,0,0.000707897678769
5.072,-1.21950413494,-0.629246556562,-0,-0.21951074429
5.073,0.182595539439,0.0942960695555,0,0.0328671970991
5.074,-1.72648672951,-0.892344334692,-0,-0.310767611312
5.075,-0.474148437675,-0.245272745285,-0,-0.0853467187816
5.076,0.146444906477,0.0758184537449,0,0.0263600831659
5.077,-0.462371412113,-0.239583691191,-0,-0.0832268541804
5.078,-0.645793647891,-0.334908069865,-0,-0.11624285662
5.079,0.430703046684,0.223550318783,0,0.0775265484032
5.08,1.37055971348,0.711968464122,0,0.246700748427
5.081,0.407821348645,0.212030402105,0,0.0734078427561
5.082,0.0914545226751,0.0475881356947,0,0.0164618140815
5.083,-0.383730433594,-0.199841191139,-0,-0.069071478047
5.084,2.37809083279,1.23951675795,0,0.428056349903
5.085,-0.0923097042936,-0.0481544535749,-0,-0.0166157467729
5.086,1.2265788178,0.64039750542,0,0.220784187203
5.087,-0.942320289288,-0.492399632945,-0,-0.169617652072
5.088,0.118898944716,0.0621816326727,0,0.0214018100488
5.089,0.682614795774,0.357293154303,0,0.122870663239
5.09,-0.984854329541,-0.515924090454,-0,-0.177273779317
5.091,-0.844365809803,-0.442699664206,-0,-0.151985845764
5.092,1.69077104652,0.887213277294,0,0.304338788373
5.093,-0.424088392061,-0.222722567873,-0,-0.076335910571
5.094,2.24097715326,1.17790376519,0,0.403375887587
5.095,-0.0715350375297,-0.0376318581384,-0,-0.0128763067553
5.096,0.357765013794,0.188364529393,0,0.0643977024829
5.097,1.33477437694,0.703353173036,0,0.240259387849
5.098,1.83079712891,0.965539566787,0,0.329543483205
5.099,-0.467063684705,-0.246530210039,-0,-0.0840714632469
5.1,-0.289285783218,-0.152821780703,-0,-0.0520714409792
5.101,0.795354598714,0.420516469455,0,0.143163827769
5.102,1.72517876334,0.912893872593,0,0.310532177402
5.103,-0.942101774342,-0.498939529155,-0,-0.169578319382
5.104,-1.18795255906,-0.62967002185,-0,-0.21383146063
5.105,0.218157900398,0.115730710585,0,0.0392684220717
5.106,1.32603982307,0.704040951379,0,0.238687168153
5.107,0.714969827989,0.379920452337,0,0.128694569038
5.108,-0.964915168384,-0.513165700826,-0,-0.173684730309
5.109,0.0511166752514,0.0272078696661,0,0.00920100154526
5.11,0.823503920689,0.438693284911,0,0.148230705724
5.111,0.171818457406,0.0916069511507,0,0.0309273223331
5.112,-0.780415917501,-0.416435699243,-0,-0.14047486515
5.113,-1.89932194165,-1.01434002111,-0,-0.341877949496
5.114,-0.0951728379941,-0.0508699204364,-0,-0.0171311108389
5.115,-1.16419353661,-0.622782220548,-0,-0.209554836589
5.116,-0.146311183887,-0.0783342066964,-0,-0.0263360130996
5.117,1.27540871363,0.683417550921,0,0.229573568454
5.118,0.0237690736332,0.012747110361,0,0.00427843325398
5.119,0.256004141773,0.13740708982,0,0.0460807455191
5.12,-0.940705332171,-0.505333784126,-0,-0.169326959791
5.121,-0.848871371564,-0.45638263451,-0,-0.152796846881
5.122,-0.102494832356,-0.0551507732505,-0,-0.0184490698241
5.123,0.0732124016346,0.0394272620163,0,0.0131782322942
5.124,-0.0519073799523,-0.0279771401615,-0,-0.00934332839141
5.125,0.939572077431,0.506834853619,0,0.169122973938
5.126,0.453423072062,0.244794728314,0,0.0816161529712
5.127,-1.39213802288,-0.75221628412,-0,-0.250584844119
5.128,0.522312611552,0.282457331186,0,0.0940162700794
5.129,0.566171738134,0.306430748986,0,0.101910912864
5.13,-0.789444402909,-0.427629281887,-0,-0.142099992524
5.131,-0.0800708936057,-0.0434092421095,-0,-0.014412760849
5.132,-0.25205478641,-0.136761555342,-0,-0.0453698615538
5.133,-0.0682298457017,-0.0370514268303,-0,-0.0122813722263
5.134,0.0451843681058,0.0245572729648,0,0.00813318625904
5.135,-0.414392018988,-0.225405544197,-0,-0.0745905634178
5.136,0.657176573397,0.357763871897,0,0.118291783211
5.137,-0.42595535337,-0.232081004582,-0,-0.0766719636067
5.138,1.37183758496,0.748064813756,0,0.246930765293
5.139,1.47883640145,0.807081860372,0,0.266190552262
5.14,-1.39562237203,-0.762300507368,-0,-0.251212026965
5.141,1.36476487001,0.746065333466,0,0.245657676601
5.142,-0.609377580199,-0.3334004212,-0,-0.109687964436
5.143,0.315407878106,0.17270812214,0,0.056773418059
5.144,0.777997689454,0.426362491921,0,0.140039584102
5.145,-1.12802887228,-0.618701637154,-0,-0.203045197011
5.146,2.16812692999,1.19016184521,0,0.390262847397
5.147,1.02960997766,0.565658394867,0,0.185329795979
5.148,0.280874306299,0.154437792766,0,0.0505573751338
5.149,0.328799208674,0.180939055745,0,0.0591838575614
5.15,0.661053727293,0.364081154957,0,0.118989670913
5.151,-0.791225771844,-0.436135718015,-0,-0.142420638932
5.152,-1.72772594557,-0.953137983551,-0,-0.310990670203
5.153,0.219678077037,0.121290624769,0,0.0395420538666
5.154,-0.438064157559,-0.242068193909,-0,-0.0788515483606
5.155,1.79102202848,0.990513347339,0,0.322383965127
5.156,0.752964819304,0.41676705944,0,0.135533667475
5.157,1.76641656456,0.978522970837,0,0.31795498162
5.158,1.05954106419,0.587428191651,0,0.190717391554
5.159,1.34569768134,0.746695425725,0,0.242225582641
5.16,-0.420766279959,-0.233666152938,-0,-0.0757379303926
5.161,-1.14996299303,-0.639142263238,-0,-0.206993338746
5.162,-0.722660458883,-0.401982043375,-0,-0.130078882599
5.163,0.50206485532,0.279505764635,0,0.0903716739575
5.164,-0.55636764643,-0.309992579837,-0,-0.100146176357
5.165,-1.23292796129,-0.687520279922,-0,-0.221927033033
5.166,-0.0382771292111,-0.0213621738616,-0,-0.00688988325801
5.167,-1.44753396168,-0.808524194728,-0,-0.260556113103
5.168,-0.454821137242,-0.254251172896,-0,-0.0818678047036
5.169,-0.765312091119,-0.428172589385,-0,-0.137756176401
5.17,-0.257909949503,-0.144412982857,-0,-0.0464237909106
5.171,0.833759107523,0.46723619897,0,0.150076639354
5.172,0.0353330741412,0.0198168653552,0,0.00635995334541
5.173,-0.878942984749,-0.493368904249,-0,-0.158209737255
5.174,-0.356330047988,-0.200180119281,-0,-0.0641394086379
5.175,0.255672413671,0.143750607519,0,0.0460210344608
5.176,0.0422624996487,0.0237814433361,0,0.00760724993676
5.177,-0.701645726278,-0.395146387638,-0,-0.12629623073
5.178,1.60109087984,0.902429136889,0,0.288196358372
5.179,-0.636015829477,-0.358774802373,-0,-0.114482849306
5.18,-0.541279393813,-0.305585171976,-0,-0.0974302908864
5.181,-0.713954994936,-0.403402218663,-0,-0.128511899089
5.182,-0.396563476547,-0.224252199624,-0,-0.0713814257784
5.183,0.933766025557,0.528467772132,0,0.1680778846
5.184,-0.294012116628,-0.166533648517,-0,-0.052922180993
5.185,-2.15693928902,-1.22273095317,-0,-0.388249072023
5.186,0.127295815509,0.072220953353,0,0.0229132467916
5.187,-0.691710777226,-0.392762144629,-0,-0.124507939901
5.188,0.859857289617,0.488638110036,0,0.154774312131
5.189,0.179071324631,0.10184571657,0,0.0322328384336
5.19,-0.926896886099,-0.527598794529,-0,-0.166841439498
5.191,0.841734590531,0.479515975652,0,0.151512226296
5.192,0.406123903225,0.231548449574,0,0.0731023025805
5.193,-0.136908506054,-0.0781212279998,-0,-0.0246435310898
5.194,1.19332038435,0.681476489325,0,0.214797669183
5.195,-0.407732669023,-0.233036742039,-0,-0.0733918804242
5.196,-1.33245285766,-0.762176751692,-0,-0.239841514378
5.197,-0.164326871952,-0.0940734932759,-0,-0.0295788369513
5.198,1.51801057495,0.869737509023,0,0.27324190349
5.199,0.580649022915,0.332952059163,0,0.104516824125
5.2,-0.163360676885,-0.0937497274554,-0,-0.0294049218393
5.201,-0.391469456325,-0.224840601022,-0,-0.0704645021385
5.202,-0.815143802781,-0.468560130572,-0,-0.146725884501
5.203,-0.668201368595,-0.384408151324,-0,-0.120276246347
5.204,-1.56986724725,-0.903862071702,-0,-0.282576104505
5.205,-0.0283211053042,-0.0163193673688,-0,-0.00509779895476
5.206,0.546940828354,0.315418549139,0,0.0984493491037
5.207,-1.26543286977,-0.730364475405,-0,-0.227777916559
5.208,0.164671676866,0.0951202451341,0,0.0296409018359
5.209,-0.36782383282,-0.212641153402,-0,-0.0662082899076
5.21,0.16149439558,0.0934368497705,0,0.0290689912045
5.211,-0.763051535003,-0.441842775809,-0,-0.137349276301
5.212,0.659555537555,0.382224298344,0,0.11871999676
5.213,-1.31057442648,-0.760118879907,-0,-0.235903396766
5.214,1.19339344273,0.692717665851,0,0.214810819691
5.215,0.635324261875,0.369080175055,0,0.114358367138
5.216,-0.227120691961,-0.132048817592,-0,-0.040881724553
5.217,-1.17260375584,-0.68230963915,-0,-0.211068676051
5.218,-0.731106480701,-0.425758322226,-0,-0.131599166526
5.219,-0.613131510549,-0.35734549315,-0,-0.110363671899
5.22,0.364490248074,0.21260458226,0,0.0656082446534
5.221,1.00826277525,0.588589281143,0,0.181487299545
5.222,2.40040420756,1.40240927682,0,0.432072757361
5.223,0.957756740876,0.560011915678,0,0.172396213358
5.224,0.294037510897,0.172066495922,0,0.0529267519615
5.225,-1.42449505886,-0.834268646762,-0,-0.256409110596
5.226,-0.0633108003463,-0.0371085554803,-0,-0.0113959440623
5.227,2.21469176188,1.29915412543,0,0.398644517138
5.228,-0.774120315382,-0.454471719721,-0,-0.139341656769
5.229,1.24048268546,0.728853071689,0,0.223286883383
5.23,-0.204969601769,-0.120528427905,-0,-0.0368945283184
5.231,-0.110000304068,-0.0647358035402,-0,-0.0198000547322
5.232,0.439545844758,0.258884070531,0,0.0791182520565
5.233,-0.438559373446,-0.258511524558,-0,-0.0789406872203
5.234,-0.0648503325904,-0.0382572676302,-0,-0.0116730598663
5.235,-0.937848340907,-0.553712661409,-0,-0.168812701363
5.236,-0.272904474426,-0.161254730121,-0,-0.0491228053967
5.237,0.667070134195,0.394478318068,0,0.120072624155
5.238,0.345250837071,0.204331857321,0,0.0621451506727
5.239,0.358261180199,0.212202581677,0,0.0644870124359
5.24,-0.283123989119,-0.167832867587,-0,-0.0509623180415
5.241,0.713566712274,0.423335052433,0,0.128442008209
5.242,-0.0140562847128,-0.00834582666268,-0,-0.00253013124831
5.243,-1.39174112533,-0.827001521946,-0,-0.250513402559
5.244,-0.986986364738,-0.58695917993,-0,-0.177657545653
5.245,0.599810829924,0.356993092033,0,0.107965949386
5.246,1.07574497912,0.640771909821,0,0.193634096241
5.247,0.998966595976,0.595516220596,0,0.179813987276
5.248,-1.09709057847,-0.654535897553,-0,-0.197476304125
5.249,-0.716865470292,-0.428032618331,-0,-0.129035784653
5.25,-0.768856125952,-0.459443768181,-0,-0.138394102671
5.251,-1.75047141204,-1.04686397221,-0,-0.315084854167
5.252,-1.02910435635,-0.615945739711,-0,-0.185238784142
5.253,0.911115772536,0.545763231769,0,0.164000839057
5.254,0.513595789759,0.307892915069,0,0.0924472421567
5.255,0.619669804061,0.371779952479,0,0.111540564731
5.256,-0.763283136414,-0.458309178995,-0,-0.137390964555
5.257,0.815583007724,0.490103915246,0,0.14680494139
5.258,0.865720995286,0.52064886825,0,0.155829779151
5.259,0.141233518874,0.0850063941034,0,0.0254220333974
5.26,0.517585510824,0.311775956443,0,0.0931653919484
5.261,1.36732749869,0.824289206438,0,0.246118949764
5.262,0.00970847064458,0.00585739215161,0,0.00174752471602
5.263,-0.600976972523,-0.362875446998,-0,-0.108175855054
5.264,-1.24271236822,-0.750959480699,-0,-0.22368822628
5.265,0.562932861765,0.340446187722,0,0.101327915118
5.266,-0.423102526114,-0.256084527559,-0,-0.0761584547004
5.267,1.21513907778,0.736053554033,0,0.218725034001
5.268,0.131805089282,0.0799026473123,0,0.0237249160707
5.269,-1.3643571693,-0.827756282207,-0,-0.245584290474
5.27,2.64169834391,1.60399462274,0,0.475505701905
5.271,0.330182136066,0.200640401901,0,0.0594327844919
5.272,0.50115194598,0.304774919679,0,0.0902073502765
5.273,-0.0605128689166,-0.0368300570462,-0,-0.010892316405
5.274,-1.20159535171,-0.731909841628,-0,-0.216287163308
5.275,1.63567758118,0.997106626941,0,0.294421964612
5.276,0.9016171691,0.550060530654,0,0.162291090438
5.277,-1.10118726775,-0.672347438729,-0,-0.198213708195
5.278,-0.928807988665,-0.567548046129,-0,-0.16718543796
5.279,0.283320478298,0.173260126898,0,0.0509976860937
5.28,0.550782746089,0.337089180605,0,0.0991408942961
5.281,1.75825229424,1.07693466581,0,0.316485412964
5.282,1.73358928121,1.06266874572,0,0.312046070619
5.283,-0.141394655821,-0.0867417286413,-0,-0.0254510380477
5.284,0.656064890747,0.40279596388,0,0.118091680334
5.285,-0.744581803569,-0.457502865764,-0,-0.134024724642
5.286,-1.00349558445,-0.617077633078,-0,-0.1806292052
5.287,-2.28000433793,-1.40314580666,-0,-0.410400780828
5.288,-1.76870963391,-1.08934717641,-0,-0.318367734103
5.289,-1.55469216064,-0.958289371554,-0,-0.279844588915
5.29,0.550731376517,0.339730411502,0,0.099131647773
5.291,-1.27105795621,-0.784697287221,-0,-0.228790432119
5.292,2.03959916093,1.26015412338,0,0.367127848967
5.293,-1.88737753693,-1.1670232654,-0,-0.339727956648
5.294,1.81089591169,1.12061378804,0,0.325961264105
5.295,0.286641185968,0.177518106048,0,0.0515954134743
5.296,0.112457834705,0.0697003918741,0,0.0202424102469
5.297,-1.00965199602,-0.626265514899,-0,-0.181737359284
5.298,0.418340592228,0.259691617953,0,0.0753013066011
5.299,1.71318847025,1.06432448038,0,0.308373924645
5.3,0.219969619978,0.1367642045,0,0.0395945315961
5.301,0.388301289591,0.241612417084,0,0.0698942321265
5.302,0.417102025389,0.259736653545,0,0.07507836457
5.303,0.259132650467,0.161492906436,0,0.0466438770841
5.304,-1.26167209135,-0.786897250718,-0,-0.227100976443
5.305,-0.49036063576,-0.306074532649,-0,-0.0882649144369
5.306,-0.821588765636,-0.513222865973,-0,-0.147885977814
5.307,-0.235293444676,-0.147096076407,-0,-0.0423528200417
5.308,0.35130877481,0.21979603767,0,0.0632355794658
5.309,0.939874479866,0.588491459622,0,0.169177406376
5.31,0.891540797408,0.55866417031,0,0.160477343533
5.311,-0.14500725931,-0.0909365505858,-0,-0.0261013066758
5.312,-0.528448542158,-0.331657952451,-0,-0.0951207375884
5.313,0.6774878775,0.425527921898,0,0.12194781795
5.314,0.881301205815,0.553974232583,0,0.158634217047
5.315,0.180718493224,0.113685822137,0,0.0325293287803
5.316,-1.21297628989,-0.763650032196,-0,-0.218335732181
5.317,0.0730360610726,0.0460169257332,0,0.0131464909931
5.318,-0.992714086849,-0.625954089112,-0,-0.178688535633
5.319,0.998046406727,0.629806171301,0,0.179648353211
5.32,-1.23994416406,-0.783061780606,-0,-0.223189949531
5.321,3.01393239868,1.90486836662,0,0.542507831763
5.322,0.181185887366,0.114602274042,0,0.0326134597258
5.323,0.649674693583,0.411246358051,0,0.116941444845
5.324,1.09244430496,0.692058021976,0,0.196639974893
5.325,0.126613888656,0.0802715183161,0,0.022790499958
5.326,0.21778168048,0.138177790351,0,0.0392007024865
5.327,0.0482001861923,0.0306056934021,0,0.00867603351461
5.328,-2.07979897865,-1.32163434656,-0,-0.374363816158
5.329,-0.401322872301,-0.255223203734,-0,-0.0722381170142
5.33,1.09208681274,0.69505558025,0,0.196575626293
5.331,-1.02197676389,-0.650937601963,-0,-0.183955817501
5.332,0.161367387964,0.102860803524,0,0.0290461298335
5.333,0.350897731514,0.223846520458,0,0.0631615916725
5.334,-0.0506441404312,-0.0323321417383,-0,-0.00911594527762
5.335,0.520640528786,0.332643132913,0,0.0937152951815
5.336,1.01693368378,0.650232062934,0,0.18304806308
5.337,-0.161667958091,-0.103451000901,-0,-0.0291002324563
5.338,0.547048722288,0.350325366308,0,0.0984687700118
5.339,-0.957439284614,-0.613608673507,-0,-0.172339071231
5.34,0.309467246584,0.19848580115,0,0.0557041043851
5.341,-0.138115997527,-0.0886529275102,-0,-0.0248608795548
5.342,-0.554692434493,-0.356316160009,-0,-0.0998446382087
5.343,0.524427702213,0.33713428249,0,0.0943969863983
5.344,0.520602047899,0.334932288114,0,0.0937083686219
5.345,-1.48777441771,-0.957903848555,-0,-0.267799395188
5.346,0.301729450699,0.194417814139,0,0.0543113011257
5.347,-0.27396106867,-0.176660950631,-0,-0.0493129923605
5.348,2.20617885766,1.42372339713,0,0.397112194378
5.349,0.794784274291,0.513295192138,0,0.143061169372
5.35,0.72821782347,0.470665208522,0,0.131079208225
5.351,-0.250353482247,-0.161933657166,-0,-0.0450636268044
5.352,0.360715151503,0.233496514429,0,0.0649287272705
5.353,-0.637758832556,-0.413147245976,-0,-0.11479658986
5.354,0.382506346479,0.247981465238,0,0.0688511423663
5.355,0.537268597118,0.348581282335,0,0.0967083474813
5.356,-0.499125153672,-0.32408126505,-0,-0.0898425276609
5.357,0.462691220372,0.300654302028,0,0.0832844196669
5.358,-1.67065199267,-1.08640982469,-0,-0.300717358681
5.359,0.539337344869,0.350993879953,0,0.0970807220765
5.36,1.63444236374,1.06448575361,0,0.294199625474
5.361,-0.296348050859,-0.193153837897,-0,-0.0533426491546
5.362,0.226917176613,0.148012874553,0,0.0408450917903
5.363,1.05828384141,0.690820112936,0,0.190491091454
5.364,-2.13554010809,-1.39508624979,-0,-0.384397219457
5.365,-0.183105539433,-0.119708546398,-0,-0.032958997098
5.366,-1.2875755202,-0.842415917583,-0,-0.231763593635
5.367,2.13557732093,1.39829615262,0,0.384403917768
5.368,1.12782006851,0.73901545397,0,0.203007612331
5.369,-1.17164145655,-0.768312858502,-0,-0.210895462179
5.37,-0.145804832021,-0.0956852041122,-0,-0.0262448697638
5.371,-1.23460752728,-0.810832447793,-0,-0.22222935491
5.372,0.757160054283,0.497644319507,0,0.136288809771
5.373,0.864930731542,0.568907517459,0,0.155687531678
5.374,0.811216373132,0.533981078063,0,0.146018947164
5.375,-1.34840899482,-0.888258650221,-0,-0.242713619067
5.376,1.1758771377,0.775190111275,0,0.211657884786
5.377,-1.90547782612,-1.25712504217,-0,-0.342986008702
5.378,1.52934325183,1.00973562353,0,0.275281785329
5.379,-0.861327084127,-0.569113342759,-0,-0.155038875143
5.38,-1.70433088654,-1.12697001937,-0,-0.306779559577
5.381,0.256418703691,0.16968199435,0,0.0461553666644
5.382,-0.288470130443,-0.191035618674,-0,-0.0519246234798
5.383,0.245311481003,0.162576825104,0,0.0441560665805
5.384,0.864780034907,0.573552940147,0,0.155660406283
5.385,-1.35030401968,-0.896244151984,-0,-0.243054723543
5.386,1.43880883475,0.955706665716,0,0.258985590254
5.387,0.488297687637,0.324588222541,0,0.0878935837747
5.388,2.49718360547,1.66121162549,0,0.449493048985
5.389,-0.648553755569,-0.431764257463,-0,-0.116739676002
5.39,-0.308151561981,-0.205301030865,-0,-0.0554672811565
5.391,-0.582374301485,-0.388288771666,-0,-0.104827374267
5.392,-0.839986617554,-0.56046783589,-0,-0.15119759116
5.393,0.302068724942,0.20170172496,0,0.0543723704896
5.394,-0.397016751824,-0.2653004759,-0,-0.0714630153283
5.395,0.0334912858478,0.0223968112856,0,0.0060284314526
5.396,0.0496400805322,0.0332209342656,0,0.0089352144958
5.397,0.853975256798,0.571938683988,0,0.153715546224
5.398,1.62066471581,1.08623052899,0,0.291719648845
5.399,0.0766347387433,0.051401876742,0,0.0137942529738
5.4,1.07356754858,0.720621077071,0,0.193242158745
5.401,-1.52151034657,-1.02206051037,-0,-0.273871862382
5.402,-0.788162110004,-0.529835664103,-0,-0.141869179801
5.403,-1.30054571715,-0.874933444293,-0,-0.234098229087
5.404,-0.604579142161,-0.407029734275,-0,-0.108824245589
5.405,0.226555199893,0.152640723244,0,0.0407799359807
5.406,0.219711468967,0.1481399981,0,0.039548064414
5.407,-0.258830033222,-0.174645469276,-0,-0.0465894059799
5.408,0.621915804352,0.419949548796,0,0.111944844783
5.409,-0.303704557455,-0.20522937683,-0,-0.0546668203419
5.41,0.592441436846,0.400641706537,0,0.106639458632
5.411,-0.996935425133,-0.674683506499,-0,-0.179448376524
5.412,0.255694330001,0.173171459801,0,0.0460249794001
5.413,-0.545949523018,-0.370023824311,-0,-0.0982709141432
5.414,0.763161006778,0.517624907169,0,0.13736898122
5.415,-0.796034078722,-0.540321527701,-0,-0.14328613417
5.416,-0.64226500679,-0.436270963243,-0,-0.115607701222
5.417,-0.130444428201,-0.0886724767747,-0,-0.0234799970761
5.418,0.227956201949,0.155072859698,0,0.0410321163509
5.419,-1.21268631812,-0.825569725037,-0,-0.218283537262
5.42,-0.54746609608,-0.372978008954,-0,-0.0985438972943
5.421,0.0945842261424,0.0644859716816,0,0.0170251607056
5.422,-0.387450390474,-0.264352237928,-0,-0.0697410702853
5.423,0.482622362865,0.329529655368,0,0.0868720253158
5.424,0.340232173008,0.232478307088,0,0.0612417911414
5.425,0.377018416932,0.25780387004,0,0.0678633150477
5.426,2.17610356749,1.4891075234,0,0.391698642148
5.427,-1.47384058459,-1.0092911296,-0,-0.265291305226
5.428,-0.680446387748,-0.466314719136,-0,-0.122480349795
5.429,0.381751358964,0.261809189962,0,0.0687152446135
5.43,-0.340283897882,-0.233541785336,-0,-0.0612511016188
5.431,-0.438749288344,-0.301341080582,-0,-0.078974871902
5.432,0.914967897915,0.628877866241,0,0.164694221625
5.433,-0.622179987846,-0.427951787457,-0,-0.111992397812
5.434,-0.919920470413,-0.633209264399,-0,-0.165585684674
5.435,0.238792628162,0.164488628792,0,0.0429826730692
5.436,-0.808216651326,-0.557135154537,-0,-0.145478997239
5.437,1.04508732124,0.720946385194,0,0.188115717824
5.438,-0.771924987976,-0.532896571625,-0,-0.138946497836
5.439,-0.862797043426,-0.596065145875,-0,-0.155303467817
5.44,-0.0358851150467,-0.0248094131484,-0,-0.0064593207084
5.441,-1.07143154892,-0.741282015235,-0,-0.192857678806
5.442,0.278419083902,0.192767907774,0,0.0501154351024
5.443,0.518753810848,0.359429359905,0,0.0933756859527
5.444,0.776078287841,0.538113780276,0,0.139694091811
5.445,-1.46642738344,-1.01752546844,-0,-0.263956929019
5.446,-0.512921156827,-0.356165050093,-0,-0.0923258082289
5.447,1.66894262515,1.15973261268,0,0.300409672527
5.448,0.716720290937,0.498404269004,0,0.129009652369
5.449,0.378385367418,0.263318754301,0,0.0681093661352
5.45,-0.0628942567573,-0.0437999552532,-0,-0.0113209662163
5.451,0.484586790514,0.337714168998,0,0.0872256222926
5.452,-0.447044350321,-0.31177635005,-0,-0.0804679830578
5.453,0.159002118993,0.110971161262,0,0.0286203814188
5.454,-0.757699721027,-0.529198763088,-0,-0.136385949785
5.455,0.596106641318,0.416639020334,0,0.107299195437
5.456,0.0811268998357,0.0567433487493,0,0.0146028419704
5.457,-0.00757081123548,-0.00529915245742,-0,-0.00136274602239
5.458,0.976161344827,0.683753133546,0,0.175709042069
5.459,-0.549886346095,-0.385446582882,-0,-0.0989795422972
5.46,-0.128703411883,-0.0902806498458,-0,-0.023166614139
5.461,1.84142529475,1.29262302079,0,0.331456553055
5.462,-1.23000204965,-0.86404546329,-0,-0.221400368937
5.463,-0.197574266204,-0.138890942955,-0,-0.0355633679168
5.464,-1.12792858616,-0.7934832327,-0,-0.203027145508
5.465,-1.02271364799,-0.719983619137,-0,-0.184088456638
5.466,0.0125827317122,0.00886453024151,0,0.00226489170819
5.467,-0.38820397123,-0.273686137087,-0,-0.0698767148213
5.468,-0.13416825824,-0.0946573748744,-0,-0.0241502864832
5.469,0.392306232747,0.276975619005,0,0.0706151218944
5.47,-0.387626184374,-0.273867760426,-0,-0.0697727131873
5.471,-0.987825619622,-0.698424348121,-0,-0.177808611532
5.472,0.959309597487,0.67874863187,0,0.172675727548
5.473,-0.0158292566113,-0.0112078316841,-0,-0.00284926619003
5.474,-0.455676438894,-0.322870500999,-0,-0.0820217590009
5.475,0.786022037034,0.557335927435,0,0.141483966666
5.476,0.826179227758,0.586228492972,0,0.148712260997
5.477,-0.883089015986,-0.627057372513,-0,-0.158956022878
5.478,0.258461953354,0.183657797337,0,0.0465231516037
5.479,-0.48134314187,-0.342276672355,-0,-0.0866417655365
5.48,-0.735014761584,-0.523031863307,-0,-0.132302657085
5.481,-1.90276417455,-1.3549598743,-0,-0.342497551419
5.482,1.91326243458,1.3634060122,0,0.344387238225
5.483,0.588414945181,0.419607610139,0,0.105914690133
5.484,0.387961137478,0.276857756475,0,0.069833004746
5.485,0.0697238230798,0.0497918522645,0,0.0125502881544
5.486,-0.0933691441378,-0.0667250481267,-0,-0.0168064459448
5.487,-1.16472554514,-0.832946973818,-0,-0.209650598126
5.488,-0.262601331533,-0.187931128897,-0,-0.047268239676
5.489,-0.85312159798,-0.610970988424,-0,-0.153561887636
5.49,0.738061350665,0.528944099009,0,0.13285104312
5.491,0.478829397071,0.343404188062,0,0.0861892914727
5.492,0.213881653649,0.153499014727,0,0.0384986976568
5.493,-1.47233978929,-1.05741920188,-0,-0.265021162073
5.494,-0.775376486879,-0.557261016859,-0,-0.139567767638
5.495,0.00585671112866,0.0042121762953,0,0.00105420800316
5.496,0.127100263968,0.0914756903348,0,0.0228780475143
5.497,-1.33663814117,-0.962674364869,-0,-0.240594865411
5.498,0.547451171016,0.39456364592,0,0.0985412107829
5.499,0.362558215729,0.261490164412,0,0.0652604788312
5.5,-0.808243912998,-0.583345409907,-0,-0.14548390434
5.501,-1.09092130805,-0.787920334309,-0,-0.19636583545
5.502,-1.09887224932,-0.794221132298,-0,-0.197797004877
5.503,-0.639930693574,-0.462841538232,-0,-0.115187524843
5.504,-0.838113123505,-0.606606401569,-0,-0.150860362231
5.505,0.807369082988,0.58476481016,0,0.145326434938
5.506,-0.472867723511,-0.342730977506,-0,-0.085116190232
5.507,0.162820463804,0.118093788344,0,0.0293076834846
5.508,0.177120248984,0.12855544196,0,0.0318816448171
5.509,-1.32546816001,-0.962710129998,-0,-0.238584268801
5.51,-1.29600564974,-0.941969698253,-0,-0.233281016953
5.511,-1.02510702111,-0.745594759298,-0,-0.184519263801
5.512,-0.559899871963,-0.40751857885,-0,-0.100781976953
5.513,-0.230264632556,-0.167713295973,-0,-0.0414476338601
5.514,-0.334474239722,-0.243784420494,-0,-0.0602053631499
5.515,0.625776200323,0.456420492808,0,0.112639716058
5.516,0.922531547061,0.673333071337,0,0.166055678471
5.517,0.863842054568,0.63093626842,0,0.155491569822
5.518,2.00997205437,1.46907309127,0,0.361794969787
5.519,-0.233665132483,-0.170902862,-0,-0.042059723847
5.52,-0.819887077176,-0.60008297902,-0,-0.147579673892
5.521,0.362242344505,0.265312755819,0,0.0652036220109
5.522,0.500991119564,0.367189618374,0,0.0901784015215
5.523,-0.542999452076,-0.398254794298,-0,-0.0977399013737
5.524,0.519536869306,0.381310753586,0,0.0935166364751
5.525,-0.239413935626,-0.175838094456,-0,-0.0430945084127
5.526,0.0570839227204,0.0419544486702,0,0.0102751060897
5.527,3.50869576855,2.58053878775,0,0.63156523834
5.528,-0.186814883689,-0.137491681903,-0,-0.033626679064
5.529,-0.238120803023,-0.175372852075,-0,-0.0428617445441
5.53,-0.162907379898,-0.120062024987,-0,-0.0293233283816
5.531,-0.454969556546,-0.33554202744,-0,-0.0818945201782
5.532,-0.341254270641,-0.251850122319,-0,-0.0614257687153
5.533,1.14124913178,0.842837437721,0,0.20542484372
5.534,1.16469034843,0.86074185953,0,0.209644262718
5.535,0.953933269542,0.705471274786,0,0.171707988518
5.536,-1.13999949567,-0.84365462703,-0,-0.20519990922
5.537,0.591643270671,0.438145604433,0,0.106495788721
5.538,-0.531929061378,-0.394194487284,-0,-0.095747231048
5.539,-0.392197748694,-0.290843943837,-0,-0.070595594765
5.54,-0.661290009094,-0.490732467217,-0,-0.119032201637
5.541,-0.705480440128,-0.523884454883,-0,-0.126986479223
5.542,-0.864618615506,-0.642499245531,-0,-0.155631350791
5.543,-0.550483698719,-0.409345301717,-0,-0.0990870657695
5.544,-2.42922845406,-1.80763530542,-0,-0.437261121731
5.545,0.92946564835,0.69210615067,0,0.167303816703
5.546,-0.194672779513,-0.145057873238,-0,-0.0350411003123
5.547,0.403612595466,0.300952044921,0,0.0726502671838
5.548,-1.11349380544,-0.830838677979,-0,-0.200428884978
5.549,0.76583475111,0.571820977582,0,0.1378502552
5.55,1.98034626529,1.47966043866,0,0.356462327752
5.551,1.12480532463,0.840996149066,0,0.202464958434
5.552,0.131993128751,0.0987559980683,0,0.0237587631752
5.553,-1.34637708838,-1.00803169462,-0,-0.242347875909
5.554,-0.711957102271,-0.533404183835,-0,-0.128152278409
5.555,0.622884985846,0.466987622816,0,0.112119297452
5.556,-0.126572565733,-0.0949580543382,-0,-0.0227830618319
5.557,0.883900772066,0.663575363105,0,0.159102138972
5.558,-0.916020652202,-0.688155082146,-0,-0.164883717396
5.559,0.464256759856,0.349006413973,0,0.0835662167741
5.56,0.979807457132,0.737071855771,0,0.176365342284
5.561,1.49331000383,1.1241202666,0,0.26879580069
5.562,-0.328589503027,-0.24751983305,-0,-0.0591461105449
5.563,-1.67638185297,-1.26363772444,-0,-0.301748733535
5.564,0.429690163159,0.324114273174,0,0.0773442293686
5.565,-0.40235055271,-0.303696830715,-0,-0.0724230994879
5.566,-1.39414758593,-1.05302121284,-0,-0.250946565467
5.567,1.19493767118,0.903162988792,0,0.215088780813
5.568,0.0641707491258,0.0485344707084,0,0.0115507348426
5.569,0.656710020462,0.497025807488,0,0.118207803683
5.57,-0.0399841665867,-0.030282048542,-0,-0.00719714998561
5.571,-1.09484607887,-0.829739901662,-0,-0.197072294196
5.572,-1.48510757897,-1.12625913426,-0,-0.267319364214
5.573,0.167768559881,0.127315796188,0,0.0301983407786
5.574,-1.07837193975,-0.818900983108,-0,-0.194106949155
5.575,1.51016903441,1.14757022949,0,0.271830426193
5.576,-0.229571982394,-0.174567460072,-0,-0.041322956831
5.577,1.16503224138,0.88648797163,0,0.209705803448
5.578,0.244796837445,0.186393600673,0,0.0440634307402
5.579,0.590535330119,0.449946803076,0,0.106296359421
5.58,-1.08533044913,-0.827498394956,-0,-0.195359480843
5.581,-0.149906610077,-0.114370927012,-0,-0.0269831898139
5.582,-0.181370997875,-0.138468881132,-0,-0.0326467796175
5.583,1.95452358449,1.49318815415,0,0.351814245209
5.584,2.23216964871,1.70643557547,0,0.401790536767
5.585,0.565898880563,0.432902812517,0,0.101861798501
5.586,0.0202000134378,0.0154629340131,0,0.00363600241881
5.587,0.306895219262,0.235081707243,0,0.0552411394671
5.588,0.354724624685,0.271899442038,0,0.0638504324433
5.589,-0.0388013324993,-0.0297612851633,-0,-0.00698423984987
5.59,-0.109231278802,-0.0838378086499,-0,-0.0196616301843
5.591,0.570067095482,0.437831022271,0,0.102612077187
5.592,0.19651944577,0.151033587739,0,0.0353735002386
5.593,-0.890633336148,-0.684942640741,-0,-0.160314000507
5.594,2.26377759798,1.74211195218,0,0.407479967636
5.595,-1.01578478254,-0.782223477033,-0,-0.182841260858
5.596,0.14379237942,0.110803033918,0,0.0258826282956
5.597,0.782478522124,0.603357396746,0,0.140846133982
5.598,-1.03314707217,-0.797169354472,-0,-0.185966472991
5.599,0.987264830961,0.762268788811,0,0.177707669573
5.6,0.510086325006,0.39409776658,0,0.091815538501
5.601,-0.287291412522,-0.222110226566,-0,-0.051712454254
5.602,-0.0983794551028,-0.076108951051,-0,-0.0177083019185
5.603,-1.93323645053,-1.49658541136,-0,-0.347982561095
5.604,-0.737174489429,-0.571046973741,-0,-0.132691408097
5.605,-2.83798202875,-2.1998647328,-0,-0.510836765175
5.606,-0.687104195755,-0.532958670461,-0,-0.123678755236
5.607,0.305807590046,0.237357840434,0,0.0550453662083
5.608,-0.676360507352,-0.525312516085,-0,-0.121744891323
5.609,-0.151218018514,-0.117524126166,-0,-0.0272192433326
5.61,0.546188979761,0.424766440005,0,0.098314016357
5.611,-0.481273314278,-0.374526554588,-0,-0.0866291965701
5.612,-0.610959027422,-0.475758203388,-0,-0.109972624936
5.613,2.21050624349,1.72245984131,0,0.397891123828
5.614,-0.882260987874,-0.687919135276,-0,-0.158806977817
5.615,0.594681089293,0.463988473493,0,0.107042596073
5.616,-1.38212557859,-1.07907867982,-0,-0.248782604146
5.617,2.29877399404,1.7959085632,0,0.413779318926
5.618,-0.516272430949,-0.403598006945,-0,-0.0929290375708
5.619,-0.738359861261,-0.577590558182,-0,-0.132904775027
5.62,1.50788169109,1.18032333971,0,0.271418704396
5.621,-0.330217331011,-0.258651561863,-0,-0.059439119582
5.622,0.804485582662,0.630543157524,0,0.144807404879
5.623,0.112771118493,0.088445459606,0,0.0202988013287
5.624,-1.40900097575,-1.10578284065,-0,-0.253620175635
5.625,-0.718316933175,-0.564099023542,-0,-0.129297047972
5.626,-0.352556855277,-0.277044091347,-0,-0.0634602339498
5.627,-0.392992453545,-0.309018313437,-0,-0.0707386416381
5.628,-1.29673733983,-1.02030988861,-0,-0.233412721169
5.629,0.552469502542,0.434978963267,0,0.0994445104576
5.63,-2.48034942773,-1.9541255886,-0,-0.446462896992
5.631,2.44593317639,1.92825135007,0,0.440267971751
5.632,2.38646198439,1.88257732136,0,0.42956315719
5.633,0.417343179258,0.329435700365,0,0.0751217722664
5.634,-1.72567524917,-1.36306084742,-0,-0.31062154485
5.635,1.53775868019,1.21541050426,0,0.276796562434
5.636,2.20918579393,1.74721141462,0,0.397653442907
5.637,0.552087703541,0.43691756229,0,0.0993757866374
5.638,-1.39941581666,-1.10819505945,-0,-0.251894846999
5.639,0.241773927141,0.191582878011,0,0.0435193068854
5.64,0.609272461192,0.483099253484,0,0.109669043015
5.641,1.21309733846,0.962493598441,0,0.218357520923
5.642,-0.285666274614,-0.226797543159,-0,-0.0514199294304
5.643,-0.485795164612,-0.385930879656,-0,-0.0874431296302
5.644,0.0668861132501,0.0531702939232,0,0.012039500385
5.645,0.0791699742491,0.0629752872132,0,0.0142505953648
5.646,-1.60388992432,-1.27661680364,-0,-0.288700186377
5.647,0.49894403675,0.397387287964,0,0.089809926615
5.648,-1.6071734696,-1.28085750478,-0,-0.289291224528
5.649,-0.135099054059,-0.107737300974,-0,-0.0243178297307
5.65,-1.24927046043,-0.996886619924,-0,-0.224868682877
5.651,-0.494009402107,-0.394457134297,-0,-0.0889216923793
5.652,1.98713244906,1.58769293598,0,0.357683840831
5.653,-0.0112076093963,-0.00896040360895,-0,-0.00201736969134
5.654,1.03510527718,0.828082846569,0,0.186318949893
5.655,0.566811385206,0.453735022682,0,0.102026049337
5.656,0.613075726585,0.491079859084,0,0.110353630785
5.657,-1.02294219743,-0.81990427363,-0,-0.184129595538
5.658,0.776122498953,0.622466775765,0,0.139702049812
5.659,-1.23451956161,-0.990735024318,-0,-0.222213521089
5.66,0.90696090759,0.728318829252,0,0.163252963366
5.661,0.0968567222796,0.0778280157848,0,0.0174342100103
5.662,-0.0143187375743,-0.0115128787737,-0,-0.00257737276337
5.663,0.54777477004,0.440711141824,0,0.0985994586072
5.664,0.946577596858,0.762045355859,0,0.170383967434
5.665,1.17508117141,0.94659640718,0,0.211514610854
5.666,0.050457170158,0.0406716742223,0,0.00908229062843
5.667,1.62561109566,1.31116631187,0,0.292609997219
5.668,-1.85705153257,-1.49877638163,-0,-0.334269275862
5.669,-0.0471172007445,-0.0380508107571,-0,-0.00848109613401
5.67,0.830143269685,0.67082435936,0,0.149425788543
5.671,2.1823346115,1.76460800067,0,0.392820230069
5.672,-0.72308619176,-0.585043141326,-0,-0.130155514517
5.673,-1.33081348377,-1.07742172371,-0,-0.239546427078
5.674,0.236698890278,0.1917499498,0,0.04260580025
5.675,-0.336307944966,-0.27261293377,-0,-0.0605354300939
5.676,1.04970599462,0.851426355064,0,0.188947079032
5.677,-0.190831022095,-0.154881041756,-0,-0.0343495839771
5.678,0.468930968642,0.380827115045,0,0.0844075743555
5.679,1.16665771963,0.948051348393,0,0.209998389533
5.68,-2.13548882917,-1.73642067668,-0,-0.38438798925
5.681,0.26325206165,0.214189639195,0,0.047385371097
5.682,-0.367338965649,-0.299062872637,-0,-0.0661210138169
5.683,-0.575143470835,-0.468533134347,-0,-0.10352582475
5.684,1.54909833223,1.2627329269,0,0.278837699801
5.685,0.0713575482584,0.0582023649893,0,0.0128443586865
5.686,1.02695196882,0.838144360486,0,0.184851354387
5.687,-0.506607233413,-0.413721275205,-0,-0.0911893020143
5.688,1.15042184011,0.94007206776,0,0.20707593122
5.689,-0.298329986262,-0.243931727326,-0,-0.0536993975271
5.69,-1.42916033901,-1.16928258181,-0,-0.257248861022
5.691,-0.133823372465,-0.10955631761,-0,-0.0240882070437
5.692,-1.08337945061,-0.887468139405,-0,-0.19500830111
5.693,-0.873992977348,-0.716385241383,-0,-0.157318735923
5.694,-0.727213216915,-0.596439984389,-0,-0.130898379045
5.695,-0.763526713181,-0.626607100302,-0,-0.137434808373
5.696,0.276219725331,0.226825377746,0,0.0497195505597
5.697,-0.125246808686,-0.10291277522,-0,-0.0225444255635
5.698,1.02647085847,0.843946083028,0,0.184764754524
5.699,0.0443521112616,0.0364877951716,0,0.00798338002708
5.7,-0.412917068335,-0.339907848906,-0,-0.0743250723003
5.701,-1.09975517883,-0.905856066884,-0,-0.19795593219
5.702,-0.636890253316,-0.524919125744,-0,-0.114640245597
5.703,0.0773985297941,0.0638300091783,0,0.0139317353629
5.704,0.759124694484,0.626425611144,0,0.136642445007
5.705,0.653645506241,0.539712709154,0,0.117656191123
5.706,-0.187365235214,-0.154800780368,-0,-0.0337257423386
5.707,-0.525434463683,-0.434376423108,-0,-0.0945782034629
5.708,-1.25283960082,-1.03635013277,-0,-0.225511128148
5.709,-0.815824662273,-0.675259959821,-0,-0.146848439209
5.71,1.94880767208,1.61400944492,0,0.350785380975
5.711,0.712431062511,0.590394970011,0,0.128237591252
5.712,-1.02728334547,-0.851829249832,-0,-0.184911002185
5.713,0.448296976481,0.371954998128,0,0.0806934557666
5.714,-0.478389358044,-0.39716244465,-0,-0.0861100844479
5.715,-0.47885959526,-0.397792621891,-0,-0.0861947271468
5.716,-1.61013750834,-1.33836061973,-0,-0.289824751502
5.717,-0.697701826323,-0.58028518506,-0,-0.125586328738
5.718,0.494407401661,0.411450710001,0,0.0889933322989
5.719,-0.607159159552,-0.505587607687,-0,-0.109288648719
5.72,-0.301088806297,-0.250870320429,-0,-0.0541959851334
5.721,1.4133794942,1.17834931605,0,0.254408308957
5.722,-0.712703524367,-0.59454475973,-0,-0.128286634386
5.723,-1.73454295528,-1.44784102344,-0,-0.31221773195
5.724,-0.869418039218,-0.726146791025,-0,-0.156495247059
5.725,0.271307731431,0.226734543282,0,0.0488353916577
5.726,-0.191660109955,-0.160267988498,-0,-0.0344988197919
5.727,-1.05670061799,-0.884150781531,-0,-0.190206111238
5.728,-0.064301861938,-0.0538340471568,-0,-0.0115743351488
5.729,1.31316236445,1.10004589602,0,0.236369225601
5.73,0.0234966692802,0.0196950626016,0,0.00422940047043
5.731,0.695127834873,0.583007594062,0,0.125123010277
5.732,1.42503372227,1.19589467722,0,0.256506070008
5.733,1.26691915641,1.06383614118,0,0.228045448154
5.734,0.702954914161,0.590624070409,0,0.126531884549
5.735,-1.34674334985,-1.13220777197,-0,-0.242413802974
5.736,-0.96167217922,-0.808957587441,-0,-0.17310099226
5.737,1.9327642331,1.62680229484,0,0.347897561959
5.738,-0.615989738512,-0.518783741246,-0,-0.110878152932
5.739,0.366264994163,0.308649133764,0,0.0659276989494
5.74,-0.0560955799567,-0.0472993148115,-0,-0.0100972043922
5.741,0.700732637551,0.591200642743,0,0.126131874759
5.742,-0.311674588846,-0.263111650409,-0,-0.0561014259923
5.743,0.971944084612,0.820986249655,0,0.17494993523
5.744,-1.33563198472,-1.12885229186,-0,-0.240413757249
5.745,-0.0123373153534,-0.0104334146383,-0,-0.00222071676362
5.746,-1.65486675542,-1.40030975023,-0,-0.297876015976
5.747,-1.16454082713,-0.985986269148,-0,-0.209617348884
5.748,-0.6279184017,-0.531954163639,-0,-0.113025312306
5.749,0.0751370169326,0.0636912234416,0,0.0135246630479
5.75,-0.53152134613,-0.45081751479,-0,-0.0956738423034
5.751,-0.230598219981,-0.195699733694,-0,-0.0415076795965
5.752,0.894668847,0.759714823112,0,0.16104039246
5.753,0.142562940831,0.12112916354,0,0.0256613293495
5.754,-0.770312351712,-0.65488117822,-0,-0.138656223308
5.755,-0.600821550402,-0.51108661772,-0,-0.108147879072
5.756,-0.28082721262,-0.239023909108,-0,-0.0505488982716
5.757,1.3878519442,1.18194761226,0,0.249813349956
5.758,-1.68178035886,-1.43310194771,-0,-0.302720464595
5.759,-1.1200921739,-0.955023547779,-0,-0.201616591303
5.76,-0.290268831916,-0.247635564151,-0,-0.0522483897448
5.761,1.98022019204,1.69035598363,0,0.356439634568
5.762,0.359236687474,0.306829590227,0,0.0646626037454
5.763,-0.800953499219,-0.684503247166,-0,-0.144171629859
5.764,-0.452930819951,-0.387303589572,-0,-0.0815275475912
5.765,-0.370053085543,-0.316617491367,-0,-0.0666095553978
5.766,0.29935798236,0.256278827472,0,0.0538844368248
5.767,1.22419903143,1.04863588263,0,0.220355825657
5.768,2.00122372199,1.71521635458,0,0.360220269957
5.769,-1.26742362476,-1.08691463101,-0,-0.228136252458
5.77,0.151720462233,0.130187099115,0,0.0273096832019
5.771,0.502655408774,0.431562892306,0,0.0904779735794
5.772,2.3608405403,2.02810351325,0,0.424951297254
5.773,1.06488664747,0.915327180327,0,0.191679596545
5.774,0.565753281769,0.486574515957,0,0.101835590718
5.775,0.766328627501,0.659456894636,0,0.13793915295
5.776,1.00334198994,0.863911436741,0,0.180601558188
5.777,0.299420555254,0.257958893115,0,0.0538956999457
5.778,0.626821767242,0.540332893444,0,0.112827918104
5.779,0.462050511519,0.398524496639,0,0.0831690920734
5.78,0.112787048667,0.097335847431,0,0.0203016687601
5.781,0.515862605144,0.445446375858,0,0.0928552689259
5.782,1.12572943492,0.972619542639,0,0.202631298286
5.783,0.592139546195,0.511894435403,0,0.106585118315
5.784,-0.666739222896,-0.576712685859,-0,-0.120013060121
5.785,-2.25791966576,-1.95415464797,-0,-0.406425539837
5.786,0.44310118428,0.383707319599,0,0.0797582131703
5.787,-1.49326557283,-1.29384049751,-0,-0.268787803109
5.788,0.182791139913,0.158469296353,0,0.0329024051844
5.789,-0.948035655702,-0.822357666958,-0,-0.170646418026
5.79,-0.774491850618,-0.672200448689,-0,-0.139408533111
5.791,1.22227918444,1.06144627727,0,0.220010253199
5.792,1.60186614915,1.39187190489,0,0.288335906848
5.793,-0.241771203054,-0.210195224014,-0,-0.0435188165498
5.794,-0.539800746222,-0.469566132621,-0,-0.0971641343199
5.795,0.415558357575,0.361693000886,0,0.0748005043636
5.796,-1.35141095571,-1.17690146297,-0,-0.243253972029
5.797,1.34599032944,1.17284055793,0,0.2422782593
5.798,0.345399702089,0.301136327082,0,0.0621719463761
5.799,0.206164981825,0.179845688125,0,0.0371096967285
5.8,1.3830612861,1.20717512932,0,0.248951031498
5.801,0.34513941733,0.301416432797,0,0.0621250951193
5.802,0.345623296883,0.302008153239,0,0.0622121934389
5.803,0.95321206138,0.833389967608,0,0.171578171048
5.804,-0.773725493165,-0.676843886674,-0,-0.13927058877
5.805,0.346371709371,0.303170309601,0,0.0623469076868
5.806,-1.97532327207,-1.72991542022,-0,-0.355558188972
5.807,1.75921748059,1.54151743672,0,0.316659146505
5.808,-0.477067416104,-0.41826417687,-0,-0.0858721348986
5.809,-1.67389722864,-1.46839026136,-0,-0.301301501155
5.81,-0.375266450829,-0.32937756918,-0,-0.0675479611492
5.811,1.30195213398,1.14338017594,0,0.234351384117
5.812,-1.28897366184,-1.1326111391,-0,-0.232015259131
5.813,-0.14522327516,-0.12767737407,-0,-0.0261401895287
5.814,1.99763756456,1.7572563677,0,0.35957476162
5.815,0.263162611574,0.231623764969,0,0.0473692700833
5.816,1.12554660099,0.991203196855,0,0.202598388178
5.817,0.815394786575,0.718467640762,0,0.146771061583
5.818,0.910414274514,0.802635186001,0,0.163874569413
5.819,2.24874145077,1.98361918361,0,0.404773461139
5.82,0.0559841247983,0.049410937134,0,0.0100771424637
5.821,-0.0785387455428,-0.0693555732445,-0,-0.0141369741977
5.822,-0.532555868847,-0.470545444178,-0,-0.0958600563924
5.823,-0.694734313116,-0.614177531154,-0,-0.125052176361
5.824,2.24229056763,1.98337861699,0,0.403612302174
5.825,0.925609209733,0.819180772527,0,0.166609657752
5.826,-0.230001718371,-0.203667294627,-0,-0.0414003093069
5.827,-0.370119453877,-0.327921613308,-0,-0.0666215016978
5.828,-1.31029224911,-1.16153954799,-0,-0.23585260484
5.829,-1.63829257124,-1.45309756692,-0,-0.294892662822
5.83,0.647472874861,0.57459542184,0,0.116545117475
5.831,-1.57210583582,-1.3959164196,-0,-0.282979050447
5.832,1.22061301979,1.084407398,0,0.219710343563
5.833,0.902989113089,0.802663676738,0,0.162538040356
5.834,0.296864108929,0.264025088414,0,0.0534355396072
5.835,-0.0962420166605,-0.0856423169464,-0,-0.0173235629989
5.836,1.45493332485,1.29539662176,0,0.261887998473
5.837,1.82600576739,1.6266629437,0,0.328681038131
5.838,0.175477118328,0.156405300214,0,0.0315858812991
5.839,-1.62321677063,-1.44758082495,-0,-0.292179018714
5.84,1.35311595055,1.20735900805,0,0.243560871098
5.841,-1.94491457855,-1.73634828188,-0,-0.350084624139
5.842,-0.366100748069,-0.327017961722,-0,-0.0658981346524
5.843,1.34660985532,1.2035031874,0,0.242389773957
5.844,1.3875174292,1.24073248427,0,0.249753137256
5.845,0.729875932529,0.653014436365,0,0.131377667855
5.846,0.638561748192,0.571624002462,0,0.114941114675
5.847,1.52199988511,1.36318807622,0,0.27395997932
5.848,-1.24605443507,-1.11663583319,-0,-0.224289798312
5.849,-0.527720204719,-0.473163719931,-0,-0.0949896368494
5.85,0.7988684229,0.716664553297,0,0.143796316122
5.851,-2.24047712277,-2.01100857091,-0,-0.403285882099
5.852,-0.0784341391691,-0.0704386566141,-0,-0.0141181450504
5.853,-0.582774424525,-0.523647121803,-0,-0.104899396415
5.854,-0.612375756805,-0.550539287204,-0,-0.110227636225
5.855,1.98786044389,1.78808472568,0,0.3578148799
5.856,-1.14441524983,-1.02995321182,-0,-0.205994744969
5.857,-1.46450346012,-1.31872944823,-0,-0.263610622822
5.858,-0.357574100799,-0.322153299566,-0,-0.0643633381438
5.859,1.95652306197,1.76365043712,0,0.352174151155
5.86,-0.207588724036,-0.187224247032,-0,-0.0373659703265
5.861,-0.305672199962,-0.275832130526,-0,-0.0550209959932
5.862,-0.0562806303902,-0.0508133966502,-0,-0.0101305134702
5.863,0.184682140941,0.166830065255,0,0.0332427853695
5.864,-0.939563433398,-0.849191141639,-0,-0.169121418012
5.865,1.16773907269,1.05597801019,0,0.210193033084
5.866,-0.439817426171,-0.397933949789,-0,-0.0791671367108
5.867,-1.0532248477,-0.95343027342,-0,-0.189580472586
5.868,-0.491040396758,-0.444748127383,-0,-0.0883872714164
5.869,-1.85718269134,-1.68298553163,-0,-0.33429288444
5.87,0.447241955453,0.405505664467,0,0.0805035519816
5.871,-1.50126736616,-1.36188629066,-0,-0.270228125908
5.872,0.324948680142,0.294934638613,0,0.0584907624255
5.873,-0.430067070907,-0.390548684082,-0,-0.0774120727633
5.874,0.953552318119,0.866385712119,0,0.171639417261
5.875,-0.745632572537,-0.677827490095,-0,-0.134213863057
5.876,-0.0842984749556,-0.076672806325,-0,-0.015173725492
5.877,1.11720562962,1.0166743704,0,0.201097013332
5.878,0.40973757433,0.373062378078,0,0.0737527633793
5.879,-0.389120312158,-0.35447552123,-0,-0.0700416561885
5.88,0.957485159928,0.872691747646,0,0.172347328787
5.881,0.0984948190875,0.0898190500679,0,0.0177290674357
5.882,-0.521329926997,-0.475656859244,-0,-0.0938393868595
5.883,-0.13654505117,-0.124647304819,-0,-0.0245781092106
5.884,-0.307456240331,-0.280812117264,-0,-0.0553421232595
5.885,0.654066355646,0.597695146834,0,0.117731944016
5.886,1.58286790252,1.44719736438,0,0.284916222454
5.887,2.66751034304,2.44013670114,0,0.480151861746
5.888,0.31100339025,0.28464129489,0,0.0559806102449
5.889,0.478251741291,0.437939244432,0,0.0860853134324
5.89,0.593746695551,0.543979853331,0,0.106874405199
5.891,-0.716153832483,-0.656465669327,-0,-0.128907689847
5.892,1.51390631532,1.38844465039,0,0.272503136758
5.893,-1.12772072668,-1.03479611375,-0,-0.202989730802
5.894,1.20326724569,1.10468577207,0,0.216588104224
5.895,-0.220483448422,-0.202523712992,-0,-0.0396870207159
5.896,1.69197345736,1.55495004069,0,0.304555222325
5.897,-1.4754450467,-1.35665282167,-0,-0.265580108405
5.898,0.317287291136,0.291891153966,0,0.0571117124045
5.899,0.582759220509,0.536388881004,0,0.104896659692
5.9,0.845326278794,0.778461471407,0,0.152158730183
5.901,-0.284543853525,-0.262170537537,-0,-0.0512178936345
5.902,-0.593805264106,-0.547394495039,-0,-0.106884947539
5.903,0.250063187608,0.230636285551,0,0.0450113737695
5.904,-0.962912883344,-0.888558739468,-0,-0.173324319002
5.905,-2.58771129752,-2.38910932738,-0,-0.465788033554
5.906,0.622040095412,0.574591796467,0,0.111967217174
5.907,0.30088221653,0.278072591919,0,0.0541587989753
5.908,-0.63691693156,-0.588931611271,-0,-0.114645047681
5.909,1.37048268932,1.26787318286,0,0.246686884077
5.91,1.2690467558,1.17462667245,0,0.228428416043
5.911,-0.665503278417,-0.616300032769,-0,-0.119790590115
5.912,-0.0452196493769,-0.0418975590798,-0,-0.00813953688784
5.913,-1.82438382395,-1.69120816795,-0,-0.328389088311
5.914,-0.367581372964,-0.340920766799,-0,-0.0661646471336
5.915,0.00397158279059,0.00368538166509,0,0.000714884902306
5.916,1.27342809089,1.18225715089,0,0.229217056361
5.917,2.04792967482,1.90226500698,0,0.368627341467
5.918,-0.63796516388,-0.59288598461,-0,-0.114833729498
5.919,-1.02104581852,-0.949374304785,-0,-0.183788247333
5.92,1.70782738459,1.58874435735,0,0.307408929227
5.921,-0.394420531633,-0.36710233875,-0,-0.070995695694
5.922,1.69697645561,1.58023190654,0,0.30545576201
5.923,-0.888662424658,-0.827940223877,-0,-0.159959236439
5.924,0.314569864817,0.293221775893,0,0.056622575667
5.925,-0.732917533955,-0.683519545159,-0,-0.131925156112
5.926,-0.253691777875,-0.236711154299,-0,-0.0456645200174
5.927,1.8216032229,1.70052259023,0,0.327888580122
5.928,0.530866965647,0.49582725127,0,0.0955560538165
5.929,0.467155314932,0.436537784701,0,0.0840879566877
5.93,-0.099699931525,-0.0932118320246,-0,-0.0179459876745
5.931,-0.847386134604,-0.792634476393,-0,-0.152529504229
5.932,-3.30683300742,-3.09470369212,-0,-0.595229941335
5.933,-0.563777272004,-0.527872892256,-0,-0.101479908961
5.934,-0.424280695903,-0.397456715717,-0,-0.0763705252625
5.935,-1.84774537292,-1.73178209084,-0,-0.332594167125
5.936,0.392436750734,0.367989247293,0,0.0706386151321
5.937,0.52161455005,0.489360909467,0,0.0938906190091
5.938,0.596202329726,0.559612168179,0,0.107316419351
5.939,0.0739251126522,0.0694223261548,0,0.0133065202774
5.94,0.408127330697,0.383456686047,0,0.0734629195254
5.941,-0.381861470823,-0.358954770335,-0,-0.0687350647481
5.942,-0.465543556972,-0.437831742305,-0,-0.083797840255
5.943,-0.903912430233,-0.850523075658,-0,-0.162704237442
5.944,-2.03253475973,-1.91342007225,-0,-0.365856256752
5.945,-0.798579107709,-0.752146905143,-0,-0.143744239388
5.946,-0.788479487843,-0.742997404002,-0,-0.141926307812
5.947,-1.04600080541,-0.986145203076,-0,-0.188280144975
5.948,0.184928367781,0.174431179742,0,0.0332871062005
5.949,-0.428203723653,-0.404094126732,-0,-0.0770766702576
5.95,-0.0293238329206,-0.0276862499387,-0,-0.00527828992571
5.951,-1.0700066506,-1.01074350466,-0,-0.192601197109
5.952,-2.56668126592,-2.42570112196,-0,-0.462002627865
5.953,0.709185796828,0.670557503979,0,0.127653443429
5.954,0.351390347151,0.332411666159,0,0.0632502624873
5.955,-1.04373964339,-0.987845042642,-0,-0.18787313581
5.956,0.540366478653,0.511675996493,0,0.0972659661575
5.957,0.322151591596,0.305194502914,0,0.0579872864872
5.958,-0.486545708742,-0.461157882877,-0,-0.0875782275735
5.959,1.67351820551,1.58695926469,0,0.301233276991
5.96,-0.572027993675,-0.542702411256,-0,-0.102965038861
5.961,0.00299003945656,0.00283811704242,0,0.000538207102181
5.962,-0.997483353816,-0.947256809238,-0,-0.179547003687
5.963,-1.84457345409,-1.75253424532,-0,-0.332023221736
5.964,0.466113761446,0.443068369213,0,0.0839004770603
5.965,-0.845070285046,-0.803673592718,-0,-0.152112651308
5.966,2.16543643108,2.06034588828,0,0.389778557595
5.967,-0.586013722371,-0.557840567396,-0,-0.105482470027
5.968,0.691193155482,0.658277683173,0,0.124414767987
5.969,-0.179432478186,-0.170969222341,-0,-0.0322978460735
5.97,-0.947469739356,-0.903210941749,-0,-0.170544553084
5.971,-1.19213807827,-1.13699131141,-0,-0.214584854089
5.972,-0.503342943593,-0.480287293871,-0,-0.0906017298467
5.973,-1.76902257504,-1.68879446897,-0,-0.318424063508
5.974,0.1919388309,0.183321060523,0,0.034548989562
5.975,0.440691181186,0.421104373184,0,0.0793244126135
5.976,-0.321799816182,-0.307642861701,-0,-0.0579239669127
5.977,-1.8817613554,-1.7998281427,-0,-0.338717043972
5.978,-1.00693665628,-0.963549141924,-0,-0.181248598131
5.979,0.181817230728,0.174065124331,0,0.032727101531
5.98,2.3404182438,2.24168709569,0,0.421275283884
5.981,1.24197815586,1.19014547159,0,0.223556068056
5.982,2.01848520875,1.9351561718,0,0.363327337576
5.983,-1.59441272651,-1.52930933811,-0,-0.286994290772
5.984,0.562614026718,0.539894703226,0,0.101270524809
5.985,-0.777453740161,-0.746408840383,-0,-0.139941673229
5.986,0.426425318352,0.409589381128,0,0.0767565573034
5.987,-0.0782256904048,-0.0751723943386,-0,-0.0140806242729
5.988,-0.677084035474,-0.650960456491,-0,-0.121875126385
5.989,1.32239535339,1.27196800202,0,0.238031163609
5.99,-0.397580009985,-0.382597416449,-0,-0.0715644017973
5.991,-1.19834896467,-1.15372738679,-0,-0.215702813641
5.992,-1.02058515777,-0.98304032251,-0,-0.183705328398
5.993,-0.478653867733,-0.46125982159,-0,-0.086157696192
5.994,0.431032675102,0.41556216581,0,0.0775858815183
5.995,1.38258249819,1.33357792635,0,0.248864849674
5.996,-0.214663130316,-0.207150564306,-0,-0.0386393634568
5.997,-1.52636027472,-1.47362445206,-0,-0.27474484945
5.998,-0.76266176911,-0.736652431058,-0,-0.13727911844
5.999,-1.17508311784,-1.13553337944,-0,-0.211514961211
6,-1.49908423773,-1.44929838099,-1.49908423773,-0.269835162791
6.001,-1.07954369949,-1.04417245058,-1.07954369949,-0.194317865908
6.002,0.257674757634,0.249346856226,0.257674757634,0.0463814563741
6.003,-0.486251335477,-0.470752492473,-0.486251335477,-0.0875252403858
6.004,0.585149077553,0.566758352304,0.585149077553,0.105326833959
6.005,-0.949262937523,-0.91985059892,-0.949262937523,-0.170867328754
6.006,-0.221013681968,-0.214263936538,-0.221013681968,-0.0397824627542
6.007,0.301643645861,0.292565447314,0.301643645861,0.0542958562549
6.008,1.27513209598,1.23732202891,1.27513209598,0.229523777277
6.009,-2.48767440644,-2.41501372995,-2.48767440644,-0.447781393159
6.01,-0.116781719732,-0.11342249957,-0.116781719732,-0.0210207095517
6.011,-1.64807121415,-1.6013946965,-1.64807121415,-0.296652818548
6.012,0.469405640058,0.456319011424,0.469405640058,0.0844930152104
6.013,-1.42538526816,-1.38627744088,-1.42538526816,-0.256569348269
6.014,-0.337098865718,-0.327999056789,-0.337098865718,-0.0606777958293
6.015,0.890902714248,0.867246952375,0.890902714248,0.160362488565
6.016,0.0399425138117,0.0388995765731,0.0399425138117,0.00718965248611
6.017,0.635182857351,0.61887795258,0.635182857351,0.114332914323
6.018,0.685640834295,0.668343091441,0.685640834295,0.123415350173
6.019,-0.373751369877,-0.364486888628,-0.373751369877,-0.0672752465779
6.02,-0.00539378624201,-0.00526246184938,-0.00539378624201,-0.000970881523561
6.021,-1.06412641517,-1.03868616777,-1.06412641517,-0.19154275473
6.022,-0.491035148878,-0.479511892565,-0.491035148878,-0.088386326798
6.023,-0.788684364689,-0.770522800647,-0.788684364689,-0.141963185644
6.024,-0.352464157214,-0.344502570513,-0.352464157214,-0.0634435482985
6.025,0.375992470784,0.367664486955,0.375992470784,0.0676786447411
6.026,-1.19276244503,-1.16686684901,-1.19276244503,-0.214697240105
6.027,0.583610023061,0.571195372489,0.583610023061,0.105049804151
6.028,1.01527024742,0.994118084219,1.01527024742,0.182748644535
6.029,1.42696219598,1.39785763249,1.42696219598,0.256853195276
6.03,-0.0276191625951,-0.02706792247,-0.0276191625951,-0.00497144926712
6.031,-2.85066883302,-2.79501993903,-2.85066883302,-0.513120389943
6.032,-0.0820498088901,-0.0804839394319,-0.0820498088901,-0.0147689656002
6.033,-0.385063835354,-0.377883279619,-0.385063835354,-0.0693114903638
6.034,0.134426087317,0.131978010329,0.134426087317,0.024196695717
6.035,-1.14030543801,-1.1200362333,-1.14030543801,-0.205254978842
6.036,-0.783682417098,-0.770093789811,-0.783682417098,-0.141062835078
6.037,0.378772232486,0.372369478325,0.378772232486,0.0681790018475
6.038,0.898835853672,0.884033123773,0.898835853672,0.161790453661
6.039,-1.27708444397,-1.25660781322,-1.27708444397,-0.229875199914
6.04,-0.546454091124,-0.537929790839,-0.546454091124,-0.0983617364023
6.041,-1.26815262389,-1.24892108088,-1.26815262389,-0.2282674723
6.042,-0.0759279425291,-0.0748094468238,-0.0759279425291,-0.0136670296552
6.043,0.376202190067,0.370823504923,0.376202190067,0.0677163942121
6.044,1.25147701089,1.23412661272,1.25147701089,0.22526586196
6.045,-0.281492003479,-0.277711326559,-0.281492003479,-0.0506685606263
6.046,-0.423356437433,-0.417853622459,-0.423356437433,-0.0762041587379
6.047,0.620222700682,0.612429239455,0.620222700682,0.111640086123
6.048,-0.0610549476786,-0.0603141430826,-0.0610549476786,-0.0109898905822
6.049,-2.22430128725,-2.19827354751,-2.22430128725,-0.400374231706
6.05,0.389740670401,0.385348305883,0.389740670401,0.0701533206722
6.051,0.0568175776696,0.0562017487455,0.0568175776696,0.0102271639805
6.052,0.847363390711,0.838544246522,0.847363390711,0.152525410328
6.053,-1.14449540801,-1.13307666619,-1.14449540801,-0.206009173441
6.054,-0.314444663525,-0.31144273776,-0.314444663525,-0.0566000394346
6.055,-0.757565402091,-0.750658892002,-0.757565402091,-0.136361772376
6.056,0.640615640117,0.635050618296,0.640615640117,0.115310815221
6.057,-0.783669211299,-0.777198006966,-0.783669211299,-0.141060458034
6.058,-0.979923816945,-0.972252521147,-0.979923816945,-0.17638628705
6.059,0.428731640575,0.425559171614,0.428731640575,0.0771716953036
6.06,1.23854445068,1.22991034473,1.23854445068,0.222938001123
6.061,-0.146147561272,-0.145191318836,-0.146147561272,-0.0263065610289
6.062,0.929952882061,0.924266103674,0.929952882061,0.167391518771
6.063,0.0955332873515,0.0949899351143,0.0955332873515,0.0171959917233
6.064,0.326653475094,0.32493517108,0.326653475094,0.0587976255169
6.065,-0.440703760058,-0.438573663923,-0.440703760058,-0.0793266768105
6.066,-0.179740937489,-0.178948858648,-0.179740937489,-0.032353368748
6.067,-0.604425502195,-0.602019599683,-0.604425502195,-0.108796590395
6.068,1.11490913081,1.11094619678,1.11490913081,0.200683643545
6.069,2.04213502197,2.03574555259,2.04213502197,0.367584303955
6.07,-0.00225125496375,-0.00224516878213,-0.00225125496375,-0.000405225893475
6.071,0.0133206616958,0.0132903116141,0.0133206616958,0.00239771910525
6.072,-1.95478786339,-1.95116427683,-1.95478786339,-0.35186181541
6.073,-1.2694325269,-1.26761813698,-1.2694325269,-0.228497854842
6.074,-1.74346060097,-1.74170806722,-1.74346060097,-0.313822908175
6.075,-1.10799360559,-1.1073493798,-1.10799360559,-0.199438849006
6.076,0.17323437349,0.17320700522,0.17323437349,0.0311821872282
6.077,0.244190188544,0.244254934808,0.244190188544,0.043954233938
6.078,0.919182934357,0.919815293323,0.919182934357,0.165452928184
6.079,-0.453322474066,-0.453825865033,-0.453322474066,-0.081598045332
6.08,-0.333727136943,-0.334238612766,-0.333727136943,-0.0600708846498
6.081,0.66362161206,0.664918636644,0.66362161206,0.119451890171
6.082,-1.00329628547,-1.00568010641,-1.00329628547,-0.180593331384
6.083,0.3587865222,0.359790116684,0.3587865222,0.064581573996
6.084,-1.27327279612,-1.27737027703,-1.27327279612,-0.229189103301
6.085,-0.435780108932,-0.437365749259,-0.435780108932,-0.0784404196077
6.086,-0.00604858544357,-0.00607313577669,-0.00604858544357,-0.00108874537984
6.087,-1.58163012967,-1.58871387271,-1.58163012967,-0.28469342334
6.088,-0.149251116267,-0.1499821991,-0.149251116267,-0.0268652009281
6.089,-0.159916904975,-0.160767278272,-0.159916904975,-0.0287850428955
6.09,1.02254363138,1.02840947557,1.02254363138,0.184057853649
6.091,0.0393695234136,0.0396118476495,0.0393695234136,0.00708651421445
6.092,-0.32374857832,-0.325876705615,-0.32374857832,-0.0582747440975
6.093,0.0904845813995,0.0911171898246,0.0904845813995,0.0162872246519
6.094,-1.15096313687,-1.15949057117,-1.15096313687,-0.207173364636
6.095,-0.225624786813,-0.227390580917,-0.225624786813,-0.0406124616263
6.096,-0.893704810731,-0.901071796737,-0.893704810731,-0.160866865932
6.097,-0.682107176195,-0.688014104764,-0.682107176195,-0.122779291715
6.098,-0.422444087541,-0.426278240859,-0.422444087541,-0.0760399357573
6.099,-0.667343856187,-0.673678340348,-0.667343856187,-0.120121894114
6.1,-1.92222713239,-1.94127201394,-1.92222713239,-0.34600088383
6.101,0.920591786796,0.930095070817,0.920591786796,0.165706521623
6.102,-1.35855500095,-1.37314314157,-1.35855500095,-0.244539900172
6.103,0.151272722127,0.152959808762,0.151272722127,0.0272290899829
6.104,1.16539846726,1.17887853295,1.16539846726,0.209771724107
6.105,0.530812296743,0.537171895304,0.530812296743,0.0955462134138
6.106,-0.825243560943,-0.835472050352,-0.825243560943,-0.14854384097
6.107,0.907130155973,0.918748500976,0.907130155973,0.163283428075
6.108,1.61235452564,1.6336710803,1.61235452564,0.290223814615
6.109,-1.40281587644,-1.421941002,-1.40281587644,-0.252506857759
6.11,0.839698041808,0.851492160444,0.839698041808,0.151145647525
6.111,0.685557274617,0.695468796116,0.685557274617,0.123400309431
6.112,0.867827133164,0.880731046142,0.867827133164,0.15620888397
6.113,1.00410500158,1.01944821756,1.00410500158,0.180738900285
6.114,0.121270215893,0.123173117699,0.121270215893,0.0218286388608
6.115,0.365882607145,0.371774052253,0.365882607145,0.0658588692861
6.116,-1.52572356535,-1.55091670762,-1.52572356535,-0.274630241762
6.117,1.03099075843,1.04843735661,1.03099075843,0.185578336518
6.118,0.713043110201,0.725401384141,0.713043110201,0.128347759836
6.119,0.668346562454,0.680203671995,0.668346562454,0.120302381242
6.12,0.516384217354,0.525756509658,0.516384217354,0.0929491591238
6.121,-0.251498931288,-0.25616634465,-0.251498931288,-0.0452698076318
6.122,0.734261150774,0.748187572742,0.734261150774,0.132167007139
6.123,-1.43600072242,-1.46382241941,-1.43600072242,-0.258480130035
6.124,1.17089972538,1.19406239205,1.17089972538,0.210761950569
6.125,-0.153219554605,-0.156312919729,-0.153219554605,-0.0275795198289
6.126,-0.292686860243,-0.298715014941,-0.292686860243,-0.0526836348437
6.127,-0.172910072514,-0.176541597178,-0.172910072514,-0.0311238130524
6.128,-1.528409002,-1.56112996693,-1.528409002,-0.27511362036
6.129,0.758446138457,0.774991103025,0.758446138457,0.136520304922
6.13,0.704638478231,0.720295348037,0.704638478231,0.126834926082
6.131,0.156530314139,0.160071781411,0.156530314139,0.0281754565451
6.132,-0.629217183699,-0.643707762183,-0.629217183699,-0.113259093066
6.133,-0.397632057108,-0.406950133822,-0.397632057108,-0.0715737702795
6.134,-0.164075834384,-0.167987066046,-0.164075834384,-0.029533650189
6.135,1.36352170126,1.39657569536,1.36352170126,0.245433906227
6.136,-0.95321038173,-0.976702219699,-0.95321038173,-0.171577868711
6.137,-0.0103845199826,-0.0106446308964,-0.0103845199826,-0.00186921359687
6.138,1.15795783773,1.18742853299,1.15795783773,0.208432410792
6.139,0.545227033658,0.559322708654,0.545227033658,0.0981408660584
6.14,-0.795152576541,-0.816029131225,-0.795152576541,-0.143127463777
6.141,-0.82418141817,-0.846151085892,-0.82418141817,-0.148352655271
6.142,-1.15106421399,-1.18220921019,-1.15106421399,-0.207191558519
6.143,0.0520002307463,0.0534280753809,0.0520002307463,0.00936004153433
6.144,-1.32318801533,-1.36005062625,-1.32318801533,-0.238173842759
6.145,0.507110322552,0.521440798193,0.507110322552,0.0912798580593
6.146,-0.643047811275,-0.661476844663,-0.643047811275,-0.11574860603
6.147,-1.17149295399,-1.20553457712,-1.17149295399,-0.210868731718
6.148,-0.413188679073,-0.425360146618,-0.413188679073,-0.0743739622332
6.149,-0.0665678793421,-0.0685553388443,-0.0665678793421,-0.0119822182816
6.15,2.75439929061,2.83773226731,2.75439929061,0.49579187231
6.151,0.0174706818406,0.0180062020961,0.0174706818406,0.00314472273131
6.152,1.54855674377,1.59663967911,1.54855674377,0.278740213879
6.153,-1.36929492631,-1.4123557615,-1.36929492631,-0.246473086736
6.154,-0.621471700134,-0.641262082163,-0.621471700134,-0.111864906024
6.155,-0.279101859079,-0.288100368667,-0.279101859079,-0.0502383346342
6.156,0.224209662553,0.231527229389,0.224209662553,0.0403577392596
6.157,-0.317898781124,-0.328399934262,-0.317898781124,-0.0572217806024
6.158,1.06251630371,1.09803462365,1.06251630371,0.191252934669
6.159,-0.481797185153,-0.498093308651,-0.481797185153,-0.0867234933275
6.16,0.373692527865,0.386479679688,0.373692527865,0.0672646550158
6.161,-0.000419682632379,-0.000434209012274,-0.000419682632379,-7.55428738282e-05
6.162,-1.29740148223,-1.34281936408,-1.29740148223,-0.233532266802
6.163,0.0449860538267,0.0465785814433,0.0449860538267,0.00809748968881
6.164,0.789307721971,0.817560026168,0.789307721971,0.142075389955
6.165,-1.40760263873,-1.45853915246,-1.40760263873,-0.253368474971
6.166,-0.782540658171,-0.811165435848,-0.782540658171,-0.140857318471
6.167,-0.804620521761,-0.834368540927,-0.804620521761,-0.144831693917
6.168,0.759836815875,0.788226847313,0.759836815875,0.136770626858
6.169,1.38099512841,1.43313431913,1.38099512841,0.248579123115
6.17,-0.530099026992,-0.550320130877,-0.530099026992,-0.0954178248585
6.171,-0.640510823709,-0.665193953756,-0.640510823709,-0.115291948268
6.172,-1.10451749502,-1.14751304367,-1.10451749502,-0.198813149104
6.173,0.0820663316068,0.085292932843,0.0820663316068,0.0147719396892
6.174,-0.499912990662,-0.519762843723,-0.499912990662,-0.0899843383192
6.175,-0.906567872722,-0.942917500186,-0.906567872722,-0.16318221709
6.176,-0.145239342432,-0.15111932132,-0.145239342432,-0.0261430816377
6.177,0.273833015683,0.285025464917,0.273833015683,0.049289942823
6.178,0.372585008262,0.38795838871,0.372585008262,0.0670653014872
6.179,0.354651262151,0.369422193059,0.354651262151,0.0638372271873
6.18,-2.64895444774,-2.76030739185,-2.64895444774,-0.476811800594
6.181,-0.928211473617,-0.967589531593,-0.928211473617,-0.167078065251
6.182,-1.01977495437,-1.06343175553,-1.01977495437,-0.183559491786
6.183,-1.10817180346,-1.15604094951,-1.10817180346,-0.199470924622
6.184,0.734830487046,0.766856162619,0.734830487046,0.132269487668
6.185,0.00400542360934,0.00418153375514,0.00400542360934,0.000720976249682
6.186,-0.207487118508,-0.216689808235,-0.207487118508,-0.0373476813315
6.187,1.58163261735,1.65239143476,1.58163261735,0.284693871123
6.188,0.390517321554,0.40813833222,0.390517321554,0.0702931178797
6.189,-1.11098175472,-1.16153835672,-1.11098175472,-0.19997671585
6.19,0.00103252650969,0.00107990902298,0.00103252650969,0.000185854771745
6.191,-0.249209225914,-0.260740917682,-0.249209225914,-0.0448576606645
6.192,1.36989525093,1.4338091004,1.36989525093,0.246581145168
6.193,-0.75228997502,-0.787676575574,-0.75228997502,-0.135412195504
6.194,0.0740541271818,0.0775658205973,0.0740541271818,0.0133297428927
6.195,0.18627417002,0.195178516733,0.18627417002,0.0335293506036
6.196,0.472594426634,0.495365787703,0.472594426634,0.0850669967941
6.197,-0.515276437927,-0.540300685632,-0.515276437927,-0.0927497588268
6.198,0.299213968846,0.313859085922,0.299213968846,0.0538585143924
6.199,-0.50792916464,-0.532983030211,-0.50792916464,-0.0914272496352
6.2,-0.512829275331,-0.538319629,-0.512829275331,-0.0923092695596
6.201,-2.35817395795,-2.47628259691,-2.35817395795,-0.424471312432
6.202,1.59570391482,1.67622927558,1.59570391482,0.287226704667
6.203,0.375168400674,0.394242910019,0.375168400674,0.0675303121213
6.204,0.799969034854,0.840944104435,0.799969034854,0.143994426274
6.205,0.312972950841,0.329121956795,0.312972950841,0.0563351311514
6.206,-1.07416652832,-1.12999767563,-1.07416652832,-0.193349975097
6.207,-0.806838706925,-0.849079444456,-0.806838706925,-0.145230967246
6.208,-0.140313200802,-0.147711934696,-0.140313200802,-0.0252563761443
6.209,-0.970479339552,-1.02201809661,-0.970479339552,-0.174686281119
6.21,-0.571206620487,-0.601756161415,-0.571206620487,-0.102817191688
6.211,1.11940779973,1.17969692755,1.11940779973,0.201493403951
6.212,-0.0111369108255,-0.011740901729,-0.0111369108255,-0.00200464394858
6.213,0.141561300431,0.149291688587,0.141561300431,0.0254810340776
6.214,-0.190044987662,-0.20049413233,-0.190044987662,-0.0342080977792
6.215,0.956869837903,1.00983881076,0.956869837903,0.172236570823
6.216,0.59498300001,0.628141489348,0.59498300001,0.107096940002
6.217,0.937380263174,0.989970476017,0.937380263174,0.168728447371
6.218,-0.239308933776,-0.252824204397,-0.239308933776,-0.0430756080797
6.219,0.0160031976348,0.0169129587902,0.0160031976348,0.00288057557427
6.22,2.01041531641,2.12545285205,2.01041531641,0.361874756954
6.221,-1.94928949716,-2.06155387311,-1.94928949716,-0.350872109489
6.222,1.97352300025,2.08791578129,1.97352300025,0.355234140045
6.223,3.95622905191,4.18701422521,3.95622905191,0.712121229344
6.224,-0.585864680005,-0.620257942118,-0.585864680005,-0.105455642401
6.225,0.267196875358,0.282981592478,0.267196875358,0.0480954375645
6.226,0.354551831936,0.375628143144,0.354551831936,0.0638193297485
6.227,-2.09164420601,-2.21675432846,-2.09164420601,-0.376495957082
6.228,-1.94619864056,-2.06332702536,-1.94619864056,-0.350315755301
6.229,0.827204510683,0.877293131215,0.827204510683,0.148896811923
6.23,0.533818795743,0.566338928366,0.533818795743,0.0960873832337
6.231,-0.608895739548,-0.64621344869,-0.608895739548,-0.109601233119
6.232,0.00691684298596,0.00734329985231,0.00691684298596,0.00124503173747
6.233,-0.0297886386589,-0.0316361826916,-0.0297886386589,-0.00536195495861
6.234,1.09307793271,1.16127320009,1.09307793271,0.196754027887
6.235,1.53179010844,1.62791670896,1.53179010844,0.275722219519
6.236,-0.481894753673,-0.51231202132,-0.481894753673,-0.0867410556612
6.237,0.168298969198,0.178983508837,0.168298969198,0.0302938144556
6.238,0.542573490548,0.577217023759,0.542573490548,0.0976632282986
6.239,0.16798295747,0.178769969867,0.16798295747,0.0302369323446
6.24,0.238297828356,0.253686874041,0.238297828356,0.0428936091041
6.241,0.119011258842,0.126740178718,0.119011258842,0.0214220265916
6.242,1.78337891909,1.89984440282,1.78337891909,0.321008205436
6.243,-0.871439127681,-0.928665656431,-0.871439127681,-0.156859042983
6.244,1.46023053824,1.55665175233,1.46023053824,0.262841496883
6.245,0.201387834421,0.214758698944,0.201387834421,0.0362498101958
6.246,0.409244560535,0.436563806533,0.409244560535,0.0736640208963
6.247,0.793058317478,0.846285696555,0.793058317478,0.142750497146
6.248,0.826499329042,0.882269430159,0.826499329042,0.148769879228
6.249,0.865554086071,0.924271522168,0.865554086071,0.155799735493
6.25,0.0675639494604,0.0721716791676,0.0675639494604,0.0121615109029
6.251,0.193481147283,0.206745773888,0.193481147283,0.0348266065109
6.252,-0.116304883824,-0.124320265634,-0.116304883824,-0.0209348790882
6.253,-0.937109209038,-1.00202823525,-0.937109209038,-0.168679657627
6.254,1.74597516608,1.86755489777,1.74597516608,0.314275529894
6.255,-0.674394027355,-0.721596431242,-0.674394027355,-0.121390924924
6.256,-0.169286540507,-0.181195840162,-0.169286540507,-0.0304715772913
6.257,1.95665150154,2.0950007884,1.95665150154,0.352197270277
6.258,2.23148677795,2.39006510134,2.23148677795,0.401667620031
6.259,0.377541817953,0.404505995645,0.377541817953,0.0679575272315
6.26,1.49489814475,1.60219649192,1.49489814475,0.269081666056
6.261,-1.30179358753,-1.39569447731,-1.30179358753,-0.234322845756
6.262,0.422611951263,0.45324586481,0.422611951263,0.0760701512274
6.263,0.573310228531,0.615071204605,0.573310228531,0.103195841136
6.264,-0.67899296235,-0.728692656417,-0.67899296235,-0.122218733223
6.265,-0.146912653954,-0.157718095541,-0.146912653954,-0.0264442777118
6.266,0.524078471958,0.562809767185,0.524078471958,0.0943341249524
6.267,0.660351520741,0.709387054541,0.660351520741,0.118863273733
6.268,0.217970106766,0.234232724457,0.217970106766,0.0392346192179
6.269,0.0218972389895,0.0235386923773,0.0218972389895,0.00394150301811
6.27,-0.542264755389,-0.583104617551,-0.542264755389,-0.0976076559701
6.271,0.344568765498,0.370640541855,0.344568765498,0.0620223777896
6.272,0.714162551506,0.768450304419,0.714162551506,0.128549259271
6.273,2.3271962149,2.50491618815,2.3271962149,0.418895318683
6.274,-0.56527434832,-0.608640356082,-0.56527434832,-0.101749382698
6.275,-1.16509394975,-1.25488367366,-1.16509394975,-0.209716910955
6.276,0.0909612468207,0.0980030896125,0.0909612468207,0.0163730244277
6.277,0.292053175478,0.314764627549,0.292053175478,0.0525695715861
6.278,2.06712849329,2.22859870578,2.06712849329,0.372083128792
6.279,-0.597150730372,-0.644004001522,-0.597150730372,-0.107487131467
6.28,0.310343730958,0.33480162558,0.310343730958,0.0558618715725
6.281,0.723461907791,0.780728474293,0.723461907791,0.130223143402
6.282,2.54109192128,2.74311667075,2.54109192128,0.457396545831
6.283,1.16409880252,1.25705154592,1.16409880252,0.209537784454
6.284,0.723443793198,0.781460740575,0.723443793198,0.130219882776
6.285,0.409399638217,0.442373125647,0.409399638217,0.073691934879
6.286,0.954183510113,1.03136380241,0.954183510113,0.17175303182
6.287,-0.129574932624,-0.140100424918,-0.129574932624,-0.0233234878722
6.288,0.500554767356,0.541387633521,0.500554767356,0.0900998581241
6.289,0.589791520968,0.638106705278,0.589791520968,0.106162473774
6.29,1.68365363876,1.82215525072,1.68365363876,0.303057654976
6.291,0.259019954009,0.280416439872,0.259019954009,0.0466235917216
6.292,0.0860426866487,0.0931797677223,0.0860426866487,0.0154876835968
6.293,-1.07288114556,-1.16224174841,-1.07288114556,-0.1931186062
6.294,2.20739751246,2.39200669174,2.20739751246,0.397331552243
6.295,-0.0934713169436,-0.101320417838,-0.0934713169436,-0.0168248370498
6.296,0.749478933145,0.812670687412,0.749478933145,0.134906207966
6.297,1.35224546369,1.46671940992,1.35224546369,0.243404183464
6.298,0.237850569729,0.258066617012,0.237850569729,0.0428131025512
6.299,1.19418573416,1.29609078811,1.19418573416,0.21495343215
6.3,-0.410246507726,-0.445393768241,-0.410246507726,-0.0738443713908
6.301,-0.718189652469,-0.779962767186,-0.718189652469,-0.129274137444
6.302,-0.162840355949,-0.176901714098,-0.162840355949,-0.0293112640708
6.303,0.0365216170359,0.039687619687,0.0365216170359,0.00657389106646
6.304,-1.7993035286,-1.95588955727,-1.7993035286,-0.323874635148
6.305,0.351063823383,0.381733788731,0.351063823383,0.0631914882089
6.306,-0.75959380198,-0.826209816774,-0.75959380198,-0.136726884356
6.307,0.54551321546,0.593537843786,0.54551321546,0.0981923787829
6.308,-0.0882289873492,-0.0960259072799,-0.0882289873492,-0.0158812177229
6.309,0.11620726056,0.126515623464,0.11620726056,0.0209173069008
6.31,-2.63787965753,-2.87276058509,-2.63787965753,-0.474818338355
6.311,-1.34561293727,-1.46587842516,-1.34561293727,-0.242210328709
6.312,-1.24574020133,-1.35749553258,-1.24574020133,-0.22423323624
6.313,-1.09861725851,-1.1975406458,-1.09861725851,-0.197751106531
6.314,-0.22742513393,-0.247979058685,-0.22742513393,-0.0409365241074
6.315,0.269065704759,0.293472480217,0.269065704759,0.0484318268565
6.316,-0.432186400104,-0.471533342732,-0.432186400104,-0.0777935520187
6.317,-1.04679286653,-1.14244190932,-1.04679286653,-0.188422715975
6.318,1.23865587634,1.35224656284,1.23865587634,0.222958057741
6.319,1.57584273535,1.72087658701,1.57584273535,0.283651692363
6.32,-0.6729234728,-0.735078886531,-0.6729234728,-0.121126225104
6.321,-1.28719436523,-1.40651253393,-1.28719436523,-0.231694985742
6.322,0.478094254081,0.522569420909,0.478094254081,0.0860569657346
6.323,1.387605016,1.51714506023,1.387605016,0.24976890288
6.324,1.12691897179,1.23249311182,1.12691897179,0.202845414922
6.325,0.760775374996,0.832297533444,0.760775374996,0.136939567499
6.326,0.19126328264,0.209307072154,0.19126328264,0.0344273908753
6.327,1.51730016215,1.66093915996,1.51730016215,0.273114029186
6.328,-0.470332355432,-0.515011332603,-0.470332355432,-0.0846598239778
6.329,-0.158145447243,-0.17322003373,-0.158145447243,-0.0284661805037
6.33,2.07446894759,2.27288595612,2.07446894759,0.373404410565
6.331,0.495565928244,0.543126776865,0.495565928244,0.0892018670838
6.332,-0.815275156491,-0.893784539374,-0.815275156491,-0.146749528168
6.333,1.1254037884,1.23414345151,1.1254037884,0.202572681911
6.334,-1.14170417286,-1.25238911977,-1.14170417286,-0.205506751115
6.335,-0.206177656267,-0.226232768247,-0.206177656267,-0.037111978128
6.336,0.348496765255,0.382508123226,0.348496765255,0.062729417746
6.337,-0.115273355508,-0.126560631445,-0.115273355508,-0.0207492039914
6.338,1.3398161027,1.47143968087,1.3398161027,0.241166898487
6.339,-0.58905419927,-0.647112644871,-0.58905419927,-0.106029755869
6.34,-0.92652690255,-1.01814541442,-0.92652690255,-0.166774842459
6.341,-0.267419446484,-0.293948801236,-0.267419446484,-0.0481355003671
6.342,0.439888663123,0.483668936681,0.439888663123,0.0791799593622
6.343,-0.0354014346164,-0.0389361309314,-0.0354014346164,-0.00637225823095
6.344,-0.917342118894,-1.00922861968,-0.917342118894,-0.165121581401
6.345,0.766587707188,0.843618611851,0.766587707188,0.137985787294
6.346,-0.385919892609,-0.42482232543,-0.385919892609,-0.0694655806696
6.347,-1.3053673184,-1.43736992413,-1.3053673184,-0.234966117312
6.348,-0.301719808856,-0.332326581224,-0.301719808856,-0.0543095655941
6.349,0.26568808919,0.292724158247,0.26568808919,0.0478238560542
6.35,0.33007401322,0.363766603554,0.33007401322,0.0594133223797
6.351,-1.19040099152,-1.31228924396,-1.19040099152,-0.214272178474
6.352,-0.552704069084,-0.60947168736,-0.552704069084,-0.0994867324352
6.353,-0.380988624074,-0.42023986945,-0.380988624074,-0.0685779523334
6.354,-0.576684092102,-0.636278683393,-0.576684092102,-0.103803136578
6.355,-1.06280795929,-1.17297334906,-1.06280795929,-0.191305432672
6.356,0.0310891043312,0.0343214231601,0.0310891043312,0.00559603877962
6.357,1.8961634737,2.09390209593,1.8961634737,0.341309425267
6.358,-0.815655668462,-0.900970887902,-0.815655668462,-0.146818020323
6.359,0.910847762064,1.00640500138,0.910847762064,0.163952597171
6.36,0.389183444532,0.430134449025,0.389183444532,0.0700530200157
6.361,-0.265637956545,-0.293672083175,-0.265637956545,-0.0478148321781
6.362,-0.538369493229,-0.595354207396,-0.538369493229,-0.0969065087811
6.363,-0.438235289384,-0.484757536127,-0.438235289384,-0.078882352089
6.364,-0.514589612294,-0.569377449676,-0.514589612294,-0.0926261302129
6.365,0.105094307132,0.116316212113,0.105094307132,0.0189169752838
6.366,-0.324067416432,-0.358771573086,-0.324067416432,-0.0583321349577
6.367,-0.536161965697,-0.593745110418,-0.536161965697,-0.0965091538254
6.368,0.112836252615,0.124989597683,0.112836252615,0.0203105254707
6.369,0.432516586517,0.479235456025,0.432516586517,0.0778529855731
6.37,0.172115133155,0.190759413289,0.172115133155,0.0309807239679
6.371,1.82970938754,2.02847458163,1.82970938754,0.329347689757
6.372,0.581096374759,0.644400605158,0.581096374759,0.104597347457
6.373,-0.196102695162,-0.217526134688,-0.196102695162,-0.0352984851291
6.374,-0.679667442326,-0.754126566774,-0.679667442326,-0.122340139619
6.375,-3.04179489782,-3.37596069469,-3.04179489782,-0.547523081608
6.376,0.335635817105,0.372610614238,0.335635817105,0.0604144470788
6.377,0.83016498907,0.92187192784,0.83016498907,0.149429698033
6.378,0.991722854789,1.10157872588,0.991722854789,0.178510113862
6.379,-1.49144560829,-1.65711048929,-1.49144560829,-0.268460209492
6.38,-0.308769081614,-0.343159849199,-0.308769081614,-0.0555784346906
6.381,1.73372073286,1.92734831108,1.73372073286,0.312069731915
6.382,0.00446488793434,0.0049648921313,0.00446488793434,0.00080367982818
6.383,-0.7829920604,-0.870912631403,-0.7829920604,-0.140938570872
6.384,0.481166424826,0.535340758747,0.481166424826,0.0866099564687
6.385,-1.15166376655,-1.28167599141,-1.15166376655,-0.20729947798
6.386,1.4235804235,1.58471763492,1.4235804235,0.25624447623
6.387,0.305505330262,0.34017766884,0.305505330262,0.0549909594472
6.388,-1.20697721824,-1.34432103367,-1.20697721824,-0.217255899283
6.389,-0.811671975271,-0.90427634769,-0.811671975271,-0.146100955549
6.39,1.03141636885,1.14939982392,1.03141636885,0.185654946393
6.391,-0.541614988643,-0.603731804376,-0.541614988643,-0.0974906979557
6.392,0.168498229278,0.187873178329,0.168498229278,0.03032968127
6.393,0.716816264132,0.799453374409,0.716816264132,0.129026927544
6.394,-0.308981460813,-0.344693700676,-0.308981460813,-0.0556166629463
6.395,1.14005180176,1.27215764555,1.14005180176,0.205209324316
6.396,-0.334798404469,-0.373692977337,-0.334798404469,-0.0602637128044
6.397,0.355300826585,0.396682253368,0.355300826585,0.0639541487853
6.398,0.819160199547,0.914808478682,0.819160199547,0.147448835918
6.399,1.12620738331,1.25803950691,1.12620738331,0.202717328996
6.4,-0.708179998477,-0.791286807056,-0.708179998477,-0.127472399726
6.401,2.68367767422,2.99940262834,2.68367767422,0.48306198136
6.402,1.01637267198,1.13624327866,1.01637267198,0.182947080956
6.403,-1.23386810365,-1.37975128192,-1.23386810365,-0.222096258658
6.404,-0.220123248055,-0.2462132888,-0.220123248055,-0.0396221846498
6.405,1.41718579556,1.58557088707,1.41718579556,0.255093443201
6.406,0.419964459522,0.469985537514,0.419964459522,0.075593602714
6.407,-1.46624664065,-1.64131468638,-1.46624664065,-0.263924395317
6.408,0.860788855369,0.963815971293,0.860788855369,0.154941993966
6.409,-0.88209961504,-0.987933155405,-0.88209961504,-0.158777930707
6.41,-0.139997465678,-0.156834763951,-0.139997465678,-0.025199543822
6.411,-1.08659526022,-1.2175925636,-1.08659526022,-0.195587146839
6.412,2.36342230591,2.64903269325,2.36342230591,0.425416015064
6.413,0.119148553719,0.133581512979,0.119148553719,0.0214467396694
6.414,-0.922036275469,-1.03399151085,-0.922036275469,-0.165966529584
6.415,0.494444719723,0.554623003865,0.494444719723,0.0890000495502
6.416,-1.41564921358,-1.58835196546,-1.41564921358,-0.254816858444
6.417,-1.74783994716,-1.96156859002,-1.74783994716,-0.314611190488
6.418,-1.28788139662,-1.44573348533,-1.28788139662,-0.231818651391
6.419,-0.754723271237,-0.847442872738,-0.754723271237,-0.135850188823
6.42,0.894283718048,1.00440327832,0.894283718048,0.160971069249
6.421,-0.510301630011,-0.573283772294,-0.510301630011,-0.0918542934019
6.422,0.381422489156,0.428606419847,0.381422489156,0.068656048048
6.423,-1.86073310302,-2.09144250521,-1.86073310302,-0.334931958544
6.424,0.706003412163,0.793739337278,0.706003412163,0.127080614189
6.425,-0.173662528965,-0.195292817484,-0.173662528965,-0.0312592552137
6.426,0.021223878972,0.0238733708042,0.021223878972,0.00382029821496
6.427,-0.815715244464,-0.917774914198,-0.815715244464,-0.146828744003
6.428,-0.48860387585,-0.549873664876,-0.48860387585,-0.087948697653
6.429,-0.870735077771,-0.980167390238,-0.870735077771,-0.156732313999
6.43,-1.12437951342,-1.26600411474,-1.12437951342,-0.202388312416
6.431,0.388027944101,0.437011602733,0.388027944101,0.0698450299382
6.432,-1.3306597413,-1.49901004159,-1.3306597413,-0.239518753434
6.433,0.202640540347,0.228334326914,0.202640540347,0.0364752972624
6.434,0.0669049525355,0.075406758752,0.0669049525355,0.0120428914564
6.435,0.91287384567,1.02912870993,0.91287384567,0.164317292221
6.436,0.498862879799,0.562531477936,0.498862879799,0.0897953183639
6.437,-0.222409403698,-0.250856457016,-0.222409403698,-0.0400336926656
6.438,-0.754827749655,-0.85158162598,-0.754827749655,-0.135868994938
6.439,1.55703676643,1.75704694993,1.55703676643,0.280266617958
6.44,1.17560448038,1.32694093862,1.17560448038,0.211608806468
6.441,0.483894073935,0.54631901131,0.483894073935,0.0871009333083
6.442,0.270975314591,0.306006870196,0.270975314591,0.0487755566263
6.443,0.800872046414,0.904627547476,0.800872046414,0.144156968354
6.444,3.10088535897,3.50346188555,3.10088535897,0.558159364615
6.445,0.0677703105384,0.0765871596896,0.0677703105384,0.0121986558969
6.446,-0.940963750715,-1.06363830744,-0.940963750715,-0.169373475129
6.447,-0.602142153026,-0.68080774122,-0.602142153026,-0.108385587545
6.448,-0.44391897036,-0.502034223391,-0.44391897036,-0.0799054146647
6.449,-0.00870042503375,-0.00984178881299,-0.00870042503375,-0.00156607650608
6.45,0.00088664105962,0.00100319452327,0.00088664105962,0.000159595390732
6.451,0.415145210018,0.46983013996,0.415145210018,0.0747261378032
6.452,-0.426148001906,-0.482397019432,-0.426148001906,-0.076706640343
6.453,0.943994842234,1.06885030553,0.943994842234,0.169919071602
6.454,-0.00379059343773,-0.00429296515822,-0.00379059343773,-0.000682306818792
6.455,-0.133513910731,-0.1512444181,-0.133513910731,-0.0240325039316
6.456,-1.71026561868,-1.93784426838,-1.71026561868,-0.307847811362
6.457,0.564170887303,0.639393528606,0.564170887303,0.101550759715
6.458,0.78564683044,0.890608781022,0.78564683044,0.141416429479
6.459,0.59534552654,0.675041600993,0.59534552654,0.107162194777
6.46,0.158913098685,0.180228206534,0.158913098685,0.0286043577633
6.461,0.125660356042,0.142548535668,0.125660356042,0.0226188640876
6.462,1.05840274778,1.20092706048,1.05840274778,0.190512494601
6.463,-0.725885756344,-0.823824934803,-0.725885756344,-0.130659436142
6.464,-0.0498655766691,-0.0566067573981,-0.0498655766691,-0.00897580380044
6.465,0.42268641227,0.47993926439,0.42268641227,0.0760835542087
6.466,-0.472853833919,-0.537025934385,-0.472853833919,-0.0851136901054
6.467,-0.300991705583,-0.341918824139,-0.300991705583,-0.054178507005
6.468,-1.32559856624,-1.50619234438,-1.32559856624,-0.238607741923
6.469,0.0952775951024,0.108282659002,0.0952775951024,0.0171499671184
6.47,0.843356423128,0.958691298235,0.843356423128,0.151804156163
6.471,-1.34927263939,-1.5341457943,-1.34927263939,-0.242869075091
6.472,-0.974718949694,-1.10852478861,-0.974718949694,-0.175449410945
6.473,1.3826036132,1.57276036278,1.3826036132,0.248868650375
6.474,-0.545184619891,-0.620307625166,-0.545184619891,-0.0981332315803
6.475,0.368639481777,0.419530766768,0.368639481777,0.0663551067199
6.476,-0.514942265965,-0.586163459442,-0.514942265965,-0.0926896078736
6.477,-0.232410275531,-0.264614445395,-0.232410275531,-0.0418338495956
6.478,1.10479136157,1.25816124258,1.10479136157,0.198862445083
6.479,-1.56427745864,-1.78183472365,-1.56427745864,-0.281569942556
6.48,-1.10029695064,-1.25360560903,-1.10029695064,-0.198053451115
6.481,0.0338416410545,0.0385655568728,0.0338416410545,0.0060914953898
6.482,-1.52656766377,-1.74004794122,-1.52656766377,-0.274782179479
6.483,-1.64803671833,-1.87892216786,-1.64803671833,-0.2966466093
6.484,1.0862042182,1.23865377839,1.0862042182,0.195516759275
6.485,-0.642335204459,-0.732649909346,-0.642335204459,-0.115620336803
6.486,0.342685264786,0.390954595576,0.342685264786,0.0616833476616
6.487,1.56501712203,1.7858537524,1.56501712203,0.281703081966
6.488,-0.72845683069,-0.831431187544,-0.72845683069,-0.131122229524
6.489,-0.41237494237,-0.470771584593,-0.41237494237,-0.0742274896265
6.49,1.94767355951,2.22397249994,1.94767355951,0.350581240711
6.491,-1.57865364886,-1.80299765236,-1.57865364886,-0.284157656795
6.492,-0.247352260759,-0.282565434988,-0.247352260759,-0.0445234069366
6.493,2.21556971437,2.53153075312,2.21556971437,0.398802548586
6.494,0.691928370248,0.790775763793,0.691928370248,0.124547106645
6.495,0.388909463682,0.444564661204,0.388909463682,0.0700037034628
6.496,-0.364917975001,-0.417230150206,-0.364917975001,-0.0656852355002
6.497,-0.105986613146,-0.121206310865,-0.105986613146,-0.0190775903663
6.498,0.788999858765,0.9024948312,0.788999858765,0.142019974578
6.499,-1.0622695111,-1.21533465618,-1.0622695111,-0.191208511999
6.5,0.19133669061,0.218953847012,0.19133669061,0.0344406043099
6.501,0.207921068548,0.237982907204,0.207921068548,0.0374257923387
6.502,0.737765766198,0.844614436125,0.737765766198,0.132797837916
6.503,0.327973995723,0.375553604102,0.327973995723,0.0590353192302
6.504,-0.997521752268,-1.14247632497,-0.997521752268,-0.179553915408
6.505,-0.778703359405,-0.892049557981,-0.778703359405,-0.140166604693
6.506,-0.333568868434,-0.3822032135,-0.333568868434,-0.0600423963181
6.507,-1.20240449968,-1.37800594904,-1.20240449968,-0.216432809943
6.508,0.505491991628,0.579437028631,0.505491991628,0.0909885584931
6.509,0.630866810376,0.72330405547,0.630866810376,0.113556025868
6.51,0.702127157943,0.805174542523,0.702127157943,0.12638288843
6.511,0.670213983281,0.768738408595,0.670213983281,0.120638516991
6.512,1.17636129447,1.34957319302,1.17636129447,0.211745033004
6.513,-0.32952276076,-0.378121649484,-0.32952276076,-0.0593140969368
6.514,0.866186650653,0.994140601258,0.866186650653,0.155913597118
6.515,-1.0368059186,-1.1902105067,-1.0368059186,-0.186625065347
6.516,0.437311304727,0.502119158557,0.437311304727,0.0787160348509
6.517,-2.25298042119,-2.58739700279,-2.25298042119,-0.405536475814
6.518,0.712021422771,0.817877135855,0.712021422771,0.128163856099
6.519,1.12618689685,1.2938818463,1.12618689685,0.202713641432
6.52,0.048904449741,0.0561980773574,0.048904449741,0.00880280095339
6.521,0.538572122217,0.619021411234,0.538572122217,0.096942981999
6.522,0.355135179136,0.408266744497,0.355135179136,0.0639243322444
6.523,0.598974751825,0.688727026023,0.598974751825,0.107815455328
6.524,0.851944904116,0.979801738474,0.851944904116,0.153350082741
6.525,-2.20316382298,-2.53431949212,-2.20316382298,-0.396569488137
6.526,0.278140623079,0.320012292081,0.278140623079,0.0500653121543
6.527,1.19292444032,1.3727853239,1.19292444032,0.214726399257
6.528,-0.0967324426457,-0.111339454372,-0.0967324426457,-0.0174118396762
6.529,-0.441081913419,-0.507788914925,-0.441081913419,-0.0793947444154
6.53,-0.907979947558,-1.04550723944,-0.907979947558,-0.16343639056
6.531,0.112697648791,0.129793293378,0.112697648791,0.0202855767823
6.532,1.20377887789,1.3866616814,1.20377887789,0.21668019802
6.533,-1.36167205152,-1.5688539208,-1.36167205152,-0.245100969274
6.534,1.21196636254,1.39664659599,1.21196636254,0.218153945258
6.535,-0.218631240506,-0.251996173303,-0.218631240506,-0.0393536232911
6.536,-0.493200326478,-0.568578767055,-0.493200326478,-0.0887760587661
6.537,-1.44133994218,-1.66195418752,-1.44133994218,-0.259441189593
6.538,0.0501345714382,0.0578195977994,0.0501345714382,0.00902422285887
6.539,-0.249446112419,-0.287739458387,-0.249446112419,-0.0449003002355
6.54,1.02240675994,1.17959006388,1.02240675994,0.184033216789
6.541,-0.771615262533,-0.890415483566,-0.771615262533,-0.138890747256
6.542,-0.395161155509,-0.456089874242,-0.395161155509,-0.0711290079916
6.543,0.213722708146,0.24672373521,0.213722708146,0.0384700874664
6.544,0.361331758552,0.417205730933,0.361331758552,0.0650397165394
6.545,1.23929540043,1.4312075739,1.23929540043,0.223073172078
6.546,-0.646013814013,-0.74619621059,-0.646013814013,-0.116282486522
6.547,1.18684342407,1.37115925023,1.18684342407,0.213631816333
6.548,1.28708796927,1.48725598652,1.28708796927,0.231675834468
6.549,-0.712735144689,-0.823736828122,-0.712735144689,-0.128292326044
6.55,0.429496520623,0.496480918975,0.429496520623,0.0773093737121
6.551,1.98955185178,2.30027927694,1.98955185178,0.35811933332
6.552,-1.18504978864,-1.37038969323,-1.18504978864,-0.213308961956
6.553,0.0659017806827,0.0762230998937,0.0659017806827,0.0118623205229
6.554,-0.54579805011,-0.631397993735,-0.54579805011,-0.0982436490197
6.555,-1.62096695776,-1.87554258544,-1.62096695776,-0.291774052396
6.556,0.0101912624115,0.0117940262627,0.0101912624115,0.00183442723408
6.557,0.648480288233,0.750605969356,0.648480288233,0.116726451882
6.558,1.20558560764,1.39570683949,1.20558560764,0.217005409376
6.559,-0.828733623023,-0.959603488415,-0.828733623023,-0.149172052144
6.56,0.350866055736,0.406348545756,0.350866055736,0.0631558900325
6.561,0.886519175058,1.02689437346,0.886519175058,0.15957345151
6.562,0.0283281163511,0.0328197609215,0.0283281163511,0.00509906094319
6.563,0.729495290874,0.845317913878,0.729495290874,0.131309152357
6.564,-0.947087983005,-1.0976592959,-0.947087983005,-0.170475836941
6.565,-0.154662323087,-0.179283864864,-0.154662323087,-0.0278392181556
6.566,2.09775824391,2.43215554213,2.09775824391,0.377596483903
6.567,-1.62032685903,-1.87896011848,-1.62032685903,-0.291658834625
6.568,-0.552709498845,-0.641048179071,-0.552709498845,-0.0994877097921
6.569,-0.334610448567,-0.38816094941,-0.334610448567,-0.0602298807421
6.57,0.23080076267,0.267786064771,0.23080076267,0.0415441372807
6.571,-0.144755921864,-0.167982968949,-0.144755921864,-0.0260560659355
6.572,-0.369431742038,-0.42878648705,-0.369431742038,-0.0664977135668
6.573,0.00325273920781,0.00377601652172,0.00325273920781,0.000585493057406
6.574,-0.712591068946,-0.827375324474,-0.712591068946,-0.12826639241
6.575,-0.0556218678755,-0.064592946552,-0.0556218678755,-0.0100119362176
6.576,-0.57668169885,-0.669811845414,-0.57668169885,-0.103802705793
6.577,-0.56563183458,-0.65709386963,-0.56563183458,-0.101813730224
6.578,-0.386343542138,-0.448894138787,-0.386343542138,-0.0695418375849
6.579,-0.380992379024,-0.442754579695,-0.380992379024,-0.0685786282243
6.58,-0.906852166634,-1.05404597429,-0.906852166634,-0.163233389994
6.581,0.71546504533,0.83173993626,0.71546504533,0.128783708159
6.582,-1.52550253653,-1.77373172026,-1.52550253653,-0.274590456575
6.583,-0.453351926252,-0.527213009323,-0.453351926252,-0.0816033467254
6.584,-1.20811413439,-1.40518680209,-1.20811413439,-0.21746054419
6.585,-0.522320821329,-0.607629245769,-0.522320821329,-0.0940177478392
6.586,-0.287147022197,-0.334103226841,-0.287147022197,-0.0516864639954
6.587,-1.58671891478,-1.84650787811,-1.58671891478,-0.28560940466
6.588,1.43228792413,1.66707868523,1.43228792413,0.257811826343
6.589,0.252238879381,0.293637953653,0.252238879381,0.0454029982885
6.59,0.180143998737,0.209746219135,0.180143998737,0.0324259197727
6.591,0.735958537098,0.85704112342,0.735958537098,0.132472536678
6.592,0.286366372705,0.333537057738,0.286366372705,0.0515459470869
6.593,0.0784177096037,0.0913502581823,0.0784177096037,0.0141151877287
6.594,1.62417517732,1.89235161445,1.62417517732,0.292351531918
6.595,0.0602338913931,0.0701912567074,0.0602338913931,0.0108421004508
6.596,-1.71075912021,-1.9939023285,-1.71075912021,-0.307936641638
6.597,-0.725314543587,-0.845500973862,-0.725314543587,-0.130556617846
6.598,-1.14748499231,-1.33784943679,-1.14748499231,-0.206547298615
6.599,-0.230778113364,-0.269108325499,-0.230778113364,-0.0415400604055
6.6,-0.532860199959,-0.621466721405,-0.532860199959,-0.0959148359927
6.601,0.25939131867,0.302574204578,0.25939131867,0.0466904373607
6.602,0.94191090363,1.0988994255,0.94191090363,0.169543962653
6.603,-1.04179112899,-1.21562668653,-1.04179112899,-0.187522403219
6.604,1.01170857957,1.18071815689,1.01170857957,0.182107544323
6.605,-2.13461296517,-2.49161524781,-2.13461296517,-0.38423033373
6.606,-0.492135281565,-0.574535880509,-0.492135281565,-0.0885843506816
6.607,-1.41713649411,-1.65468353356,-1.41713649411,-0.255084568939
6.608,1.67632094469,1.95763099258,1.67632094469,0.301737770044
6.609,-0.00379195181621,-0.00442900997605,-0.00379195181621,-0.000682551326918
6.61,-0.123795906097,-0.144617253289,-0.123795906097,-0.0222832630974
6.611,1.01075323165,1.18094244412,1.01075323165,0.181935581698
6.612,1.58118648089,1.84772035457,1.58118648089,0.28461356656
6.613,0.164987687516,0.192829747811,0.164987687516,0.0296977837528
6.614,0.191965829417,0.224396234344,0.191965829417,0.034553849295
6.615,0.959791597101,1.12211535548,0.959791597101,0.172762487478
6.616,-1.79837551745,-2.10285661366,-1.79837551745,-0.32370759314
6.617,2.20115665069,2.57423824,2.20115665069,0.396208197125
6.618,0.578109396563,0.676201471549,0.578109396563,0.104059691381
6.619,-0.738462194957,-0.863897936961,-0.738462194957,-0.132923195092
6.62,0.92428256573,1.0814509046,0.92428256573,0.166370861831
6.621,-0.823757106621,-0.963981919356,-0.823757106621,-0.148276279192
6.622,0.0304004405383,0.0355809097378,0.0304004405383,0.00547207929689
6.623,0.592189013298,0.69320991157,0.592189013298,0.106594022394
6.624,-0.701866097657,-0.821723524034,-0.701866097657,-0.126335897578
6.625,0.0371630020004,0.0435160102754,0.0371630020004,0.00668934036008
6.626,-1.0448019867,-1.22359836705,-1.0448019867,-0.188064357605
6.627,-2.45840030129,-2.87954524369,-2.45840030129,-0.442512054232
6.628,0.0431621456695,0.0505638960065,0.0431621456695,0.0077691862205
6.629,-0.280431027772,-0.328571245691,-0.280431027772,-0.0504775849989
6.63,0.285727041254,0.334827108213,0.285727041254,0.0514308674257
6.631,-0.305583902182,-0.35815029055,-0.305583902182,-0.0550051023928
6.632,-2.12989125298,-2.49664976557,-2.12989125298,-0.383380425537
6.633,0.460468505379,0.539840262237,0.460468505379,0.0828843309682
6.634,-0.593118832905,-0.695459738089,-0.593118832905,-0.106761389923
6.635,0.692969471069,0.812660420553,0.692969471069,0.124734504792
6.636,1.53393575748,1.79914719461,1.53393575748,0.276108436346
6.637,-0.720421809049,-0.84510502576,-0.720421809049,-0.129675925629
6.638,-0.289985663965,-0.340223618645,-0.289985663965,-0.0521974195136
6.639,0.062745399855,0.0736264246095,0.062745399855,0.0112941719739
6.64,-1.44664115247,-1.69776006532,-1.44664115247,-0.260395407444
6.641,-0.693562383334,-0.814075150009,-0.693562383334,-0.124841229
6.642,-0.842334405727,-0.988841687035,-0.842334405727,-0.151620193031
6.643,0.40279618626,0.472923207111,0.40279618626,0.0725033135268
6.644,-0.0799637888814,-0.0938991107982,-0.0799637888814,-0.0143934819986
6.645,-2.18570885316,-2.5669833807,-2.18570885316,-0.393427593569
6.646,-1.25292050357,-1.4716911627,-1.25292050357,-0.225525690642
6.647,0.514592220091,0.604531022042,0.514592220091,0.0926265996165
6.648,1.6827211934,1.97710412005,1.6827211934,0.302889814811
6.649,-0.293746599301,-0.345185079226,-0.293746599301,-0.0528743878742
6.65,1.1675617946,1.37221013899,1.1675617946,0.210161123029
6.651,-0.837447498908,-0.984373037831,-0.837447498908,-0.150740549803
6.652,-1.0440937847,-1.22744712252,-1.0440937847,-0.187936881247
6.653,1.52888413171,1.79762378922,1.52888413171,0.275199143707
6.654,1.0284257376,1.2093664402,1.0284257376,0.185116632768
6.655,0.83819979706,0.985809638292,0.83819979706,0.150875963471
6.656,-0.362394052249,-0.426272084617,-0.362394052249,-0.0652309294048
6.657,0.480838161218,0.565672247868,0.480838161218,0.0865508690192
6.658,-0.347790044739,-0.409206944175,-0.347790044739,-0.062602208053
6.659,0.520747646859,0.612791677982,0.520747646859,0.0937345764346
6.66,-0.482720866064,-0.568121335108,-0.482720866064,-0.0868897558915
6.661,-0.266984983394,-0.31426146942,-0.266984983394,-0.048057297011
6.662,-1.02022884031,-1.20104965582,-1.02022884031,-0.183641191257
6.663,-0.589402354516,-0.693959441547,-0.589402354516,-0.106092423813
6.664,-0.0141628908041,-0.0166775701143,-0.0141628908041,-0.00254932034474
6.665,-0.110963792539,-0.130683451589,-0.110963792539,-0.0199734826571
6.666,-1.86710047607,-2.19920250352,-1.86710047607,-0.336078085693
6.667,0.444885668658,0.524087696809,0.444885668658,0.0800794203585
6.668,0.19123624916,0.225311611304,0.19123624916,0.0344225248489
6.669,-0.831533786969,-0.97983027606,-0.831533786969,-0.149676081654
6.67,-1.16299848978,-1.3705897949,-1.16299848978,-0.209339728161
6.671,-0.0198386582122,-0.0233828701199,-0.0198386582122,-0.00357095847819
6.672,-0.764863122131,-0.901625556998,-0.764863122131,-0.137675361984
6.673,-0.322713652173,-0.38046664596,-0.322713652173,-0.0580884573912
6.674,-0.702014824525,-0.827755519414,-0.702014824525,-0.126362668414
6.675,0.281164704566,0.331568255622,0.281164704566,0.0506096468219
6.676,0.61596952088,0.726486414991,0.61596952088,0.110874513758
6.677,-0.687784197699,-0.811290498666,-0.687784197699,-0.123801155586
6.678,-1.15072205224,-1.35753284146,-1.15072205224,-0.207129969403
6.679,0.148807654574,0.175574194081,0.148807654574,0.0267853778233
6.68,1.7556944861,2.07176098737,1.7556944861,0.316025007498
6.681,-1.26257079573,-1.49005235848,-1.26257079573,-0.227262743231
6.682,1.32372926285,1.56242735514,1.32372926285,0.238271267312
6.683,0.398327070348,0.470213562823,0.398327070348,0.0716988726626
6.684,0.111677487363,0.131848568709,0.111677487363,0.0201019477253
6.685,0.647028518596,0.763989614726,0.647028518596,0.116465133347
6.686,-0.803596997507,-0.948978502426,-0.803596997507,-0.144647459551
6.687,-0.932201380018,-1.10098559801,-0.932201380018,-0.167796248403
6.688,0.0592142278449,0.0699441803392,0.0592142278449,0.0106585610121
6.689,-0.185681608289,-0.219355138615,-0.185681608289,-0.0334226894921
6.69,0.292785510771,0.34592480415,0.292785510771,0.0527013919387
6.691,0.902586648582,1.06653231327,0.902586648582,0.162465596745
6.692,-0.880249866711,-1.04026470053,-0.880249866711,-0.158444976008
6.693,-1.26080596551,-1.49017996503,-1.26080596551,-0.226945073793
6.694,0.681724038824,0.805844851257,0.681724038824,0.122710326988
6.695,0.830879698538,0.982275082835,0.830879698538,0.149558345737
6.696,-0.581248909811,-0.687241021279,-0.581248909811,-0.104624803766
6.697,-0.277180108567,-0.327763597532,-0.277180108567,-0.049892419542
6.698,0.128959503905,0.152511831233,0.128959503905,0.0232127107028
6.699,-0.0102778582717,-0.0121563759314,-0.0102778582717,-0.00185001448891
6.7,0.738224616024,0.873255090826,0.738224616024,0.132880430884
6.701,-0.621997513004,-0.735854836315,-0.621997513004,-0.111959552341
6.702,-0.431151752624,-0.510134086801,-0.431151752624,-0.0776073154723
6.703,-0.689637216611,-0.816066136169,-0.689637216611,-0.12413469899
6.704,-0.20143540955,-0.238391491648,-0.20143540955,-0.036258373719
6.705,-1.10985847524,-1.31362860769,-1.10985847524,-0.199774525544
6.706,-1.12556012272,-1.33236600619,-1.12556012272,-0.202600822089
6.707,-1.13697295518,-1.34602963327,-1.13697295518,-0.204655131932
6.708,0.473594753055,0.560739049291,0.473594753055,0.0852470555498
6.709,-0.180278482401,-0.213475006307,-0.180278482401,-0.0324501268322
6.71,0.268332062544,0.317778656087,0.268332062544,0.0482997712579
6.711,1.14161101961,1.35213206442,1.14161101961,0.20548998353
6.712,0.188365953143,0.223126915692,0.188365953143,0.0339058715657
6.713,-0.46309166119,-0.548611492933,-0.46309166119,-0.0833564990142
6.714,0.275829201647,0.326803244721,0.275829201647,0.0496492562964
6.715,0.418704615791,0.496137248279,0.418704615791,0.0753668308423
6.716,-0.255004572208,-0.302196764915,-0.255004572208,-0.0459008229974
6.717,-1.59978288342,-1.89605284981,-1.59978288342,-0.287960919015
6.718,1.55631122783,1.84473158379,1.55631122783,0.280136021009
6.719,-0.518073503148,-0.614151114927,-0.518073503148,-0.0932532305667
6.72,-1.57345633536,-1.86545802315,-1.57345633536,-0.283222140365
6.721,1.33779682971,1.58623548328,1.33779682971,0.240803429348
6.722,-0.209703045286,-0.248673060261,-0.209703045286,-0.0377465481515
6.723,-1.71156220931,-2.02984550804,-1.71156220931,-0.308081197675
6.724,0.599767110716,0.711375703548,0.599767110716,0.107958079929
6.725,-0.216391959685,-0.256686706408,-0.216391959685,-0.0389505527434
6.726,-1.28503456723,-1.52448352337,-1.28503456723,-0.231306222102
6.727,0.887933460395,1.05349821614,0.887933460395,0.159828022871
6.728,-1.39025258776,-1.64965202152,-1.39025258776,-0.250245465797
6.729,-0.368109527261,-0.436838320843,-0.368109527261,-0.0662597149069
6.73,-0.00456155427035,-0.00541378928422,-0.00456155427035,-0.000821079768662
6.731,0.389313301144,0.462096166351,0.389313301144,0.0700763942059
6.732,-0.00898863301586,-0.0106701662414,-0.00898863301586,-0.00161795394286
6.733,1.96960701396,2.33830588072,1.96960701396,0.354529262513
6.734,-1.95456053859,-2.32067786872,-1.95456053859,-0.351820896946
6.735,0.495511060798,0.588386734722,0.495511060798,0.0891919909437
6.736,-0.359554224581,-0.426989791441,-0.359554224581,-0.0647197604247
6.737,-0.503698382453,-0.598228390356,-0.503698382453,-0.0906657088415
6.738,1.40875356061,1.67330322687,1.40875356061,0.25357564091
6.739,0.0868819367413,0.103207691645,0.0868819367413,0.0156387486134
6.74,2.00614946381,2.38335424485,2.00614946381,0.361106903485
6.741,1.4481689138,1.7206283077,1.4481689138,0.260670404484
6.742,0.0901105756899,0.107074469042,0.0901105756899,0.0162199036242
6.743,-0.753338732842,-0.895246384587,-0.753338732842,-0.135600971911
6.744,1.73383710015,2.06064165471,1.73383710015,0.312090678027
6.745,-1.09391482063,-1.30022761224,-1.09391482063,-0.196904667714
6.746,-0.676778960404,-0.804496601438,-0.676778960404,-0.121820212873
6.747,1.33924025718,1.59212491235,1.33924025718,0.241063246293
6.748,0.711435015051,0.845853103444,0.711435015051,0.128058302709
6.749,-1.07300405577,-1.27585680373,-1.07300405577,-0.193140730038
6.75,0.407239421117,0.484273865573,0.407239421117,0.073303095801
6.751,-0.332451827647,-0.395376076628,-0.332451827647,-0.0598413289765
6.752,0.452694248674,0.538427052712,0.452694248674,0.0814849647613
6.753,0.330852869478,0.393547198278,0.330852869478,0.059553516506
6.754,-0.366758295255,-0.436296450349,-0.366758295255,-0.0660164931459
6.755,-1.77281055055,-2.10913154846,-1.77281055055,-0.319105899099
6.756,0.400982055344,0.477095889641,0.400982055344,0.0721767699619
6.757,-0.376482717497,-0.447986544763,-0.376482717497,-0.0677668891494
6.758,-1.3202474818,-1.57113771044,-1.3202474818,-0.237644546724
6.759,-2.25998300061,-2.68969383628,-2.25998300061,-0.406796940109
6.76,-0.530664566236,-0.631620659166,-0.530664566236,-0.0955196219225
6.761,0.483301158818,0.575297419476,0.483301158818,0.0869942085872
6.762,-0.0103986581402,-0.0123791274476,-0.0103986581402,-0.00187175846524
6.763,0.00899870639796,0.0107134846212,0.00899870639796,0.00161976715163
6.764,-0.258284113078,-0.307529008561,-0.258284113078,-0.046491140354
6.765,-0.350113816998,-0.41690313587,-0.350113816998,-0.0630204870596
6.766,1.39663078128,1.66320135254,1.39663078128,0.251393540631
6.767,2.39566584226,2.8531628475,2.39566584226,0.431219851606
6.768,-0.402871765669,-0.479848390213,-0.402871765669,-0.0725169178203
6.769,1.04290380015,1.24227613467,1.04290380015,0.187722684027
6.77,-0.109357122157,-0.130273906968,-0.109357122157,-0.0196842819883
6.771,-0.511985301151,-0.609963885475,-0.511985301151,-0.0921573542072
6.772,-0.0184356177471,-0.0219654638886,-0.0184356177471,-0.00331841119448
6.773,1.56246396616,1.86178077698,1.56246396616,0.281243513908
6.774,1.57543883381,1.87739525453,1.57543883381,0.283578990086
6.775,-0.993319491994,-1.18380060108,-0.993319491994,-0.178797508559
6.776,1.36482041311,1.62667326189,1.36482041311,0.24566767436
6.777,2.01602187631,2.40300719163,2.01602187631,0.362883937736
6.778,-0.870553701273,-1.03774392369,-0.870553701273,-0.156699666229
6.779,-0.164591142407,-0.19621657302,-0.164591142407,-0.0296264056333
6.78,-0.057926836039,-0.0690626788247,-0.057926836039,-0.010426830487
6.781,1.34611023519,1.60501248386,1.34611023519,0.242299842333
6.782,0.208247785684,0.248320256474,0.208247785684,0.0374846014232
6.783,-0.486268411804,-0.579884597333,-0.486268411804,-0.0875283141247
6.784,-0.286791760391,-0.342031208366,-0.286791760391,-0.0516225168704
6.785,-0.41566054638,-0.495759688772,-0.41566054638,-0.0748188983485
6.786,-1.44313049735,-1.7213577677,-1.44313049735,-0.259763489523
6.787,-0.986904416691,-1.17726316446,-0.986904416691,-0.177642795004
6.788,-2.72069202211,-3.24571633559,-2.72069202211,-0.48972456398
6.789,-0.959895947546,-1.14521714937,-0.959895947546,-0.172781270558
6.79,-0.590759832936,-0.704866615223,-0.590759832936,-0.106336769928
6.791,-0.336074878034,-0.401018235018,-0.336074878034,-0.060493478046
6.792,-2.83118893702,-3.37853797279,-2.83118893702,-0.509614008663
6.793,-0.0161141163879,-0.0192308340269,-0.0161141163879,-0.00290054094982
6.794,-1.67440456974,-1.99840490569,-1.67440456974,-0.301392822553
6.795,0.407556056904,0.486453903426,0.407556056904,0.0733600902427
6.796,-0.290542099854,-0.346812272636,-0.290542099854,-0.0522975779736
6.797,-0.525935337226,-0.627839412674,-0.525935337226,-0.0946683607007
6.798,0.671395449571,0.801540082749,0.671395449571,0.120851180923
6.799,-1.28939828551,-1.53944564579,-1.28939828551,-0.232091691392
6.8,-0.235925124003,-0.281696644685,-0.235925124003,-0.0424665223205
6.801,1.15541020837,1.37966511962,1.15541020837,0.207973837507
6.802,1.229490593,1.4682245724,1.229490593,0.221308306739
6.803,0.555617430253,0.663548580483,0.555617430253,0.100011137445
6.804,-0.0717466111254,-0.0856895045295,-0.0717466111254,-0.0129143900026
6.805,-2.01199482097,-2.40315766878,-2.01199482097,-0.362159067775
6.806,0.216597954158,0.258725190961,0.216597954158,0.0389876317485
6.807,-0.138391946621,-0.165319443417,-0.138391946621,-0.0249105503918
6.808,0.199340762673,0.238142974377,0.199340762673,0.0358813372812
6.809,-1.62752286537,-1.94445138753,-1.62752286537,-0.292954115766
6.81,0.541091557985,0.646500513182,0.541091557985,0.0973964804372
6.811,0.853394280305,1.01970784248,0.853394280305,0.153610970455
6.812,1.33832531312,1.59924658228,1.33832531312,0.240898556362
6.813,-0.218949345607,-0.261652500335,-0.218949345607,-0.0394108822093
6.814,0.257692440189,0.307971271302,0.257692440189,0.0463846392339
6.815,0.3443188668,0.411525195209,0.3443188668,0.0619773960239
6.816,-0.457376533042,-0.546683996131,-0.457376533042,-0.0823277759476
6.817,0.0200998430778,0.0240260188424,0.0200998430778,0.003617971754
6.818,-1.22070255988,-1.45923573856,-1.22070255988,-0.219726460778
6.819,2.03596607466,2.43395411402,2.03596607466,0.36647389344
6.82,0.20311265786,0.242831418723,0.20311265786,0.0365602784149
6.821,0.569827552962,0.681298076657,0.569827552962,0.102568959533
6.822,1.05578265409,1.26239091945,1.05578265409,0.190040877737
6.823,0.130942559533,0.156576138459,0.130942559533,0.0235696607159
6.824,-0.338602692342,-0.404911735111,-0.338602692342,-0.0609484846215
6.825,-0.263684351171,-0.315340178375,-0.263684351171,-0.0474631832107
6.826,1.06099469823,1.26891623325,1.06099469823,0.190979045681
6.827,0.694850643271,0.831066511047,0.694850643271,0.125073115789
6.828,1.32075964275,1.5797649665,1.32075964275,0.237736735695
6.829,0.108795926823,0.130138406974,0.108795926823,0.0195832668282
6.83,-0.493665876063,-0.590540804424,-0.493665876063,-0.0888598576913
6.831,1.79939384954,2.15261706691,1.79939384954,0.323890892918
6.832,-0.0752453703888,-0.0900210072218,-0.0752453703888,-0.01354416667
6.833,0.57442756076,0.687262551247,0.57442756076,0.103396960937
6.834,-0.363693301185,-0.435156857527,-0.363693301185,-0.0654647942133
6.835,-0.515514345756,-0.616842367993,-0.515514345756,-0.0927925822361
6.836,0.178135674028,0.213160653816,0.178135674028,0.032064421325
6.837,0.0656613638331,0.0785757499525,0.0656613638331,0.01181904549
6.838,0.00226396816027,0.00270938820199,0.00226396816027,0.000407514268849
6.839,-0.255048318728,-0.305242823387,-0.255048318728,-0.045908697371
6.84,0.803469158596,0.96164344531,0.803469158596,0.144624448547
6.841,-0.118894592452,-0.142307774452,-0.118894592452,-0.0214010266414
6.842,0.318511958014,0.381253392638,0.318511958014,0.0573321524426
6.843,-0.874010835255,-1.04622726635,-0.874010835255,-0.157321950346
6.844,1.93916059622,2.32136819128,1.93916059622,0.349048907319
6.845,0.794512896373,0.951156604664,0.794512896373,0.143012321347
6.846,-1.60581949555,-1.9225091705,-1.60581949555,-0.289047509198
6.847,-2.73956797299,-3.28000256119,-2.73956797299,-0.493122235138
6.848,-0.391780462609,-0.469088814369,-0.391780462609,-0.0705204832696
6.849,-0.0216633226555,-0.0259392468516,-0.0216633226555,-0.00389939807799
6.85,-0.824135011444,-0.986848400556,-0.824135011444,-0.14834430206
6.851,-1.08785792188,-1.30269825181,-1.08785792188,-0.195814425939
6.852,2.50871920023,3.00429843457,2.50871920023,0.451569456042
6.853,0.683396300573,0.818432372114,0.683396300573,0.123011334103
6.854,-0.131884304545,-0.157950948552,-0.131884304545,-0.0237391748182
6.855,-0.644089510245,-0.771425679648,-0.644089510245,-0.115936111844
6.856,-0.146114886878,-0.175009193773,-0.146114886878,-0.0263006796381
6.857,0.903157825319,1.08180347218,0.903157825319,0.162568408557
6.858,-1.83302999077,-2.1956969973,-1.83302999077,-0.329945398339
6.859,-1.93579479443,-2.31888954229,-1.93579479443,-0.348443062997
6.86,0.0731407704825,0.087618935778,0.0731407704825,0.0131653386868
6.861,0.154830827471,0.185486953343,0.154830827471,0.0278695489448
6.862,-1.20857609841,-1.44792883134,-1.20857609841,-0.217543697714
6.863,2.17632764513,2.60744146055,2.17632764513,0.391738976123
6.864,0.848040394629,1.01607014895,0.848040394629,0.152647271033
6.865,-0.803917353577,-0.963241561382,-0.803917353577,-0.144705123644
6.866,-0.771590097403,-0.924542548622,-0.771590097403,-0.138886217533
6.867,0.0417070852889,0.049976557452,0.0417070852889,0.00750727535199
6.868,1.01789752025,1.21976617151,1.01789752025,0.183221553645
6.869,-1.07173694341,-1.28432977909,-1.07173694341,-0.192912649813
6.87,-0.503784591799,-0.603738464634,-0.503784591799,-0.0906812265239
6.871,1.48321845789,1.7775609166,1.48321845789,0.26697932242
6.872,0.492051699068,0.589719250317,0.492051699068,0.0885693058322
6.873,0.760958229938,0.912032630184,0.760958229938,0.136972481389
6.874,-0.903148172457,-1.08248863741,-0.903148172457,-0.162566671042
6.875,1.59314456224,1.90956346484,1.59314456224,0.286766021203
6.876,-0.473750924366,-0.567862703375,-0.473750924366,-0.0852751663858
6.877,0.0284436409803,0.0340951510733,0.0284436409803,0.00511985537646
6.878,-1.86980659165,-2.24139327469,-1.86980659165,-0.336565186496
6.879,-0.779036338035,-0.933883780164,-0.779036338035,-0.140226540846
6.88,-0.168621956608,-0.202144891982,-0.168621956608,-0.0303519521894
6.881,-1.20239276699,-1.4414790151,-1.20239276699,-0.216430698059
6.882,1.21034619605,1.45105773477,1.21034619605,0.217862315288
6.883,0.232736894699,0.27903149349,0.232736894699,0.0418926410457
6.884,0.296313918867,0.355265256494,0.296313918867,0.053336505396
6.885,0.83056048476,0.995828241469,0.83056048476,0.149500887257
6.886,-0.871581892749,-1.04504177832,-0.871581892749,-0.156884740695
6.887,-0.290653209597,-0.348507917214,-0.290653209597,-0.0523175777274
6.888,0.0846958031568,0.101557331199,0.0846958031568,0.0152452445682
6.889,1.443230451,1.73060011206,1.443230451,0.25978148118
6.89,1.43045922676,1.71533114842,1.43045922676,0.257482660817
6.891,-0.483272882967,-0.579530311362,-0.483272882967,-0.0869891189341
6.892,-0.71024972862,-0.851737630761,-0.71024972862,-0.127844951152
6.893,-0.432464245238,-0.518627794143,-0.432464245238,-0.0778435641428
6.894,0.672699625049,0.806747037469,0.672699625049,0.121085932509
6.895,1.99736303989,2.39543068094,1.99736303989,0.359525347181
6.896,-0.337149496558,-0.40435173463,-0.337149496558,-0.0606869093805
6.897,1.8957984013,2.27373022979,1.8957984013,0.341243712235
6.898,1.02514227838,1.2295344675,1.02514227838,0.184525610108
6.899,-0.234209874156,-0.280912674876,-0.234209874156,-0.0421577773482
6.9,0.21647380639,0.259645530553,0.21647380639,0.0389652851503
6.901,0.907843716001,1.08891942224,0.907843716001,0.16341186888
6.902,-0.351032949466,-0.421057572015,-0.351032949466,-0.0631859309038
6.903,1.3929366326,1.67083551015,1.3929366326,0.250728593868
6.904,0.370799559944,0.444784942572,0.370799559944,0.06674392079
6.905,-0.191469624602,-0.229677828605,-0.191469624602,-0.0344645324284
6.906,-0.901031327787,-1.08085439298,-0.901031327787,-0.162185639002
6.907,1.6243140226,1.94852148643,1.6243140226,0.292376524068
6.908,0.698085682589,0.837436012133,0.698085682589,0.125655422866
6.909,-0.213547757326,-0.256180108228,-0.213547757326,-0.0384385963187
6.91,0.883569768971,1.05998206705,0.883569768971,0.159042558415
6.911,-1.30166595205,-1.56158017238,-1.30166595205,-0.234299871369
6.912,0.317445367521,0.380838282407,0.317445367521,0.0571401661538
6.913,-1.63887931617,-1.9661888677,-1.63887931617,-0.294998276911
6.914,-0.526364176383,-0.631496618228,-0.526364176383,-0.0947455517489
6.915,-1.05665887492,-1.26772702364,-1.05665887492,-0.190198597485
6.916,-0.888612998336,-1.06612869948,-0.888612998336,-0.1599503397
6.917,-0.421686045136,-0.505931853254,-0.421686045136,-0.0759034881245
6.918,0.844922761892,1.0137372783,0.844922761892,0.152086097141
6.919,-0.755434884392,-0.906381113904,-0.755434884392,-0.13597827919
6.92,-0.66845839336,-0.802035125909,-0.66845839336,-0.120322510805
6.921,0.926941351984,1.11218300213,0.926941351984,0.166849443357
6.922,-0.74628996613,-0.895439768821,-0.74628996613,-0.134332193903
6.923,0.903660061634,1.08427248236,0.903660061634,0.162658811094
6.924,-1.39541155285,-1.6743260136,-1.39541155285,-0.251174079512
6.925,-0.18945691088,-0.227327678627,-0.18945691088,-0.0341022439583
6.926,0.303226175001,0.363841722793,0.303226175001,0.0545807115003
6.927,-1.85044289332,-2.22036941671,-1.85044289332,-0.333079720797
6.928,0.134089276109,0.160896695977,0.134089276109,0.0241360696997
6.929,-0.321849253294,-0.386197010006,-0.321849253294,-0.0579328655929
6.93,0.112473089321,0.1349609537,0.112473089321,0.0202451560778
6.931,0.341447947988,0.409719775698,0.341447947988,0.0614606306378
6.932,1.19146372065,1.42970336265,1.19146372065,0.214463469717
6.933,0.809561789603,0.971443632014,0.809561789603,0.145721122129
6.934,0.144918124437,0.1738971997,0.144918124437,0.0260852623987
6.935,0.605362967717,0.726420021232,0.605362967717,0.108965334189
6.936,-0.642611598386,-0.771120730192,-0.642611598386,-0.11567008771
6.937,0.0671258141455,0.080549906346,0.0671258141455,0.0120826465462
6.938,-0.793223923645,-0.951859227418,-0.793223923645,-0.142780306256
6.939,-0.885434746689,-1.0625141425,-0.885434746689,-0.159378254404
6.94,1.84654046158,2.21583805654,1.84654046158,0.332377283085
6.941,2.9221326724,3.5065492293,2.9221326724,0.525983881031
6.942,-0.684741276169,-0.821688353868,-0.684741276169,-0.12325342971
6.943,0.0957107045101,0.114852787941,0.0957107045101,0.0172279268118
6.944,-0.0846910668674,-0.101629275426,-0.0846910668674,-0.0152443920361
6.945,0.0246118176173,0.0295341789546,0.0246118176173,0.00443012717112
6.946,-0.593825179208,-0.71258980151,-0.593825179208,-0.106888532257
6.947,0.509591720569,0.611509106872,0.509591720569,0.0917265097025
6.948,-1.09705523329,-1.3164622885,-1.09705523329,-0.197469941992
6.949,0.673795355596,0.808550402353,0.673795355596,0.121283164007
6.95,2.12956840898,2.55546317465,2.12956840898,0.383322313617
6.951,-0.115150803045,-0.138179539453,-0.115150803045,-0.0207271445481
6.952,-0.316653420154,-0.379978901811,-0.316653420154,-0.0569976156278
6.953,-0.562069790384,-0.674471907946,-0.562069790384,-0.101172562269
6.954,0.148397441514,0.178073030205,0.148397441514,0.0267115394724
6.955,0.139517530014,0.167416562253,0.139517530014,0.0251131554026
6.956,0.606482044147,0.727755146282,0.606482044147,0.109166767947
6.957,1.10014317714,1.32012190102,1.10014317714,0.198025771886
6.958,-0.272624034375,-0.327134424162,-0.272624034375,-0.0490723261875
6.959,1.14098743382,1.36911535156,1.14098743382,0.205377738087
6.96,0.31334041991,0.37598668345,0.31334041991,0.0564012755838
6.961,-0.845387531297,-1.01439835413,-0.845387531297,-0.152169755633
6.962,-0.0113284203446,-0.0135930996323,-0.0113284203446,-0.00203911566203
6.963,0.199249313312,0.239079432841,0.199249313312,0.0358648763961
6.964,1.48892185503,1.7865423627,1.48892185503,0.268005933905
6.965,-1.11328287477,-1.33580407685,-1.11328287477,-0.200390917459
6.966,-0.0520309566032,-0.0624301905393,-0.0520309566032,-0.00936557218858
6.967,1.25170276392,1.50186005489,1.25170276392,0.225306497506
6.968,0.86861012642,1.04219345275,0.86861012642,0.156349822756
6.969,0.992278734524,1.19056229752,0.992278734524,0.178610172214
6.97,0.931475985384,1.11759611745,0.931475985384,0.167665677369
6.971,0.774208158808,0.928892673581,0.774208158808,0.139357468585
6.972,-0.13228011038,-0.158707227986,-0.13228011038,-0.0238104198684
6.973,1.04677035279,1.25587879293,1.04677035279,0.188418663503
6.974,-0.716028258437,-0.859053917279,-0.716028258437,-0.128885086519
6.975,0.0576851339508,0.0692066622892,0.0576851339508,0.0103833241112
6.976,-0.106954261091,-0.1283144661,-0.106954261091,-0.0192517669963
6.977,0.259589368239,0.311428069211,0.259589368239,0.0467260862831
6.978,1.08668318633,1.30366772284,1.08668318633,0.19560297354
6.979,-0.332635978133,-0.399048876197,-0.332635978133,-0.0598744760639
6.98,-1.27483747546,-1.52934120499,-1.27483747546,-0.229470745583
6.981,-0.891603020276,-1.06958077468,-0.891603020276,-0.16048854365
6.982,-2.13071811473,-2.55599697617,-2.13071811473,-0.383529260652
6.983,-0.175459408434,-0.210476236951,-0.175459408434,-0.0315826935181
6.984,-0.0891402903336,-0.106928215194,-0.0891402903336,-0.01604525226
6.985,-0.0519167341501,-0.0622755101857,-0.0519167341501,-0.00934501214702
6.986,-0.90056551294,-1.08023112812,-0.90056551294,-0.162101792329
6.987,-0.234947321278,-0.281814355926,-0.234947321278,-0.04229051783
6.988,-0.152300667057,-0.182677664614,-0.152300667057,-0.0274141200703
6.989,-1.15108267813,-1.38064169885,-1.15108267813,-0.207194882064
6.99,-0.0368517126044,-0.044200049609,-0.0368517126044,-0.00663330826879
6.991,-0.19419402258,-0.232911721053,-0.19419402258,-0.0349549240644
6.992,-1.08534598616,-1.30170894179,-1.08534598616,-0.195362277508
6.993,-0.570037910417,-0.683658805371,-0.570037910417,-0.102606823875
6.994,1.89689486719,2.2749335421,1.89689486719,0.341441076094
6.995,-1.45326370008,-1.74284775157,-1.45326370008,-0.261587466014
6.996,0.236540089226,0.283667214839,0.236540089226,0.0425772160606
6.997,1.26181499252,1.51317524177,1.26181499252,0.227126698653
6.998,1.14261703875,1.37019754953,1.14261703875,0.205671066975
6.999,0.483919159507,0.580288609998,0.483919159507,0.0871054487112
7,-0.463784041227,-0.556129022134,-0.463784041227,-0.0834811274209
7.001,-1.18053209832,-1.41555217356,-1.18053209832,-0.212495777697
7.002,0.637964054471,0.764948863907,0.637964054471,0.114833529805
7.003,0.00562004666916,0.00673851223983,0.00562004666916,0.00101160840045
7.004,-1.53804015137,-1.84407877568,-1.53804015137,-0.276847227247
7.005,1.23030551452,1.47506872571,1.23030551452,0.221454992614
7.006,0.145110463693,0.173974378791,0.145110463693,0.0261198834648
7.007,1.60497324085,1.92416110736,1.60497324085,0.288895183354
7.008,-0.554360724593,-0.664588700601,-0.554360724593,-0.0997849304268
7.009,0.523501374518,0.627574054516,0.523501374518,0.0942302474132
7.01,1.08899784093,1.3054511324,1.08899784093,0.196019611368
7.011,-1.24055213159,-1.48708179826,-1.24055213159,-0.223299383686
7.012,-0.374880204386,-0.44936410303,-0.374880204386,-0.0674784367895
7.013,-1.62795655588,-1.95134697975,-1.62795655588,-0.293032180059
7.014,-0.406578383226,-0.487328249081,-0.406578383226,-0.0731841089807
7.015,-0.538398573459,-0.645307343608,-0.538398573459,-0.0969117432226
7.016,-0.842828644425,-1.01015307481,-0.842828644425,-0.151709155996
7.017,0.325562813406,0.390182406994,0.325562813406,0.058601306413
7.018,0.225156455501,0.269837356238,0.225156455501,0.0405281619901
7.019,1.19154736215,1.42795180702,1.19154736215,0.214478525187
7.02,1.12814801175,1.35192526912,1.12814801175,0.203066642115
7.021,-0.436778712882,-0.523398196096,-0.436778712882,-0.0786201683187
7.022,0.422743520561,0.506560897699,0.422743520561,0.076093833701
7.023,-1.40577786425,-1.68443842826,-1.40577786425,-0.253040015565
7.024,-0.0541313296759,-0.0648590620954,-0.0541313296759,-0.00974363934166
7.025,-0.953844559442,-1.14283332605,-0.953844559442,-0.1716920207
7.026,1.08287523991,1.29737888363,1.08287523991,0.194917543183
7.027,-0.370201040843,-0.44351564114,-0.370201040843,-0.0666361873517
7.028,-0.334532915653,-0.400767832468,-0.334532915653,-0.0602159248175
7.029,-0.679117420553,-0.813544583139,-0.679117420553,-0.1222411357
7.03,0.19737196519,0.236430897203,0.19737196519,0.0355269537341
7.031,-1.57005417943,-1.88068245961,-1.57005417943,-0.282609752298
7.032,-0.626528227517,-0.750452724382,-0.626528227517,-0.112775080953
7.033,0.0219426427953,0.026281689637,0.0219426427953,0.00394967570315
7.034,0.123141373958,0.147485657459,0.123141373958,0.0221654473124
7.035,0.497105515405,0.595354459822,0.497105515405,0.0894789927728
7.036,-0.344760728039,-0.412881901661,-0.344760728039,-0.0620569310471
7.037,0.745776654692,0.893095005606,0.745776654692,0.134239797845
7.038,0.375995244573,0.450248048559,0.375995244573,0.0676791440231
7.039,0.259717943536,0.31099388141,0.259717943536,0.0467492298364
7.04,0.836054900535,1.00107099844,0.836054900535,0.150489882096
7.041,-2.17986384046,-2.60999355936,-2.17986384046,-0.392375491283
7.042,1.6570033429,1.98387008942,1.6570033429,0.298260601723
7.043,0.0973185715968,0.116510519667,0.0973185715968,0.0175173428874
7.044,1.15548403813,1.3832883642,1.15548403813,0.207987126863
7.045,-0.0943365389513,-0.11292961911,-0.0943365389513,-0.0169805770112
7.046,-1.06546133213,-1.27539456061,-1.06546133213,-0.191783039783
7.047,1.16035791854,1.38892108951,1.16035791854,0.208864425338
7.048,0.305384306351,0.365519745708,0.305384306351,0.0549691751431
7.049,-0.0367336713665,-0.0439649700542,-0.0367336713665,-0.00661206084597
7.05,0.210622457479,0.252072361483,0.210622457479,0.0379120423462
7.051,1.69608178542,2.02976259501,1.69608178542,0.305294721375
7.052,0.584033285704,0.698897917127,0.584033285704,0.105125991427
7.053,-0.812167663727,-0.971850190852,-0.812167663727,-0.146190179471
7.054,-0.896185391193,-1.07233076302,-0.896185391193,-0.161313370415
7.055,-0.384757316684,-0.460357113946,-0.384757316684,-0.0692563170031
7.056,-1.02532284335,-1.22672004699,-1.02532284335,-0.184558111803
7.057,-1.76331955101,-2.10956300903,-1.76331955101,-0.317397519182
7.058,2.14625161442,2.56754789936,2.14625161442,0.386325290596
7.059,0.369569786533,0.442089918167,0.369569786533,0.066522561576
7.06,1.19853125884,1.43363812249,1.19853125884,0.215735626591
7.061,-1.47784433277,-1.7676435033,-1.47784433277,-0.266011979899
7.062,2.60902803023,3.12047237785,2.60902803023,0.469625045442
7.063,0.378087397956,0.452177759769,0.378087397956,0.0680557316321
7.064,0.233439936303,0.279169096762,0.233439936303,0.0420191885345
7.065,-0.303079696092,-0.362429891924,-0.303079696092,-0.0545543452966
7.066,-0.824688689977,-0.986125019173,-0.824688689977,-0.148443964196
7.067,0.495979753682,0.593035172019,0.495979753682,0.0892763556627
7.068,-0.970366419647,-1.1601833199,-0.970366419647,-0.174665955536
7.069,0.312182304458,0.37322720049,0.312182304458,0.0561928148025
7.07,-0.791388730749,-0.946082055076,-0.791388730749,-0.142449971535
7.071,1.50190963094,1.79538038134,1.50190963094,0.27034373357
7.072,0.39533795495,0.472557549162,0.39533795495,0.0711608318909
7.073,-1.56388668817,-1.8692388103,-1.56388668817,-0.281499603871
7.074,0.177123520545,0.211694144863,0.177123520545,0.0318822336981
7.075,0.445914168639,0.532913568366,0.445914168639,0.080264550355
7.076,0.329794400183,0.394113643606,0.329794400183,0.0593629920329
7.077,-0.866891715826,-1.03589449102,-0.866891715826,-0.156040508849
7.078,1.04781627574,1.25201081469,1.04781627574,0.188606929633
7.079,-1.20102694373,-1.43498628917,-1.20102694373,-0.216184849872
7.08,-0.36805825278,-0.439727284178,-0.36805825278,-0.0662504855005
7.081,1.21000954628,1.44553061394,1.21000954628,0.217801718331
7.082,1.19994182685,1.43340899055,1.19994182685,0.215989528833
7.083,1.45979374659,1.74370357298,1.45979374659,0.262762874387
7.084,0.34710345871,0.414582644602,0.34710345871,0.0624786225678
7.085,-1.18780901853,-1.41863151616,-1.18780901853,-0.213805623335
7.086,-0.0261441893643,-0.0312225785223,-0.0261441893643,-0.00470595408558
7.087,-0.450988517178,-0.538554255762,-0.450988517178,-0.0811779330921
7.088,0.519623951254,0.620473620385,0.519623951254,0.0935323112258
7.089,-1.14958615032,-1.37260525935,-1.14958615032,-0.206925507058
7.09,0.360275673958,0.430139019517,0.360275673958,0.0648496213125
7.091,-1.76093716197,-2.10226431043,-1.76093716197,-0.316968689154
7.092,0.695096153736,0.829769930611,0.695096153736,0.125117307672
7.093,0.557085031299,0.664972118896,0.557085031299,0.100275305634
7.094,0.825886315803,0.985759903054,0.825886315803,0.148659536845
7.095,0.690443035538,0.824038407657,0.690443035538,0.124279746397
7.096,0.227150020397,0.271082133457,0.227150020397,0.0408870036714
7.097,0.929334358064,1.10899200065,0.929334358064,0.167280184452
7.098,-0.491137802358,-0.586040835692,-0.491137802358,-0.0884048044244
7.099,-0.563630634363,-0.672491801152,-0.563630634363,-0.101453514185
7.1,-0.75160383012,-0.896703918764,-0.75160383012,-0.135288689422
7.101,-0.864794796938,-1.0316695715,-0.864794796938,-0.155663063449
7.102,0.781462174217,0.932186429666,0.781462174217,0.140663191359
7.103,-0.0828390594382,-0.0988091190202,-0.0828390594382,-0.0149110306989
7.104,-0.193875097829,-0.231233494259,-0.193875097829,-0.0348975176092
7.105,1.44875304716,1.72778504212,1.44875304716,0.260775548489
7.106,-0.883431508044,-1.05350028799,-0.883431508044,-0.159017671448
7.107,-0.0741406538313,-0.0884065420262,-0.0741406538313,-0.0133453176896
7.108,0.866493204149,1.03313996602,0.866493204149,0.155968776747
7.109,0.110708756999,0.131990227161,0.110708756999,0.0199275762598
7.11,0.0783528520419,0.0934071675082,0.0783528520419,0.0141035133676
7.111,-1.51117184663,-1.80137706969,-1.51117184663,-0.272010932393
7.112,-0.982877314935,-1.17153498381,-0.982877314935,-0.176917916688
7.113,1.1005768416,1.31172043907,1.1005768416,0.198103831488
7.114,-0.513302299218,-0.611728735637,-0.513302299218,-0.0923944138593
7.115,-0.728464035744,-0.868077171579,-0.728464035744,-0.131123526434
7.116,-0.216017439168,-0.257396935612,-0.216017439168,-0.0388831390502
7.117,-1.22394075902,-1.45827384557,-1.22394075902,-0.220309336624
7.118,-0.685216425498,-0.816338681022,-0.685216425498,-0.12333895659
7.119,-1.31135655962,-1.56216576492,-1.31135655962,-0.236044180732
7.12,-1.2200808725,-1.45331061386,-1.2200808725,-0.219614557049
7.121,-0.632892079538,-0.753811540877,-0.632892079538,-0.113920574317
7.122,-0.696125555553,-0.829055844342,-0.696125555553,-0.1253026
7.123,-0.190591121278,-0.226966494489,-0.190591121278,-0.0343064018301
7.124,0.260687938953,0.310414994669,0.260687938953,0.0469238290116
7.125,0.627655445352,0.747318122199,0.627655445352,0.112977980163
7.126,-0.317054687592,-0.377468436389,-0.317054687592,-0.0570698437666
7.127,0.780986236974,0.929719384411,0.780986236974,0.140577522655
7.128,-1.27879844619,-1.52220252618,-1.27879844619,-0.230183720314
7.129,-0.964882844191,-1.14843533712,-0.964882844191,-0.173678911954
7.13,1.31793545433,1.56851082056,1.31793545433,0.237228381779
7.131,1.74827410823,2.08048270526,1.74827410823,0.314689339482
7.132,-0.366089152931,-0.435614615707,-0.366089152931,-0.0658960475276
7.133,0.564525291487,0.671675912322,0.564525291487,0.101614552468
7.134,0.631626137287,0.751444730175,0.631626137287,0.113692704712
7.135,0.517882205963,0.616067515998,0.517882205963,0.0932187970733
7.136,0.208627523232,0.248158459676,0.208627523232,0.0375529541818
7.137,1.59905819623,1.90187384195,1.59905819623,0.287830475321
7.138,1.21331262746,1.44294539668,1.21331262746,0.218396272944
7.139,-0.145894920095,-0.17349097395,-0.145894920095,-0.0262610856172
7.14,0.410476662449,0.488072694179,0.410476662449,0.0738857992407
7.141,0.0143677460688,0.0170821999782,0.0143677460688,0.00258619429239
7.142,-0.00649820368048,-0.00772515827328,-0.00649820368048,-0.00116967666249
7.143,1.45202247753,1.72602111743,1.45202247753,0.261364045956
7.144,-0.564711345139,-0.671208996268,-0.564711345139,-0.101648042125
7.145,-0.177085607869,-0.21046156903,-0.177085607869,-0.0318754094165
7.146,-1.73651546268,-2.06360354118,-1.73651546268,-0.312572783283
7.147,-1.13540448224,-1.34913707603,-1.13540448224,-0.204372806803
7.148,-0.688216383031,-0.817688960243,-0.688216383031,-0.123878948946
7.149,-0.757113750363,-0.899459693692,-0.757113750363,-0.136280475065
7.15,0.774248899086,0.919725877189,0.774248899086,0.139364801836
7.151,-0.390982730372,-0.464400214763,-0.390982730372,-0.070376891467
7.152,-0.428160640606,-0.50850871069,-0.428160640606,-0.0770689153091
7.153,-1.27454823682,-1.51357707473,-1.27454823682,-0.229418682627
7.154,0.489365817646,0.581083167769,0.489365817646,0.0880858471764
7.155,-0.0858423039653,-0.101920658664,-0.0858423039653,-0.0154516147137
7.156,-0.0688864287283,-0.0817806407285,-0.0688864287283,-0.0123995571711
7.157,-1.57728610891,-1.87233299342,-1.57728610891,-0.283911499604
7.158,1.97063265477,2.33901954624,1.97063265477,0.354713877859
7.159,1.17226275881,1.39126064199,1.17226275881,0.211007296586
7.16,0.599441914646,0.711354009761,0.599441914646,0.107899544636
7.161,0.798788334068,0.947818819637,0.798788334068,0.143781900132
7.162,-1.58840935353,-1.88456350994,-1.58840935353,-0.285913683636
7.163,0.0643859901335,0.0763825652092,0.0643859901335,0.011589478224
7.164,0.0392536033419,0.0465625439594,0.0392536033419,0.00706564860155
7.165,-0.172763107745,-0.2049095874,-0.172763107745,-0.0310973593941
7.166,1.36205935036,1.61532976057,1.36205935036,0.245170683064
7.167,-0.757287720147,-0.898007077497,-0.757287720147,-0.136311789627
7.168,-0.432109461407,-0.512349237093,-0.432109461407,-0.0777797030532
7.169,-1.13452193313,-1.3450501542,-1.13452193313,-0.204213947963
7.17,0.524231390567,0.621443514334,0.524231390567,0.094361650302
7.171,-0.0825338320392,-0.0978280716452,-0.0825338320392,-0.0148560897671
7.172,-0.46457053599,-0.550599461454,-0.46457053599,-0.0836226964781
7.173,0.762803476684,0.903959994997,0.762803476684,0.137304625803
7.174,-0.512156658677,-0.606864298714,-0.512156658677,-0.0921881985619
7.175,-0.550384297013,-0.652088902616,-0.550384297013,-0.0990691734623
7.176,-1.74574527592,-2.06810912227,-1.74574527592,-0.314234149666
7.177,1.61768047249,1.91618267222,1.61768047249,0.291182485048
7.178,-0.277528308248,-0.328702370028,-0.277528308248,-0.0499550954846
7.179,1.93036549501,2.28605284559,1.93036549501,0.347465789101
7.18,-0.829216079153,-0.98189578905,-0.829216079153,-0.149258894248
7.181,-0.0676782909118,-0.080130493886,-0.0676782909118,-0.0121820923641
7.182,-1.96102051467,-2.32156644661,-1.96102051467,-0.352983692641
7.183,-1.54062618035,-1.8236714138,-1.54062618035,-0.277312712462
7.184,0.347415938219,0.411196284294,0.347415938219,0.0625348688794
7.185,-1.90057151595,-2.24922849192,-1.90057151595,-0.34210287287
7.186,-0.450966679236,-0.533634036288,-0.450966679236,-0.0811740022624
7.187,0.346460185353,0.409922634956,0.346460185353,0.0623628333635
7.188,0.424894265278,0.502665090488,0.424894265278,0.07648096775
7.189,-0.804400625115,-0.951523097289,-0.804400625115,-0.144792112521
7.19,-0.816618120726,-0.965861419047,-0.816618120726,-0.146991261731
7.191,1.4300549968,1.69120871191,1.4300549968,0.257409899423
7.192,-0.275987176211,-0.326348651376,-0.275987176211,-0.049677691718
7.193,-2.5123907025,-2.97049167532,-2.5123907025,-0.45223032645
7.194,-1.91274088591,-2.2612331138,-1.91274088591,-0.344293359465
7.195,0.354052104603,0.418508419808,0.354052104603,0.0637293788286
7.196,1.38947716587,1.64223781562,1.38947716587,0.250105889856
7.197,-0.0595755783221,-0.0704044818312,-0.0595755783221,-0.010723604098
7.198,1.74935654207,2.06708135216,1.74935654207,0.314884177573
7.199,-1.16949299258,-1.38173209706,-1.16949299258,-0.210508738665
7.2,-0.55335413994,-0.653696505034,-0.55335413994,-0.0996037451893
7.201,-2.97664453573,-3.51598118777,-2.97664453573,-0.535796016432
7.202,-0.405019540434,-0.478345731079,-0.405019540434,-0.0729035172781
7.203,-0.120833673845,-0.142692141278,-0.120833673845,-0.0217500612921
7.204,0.974381515755,1.15050113524,0.974381515755,0.175388672836
7.205,-1.12620414796,-1.32959957534,-1.12620414796,-0.202716746632
7.206,0.97040437495,1.14551824809,0.97040437495,0.174672787491
7.207,-0.697051539671,-0.822734043919,-0.697051539671,-0.125469277141
7.208,0.304735679245,0.35963585629,0.304735679245,0.0548524222641
7.209,-1.46235126536,-1.72558468408,-1.46235126536,-0.263223227766
7.21,-1.5638436417,-1.84511136538,-1.5638436417,-0.281491855506
7.211,-2.09445836163,-2.47084475886,-2.09445836163,-0.377002505094
7.212,2.57538207165,3.03780338199,2.57538207165,0.463568772897
7.213,-1.90118042367,-2.24225696491,-1.90118042367,-0.34221247626
7.214,0.676949754738,0.798293013512,0.676949754738,0.121850955853
7.215,-0.175003085932,-0.20634561104,-0.175003085932,-0.0315005554678
7.216,1.43359348776,1.69012557956,1.43359348776,0.258046827796
7.217,-0.174870931027,-0.206135976165,-0.174870931027,-0.0314767675848
7.218,0.120587708492,0.142128843307,0.120587708492,0.0217057875285
7.219,0.186550116264,0.219845459724,0.186550116264,0.0335790209275
7.22,-0.904215461893,-1.06545839137,-0.904215461893,-0.162758783141
7.221,-0.0813005832554,-0.095785684019,-0.0813005832554,-0.014634104986
7.222,1.4192838217,1.67193105683,1.4192838217,0.255471087905
7.223,-0.898689548241,-1.05852413128,-0.898689548241,-0.161764118683
7.224,0.394993963986,0.465182406726,0.394993963986,0.0710989135175
7.225,-0.0692212473428,-0.0815105424557,-0.0692212473428,-0.0124598245217
7.226,-0.957982158935,-1.12790653861,-0.957982158935,-0.172436788608
7.227,1.2620937632,1.48575922371,1.2620937632,0.227176877377
7.228,0.101485297951,0.119454044045,0.101485297951,0.0182673536312
7.229,-1.51988031703,-1.78874247076,-1.51988031703,-0.273578457065
7.23,-0.416756368723,-0.49041208702,-0.416756368723,-0.0750161463702
7.231,-0.145794001951,-0.171537414616,-0.145794001951,-0.0262429203513
7.232,-0.520458908837,-0.612273866345,-0.520458908837,-0.0936826035907
7.233,0.13343503897,0.156952784953,0.13343503897,0.0240183070146
7.234,0.0918729232894,0.10805038743,0.0918729232894,0.0165371261921
7.235,0.823785167658,0.968706481002,0.823785167658,0.148281330178
7.236,1.81263549761,2.13121837666,1.81263549761,0.326274389569
7.237,-0.983671255232,-1.15639572341,-0.983671255232,-0.177060825942
7.238,0.739794166173,0.869573334234,0.739794166173,0.133162949911
7.239,1.32841357609,1.56123120047,1.32841357609,0.239114443695
7.24,-1.71673177347,-2.01731982853,-1.71673177347,-0.309011719224
7.241,-0.971755520632,-1.1417407835,-0.971755520632,-0.174915993714
7.242,-0.404686690996,-0.475408996547,-0.404686690996,-0.0728436043792
7.243,-0.876113265137,-1.02907374109,-0.876113265137,-0.157700387725
7.244,-2.06581523688,-2.4261367334,-2.06581523688,-0.371846742638
7.245,0.574140829675,0.674185761969,0.574140829675,0.103345349341
7.246,-0.890946786818,-1.04604422681,-0.890946786818,-0.160370421627
7.247,-0.407803596956,-0.478725168189,-0.407803596956,-0.073404647452
7.248,-0.523846232158,-0.614859305768,-0.523846232158,-0.0942923217884
7.249,-0.159745882028,-0.18747273065,-0.159745882028,-0.028754258765
7.25,0.301354130005,0.353607835008,0.301354130005,0.0542437434009
7.251,1.29534101709,1.51972475321,1.29534101709,0.233161383076
7.252,-0.699778502039,-0.820875500702,-0.699778502039,-0.125960130367
7.253,-0.0197659178712,-0.0231829849238,-0.0197659178712,-0.00355786521682
7.254,0.435558511535,0.510780524642,0.435558511535,0.0784005320763
7.255,-0.521090378849,-0.610992850276,-0.521090378849,-0.0937962681929
7.256,0.0794967988406,0.0931982490956,0.0794967988406,0.0143094237913
7.257,0.0555163166008,0.0650749113657,0.0555163166008,0.00999293698815
7.258,0.257541195174,0.301838245206,0.257541195174,0.0463574151313
7.259,-1.33295058425,-1.56198197939,-1.33295058425,-0.239931105165
7.26,-1.7306061489,-2.0276566275,-1.7306061489,-0.311509106801
7.261,-0.669933127989,-0.78480473116,-0.669933127989,-0.120587963038
7.262,-0.178712245481,-0.209323626197,-0.178712245481,-0.0321682041866
7.263,0.453798395609,0.53144761644,0.453798395609,0.0816837112096
7.264,1.10014344464,1.28819076783,1.10014344464,0.198025820035
7.265,0.0366094020824,0.0428604427066,0.0366094020824,0.00658969237482
7.266,-1.23927206891,-1.45065325858,-1.23927206891,-0.223068972403
7.267,0.066113001343,0.0773778323677,0.066113001343,0.0119003402417
7.268,-0.411959322555,-0.482077143613,-0.411959322555,-0.0741526780599
7.269,0.534263001652,0.62510016755,0.534263001652,0.0961673402974
7.27,-1.14809365916,-1.34308634464,-1.14809365916,-0.206656858648
7.271,-0.828994609487,-0.96963930476,-0.828994609487,-0.149219029708
7.272,-0.359948854816,-0.420950452596,-0.359948854816,-0.0647907938668
7.273,1.73364048081,2.0271257647,1.73364048081,0.312055286546
7.274,1.0692126144,1.25002007502,1.0692126144,0.192458270592
7.275,-0.0894778641468,-0.104592266041,-0.0894778641468,-0.0161060155464
7.276,0.462461034648,0.540492845294,0.462461034648,0.0832429862366
7.277,0.0293169832754,0.0342582135011,0.0293169832754,0.00527705698956
7.278,0.120178824747,0.140411863866,0.120178824747,0.0216321884544
7.279,0.254094679589,0.296825790116,0.254094679589,0.045737042326
7.28,0.722792486345,0.844208439311,0.722792486345,0.130102647542
7.281,0.929411703464,1.08536043501,0.929411703464,0.167294106623
7.282,0.332868586928,0.388658562795,0.332868586928,0.059916345647
7.283,1.24413651245,1.45242204666,1.24413651245,0.223944572241
7.284,-0.993110674558,-1.15918193771,-0.993110674558,-0.178759921421
7.285,-0.0914213791252,-0.106691709145,-0.0914213791252,-0.0164558482425
7.286,0.851110976917,0.993111095089,0.851110976917,0.153199975845
7.287,-0.485359452711,-0.566244064296,-0.485359452711,-0.087364701488
7.288,0.0761003525567,0.0887677387696,0.0761003525567,0.0136980634602
7.289,0.215359340799,0.251165687688,0.215359340799,0.0387646813439
7.29,-0.64357757128,-0.75045627614,-0.64357757128,-0.11584396283
7.291,-0.718897224368,-0.838144670163,-0.718897224368,-0.129401500386
7.292,0.571826029173,0.666566645662,0.571826029173,0.102928685251
7.293,0.401375366865,0.467797223993,0.401375366865,0.0722475660357
7.294,-0.141422926089,-0.164798707051,-0.141422926089,-0.025456126696
7.295,1.24323710551,1.44848763182,1.24323710551,0.223782678992
7.296,2.26033061065,2.63305196512,2.26033061065,0.406859509917
7.297,1.34270778163,1.56385108381,1.34270778163,0.241687400694
7.298,3.48952312446,4.06355540642,3.48952312446,0.628114162402
7.299,-0.54049918648,-0.629304960179,-0.54049918648,-0.0972898535663
7.3,0.569730325945,0.663225540114,0.569730325945,0.10255145867
7.301,-0.69152910998,-0.804874106861,-0.69152910998,-0.124475239796
7.302,1.05630955214,1.2292326043,1.05630955214,0.190135719386
7.303,0.99391175933,1.15642069932,0.99391175933,0.178904116679
7.304,-0.121633760483,-0.141496961876,-0.121633760483,-0.021894076887
7.305,0.4419410987,0.514022483392,0.4419410987,0.0795493977659
7.306,1.39627378924,1.62372636595,1.39627378924,0.251329282063
7.307,0.195831149489,0.227692304551,0.195831149489,0.035249606908
7.308,-0.810825374913,-0.942579571675,-0.810825374913,-0.145948567484
7.309,-0.473035479398,-0.549804523693,-0.473035479398,-0.0851463862916
7.31,0.452373893016,0.525697386228,0.452373893016,0.0814273007428
7.311,0.152768697848,0.177499094515,0.152768697848,0.0274983656127
7.312,0.722418167741,0.839215882835,0.722418167741,0.130035270193
7.313,-1.19315755503,-1.38581701948,-1.19315755503,-0.214768359906
7.314,-0.291392443248,-0.338383539958,-0.291392443248,-0.0524506397846
7.315,-0.044002985587,-0.0510899794045,-0.044002985587,-0.00792053740566
7.316,0.601737735382,0.698527099047,0.601737735382,0.108312792369
7.317,-0.513276539326,-0.595730237023,-0.513276539326,-0.0923897770786
7.318,-0.921298231623,-1.06910528055,-0.921298231623,-0.165833681692
7.319,-1.43208954844,-1.66154538749,-1.43208954844,-0.257776118719
7.32,-0.505282323582,-0.586135095101,-0.505282323582,-0.0909508182448
7.321,0.222948286244,0.258576548656,0.222948286244,0.0401306915239
7.322,0.285075080687,0.330571506669,0.285075080687,0.0513135145237
7.323,3.05441731046,3.54124103696,3.05441731046,0.549795115882
7.324,-1.40774009068,-1.63181281341,-1.40774009068,-0.253393216322
7.325,0.889409258492,1.03078962709,0.889409258492,0.160093666529
7.326,-0.453211985152,-0.525158141447,-0.453211985152,-0.0815781573274
7.327,-1.98902736801,-2.30435607155,-1.98902736801,-0.358024926242
7.328,-0.568678424467,-0.658711858526,-0.568678424467,-0.102362116404
7.329,0.807340083276,0.93498563088,0.807340083276,0.14532121499
7.33,0.295069288668,0.341658249598,0.295069288668,0.0531124719602
7.331,-0.851527737478,-0.985793546496,-0.851527737478,-0.153274992746
7.332,0.744449372068,0.861670844836,0.744449372068,0.134000886972
7.333,-1.42023083512,-1.64355414718,-1.42023083512,-0.255641550322
7.334,-1.62103026571,-1.87557674874,-1.62103026571,-0.291785447827
7.335,0.460496308072,0.532706868465,0.460496308072,0.0828893354529
7.336,0.581206313049,0.672218844411,0.581206313049,0.104617136349
7.337,-0.388845654211,-0.449651053365,-0.388845654211,-0.0699922177581
7.338,0.294523452537,0.340514839627,0.294523452537,0.0530142214566
7.339,-0.0488690717151,-0.0564895134298,-0.0488690717151,-0.00879643290872
7.34,-0.41175467064,-0.475871452122,-0.41175467064,-0.0741158407151
7.341,0.487496098785,0.56329957669,0.487496098785,0.0877492977813
7.342,-0.517320762091,-0.597647546189,-0.517320762091,-0.0931177371763
7.343,0.174006543901,0.200986808582,0.174006543901,0.0313211779022
7.344,0.348606789471,0.402581991898,0.348606789471,0.0627492221047
7.345,0.950124373189,1.09702185953,0.950124373189,0.171022387174
7.346,-0.735441413631,-0.848983036844,-0.735441413631,-0.132379454454
7.347,1.45053281185,1.67415007208,1.45053281185,0.261095906134
7.348,1.65929857018,1.91472785093,1.65929857018,0.298673742632
7.349,-1.63766047691,-1.88939107424,-1.63766047691,-0.294778885844
7.35,-1.17449327605,-1.35476444797,-1.17449327605,-0.211408789689
7.351,0.864909155891,0.997467617192,0.864909155891,0.15568364806
7.352,1.34332830394,1.54890691754,1.34332830394,0.241799094709
7.353,-0.736327488356,-0.848845791929,-0.736327488356,-0.132538947904
7.354,-0.221210796703,-0.254963802556,-0.221210796703,-0.0398179434066
7.355,0.12847688899,0.148051028944,0.12847688899,0.0231258400182
7.356,0.723576719692,0.833652397008,0.723576719692,0.130243809545
7.357,0.967175982778,1.11408854749,0.967175982778,0.1740916769
7.358,2.13561494814,2.45952213831,2.13561494814,0.384410690666
7.359,-0.589198197005,-0.678426119294,-0.589198197005,-0.106055675461
7.36,0.466980319589,0.537592107757,0.466980319589,0.0840564575261
7.361,-0.935725787101,-1.07700036136,-0.935725787101,-0.168430641678
7.362,-0.327347436788,-0.376694196344,-0.327347436788,-0.0589225386218
7.363,-0.581896691828,-0.669481214447,-0.581896691828,-0.104741404529
7.364,1.15638827064,1.33017412816,1.15638827064,0.208149888715
7.365,-0.0964278496182,-0.110896898708,-0.0964278496182,-0.0173570129313
7.366,1.14349147237,1.31480618599,1.14349147237,0.205828465026
7.367,-1.07747924386,-1.23865226086,-1.07747924386,-0.193946263895
7.368,0.00235133999992,0.00270251047539,0.00235133999992,0.000423241199985
7.369,1.99388136621,2.29119749027,1.99388136621,0.358898645918
7.37,-1.36285327686,-1.56575338027,-1.36285327686,-0.245313589834
7.371,0.315205278651,0.362058352596,0.315205278651,0.0567369501572
7.372,-1.04897278825,-1.20464736227,-1.04897278825,-0.188815101885
7.373,-0.0120329541257,-0.0138158746557,-0.0120329541257,-0.00216593174263
7.374,-0.699975401497,-0.803524461069,-0.699975401497,-0.125995572269
7.375,0.496743558369,0.570109866511,0.496743558369,0.0894138405063
7.376,-1.10600557888,-1.26909288349,-1.10600557888,-0.199081004198
7.377,1.24698000231,1.43055693417,1.24698000231,0.224456400416
7.378,0.194398499441,0.222970763989,0.194398499441,0.0349917298994
7.379,-0.847276067818,-0.971603560252,-0.847276067818,-0.152509692207
7.38,-0.988941152543,-1.13381850457,-0.988941152543,-0.178009407458
7.381,-0.276164827887,-0.316555730276,-0.276164827887,-0.0497096690197
7.382,-1.07909592461,-1.23666017777,-1.07909592461,-0.19423726643
7.383,-0.541754542108,-0.620727782978,-0.541754542108,-0.0975158175795
7.384,-0.635182535167,-0.727621058131,-0.635182535167,-0.11433285633
7.385,1.51005520558,1.72944761903,1.51005520558,0.271809937004
7.386,0.966033563625,1.10615113457,0.966033563625,0.173886041453
7.387,-0.292594816127,-0.334962612456,-0.292594816127,-0.0526670669028
7.388,1.09838653709,1.25716462339,1.09838653709,0.197709576676
7.389,-1.56760805805,-1.79383076888,-1.56760805805,-0.282169450448
7.39,-1.53722075501,-1.75868087729,-1.53722075501,-0.276699735902
7.391,0.286565121572,0.327778709446,0.286565121572,0.051581721883
7.392,0.113717696951,0.130044462355,0.113717696951,0.0204691854511
7.393,-0.414273148021,-0.473649167455,-0.414273148021,-0.0745691666437
7.394,1.59960323473,1.82847169568,1.59960323473,0.287928582252
7.395,0.89595722639,1.02392703032,0.89595722639,0.16127230075
7.396,-0.435223388566,-0.4972783009,-0.435223388566,-0.0783402099419
7.397,-1.4109600868,-1.6117858981,-1.4109600868,-0.253972815624
7.398,-0.528415448565,-0.603494418459,-0.528415448565,-0.0951147807416
7.399,-0.823895616563,-0.940751373915,-0.823895616563,-0.148301210981
7.4,-0.318575389982,-0.363680150536,-0.318575389982,-0.0573435701967
7.401,1.65792933643,1.89224726085,1.65792933643,0.298427280557
7.402,-0.845771228627,-0.965092762911,-0.845771228627,-0.152238821153
7.403,1.37024228251,1.56321094641,1.37024228251,0.246643610851
7.404,-0.432541863468,-0.493346702089,-0.432541863468,-0.0778575354243
7.405,-0.13071559553,-0.149057947365,-0.13071559553,-0.0235288071954
7.406,-0.828513848192,-0.944563020195,-0.828513848192,-0.149132492674
7.407,0.429434334115,0.489475722546,0.429434334115,0.0772981801407
7.408,-1.12788803071,-1.28529670207,-1.12788803071,-0.203019845528
7.409,-0.413073931943,-0.470617416741,-0.413073931943,-0.0743533077497
7.41,-0.880765131067,-1.00323554273,-0.880765131067,-0.158537723592
7.411,-0.851708282348,-0.969920293517,-0.851708282348,-0.153307490823
7.412,0.150458770259,0.17130295328,0.150458770259,0.0270825786466
7.413,-0.0626765305219,-0.0713434727665,-0.0626765305219,-0.0112817754939
7.414,0.732860813119,0.834012464264,0.732860813119,0.131914946362
7.415,0.454830001875,0.517489660719,0.454830001875,0.0818694003374
7.416,-0.23727219479,-0.269898667573,-0.23727219479,-0.0427089950623
7.417,0.129014243133,0.146721129053,0.129014243133,0.023222563764
7.418,-2.07341380129,-2.35744670342,-2.07341380129,-0.373214484232
7.419,1.08916707324,1.238086781,1.08916707324,0.196050073183
7.42,-0.452327367082,-0.514055394271,-0.452327367082,-0.0814189260747
7.421,0.649077238936,0.737485859724,0.649077238936,0.116833903009
7.422,-1.36493903005,-1.55049589148,-1.36493903005,-0.245689025408
7.423,-0.172681202426,-0.196111142265,-0.172681202426,-0.0310826164367
7.424,1.43240161627,1.62637853418,1.43240161627,0.257832290928
7.425,0.428008592607,0.485857301118,0.428008592607,0.0770415466692
7.426,-0.212469812469,-0.241130797486,-0.212469812469,-0.0382445662445
7.427,0.261224676922,0.296393475432,0.261224676922,0.0470204418459
7.428,-0.05004716175,-0.056771800796,-0.05004716175,-0.00900848911499
7.429,-1.57223157491,-1.7830696094,-1.57223157491,-0.283001683484
7.43,0.393733614934,0.446429241188,0.393733614934,0.0708720506882
7.431,-0.95782959241,-1.08576673696,-0.95782959241,-0.172409326634
7.432,-0.629019358771,-0.712869813424,-0.629019358771,-0.113223484579
7.433,-0.255312946674,-0.289278908789,-0.255312946674,-0.0459563304012
7.434,0.606371572659,0.686879053646,0.606371572659,0.109146883079
7.435,1.30811539482,1.48144247396,1.30811539482,0.235460771067
7.436,0.124105926314,0.140516828503,0.124105926314,0.0223390667365
7.437,-1.25609790906,-1.42185785889,-1.25609790906,-0.22609762363
7.438,0.47663000129,0.539399730229,0.47663000129,0.0857934002322
7.439,0.148891577987,0.168459663827,0.148891577987,0.0268004840377
7.44,-0.423657611561,-0.479222329488,-0.423657611561,-0.0762583700809
7.441,1.34702083157,1.52332429287,1.34702083157,0.242463749682
7.442,-1.81800663383,-2.05546142537,-1.81800663383,-0.32724119409
7.443,0.440012925742,0.497364634259,0.440012925742,0.0792023266336
7.444,1.20454496343,1.36121858456,1.20454496343,0.216818093417
7.445,1.52177611787,1.71929655569,1.52177611787,0.273919701216
7.446,0.777420933653,0.878114650032,0.777420933653,0.139935768058
7.447,1.60155143782,1.80855047776,1.60155143782,0.288279258808
7.448,0.980806936143,1.10730640071,0.980806936143,0.176545248506
7.449,2.62029882685,2.95753185481,2.62029882685,0.471653788833
7.45,0.763395466032,0.861434576114,0.763395466032,0.137411183886
7.451,-0.164840675039,-0.185964912415,-0.164840675039,-0.029671321507
7.452,-0.261433891341,-0.294864305777,-0.261433891341,-0.0470581004415
7.453,0.700226633034,0.789573236393,0.700226633034,0.126040793946
7.454,-0.0832209827606,-0.0938166453931,-0.0832209827606,-0.0149797768969
7.455,0.0428062003751,0.0482443870948,0.0428062003751,0.00770511606752
7.456,-1.26362679646,-1.42380915705,-1.26362679646,-0.227452823363
7.457,-0.0562956899686,-0.0634162752504,-0.0562956899686,-0.0101332241944
7.458,1.19093192335,1.34123518431,1.19093192335,0.214367746203
7.459,-0.753798415416,-0.848721933199,-0.753798415416,-0.135683714775
7.46,-0.328936881237,-0.370266796147,-0.328936881237,-0.0592086386226
7.461,0.041937511757,0.0471950702795,0.041937511757,0.00754875211625
7.462,-0.473174799396,-0.532362127906,-0.473174799396,-0.0851714638913
7.463,1.8613857091,2.09369432717,1.8613857091,0.335049427637
7.464,-1.24223568481,-1.39692163925,-1.24223568481,-0.223602423266
7.465,0.964012559987,1.08378133484,0.964012559987,0.173522260798
7.466,-1.23993357261,-1.39363200833,-1.23993357261,-0.223188043069
7.467,0.426527164033,0.479277337944,0.426527164033,0.0767748895259
7.468,0.1612520045,0.181148864007,0.1612520045,0.0290253608101
7.469,-2.53006115826,-2.84152573346,-2.53006115826,-0.455411008486
7.47,0.56688815146,0.636513798443,0.56688815146,0.102039867263
7.471,1.69968094911,1.90795226943,1.69968094911,0.305942570841
7.472,-1.01805975462,-1.14251737311,-1.01805975462,-0.183250755831
7.473,1.04046124637,1.1673596654,1.04046124637,0.187283024346
7.474,-0.634832161888,-0.712076600194,-0.634832161888,-0.11426978914
7.475,-0.0855419928974,-0.0959259179998,-0.0855419928974,-0.0153975587215
7.476,-0.251862021535,-0.282363059481,-0.251862021535,-0.0453351638764
7.477,2.14149700953,2.40021998696,2.14149700953,0.385469461715
7.478,1.38666920575,1.55379820597,1.38666920575,0.249600457036
7.479,-0.978655129342,-1.09632515145,-0.978655129342,-0.176157923281
7.48,0.233471571294,0.261475770241,0.233471571294,0.0420248828329
7.481,0.331651482591,0.371335883939,0.331651482591,0.0596972668663
7.482,-0.173642095113,-0.194369139539,-0.173642095113,-0.0312555771203
7.483,0.371568902228,0.415813667603,0.371568902228,0.0668824024011
7.484,0.531112491792,0.594200223179,0.531112491792,0.0956002485225
7.485,0.0357483087202,0.0399842058921,0.0357483087202,0.00643469556964
7.486,-0.892142928504,-0.997594120695,-0.892142928504,-0.160585727131
7.487,0.250811856591,0.280384345363,0.250811856591,0.0451461341863
7.488,0.746995701514,0.834852678319,0.746995701514,0.134459226272
7.489,-0.876602701403,-0.979445729416,-0.876602701403,-0.157788486253
7.49,-0.029747725626,-0.0332289759205,-0.029747725626,-0.00535459061268
7.491,0.224797561047,0.251038418175,0.224797561047,0.0404635609885
7.492,1.1334922028,1.26547136904,1.1334922028,0.204028596504
7.493,1.97385707133,2.20310130654,1.97385707133,0.355294272839
7.494,0.158067984798,0.176379232862,0.158067984798,0.0284522372636
7.495,-1.55664858846,-1.73651551901,-1.55664858846,-0.280196745923
7.496,1.16102453866,1.29483320083,1.16102453866,0.208984416958
7.497,0.599150383483,0.668024510937,0.599150383483,0.107847069027
7.498,0.637367785029,0.710445193609,0.637367785029,0.114726201305
7.499,0.431941953477,0.481337349754,0.431941953477,0.0777495516259
7.5,-0.629701502629,-0.701523774627,-0.629701502629,-0.113346270473
7.501,-0.435099800256,-0.484596000133,-0.435099800256,-0.0783179640461
7.502,0.472083890682,0.525645784978,0.472083890682,0.0849751003228
7.503,-0.054878414561,-0.0610883525027,-0.054878414561,-0.00987811462098
7.504,0.478742496347,0.532772101604,0.478742496347,0.0861736493425
7.505,-0.382326529094,-0.425359713413,-0.382326529094,-0.0688187752369
7.506,-0.69250836609,-0.770245478426,-0.69250836609,-0.124651505896
7.507,1.61395122396,1.79463667354,1.61395122396,0.290511220313
7.508,-0.122365677956,-0.136027758035,-0.122365677956,-0.022025822032
7.509,1.47417801716,1.63832260676,1.47417801716,0.265352043089
7.51,-1.34452320837,-1.49382305275,-1.34452320837,-0.242014177507
7.511,0.668751707292,0.742808569886,0.668751707292,0.120375307313
7.512,-0.710467881423,-0.788928029,-0.710467881423,-0.127884218656
7.513,-0.778679080177,-0.864434647636,-0.778679080177,-0.140162234432
7.514,-0.387947556595,-0.430553563563,-0.387947556595,-0.0698305601871
7.515,0.714007618208,0.792204506344,0.714007618208,0.128521371277
7.516,0.923095208087,1.02390824955,0.923095208087,0.166157137456
7.517,-0.406262399741,-0.450506482639,-0.406262399741,-0.0731272319534
7.518,-0.909423552545,-1.00818508732,-0.909423552545,-0.163696239458
7.519,0.443659877962,0.491703919924,0.443659877962,0.0798587780331
7.52,1.20046258533,1.33009106011,1.20046258533,0.21608326536
7.521,-1.11024718923,-1.22979138114,-1.11024718923,-0.199844494062
7.522,1.63099098894,1.80610139604,1.63099098894,0.293578378008
7.523,-0.317336614733,-0.351309053544,-0.317336614733,-0.0571205906519
7.524,0.472156383101,0.52255667617,0.472156383101,0.0849881489581
7.525,1.62748753196,1.80070831529,1.62748753196,0.292947755753
7.526,-1.21458391983,-1.34347991571,-1.21458391983,-0.21862510557
7.527,0.852871309945,0.943115526444,0.852871309945,0.15351683579
7.528,-0.24535529155,-0.271240379375,-0.24535529155,-0.044163952479
7.529,1.62352823155,1.7943041889,1.62352823155,0.292235081679
7.53,-0.266836781456,-0.294821409459,-0.266836781456,-0.048030620662
7.531,0.219492889505,0.242443567238,0.219492889505,0.0395087201109
7.532,-1.13685012438,-1.25536522836,-1.13685012438,-0.204633022388
7.533,1.81413712099,2.00268871294,1.81413712099,0.326544681779
7.534,-0.961356732401,-1.06097257381,-0.961356732401,-0.173044211832
7.535,0.332042732789,0.366344433569,0.332042732789,0.0597676919021
7.536,0.622197738883,0.686277664521,0.622197738883,0.111995592999
7.537,-0.830801163792,-0.916102646287,-0.830801163792,-0.149544209483
7.538,0.890814839951,0.981996356999,0.890814839951,0.160346671191
7.539,-1.12053045054,-1.23487009951,-1.12053045054,-0.201695481097
7.54,-0.242712870827,-0.267402451375,-0.242712870827,-0.0436883167488
7.541,1.2556190074,1.38294596102,1.2556190074,0.226011421331
7.542,1.53689681692,1.69225800981,1.53689681692,0.276641427045
7.543,0.0623048562507,0.0685832545901,0.0623048562507,0.0112148741251
7.544,0.600700371036,0.661040706419,0.600700371036,0.108126066787
7.545,-0.279087913743,-0.307033123583,-0.279087913743,-0.0502358244737
7.546,1.69570022097,1.86494901351,1.69570022097,0.305226039774
7.547,0.446844570121,0.491301219576,0.446844570121,0.0804320226218
7.548,0.0566799081388,0.0623008185203,0.0566799081388,0.010202383465
7.549,0.950467291583,1.04441917093,0.950467291583,0.171084112485
7.55,0.587532333571,0.645419765821,0.587532333571,0.105755820043
7.551,1.20467306802,1.3229770413,1.20467306802,0.216841152243
7.552,1.41372274066,1.55210019584,1.41372274066,0.254470093318
7.553,1.99726079142,2.19211066987,1.99726079142,0.359506942455
7.554,0.342373673038,0.375664397366,0.342373673038,0.0616272611469
7.555,0.807279395046,0.885513743906,0.807279395046,0.145310291108
7.556,0.518913185207,0.569033314759,0.518913185207,0.0934043733373
7.557,-0.323693142363,-0.354852461071,-0.323693142363,-0.0582647656253
7.558,-0.0567499942637,-0.0621943977337,-0.0567499942637,-0.0102149989675
7.559,-0.793280810243,-0.869127119416,-0.793280810243,-0.142790545844
7.56,-0.3536405448,-0.387337101342,-0.3536405448,-0.0636552980641
7.561,-0.330612736122,-0.36200711615,-0.330612736122,-0.059510292502
7.562,0.240184578383,0.262913516578,0.240184578383,0.0432332241089
7.563,-0.450943431987,-0.493469044212,-0.450943431987,-0.0811698177577
7.564,1.94106430385,2.12347724247,1.94106430385,0.349391574692
7.565,0.415576500246,0.454494147522,0.415576500246,0.0748037700442
7.566,0.0686750274832,0.075083683071,0.0686750274832,0.012361504947
7.567,0.821862975518,0.89828746717,0.821862975518,0.147935335593
7.568,-1.38434107797,-1.51261364908,-1.38434107797,-0.249181394034
7.569,-0.575604515972,-0.628749817864,-0.575604515972,-0.103608812875
7.57,-1.15283154929,-1.25889088733,-1.15283154929,-0.207509678873
7.571,0.0102711402883,0.0112126751694,0.0102711402883,0.0018488052519
7.572,0.0744859966661,0.0812892922456,0.0744859966661,0.0134074793999
7.573,1.52369433794,1.66235769561,1.52369433794,0.27426498083
7.574,1.3320153278,1.45279236403,1.3320153278,0.239762759004
7.575,1.43743065353,1.56728766601,1.43743065353,0.258737517635
7.576,0.226001032134,0.246342593959,0.226001032134,0.0406801857841
7.577,0.71949759155,0.784017022329,0.71949759155,0.129509566479
7.578,2.39156510952,2.60522479211,2.39156510952,0.430481719713
7.579,-1.11365081289,-1.21277061041,-1.11365081289,-0.200457146321
7.58,0.439761231042,0.478754625955,0.439761231042,0.0791570215876
7.581,-0.702502421992,-0.76455736049,-0.702502421992,-0.126450435958
7.582,-0.942253285588,-1.02517002286,-0.942253285588,-0.169605591406
7.583,0.344766903219,0.374989909914,0.344766903219,0.0620580425794
7.584,0.0476207594066,0.051779266393,0.0476207594066,0.00857173669319
7.585,-2.28882576127,-2.48792713778,-2.28882576127,-0.411988637029
7.586,0.791289684726,0.859855676735,0.791289684726,0.142432143251
7.587,-1.54139952104,-1.67444234471,-1.54139952104,-0.277451913787
7.588,0.617524553037,0.67061600568,0.617524553037,0.111154419547
7.589,0.0699466200224,0.0759365583321,0.0699466200224,0.012590391604
7.59,-0.273126078964,-0.296422812973,-0.273126078964,-0.0491626942135
7.591,-0.305472417069,-0.331424431019,-0.305472417069,-0.0549850350725
7.592,-1.0581487322,-1.14768599911,-1.0581487322,-0.190466771795
7.593,1.49251734732,1.61830132884,1.49251734732,0.268653122518
7.594,1.0007612108,1.08476056444,1.0007612108,0.180137017944
7.595,-0.792311414668,-0.858543974281,-0.792311414668,-0.14261605464
7.596,-1.40777500775,-1.5249755322,-1.40777500775,-0.253399501395
7.597,-0.674840280413,-0.730791354297,-0.674840280413,-0.121471250474
7.598,0.790104243919,0.855341143114,0.790104243919,0.142218763905
7.599,-0.200508772426,-0.216995484534,-0.200508772426,-0.0360915790368
7.6,0.68179359139,0.737619466184,0.68179359139,0.12272284645
7.601,1.79539133824,1.94178214041,1.79539133824,0.323170440884
7.602,-0.967003380699,-1.04551694707,-0.967003380699,-0.174060608526
7.603,0.681689111415,0.736802235592,0.681689111415,0.122704040055
7.604,-0.548885630728,-0.593072406702,-0.548885630728,-0.098799413531
7.605,0.0690017344579,0.0745327129002,0.0690017344579,0.0124203122024
7.606,-0.22147723588,-0.239153569349,-0.22147723588,-0.0398659024584
7.607,0.639137574761,0.689926392733,0.639137574761,0.115044763457
7.608,-0.0363907339881,-0.039269886467,-0.0363907339881,-0.00655033211787
7.609,0.0338021264267,0.03646473483,0.0338021264267,0.00608438275681
7.61,-0.95815031865,-1.03329107808,-0.95815031865,-0.172467057357
7.611,-0.932352611055,-1.00514565888,-0.932352611055,-0.16782346999
7.612,0.718922528356,0.774801525823,0.718922528356,0.129406055104
7.613,-1.01122050663,-1.0894657769,-1.01122050663,-0.182019691193
7.614,0.158932560614,0.171174765023,0.158932560614,0.0286078609105
7.615,0.620019921509,0.667561719731,0.620019921509,0.111603585872
7.616,-0.784456828257,-0.84433255619,-0.784456828257,-0.141202229086
7.617,-3.35322347475e-05,-3.60799126767e-05,-3.35322347475e-05,-6.03580225456e-06
7.618,-1.23954702511,-1.33328890479,-1.23954702511,-0.22311846452
7.619,0.265837699615,0.285848482589,0.265837699615,0.0478507859308
7.62,0.583663569009,0.627393126141,0.583663569009,0.105059442422
7.621,0.239323034855,0.257169408192,0.239323034855,0.0430781462739
7.622,0.379897252555,0.408092277392,0.379897252555,0.06838150546
7.623,-0.648029990977,-0.695896311287,-0.648029990977,-0.116645398376
7.624,0.09859637248,0.105844271065,0.09859637248,0.0177473470464
7.625,1.01842107881,1.09292554061,1.01842107881,0.183315794186
7.626,-0.0402080954746,-0.043135343372,-0.0402080954746,-0.00723745718544
7.627,0.375797637895,0.403023295496,0.375797637895,0.067643574821
7.628,-0.124143313473,-0.133093108662,-0.124143313473,-0.0223457964251
7.629,1.59793900164,1.71257007397,1.59793900164,0.287629020295
7.63,-0.772234688486,-0.827357413859,-0.772234688486,-0.139002243927
7.631,-0.371536088568,-0.3979241982,-0.371536088568,-0.0668764959422
7.632,-0.0794793983243,-0.0850960085106,-0.0794793983243,-0.0143062916984
7.633,1.45683444591,1.55926481633,1.45683444591,0.262230200264
7.634,0.0600149720487,0.064213172996,0.0600149720487,0.0108026949688
7.635,-1.45290712981,-1.55402144233,-1.45290712981,-0.261523283366
7.636,-0.528166272582,-0.564734385192,-0.528166272582,-0.0950699290648
7.637,0.157779008612,0.168646366961,0.157779008612,0.0284002215502
7.638,-0.639437315662,-0.683250139867,-0.639437315662,-0.115098716819
7.639,-0.0302919218813,-0.0323565606035,-0.0302919218813,-0.00545254593863
7.64,1.1853169188,1.26567896525,1.1853169188,0.213357045384
7.641,0.661149136811,0.705735323743,0.661149136811,0.119006844626
7.642,0.862268612172,0.920106553448,0.862268612172,0.155208350191
7.643,-1.01014276932,-1.07753458296,-1.01014276932,-0.181825698478
7.644,0.648538332109,0.69157105031,0.648538332109,0.11673689978
7.645,-0.857256712017,-0.913828147186,-0.857256712017,-0.154306208163
7.646,0.995213846816,1.06052842571,0.995213846816,0.179138492427
7.647,-0.00639128163302,-0.00680841329408,-0.00639128163302,-0.00115043069394
7.648,-2.05483364725,-2.18819721841,-2.05483364725,-0.369870056505
7.649,0.0727284164966,0.0774222070287,0.0727284164966,0.0130911149694
7.65,-0.380276340997,-0.404680361673,-0.380276340997,-0.0684497413794
7.651,-0.412169929388,-0.438470439167,-0.412169929388,-0.0741905872898
7.652,0.434051487758,0.461589841371,0.434051487758,0.0781292677965
7.653,-0.316980894478,-0.336975900449,-0.316980894478,-0.057056561006
7.654,-1.75178398011,-1.8616449393,-1.75178398011,-0.315321116419
7.655,-0.0929125035079,-0.0987053740493,-0.0929125035079,-0.0167242506314
7.656,-1.4879752449,-1.58020146553,-1.4879752449,-0.267835544083
7.657,-2.28425551042,-2.42499774053,-2.28425551042,-0.411165991876
7.658,-0.717742513909,-0.761701860376,-0.717742513909,-0.129193652504
7.659,-1.31394170477,-1.39393304928,-1.31394170477,-0.236509506859
7.66,1.71694425653,1.82083784208,1.71694425653,0.309049966176
7.661,0.614811464734,0.65178757235,0.614811464734,0.110666063652
7.662,0.504478379346,0.53463268244,0.504478379346,0.0908061082823
7.663,-0.772718894646,-0.818621393456,-0.772718894646,-0.139089401036
7.664,0.038343583103,0.0406071631003,0.038343583103,0.00690184495854
7.665,-0.493269439688,-0.522206589771,-0.493269439688,-0.0887884991438
7.666,-1.43411271848,-1.51771208694,-1.43411271848,-0.258140289327
7.667,0.805316526072,0.851962479935,0.805316526072,0.144956974693
7.668,-2.05579434605,-2.17410773889,-2.05579434605,-0.37004298229
7.669,0.110362554885,0.11667302615,0.110362554885,0.0198652598792
7.67,-0.57408534336,-0.606697607775,-0.57408534336,-0.103335361805
7.671,0.62879887631,0.664285039468,0.62879887631,0.113183797736
7.672,0.800854829726,0.845752305128,0.800854829726,0.144153869351
7.673,1.39135621002,1.46883895874,1.39135621002,0.250444117804
7.674,-1.33931847262,-1.41340283186,-1.33931847262,-0.241077325071
7.675,0.12370824317,0.130504884999,0.12370824317,0.0222674837707
7.676,-0.0726879828732,-0.0766543069718,-0.0726879828732,-0.0130838369172
7.677,0.00947050374583,0.00998372534255,0.00947050374583,0.00170469067425
7.678,-1.04598756388,-1.1022787897,-1.04598756388,-0.188277761499
7.679,0.109144634817,0.114977402056,0.109144634817,0.019646034267
7.68,-0.439782940653,-0.463119889166,-0.439782940653,-0.0791609293176
7.681,0.165094377521,0.173792918327,0.165094377521,0.0297169879538
7.682,0.502436422236,0.528719625243,0.502436422236,0.0904385560025
7.683,0.000435666052357,0.000458292073195,0.000435666052357,7.84198894243e-05
7.684,-0.35491897278,-0.373217443881,-0.35491897278,-0.0638854151004
7.685,-0.852918544787,-0.89656989753,-0.852918544787,-0.153525338062
7.686,1.15680367267,1.21556984311,1.15680367267,0.208224661081
7.687,-0.491442080363,-0.516221449854,-0.491442080363,-0.0884595744654
7.688,0.661151070404,0.694236818489,0.661151070404,0.119007192673
7.689,-1.22981543154,-1.29089194716,-1.22981543154,-0.221366777676
7.69,-0.405950444367,-0.425957015422,-0.405950444367,-0.0730710799861
7.691,-0.81007743662,-0.849692677208,-0.81007743662,-0.145813938592
7.692,2.02631382105,2.12463541491,2.02631382105,0.364736487789
7.693,-0.832283557225,-0.872350830576,-0.832283557225,-0.149811040301
7.694,1.37443316159,1.44007605216,1.37443316159,0.247397969086
7.695,0.502185451966,0.525978090608,0.502185451966,0.0903933813539
7.696,-0.652996545051,-0.683684790416,-0.652996545051,-0.117539378109
7.697,0.492281548017,0.51522850844,0.492281548017,0.088610678643
7.698,-1.33082218071,-1.39234684599,-1.33082218071,-0.239547992527
7.699,-0.43206959354,-0.451878804093,-0.43206959354,-0.0777725268371
7.7,-0.0584525608641,-0.0611100241308,-0,-0.0105214609555
7.701,-0.958934908968,-1.00216324781,-0,-0.172608283614
7.702,-0.728816166419,-0.761390678219,-0,-0.131186909955
7.703,-0.611418695394,-0.63851083512,-0,-0.110055365171
7.704,0.165137437255,0.172391116216,0,0.0297247387059
7.705,0.279723283932,0.291902307112,0,0.0503501911077
7.706,1.77335203156,1.84987855918,0,0.319203365681
7.707,0.00256370625098,0.00267334901611,0,0.000461467125177
7.708,0.907508354332,0.945969103629,0,0.16335150378
7.709,0.650040719249,0.677338229567,0,0.117007329465
7.71,0.141724730705,0.147621344558,0,0.025510451527
7.711,1.43403887807,1.49314751633,0,0.258126998052
7.712,1.58214021421,1.64673918072,0,0.284785238558
7.713,-2.47680257879,-2.57696834385,-0,-0.445824464182
7.714,-0.877168215557,-0.912301116336,-0,-0.1578902788
7.715,1.82889429712,1.90143435798,0,0.329200973481
7.716,-2.35273939366,-2.44514011998,-0,-0.42349309086
7.717,0.732062047387,0.760527285168,0,0.13177116853
7.718,-0.399522049749,-0.414900946146,-0,-0.0719139689547
7.719,-0.914513586703,-0.949358805263,-0,-0.164612445607
7.72,1.48480962529,1.54080375397,0,0.267265732552
7.721,0.408223808861,0.423458642892,0,0.0734802855951
7.722,-1.3975279579,-1.44913577156,-0,-0.251555032423
7.723,-0.636264901511,-0.659511274873,-0,-0.114527682272
7.724,0.724390561176,0.750572261464,0,0.130390301012
7.725,1.14782596201,1.18886084833,0,0.206608673162
7.726,0.782548155462,0.810216515641,0,0.140858667983
7.727,-0.0321538328889,-0.0332780287149,-0,-0.00578768992
7.728,-0.289346655862,-0.299349071624,-0,-0.0520823980551
7.729,0.616319176499,0.6373815964,0,0.11093745177
7.73,-0.541788438771,-0.560089907269,-0,-0.0975219189787
7.731,0.0848494612483,0.0876821239511,0,0.0152729030247
7.732,0.577683115414,0.596740328722,0,0.103982960774
7.733,1.12269239294,1.15928448071,0,0.20208463073
7.734,0.879067316915,0.907370564933,0,0.158232117045
7.735,0.735249604823,0.75863075995,0,0.132344928868
7.736,2.190455709,2.25924330247,0,0.394282027619
7.737,-0.537148259396,-0.553803075553,-0,-0.0966866866914
7.738,2.74895138688,2.83309212883,0,0.494811249639
7.739,0.849171575345,0.874825265896,0,0.152850883562
7.74,-0.50439085147,-0.519427675107,-0,-0.0907903532646
7.741,0.782737342178,0.805760060743,0,0.140892721592
7.742,2.25099423757,2.31630449551,0,0.405178962763
7.743,0.0572845092199,0.0589236757178,0,0.0103112116596
7.744,1.81106945973,1.86216814162,0,0.325992502751
7.745,1.11534208441,1.14636471463,0,0.200761575194
7.746,0.0557083531283,0.0572355366871,0,0.0100275035631
7.747,-0.548766818305,-0.56359065859,-0,-0.0987780272949
7.748,-1.91409108986,-1.96502839907,-0,-0.344536396175
7.749,-0.594299194203,-0.60987585785,-0,-0.106973854957
7.75,-2.51673068067,-2.58168290435,-0,-0.45301152252
7.751,0.134585574377,0.138004836357,0,0.0242254033878
7.752,1.71495077715,1.75783001627,0,0.308691139886
7.753,0.300470923799,0.307862559353,0,0.0540847662838
7.754,1.20283425446,1.23193899154,0,0.216510165803
7.755,-2.19750455271,-2.24978994432,-0,-0.395550819489
7.756,0.225221645342,0.230489355084,0,0.0405398961616
7.757,-0.592851946901,-0.60647840043,-0,-0.106713350442
7.758,0.240912391667,0.246352147599,0,0.0433642305001
7.759,-0.165325067042,-0.168991099093,-0,-0.0297585120676
7.76,-1.34889063022,-1.37825492919,-0,-0.24280031344
7.761,-0.195311797036,-0.199484322219,-0,-0.0351561234664
7.762,-0.623726082682,-0.636797661772,-0,-0.112270694883
7.763,0.910514214503,0.929225949581,0,0.16389255861
7.764,-1.47333414964,-1.50301281324,-0,-0.265200146935
7.765,0.313623391127,0.319813274748,0,0.0564522104028
7.766,-3.26014115341,-3.3231568493,-0,-0.586825407613
7.767,-1.39075043756,-1.41706516123,-0,-0.25033507876
7.768,1.0798688793,1.09986049848,0,0.194376398273
7.769,-0.311738487341,-0.317382334396,-0,-0.0561129277214
7.77,1.28365895645,1.30637395288,0,0.231058612161
7.771,1.15541283676,1.17538558498,0,0.207974310617
7.772,-0.521562909847,-0.530365138699,-0,-0.0938813237725
7.773,0.525208549482,0.53385699705,0,0.0945375389068
7.774,-0.175124036863,-0.177935899307,-0,-0.0315223266354
7.775,-1.51296538115,-1.53663690043,-0,-0.272333768607
7.776,-0.319877302675,-0.324750572518,-0,-0.0575779144814
7.777,-0.403522763081,-0.409504383966,-0,-0.0726340973547
7.778,-0.490110249428,-0.497173648508,-0,-0.088219844897
7.779,-0.227530925489,-0.230716329737,-0,-0.040955566588
7.78,-0.850997955887,-0.862560935253,-0,-0.15317963206
7.781,1.43873509527,1.45769027755,0,0.258972317149
7.782,-0.162838348001,-0.164916474516,-0,-0.0293109026402
7.783,1.89759098481,1.92102351523,0,0.341566377266
7.784,-0.226677452554,-0.229382825444,-0,-0.0408019414597
7.785,-0.134800432074,-0.136353454217,-0,-0.0242640777733
7.786,0.0979467213604,0.0990345727406,0,0.0176304098449
7.787,1.27015691006,1.28373729072,0,0.228628243811
7.788,0.396114608742,0.400185434337,0,0.0713006295736
7.789,-0.157522043583,-0.159075455342,-0,-0.0283539678449
7.79,-0.578036481277,-0.583496545946,-0,-0.10404656663
7.791,0.544047718439,0.548960404868,0,0.097928589319
7.792,0.142272324692,0.143497794361,0,0.0256090184446
7.793,-0.47264726383,-0.476521499624,-0,-0.0850765074894
7.794,0.168510989416,0.169821986844,0,0.0303319780949
7.795,0.43023010599,0.433397705127,0,0.0774414190782
7.796,0.831833401803,0.837610416085,0,0.149730012325
7.797,-0.150019888456,-0.150999058741,-0,-0.0270035799221
7.798,0.215439709593,0.216755750515,0,0.0387791477268
7.799,-0.995997633294,-1.00166485066,-0,-0.179279573993
7.8,-0.0267686155823,-0.0269097136806,-0,3.7951816492
7.801,1.39521495316,1.40198416903,0,3.67113869157
7.802,-0.71136381883,-0.71451666914,-0,2.94995451261
7.803,-0.829352987806,-0.832680500505,-0,2.62091646219
7.804,-0.70242713843,-0.704950195268,-0,2.36674311508
7.805,-1.13760168534,-1.14120938616,-0,2.03909369664
7.806,1.14402316668,1.14716969585,0,2.22539997
7.807,0.337163827153,0.33794913863,0,1.87821770889
7.808,0.177018097072,0.177355778217,0,1.66763865547
7.809,0.627580044938,0.628512456321,0,1.58516226629
7.81,0.749885220135,0.750682738328,0,1.459957412
7.811,-0.855075046359,-0.855623144789,-0,1.0385667568
7.812,0.191971050423,0.192012928547,0,1.1077870277
7.813,0.487080081669,0.486980221316,0,1.05358342947
7.814,0.223507068977,0.223366593817,0,0.909549385704
7.815,-0.520376901255,-0.519829303813,-0,0.688718459734
7.816,-1.69570885531,-1.69320525538,-0,0.398920077807
7.817,-1.16399269637,-1.16178009301,-0,0.42421421924
7.818,-1.54883761972,-1.54523559256,-0,0.291568842579
7.819,1.34715863654,1.34345299657,0,0.755812207293
7.82,-1.05114262584,-1.04780409215,-0,0.272785614792
7.821,0.862466158405,0.85935972176,0,0.571036067213
7.822,1.88125517577,1.87367780059,0,0.712838874469
7.823,0.0304058977659,0.030270464828,0,0.342264710145
7.824,-0.155237187686,-0.154479503231,-0,0.275169789909
7.825,-1.17798807368,-1.1717355689,-0,0.0607633820611
7.826,1.07025020716,1.06411225745,0,0.438166149079
7.827,-2.83375673585,-2.81629328285,-0,-0.289107211842
7.828,-0.435188211883,-0.432320080984,-0,0.120538222411
7.829,0.725833552709,0.720739096653,0,0.309634929983
7.83,0.565781051268,0.561567515414,0,0.262926990674
7.831,-1.66065351419,-1.64757399953,-0,-0.153939871253
7.832,0.339518110082,0.336698320781,0,0.191593244986
7.833,0.342463980293,0.339472652445,0,0.179075503107
7.834,-1.04552008669,-1.03593843407,-0,-0.0825048276147
7.835,-1.98914092217,-1.97005600122,-0,-0.262925456802
7.836,0.379067458024,0.375267332538,0,0.153840060715
7.837,0.61096161605,0.604573635731,0,0.187020217333
7.838,-0.571518779085,-0.565296878574,-0,-0.033530966436
7.839,0.0401223907497,0.0396682893828,0,0.0696302027543
7.84,-0.584944255811,-0.578071449763,-0,-0.0491226108686
7.841,-0.995938355649,-0.983806419456,-0,-0.128718284357
7.842,0.132310923248,0.13064200305,0,0.0693115238783
7.843,0.335552513131,0.331174848641,0,0.101345454288
7.844,-1.37439666145,-1.35587122937,-0,-0.210539997328
7.845,-0.955525554083,-0.94223220979,-0,-0.138828338176
7.846,0.664661570624,0.655126669153,0,0.149488718115
7.847,0.552105744757,0.543946051402,0,0.126243705919
7.848,-0.437687838045,-0.431029185093,-0,-0.0546056061718
7.849,-1.16318488905,-1.14498387061,-0,-0.18761289582
7.85,-1.72508406845,-1.69734092865,-0,-0.290930786533
7.851,1.13305479042,1.11433998895,0,0.221575773485
7.852,1.12910773089,1.10996671048,0,0.219102711647
7.853,-0.311893225383,-0.306470068863,-0,-0.0418637924895
7.854,-0.10201129174,-0.100193075064,-0,-0.00551274324182
7.855,-0.0391027713719,-0.0383887627608,-0,0.0045258614973
7.856,0.204335644827,0.200515343314,0,0.0471883403786
7.857,1.27445286937,1.25006887185,0,0.238768648365
7.858,-0.835512239587,-0.819161334498,-0,-0.141961784435
7.859,-1.14996109486,-1.12695357687,-0,-0.199405620252
7.86,-0.777366214082,-0.761473112833,-0,-0.133097279395
7.861,-0.0251411020367,-0.0246160881738,-0,0.0016203768591
7.862,0.645536955783,0.631773546837,0,0.121727849744
7.863,-0.52661251184,-0.515153771232,-0,-0.0898121741983
7.864,-0.186435049454,-0.182296545118,-0,-0.0290780387623
7.865,0.663566697379,0.648545434176,0,0.123474248654
7.866,0.0622074454003,0.0607719151994,0,0.0148263589851
7.867,-0.395922813101,-0.386612238177,-0,-0.0679999894265
7.868,-0.337535151236,-0.32944913845,-0,-0.0578168219839
7.869,-1.78379824147,-1.74028020853,-0,-0.318438128751
7.87,-0.846339992295,-0.825319633962,-0,-0.14996019937
7.871,-1.6173769591,-1.57649360251,-0,-0.288984953319
7.872,-1.95735777517,-1.90701718288,-0,-0.350395790143
7.873,-1.03560683551,-1.00851534916,-0,-0.184673481944
7.874,-0.241249692948,-0.234832050087,-0,-0.0418627711272
7.875,0.731224299571,0.711449362684,0,0.133026330166
7.876,0.244324952237,0.237609480261,0,0.0452438520214
7.877,0.464459123228,0.451487556488,0,0.0847414667379
7.878,0.672061945668,0.652994796387,0,0.121996092322
7.879,0.318075186062,0.308910106257,0,0.0581759813823
7.88,-0.210340309338,-0.204186267182,-0,-0.0370310525789
7.881,-0.429569590413,-0.416810862518,-0,-0.0765753434826
7.882,-1.7155931589,-1.66387641269,-0,-0.308134304089
7.883,0.94997791787,0.920918745501,0,0.171601243278
7.884,0.962689930182,0.932814006613,0,0.173828883688
7.885,-2.19610363485,-2.12697345495,-0,-0.394808427643
7.886,1.75895066869,1.70279862638,0,0.317052324331
7.887,0.793464550317,0.767780956278,0,0.143220702627
7.888,-0.319779950594,-0.309286523582,-0,-0.057203015894
7.889,-0.6449384372,-0.623487525293,-0,-0.115767281004
7.89,-0.694549043294,-0.671138186067,-0,-0.12472935387
7.891,-0.974177052184,-0.940905993829,-0,-0.175091342863
7.892,0.330801840484,0.319356197013,0,0.0597788051643
7.893,0.797724960442,0.76976734867,0,0.143801519369
7.894,0.973959651521,0.939389987288,0,0.175502661114
7.895,0.993598955406,0.957887546903,0,0.17901874343
7.896,1.02654247061,0.989187331304,0,0.184931483021
7.897,1.60172824955,1.54272481309,0,0.288449539398
7.898,2.17213456308,2.09114498351,0,0.391108830387
7.899,0.322091398349,0.309937493768,0,0.0580885998314
7.9,-0.991371429356,-0.953517665532,-0,-0.178345923968
7.901,-0.663667609939,-0.638028539065,-0,-0.119369329805
7.902,0.112598052011,0.108197513553,0,0.0203494053477
7.903,1.18365288704,1.1368612635,0,0.213131100055
7.904,1.86779539825,1.79311810284,0,0.336269394033
7.905,-0.964111502514,-0.925130774794,-0,-0.173480470339
7.906,-0.800384069845,-0.767662547471,-0,-0.14401549247
7.907,0.0992302802682,0.0951287895022,0,0.0179097265403
7.908,-1.12664199878,-1.07956627267,-0,-0.202752111298
7.909,-0.543244044335,-0.520299905382,-0,-0.0977448243458
7.91,-1.01244459685,-0.969226377566,-0,-0.182204834161
7.911,0.806255339239,0.771474418015,0,0.145157635007
7.912,-0.13594798487,-0.130021882974,-0,-0.024442130727
7.913,0.954471860397,0.91243374715,0,0.171830590766
7.914,0.133773794069,0.127821400612,0,0.0241023732377
7.915,0.330475677085,0.315621172134,0,0.0595064031499
7.916,2.51725570865,2.40296721003,0,0.453124730704
7.917,0.298935989535,0.285228146611,0,0.0538253109488
7.918,-0.0292092470345,-0.0278565922178,-0,-0.00524251491699
7.919,1.60346466867,1.52848172993,0,0.288637274955
7.92,-0.791594593381,-0.754217649628,-0,-0.142474755674
7.921,2.3260297816,2.21514388357,0,0.418696404709
7.922,0.414313380365,0.394373940702,0,0.074586348085
7.923,0.617619692399,0.58761483246,0,0.111180490289
7.924,-0.0728589453443,-0.0692861839207,-0,-0.0131065590704
7.925,0.376562560526,0.357925656642,0,0.0677885068771
7.926,-1.97240020486,-1.8738828825,-0,-0.355025515491
7.927,0.0800180710414,0.075984844496,0,0.0144091220332
7.928,0.764027585041,0.725168981592,0,0.137530247629
7.929,0.0717542456764,0.0680720525235,0,0.0129205183108
7.93,0.234587988388,0.222442546856,0,0.0422301165901
7.931,-1.69188053235,-1.60351271947,-0,-0.30453464501
7.932,-0.0540036220149,-0.0511582896085,-0,-0.00971718623175
7.933,1.71336038683,1.62230326913,0,0.308407988788
7.934,-1.12181211745,-1.06167948576,-0,-0.201923373899
7.935,0.482551538441,0.456464244186,0,0.0868618034372
7.936,2.34359631303,2.21582475026,0,0.421849610211
7.937,0.780553777552,0.737640509855,0,0.140501726439
7.938,-1.55098740711,-1.46500568761,-0,-0.279175891448
7.939,-0.0822721908475,-0.0776735212967,-0,-0.0148073367042
7.94,0.303501100827,0.286397272816,0,0.0546316900324
7.941,1.1907285283,1.123077755,0,0.214332477788
7.942,-1.1634462822,-1.09681061352,-0,-0.209419122371
7.943,1.05675802613,0.995746728341,0,0.190217532287
7.944,0.0234643924494,0.0220988897344,0,0.00422456946567
7.945,-1.07466199908,-1.01162749488,-0,-0.193438278892
7.946,0.0304916078824,0.0286890675264,0,0.0054892822669
7.947,-0.459230579886,-0.431871021204,-0,-0.0826607908163
7.948,-1.61978837319,-1.52253919494,-0,-0.291561264968
7.949,0.173077463027,0.162606330186,0,0.0311545213311
7.95,-0.887503561655,-0.833400082316,-0,-0.15975012091
7.951,-0.90639821889,-0.850724161856,-0,-0.163151211231
7.952,-1.49167510138,-1.39936187533,-0,-0.268501096896
7.953,-0.0532240957295,-0.0499056762108,-0,-0.00957995801454
7.954,0.118240172013,0.110813416524,0,0.0212835722574
7.955,0.239904782184,0.224725119213,0,0.0431831679587
7.956,0.752876527368,0.704890531591,0,0.135518051375
7.957,0.737981113716,0.690602515363,0,0.132836849273
7.958,-1.42651078296,-1.33426698118,-0,-0.256771717009
7.959,0.120217487236,0.112387983996,0,0.0216393492337
7.96,-1.49811742949,-1.3998529908,-0,-0.26966095593
7.961,-0.0439999384431,-0.0410934650309,-0,-0.00791982567936
7.962,-0.800413356355,-0.747169138581,-0,-0.144074257228
7.963,1.2713034432,1.18614425312,0,0.228834752001
7.964,0.621698187941,0.579764151332,0,0.111905792832
7.965,1.92252212713,1.79195193853,0,0.346054089986
7.966,-1.58370874102,-1.47541216936,-0,-0.285067476992
7.967,0.0714189041829,0.0665018994749,0,0.0128554895056
7.968,-0.731021276495,-0.680351722531,-0,-0.131583751692
7.969,-1.25716397553,-1.16943957238,-0,-0.226289445326
7.97,2.26555022947,2.10640425503,0,0.407799104547
7.971,-0.628809808226,-0.58434494103,-0,-0.113185708562
7.972,-1.38862864905,-1.28978653498,-0,-0.249953105602
7.973,0.43556050732,0.404353989492,0,0.0784009374216
7.974,0.697012888684,0.64674837945,0,0.125462361457
7.975,0.728845812587,0.675944890504,0,0.13119228361
7.976,-0.610853428164,-0.566230829388,-0,-0.10995358346
7.977,-0.256938123352,-0.238048635579,-0,-0.0462488319546
7.978,0.274798623702,0.25446739162,0,0.0494637794903
7.979,-0.6249211533,-0.578393002077,-0,-0.112485783093
7.98,-0.917093840399,-0.848382269331,-0,-0.16507686922
7.981,-0.529320816571,-0.489414200845,-0,-0.0952777271366
7.982,0.22372623198,0.206754071411,0,0.0402707396181
7.983,-1.06282887777,-0.981702418229,-0,-0.191309181922
7.984,-1.32672456169,-1.22483170639,-0,-0.238810406637
7.985,-1.68694272616,-1.55659240871,-0,-0.303649677687
7.986,2.26237243052,2.0864951167,0,0.407227049213
7.987,-0.0761598834398,-0.0702033812081,-0,-0.0137087684721
7.988,1.65248812552,1.52246871,0,0.297447872086
7.989,-0.359873607395,-0.331388992298,-0,-0.0647772407879
7.99,0.693477371184,0.638260857788,0,0.124825934502
7.991,-1.24403940192,-1.14439953525,-0,-0.223927085426
7.992,0.499182900226,0.458966132706,0,0.0898529282686
7.993,-1.92089731681,-1.76523397004,-0,-0.345761511421
7.994,1.34221462638,1.23281259728,0,0.241598637794
7.995,-0.451909476716,-0.414861657831,-0,-0.0813437012686
7.996,0.319159171297,0.292843585309,0,0.0574486549196
7.997,0.992372012465,0.910079253969,0,0.178626965921
7.998,0.647461865204,0.593464854366,0,0.116543139047
7.999,-0.545184537084,-0.499459441785,-0,-0.0981332136962
8,0.65188749522,0.596904728075,0,0.11733975182
8.001,0.321093502728,0.293859232993,0,0.0577968329038
8.002,-0.183626110402,-0.167964497786,-0,-0.0330526977008
8.003,-0.439504232116,-0.401810372342,-0,-0.0791107598265
8.004,-1.03719787975,-0.947751558506,-0,-0.186695616597
8.005,0.576960983265,0.526931207684,0,0.103852978571
8.006,-0.130348016622,-0.118983372558,-0,-0.0234626415672
8.007,0.239736853491,0.218721161752,0,0.0431526349106
8.008,1.24886901148,1.13879835652,0,0.224796423221
8.009,0.565721893346,0.515592571146,0,0.101829941841
8.01,0.868774821026,0.791378773066,0,0.156379468719
8.011,-0.939926015982,-0.855744530584,-0,-0.169186682035
8.012,0.198215850728,0.180369007716,0,0.0356788538882
8.013,0.846940480392,0.770281173887,0,0.152449287152
8.014,-0.679582638145,-0.6177479442,-0,-0.122324874253
8.015,0.301363699647,0.27379934021,0,0.0542454664884
8.016,-0.899380788062,-0.816690066344,-0,-0.161888541354
8.017,0.161185282398,0.146288788587,0,0.0290133512787
8.018,0.413987736198,0.375530236647,0,0.074517792918
8.019,-0.269873568788,-0.244674859036,-0,-0.0485772420198
8.02,-0.112774808378,-0.102190949843,-0,-0.0202994651822
8.021,-0.898643546599,-0.813877280095,-0,-0.161755838095
8.022,-0.673075330183,-0.609264745792,-0,-0.121153559169
8.023,0.176703075257,0.159866393898,0,0.0318065537838
8.024,0.877201258313,0.793200164179,0,0.15789622671
8.025,-1.68809571341,-1.52563582725,-0,-0.303857228222
8.026,-1.56476092856,-1.41342201514,-0,-0.281656966968
8.027,0.166296388576,0.150133118622,0,0.0299333500996
8.028,0.725280465734,0.654439166362,0,0.130550483972
8.029,0.0823805358185,0.074294610877,0,0.0148284965736
8.03,0.942819752666,0.849827057699,0,0.169707555593
8.031,0.347668437909,0.313210356466,0,0.0625803189259
8.032,0.664223924227,0.598072882429,0,0.119560306453
8.033,-2.15053897981,-1.9353318752,-0,-0.387097016283
8.034,2.05676707024,1.84995668008,0,0.370218072718
8.035,0.707819963987,0.636307962113,0,0.127407593585
8.036,1.67507236235,1.50503295144,0,0.301513025283
8.037,-0.50479144968,-0.453306655136,-0,-0.0908624608881
8.038,-0.19648486125,-0.176350482879,-0,-0.0353672749761
8.039,-1.90008638175,-1.70446521165,-0,-0.342015548671
8.04,-0.730752397849,-0.655167079671,-0,-0.131535431573
8.041,-1.46143825349,-1.3095711377,-0,-0.263058885593
8.042,-1.13676976641,-1.01809364946,-0,-0.204618557921
8.043,-0.281598165763,-0.25206434002,-0,-0.0506876698085
8.044,-0.543067788976,-0.485849533919,-0,-0.0977522019896
8.045,-1.1019882107,-0.985350263338,-0,-0.198357877902
8.046,-0.590433878149,-0.527655760609,-0,-0.106278098046
8.047,0.436664789127,0.390025587376,0,0.0785996620618
8.048,-0.696502907803,-0.621774854942,-0,-0.125370523388
8.049,-0.299387786279,-0.267121828723,-0,-0.0538898015148
8.05,-0.676308796316,-0.603094266521,-0,-0.121735583323
8.051,-1.21919930026,-1.08662455857,-0,-0.219455874034
8.052,-1.62994954234,-1.45192239451,-0,-0.29339091761
8.053,-1.47246929759,-1.31093062124,-0,-0.265044473556
8.054,-0.703270974326,-0.625777802772,-0,-0.12658877537
8.055,-0.00222744578708,-0.00198092662122,-0,-0.000400940233516
8.056,0.633119840796,0.562743825888,0,0.113961571351
8.057,-0.869331334149,-0.772277714399,-0,-0.15647964014
8.058,-0.960165146588,-0.852505607938,-0,-0.17282972638
8.059,-0.600771957198,-0.533118658347,-0,-0.10813895229
8.06,-0.611931367001,-0.542724781388,-0,-0.110147646055
8.061,-0.247553016809,-0.219435885739,-0,-0.0445595430212
8.062,0.36807491292,0.326090331961,0,0.0662534843295
8.063,-0.0500937510396,-0.0443554835931,-0,-0.00901687518362
8.064,-0.966950855406,-0.85571670982,-0,-0.17405115397
8.065,-2.04361802698,-1.80753604058,-0,-0.367851244853
8.066,1.46000490109,1.29063360385,0,0.262800882198
8.067,-0.527274858827,-0.465850877507,-0,-0.0949094745865
8.068,0.0801005602049,0.0707304450659,0,0.014418100839
8.069,-0.330335091014,-0.291532056544,-0,-0.0594603163807
8.07,0.38138280375,0.336397892046,0,0.0686489046767
8.071,-1.40111172842,-1.23516581857,-0,-0.252200111115
8.072,1.1604648032,1.02245591436,0,0.208883664578
8.073,0.628676901834,0.553605033181,0,0.113161842331
8.074,-1.23412002522,-1.0861495257,-0,-0.222141604538
8.075,-0.0471250776253,-0.0414518361458,-0,-0.00848251397156
8.076,1.40225190684,1.23275563079,0,0.252405343232
8.077,-1.66992235855,-1.46725730866,-0,-0.300586024538
8.078,-0.355349958968,-0.312050658077,-0,-0.0639629926135
8.079,-1.23775066138,-1.08632710632,-0,-0.222795119047
8.08,0.82281419185,0.721751381779,0,0.148106554534
8.081,1.01533668856,0.890131388205,0,0.182760603942
8.082,-0.924759220155,-0.810271711873,-0,-0.166456659627
8.083,-0.87546653071,-0.766653831526,-0,-0.157583975527
8.084,-1.07102438496,-0.937382114384,-0,-0.192784389292
8.085,-0.545722315744,-0.477360349889,-0,-0.0982300168335
8.086,0.953383513955,0.833488051904,0,0.171609032512
8.087,1.17295396695,1.02487194604,0,0.211131714051
8.088,0.390333955535,0.34086440395,0,0.0702601119966
8.089,-0.371470426819,-0.324209718644,-0,-0.0668646768273
8.09,1.26046584288,1.09948451541,0,0.226883851719
8.091,-1.14773217142,-1.00058647467,-0,-0.206591790855
8.092,0.420917521223,0.366747277782,0,0.0757651538203
8.093,-0.835686441989,-0.727727619917,-0,-0.150423559558
8.094,0.300912406956,0.261891250304,0,0.0541642332522
8.095,-0.42780213217,-0.372116576759,-0,-0.0770043837905
8.096,-0.367400684498,-0.319397120552,-0,-0.0661321232096
8.097,1.89285839229,1.64461371962,0,0.340714510613
8.098,0.69952456023,0.607439857512,0,0.125914420841
8.099,-0.292022302091,-0.253437372557,-0,-0.0525640143762
8.1,0.157813521913,0.136884083981,0,0.0284064339445
8.101,-1.03688754621,-0.898864628181,-0,-0.186639758317
8.102,1.0664115245,0.923934401455,0,0.19195407441
8.103,-0.829081520021,-0.717905043315,-0,-0.149234673604
8.104,2.35654855926,2.0393858867,0,0.424178740667
8.105,0.0421616600808,0.036466472192,0,0.00758909881458
8.106,-0.18262954176,-0.157870104409,-0,-0.0328733175168
8.107,0.743802685863,0.642597768078,0,0.133884483455
8.108,-0.955964125938,-0.825420888179,-0,-0.172073542669
8.109,1.27986437199,1.10445998231,0,0.230375586959
8.11,-0.0103654329534,-0.00893975141988,-0,-0.00186577793159
8.111,2.13515499925,1.84042934957,0,0.384327899864
8.112,-0.953832357795,-0.821700075008,-0,-0.171689824403
8.113,-0.464271211044,-0.399727795087,-0,-0.0835688179878
8.114,-2.29902551885,-1.97827876721,-0,-0.413824593394
8.115,0.0214860357837,0.0184778264042,0,0.00386748644108
8.116,1.73303721029,1.48954336619,0,0.311946697852
8.117,-0.262338011853,-0.225349681712,-0,-0.0472208421335
8.118,-0.0190761042443,-0.0163770494815,-0,-0.00343369876396
8.119,-0.10337356109,-0.0886962963734,-0,-0.0186072409963
8.12,-1.1310171389,-0.969873324219,-0,-0.203583085002
8.121,0.443464249787,0.380061649835,0,0.0798235649617
8.122,-0.613404680517,-0.525402230998,-0,-0.110412842493
8.123,-1.33298150744,-1.14108535123,-0,-0.239936671339
8.124,-0.90568532306,-0.774854751194,-0,-0.163023358151
8.125,0.777746124845,0.66501214583,0,0.139994302472
8.126,-0.350656243324,-0.299655211048,-0,-0.0631181237984
8.127,-1.12473277635,-0.960589717907,-0,-0.202451899743
8.128,-0.40892682768,-0.349045702863,-0,-0.0736068289824
8.129,-0.825242757596,-0.703989708405,-0,-0.148543696367
8.13,-0.03074018942,-0.0262082975436,-0,-0.00553323409561
8.131,-0.63546166842,-0.541463391598,-0,-0.114383100316
8.132,0.167243228792,0.142421494817,0,0.0301037811826
8.133,-1.57025534586,-1.33642416254,-0,-0.282645962255
8.134,-0.69193735653,-0.588555801916,-0,-0.124548724175
8.135,0.680906076437,0.578834878749,0,0.122563093759
8.136,-0.790109078063,-0.671275715692,-0,-0.142219634051
8.137,0.0666285932298,0.056574499046,0,0.0119931467814
8.138,-0.28276062529,-0.239952335839,-0,-0.0508969125522
8.139,-1.24395213055,-1.05500733468,-0,-0.223911383499
8.14,0.650185954664,0.55110575117,0,0.117033471839
8.141,0.0354454491331,0.0300263939999,0,0.00638018084395
8.142,-0.646426226403,-0.54727648229,-0,-0.116356720753
8.143,-0.282803623473,-0.239286224282,-0,-0.0509046522252
8.144,-0.304957863598,-0.257879761712,-0,-0.0548924154477
8.145,0.47570247642,0.402028942379,0,0.0856264457556
8.146,-2.11428132737,-1.78578409978,-0,-0.380570638926
8.147,0.325102058098,0.274428968878,0,0.0585183704577
8.148,0.200503352916,0.169151447669,0,0.0360906035249
8.149,-1.14776066207,-0.967718507591,-0,-0.206596919173
8.15,-0.083173762838,-0.0700853876381,-0,-0.0149712773108
8.151,-0.204697931126,-0.172384331641,-0,-0.0368456276026
8.152,0.416862027938,0.35084853413,0,0.0750351650289
8.153,1.42979230277,1.20266054835,0,0.257362614499
8.154,0.0621267697489,0.0522265636191,0,0.0111828185548
8.155,1.29891878524,1.09128209843,0,0.233805381342
8.156,-0.874933165484,-0.734635744202,-0,-0.157487969787
8.157,1.10243701059,0.925108968093,0,0.198438661906
8.158,-0.565866951176,-0.474564398049,-0,-0.101856051212
8.159,-0.00191493100146,-0.00160500156213,-0,-0.000344687580262
8.16,0.489469337939,0.41000496268,0,0.088104480829
8.161,-0.0441700726893,-0.0369770973468,-0,-0.00795061308407
8.162,0.158891420474,0.132937044278,0,0.0286004556854
8.163,-0.0554320310643,-0.0463497097048,-0,-0.00997776559157
8.164,0.096632144865,0.0807510707476,0,0.0173937860757
8.165,-0.0750980953505,-0.0627185232979,-0,-0.0135176571631
8.166,-0.524208273465,-0.437532977741,-0,-0.0943574892238
8.167,0.616181641063,0.513990962584,0,0.110912695391
8.168,0.160638630822,0.133917186778,0,0.028914953548
8.169,1.97321591055,1.64399433014,0,0.355178863899
8.17,1.47126384978,1.22505459064,0,0.264827492961
8.171,1.73719484012,1.44561407486,0,0.312695071222
8.172,0.168086115549,0.139789459428,0,0.0302555007988
8.173,0.138481556239,0.115099398929,0,0.024926680123
8.174,1.33756994905,1.11105599485,0,0.240762590829
8.175,-0.69276239535,-0.575098005322,-0,-0.124697231163
8.176,0.261283796074,0.216774370421,0,0.0470310832933
8.177,-0.2332549505,-0.193403360081,-0,-0.0419858910901
8.178,0.7511097904,0.622406393568,0,0.135199762272
8.179,-0.0693769651884,-0.0574543857863,-0,-0.0124878537339
8.18,0.0968336086788,0.0801440082413,0,0.0174300495622
8.181,-0.508398154469,-0.420519123093,-0,-0.0915116678044
8.182,0.576377082349,0.47645854513,0,0.103747874823
8.183,0.558968861265,0.461787795735,0,0.100614395028
8.184,1.01886796621,0.841218766306,0,0.183396233918
8.185,-1.96459096373,-1.62106035273,-0,-0.353626373472
8.186,0.800165928303,0.659846447654,0,0.144029867095
8.187,0.0147774343301,0.0121786020948,0,0.00265993817942
8.188,1.1237380843,0.925547829686,0,0.202272855173
8.189,0.80142839533,0.659680498761,0,0.144257111159
8.19,-0.339797729138,-0.279527367222,-0,-0.0611635912448
8.191,-0.542441062414,-0.445955116228,-0,-0.0976393912345
8.192,0.187301471336,0.153891382737,0,0.0337142648405
8.193,-2.12165279368,-1.74213471804,-0,-0.381897502862
8.194,-1.11511763186,-0.915086615804,-0,-0.200721173734
8.195,0.860848065881,0.705995473055,0,0.154952651859
8.196,2.30916329315,1.89262133093,0,0.415649392767
8.197,-0.400626759985,-0.328157629935,-0,-0.0721128167973
8.198,-1.05128499264,-0.860589954345,-0,-0.189231298675
8.199,1.27513914772,1.04319724601,0,0.229525046589
8.2,-0.51271384848,-0.419195619333,-0,-0.0922884927265
8.201,-0.498863620705,-0.407620621162,-0,-0.0897954517269
8.202,2.25220911297,1.83914274142,0,0.405397640335
8.203,0.567234943356,0.46291569606,0,0.102102289804
8.204,1.10549411415,0.901627933015,0,0.198988940547
8.205,-0.889531625822,-0.725043560905,-0,-0.160115692648
8.206,0.570140693722,0.464425780496,0,0.10262532487
8.207,-1.46780334498,-1.19490537851,-0,-0.264204602097
8.208,-0.774987992898,-0.630509696489,-0,-0.139497838722
8.209,-0.692013250512,-0.562654957042,-0,-0.124562385092
8.21,0.85558156309,0.695216209854,0,0.154004681356
8.211,0.94693248139,0.768967543421,0,0.17044784665
8.212,0.121500753926,0.0986048511849,0,0.0218701357066
8.213,-2.35920269995,-1.91343921157,-0,-0.424656485991
8.214,1.46239887933,1.18534603891,0,0.263231798279
8.215,-1.12894340955,-0.914494639962,-0,-0.203209813719
8.216,-2.01834215854,-1.63392929127,-0,-0.363301588537
8.217,0.369489126859,0.298929926171,0,0.0665080428346
8.218,0.0245330282415,0.0198357189851,0,0.00441594508347
8.219,-1.19533323469,-0.965860998291,-0,-0.215159982244
8.22,-1.7257943177,-1.39361658751,-0,-0.310642977186
8.221,1.18197552171,0.953874376756,0,0.212755593907
8.222,-1.37982263629,-1.11284373323,-0,-0.248368074533
8.223,1.24674923787,1.00488887975,0,0.224414862817
8.224,0.298432537522,0.240388064772,0,0.053717856754
8.225,-1.38791144758,-1.1172647042,-0,-0.249824060564
8.226,0.0197855779433,0.0159173382236,0,0.0035614040298
8.227,-1.43692250106,-1.1552666151,-0,-0.25864605019
8.228,-0.747821972294,-0.600861066169,-0,-0.134607955013
8.229,-0.583692316409,-0.468690958212,-0,-0.105064616954
8.23,1.64431883054,1.31951756818,0,0.295977389497
8.231,0.942335925343,0.755720553157,0,0.169620466562
8.232,-0.463011852621,-0.371085277504,-0,-0.0833421334718
8.233,0.295006902816,0.236286938709,0,0.0531012425069
8.234,-0.179063471271,-0.143331039427,-0,-0.0322314248288
8.235,-0.362062379427,-0.289629075009,-0,-0.0651712282968
8.236,2.17112308606,1.73567535964,0,0.390802155491
8.237,0.758352306579,0.605870982953,0,0.136503415184
8.238,-0.397277319252,-0.317196066626,-0,-0.0715099174653
8.239,0.964795910734,0.769828788257,0,0.173663263932
8.24,1.40274328365,1.11856533425,0,0.252493791057
8.241,0.374826030577,0.298701331013,0,0.0674686855038
8.242,-1.6889443845,-1.34507596129,-0,-0.304009989209
8.243,-0.115600344159,-0.0920056355852,-0,-0.0208080619486
8.244,0.371784058987,0.295712511663,0,0.0669211306177
8.245,1.02945258585,0.818292761071,0,0.185301465453
8.246,0.279608899959,0.222114324948,0,0.0503296019927
8.247,1.62748313707,1.29200764936,0,0.292946964673
8.248,-0.679586105763,-0.539157785545,-0,-0.122325499037
8.249,-1.18496334499,-0.939504578736,-0,-0.213293402099
8.25,0.419206165946,0.332157477804,0,0.0754571098702
8.251,0.605842281027,0.479731384511,0,0.109051610585
8.252,0.285850275166,0.22620340607,0,0.0514530495298
8.253,0.810849858543,0.641243146689,0,0.145952974538
8.254,-0.899496979699,-0.710891889727,-0,-0.161909456346
8.255,0.303694910977,0.239862699164,0,0.0546650839759
8.256,1.1760716548,0.928282428584,0,0.211692897864
8.257,0.949247084419,0.748766760535,0,0.170864475195
8.258,-0.00125804953405,-0.000991712431808,-0,-0.000226448916129
8.259,-0.0212557749525,-0.01674501281,-0,-0.00382603949145
8.26,-1.21199774792,-0.954180795998,-0,-0.218159594625
8.261,-0.0452008789152,-0.0355627920101,-0,-0.00813615820474
8.262,1.36995644149,1.07714863117,0,0.246592159469
8.263,0.117344862178,0.0922046137499,0,0.0211220751921
8.264,-0.930040193874,-0.730314265408,-0,-0.167407234897
8.265,0.760952313259,0.597151865622,0,0.136971416387
8.266,1.18501520834,0.929330853239,0,0.2133027375
8.267,1.82487706551,1.43020706312,0,0.328477871792
8.268,-0.191725254575,-0.150163124465,-0,-0.0345105458235
8.269,-0.436686979509,-0.341800487441,-0,-0.0786036563115
8.27,-1.66304956848,-1.30084599604,-0,-0.299348922327
8.271,0.365696727449,0.28586422928,0,0.0658254109409
8.272,-0.381943107239,-0.298370074033,-0,-0.0687497593031
8.273,0.0769161893093,0.060047092501,0,0.0138449140757
8.274,-0.564189450747,-0.440166127199,-0,-0.101554101134
8.275,1.82010960939,1.41907852349,0,0.327619729689
8.276,-0.672202213164,-0.523752181961,-0,-0.120996398369
8.277,-1.01123457001,-0.78739858911,-0,-0.182022222603
8.278,-0.629235367211,-0.489635007457,-0,-0.113262366098
8.279,0.468146705478,0.364047216074,0,0.084266406986
8.28,2.33654103602,1.81578890163,0,0.420577386484
8.281,0.727472264991,0.564968691602,0,0.130945007698
8.282,1.91727193829,1.4880154783,0,0.345108948891
8.283,0.966490858407,0.749612932391,0,0.173968354513
8.284,-0.279795157893,-0.216867711415,-0,-0.0503631284207
8.285,-0.809138391583,-0.626747611374,-0,-0.145644910485
8.286,0.881450904697,0.68231195459,0,0.158661162846
8.287,-1.23730376073,-0.957141075149,-0,-0.222714676931
8.288,-0.254740711588,-0.196930300204,-0,-0.0458533280859
8.289,1.10658773116,0.85489818687,0,0.199185791608
8.29,0.313495646447,0.242032794336,0,0.0564292163604
8.291,0.262009810083,0.202150213614,0,0.047161765815
8.292,-0.782465894811,-0.603303461079,-0,-0.140843861066
8.293,-2.04564178375,-1.57620800597,-0,-0.368215521075
8.294,1.02600230313,0.790033702392,0,0.184680414564
8.295,0.468681119904,0.360651611914,0,0.0843626015828
8.296,0.975987349581,0.75052910621,0,0.175677722925
8.297,1.31509720923,1.0106340712,0,0.236717497662
8.298,1.39654276525,1.07251368787,0,0.251377697745
8.299,0.0757609377637,0.05814418233,0,0.0136369687975
8.3,-0.171886004575,-0.131829790141,-0,-0.0309394808235
8.301,-2.26370086957,-1.73501804772,-0,-0.407466156523
8.302,0.605045282631,0.463430433,0,0.108908150874
8.303,-0.234140816924,-0.179219519615,-0,-0.0421453470464
8.304,-1.36801787685,-1.04643259296,-0,-0.246243217833
8.305,0.00119059150278,0.000910108911735,0,0.0002143064705
8.306,0.629233495563,0.480676977302,0,0.113262029201
8.307,0.193874551952,0.148003843257,0,0.0348974193513
8.308,0.571317575016,0.435853225991,0,0.102837163503
8.309,-0.732577633499,-0.558504437316,-0,-0.13186397403
8.31,0.0514734980054,0.0392163116846,0,0.00926522964097
8.311,1.46238449783,1.11340848092,0,0.26322920961
8.312,0.859590700017,0.654024991655,0,0.154726326003
8.313,-0.82602603751,-0.6280668277,-0,-0.148684686752
8.314,0.547191146853,0.415777001014,0,0.0984944064335
8.315,-0.419117615983,-0.318248521352,-0,-0.075441170877
8.316,-0.119256588753,-0.0904944071736,-0,-0.0214661859756
8.317,-0.265764700821,-0.201532610021,-0,-0.0478376461478
8.318,0.353865029571,0.268160096017,0,0.0636957053227
8.319,-1.3972263619,-1.05811178135,-0,-0.251500745142
8.32,-0.674537348018,-0.510480140146,-0,-0.121416722643
8.321,-0.244341008121,-0.184789410949,-0,-0.0439813814618
8.322,-0.967768960191,-0.731408623926,-0,-0.174198412834
8.323,-1.13846438083,-0.859835363232,-0,-0.20492358855
8.324,-0.442191214612,-0.333743819176,-0,-0.0795944186302
8.325,1.00381298539,0.757116997539,0,0.18068633737
8.326,-0.586991894478,-0.442434673978,-0,-0.105658541006
8.327,-0.996687803268,-0.750728422925,-0,-0.179403804588
8.328,-1.29179402738,-0.972351862378,-0,-0.232522924929
8.329,-0.567226337026,-0.426670707616,-0,-0.102100740665
8.33,-0.425976754714,-0.320205216863,-0,-0.0766758158485
8.331,1.28868599547,0.968044837823,0,0.231963479184
8.332,-0.592680634953,-0.444912659666,-0,-0.106682514292
8.333,-0.584764155139,-0.438672319254,-0,-0.105257547925
8.334,-0.568183914749,-0.42594515582,-0,-0.102273104655
8.335,-0.350372157778,-0.262481922328,-0,-0.0630669884
8.336,0.637998101574,0.477632706869,0,0.114839658283
8.337,-0.211034376599,-0.157881971054,-0,-0.0379861877877
8.338,-0.315266218213,-0.235700895981,-0,-0.0567479192783
8.339,-0.307240056064,-0.229543973305,-0,-0.0553032100915
8.34,-0.723904173933,-0.540472004723,-0,-0.130302751308
8.341,-1.60543107826,-1.19780922297,-0,-0.288977594086
8.342,0.41405372276,0.308714014774,0,0.0745296700967
8.343,0.182829280828,0.136222507092,0,0.032909270549
8.344,0.844133732833,0.628517885527,0,0.15194407191
8.345,-2.56343835974,-1.90735851392,-0,-0.461418904753
8.346,-1.23668650676,-0.919542793672,-0,-0.222603571217
8.347,-0.743177910231,-0.552214474846,-0,-0.133772023842
8.348,1.45432931542,1.07989175352,0,0.261779276775
8.349,-2.76214879809,-2.04958913824,-0,-0.497186783657
8.35,-0.0807024755289,-0.0598423545615,-0,-0.0145264455952
8.351,1.3075686791,0.968920630135,0,0.235362362237
8.352,0.0244139537935,0.0180785457112,0,0.00439451168284
8.353,-0.686138384312,-0.507736717047,-0,-0.123504909176
8.354,-1.33237736824,-0.985270287447,-0,-0.239827926283
8.355,-0.471602701709,-0.34850218833,-0,-0.0848884863076
8.356,0.398715963275,0.29443791749,0,0.0717688733895
8.357,-0.10248776308,-0.0756315183096,-0,-0.0184477973545
8.358,-1.16853807064,-0.861735857515,-0,-0.210336852716
8.359,0.387215916416,0.285354545932,0,0.0696988649548
8.36,1.36396847825,1.00446782075,0,0.245514326085
8.361,0.17445771578,0.128387215162,0,0.0314023888404
8.362,-0.68652218895,-0.504877342212,-0,-0.123573994011
8.363,-1.62559738859,-1.19465857338,-0,-0.292607529947
8.364,0.211817094488,0.155557562658,0,0.0381270770078
8.365,-1.49068085037,-1.09399140867,-0,-0.268322553066
8.366,1.48176904825,1.08669752271,0,0.266718428685
8.367,-0.779724418617,-0.571436551664,-0,-0.140350395351
8.368,2.3549193021,1.72465184503,0,0.423885474378
8.369,0.742619834046,0.543488404864,0,0.133671570128
8.37,0.0802389346416,0.0586822865001,0,0.0144430082355
8.371,-1.21894825754,-0.890851024051,-0,-0.219410686357
8.372,1.13436519132,0.828457907483,0,0.204185734438
8.373,0.0175266791623,0.0127913016471,0,0.00315480224921
8.374,-1.61707129845,-1.17934705078,-0,-0.291072833721
8.375,-0.125835942999,-0.0917094991582,-0,-0.0226504697398
8.376,-0.644193621176,-0.469162180247,-0,-0.115954851812
8.377,1.48484539173,1.0806488066,0,0.267272170512
8.378,0.0927025031863,0.0674204079624,0,0.0166864505735
8.379,-0.27581844439,-0.200456247827,-0,-0.0496473199902
8.38,0.438960680773,0.318799840604,0,0.0790129225391
8.381,-0.907444083201,-0.658579694474,-0,-0.163339934976
8.382,-1.80882188979,-1.31183756174,-0,-0.325587940162
8.383,-1.2313145709,-0.892378041328,-0,-0.221636622761
8.384,0.0220997345869,0.0160052447479,0,0.00397795222564
8.385,1.02063388718,0.738652984346,0,0.183714099692
8.386,-0.189857640994,-0.137307282213,-0,-0.0341743753789
8.387,0.68203696927,0.492910682389,0,0.122766654469
8.388,0.550156714352,0.397320855831,0,0.0990282085834
8.389,-0.741331076748,-0.53500961561,-0,-0.133439593815
8.39,1.35792684651,0.979309571617,0,0.244426832373
8.391,-0.534718374044,-0.385356583166,-0,-0.096249307328
8.392,0.408485742479,0.294176810431,0,0.0735274336463
8.393,0.593555067478,0.427155707293,0,0.106839912146
8.394,1.2014738888,0.86403832151,0,0.216265299984
8.395,2.2512354175,1.61782990573,0,0.405222375149
8.396,-0.720934320957,-0.517726903856,-0,-0.129768177772
8.397,-0.255767586724,-0.183545369393,-0,-0.0460381656104
8.398,1.74620520777,1.25223519927,0,0.314316937398
8.399,-0.00968025103347,-0.00693696906034,-0,-0.00174244518603
8.4,-0.158503568381,-0.113504870923,-0,-0.0285306423085
8.401,-0.456814626882,-0.326894476363,-0,-0.0822266328388
8.402,0.716522790971,0.512376878899,0,0.128974102375
8.403,0.492520516063,0.351945635109,0,0.0886536928914
8.404,-0.497861049672,-0.355509294148,-0,-0.089614988941
8.405,-0.237630984608,-0.169565398928,-0,-0.0427735772295
8.406,-0.297947222245,-0.212453885456,-0,-0.053630500004
8.407,1.48100595015,1.05529314816,0,0.266581071028
8.408,1.42909435794,1.01757869725,0,0.257236984429
8.409,0.535476616049,0.381011609029,0,0.0963857908888
8.41,2.80534787176,1.99468731896,0,0.504962616918
8.411,-0.264457884871,-0.187903486925,-0,-0.0476024192767
8.412,-1.45814272572,-1.03530516332,-0,-0.26246569063
8.413,-1.58360196729,-1.12358054817,-0,-0.285048354112
8.414,0.517880549719,0.367178653352,0,0.0932184989494
8.415,0.514979960378,0.364861138643,0,0.0926963928681
8.416,0.635331337602,0.449807634737,0,0.114359640768
8.417,-2.22726130931,-1.57574810729,-0,-0.400907035675
8.418,-0.923979602496,-0.653231158581,-0,-0.166316328449
8.419,-0.316852018738,-0.223846178279,-0,-0.0570333633728
8.42,-1.08690563429,-0.76731476325,-0,-0.195643014172
8.421,-0.00349076296553,-0.00246258025796,-0,-0.000628337333796
8.422,-0.761602831311,-0.536891730141,-0,-0.137088509636
8.423,0.266694335088,0.187871065172,0,0.0480049803158
8.424,1.83085774905,1.28880871221,0,0.329554394828
8.425,0.56060551754,0.39434722953,0,0.100908993157
8.426,-0.77249032925,-0.543002532247,-0,-0.139048259265
8.427,-0.570935380934,-0.401035621707,-0,-0.102768368568
8.428,0.49840819696,0.349838958163,0,0.0897134754528
8.429,-0.107005293809,-0.0750542125042,-0,-0.0192609528857
8.43,0.0998887224846,0.0700120660798,0,0.0179799700472
8.431,2.49751849715,1.74924881243,0,0.449553329487
8.432,-0.110192095592,-0.0771222282137,-0,-0.0198345772065
8.433,1.21090654878,0.846887688026,0,0.217963178781
8.434,-0.0017443177737,-0.00121906447437,-0,-0.000313977199267
8.435,-0.483654432751,-0.337770668331,-0,-0.0870577978952
8.436,1.04413030532,0.728663417957,0,0.187943454957
8.437,0.416026560762,0.290120650484,0,0.0748847809371
8.438,0.750232717767,0.522803776504,0,0.135041889198
8.439,0.27853551346,0.193958241618,0,0.0501363924229
8.44,0.11607125773,0.0807675879153,0,0.0208928263914
8.441,0.964485911517,0.670645300146,0,0.173607464073
8.442,0.875641663299,0.608426054529,0,0.157615499394
8.443,1.24501445592,0.864450209604,0,0.224102602065
8.444,0.157764625588,0.10946095664,0,0.0283976326059
8.445,-0.404143412531,-0.280200525769,-0,-0.0727458142555
8.446,-0.591491662656,-0.409794115194,-0,-0.106468499278
8.447,-1.3996200546,-0.968970846178,-0,-0.251931609827
8.448,0.272484292981,0.188506055508,0,0.0490471727366
8.449,1.58880427703,1.09834133458,0,0.285984769865
8.45,0.623985521851,0.431046726519,0,0.112317393933
8.451,0.047669467326,0.032905831072,0,0.00858050411869
8.452,-1.34457401461,-0.927469894256,-0,-0.242023322631
8.453,-0.277648630301,-0.191378436329,-0,-0.0499767534541
8.454,0.63994439763,0.44078000281,0,0.115189991573
8.455,-0.42470404007,-0.292312930157,-0,-0.0764467272126
8.456,1.7627671964,1.2123789939,0,0.317298095352
8.457,-0.993554367903,-0.682836465764,-0,-0.178839786223
8.458,-0.698631027752,-0.479793523909,-0,-0.125753584995
8.459,0.255669205766,0.175455180108,0,0.0460204570379
8.46,-1.42084465526,-0.974351029591,-0,-0.255752037948
8.461,-1.21107644352,-0.829891474278,-0,-0.217993759833
8.462,0.245047191208,0.167795453274,0,0.0441084944175
8.463,-1.62493882445,-1.11185462452,-0,-0.2924889884
8.464,0.315712523737,0.215865456783,0,0.0568282542727
8.465,-0.541304104249,-0.36983910518,-0,-0.0974347387648
8.466,0.0516396875723,0.0352561676516,0,0.00929514376301
8.467,-1.86284156338,-1.2708878321,-0,-0.335311481409
8.468,-0.673448924022,-0.459108771725,-0,-0.121220806324
8.469,1.55356545739,1.05832712524,0,0.27964178233
8.47,1.16063713132,0.79007095201,0,0.208914683638
8.471,-0.276352546479,-0.187980234809,-0,-0.0497434583663
8.472,2.02139333765,1.37397379388,0,0.363850800778
8.473,-0.433399100867,-0.294370542213,-0,-0.0780118381561
8.474,-0.414531973369,-0.2813474078,-0,-0.0746157552064
8.475,-1.91542328106,-1.29905640571,-0,-0.344776190591
8.476,1.01191373479,0.685780166806,0,0.182144472263
8.477,0.320769358675,0.21722625247,0,0.0577384845615
8.478,2.0019194275,1.35470225268,0,0.360345496951
8.479,0.341758008824,0.231096626214,0,0.0615164415884
8.48,1.44950258064,0.979425404017,0,0.260910464516
8.481,0.140730959284,0.0950209368386,0,0.0253315726711
8.482,0.79974348786,0.539582035768,0,0.143953827815
8.483,-0.254311993589,-0.171455153782,-0,-0.045776158846
8.484,0.464909177718,0.313204919717,0,0.0836836519892
8.485,0.0161593057804,0.0108782674163,0,0.00290867504047
8.486,-0.680959759383,-0.458073194479,-0,-0.122572756689
8.487,0.934108462268,0.627894902724,0,0.168139523208
8.488,-1.76315175227,-1.18428270743,-0,-0.317367315408
8.489,0.68571944874,0.460243887019,0,0.123429500773
8.49,-1.24197074354,-0.832968574494,-0,-0.223554733837
8.491,0.0776068723387,0.0520107295954,0,0.013969237021
8.492,1.30449938359,0.873598701881,0,0.234809889047
8.493,-0.488258855276,-0.326733293949,-0,-0.0878865939497
8.494,0.245209798673,0.163966855496,0,0.0441377637611
8.495,1.47568501091,0.986022266006,0,0.265623301964
8.496,-0.21256879239,-0.14192770975,-0,-0.0382623826302
8.497,0.502305672243,0.335127625752,0,0.0904150210037
8.498,-1.27311958518,-0.848761417088,-0,-0.229161525332
8.499,-0.111734017476,-0.0744347873762,-0,-0.0201121231457
8.5,-0.58325509209,-0.388260321415,-0,-0.104985916576
8.501,-0.803528460916,-0.534489887799,-0,-0.144635122965
8.502,-0.51869200318,-0.34476356702,-0,-0.0933645605723
8.503,-0.343849878815,-0.22837791223,-0,-0.0618929781867
8.504,1.35602858866,0.899968490735,0,0.244085145958
8.505,-0.894366377548,-0.593126031422,-0,-0.160985947959
8.506,-0.980595402414,-0.649821778052,-0,-0.176507172435
8.507,-0.067105770085,-0.0444362078291,-0,-0.0120790386153
8.508,-0.990376248603,-0.655314659666,-0,-0.178267724749
8.509,0.933525575382,0.617231748706,0,0.168034603569
8.51,-3.19006874929,-2.10762953345,-0,-0.574212374873
8.511,0.736520914986,0.486240737105,0,0.132573764698
8.512,-0.267242567168,-0.176296521774,-0,-0.0481036620902
8.513,-0.152570248651,-0.100572591967,-0,-0.0274626447572
8.514,1.03588164577,0.682325237664,0,0.186458696239
8.515,-0.691090451413,-0.454870242217,-0,-0.124396281254
8.516,-0.623681658895,-0.410191608273,-0,-0.112262698601
8.517,-0.0729529403991,-0.047944367509,-0,-0.0131315292718
8.518,0.185740854563,0.121975625843,0,0.0334333538213
8.519,-0.635053573711,-0.416722195454,-0,-0.114309643268
8.52,0.996279888939,0.653263079269,0,0.179330380009
8.521,-1.04915090818,-0.687408697119,-0,-0.188847163473
8.522,-0.0541346804834,-0.035442372118,-0,-0.00974424248702
8.523,-0.471216673707,-0.308274657761,-0,-0.0848190012673
8.524,1.21240819968,0.792566737862,0,0.218233475942
8.525,1.09961943339,0.718288670596,0,0.197931498011
8.526,-1.14417851322,-0.746826743617,-0,-0.20595213238
8.527,-0.915281305952,-0.596966500366,-0,-0.164750635071
8.528,-0.830357689606,-0.541165007156,-0,-0.149464384129
8.529,0.176050203124,0.1146489239,0,0.0316890365623
8.53,2.46381767771,1.6032852926,0,0.443487181987
8.531,-0.426078161777,-0.277051265763,-0,-0.0766940691199
8.532,0.51846261301,0.336865675458,0,0.0933232703419
8.533,1.04192831031,0.676465171817,0,0.187547095856
8.534,0.641779152751,0.416352644717,0,0.115520247495
8.535,-0.710337708252,-0.460477637182,-0,-0.127860787485
8.536,0.427424091241,0.276866528985,0,0.0769363364235
8.537,1.03826438822,0.672027485595,0,0.18688758988
8.538,0.357530880939,0.231238470831,0,0.064355558569
8.539,-0.424603223154,-0.274408210975,-0,-0.0764285801677
8.54,-1.23919147016,-0.800238333532,-0,-0.223054464629
8.541,-0.948895264663,-0.612302693661,-0,-0.170801147639
8.542,-1.06145329287,-0.684408774082,-0,-0.191061592717
8.543,0.838202758645,0.540045547467,0,0.150876496556
8.544,0.46236702588,0.29766969164,0,0.0832260646583
8.545,0.634783279487,0.408356559759,0,0.114260990308
8.546,-0.345619948609,-0.222166712761,-0,-0.0622115907496
8.547,2.09383981679,1.34489880593,0,0.376891167023
8.548,-0.28601993978,-0.18357277236,-0,-0.0514835891604
8.549,-0.0829677761935,-0.0532092385576,-0,-0.0149341997148
8.55,0.468185816411,0.300027678789,0,0.084273446954
8.551,-0.221424943514,-0.14178651359,-0,-0.0398564898325
8.552,0.860563379965,0.550625590406,0,0.154901408394
8.553,-0.764281015746,-0.488642895042,-0,-0.137570582834
8.554,1.8803116311,1.20124936921,0,0.338456093598
8.555,1.79468559024,1.14566165505,0,0.323043406242
8.556,-0.249365341277,-0.159062789081,-0,-0.0448857614298
8.557,0.976601336629,0.622463877903,0,0.175788240593
8.558,-0.176894204866,-0.112661264614,-0,-0.0318409568758
8.559,-0.437182632757,-0.278219735286,-0,-0.0786928738962
8.56,-0.403379479866,-0.256509047663,-0,-0.0726083063758
8.561,0.763352062155,0.485039897945,0,0.137403371188
8.562,0.181259802164,0.115084706912,0,0.0326267643896
8.563,-1.96625075085,-1.24743633363,-0,-0.353925135154
8.564,0.209808981096,0.133004635209,0,0.0377656165973
8.565,0.63009757507,0.399129257405,0,0.113417563513
8.566,1.79271340958,1.1346959838,0,0.322688413725
8.567,-0.634862400637,-0.401523523178,-0,-0.114275232115
8.568,0.635204621998,0.401427954933,0,0.11433683196
8.569,0.420953566191,0.265821788023,0,0.0757716419144
8.57,-2.94306657624,-1.85702918249,-0,-0.529751983723
8.571,-0.0401667506966,-0.0253248828441,-0,-0.00723001512539
8.572,2.52227242353,1.58903945388,0,0.454009036235
8.573,-0.354219260356,-0.222985512455,-0,-0.063759466864
8.574,0.000145592407971,9.15808846492e-05,0,2.62066334348e-05
8.575,-0.103068794858,-0.0647820633398,-0,-0.0185523830744
8.576,0.0300339839685,0.0188626123347,0,0.00540611711432
8.577,0.0144927395295,0.0090949547232,0,0.00260869311532
8.578,0.875960519322,0.549282282329,0,0.157672893478
8.579,1.74457209778,1.09310235107,0,0.314022977601
8.58,0.973695417852,0.609615112666,0,0.175265175213
8.581,-2.42895444326,-1.5195412886,-0,-0.437211799787
8.582,-0.138730863094,-0.0867214650396,-0,-0.024971555357
8.583,0.906669372856,0.566321032207,0,0.163200487114
8.584,0.134316701979,0.0838308438577,0,0.0241770063563
8.585,0.257000971813,0.16027600276,0,0.0462601749263
8.586,-0.767909828619,-0.478524004411,-0,-0.138223769151
8.587,0.758759713542,0.472451657989,0,0.136576748438
8.588,-1.40889859286,-0.876581512543,-0,-0.253601746715
8.589,-1.13406930184,-0.705036289219,-0,-0.20413247433
8.59,-0.538552486273,-0.334548482417,-0,-0.0969394475291
8.591,-1.49925840063,-0.930607438952,-0,-0.269866512113
8.592,-1.71232782977,-1.06202757158,-0,-0.308219009359
8.593,0.186927488576,0.11584592018,0,0.0336469479437
8.594,0.0262650355832,0.0162646270836,0,0.00472770640498
8.595,0.183970431903,0.113834141766,0,0.0331146777425
8.596,0.511129888241,0.316019606989,0,0.0920033798833
8.597,0.237222554598,0.146553711441,0,0.0427000598276
8.598,-1.56211334055,-0.964298131142,-0,-0.281180401299
8.599,-0.508793682592,-0.313832766178,-0,-0.0915828628665
8.6,-0.578139030753,-0.356325173635,-0,-0.104065025536
8.601,1.41138798098,0.869196805613,0,0.254049836577
8.602,-0.0314210693204,-0.0193352597074,-0,-0.00565579247768
8.603,-0.215054959668,-0.132231737657,-0,-0.0387098927403
8.604,-0.700389573298,-0.430311506165,-0,-0.126070123194
8.605,0.818777859926,0.502650679187,0,0.147380014787
8.606,-0.549020678424,-0.336779488821,-0,-0.0988237221162
8.607,0.916170922678,0.561552074405,0,0.164910766082
8.608,0.383153089632,0.234661756337,0,0.0689675561337
8.609,-0.502657844893,-0.307608800212,-0,-0.0904784120807
8.61,-0.546508660715,-0.334179264491,-0,-0.0983715589287
8.611,0.0050019708596,0.00305618486064,0,0.000900354754728
8.612,-1.53135377456,-0.934910123661,-0,-0.27564367942
8.613,0.856519903323,0.522501460961,0,0.154173582598
8.614,-0.599142868762,-0.365204415188,-0,-0.107845716377
8.615,-0.49025583672,-0.298595891235,-0,-0.0882460506097
8.616,-0.636158353715,-0.387152059474,-0,-0.114508503669
8.617,-0.414896973928,-0.252296802688,-0,-0.0746814553071
8.618,0.275565334727,0.167436855444,0,0.0496017602509
8.619,-0.379250686653,-0.230254275378,-0,-0.0682651235975
8.62,-0.763111132562,-0.462939059043,-0,-0.137360003861
8.621,-0.990772942556,-0.600571526028,-0,-0.17833912966
8.622,-0.840117638027,-0.508844546625,-0,-0.151221174845
8.623,-1.66106199733,-1.0052756036,-0,-0.298991159519
8.624,-1.4900329438,-0.901050864794,-0,-0.268205929885
8.625,-0.23563573957,-0.142379870499,-0,-0.0424144331226
8.626,0.537164667246,0.32431625995,0,0.0966896401043
8.627,0.718462632908,0.433430212883,0,0.129323273923
8.628,-0.502968571522,-0.303186189232,-0,-0.090534342874
8.629,-0.763272588706,-0.459728746828,-0,-0.137389065967
8.63,0.180700033106,0.108751064349,0,0.0325260059591
8.631,-1.00131499814,-0.602142323352,-0,-0.180236699664
8.632,1.71782992641,1.03219465521,0,0.309209386754
8.633,-0.565677654273,-0.339627880106,-0,-0.101821977769
8.634,1.21337624136,0.72791811642,0,0.218407723445
8.635,-1.28953170198,-0.772986049602,-0,-0.232115706357
8.636,0.336775482044,0.201712379315,0,0.060619586768
8.637,0.52718747249,0.315507350896,0,0.0948937450482
8.638,0.635021247571,0.379738678284,0,0.114303824563
8.639,-1.0149026491,-0.606419283917,-0,-0.182682476838
8.64,0.976435851249,0.582967355711,0,0.175758453225
8.641,-1.08741468687,-0.648705349883,-0,-0.195734643637
8.642,0.58605472865,0.34933499105,0,0.105489851157
8.643,-1.78911085929,-1.06559619033,-0,-0.322039954671
8.644,1.58446940556,0.942954250617,0,0.285204493002
8.645,0.11734010746,0.069775742752,0,0.0211212193427
8.646,-1.68738701289,-1.00259093956,-0,-0.303729662321
8.647,1.28317451313,0.761808388201,0,0.230971412363
8.648,-0.182032842522,-0.107984294175,-0,-0.032765911654
8.649,0.182904428323,0.10841409456,0,0.0329227970981
8.65,0.404601819984,0.239629294226,0,0.0728283275971
8.651,0.0410607560945,0.0242990578781,0,0.00739093609701
8.652,1.0526015848,0.622410336455,0,0.189468285263
8.653,-0.408032465878,-0.241078037704,-0,-0.0734458438581
8.654,0.221477331857,0.130750160151,0,0.0398659197343
8.655,-0.30979457675,-0.182741272234,-0,-0.055763023815
8.656,-1.19310561328,-0.703220427021,-0,-0.21475901039
8.657,-0.405814924983,-0.23899577748,-0,-0.073046686497
8.658,-1.95522869097,-1.15055998891,-0,-0.351941164375
8.659,1.6557229751,0.973528665106,0,0.298030135518
8.66,2.47486435229,1.45399094274,0,0.445475583412
8.661,-0.389177588372,-0.228458450217,-0,-0.0700519659069
8.662,-0.19830141854,-0.116314591066,-0,-0.0356942553373
8.663,-0.09999074442,-0.0586026187063,-0,-0.0179983339956
8.664,0.0408930496059,0.0239472383402,0,0.00736074892907
8.665,0.942584730194,0.551537345573,0,0.169665251435
8.666,0.50515245828,0.295342165536,0,0.0909274424904
8.667,-0.51031499384,-0.298118992467,-0,-0.0918566988911
8.668,-0.744007841339,-0.434287204157,-0,-0.133921411441
8.669,0.201843276266,0.117723153052,0,0.0363317897279
8.67,-0.636443660904,-0.370898874348,-0,-0.114559858963
8.671,-0.386574396534,-0.225100501238,-0,-0.0695833913761
8.672,-0.4619748033,-0.268787683464,-0,-0.083155464594
8.673,-1.5112930411,-0.87859217723,-0,-0.272032747397
8.674,-0.201592169902,-0.117100772066,-0,-0.0362865905824
8.675,-0.470428810899,-0.273040666594,-0,-0.0846771859618
8.676,0.432513033255,0.250830199392,0,0.077852345986
8.677,-0.435493820237,-0.252353712346,-0,-0.0783888876426
8.678,-0.041982726612,-0.0243077799215,-0,-0.00755689079017
8.679,-1.04487451109,-0.604485127679,-0,-0.188077411996
8.68,0.102910515216,0.0594878051387,0,0.0185238927389
8.681,-0.167175566013,-0.096557848628,-0,-0.0300916018823
8.682,0.758244294541,0.437593027389,0,0.136483973017
8.683,0.870583731773,0.502016662158,0,0.156705071719
8.684,-0.0817755986823,-0.0471169899327,-0,-0.0147196077628
8.685,0.902536015035,0.519594382343,0,0.162456482706
8.686,1.62280473143,0.933495333389,0,0.292104851658
8.687,-1.50099185581,-0.862720428642,-0,-0.270178534046
8.688,-0.0552203907245,-0.0317129733117,-0,-0.00993967033041
8.689,1.58066054522,0.90703014576,0,0.28451889814
8.69,0.59333498119,0.340195500243,0,0.106800296614
8.691,0.17285782212,0.0990291457146,0,0.0311144079816
8.692,-0.940879871575,-0.538583990679,-0,-0.169358376884
8.693,0.311941008743,0.178417267405,0,0.0561493815738
8.694,-1.02328632241,-0.584798988138,-0,-0.184191538034
8.695,0.507971126253,0.290063702112,0,0.0914348027255
8.696,-1.00313148458,-0.572343847881,-0,-0.180563667224
8.697,-0.862142182316,-0.491499109092,-0,-0.155185592817
8.698,0.853165933194,0.485983935713,0,0.153569867975
8.699,1.28700792242,0.732510881888,0,0.231661426036
8.7,0.521234004183,0.296421662478,0,0.093822120753
8.701,-0.382096096477,-0.217117096601,-0,-0.0687772973659
8.702,-0.291349142923,-0.165416670976,-0,-0.0524428457262
8.703,-0.262612256069,-0.148978816016,-0,-0.0472702060923
8.704,0.294669316401,0.167027633002,0,0.0530404769521
8.705,-1.33036253384,-0.753472120299,-0,-0.239465256091
8.706,-0.309072966914,-0.174904853619,-0,-0.0556331340446
8.707,-1.44926048072,-0.819465806597,-0,-0.260866886529
8.708,0.970292703301,0.548189342186,0,0.174652686594
8.709,-0.0454830252837,-0.0256755934686,-0,-0.00818694455107
8.71,0.591364575993,0.333556698527,0,0.106445623679
8.711,0.75981108473,0.4282161967,0,0.136765995251
8.712,-0.652652019028,-0.367520987655,-0,-0.117477363425
8.713,0.521248782602,0.293284018229,0,0.0938247808684
8.714,1.67269002413,0.940376109627,0,0.301084204343
8.715,-0.289337801605,-0.162530161098,-0,-0.0520808042889
8.716,-0.480541757829,-0.269713373582,-0,-0.0864975164092
8.717,0.343789387261,0.192799661484,0,0.061882089707
8.718,0.698724946595,0.391527612209,0,0.125770490387
8.719,1.84165923453,1.03111631965,0,0.331498662216
8.72,0.142437436712,0.0796828149255,0,0.0256387386082
8.721,-0.0949676663024,-0.0530833486081,-0,-0.0170941799344
8.722,-0.925338712979,-0.516803205757,-0,-0.166560968336
8.723,-1.38160941564,-0.770995011629,-0,-0.248689694815
8.724,2.06167935352,1.14955331478,0,0.371102283633
8.725,-0.722751984489,-0.402660378675,-0,-0.130095357208
8.726,1.23072842015,0.68509900897,0,0.221531115628
8.727,0.5793015035,0.322208629261,0,0.10427427063
8.728,0.742614594062,0.412702681617,0,0.133670626931
8.729,-1.67201942773,-0.928445311378,-0,-0.300963496992
8.73,-1.36610945947,-0.757951823255,-0,-0.245899702704
8.731,-0.000787038756285,-0.000436308040495,-0,-0.000141666976131
8.732,-1.07154196523,-0.593536149548,-0,-0.192877553741
8.733,0.584015893525,0.32322388798,0,0.105122860835
8.734,-1.845724466,-1.02067234036,-0,-0.33223040388
8.735,1.17184301704,0.64748469435,0,0.210931743068
8.736,-0.0117555621415,-0.00648998908619,-0,-0.00211600118547
8.737,0.542416344889,0.299208363513,0,0.0976349420801
8.738,0.260677695566,0.143676298905,0,0.0469219852018
8.739,1.72398754053,0.949413892091,0,0.310317757295
8.74,1.89339995889,1.04184695309,0,0.3408119926
8.741,0.420339359663,0.231100895049,0,0.0756610847393
8.742,-0.335329316772,-0.184209915635,-0,-0.060359277019
8.743,-1.21262971864,-0.665594158527,-0,-0.218273349356
8.744,-1.01480328193,-0.55654832077,-0,-0.182664590747
8.745,-0.776424151068,-0.425460919283,-0,-0.139756347192
8.746,0.854778128984,0.468008315894,0,0.153860063217
8.747,-0.418112179323,-0.228734894644,-0,-0.0752601922781
8.748,-0.256365455709,-0.140132365552,-0,-0.0461457820276
8.749,0.127425806004,0.0695946071425,0,0.0229366450807
8.75,0.841246572709,0.459071851155,0,0.151424383088
8.751,0.915526892736,0.499191897746,0,0.164794840692
8.752,1.36812236801,0.745350144255,0,0.246262026242
8.753,0.833612938652,0.453773078756,0,0.150050328957
8.754,-0.367761797434,-0.200022884687,-0,-0.0661971235381
8.755,0.638322477311,0.346890106346,0,0.114898045916
8.756,0.611747791516,0.332171830409,0,0.110114602473
8.757,0.61267747007,0.332399853997,0,0.110281944613
8.758,0.637681305216,0.345677438411,0,0.114782634939
8.759,0.648567621794,0.351286096883,0,0.116742171923
8.76,3.01492331964,1.63162454296,0,0.542686197535
8.761,0.724197807361,0.391596983207,0,0.130355605325
8.762,0.440107654962,0.237782090659,0,0.0792193778932
8.763,0.848634615475,0.458119694091,0,0.152754230785
8.764,-0.463088592848,-0.24978147054,-0,-0.0833559467126
8.765,-1.34860474774,-0.726806243502,-0,-0.242748854593
8.766,-2.39280581962,-1.28848440688,-0,-0.430705047531
8.767,-1.13587672838,-0.611139809432,-0,-0.204457811108
8.768,1.11769415097,0.600855345104,0,0.201184947175
8.769,1.11285490712,0.597754688263,0,0.200313883282
8.77,0.353644711793,0.189796861576,0,0.0636560481228
8.771,0.0260808571867,0.0139855983035,0,0.00469455429361
8.772,0.357920864292,0.191771230015,0,0.0644257555726
8.773,-0.256332710161,-0.137226389131,-0,-0.046139887829
8.774,-0.20924993029,-0.111927297106,-0,-0.0376649874521
8.775,-0.484901947196,-0.259156216052,-0,-0.0872823504953
8.776,1.20624477245,0.644139711892,0,0.21712405904
8.777,-0.626390055197,-0.334215304998,-0,-0.112750209935
8.778,0.146819365037,0.0782711279755,0,0.0264274857066
8.779,1.19755285803,0.637895643029,0,0.215559514445
8.78,-0.389225984127,-0.207154029541,-0,-0.0700606771429
8.781,-1.08550748642,-0.577245986841,-0,-0.195391347556
8.782,-0.631305173685,-0.335431551188,-0,-0.113634931263
8.783,-1.64976770729,-0.875837926547,-0,-0.296958187312
8.784,-0.903815952042,-0.479421231562,-0,-0.162686871368
8.785,0.726191075537,0.38487916841,0,0.130714393597
8.786,0.266911254124,0.141343729696,0,0.0480440257422
8.787,0.345647875974,0.18288565539,0,0.0622166176754
8.788,1.79669511897,0.949852466456,0,0.323405121414
8.789,0.405593811697,0.214244178867,0,0.0730068861054
8.79,1.19507426247,0.63073724335,0,0.215113367244
8.791,-0.845904830713,-0.446078084992,-0,-0.152262869528
8.792,-0.360152152094,-0.189762820236,-0,-0.0648273873769
8.793,0.373360107435,0.196557076372,0,0.0672048193383
8.794,0.39742336549,0.209049800191,0,0.0715362057881
8.795,-1.24372280438,-0.653665369826,-0,-0.223870104788
8.796,1.92374449525,1.01021711294,0,0.346274009145
8.797,0.969825922487,0.508857877537,0,0.174568666048
8.798,1.1274911341,0.59108666918,0,0.202948404138
8.799,1.79176258911,0.938542064483,0,0.32251726604
8.8,0.792901636228,0.414980579892,0,0.142722294521
8.801,1.55528882841,0.813307219444,0,0.279951989114
8.802,-1.5804591777,-0.825775337216,-0,-0.284482651986
8.803,-1.19270321913,-0.622652881343,-0,-0.214686579443
8.804,-0.932132939539,-0.486212799246,-0,-0.167783929117
8.805,-0.905269602557,-0.471803683407,-0,-0.16294852846
8.806,-0.183364506038,-0.0954846271479,-0,-0.0330056110869
8.807,0.0341620874754,0.0177744968515,0,0.00614917574556
8.808,-1.10176601577,-0.572765640766,-0,-0.198317882838
8.809,-1.21294597552,-0.63003351309,-0,-0.218330275594
8.81,-0.32023041156,-0.166195520629,-0,-0.0576414740808
8.811,0.473036808897,0.24529357009,0,0.0851466256015
8.812,0.24812712141,0.128558232382,0,0.0446628818539
8.813,-1.32548600293,-0.686175439867,-0,-0.238587480527
8.814,-0.429868276403,-0.222346208981,-0,-0.0773762897526
8.815,-0.858096631299,-0.443470547138,-0,-0.154457393634
8.816,-0.961446768703,-0.496464298326,-0,-0.173060418366
8.817,-0.121967705812,-0.0629276873231,-0,-0.0219541870462
8.818,0.211012590068,0.108777573206,0,0.0379822662122
8.819,0.659736768569,0.339809653006,0,0.118752618342
8.82,-0.319445996231,-0.164397966957,-0,-0.0575002793215
8.821,1.21123014395,0.622815740077,0,0.21802142591
8.822,1.14963396065,0.590644760385,0,0.206934112918
8.823,1.25712797408,0.645327348281,0,0.226283035334
8.824,-0.87326588948,-0.447899762788,-0,-0.157187860106
8.825,0.787546351828,0.403593500604,0,0.141758343329
8.826,0.778170896556,0.398452610423,0,0.14007076138
8.827,-0.689673281808,-0.352840716444,-0,-0.124141190725
8.828,1.43564260054,0.733863320693,0,0.258415668097
8.829,1.08666139517,0.555004602794,0,0.19559905113
8.83,-1.11185627901,-0.567393624679,-0,-0.200134130223
8.831,0.188578895213,0.0961528783971,0,0.0339442011383
8.832,0.752579634325,0.383402570427,0,0.135464334179
8.833,-1.12732412265,-0.573831873471,-0,-0.202918342077
8.834,0.780828586375,0.397122810963,0,0.140549145548
8.835,0.936736833885,0.476014237919,0,0.168612630099
8.836,-0.270877032051,-0.13753324759,-0,-0.0487578657692
8.837,-0.41426713899,-0.210159548433,-0,-0.0745680850183
8.838,0.740231985683,0.375205823455,0,0.133241757423
8.839,-0.0295987160618,-0.0149902071236,-0,-0.00532776889112
8.84,0.737108087349,0.372991497732,0,0.132679455723
8.841,1.62183129076,0.819985898817,0,0.291929632337
8.842,-1.70392349452,-0.860763238583,-0,-0.306706229014
8.843,-0.23921737894,-0.120742236814,-0,-0.0430591282093
8.844,1.11653723371,0.563083147072,0,0.200976702068
8.845,-0.00986811982737,-0.00497240532587,-0,-0.00177626156893
8.846,0.785765867809,0.395601581258,0,0.141437856206
8.847,0.648556836987,0.326246313288,0,0.116740230658
8.848,-0.929377107156,-0.467113280773,-0,-0.167287879288
8.849,0.0383318916971,0.0192496631258,0,0.00689974050548
8.85,-0.176179711412,-0.088399818929,-0,-0.0317123480542
8.851,0.833117068323,0.417670764486,0,0.149961072298
8.852,-0.422338257222,-0.211553881109,-0,-0.0760208862999
8.853,0.0503059470859,0.0251774879764,0,0.00905507047546
8.854,1.02126085975,0.510695716356,0,0.183826954755
8.855,0.863791793575,0.431585681071,0,0.155482522844
8.856,0.189077348821,0.0943908401027,0,0.0340339227877
8.857,-1.07116076127,-0.534290391422,-0,-0.192808937029
8.858,-0.6839284517,-0.340851892501,-0,-0.123107121306
8.859,-2.90664746105,-1.44737043945,-0,-0.523196542988
8.86,0.281547106715,0.140078239724,0,0.0506784792087
8.861,-0.344757807764,-0.171382296031,-0,-0.0620564053975
8.862,-0.549219328337,-0.27279089438,-0,-0.0988594791007
8.863,0.649087250012,0.322121207086,0,0.116835705002
8.864,-0.774288696708,-0.383929350125,-0,-0.139371965407
8.865,0.766684646236,0.379837018716,0,0.138003236322
8.866,0.219978759831,0.108891347896,0,0.0395961767696
8.867,-0.543767948186,-0.26894179908,-0,-0.0978782306736
8.868,-0.845970282335,-0.418053495894,-0,-0.15227465082
8.869,-2.0031970564,-0.98908235224,-0,-0.360575470152
8.87,-1.41692536332,-0.699017032178,-0,-0.255046565397
8.871,0.541752935574,0.267038597142,0,0.0975155284034
8.872,-0.903206835891,-0.444827818594,-0,-0.16257723046
8.873,1.58663225807,0.78075170367,0,0.285593806452
8.874,-1.19692454445,-0.588484935999,-0,-0.215446418001
8.875,0.278256989126,0.13669308827,0,0.0500862580426
8.876,0.80846243676,0.396818761539,0,0.145523238617
8.877,-0.0516822877275,-0.0253457962305,-0,-0.00930281179095
8.878,-0.645658003909,-0.316372399882,-0,-0.116218440704
8.879,0.0293317314646,0.0143603681247,0,0.00527971166362
8.88,-1.25157120532,-0.612230895454,-0,-0.225282816958
8.881,-0.870459201181,-0.425441537795,-0,-0.156682656213
8.882,0.686731945046,0.33535940827,0,0.123611750108
8.883,1.93984340625,0.94650230946,0,0.349171813125
8.884,-1.31065518776,-0.638962252631,-0,-0.235917933797
8.885,0.189961134814,0.0925301445237,0,0.0341930042664
8.886,-0.16942689947,-0.0824579568124,-0,-0.0304968419047
8.887,0.515198301161,0.250528038234,0,0.0927356942089
8.888,1.92485953027,0.935217565398,0,0.346474715448
8.889,-0.439990874151,-0.213593961327,-0,-0.0791983573472
8.89,-1.09060819999,-0.528987900171,-0,-0.196309475998
8.891,1.10027351762,0.533223534068,0,0.198049233172
8.892,1.36174124322,0.659378680501,0,0.24511342378
8.893,2.75111113478,1.33100626025,0,0.49520000426
8.894,-1.9224829398,-0.929321756981,-0,-0.346046929164
8.895,-1.24110124724,-0.59943550519,-0,-0.223398224503
8.896,-0.0426668312399,-0.0205900440865,-0,-0.00768002962318
8.897,-0.184879480089,-0.0891429964574,-0,-0.033278306416
8.898,-2.37675108375,-1.14502203593,-0,-0.427815195075
8.899,-0.285817688002,-0.13757859493,-0,-0.0514471838404
8.9,-0.865262797259,-0.416141875783,-0,-0.155747303507
8.901,-0.227243399648,-0.109198402932,-0,-0.0409038119366
8.902,-1.58886630081,-0.76285848557,-0,-0.285995934145
8.903,-0.237887561266,-0.114119531492,-0,-0.0428197610279
8.904,-0.307514073982,-0.14739571622,-0,-0.0553525333167
8.905,-0.686588305284,-0.328812172673,-0,-0.123585894951
8.906,-0.516351081948,-0.247074655538,-0,-0.0929431947506
8.907,1.44255757058,0.689680403836,0,0.259660362705
8.908,0.52220792137,0.249453622939,0,0.0939974258465
8.909,-1.51697085552,-0.724027780457,-0,-0.273054753993
8.91,0.653453744665,0.311619396128,0,0.11762167404
8.911,-0.272138354624,-0.129667467399,-0,-0.0489849038323
8.912,-0.0264587759047,-0.0125962906056,-0,-0.00476257966284
8.913,0.371136193924,0.176537873178,0,0.0668045149063
8.914,0.507721790301,0.241302626005,0,0.0913899222541
8.915,-0.569993292434,-0.270668467552,-0,-0.102598792638
8.916,1.24625529731,0.591298285256,0,0.224325953516
8.917,0.714169785231,0.338557756369,0,0.128550561342
8.918,0.87170942364,0.41289035787,0,0.156907696255
8.919,-1.24634674409,-0.58983915638,-0,-0.224342413936
8.92,1.06132065155,0.501848996383,0,0.19103771728
8.921,-0.0345128691208,-0.0163056926367,-0,-0.00621231644174
8.922,0.465823886954,0.219893148733,0,0.0838482996517
8.923,0.222367491443,0.104880080252,0,0.0400261484598
8.924,-1.29098956054,-0.608381824945,-0,-0.232378120897
8.925,-0.068535084464,-0.0322699473091,-0,-0.0123363152035
8.926,2.03667406166,0.958161367984,0,0.3666013311
8.927,1.00513271444,0.472467968946,0,0.180923888599
8.928,1.33255388191,0.625843286923,0,0.239859698744
8.929,1.10359233591,0.517870737428,0,0.198646620464
8.93,-1.87935267991,-0.881156157259,-0,-0.338283482383
8.931,2.23991680743,1.04932108389,0,0.403185025337
8.932,1.2007186271,0.562017318494,0,0.216129352878
8.933,-0.187269008313,-0.0875802788633,-0,-0.0337084214963
8.934,0.0131608045777,0.00614971287561,0,0.00236894482398
8.935,0.623320447849,0.291015273821,0,0.112197680613
8.936,-0.731466018238,-0.34121695229,-0,-0.131663883283
8.937,-0.0593714863515,-0.027672374562,-0,-0.0106868675433
8.938,0.467050310758,0.217502503063,0,0.0840690559364
8.939,1.07117551367,0.498417572607,0,0.19281159246
8.94,-1.02606553966,-0.477023698312,-0,-0.184691797139
8.941,1.24575272075,0.578667205032,0,0.224235489735
8.942,-2.03335938363,-0.943720464513,-0,-0.366004689053
8.943,-0.0737101913725,-0.0341813334264,-0,-0.013267834447
8.944,-0.512772379367,-0.237584634994,-0,-0.092299028286
8.945,-0.405941275732,-0.187927024032,-0,-0.0730694296318
8.946,-0.932668594614,-0.431405530015,-0,-0.167880347031
8.947,-0.984982226479,-0.455217671575,-0,-0.177296800766
8.948,-0.957657446696,-0.442214835654,-0,-0.172378340405
8.949,0.106221574668,0.0490081477193,0,0.0191198834403
8.95,0.498928027649,0.229998988461,0,0.0898070449768
8.951,-0.146447089232,-0.0674530011486,-0,-0.0263604760617
8.952,0.582018886115,0.267849078941,0,0.104763399501
8.953,0.760832325685,0.349844154552,0,0.136949818623
8.954,-0.365626775196,-0.1679794995,-0,-0.0658128195352
8.955,0.683855893783,0.31391751742,0,0.123094060881
8.956,0.915723778581,0.41999890297,0,0.164830280144
8.957,-0.249291134433,-0.114241329345,-0,-0.044872404198
8.958,-0.195847244091,-0.089674026696,-0,-0.0352525039363
8.959,-1.58616354577,-0.725654692856,-0,-0.285509438239
8.96,-0.0615668518978,-0.0281424480308,-0,-0.0110820333416
8.961,0.862401255611,0.393873926811,0,0.15523222601
8.962,-0.799115225518,-0.364661766821,-0,-0.143840740593
8.963,-1.76406871662,-0.804320885555,-0,-0.317532368992
8.964,0.383053839507,0.174504542619,0,0.0689496911112
8.965,-0.160299251235,-0.0729644862886,-0,-0.0288538652224
8.966,1.02388393678,0.465654638393,0,0.184299108621
8.967,0.122409262078,0.0556238061285,0,0.022033667174
8.968,1.2081704993,0.548539518052,0,0.217470689874
8.969,0.136912133976,0.0621090600021,0,0.0246441841157
8.97,0.937761015741,0.425048578237,0,0.168796982833
8.971,1.41231885727,0.639606077974,0,0.254217394309
8.972,-0.0169131077612,-0.00765308833399,-0,-0.00304435939702
8.973,-0.0280721571676,-0.0126917830194,-0,-0.00505298829018
8.974,-2.59152684564,-1.1706745116,-0,-0.466474832216
8.975,-0.795155071088,-0.358893787095,-0,-0.143127912796
8.976,0.317386231583,0.143131724921,0,0.057129521685
8.977,-1.80792739762,-0.814634095434,-0,-0.325426931572
8.978,-0.394689837795,-0.177693432319,-0,-0.0710441708031
8.979,-1.93604001205,-0.870890706968,-0,-0.348487202168
8.98,0.71804068242,0.322724797483,0,0.129247322836
8.981,0.367262723118,0.164927910627,0,0.0661072901612
8.982,0.730294833666,0.327679762808,0,0.13145307006
8.983,0.868004350639,0.389141406386,0,0.156240783115
8.984,-1.31667445604,-0.589791036438,-0,-0.237001402088
8.985,-1.46263413146,-0.65462071423,-0,-0.263274143663
8.986,-0.664330860431,-0.29707959067,-0,-0.119579554878
8.987,-0.973055873876,-0.434771017933,-0,-0.175150057298
8.988,0.478354096582,0.213553548506,0,0.0861037373847
8.989,0.163815120107,0.0730711322171,0,0.0294867216192
8.99,-1.25758413098,-0.560484399656,-0,-0.226365143576
8.991,1.69001845311,0.752579922047,0,0.30420332156
8.992,0.0725689455666,0.0322884180192,0,0.013062410202
8.993,-1.21847058164,-0.541683802783,-0,-0.219324704695
8.994,-0.198546599988,-0.0881917941232,-0,-0.0357383879979
8.995,-0.153436546123,-0.0680972438464,-0,-0.0276185783021
8.996,-0.840848094131,-0.372866476668,-0,-0.151352656944
8.997,-0.33383159273,-0.147910287354,-0,-0.0600896866914
8.998,-1.75807100688,-0.778292038718,-0,-0.316452781238
8.999,-0.779940528644,-0.344987193636,-0,-0.140389295156
9,1.40652216268,0.62161781786,1.40652216268,0.253173989282
9.001,-0.285063143427,-0.125879037944,-0.285063143427,-0.0513113658169
9.002,1.02942458251,0.454195087622,1.02942458251,0.185296424852
9.003,-0.917551841624,-0.404495919345,-0.917551841624,-0.165159331492
9.004,0.360475002762,0.158779491543,0.360475002762,0.0648855004972
9.005,-0.296983528307,-0.130703561012,-0.296983528307,-0.0534570350953
9.006,2.22546850117,0.97861619715,2.22546850117,0.400584330211
9.007,0.888555766761,0.390401623128,0.888555766761,0.159940038017
9.008,-0.368464224164,-0.161755224286,-0.368464224164,-0.0663235603495
9.009,0.622314542184,0.272966337416,0.622314542184,0.112016617593
9.01,-1.08927663485,-0.47739028184,-1.08927663485,-0.196069794273
9.011,-1.98288509983,-0.868298935611,-1.98288509983,-0.356919317969
9.012,0.169237059906,0.0740463432922,0.169237059906,0.0304626707831
9.013,0.182387315125,0.0797332179134,0.182387315125,0.0328297167225
9.014,-1.77616352011,-0.77582580098,-1.77616352011,-0.31970943362
9.015,1.10554464721,0.482496607077,1.10554464721,0.198998036499
9.016,0.0889179891784,0.0387743396999,0.0889179891784,0.0160052380521
9.017,0.178652593639,0.0778396725297,0.178652593639,0.032157466855
9.018,0.921651487584,0.401231846894,0.921651487584,0.165897267765
9.019,0.269494565135,0.117223793563,0.269494565135,0.0485090217242
9.02,0.361945537579,0.157306322522,0.361945537579,0.0651501967643
9.021,0.554897397525,0.240964425642,0.554897397525,0.0998815315545
9.022,0.30182084287,0.130956440774,0.30182084287,0.0543277517166
9.023,1.19619835551,0.518583065775,1.19619835551,0.215315703991
9.024,-0.0657447119828,-0.0284782668013,-0.0657447119828,-0.0118340481569
9.025,0.0318619547722,0.0137899548916,0.0318619547722,0.00573515185899
9.026,0.194857184689,0.0842645020473,0.194857184689,0.035074293244
9.027,0.459798200672,0.198670513803,0.459798200672,0.0827636761209
9.028,1.34656942774,0.581343628469,1.34656942774,0.242382496993
9.029,-0.182541555913,-0.0787415649718,-0.182541555913,-0.0328574800644
9.03,-0.808906562756,-0.348641345631,-0.808906562756,-0.145603181296
9.031,0.477918836272,0.205813104668,0.477918836272,0.0860253905289
9.032,1.70537296812,0.733798311062,1.70537296812,0.306967134262
9.033,0.930449259562,0.400026347223,0.930449259562,0.167480866721
9.034,-0.18083931257,-0.077683257931,-0.18083931257,-0.0325510762626
9.035,-0.819342997513,-0.351673080286,-0.819342997513,-0.147481739552
9.036,-0.100011980953,-0.0428908169957,-0.100011980953,-0.0180021565715
9.037,0.570622245248,0.24451190758,0.570622245248,0.102712004145
9.038,-0.265116566017,-0.113508222924,-0.265116566017,-0.047720981883
9.039,-0.895031671629,-0.382884797627,-0.895031671629,-0.161105700893
9.04,1.36059235339,0.58156347807,1.36059235339,0.244906623609
9.041,0.024736498553,0.0105644483538,0.024736498553,0.00445256973954
9.042,1.0082376526,0.430240343527,1.0082376526,0.181482777468
9.043,-0.568835335046,-0.242535060328,-0.568835335046,-0.102390360308
9.044,-1.18488350185,-0.504781558009,-1.18488350185,-0.213279030334
9.045,-0.541488060644,-0.230492448701,-0.541488060644,-0.0974678509159
9.046,-0.0299775892738,-0.0127498370924,-0.0299775892738,-0.00539596606929
9.047,-1.03321436218,-0.439074894181,-1.03321436218,-0.185978585193
9.048,-0.409605737586,-0.173922019439,-0.409605737586,-0.0737290327654
9.049,-0.230005987292,-0.0975816538549,-0.230005987292,-0.0414010777126
9.05,1.26441392988,0.535992766947,1.26441392988,0.227594507378
9.051,-0.88689397697,-0.375648896214,-0.88689397697,-0.159640915855
9.052,-0.763422624463,-0.323084648769,-0.763422624463,-0.137416072403
9.053,0.850952667206,0.35983028939,0.850952667206,0.153171480097
9.054,-0.270722025159,-0.114381833789,-0.270722025159,-0.0487299645287
9.055,0.534941053507,0.225829502723,0.534941053507,0.0962893896313
9.056,-0.641464027983,-0.270575504294,-0.641464027983,-0.115463525037
9.057,-1.65160105067,-0.696085963316,-1.65160105067,-0.29728818912
9.058,1.90404204653,0.801818281317,1.90404204653,0.342727568375
9.059,-1.309889215,-0.551157621829,-1.309889215,-0.2357800587
9.06,-0.696437684977,-0.292796233463,-0.696437684977,-0.125358783296
9.061,0.849358243351,0.356792930181,0.849358243351,0.152884483803
9.062,0.548704481752,0.230306446692,0.548704481752,0.0987668067154
9.063,0.663944443666,0.278446474721,0.663944443666,0.11950999986
9.064,-0.614681285516,-0.257574291126,-0.614681285516,-0.110642631393
9.065,-0.882465486372,-0.369481701836,-0.882465486372,-0.158843787547
9.066,1.42949820798,0.598028183082,1.42949820798,0.257309677437
9.067,-0.802535556525,-0.335463516783,-0.802535556525,-0.144456400174
9.068,-0.270678512529,-0.113051913618,-0.270678512529,-0.0487221322553
9.069,-0.0165742498516,-0.00691673745935,-0.0165742498516,-0.0029833649733
9.07,1.15130139472,0.480064800724,1.15130139472,0.20723425105
9.071,-0.879407604202,-0.36639085376,-0.879407604202,-0.158293368756
9.072,0.0171009449424,0.00711898769309,0.0171009449424,0.00307817008963
9.073,1.27635417614,0.530900600393,1.27635417614,0.229743751705
9.074,1.655099067,0.687875814828,1.655099067,0.297917832061
9.075,0.324828642217,0.134891490072,0.324828642217,0.058469155599
9.076,0.728046921188,0.302088331357,0.728046921188,0.131048445814
9.077,-0.265533483154,-0.110087592894,-0.265533483154,-0.0477960269678
9.078,0.591696155534,0.245110825302,0.591696155534,0.106505307996
9.079,0.437672673967,0.181158200495,0.437672673967,0.0787810813141
9.08,-0.892308670963,-0.369035937389,-0.892308670963,-0.160615560773
9.081,1.3628478643,0.56317850261,1.3628478643,0.245312615575
9.082,-1.52701294159,-0.630502357749,-1.52701294159,-0.274862329486
9.083,0.123579842992,0.0509843758014,0.123579842992,0.0222443717386
9.084,-0.0267140230509,-0.0110122078352,-0.0267140230509,-0.00480852414917
9.085,-1.70260032675,-0.701283493693,-1.70260032675,-0.306468058815
9.086,-1.0258462004,-0.42219115215,-1.0258462004,-0.184652316073
9.087,-0.362628890759,-0.149119834174,-0.362628890759,-0.0652732003366
9.088,-1.51789816355,-0.623680194306,-1.51789816355,-0.27322166944
9.089,0.863822408534,0.354642075854,0.863822408534,0.155488033536
9.09,-1.18128173839,-0.484580499798,-1.18128173839,-0.212630712911
9.091,0.388761898071,0.159346657803,0.388761898071,0.0699771416528
9.092,0.475660478732,0.194806448665,0.475660478732,0.0856188861717
9.093,-1.63582461361,-0.669406877021,-1.63582461361,-0.294448430449
9.094,-1.42046144569,-0.580804842056,-1.42046144569,-0.255683060224
9.095,0.917414365396,0.374812303017,0.917414365396,0.165134585771
9.096,-0.700787798379,-0.286076731666,-0.700787798379,-0.126141803708
9.097,-1.3920286266,-0.567795638293,-1.3920286266,-0.250565152789
9.098,0.586054392956,0.238852545202,0.586054392956,0.105489790732
9.099,-0.0331277315665,-0.0134906194026,-0.0331277315665,-0.00596299168196
9.1,1.18932203503,0.483936170817,1.18932203503,0.214077966305
9.101,0.686495403041,0.27910965672,0.686495403041,0.123569172547
9.102,-1.96656848265,-0.798904927052,-1.96656848265,-0.353982326878
9.103,0.781045880118,0.317038170228,0.781045880118,0.140588258421
9.104,1.17680273634,0.477296056066,1.17680273634,0.211824492542
9.105,0.608238179239,0.246494487535,0.608238179239,0.109482872263
9.106,-0.841562321533,-0.340776285181,-0.841562321533,-0.151481217876
9.107,-0.863743242586,-0.349476101333,-0.863743242586,-0.155473783666
9.108,1.06631363124,0.431089763607,1.06631363124,0.191936453623
9.109,0.0358882124408,0.0144972189975,0.0358882124408,0.00645987823934
9.11,-3.15948735085,-1.27526315021,-3.15948735085,-0.568707723153
9.111,-0.511606234581,-0.206333397953,-0.511606234581,-0.0920891222245
9.112,-0.702291948017,-0.283010207699,-0.702291948017,-0.126412550643
9.113,-0.979896804899,-0.394562365868,-0.979896804899,-0.176381424882
9.114,-0.987094257343,-0.397141295342,-0.987094257343,-0.177676966322
9.115,-0.63276886935,-0.254379923659,-0.63276886935,-0.113898396483
9.116,0.904557998035,0.363350407861,0.904557998035,0.162820439646
9.117,0.345205270775,0.138553774243,0.345205270775,0.0621369487395
9.118,-1.25514861365,-0.50337078374,-1.25514861365,-0.225926750457
9.119,0.0806887765712,0.0323339007672,0.0806887765712,0.0145239797828
9.12,0.423249494482,0.169470355539,0.423249494482,0.0761849090067
9.121,-0.518686041541,-0.207517335324,-0.518686041541,-0.0933634874773
9.122,-0.891941448658,-0.356565158638,-0.891941448658,-0.160549460758
9.123,-1.0092580251,-0.403141693275,-1.0092580251,-0.181666444518
9.124,0.228199373069,0.0910800179521,0.228199373069,0.0410758871525
9.125,0.13896106623,0.0554185509877,0.13896106623,0.0250129919215
9.126,0.856594089661,0.341342749663,0.856594089661,0.154186936139
9.127,1.37198428794,0.546284076245,1.37198428794,0.246957171829
9.128,0.388370540572,0.154514660702,0.388370540572,0.0699066973029
9.129,0.18185896771,0.0722956822162,0.18185896771,0.0327346141877
9.13,0.454198597379,0.180417171791,0.454198597379,0.0817557475282
9.131,-1.15766257079,-0.459482246284,-1.15766257079,-0.208379262741
9.132,-0.711851648813,-0.282313158081,-0.711851648813,-0.128133296786
9.133,0.841461808323,0.333450318562,0.841461808323,0.151463125498
9.134,0.24256899047,0.096047780304,0.24256899047,0.0436624182845
9.135,0.517768535669,0.204853437027,0.517768535669,0.0931983364205
9.136,-1.41395349193,-0.558982867042,-1.41395349193,-0.254511628547
9.137,1.75634220769,0.693790754924,1.75634220769,0.316141597384
9.138,0.841534786487,0.332160257251,0.841534786487,0.151476261568
9.139,0.101579277137,0.0400624187516,0.101579277137,0.0182842698847
9.14,-0.379431660072,-0.149527921473,-0.379431660072,-0.068297698813
9.141,-2.16288805143,-0.85168634585,-2.16288805143,-0.389319849257
9.142,0.504166870436,0.198370501807,0.504166870436,0.0907500366785
9.143,0.663286056272,0.26077204499,0.663286056272,0.119391490129
9.144,-1.10221148754,-0.432994828881,-1.10221148754,-0.198398067757
9.145,-0.183206223819,-0.0719143975833,-0.183206223819,-0.0329771202874
9.146,2.15763121554,0.846273854162,2.15763121554,0.388373618797
9.147,-0.0697467268519,-0.0273347973924,-0.0697467268519,-0.0125544108333
9.148,0.448107917928,0.175482254603,0.448107917928,0.080659425227
9.149,-0.939175235442,-0.367498880346,-0.939175235442,-0.169051542379
9.15,-0.622749531214,-0.243490397458,-0.622749531214,-0.112094915619
9.151,-0.432785530477,-0.16908319501,-0.432785530477,-0.0779013954858
9.152,-0.432551755458,-0.168859430422,-0.432551755458,-0.0778593159824
9.153,0.1260049573,0.0491512588627,0.1260049573,0.0226808923139
9.154,0.407388543423,0.158787329444,0.407388543423,0.0733299378162
9.155,-0.398459400005,-0.155185584451,-0.398459400005,-0.0717226920009
9.156,-0.254572159883,-0.0990692150482,-0.254572159883,-0.0458229887789
9.157,-1.53349510669,-0.596308464706,-1.53349510669,-0.276029119204
9.158,1.31942348513,0.512665161932,1.31942348513,0.237496227323
9.159,-0.78998074517,-0.306709600692,-0.78998074517,-0.142196534131
9.16,0.828662893429,0.321477275318,0.828662893429,0.149159320817
9.161,-0.0738483219265,-0.0286269312434,-0.0738483219265,-0.0132926979468
9.162,0.0646263646789,0.0250325979242,0.0646263646789,0.0116327456422
9.163,0.13173767709,0.0509880600328,0.13173767709,0.0237127818763
9.164,1.05330406589,0.407356637051,1.05330406589,0.18959473186
9.165,-1.10019639995,-0.425161630806,-1.10019639995,-0.198035351992
9.166,-0.342202740741,-0.132138811989,-0.342202740741,-0.0615964933334
9.167,1.05398784158,0.406673475548,1.05398784158,0.189717811484
9.168,1.61667435517,0.623298943895,1.61667435517,0.29100138393
9.169,-0.106589983196,-0.041063323422,-0.106589983196,-0.0191861969753
9.17,1.06366689886,0.409456219607,1.06366689886,0.191460041795
9.171,0.0461990020644,0.0177704659799,0.0461990020644,0.00831582037159
9.172,-0.423758081111,-0.162872917856,-0.423758081111,-0.0762764546001
9.173,-0.00766285385951,-0.00294297354543,-0.00766285385951,-0.00137931369471
9.174,-0.11758069886,-0.0451229053467,-0.11758069886,-0.0211645257948
9.175,0.900958981583,0.345486842054,0.900958981583,0.162172616685
9.176,0.362371238382,0.1388500247,0.362371238382,0.0652268229088
9.177,-1.00563012154,-0.385031745051,-1.00563012154,-0.181013421877
9.178,-0.882762868591,-0.33772920749,-0.882762868591,-0.158897316346
9.179,1.34551925721,0.51437642771,1.34551925721,0.242193466298
9.18,2.24466099113,0.857449900951,2.24466099113,0.404038978403
9.181,0.754031988101,0.287815978297,0.754031988101,0.135725757858
9.182,0.557642191821,0.212690538948,0.557642191821,0.100375594528
9.183,-0.517610202416,-0.197270921159,-0.517610202416,-0.0931698364349
9.184,-0.794550615948,-0.3025866723,-0.794550615948,-0.143019110871
9.185,-0.332311337042,-0.126456643779,-0.332311337042,-0.0598160406675
9.186,0.906956981801,0.344867076027,0.906956981801,0.163252256724
9.187,-0.845992245145,-0.321440258786,-0.845992245145,-0.152278604126
9.188,0.400877123701,0.152199872938,0.400877123701,0.0721578822662
9.189,-0.0744150089141,-0.028231436279,-0.0744150089141,-0.0133947016045
9.19,0.587373831739,0.222667452319,0.587373831739,0.105727289713
9.191,0.0752332329428,0.0284984915961,0.0752332329428,0.0135419819297
9.192,-0.460533258306,-0.174318485815,-0.460533258306,-0.0828959864951
9.193,-0.0469148507381,-0.017744484075,-0.0469148507381,-0.00844467313286
9.194,-0.712501429957,-0.269283452248,-0.712501429957,-0.128250257392
9.195,-1.03929482645,-0.392494773073,-1.03929482645,-0.187073068761
9.196,0.100061781533,0.0377602471413,0.100061781533,0.0180111206759
9.197,-0.220323297088,-0.0830804431745,-0.220323297088,-0.0396581934759
9.198,0.949754042271,0.357866973037,0.949754042271,0.170955727609
9.199,0.768976698823,0.289531645871,0.768976698823,0.138415805788
9.2,-0.209992077318,-0.0790057067609,-0.209992077318,-0.0377985739173
9.201,-1.3156061908,-0.494600396752,-1.3156061908,-0.236809114345
9.202,-0.200324678677,-0.0752551650672,-0.200324678677,-0.0360584421618
9.203,-0.411906523351,-0.154623016571,-0.411906523351,-0.0741431742031
9.204,-0.371428887234,-0.13932372338,-0.371428887234,-0.0668571997022
9.205,1.46743673299,0.550025741457,1.46743673299,0.264138611939
9.206,0.403876110836,0.151267747624,0.403876110836,0.0726976999505
9.207,0.506588537575,0.18959566041,0.506588537575,0.0911859367634
9.208,0.0206437424738,0.00772034378886,0.0206437424738,0.00371587364529
9.209,-0.0784184204768,-0.0293050041378,-0.0784184204768,-0.0141153156858
9.21,-0.463246994516,-0.172986460849,-0.463246994516,-0.0833844590129
9.211,-0.87908134937,-0.328023300578,-0.87908134937,-0.158234642887
9.212,0.751230442587,0.280107831575,0.751230442587,0.135221479666
9.213,-0.931266863534,-0.346978838176,-0.931266863534,-0.167628035436
9.214,-0.962227962093,-0.35824810325,-0.962227962093,-0.173201033177
9.215,-0.141946963215,-0.0528091824284,-0.141946963215,-0.0255504533787
9.216,-1.19800003332,-0.445366867455,-1.19800003332,-0.215640005998
9.217,-0.549689453879,-0.204200378535,-0.549689453879,-0.0989441016983
9.218,-1.33906248739,-0.497070938317,-1.33906248739,-0.24103124773
9.219,1.9659447074,0.729235071534,1.9659447074,0.353870047332
9.22,0.532952691558,0.197544052093,0.532952691558,0.0959314844805
9.221,-0.457256392267,-0.169361411657,-0.457256392267,-0.082306150608
9.222,-0.363957747021,-0.134705510404,-0.363957747021,-0.0655123944637
9.223,0.423164995707,0.156503544501,0.423164995707,0.0761696992273
9.224,-0.256543531622,-0.0948103817869,-0.256543531622,-0.046177835692
9.225,-0.190308095711,-0.0702801712261,-0.190308095711,-0.0342554572279
9.226,-0.266129310678,-0.0982085537485,-0.266129310678,-0.0479032759221
9.227,0.397081749229,0.146425909908,0.397081749229,0.0714747148612
9.228,0.83976320331,0.309440094769,0.83976320331,0.151157376596
9.229,0.0509410816482,0.0187572854878,0.0509410816482,0.00916939469668
9.23,-0.566177903084,-0.20832297406,-0.566177903084,-0.101912022555
9.231,0.652344636644,0.239852427088,0.652344636644,0.117422034596
9.232,1.08669999537,0.399263677621,1.08669999537,0.195605999167
9.233,-0.106529405331,-0.0391113767657,-0.106529405331,-0.0191752929597
9.234,-1.40463771626,-0.515325625698,-1.40463771626,-0.252834788926
9.235,-0.0086019983032,-0.00315355876937,-0.0086019983032,-0.00154835969458
9.236,1.3744734545,0.503526633588,1.3744734545,0.24740522181
9.237,-0.724340150957,-0.265163361978,-0.724340150957,-0.130381227172
9.238,1.67459343923,0.612583879681,1.67459343923,0.301426819062
9.239,1.09882820538,0.401671995611,1.09882820538,0.197789076968
9.24,0.35544182272,0.129836325564,0.35544182272,0.0639795280896
9.241,0.304564497472,0.111171446812,0.304564497472,0.0548216095449
9.242,-0.294507819959,-0.107423046052,-0.294507819959,-0.0530114075927
9.243,-1.11538370799,-0.406548104741,-1.11538370799,-0.200769067438
9.244,0.251675940255,0.0916677809766,0.251675940255,0.0453016692459
9.245,0.847147128424,0.308334129664,0.847147128424,0.152486483116
9.246,-1.48685250756,-0.540777668657,-1.48685250756,-0.267633451361
9.247,1.53051529144,0.556258937302,1.53051529144,0.27549275246
9.248,-0.163833497896,-0.0595019048678,-0.163833497896,-0.0294900296213
9.249,-0.354238119533,-0.128562013366,-0.354238119533,-0.063762861516
9.25,-0.249244894044,-0.0903926706391,-0.249244894044,-0.0448640809279
9.251,0.403852790589,0.146359185339,0.403852790589,0.072693502306
9.252,-1.55371791086,-0.562677291551,-1.55371791086,-0.279669223954
9.253,-1.18938242716,-0.430426923494,-1.18938242716,-0.214088836888
9.254,-2.00819543154,-0.726231290405,-2.00819543154,-0.361475177677
9.255,0.553105742309,0.199879657941,0.553105742309,0.0995590336156
9.256,0.532569226622,0.192321715728,0.532569226622,0.095862460792
9.257,-0.0895808792866,-0.0323265817259,-0.0895808792866,-0.0161245582716
9.258,0.960023824665,0.346193621031,0.960023824665,0.17280428844
9.259,-1.22163421109,-0.440221456779,-1.22163421109,-0.219894157996
9.26,1.4360515111,0.517122450023,1.4360515111,0.258489271997
9.261,0.844011198014,0.303714356781,0.844011198014,0.151922015643
9.262,-0.492312101843,-0.177031989601,-0.492312101843,-0.0886161783318
9.263,-0.219594669519,-0.0789091828477,-0.219594669519,-0.0395270405134
9.264,0.740349259397,0.265850389795,0.740349259397,0.133262866691
9.265,0.451638444471,0.16206411115,0.451638444471,0.0812949200048
9.266,0.438774448495,0.157337760164,0.438774448495,0.0789794007291
9.267,-0.0107092824091,-0.00383749731478,-0.0107092824091,-0.00192767083364
9.268,0.233332048246,0.0835523328965,0.233332048246,0.0419997686843
9.269,0.789412785575,0.282478379475,0.789412785575,0.142094301403
9.27,1.07034946588,0.382740060438,1.07034946588,0.192662903859
9.271,-2.80433545479,-1.00208821221,-2.80433545479,-0.504780381862
9.272,0.328311936111,0.11723592907,0.328311936111,0.0590961485
9.273,-0.783081519543,-0.27943416259,-0.783081519543,-0.140954673518
9.274,-0.0498510028984,-0.0177764606704,-0.0498510028984,-0.00897318052172
9.275,-0.602503300836,-0.214699039972,-0.602503300836,-0.108450594151
9.276,-2.54517541114,-0.906333581916,-2.54517541114,-0.458131574005
9.277,0.66157261895,0.235422498111,0.66157261895,0.119083071411
9.278,-1.75584346239,-0.624391141588,-1.75584346239,-0.31605182323
9.279,1.57918007038,0.561181698341,1.57918007038,0.284252412669
9.28,0.711241975881,0.252575104956,0.711241975881,0.128023555659
9.281,-2.19892586471,-0.780342894695,-2.19892586471,-0.395806655648
9.282,0.492776098694,0.174753817557,0.492776098694,0.0886996977649
9.283,-0.495359071649,-0.175549548673,-0.495359071649,-0.0891646328968
9.284,0.0868511754614,0.0307580128074,0.0868511754614,0.0156332115831
9.285,-1.26245997468,-0.446790145003,-1.26245997468,-0.227242795442
9.286,-0.673510751317,-0.238195917506,-0.673510751317,-0.121231935237
9.287,-1.27341593197,-0.450053656667,-1.27341593197,-0.229214867754
9.288,1.24809326285,0.440804187263,1.24809326285,0.224656787313
9.289,0.10963107258,0.0386934465869,0.10963107258,0.0197335930644
9.29,-0.662661897646,-0.233722895515,-0.662661897646,-0.119279141576
9.291,1.21210054393,0.42722222348,1.21210054393,0.218178097907
9.292,-1.16239401516,-0.409425524921,-1.16239401516,-0.209230922729
9.293,1.07803754749,0.379456699685,1.07803754749,0.194046758548
9.294,-0.222225074049,-0.0781679308925,-0.222225074049,-0.0400005133288
9.295,1.48242549903,0.521094013862,1.48242549903,0.266836589826
9.296,-0.787540530907,-0.276645879293,-0.787540530907,-0.141757295563
9.297,-0.894768284039,-0.314101775965,-0.894768284039,-0.161058291127
9.298,-0.566664192792,-0.198790000855,-0.566664192792,-0.101999554703
9.299,-0.869024135589,-0.304656182114,-0.869024135589,-0.156424344406
9.3,-0.53219033687,-0.186446816506,-0.53219033687,-0.0957942606367
9.301,0.290386931965,0.101665904047,0.290386931965,0.0522696477536
9.302,0.825231777711,0.288725348551,0.825231777711,0.148541719988
9.303,-0.0822258990509,-0.0287493981252,-0.0822258990509,-0.0148006618292
9.304,-0.239535150556,-0.0836952823608,-0.239535150556,-0.0431163271001
9.305,-1.07080874702,-0.373900186116,-1.07080874702,-0.192745574464
9.306,-0.662468095666,-0.231164548419,-0.662468095666,-0.11924425722
9.307,0.362914777882,0.126553411606,0.362914777882,0.0653246600188
9.308,-0.0993708655474,-0.0346291369152,-0.0993708655474,-0.0178867557985
9.309,-0.680752576651,-0.237074984252,-0.680752576651,-0.122535463797
9.31,0.222774588672,0.0775311777699,0.222774588672,0.040099425961
9.311,-2.05241048398,-0.713821629868,-2.05241048398,-0.369433887117
9.312,-0.723612602927,-0.251505105186,-0.723612602927,-0.130250268527
9.313,1.85076374751,0.642846564341,1.85076374751,0.333137474552
9.314,-0.0393658646766,-0.0136644531786,-0.0393658646766,-0.00708585564178
9.315,-0.266510491218,-0.0924492408683,-0.266510491218,-0.0479718884192
9.316,-0.893979520966,-0.30990861467,-0.893979520966,-0.160916313774
9.317,-0.443839311598,-0.153762115461,-0.443839311598,-0.0798910760876
9.318,1.40424323733,0.486165218873,1.40424323733,0.25276378272
9.319,0.193365212634,0.0669018795732,0.193365212634,0.0348057382742
9.32,0.53005235689,0.183272641922,0.53005235689,0.0954094242403
9.321,-1.28262763638,-0.443199057071,-1.28262763638,-0.230872974549
9.322,-0.140340174048,-0.0484618599799,-0.140340174048,-0.0252612313287
9.323,-0.383484686061,-0.132338557695,-0.383484686061,-0.0690272434909
9.324,-0.0432090506303,-0.0149016332811,-0.0432090506303,-0.00777762911346
9.325,0.436384231086,0.150400557159,0.436384231086,0.0785491615954
9.326,0.312480348313,0.107627890983,0.312480348313,0.0562464626964
9.327,-1.4844116167,-0.510950307009,-1.4844116167,-0.267194091006
9.328,0.829463946565,0.285328078177,0.829463946565,0.149303510382
9.329,-0.873260984191,-0.300202435177,-0.873260984191,-0.157186977154
9.33,0.440238951101,0.151245428057,0.440238951101,0.0792430111982
9.331,-0.194530005875,-0.066788933473,-0.194530005875,-0.0350154010576
9.332,0.826544276602,0.283601571293,0.826544276602,0.148777969788
9.333,-0.207603341468,-0.0711872038671,-0.207603341468,-0.0373686014643
9.334,0.183714692619,0.0629559899422,0.183714692619,0.0330686446714
9.335,0.250506872734,0.0857904351782,0.250506872734,0.0450912370921
9.336,0.066716408751,0.022833812653,0.066716408751,0.0120089535752
9.337,-0.46782300418,-0.16001267414,-0.46782300418,-0.0842081407524
9.338,-0.359124932026,-0.122756895021,-0.359124932026,-0.0646424877646
9.339,0.814677671929,0.278300619437,0.814677671929,0.146641980947
9.34,0.937704345842,0.320127367513,0.937704345842,0.168786782252
9.341,-1.35733531939,-0.463098138552,-1.35733531939,-0.244320357491
9.342,0.385556723105,0.131463040742,0.385556723105,0.069400210159
9.343,-0.22034131091,-0.0750829499727,-0.22034131091,-0.0396614359639
9.344,1.77798168396,0.605484718521,1.77798168396,0.320036703114
9.345,-0.167982315993,-0.057170300503,-0.167982315993,-0.0302368168787
9.346,0.654247977597,0.222526023859,0.654247977597,0.117764635967
9.347,-0.366339326672,-0.124524261403,-0.366339326672,-0.065941078801
9.348,-1.05378140559,-0.357975644967,-1.05378140559,-0.189680653006
9.349,2.4938747943,0.84666307424,2.4938747943,0.448897462974
9.35,1.75045851744,0.593910944746,1.75045851744,0.315082533139
9.351,-1.25951268907,-0.427076911971,-1.25951268907,-0.226712284032
9.352,-0.781876374057,-0.264957482599,-0.781876374057,-0.14073774733
9.353,0.473773243527,0.160451467181,0.473773243527,0.0852791838348
9.354,0.249231943592,0.0843553135561,0.249231943592,0.0448617498465
9.355,0.745632042213,0.252214118915,0.745632042213,0.134213767598
9.356,0.44490785268,0.150401272697,0.44490785268,0.0800834134823
9.357,0.780940114285,0.263837362915,0.780940114285,0.140569220571
9.358,0.590887731826,0.199508399021,0.590887731826,0.106359791729
9.359,-0.543536806203,-0.183410136251,-0.543536806203,-0.0978366251165
9.36,1.82724978975,0.616213179093,1.82724978975,0.328904962156
9.361,-1.41002165976,-0.475223660692,-1.41002165976,-0.253803898757
9.362,-1.31049080082,-0.441413876731,-1.31049080082,-0.235888344148
9.363,-0.0228446970002,-0.00769020057328,-0.0228446970002,-0.00411204546004
9.364,0.733372437272,0.246727543766,0.733372437272,0.132007038709
9.365,-0.0151969271587,-0.00510963818508,-0.0151969271587,-0.00273544688856
9.366,-1.62621427818,-0.546454468714,-1.62621427818,-0.292718570072
9.367,-2.23767829949,-0.751477943959,-2.23767829949,-0.402782093908
9.368,-1.73094716018,-0.580958764182,-1.73094716018,-0.311570488832
9.369,0.59075503796,0.198158348463,0.59075503796,0.106335906833
9.37,-1.78339774045,-0.597856740772,-1.78339774045,-0.321011593281
9.371,-0.999212874665,-0.334773794016,-0.999212874665,-0.17985831744
9.372,1.25210532263,0.419256058966,1.25210532263,0.225378958073
9.373,0.124563257329,0.041684446073,0.124563257329,0.0224213863191
9.374,0.59143152551,0.197803823251,0.59143152551,0.106457674592
9.375,0.0617142985862,0.0206282641425,0.0617142985862,0.0111085737455
9.376,-0.177122070973,-0.0591693484002,-0.177122070973,-0.0318819727751
9.377,-0.213645203827,-0.0713288162042,-0.213645203827,-0.0384561366889
9.378,-0.21985617379,-0.0733599191501,-0.21985617379,-0.0395741112821
9.379,-1.34373755549,-0.448108818875,-1.34373755549,-0.241872759989
9.38,-1.50255691342,-0.500782764254,-1.50255691342,-0.270460244415
9.381,-0.93087397602,-0.310069670427,-0.93087397602,-0.167557315684
9.382,0.319672567991,0.106420250413,0.319672567991,0.0575410622384
9.383,-0.435843285008,-0.145010792845,-0.435843285008,-0.0784517913014
9.384,-0.418911482246,-0.139297668574,-0.418911482246,-0.0754040668042
9.385,0.0520855793417,0.0173097682565,0.0520855793417,0.00937540428151
9.386,-0.92220329262,-0.306304340558,-0.92220329262,-0.165996592672
9.387,-1.11654758498,-0.370644026997,-1.11654758498,-0.200978565296
9.388,-1.74399785437,-0.578601508832,-1.74399785437,-0.313919613786
9.389,0.28392112265,0.0941424998936,0.28392112265,0.051105802077
9.39,0.945941002883,0.313477982933,0.945941002883,0.170269380519
9.391,0.103642661684,0.0343270975442,0.103642661684,0.0186556791031
9.392,-0.198209536439,-0.0656113797883,-0.198209536439,-0.035677716559
9.393,-0.68951827782,-0.228116696297,-0.68951827782,-0.124113290008
9.394,0.520004002561,0.171939321957,0.520004002561,0.0936007204609
9.395,-1.27571609385,-0.42158034976,-1.27571609385,-0.229628896893
9.396,-0.235098324583,-0.0776487076906,-0.235098324583,-0.0423176984249
9.397,-0.182597128492,-0.0602750509252,-0.182597128492,-0.0328674831285
9.398,0.631901631246,0.208474353855,0.631901631246,0.113742293624
9.399,-0.374712329008,-0.123555258813,-0.374712329008,-0.0674482192215
9.4,0.591779833449,0.195022213408,0.591779833449,0.106520370021
9.401,1.69592811392,0.558589289981,1.69592811392,0.305267060506
9.402,-2.12269265715,-0.698769766154,-2.12269265715,-0.382084678287
9.403,1.04948154151,0.345290155333,1.04948154151,0.188906677471
9.404,1.25356893347,0.412211968089,1.25356893347,0.225642408025
9.405,-1.29743392991,-0.426403925594,-1.29743392991,-0.233538107383
9.406,-0.376068230692,-0.123528378482,-0.376068230692,-0.0676922815245
9.407,-0.290026453597,-0.0952143576159,-0.290026453597,-0.0522047616475
9.408,0.161724299987,0.053064665606,0.161724299987,0.0291103739977
9.409,-0.0461069326089,-0.015120365604,-0.0461069326089,-0.0082992478696
9.41,0.52783506233,0.173005853147,0.52783506233,0.0950103112193
9.411,0.0808998239656,0.026501913183,0.0808998239656,0.0145619683138
9.412,1.26398584322,0.413846742728,1.26398584322,0.227517451779
9.413,1.10197896364,0.360610949818,1.10197896364,0.198356213454
9.414,-1.54799811187,-0.506296471683,-1.54799811187,-0.278639660137
9.415,-0.763922055067,-0.249719804952,-0.763922055067,-0.137505969912
9.416,0.0581378188752,0.0189947129163,0.0581378188752,0.0104648073975
9.417,1.55218439407,0.506859944335,1.55218439407,0.279393190932
9.418,-0.0201218718317,-0.00656726129676,-0.0201218718317,-0.0036219369297
9.419,-0.11789650272,-0.0384581775455,-0.11789650272,-0.0212213704896
9.42,-0.396589297132,-0.129300805168,-0.396589297132,-0.0713860734838
9.421,0.0882778439467,0.0287663673927,0.0882778439467,0.0158900119104
9.422,-2.38544689191,-0.776920762192,-2.38544689191,-0.429380440545
9.423,1.22233586247,0.397898045233,1.22233586247,0.220020455245
9.424,-0.566863240703,-0.184431216438,-0.566863240703,-0.102035383327
9.425,-0.690672495335,-0.224596916345,-0.690672495335,-0.12432104916
9.426,-0.890772141299,-0.289517190848,-0.890772141299,-0.160338985434
9.427,-0.192948655645,-0.0626795977451,-0.192948655645,-0.034730758016
9.428,1.95287049458,0.634067091455,1.95287049458,0.351516689024
9.429,0.490970713294,0.15932917105,0.490970713294,0.088374728393
9.43,0.975274457565,0.316333447806,0.975274457565,0.175549402362
9.431,-0.231682419923,-0.075108746981,-0.231682419923,-0.0417028355862
9.432,0.0919974678595,0.0298093906946,0.0919974678595,0.0165595442147
9.433,0.898897498763,0.291117159539,0.898897498763,0.161801549777
9.434,-0.151970278095,-0.0491923216352,-0.151970278095,-0.0273546500572
9.435,-0.350846155966,-0.113510760586,-0.350846155966,-0.063152308074
9.436,-1.8080377113,-0.584669000941,-1.8080377113,-0.325446788033
9.437,-0.719280228851,-0.232478932653,-0.719280228851,-0.129470441193
9.438,-0.24678249922,-0.0797229499259,-0.24678249922,-0.0444208498597
9.439,0.630545530608,0.203596169209,0.630545530608,0.113498195509
9.44,0.230168819446,0.0742821417309,0.230168819446,0.0414303875002
9.441,-2.0922376026,-0.674892085775,-2.0922376026,-0.376602768468
9.442,-0.751141364604,-0.24217596935,-0.751141364604,-0.135205445629
9.443,0.35191961322,0.113406907286,0.35191961322,0.0633455303796
9.444,-0.604818610609,-0.194808759907,-0.604818610609,-0.10886734991
9.445,0.287389367525,0.0925213511829,0.287389367525,0.0517300861546
9.446,-1.11479527228,-0.35871947723,-1.11479527228,-0.20066314901
9.447,1.56661572935,0.503861910273,1.56661572935,0.281990831282
9.448,-0.385558173138,-0.123944940772,-0.385558173138,-0.0694004711649
9.449,-0.366151748767,-0.117649608571,-0.366151748767,-0.0659073147781
9.45,-2.4561888405,-0.788827879636,-2.4561888405,-0.442113991289
9.451,0.603713630314,0.193795301847,0.603713630314,0.108668453457
9.452,0.257730121701,0.0826932098809,0.257730121701,0.0463914219062
9.453,0.645239544118,0.206927732752,0.645239544118,0.116143117941
9.454,-1.007985888,-0.323106632689,-1.007985888,-0.18143745984
9.455,0.964215392427,0.308929815923,0.964215392427,0.173558770637
9.456,-1.19278342385,-0.381981520001,-1.19278342385,-0.214701016294
9.457,-0.528010891212,-0.169012676452,-0.528010891212,-0.0950419604182
9.458,2.87975707437,0.92135828084,2.87975707437,0.518356273387
9.459,0.403080453494,0.128902509034,0.403080453494,0.072554481629
9.46,-0.861023374853,-0.275221380767,-0.861023374853,-0.154984207474
9.461,0.0354452294005,0.0113246103561,0.0354452294005,0.00638014129208
9.462,-0.668545440913,-0.213498738189,-0.668545440913,-0.120338179364
9.463,1.40970252937,0.44997814464,1.40970252937,0.253746455286
9.464,-0.565924312431,-0.180560401463,-0.565924312431,-0.101866376238
9.465,0.296097501956,0.0944277801263,0.296097501956,0.0532975503521
9.466,0.329967944388,0.105181249246,0.329967944388,0.0593942299898
9.467,0.218763670204,0.0697017965738,0.218763670204,0.0393774606368
9.468,-2.16067708518,-0.688115748843,-2.16067708518,-0.388921875333
9.469,0.703716697234,0.224012891067,0.703716697234,0.126669005502
9.47,0.0765348543524,0.0243522225349,0.0765348543524,0.0137762737834
9.471,1.28926236328,0.410039318265,1.28926236328,0.23206722539
9.472,0.0669216231278,0.021274344391,0.0669216231278,0.012045892163
9.473,0.672811687024,0.213791008498,0.672811687024,0.121106103664
9.474,-1.07137703026,-0.340286797409,-1.07137703026,-0.192847865447
9.475,-0.377112639393,-0.119724046448,-0.377112639393,-0.0678802750907
9.476,0.742484804528,0.235616700378,0.742484804528,0.133647264815
9.477,-0.46540924792,-0.147625840449,-0.46540924792,-0.0837736646255
9.478,0.476013430892,0.150923243424,0.476013430892,0.0856824175606
9.479,-1.84766302885,-0.585557996382,-1.84766302885,-0.332579345194
9.48,-1.4674472893,-0.464858266338,-1.4674472893,-0.264140512074
9.481,0.786711688392,0.249106596878,0.786711688392,0.141608103911
9.482,-0.353327191529,-0.111830159548,-0.353327191529,-0.0635988944752
9.483,1.97180604363,0.62381959665,1.97180604363,0.354925087854
9.484,-1.50344430139,-0.475440070402,-1.50344430139,-0.270619974251
9.485,0.409108671655,0.129318727885,0.409108671655,0.0736395608978
9.486,-0.719515016581,-0.227340905146,-0.719515016581,-0.129512702985
9.487,0.616234015737,0.194625193932,0.616234015737,0.110922122833
9.488,2.41111479461,0.76118046305,2.41111479461,0.43400066303
9.489,1.32232284351,0.417276845409,1.32232284351,0.238018111832
9.49,1.6466312234,0.519398703316,1.6466312234,0.296393620212
9.491,0.302694069965,0.095439212176,0.302694069965,0.0544849325936
9.492,1.59071387749,0.50134202517,1.59071387749,0.286328497949
9.493,0.786897245491,0.247901905979,0.786897245491,0.141641504188
9.494,0.448938545421,0.141373896475,0.448938545421,0.0808089381758
9.495,0.615543207091,0.19375907904,0.615543207091,0.110797777276
9.496,-0.9841174645,-0.309650893896,-0.9841174645,-0.17714114361
9.497,0.278159841105,0.0874867744696,0.278159841105,0.0500687713988
9.498,0.672052881897,0.211287933899,0.672052881897,0.120969518741
9.499,-1.35901926597,-0.427091406767,-1.35901926597,-0.244623467874
9.5,-1.07916068498,-0.339004923306,-1.07916068498,-0.194248923297
9.501,0.138284275291,0.0434228234687,0.138284275291,0.0248911695523
9.502,-2.02246329302,-0.634822017764,-2.02246329302,-0.364043392743
9.503,0.458180976225,0.143759038956,0.458180976225,0.0824725757204
9.504,-0.536872045376,-0.168382276463,-0.536872045376,-0.0966369681676
9.505,-0.886860134635,-0.278041038284,-0.886860134635,-0.159634824234
9.506,-0.772944746788,-0.242231772232,-0.772944746788,-0.139130054422
9.507,-0.0617242238903,-0.0193360557591,-0.0617242238903,-0.0111103603003
9.508,-0.530707120816,-0.166187161385,-0.530707120816,-0.0955272817469
9.509,-0.423881456713,-0.132683825681,-0.423881456713,-0.0762986622083
9.51,-1.6690348432,-0.522240672654,-1.6690348432,-0.300426271775
9.511,0.0564216122943,0.0176475009641,0.0564216122943,0.010155890213
9.512,1.53924346773,0.481258248762,1.53924346773,0.277063824191
9.513,1.16729271689,0.364824924634,1.16729271689,0.210112689039
9.514,1.74202947829,0.544245438851,1.74202947829,0.313565306092
9.515,-0.186761427526,-0.0583259432659,-0.186761427526,-0.0336170569547
9.516,-0.81621471962,-0.254809146492,-0.81621471962,-0.146918649532
9.517,-0.478496814215,-0.149322881833,-0.478496814215,-0.0861294265588
9.518,-0.165912690729,-0.0517564355701,-0.165912690729,-0.0298642843312
9.519,-1.60999948326,-0.502051939054,-1.60999948326,-0.289799906986
9.52,-1.12350475014,-0.350216582084,-1.12350475014,-0.202230855025
9.521,-0.290703207098,-0.0905839421703,-0.290703207098,-0.0523265772777
9.522,0.331091750708,0.103131201778,0.331091750708,0.0595965151274
9.523,0.246562190987,0.0767731299785,0.246562190987,0.0443811943777
9.524,0.0359240844339,0.0111817620763,0.0359240844339,0.0064663351981
9.525,-1.2193690008,-0.379404246029,-1.2193690008,-0.219486420143
9.526,0.595305404836,0.185161242847,0.595305404836,0.10715497287
9.527,0.607126142083,0.188770074632,0.607126142083,0.109282705575
9.528,-0.702029475458,-0.218199746654,-0.702029475458,-0.126365305582
9.529,0.255895208155,0.0795072000311,0.255895208155,0.046061137468
9.53,0.531531545613,0.165089515014,0.531531545613,0.0956756782103
9.531,-2.03402054566,-0.631528065766,-2.03402054566,-0.366123698219
9.532,2.28366973697,0.708791046361,2.28366973697,0.411060552655
9.533,-0.352126071077,-0.1092525158,-0.352126071077,-0.0633826927938
9.534,-1.34128994587,-0.416011186129,-1.34128994587,-0.241432190256
9.535,-1.36016676751,-0.421720107478,-1.36016676751,-0.244830018152
9.536,-1.92102774258,-0.595410284199,-1.92102774258,-0.345784993665
9.537,1.12444965494,0.34839666895,1.12444965494,0.20240093789
9.538,1.31817255767,0.40828015094,1.31817255767,0.23727106038
9.539,0.208928617811,0.0646899318025,0.208928617811,0.037607151206
9.54,-0.741187724074,-0.229414298239,-0.741187724074,-0.133413790333
9.541,-1.07172650567,-0.331612184175,-1.07172650567,-0.192910771021
9.542,0.366551254001,0.113379934732,0.366551254001,0.0659792257201
9.543,0.628534690138,0.194350863368,0.628534690138,0.113136244225
9.544,-0.435831370415,-0.134720033414,-0.435831370415,-0.0784496466746
9.545,1.24218738085,0.383846890067,1.24218738085,0.223593728553
9.546,0.691610043056,0.213643738388,0.691610043056,0.12448980775
9.547,0.25632114031,0.0791538448662,0.25632114031,0.0461378052558
9.548,0.37181114652,0.114780854477,0.37181114652,0.0669260063736
9.549,-0.14134627556,-0.0436205990643,-0.14134627556,-0.0254423296009
9.55,-0.519759594756,-0.160350651673,-0.519759594756,-0.0935567270562
9.551,-1.65640583619,-0.510853854628,-1.65640583619,-0.298153050514
9.552,0.303672721808,0.093626365515,0.303672721808,0.0546610899255
9.553,0.413612907994,0.127482238013,0.413612907994,0.0744503234388
9.554,1.00465256749,0.309553315466,1.00465256749,0.180837462149
9.555,-0.134081932541,-0.0413004270753,-0.134081932541,-0.0241347478574
9.556,-2.9422545046,-0.906003746595,-2.9422545046,-0.529605810828
9.557,-1.1269997198,-0.346928354952,-1.1269997198,-0.202859949564
9.558,-1.59221340727,-0.489986657054,-1.59221340727,-0.286598413308
9.559,-0.175354685443,-0.0539470993329,-0.175354685443,-0.0315638433797
9.56,-1.39508294379,-0.429061214416,-1.39508294379,-0.251114929882
9.561,-0.182341757697,-0.0560627800807,-0.182341757697,-0.0328215163854
9.562,-0.0701857520191,-0.021572847618,-0.0701857520191,-0.0126334353634
9.563,0.513353063665,0.157741317093,0.513353063665,0.0924035514597
9.564,-0.354466655421,-0.108887052144,-0.354466655421,-0.0638039979758
9.565,-0.00813218586241,-0.00249735602685,-0.00813218586241,-0.00146379345523
9.566,-1.12427903813,-0.345159914931,-1.12427903813,-0.202370226864
9.567,-0.397588657531,-0.12202647507,-0.397588657531,-0.0715659583556
9.568,0.20284924099,0.0622397833831,0.20284924099,0.0365128633783
9.569,-1.30829596474,-0.401306375419,-1.30829596474,-0.235493273653
9.57,-0.878108136618,-0.269273861241,-0.878108136618,-0.158059464591
9.571,-1.01444312975,-0.310993139773,-1.01444312975,-0.182599763354
9.572,1.3511982838,0.414113953954,1.3511982838,0.243215691084
9.573,-1.74195431691,-0.533723083961,-1.74195431691,-0.313551777044
9.574,-1.17667651923,-0.360425515867,-1.17667651923,-0.211801773462
9.575,0.83927902899,0.257006910284,0.83927902899,0.151070225218
9.576,-0.785841415287,-0.240576998248,-0.785841415287,-0.141451454752
9.577,-0.468057759857,-0.143251827377,-0.468057759857,-0.0842503967742
9.578,-0.208127069114,-0.0636812523333,-0.208127069114,-0.0374628724404
9.579,-1.09681583494,-0.335505635488,-1.09681583494,-0.197426850289
9.58,-1.03331327492,-0.315996281569,-1.03331327492,-0.185996389485
9.581,0.912329170237,0.278924174322,0.912329170237,0.164219250643
9.582,-0.746362841311,-0.22812349317,-0.746362841311,-0.134345311436
9.583,-1.30794980212,-0.399666057565,-1.30794980212,-0.235430964382
9.584,0.765381590377,0.233814352536,0.765381590377,0.137768686268
9.585,0.209492407252,0.0639807291789,0.209492407252,0.0377086333054
9.586,-0.397918479399,-0.121496433622,-0.397918479399,-0.0716253262918
9.587,-0.438648448221,-0.133898380118,-0.438648448221,-0.0789567206797
9.588,0.744012134092,0.227053828715,0.744012134092,0.133922184137
9.589,-1.84415515588,-0.562648461592,-1.84415515588,-0.331947928058
9.59,-0.593217298783,-0.180944395482,-0.593217298783,-0.106779113781
9.591,-0.50684115002,-0.1545594738,-0.50684115002,-0.0912314070035
9.592,0.756052453219,0.230498926954,0.756052453219,0.136089441579
9.593,0.387750501727,0.118185270258,0.387750501727,0.0697950903108
9.594,2.64842370502,0.807036616062,2.64842370502,0.476716266904
9.595,-1.79826164314,-0.547840618978,-1.79826164314,-0.323687095766
9.596,0.0792859831272,0.0241487205935,0.0792859831272,0.0142714769629
9.597,1.237288536,0.376760921361,1.237288536,0.222711936481
9.598,1.69080450537,0.514737959399,1.69080450537,0.304344810966
9.599,-0.1882594502,-0.0572991677775,-0.1882594502,-0.033886701036
9.6,-0.0862757719705,-0.0262530581288,-0.0862757719705,-0.0155296389547
9.601,0.101315555221,0.0308224731991,0.101315555221,0.0182367999398
9.602,1.03216865417,0.313937445897,1.03216865417,0.185790357751
9.603,-0.500610547411,-0.152227930112,-0.500610547411,-0.090109898534
9.604,-0.0969000354046,-0.0294592012182,-0.0969000354046,-0.0174420063728
9.605,1.65148938243,0.501968303559,1.65148938243,0.297268088837
9.606,0.106976458994,0.0325082056796,0.106976458994,0.0192557626189
9.607,-0.473598061512,-0.143886405359,-0.473598061512,-0.0852476510721
9.608,0.711985917585,0.216265434536,0.711985917585,0.128157465165
9.609,0.257420733306,0.0781746398178,0.257420733306,0.0463357319952
9.61,-1.52950261914,-0.464386990503,-1.52950261914,-0.275310471445
9.611,0.324092128747,0.0983799402025,0.324092128747,0.0583365831744
9.612,-0.107177647354,-0.0325275489694,-0.107177647354,-0.0192919765238
9.613,-0.291930300604,-0.0885800949433,-0.291930300604,-0.0525474541087
9.614,-0.270428954763,-0.0820390840313,-0.270428954763,-0.0486772118574
9.615,2.16401491111,0.656355770964,2.16401491111,0.389522684
9.616,-0.122237694327,-0.0370677695931,-0.122237694327,-0.0220027849789
9.617,-0.182673849483,-0.0553835427468,-0.182673849483,-0.0328812929069
9.618,-1.10245400007,-0.33417863308,-1.10245400007,-0.198441720013
9.619,0.519412880301,0.157414801513,0.519412880301,0.0934943184542
9.62,-1.80585211989,-0.547180343209,-1.80585211989,-0.32505338158
9.621,0.156916946481,0.047537288785,0.156916946481,0.0282450503665
9.622,-2.56849595958,-0.777965803203,-2.56849595958,-0.462329272724
9.623,-0.916818283028,-0.277640456647,-0.916818283028,-0.165027290945
9.624,0.378544723463,0.114613388073,0.378544723463,0.0681380502233
9.625,-0.256259214881,-0.0775741668304,-0.256259214881,-0.0461266586785
9.626,-0.100647226226,-0.0304620916047,-0.100647226226,-0.0181165007206
9.627,0.774748442065,0.234444316106,0.774748442065,0.139454719572
9.628,-1.12430717703,-0.340162060751,-1.12430717703,-0.202375291866
9.629,1.46660590277,0.443646460992,1.46660590277,0.263989062498
9.63,-0.792254658859,-0.239613843113,-0.792254658859,-0.142605838595
9.631,0.949360554983,0.287079780247,0.949360554983,0.170884899897
9.632,0.687956627956,0.207997257676,0.687956627956,0.123832193032
9.633,1.36518025299,0.412679110203,1.36518025299,0.245732445539
9.634,-1.56609858983,-0.473334689919,-1.56609858983,-0.281897746169
9.635,0.201537874273,0.0609022683001,0.201537874273,0.0362768173692
9.636,-0.640282983553,-0.19345373754,-0.640282983553,-0.11525093704
9.637,-2.51250104128,-0.758997939726,-2.51250104128,-0.452250187431
9.638,1.21213279888,0.366112488641,1.21213279888,0.218183903799
9.639,-0.616041484657,-0.18603947545,-0.616041484657,-0.110887467238
9.64,-0.334399388074,-0.100969973327,-0.334399388074,-0.0601918898533
9.641,-0.800285858153,-0.241604124351,-0.800285858153,-0.144051454468
9.642,0.881831653881,0.266181662389,0.881831653881,0.158729697699
9.643,1.03085597352,0.311117545111,1.03085597352,0.185554075233
9.644,-0.132485768028,-0.0399788793911,-0.132485768028,-0.023847438245
9.645,-0.560923995498,-0.169239253434,-0.560923995498,-0.10096631919
9.646,0.190006682642,0.0573195096595,0.190006682642,0.0342012028755
9.647,-1.32074073957,-0.398371710753,-1.32074073957,-0.237733333123
9.648,-0.769085371156,-0.231944249262,-0.769085371156,-0.138435366808
9.649,0.302433032833,0.0911963050696,0.302433032833,0.05443794591
9.65,0.728754818935,0.219719820136,0.728754818935,0.131175867408
9.651,1.99915114887,0.602662295442,1.99915114887,0.359847206796
9.652,-1.52212397608,-0.458796220171,-1.52212397608,-0.273982315694
9.653,1.2029792415,0.362551887427,1.2029792415,0.216536263469
9.654,-0.509375531822,-0.153494623784,-0.509375531822,-0.0916875957279
9.655,-0.748620631854,-0.225559307747,-0.748620631854,-0.134751713734
9.656,0.654734834892,0.197246407005,0.654734834892,0.117852270281
9.657,-0.687736818605,-0.20716264183,-0.687736818605,-0.123792627349
9.658,-0.0634162490558,-0.0191001179646,-0.0634162490558,-0.01141492483
9.659,0.3549744513,0.106900503279,0.3549744513,0.063895401234
9.66,0.913639551783,0.275109458181,0.913639551783,0.164455119321
9.661,-1.1280262344,-0.339624199503,-1.1280262344,-0.203044722193
9.662,1.70324920332,0.512751857933,1.70324920332,0.306584856597
9.663,-0.172403443657,-0.0518949894264,-0.172403443657,-0.0310326198582
9.664,0.759375655927,0.22855326413,0.759375655927,0.136687618067
9.665,-1.05796208934,-0.318385259718,-1.05796208934,-0.190433176082
9.666,-0.160893416043,-0.0484143419587,-0.160893416043,-0.0289608148878
9.667,-0.905588676706,-0.272471123013,-0.905588676706,-0.163005961807
9.668,-0.890009648374,-0.267755730722,-0.890009648374,-0.160201736707
9.669,1.91565265236,0.576256997016,1.91565265236,0.344817477424
9.67,0.477095290177,0.143502936195,0.477095290177,0.0858771522319
9.671,-0.0703195952213,-0.0211489619989,-0.0703195952213,-0.0126575271398
9.672,1.08885993187,0.327448174724,1.08885993187,0.195994787736
9.673,-0.505064341448,-0.151871384777,-0.505064341448,-0.0909115814607
9.674,-0.393179714044,-0.118216980478,-0.393179714044,-0.070772348528
9.675,-0.320948079662,-0.0964903501229,-0.320948079662,-0.0577706543392
9.676,0.35754757609,0.10748407088,0.35754757609,0.0643585636961
9.677,-0.692683493291,-0.208212645224,-0.692683493291,-0.124683028792
9.678,-0.151441465111,-0.0455176558311,-0.151441465111,-0.0272594637201
9.679,-0.185308803939,-0.0556922530346,-0.185308803939,-0.033355584709
9.68,1.2324119505,0.370355768149,1.2324119505,0.221834151089
9.681,0.365631414536,0.109868202702,0.365631414536,0.0658136546164
9.682,0.919749922316,0.276353144741,0.919749922316,0.165554986017
9.683,-0.11174640536,-0.0335733884293,-0.11174640536,-0.0201143529649
9.684,0.084679296728,0.0254393872761,0.084679296728,0.015242273411
9.685,0.56664804619,0.170220326802,0.56664804619,0.101996648314
9.686,-1.04124003647,-0.312765133138,-1.04124003647,-0.187423206564
9.687,-0.0633903677663,-0.0190397404371,-0.0633903677663,-0.0114102661979
9.688,0.644081980723,0.193441659622,0.644081980723,0.11593475653
9.689,-1.14215244196,-0.343008491091,-1.14215244196,-0.205587439552
9.69,-0.645044360224,-0.193706033824,-0.645044360224,-0.11610798484
9.691,0.74244453932,0.222941635181,0.74244453932,0.133640017078
9.692,0.118179413904,0.0354848868999,0.118179413904,0.0212722945027
9.693,0.562108377307,0.168770645183,0.562108377307,0.101179507915
9.694,-0.626134917882,-0.1879839915,-0.626134917882,-0.112704285219
9.695,-2.23667212983,-0.671478621438,-2.23667212983,-0.402600983369
9.696,-1.08739330815,-0.326433162126,-1.08739330815,-0.195730795467
9.697,0.923736670165,0.277290112376,0.923736670165,0.16627260063
9.698,1.56522179826,0.469830819273,1.56522179826,0.281739923687
9.699,-0.175590627433,-0.0527044385235,-0.175590627433,-0.031606312938
9.7,-0.423686425037,-0.127166139632,-0.423686425037,-0.0762635565067
9.701,-0.075801375071,-0.0227502373552,-0.075801375071,-0.0136442475128
9.702,-0.022823432463,-0.00684971574534,-0.022823432463,-0.00410821784334
9.703,0.316424084295,0.0949608723296,0.316424084295,0.0569563351731
9.704,1.11319325471,0.334064352775,1.11319325471,0.200374785847
9.705,-0.695431576987,-0.208688834795,-0.695431576987,-0.125177683858
9.706,-1.53451280391,-0.46047005727,-1.53451280391,-0.276212304703
9.707,2.15955187903,0.648009574917,2.15955187903,0.388719338225
9.708,0.617132647627,0.185175718839,0.617132647627,0.111083876573
9.709,-0.365313011993,-0.109612283924,-0.365313011993,-0.0657563421587
9.71,-0.256421824007,-0.0769375711127,-0.256421824007,-0.0461559283212
9.711,-0.411184466934,-0.123370243154,-0.411184466934,-0.0740132040481
9.712,1.33856309081,0.401609181509,1.33856309081,0.240941356346
9.713,-0.550438229054,-0.165144941678,-0.550438229054,-0.0990788812298
9.714,-2.14575681369,-0.643768792818,-2.14575681369,-0.386236226465
9.715,-1.18735008715,-0.356222850152,-1.18735008715,-0.213723015688
9.716,-0.684646951048,-0.205401713885,-0.684646951048,-0.123236451189
9.717,-0.531734563551,-0.15952454248,-0.531734563551,-0.0957122214391
9.718,0.787623983406,0.23629123601,0.787623983406,0.141772317013
9.719,0.0719063184254,0.0215721103922,0.0719063184254,0.0129431373166
9.72,0.121820505008,0.0365463246365,0.121820505008,0.0219276909015
9.721,-0.174162371729,-0.0522487863946,-0.174162371729,-0.0313492269113
9.722,-0.166221680709,-0.0498665065752,-0.166221680709,-0.0299199025277
9.723,-0.214333742767,-0.0643001601457,-0.214333742767,-0.0385800736981
9.724,-0.104139030006,-0.0312418037248,-0.104139030006,-0.018745025401
9.725,-1.03935160034,-0.311807788148,-1.03935160034,-0.187083288061
9.726,-0.444449237601,-0.133336596779,-0.444449237601,-0.0800008627682
9.727,1.16239243858,0.348725368013,1.16239243858,0.209230638945
9.728,0.162132586184,0.0486413335332,0.162132586184,0.0291838655131
9.729,-0.10046255035,-0.0301400933065,-0.10046255035,-0.018083259063
9.73,-0.496913401979,-0.149082671791,-0.496913401979,-0.0894444123561
9.731,-1.87908602544,-0.563767475332,-1.87908602544,-0.338235484579
9.732,1.22743610337,0.368264603422,1.22743610337,0.220938498607
9.733,-0.113859682243,-0.0341617110369,-0.113859682243,-0.0204947428038
9.734,0.185356656846,0.0556143967817,0.185356656846,0.0333641982323
9.735,0.931769979614,0.279574776236,0.931769979614,0.167718596331
9.736,-0.699498331644,-0.209887713582,-0.699498331644,-0.125909699696
9.737,-0.46364566522,-0.139122839034,-0.46364566522,-0.0834562197395
9.738,0.521194660743,0.156395737626,0.521194660743,0.0938150389338
9.739,0.968171944136,0.290530015659,0.968171944136,0.174270949945
9.74,1.08522130109,0.325665096858,1.08522130109,0.195339834196
9.741,-0.698283660376,-0.209555956492,-0.698283660376,-0.125691058868
9.742,0.437413629311,0.131273328613,0.437413629311,0.0787344532759
9.743,0.725049660726,0.217604979224,0.725049660726,0.130508938931
9.744,-0.62711863669,-0.188221184774,-0.62711863669,-0.112881354604
9.745,-0.547043302961,-0.16419466937,-0.547043302961,-0.0984677945331
9.746,0.891737105603,0.267666222676,0.891737105603,0.160512679008
9.747,1.68513862392,0.505839314837,1.68513862392,0.303324952306
9.748,-0.239001968314,-0.0717462939386,-0.239001968314,-0.0430203542964
9.749,2.56084151348,0.768780882066,2.56084151348,0.460951472427
9.75,1.15902377218,0.347964490374,1.15902377218,0.208624278993
9.751,1.12955942231,0.339137025122,1.12955942231,0.203320696017
9.752,0.90240515536,0.270951813953,0.90240515536,0.162432927965
9.753,-0.790659346029,-0.237413333616,-0.790659346029,-0.142318682285
9.754,0.800781085301,0.240467028263,0.800781085301,0.144140595354
9.755,-1.4253815174,-0.428055139608,-1.4253815174,-0.256568673132
9.756,1.70644131479,0.51249265229,1.70644131479,0.307159436662
9.757,-1.25362688484,-0.376524383549,-1.25362688484,-0.22565283927
9.758,1.97410950519,0.592960004845,1.97410950519,0.355339710934
9.759,1.85364334839,0.556814480361,1.85364334839,0.33365580271
9.76,-1.41606557791,-0.425401210408,-1.41606557791,-0.254891804023
9.761,0.199535139879,0.0599468801416,0.199535139879,0.0359163251783
9.762,0.385034716309,0.11568572015,0.385034716309,0.0693062489356
9.763,-0.993144008918,-0.298418395227,-0.993144008918,-0.178765921605
9.764,-2.43103209282,-0.730530549591,-2.43103209282,-0.437585776707
9.765,0.334262159078,0.10045465321,0.334262159078,0.0601671886341
9.766,0.44241356071,0.132968037075,0.44241356071,0.0796344409279
9.767,0.332014639066,0.0997959393359,0.332014639066,0.0597626350319
9.768,-2.20876384232,-0.663960983176,-2.20876384232,-0.397577491617
9.769,0.866158244104,0.260392806991,0.866158244104,0.155908483939
9.77,0.110143152506,0.0331152878308,0.110143152506,0.0198257674511
9.771,1.5142840677,0.455321861581,1.5142840677,0.272571132186
9.772,0.334910631405,0.100711955431,0.334910631405,0.0602839136529
9.773,-0.129689753974,-0.0390031363551,-0.129689753974,-0.0233441557152
9.774,0.198966721874,0.059843489008,0.198966721874,0.0358140099373
9.775,0.0945133926952,0.0284297627908,0.0945133926952,0.0170124106851
9.776,0.0528658291338,0.0159037367318,0.0528658291338,0.00951584924409
9.777,-1.64086587574,-0.493676307342,-1.64086587574,-0.295355857633
9.778,-1.47185277442,-0.442873269835,-1.47185277442,-0.264933499396
9.779,-0.559964135313,-0.168508584477,-0.559964135313,-0.100793544356
9.78,-1.11518448182,-0.335626373249,-1.11518448182,-0.200733206728
9.781,-0.267541575805,-0.0805283890256,-0.267541575805,-0.0481574836449
9.782,-0.838564464897,-0.252431400128,-0.838564464897,-0.150941603681
9.783,-0.613728200687,-0.184770661973,-0.613728200687,-0.110471076124
9.784,0.332908785936,0.100238146742,0.332908785936,0.0599235814685
9.785,-1.30591475964,-0.393255006685,-1.30591475964,-0.235064656735
9.786,0.595492697197,0.179344618821,0.595492697197,0.107188685495
9.787,-0.765237423273,-0.230494949005,-0.765237423273,-0.137742736189
9.788,0.0400952107864,0.0120784675233,0.0400952107864,0.00721713794155
9.789,-1.20131097782,-0.361934284682,-1.20131097782,-0.216235976008
9.79,1.69410761849,0.510470956389,1.69410761849,0.304939371327
9.791,1.94647889726,0.586592256238,1.94647889726,0.350366201506
9.792,-1.13302867073,-0.341495455426,-1.13302867073,-0.203945160731
9.793,-0.969279814934,-0.292180629151,-0.969279814934,-0.174470366688
9.794,-0.361955576603,-0.109123067142,-0.361955576603,-0.0651520037885
9.795,0.525974909379,0.158593790389,0.525974909379,0.0946754836883
9.796,-1.37004000172,-0.413156962808,-1.37004000172,-0.246607200309
9.797,-0.804078670756,-0.242516820143,-0.804078670756,-0.144734160736
9.798,0.938750645539,0.283175635237,0.938750645539,0.168975116197
9.799,-0.145814474515,-0.0439915637631,-0.145814474515,-0.0262466054128
9.8,0.0226243442262,0.00682666681882,0.0226243442262,0.00407238196072
9.801,-0.25790256595,-0.0778310932079,-0.25790256595,-0.0464224618709
9.802,-0.572357652735,-0.172754964552,-0.572357652735,-0.103024377492
9.803,-0.309264135316,-0.0933596020309,-0.309264135316,-0.0556675443569
9.804,-0.18464973387,-0.055750058006,-0.18464973387,-0.0332369520967
9.805,-0.634719135427,-0.191666515531,-0.634719135427,-0.114249444377
9.806,-0.0186062645912,-0.00561943536561,-0.0186062645912,-0.00334912762642
9.807,-0.0115906129805,-0.0035011404834,-0.0115906129805,-0.00208631033649
9.808,0.627024660015,0.189434122756,0.627024660015,0.112864438803
9.809,0.0603454857592,0.0182343231249,0.0603454857592,0.0108621874367
9.81,1.22019683683,0.36876257123,1.22019683683,0.219635430629
9.811,-0.963449521323,-0.29121839004,-0.963449521323,-0.173420913838
9.812,-0.0900451917627,-0.0272222526736,-0.0900451917627,-0.0162081345173
9.813,-0.184234179253,-0.0557068048429,-0.184234179253,-0.0331621522656
9.814,-1.28520158623,-0.388673221499,-1.28520158623,-0.231336285521
9.815,1.44230516908,0.436261268242,1.44230516908,0.259614930435
9.816,0.0335083222148,0.010137225781,0.0335083222148,0.00603149799867
9.817,0.714991223631,0.216344019447,0.714991223631,0.128698420254
9.818,0.192613684534,0.0582921234992,0.192613684534,0.0346704632161
9.819,-0.959487947917,-0.290430098545,-0.959487947917,-0.172707830625
9.82,1.0888270396,0.329640954409,1.0888270396,0.195988867129
9.821,-0.233771242767,-0.0707871331462,-0.233771242767,-0.042078823698
9.822,0.0785126464182,0.0237785097311,0.0785126464182,0.0141322763553
9.823,0.578565083792,0.175258794241,0.578565083792,0.104141715083
9.824,-0.991831160108,-0.300502945868,-0.991831160108,-0.178529608819
9.825,-1.93186310377,-0.585425349173,-1.93186310377,-0.347735358679
9.826,1.18579602554,0.359410001983,1.18579602554,0.213443284598
9.827,0.875703327324,0.265474592944,0.875703327324,0.157626598918
9.828,-1.36500548477,-0.41389192844,-1.36500548477,-0.245700987258
9.829,-0.130226426951,-0.0394947240277,-0.130226426951,-0.0234407568511
9.83,0.680359540409,0.206379538149,0.680359540409,0.122464717274
9.831,-1.5873817987,-0.481613388843,-1.5873817987,-0.285728723766
9.832,-0.0213599595083,-0.00648197539695,-0.0213599595083,-0.00384479271149
9.833,-0.468532082153,-0.142212209384,-0.468532082153,-0.0843357747875
9.834,0.589467427466,0.178957026916,0.589467427466,0.106104136944
9.835,-0.794454280315,-0.24124040289,-0.794454280315,-0.143001770457
9.836,-1.74996725982,-0.531500953587,-1.74996725982,-0.314994106767
9.837,-0.230408830221,-0.0699950016907,-0.230408830221,-0.0414735894397
9.838,-0.503646324333,-0.153034080504,-0.503646324333,-0.0906563383799
9.839,1.2662624636,0.384841233491,1.2662624636,0.227927243449
9.84,-0.322021174773,-0.0978900306281,-0.322021174773,-0.0579638114591
9.841,-1.80005261978,-0.547313547354,-1.80005261978,-0.32400947156
9.842,1.3501672406,0.410616427096,1.3501672406,0.243030103309
9.843,-0.670323033222,-0.203906675592,-0.670323033222,-0.12065814598
9.844,-0.0200773076596,-0.00610874667123,-0.0200773076596,-0.00361391537872
9.845,0.484005567956,0.147298094863,0.484005567956,0.0871210022321
9.846,0.0744363044352,0.0226585699275,0.0744363044352,0.0133985347983
9.847,1.65906204728,0.505140316341,1.65906204728,0.298631168511
9.848,-1.33416712952,-0.406314329805,-1.33416712952,-0.240150083313
9.849,-1.11677235682,-0.34018867018,-1.11677235682,-0.201019024228
9.85,-0.185898601443,-0.056641583671,-0.185898601443,-0.0334617482598
9.851,-0.246910777314,-0.0752495961293,-0.246910777314,-0.0444439399164
9.852,-0.897155897198,-0.273487631786,-0.897155897198,-0.161488061496
9.853,0.511617218386,0.155998836617,0.511617218386,0.0920910993096
9.854,-0.275625841681,-0.0840627044712,-0.275625841681,-0.0496126515026
9.855,0.286663704247,0.0874508701272,0.286663704247,0.0515994667644
9.856,-0.708200011244,-0.2161006835,-0.708200011244,-0.127476002024
9.857,2.43800278991,0.744121711918,2.43800278991,0.438840502184
9.858,0.230379003554,0.0703336283967,0.230379003554,0.0414682206398
9.859,-1.46813316043,-0.448328868737,-1.46813316043,-0.264263968877
9.86,0.556635280291,0.170025435383,0.556635280291,0.100194350452
9.861,-0.773002767266,-0.236176620841,-0.773002767266,-0.139140498108
9.862,-0.402910890258,-0.123134097024,-0.402910890258,-0.0725239602465
9.863,-0.0217599426346,-0.00665183267079,-0.0217599426346,-0.00391678967422
9.864,0.396012925405,0.121089909276,0.396012925405,0.0712823265728
9.865,1.08467224274,0.331751517957,1.08467224274,0.195241003693
9.866,-1.19562821567,-0.365786036402,-1.19562821567,-0.21521307882
9.867,0.689895097818,0.211120971652,0.689895097818,0.124181117607
9.868,0.300153487262,0.0918776406492,0.300153487262,0.0540276277071
9.869,2.20117389318,0.673968643157,2.20117389318,0.396211300772
9.87,0.514513209742,0.157580159904,0.514513209742,0.0926123777535
9.871,1.02596982562,0.314311330237,1.02596982562,0.184674568611
9.872,-0.692363977842,-0.212168606972,-0.692363977842,-0.124625516012
9.873,1.44459339726,0.442806786266,1.44459339726,0.260026811506
9.874,2.02651511038,0.621357064076,2.02651511038,0.364772719868
9.875,-0.492412160501,-0.151023205146,-0.492412160501,-0.0886341888901
9.876,-2.25406658819,-0.691521905798,-2.25406658819,-0.405731985873
9.877,-1.65295594517,-0.507254061809,-1.65295594517,-0.29753207013
9.878,0.263367544584,0.080844844318,0.263367544584,0.0474061580252
9.879,0.469937231683,0.144296737976,0.469937231683,0.0845887017029
9.88,-1.27380787924,-0.391244224165,-1.27380787924,-0.229285418263
9.881,0.615116775484,0.188986025706,0.615116775484,0.110721019587
9.882,0.362970497018,0.111550705672,0.362970497018,0.0653346894632
9.883,-0.68029663451,-0.209136075959,-0.68029663451,-0.122453394212
9.884,1.1358762895,0.349294754901,1.1358762895,0.20445773211
9.885,-0.772003836042,-0.237471582263,-0.772003836042,-0.138960690488
9.886,0.455093335694,0.14003112568,0.455093335694,0.0819168004249
9.887,1.08881066132,0.33512678771,1.08881066132,0.195985919038
9.888,0.565057371162,0.173973361842,0.565057371162,0.101710326809
9.889,0.0989217551994,0.0304660544075,0.0989217551994,0.0178059159359
9.89,0.445770116861,0.137331541597,0.445770116861,0.080238621035
9.891,-0.855249266246,-0.263565009249,-0.855249266246,-0.153944867924
9.892,1.76531111496,0.544192749387,1.76531111496,0.317756000693
9.893,1.5946034808,0.491724003336,1.5946034808,0.287028626544
9.894,-0.215894554479,-0.0665960309928,-0.215894554479,-0.0388610198062
9.895,-0.57812099544,-0.178387372576,-0.57812099544,-0.104061779179
9.896,1.79460710094,0.553929134277,1.79460710094,0.323029278169
9.897,-1.03292132057,-0.318927725611,-1.03292132057,-0.185925837703
9.898,0.203780367071,0.0629402307165,0.203780367071,0.0366804660727
9.899,-0.731631371163,-0.226047658713,-0.731631371163,-0.131693646809
9.9,-0.972305809142,-0.300505915059,-0.972305809142,-0.175015045646
9.901,2.16540849254,0.669473168771,2.16540849254,0.389773528657
9.902,-1.27313111616,-0.393740794652,-1.27313111616,-0.229163600909
9.903,1.33549878726,0.413166844078,1.33549878726,0.240389781706
9.904,0.820402831372,0.253895230328,0.820402831372,0.147672509647
9.905,-0.690436219435,-0.213745571872,-0.690436219435,-0.124278519498
9.906,0.473611655608,0.146670526781,0.473611655608,0.0852500980094
9.907,-0.0304659739057,-0.00943806980481,-0.0304659739057,-0.00548387530303
9.908,1.14840671621,0.355887087807,1.14840671621,0.206713208917
9.909,1.52553054845,0.472918760473,1.52553054845,0.274595498721
9.91,0.250282819856,0.0776151563249,0.250282819856,0.0450509075741
9.911,1.47352037918,0.457111600678,1.47352037918,0.265233668252
9.912,1.63554736928,0.507552016482,1.63554736928,0.29439852647
9.913,0.0608647804325,0.0188945067415,0.0608647804325,0.0109556604778
9.914,-1.12865606847,-0.350496690468,-1.12865606847,-0.203158092324
9.915,-0.019035509962,-0.00591344211714,-0.019035509962,-0.00342639179316
9.916,1.7326171129,0.538434275475,1.7326171129,0.311871080323
9.917,-1.00962114161,-0.313865463006,-1.00962114161,-0.181731805489
9.918,1.56480084766,0.48663113279,1.56480084766,0.281664152578
9.919,-1.24471664424,-0.387228903266,-1.24471664424,-0.224048995964
9.92,-0.63421938779,-0.197375826824,-0.63421938779,-0.114159489802
9.921,-0.189163272582,-0.058891032987,-0.189163272582,-0.0340493890648
9.922,0.39804309131,0.123965567807,0.39804309131,0.0716477564358
9.923,0.183676260883,0.0572246793179,0.183676260883,0.0330617269589
9.924,0.914223362056,0.284932986475,0.914223362056,0.16456020517
9.925,-0.676457638346,-0.210907400724,-0.676457638346,-0.121762374902
9.926,-1.19862993607,-0.373850404303,-1.19862993607,-0.215753388493
9.927,-0.0703146573534,-0.0219392026401,-0.0703146573534,-0.0126566383236
9.928,0.624755806848,0.195006117265,0.624755806848,0.112456045233
9.929,1.06783292263,0.333430188039,1.06783292263,0.192209926074
9.93,-0.958932481777,-0.299539454269,-0.958932481777,-0.17260784672
9.931,-0.464150217091,-0.145040628167,-0.464150217091,-0.0835470390763
9.932,-1.69708620987,-0.530518878494,-1.69708620987,-0.305475517777
9.933,0.980420550726,0.306602634538,0.980420550726,0.176475699131
9.934,0.98926150537,0.30948659066,0.98926150537,0.178067070967
9.935,-0.825513772079,-0.25835865322,-0.825513772079,-0.148592478974
9.936,-0.867190359498,-0.271507482433,-0.867190359498,-0.15609426471
9.937,0.207635164376,0.0650335781515,0.207635164376,0.0373743295878
9.938,-0.496271566,-0.155498508162,-0.496271566,-0.08932888188
9.939,0.355110688435,0.111311843597,0.355110688435,0.0639199239182
9.94,0.926573648131,0.29055548612,0.926573648131,0.166783256664
9.941,0.934123226757,0.293039061714,0.934123226757,0.168142180816
9.942,0.920801925131,0.288975135328,0.920801925131,0.165744346524
9.943,0.380231753018,0.11937578896,0.380231753018,0.0684417155433
9.944,-0.190670410511,-0.0598860257022,-0.190670410511,-0.0343206738919
9.945,-0.225994905702,-0.0710094025697,-0.225994905702,-0.0406790830264
9.946,1.00573272372,0.316137131542,1.00573272372,0.18103189027
9.947,-0.89023192139,-0.279944865772,-0.89023192139,-0.16024174585
9.948,1.21408320099,0.381939792659,1.21408320099,0.218534976178
9.949,1.26119612162,0.396923575707,1.26119612162,0.227015301892
9.95,-0.139101324645,-0.0437959589372,-0.139101324645,-0.0250382384362
9.951,1.4704039309,0.46314675865,1.4704039309,0.264672707561
9.952,-0.0130212026458,-0.00410310815132,-0.0130212026458,-0.00234381647624
9.953,-0.828516722378,-0.26118229259,-0.828516722378,-0.149133010028
9.954,0.0975423724253,0.0307621751726,0.0975423724253,0.0175576270365
9.955,-0.904794068416,-0.285466687998,-0.904794068416,-0.162862932315
9.956,2.1263493559,0.671155208598,2.1263493559,0.382742884062
9.957,-0.955268578573,-0.301645727665,-0.955268578573,-0.171948344143
9.958,0.364777436078,0.115234807121,0.364777436078,0.0656599384941
9.959,0.352215170124,0.111313665019,0.352215170124,0.0633987306224
9.96,-1.32293554827,-0.418277503501,-1.32293554827,-0.238128398689
9.961,-1.17781675741,-0.372554341348,-1.17781675741,-0.212007016334
9.962,1.34882377451,0.426828954104,1.34882377451,0.242788279413
9.963,-0.362324645114,-0.114705429763,-0.362324645114,-0.0652184361205
9.964,0.0743357926522,0.0235435635295,0.0743357926522,0.0133804426774
9.965,-0.55520229403,-0.175919617231,-0.55520229403,-0.0999364129253
9.966,0.0608233369654,0.0192806973774,0.0608233369654,0.0109482006538
9.967,0.850611912471,0.269757859369,0.850611912471,0.153110144245
9.968,0.222159924284,0.0704854035851,0.222159924284,0.0399887863711
9.969,0.638682878091,0.202726370527,0.638682878091,0.114962918056
9.97,2.25250236949,0.715290405515,2.25250236949,0.405450426508
9.971,1.20759319816,0.383645973329,1.20759319816,0.217366775669
9.972,-0.403296624137,-0.128182307602,-0.403296624137,-0.0725933923447
9.973,0.138586276343,0.0440674486007,0.138586276343,0.0249455297417
9.974,0.376235120908,0.119688345551,0.376235120908,0.0677223217634
9.975,-0.558100951951,-0.177623657728,-0.558100951951,-0.100458171351
9.976,1.36991316703,0.436191568707,1.36991316703,0.246584370065
9.977,0.00216279449702,0.000688963679696,0.00216279449702,0.000389303009463
9.978,-0.356735269792,-0.113690618483,-0.356735269792,-0.0642123485626
9.979,2.26580215764,0.722434928568,2.26580215764,0.407844388376
9.98,-0.273657055283,-0.0872935647023,-0.273657055283,-0.049258269951
9.981,1.61972321986,0.516911121989,1.61972321986,0.291550179575
9.982,1.5227665453,0.486192821996,1.5227665453,0.274097978154
9.983,1.62559589472,0.51926447748,1.62559589472,0.29260726105
9.984,0.159142556287,0.0508585307364,0.159142556287,0.0286456601317
9.985,0.536757668226,0.17161603015,0.536757668226,0.0966163802806
9.986,0.773679968462,0.247482055246,0.773679968462,0.139262394323
9.987,0.811793036959,0.25979518804,0.811793036959,0.146122746653
9.988,0.56093069363,0.179596990903,0.56093069363,0.100967524853
9.989,1.95227479192,0.625367802337,1.95227479192,0.351409462546
9.99,-0.411193392859,-0.131778957198,-0.411193392859,-0.0740148107146
9.991,-0.510367121521,-0.163639688007,-0.510367121521,-0.0918660818738
9.992,-0.869591151895,-0.278950874432,-0.869591151895,-0.156526407341
9.993,0.465460760003,0.149383625324,0.465460760003,0.0837829368005
9.994,-1.25009937932,-0.401395416703,-1.25009937932,-0.225017888278
9.995,-0.866022754125,-0.278205533485,-0.866022754125,-0.155884095742
9.996,0.646378038995,0.207745815906,0.646378038995,0.116348047019
9.997,-0.285890324887,-0.0919295264561,-0.285890324887,-0.0514602584796
9.998,0.732993620068,0.23581219978,0.732993620068,0.131938851612
9.999,-0.117627923304,-0.037860613946,-0.117627923304,-0.0211730261947
10,-0.366044509044,-0.117875324772,-0.366044509044,-0.065888011628
10.001,-0.0873877501002,-0.0281547698762,-0.0873877501002,-0.015729795018
10.002,2.33439220293,0.75246845712,2.33439220293,0.420190596527
10.003,-1.01219241093,-0.32643088005,-1.01219241093,-0.182194633967
10.004,0.811668263599,0.261891280414,0.811668263599,0.146100287448
10.005,0.965938004239,0.311821941595,0.965938004239,0.173868840763
10.006,2.27806227666,0.735764082231,2.27806227666,0.410051209799
10.007,0.151953987832,0.0491022386189,0.151953987832,0.0273517178098
10.008,0.0777818334716,0.0251468847984,0.0777818334716,0.0140007300249
10.009,0.496953073764,0.160745508765,0.496953073764,0.0894515532775
10.01,-0.409861152653,-0.132641155671,-0.409861152653,-0.0737750074775
10.011,1.56602844609,0.507060619001,1.56602844609,0.281885120296
10.012,-0.346213663828,-0.112156321316,-0.346213663828,-0.062318459489
10.013,1.57431926966,0.510260910272,1.57431926966,0.283377468539
10.014,0.756768904676,0.245404951533,0.756768904676,0.136218402842
10.015,0.838297292878,0.27198144534,0.838297292878,0.150893512718
10.016,1.10666216038,0.35923451861,1.10666216038,0.199199188868
10.017,-0.332650909536,-0.108037398256,-0.332650909536,-0.0598771637165
10.018,1.16009120702,0.376964585073,1.16009120702,0.208816417264
10.019,0.40161102444,0.130568275531,0.40161102444,0.0722899843993
10.02,-0.262216927257,-0.085293709547,-0.262216927257,-0.0471990469063
10.021,0.400461095256,0.130329117884,0.400461095256,0.072082997146
10.022,-1.57240641345,-0.512001679298,-1.57240641345,-0.283033154421
10.023,0.870231975169,0.283509539172,0.870231975169,0.15664175553
10.024,-0.494404275435,-0.161154160837,-0.494404275435,-0.0889927695782
10.025,0.306359673431,0.0999121197609,0.306359673431,0.0551447412177
10.026,0.767087362081,0.250299092888,0.767087362081,0.138075725175
10.027,-0.384195092611,-0.125428068747,-0.384195092611,-0.0691551166699
10.028,0.675349275383,0.220597422948,0.675349275383,0.121562869569
10.029,-0.645016795882,-0.210801012804,-0.645016795882,-0.116103023259
10.03,0.78549542992,0.256847653735,0.78549542992,0.141389177386
10.031,0.205521505524,0.0672388194673,0.205521505524,0.0369938709943
10.032,0.276216365023,0.0904156637141,0.276216365023,0.0497189457041
10.033,0.0977789592666,0.0320237166807,0.0977789592666,0.017600212668
10.034,-1.18144847161,-0.387145091127,-1.18144847161,-0.212660724889
10.035,0.426762663262,0.139919623398,0.426762663262,0.0768172793872
10.036,0.990834461987,0.325032765077,0.990834461987,0.178350203158
10.037,1.13573743724,0.372767805947,1.13573743724,0.204432738704
10.038,1.17332037873,0.385311590651,1.17332037873,0.211197668171
10.039,1.45870171837,0.479289090267,1.45870171837,0.262566309306
10.04,-0.227286419776,-0.0747206619167,-0.227286419776,-0.0409115555597
10.041,1.71568520534,0.564340977289,1.71568520534,0.30882333696
10.042,-0.81186682985,-0.267193639834,-0.81186682985,-0.146136029373
10.043,0.748719553717,0.246546256437,0.748719553717,0.134769519669
10.044,-0.0804197956173,-0.0264960234978,-0.0804197956173,-0.0144755632111
10.045,0.26899690779,0.088675592443,0.26899690779,0.0484194434022
10.046,-1.15984391401,-0.382556875031,-1.15984391401,-0.208771904522
10.047,-0.403587838133,-0.133190963637,-0.403587838133,-0.072645810864
10.048,0.925705100511,0.30566812161,0.925705100511,0.166626918092
10.049,-0.821442550783,-0.271391386963,-0.821442550783,-0.147859659141
10.05,-0.191030242896,-0.0631484852179,-0.191030242896,-0.0343854437213
10.051,-0.854867397083,-0.282749651262,-0.854867397083,-0.153876131475
10.052,0.561493218307,0.185819343565,0.561493218307,0.101068779295
10.053,-1.05018481572,-0.347740913494,-1.05018481572,-0.18903326683
10.054,-0.373152763766,-0.123629164418,-0.373152763766,-0.0671674974779
10.055,-1.45494386492,-0.48230891412,-1.45494386492,-0.261889895685
10.056,-0.593873299654,-0.196978213332,-0.593873299654,-0.106897193938
10.057,0.0324858592797,0.0107811392916,0.0324858592797,0.00584745467034
10.058,0.848473130091,0.281744117098,0.848473130091,0.152725163416
10.059,-1.69427585554,-0.562921594217,-1.69427585554,-0.304969653997
10.06,-0.074257589159,-0.0246860846452,-0.074257589159,-0.0133663660486
10.061,-1.29210631696,-0.429791434376,-1.29210631696,-0.232579137053
10.062,0.458325564918,0.152539486911,0.458325564918,0.0824986016852
10.063,-0.00816399111979,-0.00271869174633,-0.00816399111979,-0.00146951840156
10.064,-0.269165833546,-0.0896865205561,-0.269165833546,-0.0484498500382
10.065,0.478192424049,0.159426416464,0.478192424049,0.0860746363289
10.066,-0.632388757765,-0.210956364517,-0.632388757765,-0.113829976398
10.067,1.13532573026,0.378948698122,1.13532573026,0.204358631447
10.068,-0.356885066153,-0.119190133997,-0.356885066153,-0.0642393119075
10.069,-0.0885210586781,-0.0295808787519,-0.0885210586781,-0.0159337905621
10.07,-1.77741726521,-0.594301668996,-1.77741726521,-0.319935107737
10.071,1.10480475504,0.369621066991,1.10480475504,0.198864855908
10.072,0.842495526524,0.282028470853,0.842495526524,0.151649194774
10.073,-1.1324597076,-0.379317444182,-1.1324597076,-0.203842747369
10.074,-1.95255540982,-0.654393037652,-1.95255540982,-0.351459973768
10.075,-0.707513951028,-0.237260856703,-0.707513951028,-0.127352511185
10.076,-0.645295633817,-0.216524045293,-0.645295633817,-0.116153214087
10.077,0.724676740298,0.243303626288,0.724676740298,0.130441813254
10.078,0.850704767794,0.285785712974,0.850704767794,0.153126858203
10.079,-0.552295547816,-0.185648356192,-0.552295547816,-0.0994131986069
10.08,0.584515356355,0.196595666564,0.584515356355,0.105212764144
10.081,-1.36609842933,-0.459747086644,-1.36609842933,-0.245897717279
10.082,-1.50746108666,-0.507624541534,-1.50746108666,-0.271342995598
10.083,-0.872340743819,-0.293929171134,-0.872340743819,-0.157021333887
10.084,-2.65813860189,-0.896178896302,-2.65813860189,-0.47846494834
10.085,0.289546200845,0.0976778389122,0.289546200845,0.0521183161521
10.086,-1.97804201693,-0.667690639005,-1.97804201693,-0.356047563047
10.087,0.313781115816,0.105981168209,0.313781115816,0.0564806008468
10.088,-2.02162164086,-0.683226056777,-2.02162164086,-0.363891895354
10.089,1.08091464452,0.365526700234,1.08091464452,0.194564636014
10.09,1.27007055767,0.429753311876,1.27007055767,0.22861270038
10.091,0.21914620192,0.074197543318,0.21914620192,0.0394463163455
10.092,-1.52521899989,-0.516716693676,-1.52521899989,-0.274539419981
10.093,0.549334441057,0.186218290295,0.549334441057,0.0988801993903
10.094,0.0824261117584,0.0279586406477,0.0824261117584,0.0148367001165
10.095,0.193724513478,0.0657509541098,0.193724513478,0.0348704124261
10.096,-0.163104555404,-0.0553924177431,-0.163104555404,-0.0293588199728
10.097,2.8488374848,0.968097644039,2.8488374848,0.512790747264
10.098,-0.340181675827,-0.115672512136,-0.340181675827,-0.0612327016488
10.099,-1.04806260071,-0.356594583867,-1.04806260071,-0.188651268128
10.1,0.361479111743,0.123066399763,0.361479111743,0.0650662401137
10.101,1.74567377111,0.594687278345,1.74567377111,0.314221278801
10.102,-0.000628657586471,-0.000214293745003,-0.000628657586471,-0.000113158365565
10.103,-0.90109594721,-0.30735242311,-0.90109594721,-0.162197270498
10.104,-1.50441549411,-0.513457109032,-1.50441549411,-0.270794788941
10.105,0.0128724093388,0.00439609916129,0.0128724093388,0.00231703368099
10.106,1.28546378985,0.439277789531,1.28546378985,0.231383482174
10.107,-1.08322746635,-0.370400286553,-1.08322746635,-0.194980943943
10.108,-1.94196620418,-0.66445574824,-1.94196620418,-0.349553916753
10.109,-0.939651035251,-0.321709752853,-0.939651035251,-0.169137186345
10.11,-0.112956991719,-0.038697639329,-0.112956991719,-0.0203322585093
10.111,0.382926882219,0.131268772102,0.382926882219,0.0689268387994
10.112,1.06568677698,0.365552571068,1.06568677698,0.191823619856
10.113,1.168516231,0.401079254098,1.168516231,0.21033292158
10.114,-0.560975342724,-0.19267035129,-0.560975342724,-0.10097556169
10.115,-0.366548787868,-0.125973458835,-0.366548787868,-0.0659787818163
10.116,0.307714023816,0.105820835449,0.307714023816,0.0553885242869
10.117,-0.107648562072,-0.0370432633884,-0.107648562072,-0.0193767411729
10.118,-1.05311995582,-0.362623910482,-1.05311995582,-0.189561592048
10.119,-0.224484542041,-0.0773469334882,-0.224484542041,-0.0404072175674
10.12,-0.670982838401,-0.231337805688,-0.670982838401,-0.120776910912
10.121,-1.75012247181,-0.603785465971,-1.75012247181,-0.315022044927
10.122,1.05429700327,0.363962527388,1.05429700327,0.189773460589
10.123,-1.73410962441,-0.599032253328,-1.73410962441,-0.312139732393
10.124,0.43395546902,0.150002760522,0.43395546902,0.0781119844236
10.125,-0.324049808426,-0.112084807571,-0.324049808426,-0.0583289655167
10.126,-0.423502458169,-0.146579177382,-0.423502458169,-0.0762304424703
10.127,1.74932231415,0.605854041453,1.74932231415,0.314878016546
10.128,0.0157251321557,0.00544972728978,0.0157251321557,0.00283052378803
10.129,1.13343008116,0.393059191714,1.13343008116,0.204017414609
10.13,-1.44518262172,-0.5014979592,-1.44518262172,-0.26013287191
10.131,-0.207901175602,-0.0721916656226,-0.207901175602,-0.0374222116084
10.132,0.265706550806,0.0923244044642,0.265706550806,0.0478271791451
10.133,0.373547586729,0.129880748187,0.373547586729,0.0672385656112
10.134,0.706935721045,0.245959625481,0.706935721045,0.127248429788
10.135,1.02834833276,0.358021945826,1.02834833276,0.185102699898
10.136,0.145655568173,0.0507437372035,0.145655568173,0.0262180022711
10.137,0.112755248748,0.0393077815718,0.112755248748,0.0202959447746
10.138,-0.962144143769,-0.335636178002,-0.962144143769,-0.173185945878
10.139,0.426553055391,0.148898043732,0.426553055391,0.0767795499704
10.14,-0.219734095978,-0.0767540219986,-0.219734095978,-0.039552137276
10.141,0.101400254043,0.0354430376868,0.101400254043,0.0182520457277
10.142,1.15879682024,0.405310482202,1.15879682024,0.208583427642
10.143,0.413071379659,0.144575511325,0.413071379659,0.0743528483386
10.144,0.0641286800846,0.0224600886468,0.0641286800846,0.0115431624152
10.145,2.1174169233,0.742088187201,2.1174169233,0.381135046195
10.146,-0.918060489463,-0.321966620301,-0.918060489463,-0.165250888103
10.147,-0.505746829874,-0.177485783499,-0.505746829874,-0.0910344293773
10.148,0.459101418737,0.161224235199,0.459101418737,0.0826382553727
10.149,-0.305385193093,-0.10731523714,-0.305385193093,-0.0549693347567
10.15,0.120163678258,0.0422550659778,0.120163678258,0.0216294620864
10.151,-1.01483593966,-0.35710341112,-1.01483593966,-0.182670469139
10.152,-1.10805406401,-0.39016843436,-1.10805406401,-0.199449731521
10.153,-0.45977061294,-0.162004037834,-0.45977061294,-0.0827587103292
10.154,0.319770517865,0.112750098171,0.319770517865,0.0575586932157
10.155,1.05122142986,0.370908699337,1.05122142986,0.189219857375
10.156,-1.24585685828,-0.439881494517,-1.24585685828,-0.224254234491
10.157,1.0223348784,0.36120676648,1.0223348784,0.184020278112
10.158,1.64692087443,0.582278844925,1.64692087443,0.296445757397
10.159,-0.820590840713,-0.290322665209,-0.820590840713,-0.147706351328
10.16,0.68396383939,0.242149645667,0.68396383939,0.12311349109
10.161,1.13314369551,0.40145097893,1.13314369551,0.203965865192
10.162,-0.317066883658,-0.112407599633,-0.317066883658,-0.0570720390585
10.163,0.101244495407,0.035918143514,0.101244495407,0.0182240091732
10.164,-0.796914142392,-0.282912463952,-0.796914142392,-0.143444545631
10.165,1.17688259345,0.418092315757,1.17688259345,0.211838866821
10.166,-1.32455290605,-0.470876771166,-1.32455290605,-0.23841952309
10.167,-0.849743979681,-0.30229110952,-0.849743979681,-0.152953916343
10.168,-1.13983410721,-0.405768805842,-1.13983410721,-0.205170139298
10.169,1.35597431105,0.483046131761,1.35597431105,0.244075375988
10.17,0.796233334623,0.283842907414,0.796233334623,0.143322000232
10.171,0.57080731123,0.203623626393,0.57080731123,0.102745316021
10.172,-0.71138943626,-0.253949525261,-0.71138943626,-0.128050098527
10.173,1.57861489784,0.563920581798,1.57861489784,0.284150681611
10.174,-1.54554042266,-0.552489810538,-1.54554042266,-0.278197276079
10.175,-0.0502306499829,-0.0179686420799,-0.0502306499829,-0.00904151699693
10.176,0.272018368397,0.097375039075,0.272018368397,0.0489633063114
10.177,1.96445380729,0.703711397611,1.96445380729,0.353601685312
10.178,-1.1251186163,-0.403324700777,-1.1251186163,-0.202521350935
10.179,0.420746727526,0.150932024076,0.420746727526,0.0757344109547
10.18,0.72092234463,0.258793681191,0.72092234463,0.129766022033
10.181,-0.0858287617829,-0.0308320891155,-0.0858287617829,-0.0154491771209
10.182,0.0049872642034,0.00179282456753,0.0049872642034,0.000897707556612
10.183,0.719551438751,0.25884689931,0.719551438751,0.129519258975
10.184,-0.295621784404,-0.106420095554,-0.295621784404,-0.0532119211927
10.185,0.341083716794,0.122872493717,0.341083716794,0.061395069023
10.186,-0.972174213185,-0.350464991821,-0.972174213185,-0.174991358373
10.187,-1.90276586218,-0.686425073767,-1.90276586218,-0.342497855192
10.188,1.25046955729,0.451428044617,1.25046955729,0.225084520312
10.189,-1.74851904361,-0.631675138302,-1.74851904361,-0.314733427849
10.19,0.342596604603,0.123855374218,0.342596604603,0.0616673888286
10.191,-0.0331507436353,-0.0119931658083,-0.0331507436353,-0.00596713385435
10.192,-0.21421242513,-0.0775522422447,-0.21421242513,-0.0385582365233
10.193,1.05005145831,0.38042565443,1.05005145831,0.189009262496
10.194,-0.556141354708,-0.201629601137,-0.556141354708,-0.100105443847
10.195,0.0583603519993,0.0211737246993,0.0583603519993,0.0105048633599
10.196,-0.144930425765,-0.0526198441242,-0.144930425765,-0.0260874766377
10.197,-1.29223742355,-0.469508330883,-1.29223742355,-0.23260273624
10.198,1.81194940552,0.658807330623,1.81194940552,0.326150892994
10.199,-1.18840616503,-0.432403286998,-1.18840616503,-0.213913109705
10.2,-0.189144618475,-0.0688700153581,-0.189144618475,-0.0340460313255
10.201,-1.0015762042,-0.364949398798,-1.0015762042,-0.180283716756
10.202,-0.870283285067,-0.317338031978,-0.870283285067,-0.156650991312
10.203,-0.511010810616,-0.186468191182,-0.511010810616,-0.0919819459108
10.204,0.172547376421,0.063008128326,0.172547376421,0.0310585277558
10.205,0.341827269506,0.124913343201,0.341827269506,0.0615289085111
10.206,-1.85285096053,-0.677574226478,-1.85285096053,-0.333513172895
10.207,0.376368784375,0.137735093541,0.376368784375,0.0677463811876
10.208,-0.687049560458,-0.25161356658,-0.687049560458,-0.123668920882
10.209,-1.70541718385,-0.62501717494,-1.70541718385,-0.306975093094
10.21,0.91729290543,0.336422499215,0.91729290543,0.165112722977
10.211,-0.442810098194,-0.162521396922,-0.442810098194,-0.0797058176749
10.212,-0.654361940194,-0.240340767194,-0.654361940194,-0.117785149235
10.213,0.0551018993896,0.020253156134,0.0551018993896,0.00991834189013
10.214,0.54456091341,0.200304028404,0.54456091341,0.0980209644138
10.215,0.750101960525,0.276109239609,0.750101960525,0.135018352895
10.216,1.08952355082,0.40134238529,1.08952355082,0.196114239148
10.217,-0.107947645338,-0.0397932753783,-0.107947645338,-0.0194305761609
10.218,-0.493541556252,-0.182070124862,-0.493541556252,-0.0888374801254
10.219,0.734959918847,0.271329746718,0.734959918847,0.132292785393
10.22,0.989234852503,0.3654704701,0.989234852503,0.178062273451
10.221,0.705472972914,0.260827110166,0.705472972914,0.126985135124
10.222,-1.00062558454,-0.370223306118,-1.00062558454,-0.180112605216
10.223,1.659560342,0.614476583176,1.659560342,0.29872086156
10.224,-1.24438932736,-0.461093539855,-1.24438932736,-0.223990078924
10.225,0.307496546953,0.114023352537,0.307496546953,0.0553493784516
10.226,-0.168566449582,-0.0625526677534,-0.168566449582,-0.0303419609247
10.227,-2.77117673514,-1.02910664929,-2.77117673514,-0.498811812325
10.228,-0.744190578133,-0.276568120794,-0.744190578133,-0.133954304064
10.229,-0.670856021273,-0.249499334776,-0.670856021273,-0.120754083829
10.23,-0.740112435862,-0.275461060687,-0.740112435862,-0.133220238455
10.231,-0.731634348373,-0.272508070311,-0.731634348373,-0.131694182707
10.232,-0.124044925102,-0.0462367579584,-0.124044925102,-0.0223280865183
10.233,-2.08128184955,-0.776359162662,-2.08128184955,-0.374630732919
10.234,1.5249937827,0.569276940494,1.5249937827,0.274498880887
10.235,0.168824923329,0.0630690272359,0.168824923329,0.0303884861993
10.236,-0.306764942323,-0.114685805021,-0.306764942323,-0.0552176896181
10.237,-0.974854283146,-0.364727350424,-0.974854283146,-0.175473770966
10.238,-0.777044658506,-0.2909374368,-0.777044658506,-0.139868038531
10.239,1.00448543369,0.376376576301,1.00448543369,0.180807378064
10.24,-0.70198770144,-0.263229206897,-0.70198770144,-0.126357786259
10.241,-0.96370318898,-0.361637790096,-0.96370318898,-0.173466574016
10.242,-2.36897790753,-0.88964710517,-2.36897790753,-0.426416023356
10.243,-0.746988267809,-0.280735346991,-0.746988267809,-0.134457888206
10.244,0.270066853619,0.10157374522,0.270066853619,0.0486120336513
10.245,-0.45496292424,-0.171243209339,-0.45496292424,-0.0818933263632
10.246,0.622129435305,0.234339542198,0.622129435305,0.111983298355
10.247,0.974372936156,0.367297369965,0.974372936156,0.175387128508
10.248,0.955033591466,0.360279319796,0.955033591466,0.171906046464
10.249,0.566026209125,0.213690694042,0.566026209125,0.101884717642
10.25,1.18634817887,0.448218644272,1.18634817887,0.213542672197
10.251,-0.910362206682,-0.344207991443,-0.910362206682,-0.163865197203
10.252,2.01978289744,0.764259236553,2.01978289744,0.363560921539
10.253,0.546562226281,0.206968947654,0.546562226281,0.0983812007306
10.254,1.59416588726,0.604127987781,1.59416588726,0.286949859707
10.255,0.805482700459,0.305479324389,0.805482700459,0.144986886083
10.256,0.579920133955,0.220102128579,0.579920133955,0.104385624112
10.257,2.00447901382,0.761356940819,2.00447901382,0.360806222488
10.258,0.25353506921,0.0963731088244,0.25353506921,0.0456363124578
10.259,1.1444618538,0.435361950351,1.1444618538,0.206003133684
10.26,-1.77981813627,-0.677573453094,-1.77981813627,-0.320367264529
10.261,1.65872988058,0.631958142753,1.65872988058,0.298571378504
10.262,0.666605164012,0.254163683162,0.666605164012,0.119988929522
10.263,1.778249075,0.678531277702,1.778249075,0.320084833501
10.264,0.476959456382,0.182134192374,0.476959456382,0.0858527021487
10.265,-0.26563051212,-0.101512845326,-0.26563051212,-0.0478134921816
10.266,0.0127656927284,0.00488225802373,0.0127656927284,0.00229782469111
10.267,0.806128904146,0.308542086483,0.806128904146,0.145103202746
10.268,0.246355039431,0.0943637570229,0.246355039431,0.0443439070975
10.269,0.183344874343,0.0702824149648,0.183344874343,0.0330020773817
10.27,-0.744452250815,-0.285594048966,-0.744452250815,-0.134001405147
10.271,0.518320875106,0.198996612248,0.518320875106,0.0932977575191
10.272,1.08430641128,0.416614092582,1.08430641128,0.19517515403
10.273,0.154737298326,0.0594993414765,0.154737298326,0.0278527136988
10.274,1.13007276805,0.43486959727,1.13007276805,0.20341309825
10.275,0.583002704292,0.224522030427,0.583002704292,0.104940486772
10.276,-0.597136565042,-0.230143163801,-0.597136565042,-0.107484581708
10.277,0.294624241451,0.113639464346,0.294624241451,0.0530323634612
10.278,0.666005398854,0.257083972094,0.666005398854,0.119880971794
10.279,-0.363425596722,-0.140394332961,-0.363425596722,-0.0654166074099
10.28,-0.190516115436,-0.0736551060021,-0.190516115436,-0.0342929007784
10.281,0.891033130441,0.3447484555,0.891033130441,0.160385963479
10.282,0.118000903222,0.0456910778691,0.118000903222,0.0212401625799
10.283,0.00255377431223,0.00098961538569,0.00255377431223,0.000459679376202
10.284,0.066107011091,0.0256371388567,0.066107011091,0.0118992619964
10.285,1.88507033609,0.731624024248,1.88507033609,0.339312660497
10.286,-0.174443085419,-0.0677567828291,-0.174443085419,-0.0313997553754
10.287,-1.36627561712,-0.531099884677,-1.36627561712,-0.245929611082
10.288,0.156712291948,0.0609649293694,0.156712291948,0.0282082125507
10.289,0.477968259321,0.186086746888,0.477968259321,0.0860342866778
10.29,0.533883411846,0.20801872825,0.533883411846,0.0960990141324
10.291,-0.416049870376,-0.162233774262,-0.416049870376,-0.0748889766677
10.292,-0.804630003219,-0.314001860509,-0.804630003219,-0.144833400579
10.293,0.921053804621,0.359717331513,0.921053804621,0.165789684832
10.294,0.47649118097,0.186239517136,0.47649118097,0.0857684125747
10.295,-1.70042785449,-0.665144541402,-1.70042785449,-0.306077013809
10.296,-1.86345803703,-0.729488636339,-1.86345803703,-0.335422446666
10.297,0.485692968717,0.190283908516,0.485692968717,0.087424734369
10.298,-1.62297044974,-0.636344701805,-1.62297044974,-0.292134680954
10.299,0.210478535291,0.0825907565002,0.210478535291,0.0378861363523
10.3,-0.277596995302,-0.109013539443,-0.277596995302,3.75003254085
10.301,1.23315409839,0.484646760563,1.23315409839,3.64196773771
10.302,0.626388230113,0.246373544132,0.626388230113,3.19074988142
10.303,0.390574401854,0.153743587473,0.390574401854,2.84050339233
10.304,1.95428584862,0.7698822484,1.95428584862,2.84495145275
10.305,0.879593330139,0.346785844486,0.879593330139,2.40218879943
10.306,0.753698605984,0.29738604923,0.753698605984,2.15514154908
10.307,2.72960266271,1.07786901162,2.72960266271,2.30885669929
10.308,-2.44760565367,-0.96727931829,-2.44760565367,1.19520638034
10.309,0.464239138914,0.183610001386,0.464239138914,1.5557609032
10.31,-0.542290843215,-0.214650154623,-0.542290843215,1.2273657206
10.311,-0.726788381748,-0.287906511251,-0.726788381748,1.06165835643
10.312,-0.472281933446,-0.187236124056,-0.472281933446,0.988221490607
10.313,-0.04323717177,-0.0171549954983,-0.04323717177,0.958126323846
10.314,0.412584314307,0.163829189971,0.412584314307,0.943583289864
10.315,0.232251580019,0.0922959635643,0.232251580019,0.824191586363
10.316,-0.0328456527783,-0.0130631407523,-0.0328456527783,0.698235454264
10.317,0.0969031311258,0.0385703352304,0.0969031311258,0.65117546819
10.318,-0.80182707515,-0.319405529549,-0.80182707515,0.426030740602
10.319,1.68411844033,0.671398967729,1.68411844033,0.816464971976
10.32,0.654878396509,0.261285458083,0.654878396509,0.579869398816
10.321,0.274504876432,0.109610305785,0.274504876432,0.465203036457
10.322,0.635629054351,0.254010708883,0.635629054351,0.488626172613
10.323,-1.35494643231,-0.541898042447,-1.35494643231,0.0929012907314
10.324,0.0464276118512,0.018583143486,0.0464276118512,0.311469453825
10.325,-1.19295042646,-0.477873357441,-1.19295042646,0.0580701585607
10.326,-0.0211561037914,-0.00848152414812,-0.0211561037914,0.241713013108
10.327,-0.893096322721,-0.358331108106,-0.893096322721,0.0602116625217
10.328,-0.66559071907,-0.267264742378,-0.66559071907,0.0790657711178
10.329,-1.60507373276,-0.645026866793,-1.60507373276,-0.109928381401
10.33,-0.712898829678,-0.286720882179,-0.712898829678,0.0327646121038
10.331,-1.57909807446,-0.635607967372,-1.57909807446,-0.139259892102
10.332,0.185225047725,0.0746154820666,0.185225047725,0.163820493762
10.333,0.711855838238,0.28699246103,0.711855838238,0.245566037537
10.334,1.06243124833,0.428675510114,1.06243124833,0.296926412688
10.335,-0.457267420999,-0.18464931209,-0.457267420999,0.0128117734099
10.336,0.796853748133,0.322037053514,0.796853748133,0.229041592935
10.337,1.61450468936,0.653005019775,1.61450468936,0.367657970528
10.338,-0.602987805808,-0.244082091075,-0.602987805808,-0.0391953912462
10.339,-1.57940813871,-0.639841088169,-1.57940813871,-0.221885292548
10.34,-0.95183200301,-0.385912294514,-0.95183200301,-0.115162405364
10.341,1.7730873886,0.719464218454,1.7730873886,0.369706349607
10.342,1.27343112589,0.517136813176,1.27343112589,0.274713160353
10.343,1.30506082243,0.530410201,1.30506082243,0.275856949963
10.344,1.9940472794,0.811087809363,1.9940472794,0.395779912024
10.345,-0.0589168863116,-0.0239841151793,-0.0589168863116,0.0225612220226
10.346,-0.815800604424,-0.332368312429,-0.815800604424,-0.116994473393
10.347,0.506926818884,0.206696305698,0.506926818884,0.118111499262
10.348,-0.208400249472,-0.0850428329769,-0.208400249472,-0.0133338402286
10.349,2.27309151032,0.928343332782,2.27309151032,0.430916856066
10.35,-0.203992005393,-0.0833791084837,-0.203992005393,-0.0171342151829
10.351,-0.540811794387,-0.221229393601,-0.540811794387,-0.0797202117807
10.352,1.85498325264,0.759432919598,1.85498325264,0.349760305564
10.353,1.58761679067,0.650501101036,1.58761679067,0.3000480104
10.354,-1.02490219982,-0.420279182753,-1.02490219982,-0.171633106696
10.355,-0.399403078176,-0.163915542679,-0.399403078176,-0.0603281937275
10.356,-0.278020125651,-0.11419271801,-0.278020125651,-0.0396356983074
10.357,0.179278741892,0.0736961140439,0.179278741892,0.0416373054195
10.358,-1.12626934263,-0.46335285444,-1.12626934263,-0.194298062983
10.359,-1.17065882049,-0.48200759151,-1.17065882049,-0.203131210866
10.36,-1.51455709632,-0.624113118063,-1.51455709632,-0.265791638197
10.361,0.165667137789,0.0683232191763,0.165667137789,0.0359658600278
10.362,-0.717520230637,-0.296156015715,-0.717520230637,-0.123622443811
10.363,-0.169926581616,-0.0701943812078,-0.169926581616,-0.025608706758
10.364,1.02064694453,0.421960067456,1.02064694453,0.188196720155
10.365,-0.017574892177,-0.00727182517266,-0.017574892177,0.000868762533721
10.366,-0.190596771353,-0.0789262388032,-0.190596771353,-0.0306784000306
10.367,-0.371119430981,-0.153806549435,-0.371119430981,-0.0635353806448
10.368,1.54588375721,0.641199826834,1.54588375721,0.281198581537
10.369,0.0649539970535,0.0269636094772,0.0649539970535,0.0143372741843
10.37,0.551132266983,0.228972711554,0.551132266983,0.1015848073
10.371,1.08016015869,0.449129871525,1.08016015869,0.196571727884
10.372,-0.147707943024,-0.0614672365937,-0.147707943024,-0.0246588203574
10.373,0.385732210826,0.160650451655,0.385732210826,0.071167546397
10.374,0.862848922522,0.359655879173,0.862848922522,0.156874979657
10.375,0.549672228425,0.229304568834,0.549672228425,0.10034695736
10.376,-0.497634360969,-0.207766695875,-0.497634360969,-0.0883088243556
10.377,-0.780682190802,-0.326209537839,-0.780682190802,-0.139383969787
10.378,1.3601693213,0.568816670376,1.3601693213,0.245855419934
10.379,1.00771684105,0.421769297759,1.00771684105,0.18231147928
10.38,-2.58511216354,-1.0828619373,-2.58511216354,-0.464489986334
10.381,1.60597586272,0.6732713088,1.60597586272,0.289822838081
10.382,-0.26136153029,-0.109660519449,-0.26136153029,-0.0463726109396
10.383,-0.880427575375,-0.369708941675,-0.880427575375,-0.157871745506
10.384,0.917199949267,0.385467853642,0.917199949267,0.165640687123
10.385,1.04818858913,0.440881156822,1.04818858913,0.189164172673
10.386,0.119313544344,0.0502261585683,0.119313544344,0.0219176419487
10.387,1.04638766676,0.440850231941,1.04638766676,0.188746863586
10.388,-0.0957945991669,-0.0403922335531,-0.0957945991669,-0.016885652637
10.389,2.96994387342,1.25332472094,2.96994387342,0.534911534907
10.39,0.117378081235,0.0495748061923,0.117378081235,0.0214175285449
10.391,0.644016193834,0.27222599695,0.644016193834,0.11618344142
10.392,0.150066627623,0.063485691676,0.150066627623,0.0272464668494
10.393,1.16156685039,0.491807330918,1.16156685039,0.209293059561
10.394,0.399987118274,0.169494644864,0.399987118274,0.0721876051299
10.395,-0.626967452202,-0.265897522262,-0.626967452202,-0.11268320994
10.396,-1.15554626298,-0.490474100751,-1.15554626298,-0.207844489025
10.397,0.871760776138,0.370327226722,0.871760776138,0.157055394185
10.398,-1.88035597335,-0.799444089337,-1.88035597335,-0.338339466171
10.399,1.09994271856,0.468034557891,1.09994271856,0.198101837469
10.4,1.20908385183,0.514901584227,1.20908385183,0.217736026645
10.401,-1.93975012071,-0.826748992676,-1.93975012071,-0.349064181744
10.402,-0.148962492385,-0.0635426057094,-0.148962492385,-0.0267314926435
10.403,-2.82712147946,-1.20696002292,-2.82712147946,-0.508808285916
10.404,-0.836297569489,-0.357330178828,-0.836297569489,-0.15046734016
10.405,-1.05982067017,-0.453212432263,-1.05982067017,-0.190708120516
10.406,0.0299232346374,0.0128067417966,0.0299232346374,0.005439822337
10.407,-1.16645910392,-0.499643724715,-1.16645910392,-0.209914362613
10.408,-0.523910795914,-0.224599709394,-0.523910795914,-0.0942604947817
10.409,0.782306661788,0.335652517614,0.782306661788,0.140854302756
10.41,0.313261494106,0.13451820053,0.313261494106,0.0564222622102
10.411,-0.358775025257,-0.154190460559,-0.358775025257,-0.0645478306022
10.412,1.0819895723,0.465392905349,1.0819895723,0.194786629563
10.413,-0.164717911657,-0.0709086152377,-0.164717911657,-0.0296235682037
10.414,0.341010152299,0.146922087465,0.341010152299,0.061404917719
10.415,-0.55999109385,-0.241469685595,-0.55999109385,-0.100777615618
10.416,-0.881976399438,-0.380627607603,-0.881976399438,-0.158737048752
10.417,0.0638817276583,0.0275919190325,0.0638817276583,0.011515543811
10.418,-0.107557471347,-0.0464951740402,-0.107557471347,-0.0193451952932
10.419,0.627033693301,0.27128158789,0.627033693301,0.112879699388
10.42,0.718461170418,0.311096406287,0.718461170418,0.12933528181
10.421,0.82714863199,0.358457445132,0.82714863199,0.14889779778
10.422,0.164164006943,0.0712023705768,0.164164006943,0.0295594608689
10.423,-0.301276567858,-0.13078093163,-0.301276567858,-0.0542208365572
10.424,-1.99746694703,-0.867803379412,-1.99746694703,-0.359535999373
10.425,-1.23871650877,-0.538612496647,-1.23871650877,-0.222961725597
10.426,0.341381815722,0.148562003572,0.341381815722,0.0614552482141
10.427,1.16947123469,0.509354175271,1.16947123469,0.21051069149
10.428,-0.513953500281,-0.224035692996,-0.513953500281,-0.0925063477293
10.429,0.759458520357,0.331329879467,0.759458520357,0.136707287753
10.43,-1.87403501154,-0.81827163468,-1.87403501154,-0.337322023398
10.431,-0.286342050667,-0.125131967914,-0.286342050667,-0.051537718308
10.432,2.12441878824,0.929151898544,2.12441878824,0.382398847614
10.433,-1.02170858505,-0.447236419253,-1.02170858505,-0.183904426152
10.434,-1.13257576373,-0.496182004052,-1.13257576373,-0.203860830229
10.435,-1.31831458438,-0.578038171598,-1.31831458438,-0.23729409867
10.436,-1.16815450318,-0.512627094114,-1.16815450318,-0.210265536706
10.437,0.797518177078,0.35027226865,0.797518177078,0.143555318354
10.438,0.519372635959,0.228301210055,0.519372635959,0.0934889163042
10.439,0.696867468518,0.30657971162,0.696867468518,0.125437801982
10.44,-0.757333343292,-0.333460545169,-0.757333343292,-0.136318509909
10.441,-0.45026881334,-0.19842367476,-0.45026881334,-0.081047043706
10.442,0.861790794117,0.380091185608,0.861790794117,0.155123551367
10.443,-1.24273120024,-0.54856432478,-1.24273120024,-0.22369052846
10.444,-1.01919078479,-0.450267229145,-1.01919078479,-0.183453362437
10.445,-0.77412494847,-0.342287067203,-0.77412494847,-0.139341609782
10.446,-0.233132488255,-0.103168443993,-0.233132488255,-0.0419630550378
10.447,0.380280833999,0.168427597658,0.380280833999,0.068451263683
10.448,-0.40495039857,-0.179504549879,-0.40495039857,-0.0728904295356
10.449,-2.08644680777,-0.925647940493,-2.08644680777,-0.375559847412
10.45,0.80081579775,0.355579014976,0.80081579775,0.144147363783
10.451,-0.075347294764,-0.0334839125858,-0.075347294764,-0.0135620448887
10.452,2.42118893516,1.0768676623,2.42118893516,0.435814429681
10.453,0.551527154503,0.245508056789,0.551527154503,0.0992752670274
10.454,0.75166259814,0.334878339132,0.75166259814,0.13529960896
10.455,-0.384009540364,-0.171226693429,-0.384009540364,-0.0691214100999
10.456,0.871952443518,0.389123685052,0.871952443518,0.156951716282
10.457,-1.64559431823,-0.734992873072,-1.64559431823,-0.296206728478
10.458,-0.256068219716,-0.11446733774,-0.256068219716,-0.0460920556252
10.459,1.01131586366,0.452458071316,1.01131586366,0.182037056991
10.46,-1.30192242496,-0.582964777656,-1.30192242496,-0.234345855115
10.461,-0.858225382205,-0.384613317489,-0.858225382205,-0.154480405557
10.462,-0.425521879297,-0.190858136671,-0.425521879297,-0.0765937913571
10.463,-1.34979498512,-0.605930035472,-1.34979498512,-0.242962965096
10.464,-0.0136244818246,-0.00612125701547,-0.0136244818246,-0.00245228772618
10.465,-0.118745103486,-0.0533952156781,-0.118745103486,-0.0213740115254
10.466,1.02075687894,0.459383113111,1.02075687894,0.183736334602
10.467,0.643888922012,0.290021238229,0.643888922012,0.115900092715
10.468,0.673464585335,0.303598632422,0.673464585335,0.121223703438
10.469,0.300715331073,0.135677201285,0.300715331073,0.0541288298628
10.47,0.26149310451,0.118080413517,0.26149310451,0.0470688220546
10.471,0.710458090008,0.321086808853,0.710458090008,0.12788251312
10.472,0.452272052392,0.204573881221,0.452272052392,0.0814090206572
10.473,0.654261975005,0.296188779753,0.654261975005,0.117767201605
10.474,0.22627095695,0.102520869434,0.22627095695,0.0407288137445
10.475,1.17372739451,0.532252006629,1.17372739451,0.211270968356
10.476,-1.63655223221,-0.742756721119,-1.63655223221,-0.294579368189
10.477,-0.521767176011,-0.237006458089,-0.521767176011,-0.0939180614332
10.478,-0.408836501148,-0.185865954603,-0.408836501148,-0.0735905429828
10.479,0.402887420985,0.183316138701,0.402887420985,0.0725197602788
10.48,1.17322905539,0.53427722581,1.17322905539,0.211181252022
10.481,-1.71725256158,-0.782681257708,-1.71725256158,-0.309105441237
10.482,-0.163357976558,-0.0745174636238,-0.163357976558,-0.0294044179189
10.483,-0.791040596672,-0.361146571649,-0.791040596672,-0.142387291326
10.484,0.582338036827,0.266089007941,0.582338036827,0.104820861097
10.485,-1.76134394933,-0.805495366067,-1.76134394933,-0.317041897859
10.486,0.177116278484,0.0810670736565,0.177116278484,0.0318809418461
10.487,0.226381741125,0.103703783503,0.226381741125,0.0407487239496
10.488,-0.249505832311,-0.114393444882,-0.249505832311,-0.0449110403236
10.489,-0.0383000039352,-0.0175746437048,-0.0383000039352,-0.00689399216518
10.49,0.975128348187,0.447833737912,0.975128348187,0.175523110362
10.491,0.187061844337,0.0859820102982,0.187061844337,0.0336711389005
10.492,-1.20453450831,-0.554126635594,-1.20453450831,-0.216816205268
10.493,0.959317605199,0.441692098787,0.959317605199,0.172677174541
10.494,0.160797526692,0.0740975851932,0.160797526692,0.0289435598492
10.495,-2.12284313587,-0.979061800892,-2.12284313587,-0.382111759916
10.496,-0.066144745045,-0.030531989084,-0.066144745045,-0.0119060500219
10.497,0.277863535326,0.128368626285,0.277863535326,0.0500154400361
10.498,0.318621490775,0.147322819578,0.318621490775,0.0573518716493
10.499,0.0254561686171,0.0117802810108,0.0254561686171,0.00458211332989
10.5,1.3534019318,0.626840562252,1.3534019318,0.243612350404
10.501,0.550313401283,0.255098619945,0.550313401283,0.0990564146438
10.502,2.18695081496,1.01462320029,2.18695081496,0.393651148863
10.503,0.649486628901,0.301580857145,0.649486628901,0.116907595157
10.504,-0.214533986807,-0.0997005316537,-0.214533986807,-0.0386161158662
10.505,1.20395852177,0.559990602766,1.20395852177,0.216712535502
10.506,-1.75259899199,-0.815867519474,-1.75259899199,-0.315467817134
10.507,-1.09481920557,-0.510090685805,-1.09481920557,-0.19706745572
10.508,0.0715217398282,0.0333511630524,0.0715217398282,0.0128739143231
10.509,-0.395796266918,-0.184719421606,-0.395796266918,-0.0712433270066
10.51,0.99021284444,0.462527330896,0.99021284444,0.178238312934
10.511,-1.91324334356,-0.894431445582,-1.91324334356,-0.344383801
10.512,1.6200301466,0.757997846321,1.6200301466,0.291605427146
10.513,1.01777258124,0.476610573028,1.01777258124,0.183199065304
10.514,-0.433177697388,-0.20302386275,-0.433177697388,-0.0779719849165
10.515,0.622076712605,0.291805206032,0.622076712605,0.111973808821
10.516,-0.0576884629317,-0.027083586472,-0.0576884629317,-0.0103839228309
10.517,-0.439830331747,-0.206666705772,-0.439830331747,-0.0791694592673
10.518,2.43243767716,1.1439188492,2.43243767716,0.437838782292
10.519,0.571217199544,0.268857986624,0.571217199544,0.10281909628
10.52,1.44944992167,0.682799305718,1.44944992167,0.260900986226
10.521,1.87579792694,0.884390590887,1.87579792694,0.337643627142
10.522,-1.65071774844,-0.778931209025,-1.65071774844,-0.297129194456
10.523,1.33845204882,0.63211680771,1.33845204882,0.240921369026
10.524,-1.52674871588,-0.721656182315,-1.52674871588,-0.274814768644
10.525,1.0767168281,0.509369033826,1.0767168281,0.193809029251
10.526,1.26500111802,0.598949526901,1.26500111802,0.227700201416
10.527,0.0709624444905,0.0336276233817,0.0709624444905,0.0127732401642
10.528,-0.330295744544,-0.156653061744,-0.330295744544,-0.0594532338776
10.529,1.19423778909,0.566885085276,1.19423778909,0.214962802163
10.53,-0.459853771052,-0.218470245143,-0.459853771052,-0.0827736786758
10.531,0.222142335646,0.105626334468,0.222142335646,0.0399856205185
10.532,-0.842713785449,-0.401041497192,-0.842713785449,-0.151688481289
10.533,-0.876395345398,-0.417424200552,-0.876395345398,-0.157751162089
10.534,0.391931210383,0.186833936572,0.391931210383,0.0705476179435
10.535,0.20494801248,0.0977817907935,0.20494801248,0.0368906423136
10.536,0.353418244832,0.168760812162,0.353418244832,0.0636152841301
10.537,0.102288085502,0.0488850496934,0.102288085502,0.0184118554447
10.538,-0.912446260712,-0.436442143728,-0.912446260712,-0.164240326879
10.539,-0.911526383044,-0.436372129066,-0.911526383044,-0.164074748904
10.54,-0.221225246415,-0.105996329811,-0.221225246415,-0.0398205443151
10.541,0.910916064823,0.436820369826,0.910916064823,0.163964891704
10.542,0.638256441666,0.306328997046,0.638256441666,0.114886159532
10.543,-0.479767212001,-0.230458031621,-0.479767212001,-0.0863580981313
10.544,0.279473027008,0.134359866487,0.279473027008,0.0503051448875
10.545,-0.140153140352,-0.0674374092408,-0.140153140352,-0.0252275652399
10.546,-1.09050956823,-0.525165154372,-1.09050956823,-0.19629172226
10.547,1.57530763645,0.759276877872,1.57530763645,0.28355537458
10.548,0.0685710012211,0.0330783362846,0.0685710012211,0.0123427802369
10.549,-1.56086297481,-0.753592058094,-1.56086297481,-0.28095533545
10.55,-0.71437608142,-0.345196831651,-0.71437608142,-0.128587694642
10.551,-0.745906938226,-0.360738835179,-0.745906938226,-0.134263248868
10.552,1.45904076071,0.706226526593,1.45904076071,0.26262733694
10.553,-0.381885171939,-0.185002560528,-0.381885171939,-0.0687393309389
10.554,-0.585956090646,-0.284104655867,-0.585956090646,-0.105472096307
10.555,-0.635650138463,-0.308460636131,-0.635650138463,-0.114417024915
10.556,-0.633007515711,-0.307438878305,-0.633007515711,-0.113941352821
10.557,0.258912682716,0.125855312302,0.258912682716,0.0466042828955
10.558,1.64936734514,0.802424009332,1.64936734514,0.296886122132
10.559,-0.440597891126,-0.214534538892,-0.440597891126,-0.0793076203974
10.56,-0.865035615562,-0.421557740426,-0.865035615562,-0.155706410796
10.561,1.34465786245,0.6558479028,1.34465786245,0.242038415246
10.562,-1.68810823654,-0.824061971887,-1.68810823654,-0.303859482573
10.563,0.876849384203,0.428403309395,0.876849384203,0.15783288916
10.564,-0.109433219109,-0.0535112636711,-0.109433219109,-0.0196979794365
10.565,0.746755002194,0.365462123704,0.746755002194,0.134415900398
10.566,-0.271605634374,-0.133036617006,-0.271605634374,-0.0488890141848
10.567,0.878361647043,0.430599924678,0.878361647043,0.15810509647
10.568,0.42725578683,0.209631570737,0.42725578683,0.0769060416316
10.569,-0.926000588531,-0.454724264171,-0.926000588531,-0.166680105934
10.57,-0.197272327084,-0.0969552088095,-0.197272327084,-0.0355090188735
10.571,-0.669905647267,-0.329523741161,-0.669905647267,-0.120583016507
10.572,-0.327669223611,-0.161315758592,-0.327669223611,-0.0589804602486
10.573,0.633518978233,0.312153941399,0.633518978233,0.114033416083
10.574,0.241030991082,0.11886393645,0.241030991082,0.0433855783958
10.575,-0.0194934935792,-0.00962132551032,-0.0194934935792,-0.00350882884326
10.576,0.207215580165,0.102361258782,0.207215580165,0.0372988044307
10.577,1.22360160319,0.604952406201,1.22360160319,0.220248288575
10.578,-1.5303315706,-0.75724191252,-1.5303315706,-0.275459682707
10.579,-0.51946008744,-0.25725818406,-0.51946008744,-0.0935028157386
10.58,-1.83755652575,-0.910805420348,-1.83755652575,-0.330760174634
10.581,-0.279651275189,-0.138729736105,-0.279651275189,-0.0503372295334
10.582,-0.000945350381736,-0.000469367905348,-0.000945350381736,-0.000170163068238
10.583,0.241410903281,0.119962434031,0.241410903281,0.043453962591
10.584,-0.174361322991,-0.0867174137406,-0.174361322991,-0.031385038138
10.585,-0.0393094541358,-0.0195668501334,-0.0393094541358,-0.00707570174409
10.586,-0.568710385538,-0.28332361805,-0.568710385538,-0.102367869397
10.587,0.532690376756,0.265603720901,0.532690376756,0.0958842678164
10.588,-0.253388525078,-0.12644856348,-0.253388525078,-0.0456099345138
10.589,-0.814143572704,-0.406626403941,-0.814143572704,-0.146545843086
10.59,0.364567873848,0.182238679918,0.364567873848,0.0656222172928
10.591,-1.12357495191,-0.56212353582,-1.12357495191,-0.202243491344
10.592,0.267016325994,0.133701123856,0.267016325994,0.0480629386791
10.593,-0.47039273233,-0.235735686212,-0.47039273233,-0.0846706918193
10.594,0.649008570023,0.325523699315,0.649008570023,0.116821542604
10.595,-0.5575331418,-0.279878981834,-0.5575331418,-0.100355965524
10.596,-1.01040023401,-0.507645352644,-1.01040023401,-0.181872042122
10.597,-0.752461034546,-0.378371428528,-0.752461034546,-0.135442986218
10.598,-0.881385421047,-0.443575434898,-0.881385421047,-0.158649375788
10.599,0.21649295211,0.109046731743,0.21649295211,0.0389687313798
10.6,-1.98852655021,-1.00246106325,-1.98852655021,-0.357934779039
10.601,-0.962562506684,-0.485659903004,-0.962562506684,-0.173261251203
10.602,0.408356184848,0.20620993884,0.408356184848,0.0735041132727
10.603,1.08748946856,0.549620120521,1.08748946856,0.19574810434
10.604,1.42610021816,0.721364349764,1.42610021816,0.256698039269
10.605,0.0218439436836,0.0110586649753,0.0218439436836,0.00393190986309
10.606,0.826633861457,0.418843543907,0.826633861457,0.148794095062
10.607,1.59322090166,0.807944571811,1.59322090166,0.286779762299
10.608,-0.187815656283,-0.0953244390491,-0.187815656283,-0.0338068181309
10.609,0.23413280881,0.118932785576,0.23413280881,0.0421439055858
10.61,-0.500380864657,-0.254393970136,-0.500380864657,-0.0900685556382
10.611,-1.70046797349,-0.865249456569,-1.70046797349,-0.306084235228
10.612,-1.40894795226,-0.717520875022,-1.40894795226,-0.253610631408
10.613,1.70199739985,0.8674913396,1.70199739985,0.306359531972
10.614,-0.0637893734768,-0.0325402743096,-0.0637893734768,-0.0114820872258
10.615,0.183122184244,0.0934932812613,0.183122184244,0.032961993164
10.616,1.45496598631,0.743462047392,1.45496598631,0.261893877535
10.617,-1.60543355004,-0.821040855129,-1.60543355004,-0.288978039007
10.618,-0.782469017113,-0.400503213194,-0.782469017113,-0.14084442308
10.619,-0.37451744602,-0.191856835999,-0.37451744602,-0.0674131402837
10.62,2.22028552845,1.13836195349,2.22028552845,0.399651395121
10.621,-1.417463354,-0.727360396882,-1.417463354,-0.25514340372
10.622,-1.62913497893,-0.836683288053,-1.62913497893,-0.293244296208
10.623,1.91570000145,0.984685827754,1.91570000145,0.344826000262
10.624,-0.328832367585,-0.169165133281,-0.328832367585,-0.0591898261653
10.625,-1.99682285643,-1.02811545791,-1.99682285643,-0.359428114157
10.626,0.192120740209,0.0990016881375,0.192120740209,0.0345817332376
10.627,-0.726853009804,-0.374870172169,-0.726853009804,-0.130833541765
10.628,-0.820757728117,-0.423657755366,-0.820757728117,-0.147736391061
10.629,0.845608867007,0.43685321846,0.845608867007,0.152209596061
10.63,0.137483432014,0.0710856845945,0.137483432014,0.0247470177626
10.631,0.535530007972,0.277128577625,0.535530007972,0.0963954014349
10.632,0.123906100509,0.064173518121,0.123906100509,0.0223030980915
10.633,-0.137688645379,-0.0713718387692,-0.137688645379,-0.0247839561681
10.634,0.186444174701,0.0967259751439,0.186444174701,0.0335599514461
10.635,1.11921007173,0.58112744608,1.11921007173,0.201457812911
10.636,0.503301630001,0.261549282697,0.503301630001,0.0905942934002
10.637,-1.14629852901,-0.596194944634,-1.14629852901,-0.206333735222
10.638,-0.405281284634,-0.210965966217,-0.405281284634,-0.0729506312341
10.639,-0.518335957527,-0.270042687127,-0.518335957527,-0.0933004723549
10.64,-0.739008754816,-0.38533267517,-0.739008754816,-0.133021575867
10.641,0.391468413319,0.204290460303,0.391468413319,0.0704643143975
10.642,1.08399635708,0.566166576391,1.08399635708,0.195119344275
10.643,0.662762678689,0.346449092179,0.662762678689,0.119297282164
10.644,1.74000360475,0.910324946984,1.74000360475,0.313200648855
10.645,0.896051109139,0.469184791281,0.896051109139,0.161289199645
10.646,2.14293867898,1.12301529008,2.14293867898,0.385728962216
10.647,-0.0352661583339,-0.0184968933799,-0.0352661583339,-0.0063479085001
10.648,1.11331854665,0.584419544395,1.11331854665,0.200397338397
10.649,0.593877773528,0.312008868332,0.593877773528,0.106897999235
10.65,1.35323893866,0.71155563655,1.35323893866,0.243583008958
10.651,-2.30955389908,-1.21542151865,-2.30955389908,-0.415719701835
10.652,-0.226196821618,-0.119137831072,-0.226196821618,-0.0407154278912
10.653,-0.520820067935,-0.274546052126,-0.520820067935,-0.0937476122284
10.654,-0.0574897794791,-0.0303306953792,-0.0574897794791,-0.0103481603062
10.655,2.05527855071,1.08524195364,2.05527855071,0.369950139127
10.656,1.19362101035,0.630792364458,1.19362101035,0.214851781863
10.657,-1.15221603798,-0.609421686874,-1.15221603798,-0.207398886836
10.658,0.913890942079,0.483773756221,0.913890942079,0.164500369574
10.659,0.140815115158,0.0746038218961,0.140815115158,0.0253467207284
10.66,-1.71567217314,-0.909724529881,-1.71567217314,-0.308820991165
10.661,-0.0149041982253,-0.00790948009164,-0.0149041982253,-0.00268275568056
10.662,-0.0717993449373,-0.0381349733855,-0.0717993449373,-0.0129238820887
10.663,-0.365302155754,-0.194186382661,-0.365302155754,-0.0657543880357
10.664,-1.13359404953,-0.603097584412,-1.13359404953,-0.204046928915
10.665,0.241447841308,0.128563230477,0.241447841308,0.0434606114354
10.666,1.35070308961,0.719808025013,1.35070308961,0.243126556129
10.667,0.882383748562,0.470627776103,0.882383748562,0.158829074741
10.668,-2.23727596981,-1.19427075603,-2.23727596981,-0.402709674566
10.669,-0.236338835919,-0.12626455102,-0.236338835919,-0.0425409904653
10.67,-1.06097515507,-0.567302357538,-1.06097515507,-0.190975527913
10.671,0.489887609602,0.26216141797,0.489887609602,0.0881797697284
10.672,-0.280966551092,-0.150483821054,-0.280966551092,-0.0505739791965
10.673,1.19046932033,0.63814031777,1.19046932033,0.214284477659
10.674,-0.135268343903,-0.0725699552381,-0.135268343903,-0.0243483019026
10.675,-1.15820244248,-0.621881707812,-1.15820244248,-0.208476439646
10.676,0.539440263297,0.289887311371,0.539440263297,0.0970992473935
10.677,0.529249360897,0.284648335576,0.529249360897,0.0952648849615
10.678,0.228716158362,0.123114024904,0.228716158362,0.0411689085052
10.679,-0.791306702975,-0.426302439777,-0.791306702975,-0.142435206536
10.68,0.291664992085,0.157260439772,0.291664992085,0.0524996985752
10.681,0.268177033552,0.144716778435,0.268177033552,0.0482718660393
10.682,0.611316181658,0.330160590482,0.611316181658,0.110036912698
10.683,0.927617549192,0.501406833472,0.927617549192,0.166971158855
10.684,1.04572028368,0.565716296238,1.04572028368,0.188229651063
10.685,2.08804282795,1.13053584799,2.08804282795,0.375847709032
10.686,1.38956899952,0.752985725538,1.38956899952,0.250122419914
10.687,-0.326296052799,-0.176962013023,-0.326296052799,-0.0587332895038
10.688,-0.509961675701,-0.276800763808,-0.509961675701,-0.0917931016262
10.689,-0.517895727386,-0.281341305834,-0.517895727386,-0.0932212309295
10.69,-0.194017194412,-0.105485490765,-0.194017194412,-0.0349230949941
10.691,0.957382323155,0.520953738688,0.957382323155,0.172328818168
10.692,0.772837130402,0.420884459771,0.772837130402,0.139110683472
10.693,0.382677671638,0.208578288895,0.382677671638,0.0688819808949
10.694,-0.97098373242,-0.529674305957,-0.97098373242,-0.174777071836
10.695,1.27701631687,0.697195028803,1.27701631687,0.229862937037
10.696,0.393569342023,0.21505021794,0.393569342023,0.0708424815641
10.697,0.210902418584,0.115334937525,0.210902418584,0.0379624353451
10.698,-0.656786650657,-0.359471320234,-0.656786650657,-0.118221597118
10.699,-2.39487100163,-1.3118451272,-2.39487100163,-0.431076780293
10.7,2.74863015288,1.50687478216,2.74863015288,0.494753427519
10.701,0.67343812674,0.36950377665,0,0.121218862813
10.702,0.587580148552,0.322662521753,0,0.105764426739
10.703,-0.524505826082,-0.288264961865,-0,-0.0944110486948
10.704,-0.718562229346,-0.395244615869,-0,-0.129341201282
10.705,0.679484887897,0.374060042995,0,0.122307279821
10.706,-1.13853809106,-0.627290810001,-0,-0.20493685639
10.707,0.0882579348983,0.0486670326326,0,0.0158864282817
10.708,-0.1262577906,-0.0696785233444,-0,-0.0227264023079
10.709,0.180898908854,0.0999162784455,0,0.0325618035937
10.71,0.974097114802,0.538470616874,0,0.175337480664
10.711,0.237247598943,0.131256533378,0,0.0427045678097
10.712,0.655123806388,0.362745252327,0,0.11792228515
10.713,-1.10848693002,-0.614282416066,-0,-0.199527647403
10.714,-0.238634610413,-0.132351841893,-0,-0.0429542298743
10.715,0.533714056771,0.296253949379,0,0.0960685302188
10.716,0.0928448447198,0.0515789087771,0,0.0167120720496
10.717,-0.846657446192,-0.470739708473,-0,-0.152398340315
10.718,-0.275034273559,-0.15304479452,-0,-0.0495061692405
10.719,-0.858935947137,-0.478355823174,-0,-0.154608470485
10.72,1.85005832533,1.03117920014,0,0.333010498559
10.721,0.848762227107,0.473470692369,0,0.152777200879
10.722,-0.889210798044,-0.496443713197,-0,-0.160057943648
10.723,0.485996078606,0.271553983162,0,0.0874792941491
10.724,-0.140232184108,-0.078420413945,-0,-0.0252417931394
10.725,0.122257526958,0.0684250231615,0,0.0220063548525
10.726,1.51349974186,0.847772853752,0,0.272429953535
10.727,-0.988169788697,-0.553970232768,-0,-0.177870561966
10.728,0.604467154991,0.339144797478,0,0.108804087898
10.729,0.0174319627405,0.00978850187914,0,0.00313775329329
10.73,0.423634346825,0.238077571335,0,0.0762541824285
10.731,0.221866522744,0.124789018344,0,0.0399359740939
10.732,-2.19027955518,-1.2329381876,-0,-0.394250319932
10.733,0.744083087617,0.419199004459,0,0.133934955771
10.734,0.0844637906212,0.0476240496159,0,0.0152034823118
10.735,0.205926707236,0.116205120156,0,0.0370668073024
10.736,-0.221702755802,-0.125210400608,-0,-0.0399064960444
10.737,-0.508602106906,-0.287477647615,-0,-0.091548379243
10.738,-0.788005649509,-0.445770948424,-0,-0.141841016912
10.739,-0.503566871737,-0.285099183081,-0,-0.0906420369127
10.74,-0.864131690519,-0.489637907408,-0,-0.155543704293
10.741,-0.372140974521,-0.211037074672,-0,-0.0669853754139
10.742,0.0805762838703,0.0457314061982,0,0.0145037310967
10.743,0.0377513776063,0.0214435194803,0,0.00679524796914
10.744,-1.10515256262,-0.628262769679,-0,-0.198927461271
10.745,-0.0502232991435,-0.0285745921549,-0,-0.00904019384582
10.746,-1.38510769468,-0.78870381763,-0,-0.249319385042
10.747,0.145682245784,0.0830218702301,0,0.0262228042411
10.748,-0.627922698457,-0.358135552061,-0,-0.113026085722
10.749,-1.06106513415,-0.605673468535,-0,-0.190991724148
10.75,1.6553814225,0.94569200881,0,0.29796865605
10.751,1.03799695149,0.593475425095,0,0.186839451268
10.752,-1.7888273733,-1.02359934002,-0,-0.321988927193
10.753,-0.661213346576,-0.378667438712,-0,-0.119018402384
10.754,0.730673131865,0.418787930444,0,0.131521163736
10.755,0.405976436786,0.232876891913,0,0.0730757586215
10.756,0.73436722776,0.421592899192,0,0.132186100997
10.757,-1.06513381429,-0.611981768793,-0,-0.191724086571
10.758,-1.86543652408,-1.07267703031,-0,-0.335778574335
10.759,-0.203168170491,-0.116922541898,-0,-0.0365702706884
10.76,-0.461237343589,-0.265656834796,-0,-0.0830227218459
10.761,0.395873264889,0.228195216899,0,0.07125718768
10.762,0.332414899559,0.191771717374,0,0.0598346819207
10.763,0.968713568201,0.559310598563,0,0.174368442276
10.764,1.27421040775,0.736295732017,0,0.229357873395
10.765,1.33250827112,0.770609564567,0,0.239851488802
10.766,0.214313707974,0.124041684698,0,0.0385764674354
10.767,0.20686498043,0.119827854501,0,0.0372356964774
10.768,-0.545356816219,-0.316158258431,-0,-0.0981642269194
10.769,0.159012341021,0.0922587297515,0,0.0286222213838
10.77,1.73161241863,1.00549533853,0,0.311690235354
10.771,-0.157588500164,-0.0915812354447,-0,-0.0283659300295
10.772,-0.560543849265,-0.326019853908,-0,-0.100897892868
10.773,-0.404536613807,-0.235474914508,-0,-0.0728165904852
10.774,-0.566655595382,-0.330109653779,-0,-0.101998007169
10.775,-2.06275320989,-1.20264768548,-0,-0.37129557778
10.776,1.18838744987,0.693427695346,0,0.213909740977
10.777,-0.629420750987,-0.367566594904,-0,-0.113295735178
10.778,-0.0209348835507,-0.0122353740961,-0,-0.00376827903913
10.779,1.4598868602,0.853920618274,0,0.262779634836
10.78,0.796999854463,0.466560547369,0,0.143459973803
10.781,1.95402696499,1.14480538511,0,0.351724853699
10.782,-0.210484799743,-0.123416453539,-0,-0.0378872639538
10.783,-1.72058206504,-1.00966848225,-0,-0.309704771707
10.784,1.56436008824,0.918736752467,0,0.281584815883
10.785,0.206038518307,0.121102638664,0,0.0370869332953
10.786,2.40411439745,1.4142005844,0,0.432740591541
10.787,0.55466449218,0.326540318926,0,0.0998396085924
10.788,-0.415486304596,-0.24480122973,-0,-0.0747875348273
10.789,2.2509244722,1.32729698573,0,0.405166404996
10.79,1.71131680306,1.00992185739,0,0.308037024551
10.791,-0.905052100856,-0.534540945813,-0,-0.162909378154
10.792,-0.166950314479,-0.0986835004678,-0,-0.0300510566063
10.793,-0.404079692734,-0.239041940355,-0,-0.072734344692
10.794,-1.15042229162,-0.681104910043,-0,-0.207076012492
10.795,-0.454893885713,-0.269535722272,-0,-0.0818808994284
10.796,0.219471153186,0.130146667897,0,0.0395048075735
10.797,-0.886346261171,-0.526027279367,-0,-0.159542327011
10.798,-1.19322298908,-0.708721437577,-0,-0.214780138034
10.799,-1.00523437091,-0.597544509464,-0,-0.180942186765
10.8,1.058778465,0.629878621421,0,0.1905801237
10.801,1.44402165372,0.859753945577,0,0.259923897669
10.802,-0.946254909071,-0.563841690849,-0,-0.170325883633
10.803,-0.683818474003,-0.407791622935,-0,-0.123087325321
10.804,-0.0888960741865,-0.0530552478565,-0,-0.0160012933536
10.805,-0.441466598905,-0.263688855188,-0,-0.0794639878029
10.806,0.128719142049,0.0769458287944,0,0.0231694455688
10.807,-0.00953821914309,-0.00570633318358,-0,-0.00171687944576
10.808,0.0419704981433,0.0251293757292,0,0.00755468966579
10.809,-0.0710281599566,-0.0425613846619,-0,-0.0127850687922
10.81,0.10725370076,0.0643198378582,0,0.0193056661369
10.811,0.248716787892,0.149274314798,0,0.0447690218205
10.812,0.903051747127,0.542425147456,0,0.162549314483
10.813,0.350185477187,0.210509821415,0,0.0630333858937
10.814,0.990446812249,0.595871074217,0,0.178280426205
10.815,-0.156986812286,-0.0945216054519,-0,-0.0282576262115
10.816,0.719736164416,0.433698456842,0,0.129552509595
10.817,1.57215887109,0.948107265908,0,0.282988596796
10.818,-0.389723838694,-0.235214649851,-0,-0.0701502909649
10.819,0.997507761325,0.602517810836,0,0.179551397039
10.82,-0.530942874169,-0.320957457504,-0,-0.0955697173505
10.821,-0.305848225272,-0.185034012207,-0,-0.055052680549
10.822,-1.02916586605,-0.623127272193,-0,-0.185249855889
10.823,-0.308377220799,-0.186861279154,-0,-0.0555078997439
10.824,-0.109738629659,-0.0665490804514,-0,-0.0197529533386
10.825,-1.70006547604,-1.03179526351,-0,-0.306011785688
10.826,2.2754978281,1.38213199077,0,0.409589609058
10.827,0.859631329386,0.522553062307,0,0.154733639289
10.828,1.72018793534,1.04649939969,0,0.309633828362
10.829,0.476670363715,0.290219117272,0,0.0858006654687
10.83,-1.24968038088,-0.761467640435,-0,-0.224942468558
10.831,-0.171707088863,-0.104709290099,-0,-0.0309072759953
10.832,0.302514181954,0.184623539794,0,0.0544525527518
10.833,2.71880808146,1.66059637176,0,0.489385454663
10.834,0.0181240007856,0.0110785687521,0,0.00326232014141
10.835,-0.421714216469,-0.257983382535,-0,-0.0759085589644
10.836,1.8939858387,1.15956200795,0,0.340917450967
10.837,-0.827044327722,-0.506745207261,-0,-0.14886797899
10.838,0.240379788424,0.147401626619,0,0.0432683619162
10.839,-0.754028058065,-0.462737985566,-0,-0.135725050452
10.84,-1.36267552017,-0.836918693917,-0,-0.245281593631
10.841,1.06052446075,0.651860290384,0,0.190894402935
10.842,1.11519318836,0.686004266648,0,0.200734773904
10.843,-0.180919162855,-0.111379176453,-0,-0.032565449314
10.844,-1.21795364192,-0.750399897731,-0,-0.219231655545
10.845,0.161883835649,0.0998177829029,0,0.0291390904169
10.846,2.17603496781,1.34280385462,0,0.391686294205
10.847,0.31698045398,0.195758810869,0,0.0570564817164
10.848,0.22714500879,0.140389300133,0,0.0408861015822
10.849,-0.541300520862,-0.334819760048,-0,-0.0974340937551
10.85,0.277821912338,0.171981133261,0,0.0500079442208
10.851,1.22511068207,0.758981446581,0,0.220519922773
10.852,-0.345314214623,-0.21409753186,-0,-0.0621565586321
10.853,0.25640899037,0.15910054708,0,0.0461536182666
10.854,-0.364106498467,-0.226103831752,-0,-0.0655391697241
10.855,-1.03430449205,-0.642789565967,-0,-0.18617480857
10.856,0.224364491905,0.13954532669,0,0.0403856085429
10.857,-0.445034883801,-0.277010247106,-0,-0.0801062790842
10.858,-0.497343854706,-0.309812540707,-0,-0.0895218938472
10.859,0.475580327215,0.296487523088,0,0.0856044588987
10.86,1.40240548059,0.874976301536,0,0.252432986506
10.861,1.03890677583,0.648693079097,0,0.187003219649
10.862,0.527565671171,0.329669716837,0,0.0949618208109
10.863,0.508575846018,0.31805186299,0,0.0915436522832
10.864,-0.497573611458,-0.311414682765,-0,-0.0895632500624
10.865,0.206114364871,0.129100933457,0,0.0371005856768
10.866,0.395526299739,0.247933784481,0,0.0711947339531
10.867,0.778133059005,0.488149979541,0,0.140063950621
10.868,-0.796585851665,-0.500116181755,-0,-0.1433854533
10.869,1.27298443325,0.799834557856,0,0.229137197984
10.87,-0.208326179063,-0.130996447087,-0,-0.0374987122313
10.871,-0.782204008825,-0.492236875832,-0,-0.140796721589
10.872,1.02705158783,0.646821801346,0,0.184869285809
10.873,-1.36355724144,-0.859416902466,-0,-0.24544030346
10.874,0.356117995044,0.22462723139,0,0.0641012391079
10.875,0.880585512918,0.555875881417,0,0.158505392325
10.876,-1.25087423905,-0.790237427967,-0,-0.225157363028
10.877,-0.577104913076,-0.364868366052,-0,-0.103878884354
10.878,0.275685589672,0.174434683192,0,0.0496234061409
10.879,-2.02414955058,-1.2817358964,-0,-0.364346919105
10.88,1.7825117803,1.12960180162,0,0.320852120453
10.881,-0.422605135631,-0.268018390797,-0,-0.0760689244136
10.882,-0.0951254482189,-0.06037584729,-0,-0.0171225806794
10.883,-0.349267224518,-0.221850745756,-0,-0.0628681004133
10.884,-0.406974648369,-0.258706174305,-0,-0.0732554367064
10.885,0.751465023698,0.478062221662,0,0.135263704266
10.886,0.521756672693,0.332184773617,0,0.0939162010847
10.887,0.756293717764,0.481879107933,0,0.136132869198
10.888,1.31434208235,0.838092109239,0,0.236581574822
10.889,2.18634917197,1.39520631382,0,0.393542850955
10.89,-1.32665429407,-0.84725099582,-0,-0.238797772933
10.891,0.138547528304,0.0885499563633,0,0.0249385550948
10.892,0.392519387355,0.251064765197,0,0.070653489724
10.893,-0.950797961562,-0.608622243365,-0,-0.171143633081
10.894,-0.305673042441,-0.195817489694,-0,-0.0550211476393
10.895,1.31214910677,0.84122491288,0,0.236186839219
10.896,-0.0136840301489,-0.00877965384453,-0,-0.0024631254268
10.897,0.973374668886,0.624996638628,0,0.175207440399
10.898,-0.498713685448,-0.320466793245,-0,-0.0897684633806
10.899,-1.47093615399,-0.945931121069,-0,-0.264768507718
10.9,0.211411938361,0.136059533649,0,0.038054148905
10.901,-1.07469653326,-0.692179817261,-0,-0.193445375987
10.902,0.0892957801557,0.0575569098362,0,0.016073240428
10.903,-0.594551905739,-0.38352139192,-0,-0.107019343033
10.904,0.113786205426,0.0734552009215,0,0.0204815169768
10.905,-1.69703962531,-1.0963718413,-0,-0.305467132556
10.906,0.679216729559,0.439144099437,0,0.122259011321
10.907,2.04657255157,1.3242148206,0,0.368383059282
10.908,0.63193744715,0.409202092576,0,0.113748740487
10.909,0.245871077108,0.159332175982,0,0.0442567938795
10.91,0.399081660205,0.258815293881,0,0.0718346988369
10.911,-1.25771219028,-0.816284201978,-0,-0.226388194251
10.912,-0.223928280031,-0.145445689103,-0,-0.0403070904055
10.913,0.620077481696,0.403059804704,0,0.111613946705
10.914,-0.228912703139,-0.148910347444,-0,-0.041204286565
10.915,0.517016657596,0.336581935952,0,0.0930629983673
10.916,-0.97607019847,-0.635914076399,-0,-0.175692635725
10.917,-1.15832975058,-0.755232281642,-0,-0.208499355104
10.918,0.0605817701939,0.0395294774811,0,0.0109047186349
10.919,0.887829092967,0.579747784976,0,0.159809236734
10.92,0.868667904332,0.567667386108,0,0.15636022278
10.921,-0.526230543645,-0.344148985197,-0,-0.094721497856
10.922,-0.494179925732,-0.323433979824,-0,-0.0889523866318
10.923,0.343323553382,0.22487132438,0,0.0617982396088
10.924,0.651091921475,0.426778516697,0,0.117196545866
10.925,-0.795977652393,-0.5221445045,-0,-0.143275977431
10.926,0.667466364526,0.438176059447,0,0.120143945615
10.927,1.72457094616,1.13299913476,0,0.31042277031
10.928,-0.576986048918,-0.379352462281,-0,-0.103857488805
10.929,1.29210499488,0.850167132691,0,0.232578899078
10.93,-1.63170925926,-1.07442974623,-0,-0.293707666667
10.931,-1.34583826867,-0.886863307308,-0,-0.242250888361
10.932,0.467357626012,0.308206322692,0,0.0841243726822
10.933,0.659507359437,0.435251304021,0,0.118711324699
10.934,-0.929761396224,-0.614072992916,-0,-0.16735705132
10.935,0.195616518249,0.129295048046,0,0.0352109732848
10.936,0.613637725965,0.405897266406,0,0.110454790674
10.937,1.63517810885,1.08242215703,0,0.294332059592
10.938,2.23875833918,1.48308549548,0,0.402976501053
10.939,-0.341676501281,-0.226517244909,-0,-0.0615017702306
10.94,0.553540393712,0.367250582011,0,0.0996372708682
10.941,-1.95369323251,-1.29716848221,-0,-0.351664781852
10.942,0.273925178291,0.182011419316,0,0.0493065320924
10.943,0.882843641416,0.587052538223,0,0.158911855455
10.944,-0.710331853871,-0.472694758206,-0,-0.127859733697
10.945,-0.188420580685,-0.125479846423,-0,-0.0339157045234
10.946,0.451176192488,0.300689169433,0,0.0812117146478
10.947,-0.386131210187,-0.257532658964,-0,-0.0695036178337
10.948,0.257392597342,0.17179838545,0,0.0463306675216
10.949,-0.112375462062,-0.0750619704419,-0,-0.0202275831711
10.95,0.873014344521,0.583572904461,0,0.157142582014
10.951,-0.38995970377,-0.260866652228,-0,-0.0701927466786
10.952,1.86671858387,1.24969088332,0,0.336009345097
10.953,-0.411771130332,-0.275869943852,-0,-0.0741188034597
10.954,0.790828298428,0.530218965977,0,0.142349093717
10.955,0.000560450689385,0.000376040700728,0,0.000100881124089
10.956,0.0919428395121,0.0617361538531,0,0.0165497111122
10.957,0.630085693493,0.423394596503,0,0.113415424829
10.958,-3.49183837688,-2.34813836262,-0,-0.628530907838
10.959,-0.222333372416,-0.149622837332,-0,-0.0400200070349
10.96,-0.0921438952704,-0.0620559317919,-0,-0.0165859011487
10.961,2.09113425797,1.40936011135,0,0.376404166434
10.962,-0.379608948756,-0.256035182979,-0,-0.0683296107762
10.963,-1.3921191766,-0.939642369229,-0,-0.250581451787
10.964,-0.530159541364,-0.358109257444,-0,-0.0954287174455
10.965,-1.24332345822,-0.840457401784,-0,-0.223798222479
10.966,-0.41392773994,-0.280013225664,-0,-0.0745069931892
10.967,-0.260090362926,-0.176076147682,-0,-0.0468162653267
10.968,-1.17007749028,-0.792707500616,-0,-0.21061394825
10.969,-0.308452665891,-0.209126354845,-0,-0.0555214798605
10.97,0.192216152933,0.130416288786,0,0.0345989075279
10.971,-0.527286355429,-0.358022257977,-0,-0.0949115439772
10.972,-0.447072619992,-0.303782621013,-0,-0.0804730715985
10.973,0.820911711364,0.558216257422,0,0.147764108046
10.974,0.650697686468,0.442798651091,0,0.117125583564
10.975,0.76986710287,0.524280380337,0,0.138576078517
10.976,-0.328201375125,-0.223670586422,-0,-0.0590762475226
10.977,-0.356105448854,-0.242866466733,-0,-0.0640989807937
10.978,0.970006462938,0.662039402902,0,0.174601163329
10.979,-0.942602851143,-0.643810496613,-0,-0.169668513206
10.98,-2.77627640336,-1.8976316631,-0,-0.499729752606
10.981,1.08081494667,0.739299289958,0,0.194546690401
10.982,-0.56387602834,-0.385986511607,-0,-0.101497685101
10.983,-0.431164483714,-0.295359431281,-0,-0.0776096070685
10.984,0.51957821182,0.356186930344,0,0.0935240781276
10.985,0.379325154513,0.260230199859,0,0.0682785278124
10.986,-1.05792330356,-0.726305037325,-0,-0.19042619464
10.987,1.46160628224,1.0041854204,0,0.263089130803
10.988,1.03210222751,0.709618094999,0,0.185778400951
10.989,-2.04950517813,-1.41016281448,-0,-0.368910932063
10.99,0.290308033532,0.199892905994,0,0.0522554460358
10.991,-0.0136440807172,-0.0094015728099,-0,-0.00245593452909
10.992,-0.749094671038,-0.51654797573,-0,-0.134837040787
10.993,0.0638369631124,0.0440518055691,0,0.0114906533602
10.994,0.517712563276,0.357517705709,0,0.0931882613897
10.995,-0.669906027462,-0.462956202726,-0,-0.120583084943
10.996,-0.178313722058,-0.123318369624,-0,-0.0320964699705
10.997,0.892471815225,0.617666889753,0,0.160644926741
10.998,-1.07818257057,-0.74673883343,-0,-0.194072862702
10.999,0.289972351372,0.200978432166,0,0.052195023247
11,1.10581637877,0.766994289961,0,0.199046948178
11.001,0.0479486074063,0.033281368419,0,0.00863074933314
11.002,1.36313622923,0.946848108096,0,0.245364521262
11.003,0.756841085106,0.526091697792,0,0.136231395319
11.004,0.580610274752,0.403884302019,0,0.104509849455
11.005,0.15301483973,0.10651754063,0,0.0275426711514
11.006,-0.298742425363,-0.208113195529,-0,-0.0537736365653
11.007,0.630262062413,0.439378530454,0,0.113447171234
11.008,-0.564160640442,-0.393581986771,-0,-0.10154891528
11.009,1.71221834651,1.19538046504,0,0.308199302371
11.01,-2.22886818177,-1.55720498063,-0,-0.401196272719
11.011,0.279527891264,0.19543428434,0,0.0503150204276
11.012,-0.0236634721829,-0.0165564831878,-0,-0.00425942499292
11.013,0.263690721175,0.184628313179,0,0.0474643298115
11.014,-0.86336026291,-0.604935614901,-0,-0.155404847324
11.015,-3.02450225392,-2.12072554292,-0,-0.544410405706
11.016,-0.875978084597,-0.614662991311,-0,-0.157676055227
11.017,1.19306680773,0.837763952088,0,0.214752025392
11.018,1.5088657725,1.06027960336,0,0.271595839049
11.019,-1.16014709294,-0.815822281022,-0,-0.20882647673
11.02,-0.795310802384,-0.559669842094,-0,-0.143155944429
11.021,0.416835522812,0.293543235334,0,0.0750303941061
11.022,0.14462879771,0.101923486574,0,0.0260331835877
11.023,0.788579656958,0.55613088931,0,0.141944338252
11.024,0.289045641879,0.203990357204,0,0.0520282155382
11.025,1.85298763852,1.30866145317,0,0.333537774934
11.026,0.0450305664734,0.0318253790614,0,0.00810550196521
11.027,-1.04059493619,-0.735968252084,-0,-0.187307088515
11.028,-0.139778045532,-0.0989298484549,-0,-0.0251600481958
11.029,-0.465320610966,-0.329572896222,-0,-0.0837577099739
11.03,-1.09800370202,-0.778240149403,-0,-0.197640666363
11.031,0.62704130617,0.44475047239,0,0.112867435111
11.032,-0.494637389172,-0.351089190056,-0,-0.089034730051
11.033,0.110153522831,0.0782418241264,0,0.0198276341095
11.034,0.686129087193,0.487703953525,0,0.123503235695
11.035,0.599254199427,0.426256692143,0,0.107865755897
11.036,-1.43181470217,-1.01919299537,-0,-0.257726646391
11.037,0.895350786029,0.637781811516,0,0.161163141485
11.038,-1.02805723219,-0.732833493538,-0,-0.185050301793
11.039,0.361446546901,0.25783449129,0,0.0650603784422
11.04,1.89699863028,1.35416840305,0,0.34145975345
11.041,-0.489699205209,-0.34981915943,-0,-0.0881458569376
11.042,-0.209341453585,-0.14965036166,-0,-0.0376814616453
11.043,-0.69286202577,-0.495652665092,-0,-0.124715164639
11.044,-0.256457199891,-0.183591910847,-0,-0.0461622959804
11.045,-1.09277247358,-0.782845681965,-0,-0.196699045244
11.046,-0.303509429656,-0.217583610024,-0,-0.054631697338
11.047,-0.0279618773399,-0.0200598508444,-0,-0.00503313792118
11.048,-0.595805500799,-0.427733310818,-0,-0.107244990144
11.049,0.159701363848,0.114731900902,0,0.0287462454926
11.05,1.9150692418,1.37678730236,0,0.344712463524
11.051,-0.300386926976,-0.216107586493,-0,-0.0540696468556
11.052,-0.051197596221,-0.0368591212879,-0,-0.00921556731977
11.053,1.71817190653,1.23785064979,0,0.309270943175
11.054,-0.514443194249,-0.370889977028,-0,-0.0925997749648
11.055,0.169639279657,0.122388308636,0,0.0305350703383
11.056,0.152070130276,0.109790074708,0,0.0273726234497
11.057,0.568504033023,0.410731648615,0,0.102330725944
11.058,-0.158202178208,-0.114377958181,-0,-0.0284763920775
11.059,0.732425488522,0.529905465232,0,0.131836587934
11.06,0.299949484719,0.217164055912,0,0.0539909072494
11.061,-1.02069851513,-0.739506486774,-0,-0.183725732724
11.062,0.0946124010656,0.0685957258201,0,0.0170302321918
11.063,-1.04971743543,-0.761597824798,-0,-0.188949138378
11.064,1.33810566815,0.971511157828,0,0.240859020266
11.065,-0.109437007848,-0.0795106852982,-0,-0.0196986614127
11.066,-1.35559057977,-0.985583757477,-0,-0.244006304359
11.067,0.120567991475,0.0877203864064,0,0.0217022384655
11.068,-1.33594361242,-0.972657539114,-0,-0.240469850236
11.069,-0.187162343785,-0.136362021039,-0,-0.0336892218813
11.07,-1.02397962931,-0.746567707589,-0,-0.184316333276
11.071,0.879922607423,0.641985315136,0,0.158386069336
11.072,0.683095859574,0.498729215689,0,0.122957254723
11.073,1.43078061691,1.04534235786,0,0.257540511043
11.074,0.601908619845,0.440066400784,0,0.108343551572
11.075,0.55228910756,0.404069507805,0,0.0994120393609
11.076,0.54011381873,0.395436401825,0,0.0972204873714
11.077,-0.568474663673,-0.416489474744,-0,-0.102325439461
11.078,1.24868869075,0.91547915457,0,0.224763964336
11.079,0.367014704707,0.269264385244,0,0.0660626468472
11.08,0.928993813112,0.682039053282,0,0.16721888636
11.081,0.230894001807,0.169632806484,0,0.0415609203252
11.082,2.10893371374,1.55046049323,0,0.379608068473
11.083,-0.726413556746,-0.534419255393,-0,-0.130754440214
11.084,0.967247128069,0.71209148226,0,0.174104483052
11.085,0.849199021703,0.625615954197,0,0.152855823907
11.086,0.0823549804686,0.0607138802683,0,0.0148238964843
11.087,0.378433997203,0.279182286772,0,0.0681181194965
11.088,-0.707747483414,-0.522486947542,-0,-0.127394547014
11.089,-0.623397702634,-0.460533798513,-0,-0.112211586474
11.09,-0.437066526877,-0.323104390648,-0,-0.0786719748379
11.091,-0.570606197385,-0.422114820929,-0,-0.102709115529
11.092,-0.612858350599,-0.453683339465,-0,-0.110314503108
11.093,1.99652808079,1.47899448391,0,0.359375054543
11.094,-0.19321124275,-0.143225957974,-0,-0.034778023695
11.095,0.953429443515,0.707254816324,0,0.171617299833
11.096,0.181336313912,0.134607714853,0,0.0326405365042
11.097,1.58566578571,1.17786207715,0,0.285419841428
11.098,0.00502570650715,0.00373574586241,0,0.000904627171287
11.099,-0.0610202050618,-0.0453890489252,-0,-0.0109836369111
11.1,-0.177852857212,-0.132383935165,-0,-0.0320135142981
11.101,-1.24096339609,-0.924336777007,-0,-0.223373411296
11.102,0.931575385036,0.694361908772,0,0.167683569306
11.103,-1.49555564233,-1.11549308576,-0,-0.26920001562
11.104,0.685651367055,0.511757101075,0,0.12341724607
11.105,0.0584622683564,0.0436648747285,0,0.0105232083041
11.106,-1.3616022027,-1.01765981938,-0,-0.245088396486
11.107,0.138718215474,0.103748422431,0,0.0249692787854
11.108,1.67501446747,1.25360870065,0,0.301502604145
11.109,-0.333713459242,-0.249926544793,-0,-0.0600684226636
11.11,0.0682933317304,0.0511813798387,0,0.0122927997115
11.111,-0.0478072403258,-0.0358527268086,-0,-0.00860530325865
11.112,-0.338221932692,-0.253819457491,-0,-0.0608799478845
11.113,-0.0913640461188,-0.0686108652789,-0,-0.0164455283014
11.114,1.17151839572,0.880361236641,0,0.210873311229
11.115,-0.253218788722,-0.190415261406,-0,-0.0455793819699
11.116,2.20868463236,1.6620089659,0,0.397563233825
11.117,1.02421247256,0.771228977818,0,0.18435824506
11.118,2.55848825653,1.927836206,0,0.460527886176
11.119,1.08941512983,0.821435242515,0,0.19609472337
11.12,0.345778013283,0.260897746494,0,0.062240042391
11.121,0.374025705515,0.28240164822,0,0.0673246269926
11.122,-0.588381343833,-0.444546599207,-0,-0.10590864189
11.123,-0.441812758985,-0.334032768439,-0,-0.0795262966173
11.124,-0.0785820347282,-0.0594519780785,-0,-0.0141447662511
11.125,0.14390112957,0.108942982494,0,0.0259022033225
11.126,-0.0514032811432,-0.0389419519171,-0,-0.00925259060577
11.127,0.781687631809,0.592586469033,0,0.140703773726
11.128,0.310353323576,0.235432440656,0,0.0558635982437
11.129,0.405818726394,0.308058502584,0,0.073047370751
11.13,-1.71465188987,-1.30247108129,-0,-0.308637340177
11.131,0.621865733541,0.472693425848,0,0.111935832037
11.132,-1.34487046436,-1.02294903735,-0,-0.242076683585
11.133,0.271147441277,0.206380878674,0,0.0488065394299
11.134,0.488504708612,0.37206849975,0,0.0879308475502
11.135,1.03425902578,0.788267223146,0,0.186166624641
11.136,0.0413335482565,0.0315236600415,0,0.00744003868616
11.137,1.11248970442,0.849023169919,0,0.200248146796
11.138,0.100240726724,0.0765521056673,0,0.0180433308103
11.139,0.930442486911,0.711036111556,0,0.167479647644
11.14,-0.664218272701,-0.507927738322,-0,-0.119559289086
11.141,-0.394064736062,-0.301541762349,-0,-0.0709316524912
11.142,0.765263472828,0.585975504864,0,0.137747425109
11.143,-1.62516070317,-1.24524030295,-0,-0.29252892657
11.144,-0.934789682216,-0.716735542707,-0,-0.168262142799
11.145,0.841654133649,0.645753344537,0,0.151497744057
11.146,2.2195281589,1.70404646033,0,0.399515068601
11.147,-0.465664656015,-0.357751623991,-0,-0.0838196380827
11.148,-0.1367024076,-0.105092533795,-0,-0.0246064333681
11.149,0.279203670232,0.214785016232,0,0.0502566606417
11.15,0.414791837902,0.319300805899,0,0.0746625308223
11.151,-0.871376626329,-0.671216262214,-0,-0.156847792739
11.152,0.33783911441,0.260407231765,0,0.0608110405939
11.153,-0.520189124418,-0.401227528165,-0,-0.0936340423953
11.154,-0.85950154894,-0.663379821261,-0,-0.154710278809
11.155,-0.428236749356,-0.330739040527,-0,-0.0770826148841
11.156,-0.0013192399542,-0.00101955593043,-0,-0.000237463191757
11.157,-0.134331757955,-0.103884674722,-0,-0.024179716432
11.158,-0.390523302115,-0.302207376856,-0,-0.0702941943807
11.159,-0.89855433019,-0.695805035906,-0,-0.161739779434
11.16,0.24894670744,0.192901020976,0,0.0448104073392
11.161,-1.26140309834,-0.978062801386,-0,-0.227052557701
11.162,0.205648100158,0.159559274918,0,0.0370166580284
11.163,2.2840197285,1.77329709459,0,0.41112355113
11.164,0.955086398054,0.742007689835,0,0.17191555165
11.165,-0.230460885854,-0.179162396278,-0,-0.0414829594537
11.166,0.609333929964,0.474011285738,0,0.109680107394
11.167,1.17329978233,0.913325933536,0,0.211193960819
11.168,-1.16365518001,-0.906409357948,-0,-0.209457932403
11.169,0.378794839381,0.295248157471,0,0.0681830710886
11.17,2.16119639743,1.68562219407,0,0.389015351537
11.171,2.27933377926,1.77892070833,0,0.410280080266
11.172,-0.151211091754,-0.118090446774,-0,-0.0272179965158
11.173,1.54547234764,1.20774320434,0,0.278185022575
11.174,-1.12257861795,-0.877833541224,-0,-0.20206415123
11.175,0.133072955296,0.104127883832,0,0.0239531319532
11.176,-0.311181834818,-0.243653754304,-0,-0.0560127302672
11.177,-0.577586330107,-0.452540237363,-0,-0.103965539419
11.178,0.684879657736,0.536952389121,0,0.123278338392
11.179,-0.376832230593,-0.295631403339,-0,-0.0678298015068
11.18,1.72187418349,1.35171378911,0,0.309937353028
11.181,-0.985887163281,-0.774445999929,-0,-0.177459689391
11.182,0.87809038303,0.690213648493,0,0.158056268945
11.183,-1.83842905658,-1.44601029331,-0,-0.330917230184
11.184,-0.0291324836965,-0.0229288356535,-0,-0.00524384706537
11.185,-0.0173965960986,-0.0137008825586,-0,-0.00313138729775
11.186,0.292351436747,0.230392884939,0,0.0526232586144
11.187,-0.691996854507,-0.545691653772,-0,-0.124559433811
11.188,1.54770015283,1.22126291752,0,0.27858602751
11.189,-1.33336276081,-1.05280905984,-0,-0.240005296946
11.19,-0.346359735699,-0.273657548198,-0,-0.0623447524259
11.191,-0.886887206442,-0.701175859275,-0,-0.15963969716
11.192,0.295768361363,0.233985317608,0,0.0532383050453
11.193,0.170333818906,0.134839115154,0,0.0306600874031
11.194,0.393159228563,0.311430681816,0,0.0707686611413
11.195,-0.450414959748,-0.357012509145,-0,-0.0810746927546
11.196,-0.252294293317,-0.20010389928,-0,-0.045412972797
11.197,0.857162990519,0.680281758268,0,0.154289338293
11.198,-0.0577721288111,-0.0458797314869,-0,-0.010398983186
11.199,0.333125110162,0.264719992302,0,0.0599625198292
11.2,-0.143213299326,-0.113877884034,-0,-0.0257783938787
11.201,-1.02361279016,-0.81445707884,-0,-0.184250302229
11.202,-0.806254859791,-0.641920279099,-0,-0.145125874762
11.203,-0.563615185344,-0.449021855526,-0,-0.101450733362
11.204,0.715105535981,0.570073391974,0,0.128718996477
11.205,-1.24687133102,-0.994621627465,-0,-0.224436839583
11.206,-0.679304869532,-0.542221091765,-0,-0.122274876516
11.207,-1.12154524682,-0.895784803604,-0,-0.201878144427
11.208,-0.795810614818,-0.636021245851,-0,-0.143245910667
11.209,1.50838805418,1.20628457853,0,0.271509849753
11.21,-2.219872251,-1.77639385186,-0,-0.39957700518
11.211,-0.400151404491,-0.320412908153,-0,-0.0720272528084
11.212,-0.781925320356,-0.626505814125,-0,-0.140746557664
11.213,1.16191392029,0.931553380381,0,0.209144505652
11.214,-1.85062314989,-1.48465496736,-0,-0.333112166981
11.215,0.734512216657,0.589630735581,0,0.132212198998
11.216,0.281783686186,0.22634467043,0,0.0507210635136
11.217,0.273515702138,0.219841570668,0,0.0492328263848
11.218,0.575399371726,0.462774965357,0,0.103571886911
11.219,0.60606375182,0.487743503755,0,0.109091475328
11.22,-1.14486975989,-0.921938113226,-0,-0.206076556781
11.221,1.40619475332,1.13308750491,0,0.253115055598
11.222,-1.18726534215,-0.957277498754,-0,-0.213707761586
11.223,-0.557157492562,-0.449510571332,-0,-0.100288348661
11.224,-0.372251225032,-0.300517477657,-0,-0.0670052205057
11.225,-0.356680448895,-0.288127266862,-0,-0.064202480801
11.226,-0.410721506768,-0.33198903961,-0,-0.0739298712182
11.227,-0.648657390156,-0.524641581922,-0,-0.116758330228
11.228,-1.12256075234,-0.90850646088,-0,-0.202060935421
11.229,0.644260721372,0.521735560913,0,0.115966929847
11.23,-1.42966037618,-1.15848942416,-0,-0.257338867712
11.231,1.18971473587,0.964655473107,0,0.214148652456
11.232,-1.16661923725,-0.946517209745,-0,-0.209991462704
11.233,1.50965205109,1.22559229585,0,0.271737369196
11.234,1.61516480948,1.31206567671,0,0.290729665706
11.235,-0.0972450343131,-0.0790452040267,-0,-0.0175041061764
11.236,-0.806642389283,-0.656082239945,-0,-0.145195630071
11.237,1.62530196294,1.32275752598,0,0.29255435333
11.238,-0.79653438897,-0.648663471523,-0,-0.143376190015
11.239,-0.205329883654,-0.167315275486,-0,-0.0369593790577
11.24,0.623507660972,0.508385945485,0,0.112231378975
11.241,0.753655492684,0.614883317684,0,0.135657988683
11.242,-5.79844028307e-05,-4.73368026475e-05,-0,-1.04371925095e-05
11.243,-1.50209204835,-1.22702089375,-0,-0.270376568702
11.244,-0.619822399138,-0.506629117851,-0,-0.111568031845
11.245,0.195525919363,0.159916941579,0,0.0351946654854
11.246,-1.48903980512,-1.21860651155,-0,-0.268027164922
11.247,1.66313798715,1.36192222748,0,0.299364837686
11.248,-0.434333366483,-0.355888410979,-0,-0.078180005967
11.249,-0.344535347616,-0.282482048174,-0,-0.0620163625708
11.25,0.926998670247,0.760505546168,0,0.166859760644
11.251,0.991662660223,0.814054029593,0,0.17849927884
11.252,0.0254523484299,0.0209065761196,0,0.00458142271738
11.253,-1.48203515589,-1.21808931501,-0,-0.26676632806
11.254,0.952214020229,0.783106019439,0,0.171398523641
11.255,0.821429743704,0.675960886593,0,0.147857353867
11.256,-1.66471490169,-1.37074272771,-0,-0.299648682305
11.257,0.369050675963,0.304065269994,0,0.0664291216734
11.258,-0.0904148087875,-0.074539229665,-0,-0.0162746655817
11.259,-0.486475844762,-0.40130162705,-0,-0.0875656520572
11.26,0.633987776927,0.523304682823,0,0.114117799847
11.261,0.549973115462,0.454233417489,0,0.0989951607832
11.262,-1.23020498321,-1.01666711773,-0,-0.221436896977
11.263,-0.0867528564317,-0.0717378805202,-0,-0.0156155141577
11.264,-0.209375678792,-0.173242420011,-0,-0.0376876221826
11.265,-0.270428323522,-0.223894396819,-0,-0.0486770982339
11.266,-1.8304820085,-1.51641943637,-0,-0.329486761529
11.267,-1.94259841781,-1.6102730525,-0,-0.349667715206
11.268,-1.6146698556,-1.33925302897,-0,-0.290640574008
11.269,-0.0531949948305,-0.0441480844386,-0,-0.0095750990695
11.27,-0.682917655543,-0.56711536807,-0,-0.122925177998
11.271,0.521047401642,0.432954322949,0,0.0937885322956
11.272,-1.51074659489,-1.25608210511,-0,-0.27193438708
11.273,1.49305363706,1.2421188739,0,0.268749654671
11.274,-1.42263253494,-1.18424517135,-0,-0.256073856289
11.275,-0.944155612064,-0.786417896095,-0,-0.169948010172
11.276,0.150524684922,0.125452189928,0,0.0270944432859
11.277,-1.91656572232,-1.59828688454,-0,-0.344981830017
11.278,-0.929008722426,-0.775195240757,-0,-0.167221570037
11.279,1.91051009168,1.595147021,0,0.343891816502
11.28,2.4871973228,2.07788489237,0,0.447695518105
11.281,-1.28941946759,-1.07786685526,-0,-0.232095504166
11.282,-0.262931387493,-0.219924071045,-0,-0.0473276497488
11.283,0.832112358994,0.69642047591,0,0.149780224619
11.284,-1.48987937194,-1.24766984931,-0,-0.268178286948
11.285,0.257686230875,0.215922841981,0,0.0463835215575
11.286,-0.320932637115,-0.26907902691,-0,-0.0577678746808
11.287,0.251685843535,0.211146131562,0,0.0453034518363
11.288,0.0941634470475,0.0790432617007,0,0.0169494204686
11.289,-2.37987696361,-1.99891792072,-0,-0.42837785345
11.29,-1.31290903925,-1.10339962978,-0,-0.236323627066
11.291,-0.917053935284,-0.771170842693,-0,-0.165069708351
11.292,0.722275271167,0.607737145884,0,0.13000954881
11.293,-0.0162405658981,-0.0136732355411,-0,-0.00292330186167
11.294,0.856666702598,0.721670432949,0,0.154200006468
11.295,-0.0987956101348,-0.0832762861934,-0,-0.0177832098243
11.296,-3.05111048314,-2.57334549667,-0,-0.549199886964
11.297,0.0134277682643,0.0113318352543,0,0.00241699828757
11.298,-0.85403605201,-0.721155061182,-0,-0.153726489362
11.299,-0.00955478160526,-0.00807289010614,-0,-0.00171986068895
11.3,0.460262957298,0.389107776695,0,0.0828473323136
11.301,1.18963765381,1.00631509479,0,0.214134777686
11.302,1.29623324672,1.09712882877,0,0.23332198441
11.303,-1.33324641431,-1.12911939426,-0,-0.239984354575
11.304,-0.052014564524,-0.0440767098414,-0,-0.00936262161432
11.305,-0.484120688103,-0.410480366624,-0,-0.0871417238586
11.306,-0.898927266097,-0.76263658249,-0,-0.161806907897
11.307,-0.098678940693,-0.0837667524189,-0,-0.0177622093247
11.308,-0.237847987181,-0.202022893177,-0,-0.0428126376926
11.309,-0.145511410477,-0.123666437228,-0,-0.0261920538859
11.31,1.05118694548,0.893898558609,0,0.189213650187
11.311,-2.09469490805,-1.78230621395,-0,-0.377045083448
11.312,0.800253947907,0.681306327305,0,0.144045710623
11.313,-0.0188271802181,-0.0160380925729,-0,-0.00338889243926
11.314,0.8454633265,0.720634144845,0,0.15218339877
11.315,-0.441667248016,-0.376675756538,-0,-0.079500104643
11.316,1.83588873925,1.56664656436,0,0.330459973065
11.317,1.58414778884,1.35260925005,0,0.285146601991
11.318,-1.89229522328,-1.61665489674,-0,-0.340613140191
11.319,1.02554298185,0.876665374389,0,0.184597736733
11.32,-0.980652354715,-0.838776793125,-0,-0.176517423849
11.321,-0.805911362699,-0.689715109085,-0,-0.145064045286
11.322,-1.35687360659,-1.16191075612,-0,-0.244237249186
11.323,0.812730865093,0.696355216339,0,0.146291555717
11.324,1.1582520031,0.992973432016,0,0.208485360559
11.325,0.627966819958,0.5386684519,0,0.113034027592
11.326,-0.367622435757,-0.315527279433,-0,-0.0661720384363
11.327,-0.768316833182,-0.659819429582,-0,-0.138297029973
11.328,0.940514982546,0.808165120871,0,0.169292696858
11.329,0.118687970334,0.102044712603,0,0.0213638346602
11.33,0.576839455124,0.49623565638,0,0.103831101922
11.331,0.56923979203,0.489978756324,0,0.102463162565
11.332,0.790317408459,0.680663284182,0,0.142257133523
11.333,1.58285368199,1.36401802692,0,0.284913662758
11.334,1.98036061103,1.70754425173,0,0.356464909986
11.335,0.0277660385339,0.0239546452705,0,0.00499788693611
11.336,-0.637803022787,-0.55056717527,-0,-0.114804544102
11.337,-0.486318743936,-0.420041747433,-0,-0.0875373739085
11.338,-0.254829537315,-0.220226057981,-0,-0.0458693167166
11.339,0.148793097418,0.128661615762,0,0.0267827575353
11.34,-0.380076567667,-0.328839799546,-0,-0.0684137821801
11.341,0.111638397438,0.0966437384515,0,0.0200949115389
11.342,1.60408329387,1.38942042063,0,0.288734992896
11.343,-1.34590921522,-1.16645757551,-0,-0.24226365874
11.344,-1.26753779675,-1.0991584546,-0,-0.228156803415
11.345,1.30814457152,1.13501374342,0,0.235466022874
11.346,0.158955616637,0.137996169402,0,0.0286120109947
11.347,-0.232741158683,-0.202166832396,-0,-0.0418934085629
11.348,-0.251832546342,-0.218873870563,-0,-0.0453298583415
11.349,0.646318358988,0.562048361357,0,0.116337304618
11.35,-0.633176811753,-0.550930876606,-0,-0.113971826116
11.351,-1.26935624188,-1.1050968398,-0,-0.228484123538
11.352,1.36605461992,1.18995179003,0,0.245889831586
11.353,1.04868543504,0.914009715176,0,0.188763378306
11.354,0.300909585524,0.262413187699,0,0.0541637253943
11.355,-1.37572141615,-1.20039444351,-0,-0.247629854906
11.356,-0.467125177491,-0.407821749485,-0,-0.0840825319484
11.357,-1.28865794976,-1.1256883695,-0,-0.231958430957
11.358,-2.62526557619,-2.29454703771,-0,-0.472547803714
11.359,-0.55062246682,-0.481526988556,-0,-0.0991120440276
11.36,-2.93875046525,-2.57141507793,-0,-0.528975083745
11.361,1.36163925198,1.19210385452,0,0.245095065357
11.362,-0.944894553486,-0.827709071911,-0,-0.170081019628
11.363,1.05165335495,0.921741424618,0,0.189297603891
11.364,-0.972234853194,-0.852608365926,-0,-0.175002273575
11.365,-0.596813065306,-0.523670875103,-0,-0.107426351755
11.366,-1.04844604743,-0.92046581667,-0,-0.188720288538
11.367,-0.408750257839,-0.359054919943,-0,-0.073575046411
11.368,-0.659479112291,-0.579622100462,-0,-0.118706240212
11.369,-1.18855061569,-1.04520723479,-0,-0.213939110824
11.37,-0.655886831314,-0.577104228167,-0,-0.118059629637
11.371,-1.50552333118,-1.32541914297,-0,-0.270994199613
11.372,-1.57922055887,-1.39106917257,-0,-0.284259700597
11.373,0.529130304666,0.466346311273,0,0.09524345484
11.374,0.0108949595439,0.009607519851,0,0.0019610927179
11.375,1.20397407174,1.06228817124,0,0.216715332914
11.376,0.523042807974,0.461744545106,0,0.0941477054353
11.377,-0.446855459985,-0.394703265712,-0,-0.0804339827973
11.378,-0.774752312074,-0.684708041777,-0,-0.139455416173
11.379,0.691147120046,0.611155510176,0,0.124406481608
11.38,2.41513710701,2.13678824385,0,0.434724679261
11.381,-0.624568152137,-0.552888784879,-0,-0.112422267385
11.382,-0.476867174213,-0.422370335746,-0,-0.0858360913584
11.383,1.2427899647,1.10136567713,0,0.223702193646
11.384,-0.164153772816,-0.145553372705,-0,-0.0295476791069
11.385,0.0484594246209,0.0429919403322,0,0.00872269643175
11.386,-1.88788810539,-1.6758001169,-0,-0.33981985897
11.387,0.439940379058,0.390729991928,0,0.0791892682304
11.388,-0.539540558869,-0.479450485953,-0,-0.0971173005965
11.389,1.52300843684,1.35412420515,0,0.274141518632
11.39,-0.577517010983,-0.51375644597,-0,-0.103953061977
11.391,-1.73544019025,-1.54467902309,-0,-0.312379234244
11.392,1.15755484448,1.03087511095,0,0.208359872006
11.393,-0.512277378655,-0.456462726263,-0,-0.092209928158
11.394,1.4372060769,1.28131123493,0,0.258697093841
11.395,-1.89255435712,-1.68818168257,-0,-0.340659784281
11.396,1.12471053034,1.00379863254,0,0.202447895461
11.397,-3.13757671904,-2.80178620814,-0,-0.564763809427
11.398,0.500764435936,0.447413106663,0,0.0901375984685
11.399,-0.542700701617,-0.485143231627,-0,-0.097686126291
11.4,1.47303878009,1.31752215763,0,0.265146980416
11.401,-0.00261591137576,-0.00234099621463,-0,-0.000470864047637
11.402,-1.33642014504,-1.19661493874,-0,-0.240555626108
11.403,-0.394954544043,-0.35382786154,-0,-0.0710918179277
11.404,-0.594131751368,-0.532550706679,-0,-0.106943715246
11.405,-0.641457762954,-0.575280088394,-0,-0.115462397332
11.406,-2.34372642191,-2.10305703756,-0,-0.421870755943
11.407,1.07315406866,0.963471459381,0,0.193167732359
11.408,1.28488048359,1.15417572727,0,0.231278487046
11.409,0.238147100391,0.214035944078,0,0.0428664780704
11.41,1.79469711961,1.61385523309,0,0.323045481529
11.411,-0.686331851795,-0.617503383923,-0,-0.123539733323
11.412,-0.157276453879,-0.141579527437,-0,-0.0283097616981
11.413,-0.517944491414,-0.466499641954,-0,-0.0932300084545
11.414,-1.22281988683,-1.10194956973,-0,-0.22010757963
11.415,-0.0779940052612,-0.0703220243583,-0,-0.014038920947
11.416,-0.320719883746,-0.289325508329,-0,-0.0577295790742
11.417,-0.138993700776,-0.125454556494,-0,-0.0250188661397
11.418,-0.567589006336,-0.512572806697,-0,-0.10216602114
11.419,-0.629037471033,-0.568366082729,-0,-0.113226744786
11.42,0.173499484344,0.156848243273,0,0.0312299071818
11.421,0.41301218448,0.373571685792,0,0.0743421932063
11.422,1.10049801449,0.995932151175,0,0.198089642608
11.423,-1.00740747022,-0.912168018661,-0,-0.181333344639
11.424,0.527957090811,0.478296574537,0,0.095032276346
11.425,-1.58129709086,-1.43331243304,-0,-0.284633476355
11.426,-0.188930968316,-0.171340126445,-0,-0.0340075742969
11.427,-0.166193671676,-0.150799095125,-0,-0.0299148609017
11.428,0.358896915546,0.325823258537,0,0.0646014447983
11.429,-0.195766141749,-0.17781886183,-0,-0.0352379055149
11.43,0.939645473388,0.8539490148,0,0.16913618521
11.431,-1.27862217689,-1.16261950217,-0,-0.23015199184
11.432,1.04944986102,0.954738210191,0,0.188900974984
11.433,0.643039688336,0.585311976343,0,0.115747143901
11.434,2.25148370967,2.05043141565,0,0.405267067741
11.435,-0.149863221889,-0.136552008732,-0,-0.02697537994
11.436,-0.0922307353497,-0.0840823947954,-0,-0.016601532363
11.437,2.18606301354,1.99396823127,0,0.393491342437
11.438,-0.244939631583,-0.223532440201,-0,-0.0440891336849
11.439,0.0119371668271,0.0108995479521,0,0.00214869002887
11.44,-0.120253622053,-0.109857799839,-0,-0.0216456519695
11.441,-0.42821798377,-0.391401895343,-0,-0.0770792370786
11.442,-0.548937433301,-0.502002574323,-0,-0.0988087379942
11.443,-0.117140194304,-0.107180035217,-0,-0.0210852349747
11.444,-0.865578472602,-0.792390105733,-0,-0.155804125068
11.445,-0.698359156802,-0.639640353566,-0,-0.125704648224
11.446,1.46835000999,1.3455840242,0,0.264303001799
11.447,-0.54392225077,-0.498703078862,-0,-0.0979060051387
11.448,-1.61826651019,-1.48449605104,-0,-0.291287971835
11.449,0.805209466525,0.73902891636,0,0.144937703975
11.45,-0.0849385774966,-0.0779975364622,-0,-0.0152889439494
11.451,1.20505340422,1.10714708939,0,0.21690961276
11.452,-1.68496854316,-1.54886560583,-0,-0.303294337768
11.453,-0.691681187768,-0.636136911041,-0,-0.124502613798
11.454,0.0565936142099,0.0520756306788,0,0.0101868505578
11.455,-0.609955505892,-0.561548826897,-0,-0.109791991061
11.456,1.00163561073,0.922616396028,0,0.180294409932
11.457,0.515770832204,0.475324299715,0,0.0928387497968
11.458,-0.265375230094,-0.244689443172,-0,-0.047767541417
11.459,-0.483624472835,-0.446153713214,-0,-0.0870524051103
11.46,0.401755897627,0.37081703774,0,0.0723160615728
11.461,-0.30241549038,-0.279268796014,-0,-0.0544347882684
11.462,0.510561634743,0.471723270459,0,0.0919010942538
11.463,0.476494652988,0.440471366781,0,0.0857690375379
11.464,2.81439294146,2.60294321427,0,0.506590729464
11.465,-0.801401517865,-0.741566692222,-0,-0.144252273216
11.466,0.50591285018,0.468377087789,0,0.0910643130325
11.467,-2.0467308319,-1.89583406876,-0,-0.368411549743
11.468,2.33436396891,2.16335407687,0,0.420185514404
11.469,0.73468383599,0.68120644286,0,0.132243090478
11.47,2.09323263048,1.94184592593,0,0.376781873486
11.471,0.357859678589,0.332145851892,0,0.0644147421461
11.472,-0.11180630271,-0.103824758176,-0,-0.0201251344879
11.473,0.614266687308,0.570702750232,0,0.110568003715
11.474,-0.0369502803845,-0.0343470057938,-0,-0.00665105046921
11.475,0.709647561667,0.659981537076,0,0.1277365611
11.476,0.45260263513,0.421137446229,0,0.0814684743234
11.477,-0.0367577606591,-0.0342194732096,-0,-0.00661639691864
11.478,-0.053087795005,-0.0494465775578,-0,-0.0095558031009
11.479,-1.11049715616,-1.0348467973,-0,-0.19988948811
11.48,0.806131379033,0.751590493456,0,0.145103648226
11.481,0.37665868049,0.351350080979,0,0.0677985624882
11.482,-1.09057193115,-1.01780083282,-0,-0.196302947608
11.483,-1.44213822876,-1.34657816378,-0,-0.259584881177
11.484,-1.12932615033,-1.05501840983,-0,-0.20327870706
11.485,-0.402207968474,-0.375930084458,-0,-0.0723974343254
11.486,0.780451499199,0.729823549,0,0.140481269856
11.487,3.06058837142,2.86346712776,0,0.550905906855
11.488,-0.190070705028,-0.177917051009,-0,-0.034212726905
11.489,-2.06516869755,-1.93407277011,-0,-0.371730365558
11.49,0.464326553343,0.435066326933,0,0.0835787796017
11.491,-0.933109566523,-0.874740128679,-0,-0.167959721974
11.492,1.22034068483,1.14456836741,0,0.21966132327
11.493,-1.23621653687,-1.16003000057,-0,-0.222518976637
11.494,-1.07210436644,-1.00652726504,-0,-0.192978785959
11.495,0.851577675006,0.799882759228,0,0.153283981501
11.496,-1.47968641356,-1.39054525561,-0,-0.266343554441
11.497,0.512685350714,0.482036035258,0,0.0922833631285
11.498,1.6806903467,1.58099043411,0,0.302524262406
11.499,-0.433370997223,-0.407862805412,-0,-0.0780067795001
11.5,1.02232299893,0.962620032205,0,0.184018139808
11.501,0.670558061806,0.631706638126,0,0.120700451125
11.502,-0.256692414647,-0.241938040636,-0,-0.0462046346364
11.503,1.69483782707,1.59820000179,0,0.305070808872
11.504,0.501643820995,0.473271206574,0,0.090295887779
11.505,-0.746240990045,-0.704376952501,-0,-0.134323378208
11.506,-1.02836409325,-0.971145147855,-0,-0.185105536785
11.507,-1.78430788125,-1.68584647022,-0,-0.321175418625
11.508,0.64511612218,0.609813300751,0,0.116120901992
11.509,-0.0519476102272,-0.0491286831341,-0,-0.0093505698409
11.51,-0.0546675382811,-0.0517260605335,-0,-0.0098401568906
11.511,1.74065106124,1.64778947382,0,0.313317191023
11.512,0.137283984956,0.130022880805,0,0.0247111172921
11.513,-0.925256850113,-0.876742180736,-0,-0.16654623302
11.514,-0.531462230629,-0.503838634644,-0,-0.0956632015132
11.515,1.42465818218,1.35126020952,0,0.256438472792
11.516,-1.34053508323,-1.27208323869,-0,-0.241296314981
11.517,0.474189413447,0.450192252709,0,0.0853540944205
11.518,0.0569575270957,0.0541010742745,0,0.0102523548772
11.519,-1.14868374838,-1.09160024257,-0,-0.206763074709
11.52,-0.583141425578,-0.554428066737,-0,-0.104965456604
11.521,-0.206330031534,-0.196264479619,-0,-0.0371394056761
11.522,-1.63338640511,-1.55444704487,-0,-0.29400955292
11.523,-0.688404851394,-0.655448286906,-0,-0.123912873251
11.524,-0.580679368442,-0.553143998474,-0,-0.104522286319
11.525,-1.03862961334,-0.989850464951,-0,-0.186953330402
11.526,-0.790253358626,-0.753498002231,-0,-0.142245604553
11.527,-1.01209619692,-0.965482031027,-0,-0.182177315445
11.528,-2.15754302744,-2.05915149002,-0,-0.388357744939
11.529,0.18257689337,0.174333504108,0,0.0328638408066
11.53,0.0211134112556,0.0201697005361,0,0.003800414026
11.531,-1.13162448615,-1.08155636821,-0,-0.203692407507
11.532,1.19065658129,1.13851538063,0,0.214318184631
11.533,-1.22691863018,-1.17374428813,-0,-0.220845353432
11.534,-1.19697628894,-1.14564062849,-0,-0.21545573201
11.535,1.16471888838,1.1152927768,0,0.209649399909
11.536,0.383098673364,0.367014407842,0,0.0689577612055
11.537,0.341640759221,0.327451226532,0,0.0614953366598
11.538,0.0163570719047,0.0156850810296,0,0.00294427294284
11.539,0.582431136984,0.558765819566,0,0.104837604657
11.54,0.14681837735,0.140918980955,0,0.026427307923
11.541,-1.24996184004,-1.20029898366,-0,-0.224993131207
11.542,0.14940945192,0.143540398949,0,0.0268937013455
11.543,-0.0205751055658,-0.019776130721,-0,-0.00370351900184
11.544,2.07397291453,1.99436797126,0,0.373315124615
11.545,-1.17325578524,-1.12874972274,-0,-0.211186041342
11.546,1.86575458564,1.7958166534,0,0.335835825416
11.547,0.0468729887409,0.0451369729908,0,0.00843713797337
11.548,0.272307821635,0.262344516636,0,0.0490154078943
11.549,-2.05589369653,-1.98159274686,-0,-0.370060865376
11.55,-0.857485000014,-0.826878952246,-0,-0.154347300003
11.551,-1.13952480967,-1.09936177002,-0,-0.20511446574
11.552,0.0550563545051,0.0531404857327,0,0.00991014381092
11.553,1.43219612452,1.38299805083,0,0.257795302414
11.554,0.0068411580412,0.00660920900577,0,0.00123140844742
11.555,-1.88325529713,-1.82024409975,-0,-0.338985953483
11.556,0.452488660099,0.437550806647,0,0.0814479588178
11.557,-0.134450068866,-0.130071442275,-0,-0.024201012396
11.558,0.584643721736,0.565864094832,0,0.105235869913
11.559,0.668899692945,0.647711410721,0,0.12040194473
11.56,-1.26244651454,-1.22301849866,-0,-0.227240372618
11.561,1.76667941084,1.71228895749,0,0.318002293952
11.562,-0.227017454048,-0.220129177025,-0,-0.0408631417286
11.563,-0.391772149403,-0.380058768089,-0,-0.0705189868926
11.564,0.122996280001,0.119373462889,0,0.0221393304001
11.565,-0.030749472035,-0.0298573927751,-0,-0.0055349049663
11.566,-1.24719932836,-1.21156933085,-0,-0.224495879106
11.567,1.47652879319,1.43500128966,0,0.265775182774
11.568,0.294948169973,0.286783280282,0,0.0530906705951
11.569,0.31903697235,0.310346371028,0,0.057426655023
11.57,0.152920508953,0.148822538508,0,0.0275256916115
11.571,1.79596622728,1.74863126505,0,0.32327392091
11.572,0.0779095605141,0.075890551934,0,0.0140237208925
11.573,0.679570849143,0.66225975523,0,0.122322752846
11.574,-0.198977126548,-0.193996201945,-0,-0.0358158827787
11.575,-2.92251458389,-2.85064405092,-0,-0.5260526251
11.576,-0.101310578789,-0.0988637584828,-0,-0.018235904182
11.577,1.24609287336,1.21654598901,0,0.224296717205
11.578,0.531341021014,0.5189757277,0,0.0956413837826
11.579,2.02186724124,1.97570318986,0,0.363936103422
11.58,-0.588561545104,-0.575381767719,-0,-0.105941078119
11.581,0.0234894059865,0.0229737122986,0,0.00422809307757
11.582,-1.5591094452,-1.52556410021,-0,-0.280639700137
11.583,0.267636066928,0.261994994322,0,0.0481744920471
11.584,0.733971500579,0.71882278008,0,0.132114870104
11.585,0.00522631946989,0.00512073912487,0,0.00094073750458
11.586,0.147388265397,0.144475249097,0,0.0265298877714
11.587,-0.588321684701,-0.576951131936,-0,-0.105897903246
11.588,1.44803679919,1.42068300375,0,0.260646623855
11.589,0.746553672231,0.73277698007,0,0.134379661002
11.59,-0.563324474988,-0.553174791577,-0,-0.101398405498
11.591,0.293638016809,0.288475413347,0,0.0528548430256
11.592,-0.240278551966,-0.236158767174,-0,-0.0432501393538
11.593,1.44540675198,1.42125326087,0,0.260173215357
11.594,1.66148916107,1.6344476634,0,0.299068048993
11.595,-0.276275178892,-0.271898786457,-0,-0.0497295322005
11.596,-2.16708465492,-2.13369802286,-0,-0.390075237885
11.597,-0.883572219744,-0.870343301691,-0,-0.159042999554
11.598,0.42476323034,0.418587925978,0,0.0764573814612
11.599,1.43005730633,1.4098868185,0,0.257410315139
11.6,-1.50932050244,-1.4886859532,-0,-0.27167769044
11.601,-0.161181736963,-0.15904793829,-0,-0.0290127126534
11.602,-1.18124494984,-1.16611814559,-0,-0.21262409097
11.603,-0.378355004711,-0.373673440793,-0,-0.0681039008481
11.604,0.19856287983,0.1961917557,0,0.0357413183693
11.605,1.92718696615,1.90500564264,0,0.346893653907
11.606,-0.540985215702,-0.534992042451,-0,-0.0973773388264
11.607,-0.344243275333,-0.340578072381,-0,-0.06196378956
11.608,-0.941282740285,-0.931666304541,-0,-0.169430893251
11.609,-1.04015990445,-1.02998111239,-0,-0.187228782801
11.61,-1.16500054921,-1.15410128322,-0,-0.209700098858
11.611,-0.623293862769,-0.617730535107,-0,-0.112192895298
11.612,0.571421110046,0.566566259602,0,0.102855799808
11.613,1.01588338564,1.00768843972,0,0.182859009416
11.614,-0.420625073755,-0.417412404492,-0,-0.0757125132759
11.615,-0.00595857941604,-0.00591562292572,-0,-0.00107254429489
11.616,0.82518284346,0.819587417638,0,0.148532911823
11.617,-1.83565598869,-1.82399444991,-0,-0.330418077964
11.618,-0.61836622285,-0.614702364598,-0,-0.111305920113
11.619,-1.40969396117,-1.40194396368,-0,-0.25374491301
11.62,-0.45367471467,-0.451374338239,-0,-0.0816614486407
11.621,0.864474071226,0.860459669107,0,0.155605332821
11.622,0.660625252581,0.65783921493,0,0.118912545465
11.623,0.545296298457,0.543229019402,0,0.0981533337222
11.624,0.302364285993,0.301346750361,0,0.0544255714787
11.625,-0.0804913611555,-0.0802547381334,-0,-0.014488445008
11.626,-0.371207714845,-0.370274307157,-0,-0.0668173886721
11.627,-0.119482188954,-0.119232517015,-0,-0.0215067940118
11.628,-0.413756591777,-0.41306767298,-0,-0.0744761865199
11.629,0.877080979172,0.875992724038,0,0.157874576251
11.63,-1.31189839453,-1.31082680609,-0,-0.236141711015
11.631,1.32265516714,1.32213510584,0,0.238077930086
11.632,1.40186734918,1.40190956447,0,0.252336122852
11.633,0.250054729995,0.250168030378,0,0.0450098513991
11.634,-0.277546458663,-0.277789525722,-0,-0.0499583625593
11.635,0.078306749723,0.0784084011391,0,0.0140952149501
11.636,0.674895649142,0.676056566998,0,0.121481216846
11.637,-0.118132119055,-0.118385140132,-0,-0.0212637814298
11.638,1.0771702807,1.07993131571,0,0.193890650526
11.639,0.514496371997,0.516031777521,0,0.0926093469594
11.64,-1.77136421481,-1.77739575113,-0,-0.318845558665
11.641,-0.779507126913,-0.782489079994,-0,-0.140311282844
11.642,0.689314276844,0.692240774478,0,0.124076569832
11.643,-0.357073823236,-0.358739672968,-0,-0.0642732881825
11.644,-0.631689348119,-0.634901309169,-0,-0.113704082661
11.645,-0.71735548671,-0.721303685815,-0,-0.129123987608
11.646,0.086827844642,0.0873420918531,0,0.0156290120356
11.647,0.460926839318,0.463849604908,0,0.0829668310772
11.648,1.07139859044,1.07864037564,0,0.192851746279
11.649,1.42656920388,1.4368076726,0,0.256782456698
11.65,-0.422758314411,-0.425968934047,-0,-0.0760964965939
11.651,-1.13223312203,-1.14130411692,-0,-0.203801961965
11.652,-0.392027409095,-0.395331575425,-0,-0.0705649336371
11.653,-0.23830520978,-0.240412992145,-0,-0.0428949377603
11.654,-0.467609940084,-0.471940491681,-0,-0.0841697892151
11.655,-0.638030112123,-0.644204234302,-0,-0.114845420182
11.656,0.955622042376,0.965266500434,0,0.172011967628
11.657,-0.58807508867,-0.594254280091,-0,-0.105853515961
11.658,-0.330821376903,-0.334434709127,-0,-0.0595478478425
11.659,0.174874637908,0.176857155062,0,0.0314774348234
11.66,1.42974138631,1.44654219329,0,0.257353449536
11.661,0.712445936601,0.721112668301,0,0.128240268588
11.662,0.56559736615,0.572711584131,0,0.101807525907
11.663,-0.788307660069,-0.798548866062,-0,-0.141895378812
11.664,0.495611779128,0.502255053711,0,0.089210120243
11.665,0.314403466002,0.31874747228,0,0.0565926238804
11.666,-0.020309963485,-0.0205989497995,-0,-0.0036557934273
11.667,0.768398451209,0.779648258837,0,0.138311721218
11.668,-0.25493497872,-0.258772272406,-0,-0.0458882961696
11.669,0.251084228451,0.254966785786,0,0.0451951611213
11.67,-0.930202463394,-0.944968446777,-0,-0.167436443411
11.671,-0.631804575023,-0.642093123577,-0,-0.113724823504
11.672,-0.560967578987,-0.570332642401,-0,-0.100974164218
11.673,0.855752057694,0.870389045783,0,0.154035370385
11.674,-0.576698825992,-0.586798930118,-0,-0.103805788678
11.675,-1.0717741133,-1.09098322907,-0,-0.192919340394
11.676,1.42323899282,1.44932903907,0,0.256183018708
11.677,0.687661992429,0.700548671928,0,0.123779158637
11.678,-0.254926128908,-0.259807426119,-0,-0.0458867032034
11.679,-1.42301326391,-1.45084112524,-0,-0.256142387503
11.68,0.58538428116,0.597070273945,0,0.105369170609
11.681,-0.932181924101,-0.951170424838,-0,-0.167792746338
11.682,-2.10370541305,-2.14741329034,-0,-0.378666974349
11.683,1.13904926377,1.1631776667,0,0.205028867479
11.684,-0.0463618279326,-0.0473627288873,-0,-0.00834512902787
11.685,0.367246545683,0.375323958846,0,0.0661043782229
11.686,-1.55923443401,-1.59416097238,-0,-0.280662198121
11.687,1.25169210741,1.28023660247,0,0.225304579334
11.688,0.373357977759,0.382023356188,0,0.0672044359966
11.689,0.702514316626,0.719103160151,0,0.126452576993
11.69,-1.71079604615,-1.75188493423,-0,-0.307943288307
11.691,-1.11196672839,-1.139121997,-0,-0.20015401111
11.692,0.512670940329,0.52539754153,0,0.0922807692592
11.693,1.03669514683,1.06284779061,0,0.186605126429
11.694,2.68351806889,2.75229505494,0,0.4830332524
11.695,0.801536368948,0.822401587586,0,0.144276546411
11.696,-1.1062694445,-1.13551179438,-0,-0.199128500011
11.697,0.116972937963,0.12011187302,0,0.0210551288333
11.698,-0.216571686649,-0.222470183546,-0,-0.0389829035968
11.699,-0.528791107958,-0.543405030769,-0,-0.0951823994325
11.7,0.486705307632,0.500350979602,0,0.0876069553738
11.701,-0.510005991424,-0.52450894003,-0,-0.0918010784563
11.702,-1.82198322915,-1.87452277215,-0,-0.327956981247
11.703,-2.43545174933,-2.50665398207,-0,-0.438381314879
11.704,1.85326032443,1.90818107074,0,0.333586858398
11.705,0.831159390956,0.856121792215,0,0.149608690372
11.706,-0.501353969384,-0.51661089184,-0,-0.0902437144892
11.707,0.442392701588,0.456031353618,0,0.0796306862858
11.708,1.31627545491,1.35737849693,0,0.236929581883
11.709,-1.10757317003,-1.14259896333,-0,-0.199363170605
11.71,-0.112364121763,-0.115962097306,-0,-0.0202255419173
11.711,0.63343694615,0.653971128227,0,0.114018650307
11.712,0.104586802191,0.108018623348,0,0.0188256243945
11.713,-0.939126799482,-0.970314096625,-0,-0.169042823907
11.714,0.0460067224109,0.0475527391691,0,0.00828121003396
11.715,2.17793470702,2.25198255045,0,0.392028247264
11.716,-1.9510827001,-2.01818767126,-0,-0.351194886018
11.717,1.25283910313,1.29642279966,0,0.225511038563
11.718,-0.41781904378,-0.432518675834,-0,-0.0752074278803
11.719,0.595671852039,0.616863068827,0,0.107220933367
11.72,1.63741900664,1.6963144474,0,0.294735421195
11.721,0.468513296398,0.485549018482,0,0.0843323933517
11.722,-0.959380138194,-0.994640853615,-0,-0.172688424875
11.723,-2.55757601238,-2.65257892492,-0,-0.460363682228
11.724,1.19267280896,1.23744259646,0,0.214681105612
11.725,0.912567198355,0.947179654393,0,0.164262095704
11.726,-0.882220159975,-0.916026486864,-0,-0.158799628795
11.727,2.07068848623,2.15084519585,0,0.372723927521
11.728,-2.42320689583,-2.51795518959,-0,-0.436177241249
11.729,-1.03050396081,-1.07119877183,-0,-0.185490712946
11.73,-0.325427607888,-0.338405551352,-0,-0.0585769694198
11.731,-0.37283005031,-0.387843451372,-0,-0.0671094090557
11.732,-0.381508676233,-0.397019854,-0,-0.068671561722
11.733,-0.0493602419081,-0.0513862733494,-0,-0.00888484354346
11.734,-1.20681399089,-1.25681686904,-0,-0.21722651836
11.735,-1.046235136,-1.0899901454,-0,-0.18832232448
11.736,-0.25075432589,-0.261338319819,-0,-0.0451357786602
11.737,-0.981707140666,-1.02352342122,-0,-0.17670728532
11.738,1.51487656382,1.57998891765,0,0.272677781488
11.739,0.442655303323,0.46185240438,0,0.0796779545981
11.74,-0.10966383662,-0.114462044904,-0,-0.0197394905915
11.741,1.80288029131,1.88245788104,0,0.324518452437
11.742,-0.039865358607,-0.0416403286227,-0,-0.00717576454926
11.743,2.25266122652,2.35382536158,0,0.405479020773
11.744,0.253058086233,0.264519832247,0,0.045550455522
11.745,-0.530491171798,-0.554722306342,-0,-0.0954884109236
11.746,0.38175417615,0.399337872487,0,0.068715751707
11.747,0.466301846147,0.487958465329,0,0.0839343323065
11.748,-0.763397081323,-0.79914395785,-0,-0.137411474638
11.749,0.973979315927,1.01995931047,0,0.175316276867
11.75,0.821822016743,0.860932805443,0,0.147927963014
11.751,0.170516542461,0.178696546523,0,0.030692977643
11.752,-2.29301802361,-2.40389254772,-0,-0.41274324425
11.753,0.0968476753232,0.101567440673,0,0.0174325815582
11.754,0.913820295734,0.958701966521,0,0.164487653232
11.755,0.68968100338,0.723816331047,0,0.124142580608
11.756,0.241093859008,0.253118181458,0,0.0433968946214
11.757,0.17096913599,0.17956090028,0,0.0307744444782
11.758,-0.0972757591587,-0.102201044594,-0,-0.0175096366486
11.759,1.14926033462,1.20788491367,0,0.206866860231
11.76,-0.0154298904332,-0.0162228143904,-0,-0.00277738027797
11.761,-0.711088028869,-0.747898611794,-0,-0.127995845196
11.762,1.94387195029,2.04523304004,0,0.349896951052
11.763,2.81072451625,2.95834623249,0,0.505930412925
11.764,-1.27489152065,-1.34233003602,-0,-0.229480473718
11.765,-1.3765310352,-1.44986385866,-0,-0.247775586335
11.766,0.792207863682,0.834709375886,0,0.142597415463
11.767,0.559110351445,0.589316208905,0,0.10063986326
11.768,-1.19304656816,-1.25794816134,-0,-0.214748382268
11.769,-0.117549887787,-0.123988626177,-0,-0.0211589798017
11.77,-0.20690406893,-0.218314572324,-0,-0.0372427324074
11.771,-0.0179947320807,-0.018993846707,-0,-0.00323905177452
11.772,-0.345472028642,-0.364782561324,-0,-0.0621849651556
11.773,-0.335621209439,-0.354506331059,-0,-0.0604118176991
11.774,1.14987407514,1.21500505313,0,0.206977333525
11.775,-0.443125817538,-0.468390247891,-0,-0.0797626471569
11.776,-0.828223642302,-0.875752100957,-0,-0.149080255614
11.777,0.607805734757,0.642911088518,0,0.109405032256
11.778,1.33794056755,1.4157132229,0,0.240829302159
11.779,0.0427233358237,0.0452226230914,0,0.00769020044827
11.78,-2.1239639054,-2.24900095536,-0,-0.382313502972
11.781,-1.1488286827,-1.21688482681,-0,-0.206789162886
11.782,-0.785515374983,-0.832339257866,-0,-0.141392767497
11.783,-0.435331571353,-0.461442000322,-0,-0.0783596828436
11.784,1.53456262276,1.6271688651,0,0.276221272097
11.785,-0.0578100809169,-0.0613200393486,-0,-0.010405814565
11.786,0.150289830573,0.159470026079,0,0.0270521695031
11.787,-0.596112994049,-0.632744628199,-0,-0.107300338929
11.788,-0.967641760416,-1.02745940955,-0,-0.174175516875
11.789,0.520511852512,0.552879735102,0,0.0936921334521
11.79,-0.530951878513,-0.564163484619,-0,-0.0955713381324
11.791,-1.19499302555,-1.27017841962,-0,-0.215098744599
11.792,0.440462066775,0.46833563547,0,0.0792831720195
11.793,-0.0111869603336,-0.0118989847547,-0,-0.00201365286005
11.794,1.14510409805,1.21840502586,0,0.20611873765
11.795,-0.488172099779,-0.519599058774,-0,-0.0878709779603
11.796,0.826178665425,0.879666088234,0,0.148712159776
11.797,-0.450928466365,-0.480285842138,-0,-0.0811671239456
11.798,-1.8089845568,-1.92741411405,-0,-0.325617220224
11.799,0.878814089103,0.936666558311,0,0.158186536039
11.8,-0.395277318573,-0.421441707111,-0,-0.0711499173431
11.801,-0.163572351217,-0.174458812816,-0,-0.029443023219
11.802,1.60365707283,1.71096728049,0,0.28865827311
11.803,-0.0972075244144,-0.103747359602,-0,-0.0174973543946
11.804,-0.133689127703,-0.142731560321,-0,-0.0240640429865
11.805,1.86289284806,1.98956594587,0,0.335320712651
11.806,-0.111178295292,-0.118778216212,-0,-0.0200120931526
11.807,0.145879807073,0.155904294548,0,0.0262583652731
11.808,0.434127619133,0.464115646573,0,0.078142971444
11.809,0.0817131608872,0.0873869304199,0,0.0147083689597
11.81,0.0875595777771,0.0936706639148,0,0.0157607239999
11.811,-0.176591220387,-0.188979327297,-0,-0.0317864196697
11.812,0.464977643435,0.497762642477,0,0.0836959758183
11.813,0.391824337776,0.419591283025,0,0.0705283807997
11.814,1.8280782562,1.95827842417,0,0.329054086116
11.815,-0.192713432874,-0.206507598405,-0,-0.0346884179174
11.816,-0.129945652524,-0.13929322077,-0,-0.0233902174543
11.817,-2.08301193981,-2.23359253015,-0,-0.374942149165
11.818,-1.26151862712,-1.35316141411,-0,-0.227073352881
11.819,0.0420866990951,0.0451590020946,0,0.00757560583711
11.82,0.216553185082,0.232438126702,0,0.0389795733148
11.821,-0.147572819138,-0.15845000947,-0,-0.0265631074449
11.822,-1.7465811016,-1.87593394702,-0,-0.314384598288
11.823,1.06870322168,1.14822918164,0,0.192366579903
11.824,-1.11344451664,-1.19669231864,-0,-0.200420012995
11.825,0.473370362001,0.508929039119,0,0.0852066651603
11.826,0.0135759603959,0.0146005347926,0,0.00244367287126
11.827,0.89698505426,0.964995360914,0,0.161457309767
11.828,-0.387177689786,-0.416669724973,-0,-0.0696919841614
11.829,1.20471572704,1.29690328515,0,0.216848830868
11.83,-2.78035416906,-2.99408624212,-0,-0.50046375043
11.831,1.01312155563,1.09135665242,0,0.182361880013
11.832,0.17511314793,0.188696847621,0,0.0315203666275
11.833,1.75040089551,1.88679165779,0,0.315072161192
11.834,0.204505799162,0.220512069366,0,0.0368110438492
11.835,2.11972904881,2.28637356731,0,0.381551228786
11.836,0.805383408903,0.868979248957,0,0.144969013602
11.837,0.747887361861,0.807202679172,0,0.134619725135
11.838,0.144039187951,0.155512937056,0,0.0259270538312
11.839,-0.12597800434,-0.136056667173,-0,-0.0226760407811
11.84,0.0952273681584,0.102878806222,0,0.0171409262685
11.841,-1.63092752528,-1.76253444445,-0,-0.29356695455
11.842,1.49198320482,1.61289273872,0,0.268556976868
11.843,0.967071403447,1.04577554348,0,0.17407285262
11.844,2.02886614718,2.19468153108,0,0.365195906492
11.845,0.201340719766,0.217865111656,0,0.0362413295579
11.846,1.44778535565,1.56710463977,0,0.260601364017
11.847,-2.43260004425,-2.63391683349,-0,-0.437868007964
11.848,0.296438983127,0.321073142564,0,0.0533590169629
11.849,-1.75974207057,-1.906578903,-0,-0.316753572703
11.85,-1.03263667903,-1.11915490168,-0,-0.185874602226
11.851,0.847388615888,0.91867511674,0,0.15252995086
11.852,1.3221786722,1.43385731089,0,0.237992160995
11.853,-0.877532161373,-0.951952054402,-0,-0.157955789047
11.854,0.297805522225,0.323162389939,0,0.0536049940005
11.855,0.900278911366,0.97723937904,0,0.162050204046
11.856,-0.999282417428,-1.0850449529,-0,-0.179870835137
11.857,0.856781582314,0.930604174823,0,0.154220684817
11.858,1.40282492737,1.52417040227,0,0.252508486926
11.859,0.0292853833915,0.0318284818667,0,0.00527136901046
11.86,-1.06630103723,-1.15925663186,-0,-0.191934186701
11.861,0.0364223710698,0.039609786818,0,0.00655602679257
11.862,0.758504987483,0.825138877831,0,0.136530897747
11.863,0.200634274777,0.218327197824,0,0.0361141694598
11.864,0.713773318298,0.776956876378,0,0.128479197294
11.865,-2.01898119834,-2.19837894966,-0,-0.363416615701
11.866,-1.26474234859,-1.37754503557,-0,-0.227653622746
11.867,-1.02131049886,-1.11274279464,-0,-0.183835889795
11.868,-0.233541291729,-0.254526911412,-0,-0.0420374325111
11.869,-0.80218889393,-0.874539632791,-0,-0.144394000907
11.87,0.456741622984,0.498087965787,0,0.0822134921371
11.871,0.121811695809,0.132879149869,0,0.0219261052456
11.872,1.03682360884,1.13137065216,0,0.186628249592
11.873,0.317543840567,0.346605691686,0,0.057157891302
11.874,0.499606486595,0.545496310102,0,0.0899291675872
11.875,0.3794424694,0.41442049485,0,0.068299644492
11.876,1.18168892414,1.29101050496,0,0.212704006345
11.877,-0.217032138371,-0.23718202415,-0,-0.0390657849068
11.878,-0.140357647691,-0.153435092468,-0,-0.0252643765843
11.879,0.607745019776,0.664569965375,0,0.10939410356
11.88,-0.680297592538,-0.744129812673,-0,-0.122453566657
11.881,2.70226288579,2.95670245667,0,0.486407319443
11.882,-1.04037768858,-1.13867843895,-0,-0.187267983945
11.883,1.64742802153,1.80362540524,0,0.296537043875
11.884,0.139503974241,0.152776335783,0,0.0251107153633
11.885,-0.505688578769,-0.55396465371,-0,-0.0910239441784
11.886,0.396718896789,0.434721364721,0,0.0714094014221
11.887,-1.14684142232,-1.25707283278,-0,-0.206431456017
11.888,2.2938913857,2.51511982276,0,0.412900449426
11.889,0.569213511713,0.624294596733,0,0.102458432108
11.89,-1.5494138871,-1.69984824798,-0,-0.278894499679
11.891,-0.501830188449,-0.550715893137,-0,-0.0903294339207
11.892,-1.16117364526,-1.27466453277,-0,-0.209011256147
11.893,0.670316791051,0.73604865165,0,0.120657022389
11.894,1.48888486302,1.63536619332,0,0.267999275343
11.895,1.07007899693,1.17570131905,0,0.192614219448
11.896,1.13125289641,1.24327706008,0,0.203625521354
11.897,-0.428739961174,-0.471334270155,-0,-0.0771731930113
11.898,0.0488910551105,0.0537639399437,0,0.00880038991989
11.899,-2.55744934204,-2.81316449664,-0,-0.460340881566
11.9,0.195378970252,0.214977050976,0,0.0351682146453
11.901,-1.25610452052,-1.38250288623,-0,-0.226098813694
11.902,-0.181620474823,-0.199954344535,-0,-0.0326916854682
11.903,0.958154486051,1.05518141128,0,0.172467807489
11.904,-0.558186251567,-0.614888078468,-0,-0.100473525282
11.905,0.739244781152,0.814573607144,0,0.133064060607
11.906,0.19643345048,0.216512227898,0,0.0353580210863
11.907,-1.27286926963,-1.40338066264,-0,-0.229116468533
11.908,-0.0659243520187,-0.0727046261582,-0,-0.0118663833634
11.909,-0.446577143142,-0.492648248631,-0,-0.0803838857656
11.91,0.634084791362,0.699699964072,0,0.114135262445
11.911,-0.536826853398,-0.59254671748,-0,-0.0966288336116
11.912,-1.80847705088,-1.99675602096,-0,-0.325525869159
11.913,-0.101892778935,-0.112532723695,-0,-0.0183407002082
11.914,-0.236555953274,-0.261331953737,-0,-0.0425800715892
11.915,-0.424136672977,-0.468691907296,-0,-0.0763446011358
11.916,-0.332167685409,-0.367165437448,-0,-0.0597901833737
11.917,0.049373045598,0.0545904783784,0,0.00888714820763
11.918,0.188642233822,0.208635530033,0,0.033955602088
11.919,-0.432643735485,-0.478632188557,-0,-0.0778758723873
11.92,0.391943890299,0.433727852107,0,0.0705499002539
11.921,0.801538372223,0.887236597871,0,0.144276907
11.922,-0.152660201631,-0.169029483761,-0,-0.0274788362936
11.923,-0.189913241571,-0.210335786988,-0,-0.0341843834829
11.924,-0.684455313852,-0.758270396624,-0,-0.123201956493
11.925,-1.12319141554,-1.24466833657,-0,-0.202174454798
11.926,0.881031173835,0.976588920381,0,0.15858561129
11.927,0.988190706478,1.09567491992,0,0.177874327166
11.928,-0.137240182374,-0.152209748066,-0,-0.0247032328274
11.929,-0.234661490153,-0.260329279772,-0,-0.0422390682276
11.93,0.493329941857,0.547442445021,0,0.0887993895342
11.931,0.725907394445,0.805752752728,0,0.130663331
11.932,-0.687971847965,-0.763854457898,-0,-0.123834932634
11.933,0.719186411735,0.798731079342,0,0.129453554112
11.934,0.165532357643,0.183891204644,0,0.0297958243758
11.935,0.85033532886,0.944902534926,0,0.153060359195
11.936,-1.52186291147,-1.6915733917,-0,-0.273935324065
11.937,-1.22220010775,-1.35886382593,-0,-0.219996019395
11.938,2.13733553241,2.37697394151,0,0.384720395834
11.939,1.50915766635,1.67882029663,0,0.271648379943
11.94,1.07940463787,1.20107892274,0,0.194292834816
11.941,0.648857408185,0.722194189097,0,0.116794333473
11.942,-0.122511891964,-0.136395553438,-0,-0.0220521405536
11.943,1.26087511085,1.40414212315,0,0.226957519954
11.944,-1.58749684304,-1.76835186144,-0,-0.285749431748
11.945,0.463690092277,0.516654521783,0,0.0834642166099
11.946,-1.21384469479,-1.35285712971,-0,-0.218492045061
11.947,0.120228629586,0.134033354256,0,0.0216411533255
11.948,1.07744752194,1.20148148377,0,0.193940553949
11.949,1.03385536187,1.15317838516,0,0.186093965137
11.95,1.03902331244,1.15925116656,0,0.18702419624
11.951,0.954042368016,1.06471957655,0,0.171727626243
11.952,-0.328101134773,-0.366260787832,-0,-0.0590582042592
11.953,-0.668710008112,-0.74668154642,-0,-0.12036780146
11.954,0.0595647074961,0.0665275145095,0,0.0107216473493
11.955,0.661432923109,0.738945774766,0,0.11905792616
11.956,0.838623475287,0.937147695309,0,0.150952225552
11.957,-0.569886656241,-0.637006063041,-0,-0.102579598123
11.958,0.392258684391,0.438572588546,0,0.0706065631905
11.959,1.11965655688,1.25218175254,0,0.201538180238
11.96,-0.63451544594,-0.709803530499,-0,-0.114212780269
11.961,0.266392630444,0.298078988513,0,0.0479506734798
11.962,0.194793116926,0.218019707616,0,0.0350627610467
11.963,-0.907436961482,-1.01590099722,-0,-0.163338653067
11.964,-0.738909526058,-0.82744426554,-0,-0.13300371469
11.965,-0.806656668088,-0.903542455133,-0,-0.145198200256
11.966,1.02347228585,1.14669537464,0,0.184225011453
11.967,1.7053411274,1.91115171781,0,0.306961402932
11.968,1.59705323729,1.79025545438,0,0.287469582712
11.969,-0.511828582896,-0.573893951842,-0,-0.0921291449213
11.97,0.721325008479,0.8090016177,0,0.129838501526
11.971,-0.506697952944,-0.568432140142,-0,-0.0912056315298
11.972,0.503499908761,0.564988665255,0,0.0906299835769
11.973,0.50703613515,0.569101723604,0,0.091266504327
11.974,-1.4278287035,-1.60301481388,-0,-0.25700916663
11.975,0.558686107721,0.627392792881,0,0.10056349939
11.976,-0.0866539550586,-0.0973352292062,-0,-0.0155977119106
11.977,-1.24558007796,-1.39946847736,-0,-0.224204414033
11.978,0.45305084437,0.509152639648,0,0.0815491519865
11.979,-1.13451189698,-1.27532092638,-0,-0.204212141457
11.98,-1.4056522329,-1.5805108515,-0,-0.253017401922
11.981,-0.446298209666,-0.501942178336,-0,-0.0803336777398
11.982,1.10708274916,1.24542439675,0,0.199274894848
11.983,-0.858265772955,-0.965756423628,-0,-0.154487839132
11.984,0.207983082598,0.234089609436,0,0.0374369548676
11.985,-1.74163326183,-1.96073516845,-0,-0.313493987129
11.986,1.04040150111,1.17157767694,0,0.187272270199
11.987,-0.163935580879,-0.184650725895,-0,-0.0295084045582
11.988,0.949923064673,1.07022155396,0,0.170986151641
11.989,-1.28004300512,-1.4425041598,-0,-0.230407740922
11.99,1.44752013718,1.63163934148,0,0.260553624692
11.991,-1.37938660021,-1.55522197976,-0,-0.248289588038
11.992,0.485494149036,0.547516232254,0,0.0873889468266
11.993,0.00370075836741,0.00417455447567,0,0.000666136506133
11.994,0.619229981099,0.698678807263,0,0.111461396598
11.995,0.623187492355,0.70331568487,0,0.112173748624
11.996,-0.317899034122,-0.358861237605,-0,-0.0572218261419
11.997,0.13728054665,0.155007209305,0,0.0247104983969
11.998,0.996031383172,1.12491902915,0,0.179285648971
11.999,-0.179002942767,-0.202215081514,-0,-0.0322205296981
