exceedance_percent,level_descending_dB
0,73.7564477269
0.0166666666667,70.9165584733
0.0333333333333,70.6663632369
0.05,70.4224050049
0.0666666666667,70.340412145
0.0833333333333,69.6354911769
0.1,69.5684231053
0.116666666667,69.5484221963
0.133333333333,69.295657368
0.15,69.2673574561
0.166666666667,68.9116439585
0.183333333333,68.7599884757
0.2,68.6292005245
0.216666666667,68.5604593284
0.233333333333,68.5070570182
0.25,68.4662638711
0.266666666667,68.3841724709
0.283333333333,68.2267509558
0.3,68.1554169993
0.316666666667,68.088844562
0.333333333333,67.9670328449
0.35,67.9246678256
0.366666666667,67.8372166149
0.383333333333,67.6072788521
0.4,67.5048622033
0.416666666667,67.4970320798
0.433333333333,67.3608205886
0.45,67.3601104561
0.466666666667,67.2950504696
0.483333333333,67.161779799
0.5,66.9773815982
0.516666666667,66.9744170386
0.533333333333,66.9620970952
0.55,66.9563062147
0.566666666667,66.9546290337
0.583333333333,66.830338442
0.6,66.7661381795
0.616666666667,66.5938375542
0.633333333333,66.4192967313
0.65,66.3614217861
0.666666666667,66.3535221968
0.683333333333,66.2388508286
0.7,66.2275199904
0.716666666667,66.2196512478
0.733333333333,66.2163940753
0.75,66.1217993584
0.766666666667,66.0476133478
0.783333333333,66.0179059406
0.8,65.9768110534
0.816666666667,65.9708151084
0.833333333333,65.8840544025
0.85,65.7662177841
0.866666666667,65.7373421718
0.883333333333,65.7168247579
0.9,65.6553098459
0.916666666667,65.6448049849
0.933333333333,65.6435221264
0.95,65.6168542914
0.966666666667,65.5730593068
0.983333333333,65.5519990777
1,65.5481407448
1.01666666667,65.5300641369
1.03333333333,65.4822430214
1.05,65.4446257353
1.06666666667,65.4189075834
1.08333333333,65.4169658054
1.1,65.4164143919
1.11666666667,65.4149894203
1.13333333333,65.3952703188
1.15,65.3772335001
1.16666666667,65.3465522074
1.18333333333,65.3313327962
1.2,65.2935540247
1.21666666667,65.2648371131
1.23333333333,65.2143303258
1.25,65.173543238
1.26666666667,65.1658667258
1.28333333333,65.1560836646
1.3,65.1207039926
1.31666666667,65.1064993027
1.33333333333,65.0463901126
1.35,65.0443778988
1.36666666667,65.0228159023
1.38333333333,65.0111755841
1.4,64.9975083042
1.41666666667,64.9629612207
1.43333333333,64.9028320993
1.45,64.9022330492
1.46666666667,64.8900376856
1.48333333333,64.8771075097
1.5,64.8047530398
1.51666666667,64.780230436
1.53333333333,64.7797163397
1.55,64.7531232799
1.56666666667,64.7305100394
1.58333333333,64.6852323696
1.6,64.6656362797
1.61666666667,64.6478327139
1.63333333333,64.6470797824
1.65,64.6192086903
1.66666666667,64.6058245917
1.68333333333,64.6038069002
1.7,64.6005533045
1.71666666667,64.5957709897
1.73333333333,64.5859052759
1.75,64.5788920559
1.76666666667,64.5464764103
1.78333333333,64.541000387
1.8,64.5048411443
1.81666666667,64.4965442852
1.83333333333,64.4596475474
1.85,64.4064146931
1.86666666667,64.381405082
1.88333333333,64.364621857
1.9,64.3614382047
1.91666666667,64.3601561743
1.93333333333,64.3506947059
1.95,64.3286813286
1.96666666667,64.3252778583
1.98333333333,64.3232856911
2,64.3023457358
2.01666666667,64.2906012163
2.03333333333,64.2652552134
2.05,64.2352689501
2.06666666667,64.232404788
2.08333333333,64.1771579051
2.1,64.1551531255
2.11666666667,64.1503691572
2.13333333333,64.1244705733
2.15,64.1176374734
2.16666666667,64.1038904812
2.18333333333,64.1020488571
2.2,64.0915920439
2.21666666667,64.0258397457
2.23333333333,64.0177667667
2.25,64.0017192708
2.26666666667,63.9788508695
2.28333333333,63.9637038587
2.3,63.9396144456
2.31666666667,63.9260285566
2.33333333333,63.9245043684
2.35,63.9146831178
2.36666666667,63.8867416024
2.38333333333,63.884786284
2.4,63.8769596107
2.41666666667,63.8698608232
2.43333333333,63.8691470197
2.45,63.8569911758
2.46666666667,63.8391250154
2.48333333333,63.8291458253
2.5,63.8110736356
2.51666666667,63.810559464
2.53333333333,63.8096058095
2.55,63.7786228724
2.56666666667,63.7678954385
2.58333333333,63.7630083922
2.6,63.7474041908
2.61666666667,63.7421245592
2.63333333333,63.7376834348
2.65,63.7373111262
2.66666666667,63.7277165647
2.68333333333,63.6908347963
2.7,63.6725218936
2.71666666667,63.6723572636
2.73333333333,63.6680093174
2.75,63.650974168
2.76666666667,63.6437845894
2.78333333333,63.6403692441
2.8,63.6376726448
2.81666666667,63.6288224085
2.83333333333,63.5966211906
2.85,63.5959655155
2.86666666667,63.5740316167
2.88333333333,63.5476962173
2.9,63.5373368611
2.91666666667,63.5336353155
2.93333333333,63.5326511644
2.95,63.5270645198
2.96666666667,63.5039695925
2.98333333333,63.4930876522
3,63.4801531458
3.01666666667,63.477649047
3.03333333333,63.4716969614
3.05,63.4523326476
3.06666666667,63.4505737075
3.08333333333,63.4490647288
3.1,63.4468337335
3.11666666667,63.4398373546
3.13333333333,63.4281212556
3.15,63.4261054745
3.16666666667,63.3995928233
3.18333333333,63.3936929056
3.2,63.3896108264
3.21666666667,63.3793012588
3.23333333333,63.3787236632
3.25,63.3553722591
3.26666666667,63.3485326328
3.28333333333,63.3089791867
3.3,63.2787720926
3.31666666667,63.2455155152
3.33333333333,63.2230899756
3.35,63.2154699459
3.36666666667,63.2141356276
3.38333333333,63.20544652
3.4,63.184394602
3.41666666667,63.1510392878
3.43333333333,63.1171165877
3.45,63.1087125673
3.46666666667,63.0907044352
3.48333333333,63.0806891322
3.5,63.0780501986
3.51666666667,63.0769127833
3.53333333333,63.0688815398
3.55,63.0612455492
3.56666666667,63.0413668051
3.58333333333,63.0387803536
3.6,63.0300339786
3.61666666667,63.0296496257
3.63333333333,62.9991866949
3.65,62.9961941782
3.66666666667,62.9806010314
3.68333333333,62.9780162361
3.7,62.9627491774
3.71666666667,62.9541435863
3.73333333333,62.9460456529
3.75,62.9082935342
3.76666666667,62.8833856539
3.78333333333,62.8649920014
3.8,62.828822062
3.81666666667,62.809303698
3.83333333333,62.8068990326
3.85,62.7965146707
3.86666666667,62.796040993
3.88333333333,62.7827496098
3.9,62.7628128508
3.91666666667,62.757732438
3.93333333333,62.7500879923
3.95,62.7448383554
3.96666666667,62.7387321539
3.98333333333,62.7224126195
4,62.7160648244
4.01666666667,62.701424841
4.03333333333,62.7002787111
4.05,62.6850599193
4.06666666667,62.6709692789
4.08333333333,62.6481958108
4.1,62.6443771515
4.11666666667,62.6433777652
4.13333333333,62.6362051733
4.15,62.619123656
4.16666666667,62.5981190221
4.18333333333,62.5971547316
4.2,62.5768606563
4.21666666667,62.5704000582
4.23333333333,62.5594310709
4.25,62.5363239127
4.26666666667,62.5346095686
4.28333333333,62.5338741075
4.3,62.5296429212
4.31666666667,62.5212352285
4.33333333333,62.5007782582
4.35,62.4991587232
4.36666666667,62.4975988369
4.38333333333,62.497022123
4.4,62.4875645794
4.41666666667,62.4870341608
4.43333333333,62.4810471593
4.45,62.4783985925
4.46666666667,62.4679005868
4.48333333333,62.4592438865
4.5,62.4539372042
4.51666666667,62.4469802133
4.53333333333,62.4424321311
4.55,62.4213623055
4.56666666667,62.420923011
4.58333333333,62.420202965
4.6,62.4053404096
4.61666666667,62.3874156263
4.63333333333,62.3843019615
4.65,62.3810962977
4.66666666667,62.3778752642
4.68333333333,62.3771175645
4.7,62.3737552884
4.71666666667,62.3663626465
4.73333333333,62.3490834093
4.75,62.3454954884
4.76666666667,62.3341206566
4.78333333333,62.3334316988
4.8,62.3324242031
4.81666666667,62.3248069289
4.83333333333,62.3157290522
4.85,62.2940093649
4.86666666667,62.2752190411
4.88333333333,62.2718106821
4.9,62.2683414383
4.91666666667,62.2672419517
4.93333333333,62.2630296875
4.95,62.251521036
4.96666666667,62.2423107411
4.98333333333,62.2417512524
5,62.2378348599
5.01666666667,62.2338103764
5.03333333333,62.2174409391
5.05,62.2141827163
5.06666666667,62.2007843106
5.08333333333,62.199867579
5.1,62.1954257769
5.11666666667,62.1948622384
5.13333333333,62.1791909794
5.15,62.178106998
5.16666666667,62.17809641
5.18333333333,62.1715564648
5.2,62.1538370228
5.21666666667,62.1509674487
5.23333333333,62.150595187
5.25,62.1483135244
5.26666666667,62.1402012987
5.28333333333,62.138888181
5.3,62.1164179894
5.31666666667,62.1148618745
5.33333333333,62.1135718035
5.35,62.1055888028
5.36666666667,62.093197363
5.38333333333,62.0918592056
5.4,62.0754835661
5.41666666667,62.0462533099
5.43333333333,62.0301074255
5.45,62.0276148966
5.46666666667,62.0199795955
5.48333333333,62.0015441011
5.5,61.9989418491
5.51666666667,61.99613619
5.53333333333,61.9946075585
5.55,61.9930848353
5.56666666667,61.9823772221
5.58333333333,61.9820853676
5.6,61.9786288775
5.61666666667,61.975076955
5.63333333333,61.9723328303
5.65,61.9696607159
5.66666666667,61.9546662966
5.68333333333,61.9506963706
5.7,61.950657966
5.71666666667,61.9488496967
5.73333333333,61.9444757874
5.75,61.9434809335
5.76666666667,61.9212881353
5.78333333333,61.9056744841
5.8,61.9014054075
5.81666666667,61.8987942623
5.83333333333,61.8984702726
5.85,61.8938342029
5.86666666667,61.8929339045
5.88333333333,61.8780035961
5.9,61.8699670759
5.91666666667,61.8631275358
5.93333333333,61.8421467303
5.95,61.8389664899
5.96666666667,61.8380706825
5.98333333333,61.834574146
6,61.8290068405
6.01666666667,61.8277610652
6.03333333333,61.8270154994
6.05,61.8210091554
6.06666666667,61.8197426694
6.08333333333,61.8181342338
6.1,61.8051216374
6.11666666667,61.8036211659
6.13333333333,61.8013675215
6.15,61.7988232735
6.16666666667,61.7768461356
6.18333333333,61.7714799785
6.2,61.7701279334
6.21666666667,61.7678096956
6.23333333333,61.7673878093
6.25,61.7633391544
6.26666666667,61.756324156
6.28333333333,61.7555825315
6.3,61.7471949397
6.31666666667,61.7219731441
6.33333333333,61.7164956819
6.35,61.6914339001
6.36666666667,61.6843187889
6.38333333333,61.6834804342
6.4,61.6725117658
6.41666666667,61.6702336653
6.43333333333,61.6674507728
6.45,61.6630693608
6.46666666667,61.6594713143
6.48333333333,61.658862934
6.5,61.6557454933
6.51666666667,61.6528609748
6.53333333333,61.6480136023
6.55,61.6381964718
6.56666666667,61.6301635115
6.58333333333,61.6281188517
6.6,61.6223005326
6.61666666667,61.6169813501
6.63333333333,61.6123738721
6.65,61.6088357711
6.66666666667,61.602327747
6.68333333333,61.5835712428
6.7,61.5825064563
6.71666666667,61.5718685507
6.73333333333,61.5656053982
6.75,61.5609914325
6.76666666667,61.5606672786
6.78333333333,61.5365776453
6.8,61.5302912891
6.81666666667,61.5222769442
6.83333333333,61.5130836739
6.85,61.504848049
6.86666666667,61.4939269138
6.88333333333,61.493781073
6.9,61.4911455306
6.91666666667,61.4901434892
6.93333333333,61.4773238059
6.95,61.4674896548
6.96666666667,61.4577231618
6.98333333333,61.4544252904
7,61.434524259
7.01666666667,61.4344455411
7.03333333333,61.4341554429
7.05,61.4340336275
7.06666666667,61.4200012213
7.08333333333,61.4187019453
7.1,61.4128424358
7.11666666667,61.4088402111
7.13333333333,61.3982680082
7.15,61.3942349163
7.16666666667,61.3931709471
7.18333333333,61.3921686085
7.2,61.3851823282
7.21666666667,61.362919507
7.23333333333,61.358463687
7.25,61.3575776067
7.26666666667,61.3527800511
7.28333333333,61.3512082399
7.3,61.3478009327
7.31666666667,61.3432420825
7.33333333333,61.3408085587
7.35,61.340484016
7.36666666667,61.3395529351
7.38333333333,61.3317087915
7.4,61.3201310954
7.41666666667,61.3192517946
7.43333333333,61.3119246141
7.45,61.3023126184
7.46666666667,61.286167311
7.48333333333,61.2861497004
7.5,61.2837577218
7.51666666667,61.2801753493
7.53333333333,61.275505675
7.55,61.2746961856
7.56666666667,61.2642483356
7.58333333333,61.2631227821
7.6,61.2567178581
7.61666666667,61.2489298062
7.63333333333,61.2407845619
7.65,61.2289076983
7.66666666667,61.2238109457
7.68333333333,61.2158182386
7.7,61.2130782318
7.71666666667,61.2126014769
7.73333333333,61.2093849124
7.75,61.204243385
7.76666666667,61.1993196611
7.78333333333,61.1893369072
7.8,61.1817782491
7.81666666667,61.177125932
7.83333333333,61.1654309682
7.85,61.1647176161
7.86666666667,61.1615061375
7.88333333333,61.15373213
7.9,61.1497846204
7.91666666667,61.1463344388
7.93333333333,61.1395562929
7.95,61.1322236965
7.96666666667,61.1166293991
7.98333333333,61.1158406112
8,61.1142665671
8.01666666667,61.0982465191
8.03333333333,61.086737346
8.05,61.0791580913
8.06666666667,61.0771793566
8.08333333333,61.0688442108
8.1,61.0673670054
8.11666666667,61.0619628892
8.13333333333,61.0547878736
8.15,61.0486342681
8.16666666667,61.0370249145
8.18333333333,61.0311698235
8.2,61.0302061472
8.21666666667,61.0269639518
8.23333333333,61.0179493393
8.25,61.0152086169
8.26666666667,61.0014927575
8.28333333333,60.988765804
8.3,60.9878969532
8.31666666667,60.9859471248
8.33333333333,60.9797137663
8.35,60.9698875797
8.36666666667,60.963290519
8.38333333333,60.9541064108
8.4,60.9472466546
8.41666666667,60.9468820536
8.43333333333,60.9452262381
8.45,60.9431153137
8.46666666667,60.9379410363
8.48333333333,60.9285459598
8.5,60.9263509059
8.51666666667,60.9224181418
8.53333333333,60.9164598945
8.55,60.9129246782
8.56666666667,60.908642488
8.58333333333,60.8975763055
8.6,60.88978146
8.61666666667,60.8814670617
8.63333333333,60.8810106878
8.65,60.8804987661
8.66666666667,60.876160206
8.68333333333,60.8665017602
8.7,60.8654169364
8.71666666667,60.8641672027
8.73333333333,60.8635057359
8.75,60.8598417524
8.76666666667,60.8589642341
8.78333333333,60.857874282
8.8,60.8536435838
8.81666666667,60.8508657326
8.83333333333,60.8501545898
8.85,60.8466938776
8.86666666667,60.8386737631
8.88333333333,60.8382350519
8.9,60.8313678481
8.91666666667,60.827771651
8.93333333333,60.8226639759
8.95,60.817747003
8.96666666667,60.8146546201
8.98333333333,60.8107003866
9,60.8075640631
9.01666666667,60.80375917
9.03333333333,60.7986667335
9.05,60.7903647183
9.06666666667,60.79006287
9.08333333333,60.7897028561
9.1,60.7857408913
9.11666666667,60.7849355709
9.13333333333,60.7748547635
9.15,60.7743822386
9.16666666667,60.7672346101
9.18333333333,60.7656646591
9.2,60.7591948392
9.21666666667,60.7579509075
9.23333333333,60.7535139453
9.25,60.7521392102
9.26666666667,60.7477081777
9.28333333333,60.7476584539
9.3,60.7474322485
9.31666666667,60.740824066
9.33333333333,60.7407801547
9.35,60.7312097458
9.36666666667,60.7274053715
9.38333333333,60.725505948
9.4,60.7251741417
9.41666666667,60.7209425403
9.43333333333,60.7202464312
9.45,60.7156527134
9.46666666667,60.6999962196
9.48333333333,60.6998780312
9.5,60.6896907402
9.51666666667,60.6892032862
9.53333333333,60.6876731157
9.55,60.6769979755
9.56666666667,60.6752142996
9.58333333333,60.6721003252
9.6,60.6710494186
9.61666666667,60.6686129615
9.63333333333,60.6665670844
9.65,60.6636635031
9.66666666667,60.6629610621
9.68333333333,60.6568822337
9.7,60.6558954633
9.71666666667,60.644641338
9.73333333333,60.6394471458
9.75,60.6381355125
9.76666666667,60.6371240343
9.78333333333,60.622013391
9.8,60.6139432742
9.81666666667,60.6118184074
9.83333333333,60.6085594832
9.85,60.608482092
9.86666666667,60.5982756046
9.88333333333,60.5907453622
9.9,60.5885411593
9.91666666667,60.5869385438
9.93333333333,60.585794737
9.95,60.584715602
9.96666666667,60.5671123062
9.98333333333,60.5668553049
10,60.5554387603
10.0166666667,60.5382456545
10.0333333333,60.5368282468
10.05,60.5318757142
10.0666666667,60.5301278633
10.0833333333,60.5233686647
10.1,60.5130503022
10.1166666667,60.5064770265
10.1333333333,60.5001839173
10.15,60.4913514053
10.1666666667,60.4864169333
10.1833333333,60.4834951991
10.2,60.4774267987
10.2166666667,60.4742911681
10.2333333333,60.4675840885
10.25,60.4637185178
10.2666666667,60.4626359218
10.2833333333,60.459114127
10.3,60.4567115018
10.3166666667,60.4534470857
10.3333333333,60.4519268841
10.35,60.4511485958
10.3666666667,60.4473305197
10.3833333333,60.4435315806
10.4,60.4380260383
10.4166666667,60.4200987831
10.4333333333,60.4200237421
10.45,60.4199804691
10.4666666667,60.4078724296
10.4833333333,60.407248392
10.5,60.4010705891
10.5166666667,60.3851720584
10.5333333333,60.3802559498
10.55,60.3737467887
10.5666666667,60.3734969902
10.5833333333,60.3718565852
10.6,60.3672118873
10.6166666667,60.3609129707
10.6333333333,60.3577365191
10.65,60.3543222804
10.6666666667,60.3493346823
10.6833333333,60.341129262
10.7,60.3401576655
10.7166666667,60.340032543
10.7333333333,60.3223333101
10.75,60.3196183692
10.7666666667,60.3139069188
10.7833333333,60.3103815636
10.8,60.3067789136
10.8166666667,60.305301338
10.8333333333,60.3043399136
10.85,60.2992916461
10.8666666667,60.2928324938
10.8833333333,60.2863458297
10.9,60.2815685589
10.9166666667,60.2709624564
10.9333333333,60.2648749595
10.95,60.2612638896
10.9666666667,60.259571764
10.9833333333,60.2590364507
11,60.2579411858
11.0166666667,60.2512148523
11.0333333333,60.2492713177
11.05,60.2419524848
11.0666666667,60.2278092699
11.0833333333,60.2249723739
11.1,60.2225722931
11.1166666667,60.2164664266
11.1333333333,60.2160541144
11.15,60.2130067223
11.1666666667,60.2128747115
11.1833333333,60.2108384561
11.2,60.2092505273
11.2166666667,60.2082504968
11.2333333333,60.1992303016
11.25,60.1969223052
11.2666666667,60.1939627662
11.2833333333,60.182979082
11.3,60.1829274607
11.3166666667,60.1691917476
11.3333333333,60.1682909255
11.35,60.1680989193
11.3666666667,60.1650623128
11.3833333333,60.1643557805
11.4,60.1577676188
11.4166666667,60.1573521329
11.4333333333,60.1572096855
11.45,60.1532852073
11.4666666667,60.1431517978
11.4833333333,60.1423036845
11.5,60.1389210514
11.5166666667,60.1364712534
11.5333333333,60.1316242189
11.55,60.1208890639
11.5666666667,60.115505675
11.5833333333,60.11448954
11.6,60.114364707
11.6166666667,60.1106495834
11.6333333333,60.1045256776
11.65,60.1038763397
11.6666666667,60.100586718
11.6833333333,60.0989948305
11.7,60.0977657441
11.7166666667,60.087026455
11.7333333333,60.0864328138
11.75,60.0850718983
11.7666666667,60.0845476439
11.7833333333,60.0844263518
11.8,60.0812900683
11.8166666667,60.0797430841
11.8333333333,60.0768549157
11.85,60.0747425589
11.8666666667,60.0694087938
11.8833333333,60.0612227807
11.9,60.0590359512
11.9166666667,60.0584092411
11.9333333333,60.0418556544
11.95,60.0405021667
11.9666666667,60.0382472253
11.9833333333,60.0373807133
12,60.0334008192
12.0166666667,60.0306829227
12.0333333333,60.0298296706
12.05,60.0151447444
12.0666666667,60.0094783918
12.0833333333,60.008340359
12.1,60.0065295301
12.1166666667,60.0056766989
12.1333333333,60.000908297
12.15,59.9998027841
12.1666666667,59.999719448
12.1833333333,59.996966088
12.2,59.9901997555
12.2166666667,59.9885365358
12.2333333333,59.9872556675
12.25,59.982679074
12.2666666667,59.9763311596
12.2833333333,59.9761251072
12.3,59.9694942988
12.3166666667,59.9665381594
12.3333333333,59.9638962622
12.35,59.9633497922
12.3666666667,59.9540531334
12.3833333333,59.9460862303
12.4,59.9451234301
12.4166666667,59.944588952
12.4333333333,59.9370052194
12.45,59.9355971534
12.4666666667,59.9252012322
12.4833333333,59.9237915005
12.5,59.9206298065
12.5166666667,59.9171980538
12.5333333333,59.9157942076
12.55,59.9132802373
12.5666666667,59.9112882025
12.5833333333,59.9108199763
12.6,59.9090989991
12.6166666667,59.9071004392
12.6333333333,59.9062534851
12.65,59.9031378093
12.6666666667,59.89612415
12.6833333333,59.8922863511
12.7,59.8917318253
12.7166666667,59.8825222408
12.7333333333,59.8807781449
12.75,59.871683653
12.7666666667,59.8715065751
12.7833333333,59.8692460551
12.8,59.8639024792
12.8166666667,59.8542016771
12.8333333333,59.8519194251
12.85,59.8455300293
12.8666666667,59.8439673577
12.8833333333,59.8439584405
12.9,59.8414194695
12.9166666667,59.840989527
12.9333333333,59.8333258604
12.95,59.8329427262
12.9666666667,59.8329259831
12.9833333333,59.8325597487
13,59.8233887958
13.0166666667,59.8177327081
13.0333333333,59.8169301954
13.05,59.8147208448
13.0666666667,59.8133554705
13.0833333333,59.804902359
13.1,59.799371404
13.1166666667,59.7981968928
13.1333333333,59.7957446619
13.15,59.7951264199
13.1666666667,59.7930270515
13.1833333333,59.7918274585
13.2,59.7888566982
13.2166666667,59.7887865753
13.2333333333,59.7871480858
13.25,59.7818935013
13.2666666667,59.7805998624
13.2833333333,59.7802812484
13.3,59.7797684509
13.3166666667,59.7786385476
13.3333333333,59.7637742713
13.35,59.7635484512
13.3666666667,59.7612503619
13.3833333333,59.7592062677
13.4,59.7568898247
13.4166666667,59.7552395777
13.4333333333,59.7490658109
13.45,59.7473920181
13.4666666667,59.7444454022
13.4833333333,59.7419443349
13.5,59.7359830413
13.5166666667,59.7359210518
13.5333333333,59.734834556
13.55,59.7308724599
13.5666666667,59.7254366289
13.5833333333,59.7203928553
13.6,59.719610475
13.6166666667,59.7170085557
13.6333333333,59.7144950777
13.65,59.7136926186
13.6666666667,59.7116334124
13.6833333333,59.7111650962
13.7,59.7102856649
13.7166666667,59.7090178835
13.7333333333,59.6942198778
13.75,59.6941289027
13.7666666667,59.6926677817
13.7833333333,59.6901742404
13.8,59.6895428928
13.8166666667,59.6892120744
13.8333333333,59.6880827687
13.85,59.6876940513
13.8666666667,59.6873493497
13.8833333333,59.6805157635
13.9,59.6773824625
13.9166666667,59.6740670911
13.9333333333,59.6695637735
13.95,59.6611204243
13.9666666667,59.656453734
13.9833333333,59.6559595718
14,59.6490914103
14.0166666667,59.6473933867
14.0333333333,59.6454284984
14.05,59.6409017329
14.0666666667,59.6392539272
14.0833333333,59.633497124
14.1,59.6232283039
14.1166666667,59.6229031093
14.1333333333,59.6152039097
14.15,59.6121857673
14.1666666667,59.6096034389
14.1833333333,59.6089913592
14.2,59.6046172488
14.2166666667,59.5984765625
14.2333333333,59.5912185583
14.25,59.5903610802
14.2666666667,59.590261753
14.2833333333,59.5901376446
14.3,59.5890211517
14.3166666667,59.5890086767
14.3333333333,59.5861483904
14.35,59.5813341674
14.3666666667,59.5770779792
14.3833333333,59.576957378
14.4,59.5727614522
14.4166666667,59.5718744123
14.4333333333,59.5706900362
14.45,59.5687055509
14.4666666667,59.567661665
14.4833333333,59.5625690975
14.5,59.557471992
14.5166666667,59.5571302649
14.5333333333,59.5559621348
14.55,59.5544222144
14.5666666667,59.5525620377
14.5833333333,59.5518979115
14.6,59.5513585674
14.6166666667,59.5505589049
14.6333333333,59.5465479302
14.65,59.5434831166
14.6666666667,59.5400612343
14.6833333333,59.5382507242
14.7,59.5359212576
14.7166666667,59.5359172038
14.7333333333,59.5338793424
14.75,59.5335048312
14.7666666667,59.5325176097
14.7833333333,59.5298456499
14.8,59.529692688
14.8166666667,59.5295304656
14.8333333333,59.5290733394
14.85,59.5276686743
14.8666666667,59.5273021893
14.8833333333,59.5269628394
14.9,59.5241464101
14.9166666667,59.5229593784
14.9333333333,59.5215620964
14.95,59.5183812663
14.9666666667,59.518201028
14.9833333333,59.5142968425
15,59.5098773184
15.0166666667,59.5094668522
15.0333333333,59.5086232991
15.05,59.5066117647
15.0666666667,59.5054068199
15.0833333333,59.5010680648
15.1,59.5002290685
15.1166666667,59.4971842853
15.1333333333,59.4963948158
15.15,59.4926000726
15.1666666667,59.4897695549
15.1833333333,59.4822569425
15.2,59.4746987742
15.2166666667,59.4677314216
15.2333333333,59.4514174932
15.25,59.4510613406
15.2666666667,59.4501309212
15.2833333333,59.4496033728
15.3,59.4490297824
15.3166666667,59.4485316529
15.3333333333,59.4479825372
15.35,59.4453700069
15.3666666667,59.4441982954
15.3833333333,59.440747087
15.4,59.4363931265
15.4166666667,59.431126906
15.4333333333,59.4267898973
15.45,59.4265993827
15.4666666667,59.4238588538
15.4833333333,59.4226181054
15.5,59.4215307166
15.5166666667,59.4192933665
15.5333333333,59.4164042464
15.55,59.4148815983
15.5666666667,59.412740459
15.5833333333,59.4100270386
15.6,59.4051172446
15.6166666667,59.3956680107
15.6333333333,59.3930701985
15.65,59.3906606296
15.6666666667,59.3903344927
15.6833333333,59.3856814475
15.7,59.3849643407
15.7166666667,59.3760055604
15.7333333333,59.3737726534
15.75,59.3705787292
15.7666666667,59.3678478966
15.7833333333,59.3664600211
15.8,59.3645208674
15.8166666667,59.3531716496
15.8333333333,59.3500464902
15.85,59.3499117361
15.8666666667,59.3488654687
15.8833333333,59.348356831
15.9,59.3456453532
15.9166666667,59.3367876429
15.9333333333,59.3333177362
15.95,59.3320748155
15.9666666667,59.3299087673
15.9833333333,59.3134666877
16,59.3134000516
16.0166666667,59.3131541191
16.0333333333,59.3096737729
16.05,59.3017309217
16.0666666667,59.3008203345
16.0833333333,59.2988835496
16.1,59.2978215758
16.1166666667,59.2959662556
16.1333333333,59.2926529442
16.15,59.2898542142
16.1666666667,59.2896507023
16.1833333333,59.2890149683
16.2,59.2866472849
16.2166666667,59.2855111843
16.2333333333,59.2801306496
16.25,59.2718769316
16.2666666667,59.2694463198
16.2833333333,59.2681130866
16.3,59.267580492
16.3166666667,59.2645168927
16.3333333333,59.262403144
16.35,59.2623764503
16.3666666667,59.2621967079
16.3833333333,59.2614025742
16.4,59.2587918951
16.4166666667,59.2583879739
16.4333333333,59.2511466476
16.45,59.2474316345
16.4666666667,59.244754449
16.4833333333,59.2426695108
16.5,59.2378928911
16.5166666667,59.2364670277
16.5333333333,59.2361796923
16.55,59.2322324497
16.5666666667,59.2273776369
16.5833333333,59.2243055601
16.6,59.2209744258
16.6166666667,59.2192378843
16.6333333333,59.2185364938
16.65,59.2180529967
16.6666666667,59.2146309352
16.6833333333,59.2139892368
16.7,59.2112521307
16.7166666667,59.2100024371
16.7333333333,59.2073839825
16.75,59.2064019791
16.7666666667,59.2058532694
16.7833333333,59.2033911801
16.8,59.201171383
16.8166666667,59.1981735393
16.8333333333,59.1801667206
16.85,59.1784643649
16.8666666667,59.1756535325
16.8833333333,59.1734979695
16.9,59.1705969459
16.9166666667,59.1685341393
16.9333333333,59.1684194661
16.95,59.1681023708
16.9666666667,59.1674514319
16.9833333333,59.16475867
17,59.1565001207
17.0166666667,59.1533014556
17.0333333333,59.1531229059
17.05,59.1499028951
17.0666666667,59.1498085183
17.0833333333,59.1489201354
17.1,59.1388632534
17.1166666667,59.1381813022
17.1333333333,59.1367840179
17.15,59.1336144107
17.1666666667,59.1330732675
17.1833333333,59.1328362859
17.2,59.1310642971
17.2166666667,59.130490298
17.2333333333,59.1289402741
17.25,59.1283258919
17.2666666667,59.1257041864
17.2833333333,59.121880564
17.3,59.1198514459
17.3166666667,59.1197623097
17.3333333333,59.1193709549
17.35,59.1146418115
17.3666666667,59.1133155785
17.3833333333,59.1109726379
17.4,59.1103437487
17.4166666667,59.1097341673
17.4333333333,59.1097053317
17.45,59.107292786
17.4666666667,59.1071513558
17.4833333333,59.1068684978
17.5,59.105886636
17.5166666667,59.102701892
17.5333333333,59.1017018951
17.55,59.0994560435
17.5666666667,59.096844242
17.5833333333,59.0965272217
17.6,59.0916278038
17.6166666667,59.089009464
17.6333333333,59.0884639449
17.65,59.0871314317
17.6666666667,59.0864898289
17.6833333333,59.0798401604
17.7,59.0762543348
17.7166666667,59.0752680114
17.7333333333,59.07183966
17.75,59.0711827051
17.7666666667,59.0709004893
17.7833333333,59.0685125637
17.8,59.0684271732
17.8166666667,59.0657493415
17.8333333333,59.062938537
17.85,59.0619327011
17.8666666667,59.0614051838
17.8833333333,59.0584385271
17.9,59.0571194681
17.9166666667,59.0524836291
17.9333333333,59.0488080389
17.95,59.0475411505
17.9666666667,59.0473754486
17.9833333333,59.0460254857
18,59.042839072
18.0166666667,59.0391824784
18.0333333333,59.0333042428
18.05,59.0308088978
18.0666666667,59.0203907528
18.0833333333,59.0200902392
18.1,59.0169946398
18.1166666667,59.0161607963
18.1333333333,59.0130107746
18.15,59.01115371
18.1666666667,59.0101461654
18.1833333333,59.0056869503
18.2,59.0030965548
18.2166666667,59.0027987334
18.2333333333,59.0023609635
18.25,59.0023309732
18.2666666667,59.0007628217
18.2833333333,58.9975119117
18.3,58.9953183894
18.3166666667,58.9872084187
18.3333333333,58.9868942646
18.35,58.9861453255
18.3666666667,58.9802278062
18.3833333333,58.9748234819
18.4,58.9741971562
18.4166666667,58.9739297958
18.4333333333,58.9728213805
18.45,58.9722772141
18.4666666667,58.9713695363
18.4833333333,58.9689392325
18.5,58.967767634
18.5166666667,58.964153365
18.5333333333,58.9610049323
18.55,58.9601878943
18.5666666667,58.9572698601
18.5833333333,58.9560553306
18.6,58.9549046234
18.6166666667,58.954333383
18.6333333333,58.9531698576
18.65,58.9511143606
18.6666666667,58.9509518569
18.6833333333,58.9495285346
18.7,58.9459726997
18.7166666667,58.9457812654
18.7333333333,58.9452772757
18.75,58.9410167584
18.7666666667,58.9397167148
18.7833333333,58.9374906825
18.8,58.9312982171
18.8166666667,58.9270406565
18.8333333333,58.9199005517
18.85,58.9182280276
18.8666666667,58.9178327256
18.8833333333,58.917795984
18.9,58.91277392
18.9166666667,58.9106704216
18.9333333333,58.9097561516
18.95,58.9054679946
18.9666666667,58.9048378418
18.9833333333,58.9041101518
19,58.8979976666
19.0166666667,58.8912990351
19.0333333333,58.8890976629
19.05,58.888790438
19.0666666667,58.8836854165
19.0833333333,58.8824464766
19.1,58.8786427905
19.1166666667,58.8763684113
19.1333333333,58.8745347409
19.15,58.8720746453
19.1666666667,58.8720734615
19.1833333333,58.8717792785
19.2,58.8701802572
19.2166666667,58.8697588483
19.2333333333,58.8685331178
19.25,58.8677205336
19.2666666667,58.8672084536
19.2833333333,58.8618641318
19.3,58.8596849245
19.3166666667,58.8595487837
19.3333333333,58.858622504
19.35,58.8585030218
19.3666666667,58.8558850354
19.3833333333,58.8539143462
19.4,58.8521885217
19.4166666667,58.845022145
19.4333333333,58.8443316681
19.45,58.8434326556
19.4666666667,58.8430629438
19.4833333333,58.8407854682
19.5,58.8389604135
19.5166666667,58.8358384147
19.5333333333,58.8324550503
19.55,58.8310103474
19.5666666667,58.8257395493
19.5833333333,58.8243459771
19.6,58.8208934399
19.6166666667,58.8190391716
19.6333333333,58.813207663
19.65,58.8127438888
19.6666666667,58.8079746374
19.6833333333,58.8050152127
19.7,58.8044463558
19.7166666667,58.8035098906
19.7333333333,58.8024752362
19.75,58.8001490343
19.7666666667,58.7982947596
19.7833333333,58.798067704
19.8,58.7977247909
19.8166666667,58.7965030785
19.8333333333,58.7930447842
19.85,58.7926329795
19.8666666667,58.7898340732
19.8833333333,58.7842229183
19.9,58.7828528188
19.9166666667,58.7816604531
19.9333333333,58.7797306435
19.95,58.7769707536
19.9666666667,58.7766607895
19.9833333333,58.7721580606
20,58.7714878874
20.0166666667,58.7685735456
20.0333333333,58.7676344383
20.05,58.7650952463
20.0666666667,58.76342061
20.0833333333,58.762031982
20.1,58.7578797146
20.1166666667,58.7577911125
20.1333333333,58.7572533559
20.15,58.7487887963
20.1666666667,58.7486118678
20.1833333333,58.7451578659
20.2,58.7439585205
20.2166666667,58.7431421568
20.2333333333,58.7378818102
20.25,58.7345252741
20.2666666667,58.7338721929
20.2833333333,58.7296034307
20.3,58.7273021751
20.3166666667,58.7240895835
20.3333333333,58.7238461032
20.35,58.7227765232
20.3666666667,58.7221429208
20.3833333333,58.7208840694
20.4,58.7189962706
20.4166666667,58.7174752501
20.4333333333,58.7166946095
20.45,58.7161195478
20.4666666667,58.7131087972
20.4833333333,58.7125694479
20.5,58.7068166071
20.5166666667,58.7035674895
20.5333333333,58.7035012985
20.55,58.7003395078
20.5666666667,58.6911670767
20.5833333333,58.6909968174
20.6,58.6899382677
20.6166666667,58.6839589212
20.6333333333,58.6838664777
20.65,58.6813347444
20.6666666667,58.6807486581
20.6833333333,58.6802544784
20.7,58.6789723963
20.7166666667,58.6762174313
20.7333333333,58.6746592255
20.75,58.6728470229
20.7666666667,58.672317095
20.7833333333,58.6712524742
20.8,58.6690491865
20.8166666667,58.6680861368
20.8333333333,58.6680154267
20.85,58.6667049207
20.8666666667,58.6621808769
20.8833333333,58.659829231
20.9,58.6597095319
20.9166666667,58.6585308158
20.9333333333,58.6579553779
20.95,58.6560134079
20.9666666667,58.6505023445
20.9833333333,58.6496588128
21,58.6488633113
21.0166666667,58.6485580522
21.0333333333,58.6477137572
21.05,58.6476700774
21.0666666667,58.6475086336
21.0833333333,58.6436220698
21.1,58.642903913
21.1166666667,58.6426136605
21.1333333333,58.6424441968
21.15,58.6390026542
21.1666666667,58.6389287218
21.1833333333,58.6364818483
21.2,58.6328599808
21.2166666667,58.6302448631
21.2333333333,58.6288362547
21.25,58.6287973415
21.2666666667,58.62622125
21.2833333333,58.6252336189
21.3,58.6175259906
21.3166666667,58.616633354
21.3333333333,58.6154928357
21.35,58.6143125015
21.3666666667,58.6131811151
21.3833333333,58.611548138
21.4,58.6062700379
21.4166666667,58.6050932525
21.4333333333,58.604784772
21.45,58.5986797867
21.4666666667,58.5979181843
21.4833333333,58.5947116504
21.5,58.5915124393
21.5166666667,58.5912073924
21.5333333333,58.590419303
21.55,58.5894180292
21.5666666667,58.5876261178
21.5833333333,58.5851449496
21.6,58.5821750099
21.6166666667,58.5746233847
21.6333333333,58.5709289124
21.65,58.566573977
21.6666666667,58.5628785879
21.6833333333,58.5599653259
21.7,58.5569921859
21.7166666667,58.5535239861
21.7333333333,58.5510190914
21.75,58.5508594138
21.7666666667,58.5503961717
21.7833333333,58.5497444745
21.8,58.549202477
21.8166666667,58.5477862469
21.8333333333,58.5461025332
21.85,58.5438846112
21.8666666667,58.5424136421
21.8833333333,58.5419918232
21.9,58.5341212537
21.9166666667,58.5319421481
21.9333333333,58.529211305
21.95,58.5290472294
21.9666666667,58.5275022311
21.9833333333,58.5272491763
22,58.5268169755
22.0166666667,58.5215920521
22.0333333333,58.5168716002
22.05,58.5146830738
22.0666666667,58.5131814419
22.0833333333,58.512565199
22.1,58.5065068828
22.1166666667,58.50635702
22.1333333333,58.4994664726
22.15,58.4983552024
22.1666666667,58.4979941301
22.1833333333,58.4979789405
22.2,58.4973554201
22.2166666667,58.4950453059
22.2333333333,58.4949783709
22.25,58.4912796337
22.2666666667,58.4870316476
22.2833333333,58.4862224167
22.3,58.4858441356
22.3166666667,58.4853936442
22.3333333333,58.4850808822
22.35,58.4842995006
22.3666666667,58.4839379372
22.3833333333,58.4805725529
22.4,58.478724605
22.4166666667,58.4779450267
22.4333333333,58.476392255
22.45,58.4761822261
22.4666666667,58.4754753978
22.4833333333,58.4744366799
22.5,58.4743005182
22.5166666667,58.4734867733
22.5333333333,58.4716430838
22.55,58.4700254128
22.5666666667,58.4669956979
22.5833333333,58.4663252386
22.6,58.4645649024
22.6166666667,58.4618774963
22.6333333333,58.45980975
22.65,58.4564875948
22.6666666667,58.4562670446
22.6833333333,58.4545296928
22.7,58.4544603661
22.7166666667,58.4528731196
22.7333333333,58.4526973675
22.75,58.4515162095
22.7666666667,58.4476387188
22.7833333333,58.4435205929
22.8,58.4428086263
22.8166666667,58.4417972728
22.8333333333,58.4398039301
22.85,58.4373383566
22.8666666667,58.4359966896
22.8833333333,58.4341934368
22.9,58.4323156867
22.9166666667,58.4301899079
22.9333333333,58.4291720772
22.95,58.4291296123
22.9666666667,58.4247884706
22.9833333333,58.4239100703
23,58.4211555674
23.0166666667,58.4194681961
23.0333333333,58.418804885
23.05,58.4178447263
23.0666666667,58.4176416371
23.0833333333,58.4163800549
23.1,58.4160941169
23.1166666667,58.4159685849
23.1333333333,58.4088239223
23.15,58.403683442
23.1666666667,58.4025752183
23.1833333333,58.4021536999
23.2,58.4018719738
23.2166666667,58.4018123409
23.2333333333,58.39983491
23.25,58.397395851
23.2666666667,58.39537263
23.2833333333,58.3944045204
23.3,58.3942922895
23.3166666667,58.3940594412
23.3333333333,58.3896758974
23.35,58.3871584596
23.3666666667,58.3868314984
23.3833333333,58.3867353629
23.4,58.3848615961
23.4166666667,58.3847268147
23.4333333333,58.3847155042
23.45,58.3799918668
23.4666666667,58.378674568
23.4833333333,58.3764238142
23.5,58.3756648325
23.5166666667,58.372862992
23.5333333333,58.3711569647
23.55,58.3699859514
23.5666666667,58.3689582647
23.5833333333,58.3641607174
23.6,58.3595044332
23.6166666667,58.3591942562
23.6333333333,58.357522119
23.65,58.3560768272
23.6666666667,58.3553390249
23.6833333333,58.3528871075
23.7,58.352642835
23.7166666667,58.3520912686
23.7333333333,58.346339159
23.75,58.3456369306
23.7666666667,58.3449419242
23.7833333333,58.3432871647
23.8,58.342959789
23.8166666667,58.3428603854
23.8333333333,58.3426881557
23.85,58.3419722933
23.8666666667,58.3412264493
23.8833333333,58.3380696911
23.9,58.3356498756
23.9166666667,58.3338456639
23.9333333333,58.3265345073
23.95,58.3263356482
23.9666666667,58.3260589742
23.9833333333,58.32437775
24,58.3242604288
24.0166666667,58.3240450473
24.0333333333,58.3218469314
24.05,58.3191590382
24.0666666667,58.3166671013
24.0833333333,58.3163052839
24.1,58.315665386
24.1166666667,58.3117245236
24.1333333333,58.3104669473
24.15,58.3099126505
24.1666666667,58.3080686541
24.1833333333,58.3074239197
24.2,58.3045726542
24.2166666667,58.3028800034
24.2333333333,58.2991494562
24.25,58.2984919387
24.2666666667,58.298261036
24.2833333333,58.2980378904
24.3,58.2970649988
24.3166666667,58.2964007395
24.3333333333,58.2953294065
24.35,58.2882724566
24.3666666667,58.2866998134
24.3833333333,58.2851617101
24.4,58.2830285322
24.4166666667,58.2818745892
24.4333333333,58.2805247126
24.45,58.2795461475
24.4666666667,58.2786692005
24.4833333333,58.2782160312
24.5,58.276895913
24.5166666667,58.2763879442
24.5333333333,58.2749142468
24.55,58.2700014999
24.5666666667,58.2695779789
24.5833333333,58.267690854
24.6,58.2671340203
24.6166666667,58.2641234938
24.6333333333,58.2617112989
24.65,58.2604230438
24.6666666667,58.2595958686
24.6833333333,58.2593871761
24.7,58.2570236813
24.7166666667,58.2567768394
24.7333333333,58.2554132168
24.75,58.2546721599
24.7666666667,58.251823156
24.7833333333,58.2507516761
24.8,58.2460378905
24.8166666667,58.2439718025
24.8333333333,58.2428096132
24.85,58.2427154427
24.8666666667,58.242286825
24.8833333333,58.2410160454
24.9,58.2403318678
24.9166666667,58.2390245449
24.9333333333,58.237921681
24.95,58.2376929845
24.9666666667,58.2376825297
24.9833333333,58.2315625395
25,58.2300701217
25.0166666667,58.2294427487
25.0333333333,58.2289722043
25.05,58.2273480325
25.0666666667,58.2256652905
25.0833333333,58.2248450477
25.1,58.2245955202
25.1166666667,58.222791397
25.1333333333,58.222757763
25.15,58.2211485641
25.1666666667,58.2194617993
25.1833333333,58.2174378159
25.2,58.2120507956
25.2166666667,58.2119179251
25.2333333333,58.2096399504
25.25,58.2055658184
25.2666666667,58.203774486
25.2833333333,58.2037252355
25.3,58.2020906498
25.3166666667,58.1964884098
25.3333333333,58.1961855759
25.35,58.195913339
25.3666666667,58.1951171467
25.3833333333,58.1912465087
25.4,58.1892852212
25.4166666667,58.1889527079
25.4333333333,58.1873587951
25.45,58.1870875037
25.4666666667,58.1847620439
25.4833333333,58.1824888942
25.5,58.1800149355
25.5166666667,58.1740755852
25.5333333333,58.1739280581
25.55,58.1737844645
25.5666666667,58.1706225482
25.5833333333,58.1700344921
25.6,58.1683649847
25.6166666667,58.1640016864
25.6333333333,58.1636000335
25.65,58.1629828397
25.6666666667,58.1612900973
25.6833333333,58.1609437065
25.7,58.159035961
25.7166666667,58.1587993396
25.7333333333,58.1584869668
25.75,58.1581492406
25.7666666667,58.1559704561
25.7833333333,58.1547811655
25.8,58.1546841116
25.8166666667,58.1546134296
25.8333333333,58.1533815854
25.85,58.1528699223
25.8666666667,58.1527897504
25.8833333333,58.1524561442
25.9,58.1493749796
25.9166666667,58.1472866522
25.9333333333,58.1470379
25.95,58.1470334351
25.9666666667,58.1462342247
25.9833333333,58.14440073
26,58.1441604516
26.0166666667,58.1417465089
26.0333333333,58.1393785311
26.05,58.1382046284
26.0666666667,58.1370690745
26.0833333333,58.1355933507
26.1,58.1349335669
26.1166666667,58.13311491
26.1333333333,58.1293622864
26.15,58.1279207106
26.1666666667,58.127018973
26.1833333333,58.1262776891
26.2,58.124662444
26.2166666667,58.1243622492
26.2333333333,58.1228893456
26.25,58.1228076705
26.2666666667,58.1219581912
26.2833333333,58.1195296557
26.3,58.1185880963
26.3166666667,58.1134701904
26.3333333333,58.1109665559
26.35,58.1087616576
26.3666666667,58.1050544724
26.3833333333,58.101569989
26.4,58.0998442488
26.4166666667,58.099793232
26.4333333333,58.0977228078
26.45,58.0974837045
26.4666666667,58.096683049
26.4833333333,58.0908521113
26.5,58.0896551953
26.5166666667,58.0888239023
26.5333333333,58.0883234609
26.55,58.0863078999
26.5666666667,58.0857843426
26.5833333333,58.0854865008
26.6,58.0751461177
26.6166666667,58.0744286455
26.6333333333,58.0728515556
26.65,58.0719203732
26.6666666667,58.071434545
26.6833333333,58.0655260671
26.7,58.0625813632
26.7166666667,58.0590358861
26.7333333333,58.0555360131
26.75,58.0549257169
26.7666666667,58.0542498514
26.7833333333,58.0521788309
26.8,58.0517161743
26.8166666667,58.0511116287
26.8333333333,58.0505253266
26.85,58.0474350938
26.8666666667,58.0468940609
26.8833333333,58.0459550276
26.9,58.0454173419
26.9166666667,58.0451670453
26.9333333333,58.0439160541
26.95,58.042189484
26.9666666667,58.0414507371
26.9833333333,58.0411088786
27,58.038556199
27.0166666667,58.0374544644
27.0333333333,58.037203341
27.05,58.0366127872
27.0666666667,58.036497436
27.0833333333,58.0356816628
27.1,58.0303182052
27.1166666667,58.0301670793
27.1333333333,58.0277015976
27.15,58.0267313139
27.1666666667,58.0250073247
27.1833333333,58.0232672806
27.2,58.0219433172
27.2166666667,58.0218185335
27.2333333333,58.0217262951
27.25,58.0216709228
27.2666666667,58.0203878112
27.2833333333,58.0120087495
27.3,58.0117417451
27.3166666667,58.011732331
27.3333333333,58.0113202211
27.35,58.0111679894
27.3666666667,58.0086188041
27.3833333333,58.0075274112
27.4,58.0053987476
27.4166666667,58.0053064157
27.4333333333,58.0051745521
27.45,58.0044025046
27.4666666667,57.9978101189
27.4833333333,57.9941904497
27.5,57.9933230852
27.5166666667,57.9931128174
27.5333333333,57.9899882661
27.55,57.9895903675
27.5666666667,57.9872693045
27.5833333333,57.9868871381
27.6,57.9861937639
27.6166666667,57.9846746727
27.6333333333,57.9824684394
27.65,57.9823727132
27.6666666667,57.9807562432
27.6833333333,57.9802510539
27.7,57.9801291685
27.7166666667,57.9800995988
27.7333333333,57.9751032056
27.75,57.9744813367
27.7666666667,57.974228191
27.7833333333,57.9737134103
27.8,57.9736602601
27.8166666667,57.9717639939
27.8333333333,57.9709865534
27.85,57.9691151662
27.8666666667,57.9682276668
27.8833333333,57.9653039056
27.9,57.9625505776
27.9166666667,57.9620800695
27.9333333333,57.9600881925
27.95,57.9578101119
27.9666666667,57.957721528
27.9833333333,57.9552339793
28,57.9529262141
28.0166666667,57.9528189689
28.0333333333,57.9525846184
28.05,57.9518728149
28.0666666667,57.9516441581
28.0833333333,57.9503215416
28.1,57.9486229929
28.1166666667,57.948245866
28.1333333333,57.9468998771
28.15,57.9468866509
28.1666666667,57.9434698551
28.1833333333,57.9434371756
28.2,57.9424144237
28.2166666667,57.9415195013
28.2333333333,57.9400564526
28.25,57.9398136252
28.2666666667,57.9393999749
28.2833333333,57.9379203005
28.3,57.9361335381
28.3166666667,57.9359239957
28.3333333333,57.9349019639
28.35,57.9334907536
28.3666666667,57.9311674001
28.3833333333,57.9297461689
28.4,57.9288800006
28.4166666667,57.9270822518
28.4333333333,57.9251931852
28.45,57.9241019456
28.4666666667,57.9236946189
28.4833333333,57.9206903581
28.5,57.9173274956
28.5166666667,57.9152100857
28.5333333333,57.9103592592
28.55,57.9086780405
28.5666666667,57.90607469
28.5833333333,57.9055408901
28.6,57.904282198
28.6166666667,57.9017588515
28.6333333333,57.900205025
28.65,57.8973874191
28.6666666667,57.8973794337
28.6833333333,57.8956569548
28.7,57.8954271699
28.7166666667,57.8946327347
28.7333333333,57.8944364666
28.75,57.8903799154
28.7666666667,57.8881747842
28.7833333333,57.8864508732
28.8,57.8850403006
28.8166666667,57.882042991
28.8333333333,57.8819092544
28.85,57.8803932659
28.8666666667,57.8770357707
28.8833333333,57.8731884424
28.9,57.873113151
28.9166666667,57.8722713479
28.9333333333,57.8702163204
28.95,57.8698927899
28.9666666667,57.8686515579
28.9833333333,57.8650193383
29,57.8648093185
29.0166666667,57.8646242781
29.0333333333,57.8640582212
29.05,57.8640511334
29.0666666667,57.8626894321
29.0833333333,57.8620186692
29.1,57.859555018
29.1166666667,57.8594646786
29.1333333333,57.8577576302
29.15,57.8557658732
29.1666666667,57.8550331522
29.1833333333,57.8525205057
29.2,57.8517269034
29.2166666667,57.8501104753
29.2333333333,57.8489754696
29.25,57.8475356871
29.2666666667,57.8461859754
29.2833333333,57.8461050643
29.3,57.8450297124
29.3166666667,57.8413277518
29.3333333333,57.8407596242
29.35,57.8393031844
29.3666666667,57.8371228908
29.3833333333,57.8361702236
29.4,57.8352828632
29.4166666667,57.8351974541
29.4333333333,57.8329444462
29.45,57.8327917336
29.4666666667,57.8326120519
29.4833333333,57.8315210201
29.5,57.828484134
29.5166666667,57.8263248839
29.5333333333,57.8256195919
29.55,57.8243465486
29.5666666667,57.8215667462
29.5833333333,57.8208503149
29.6,57.8177201219
29.6166666667,57.817495212
29.6333333333,57.8141842448
29.65,57.811776803
29.6666666667,57.811606271
29.6833333333,57.8108008221
29.7,57.8063485202
29.7166666667,57.8033909141
29.7333333333,57.8032291997
29.75,57.8013986207
29.7666666667,57.7991058482
29.7833333333,57.7989370126
29.8,57.7987965622
29.8166666667,57.7955377109
29.8333333333,57.7938886274
29.85,57.7933718595
29.8666666667,57.7927544868
29.8833333333,57.7918114724
29.9,57.7912179485
29.9166666667,57.790706907
29.9333333333,57.789639463
29.95,57.787946473
29.9666666667,57.7875601756
29.9833333333,57.7827521166
30,57.7814028737
30.0166666667,57.7806585937
30.0333333333,57.7785498456
30.05,57.7760925289
30.0666666667,57.7741182452
30.0833333333,57.7732965614
30.1,57.7710728299
30.1166666667,57.7707573461
30.1333333333,57.7688861191
30.15,57.7686710552
30.1666666667,57.7674162023
30.1833333333,57.7665819919
30.2,57.7661992515
30.2166666667,57.7628206973
30.2333333333,57.7617432822
30.25,57.761601273
30.2666666667,57.7603690618
30.2833333333,57.7602629995
30.3,57.7588788326
30.3166666667,57.7588755043
30.3333333333,57.758340382
30.35,57.7562774193
30.3666666667,57.7539963384
30.3833333333,57.7479523078
30.4,57.7475372838
30.4166666667,57.7472061057
30.4333333333,57.74580275
30.45,57.7447561192
30.4666666667,57.73926425
30.4833333333,57.7391889044
30.5,57.7382798089
30.5166666667,57.7370193971
30.5333333333,57.7298159317
30.55,57.7294273598
30.5666666667,57.7282490692
30.5833333333,57.724181849
30.6,57.7241699118
30.6166666667,57.7191292388
30.6333333333,57.7189283773
30.65,57.7177949301
30.6666666667,57.7175479375
30.6833333333,57.7152203609
30.7,57.7149942458
30.7166666667,57.714972114
30.7333333333,57.7127019117
30.75,57.7126747461
30.7666666667,57.7119048713
30.7833333333,57.7114278472
30.8,57.7111828191
30.8166666667,57.7108760188
30.8333333333,57.710202555
30.85,57.7086999332
30.8666666667,57.7074565752
30.8833333333,57.7073449033
30.9,57.7067483497
30.9166666667,57.7050278971
30.9333333333,57.703046603
30.95,57.7024826365
30.9666666667,57.6989190478
30.9833333333,57.6982359618
31,57.697273131
31.0166666667,57.6967540321
31.0333333333,57.6961488757
31.05,57.6957685022
31.0666666667,57.6955646119
31.0833333333,57.6947076225
31.1,57.6936065655
31.1166666667,57.6927681467
31.1333333333,57.6910112931
31.15,57.6870093218
31.1666666667,57.6843466226
31.1833333333,57.6833434745
31.2,57.6808781106
31.2166666667,57.678475271
31.2333333333,57.6770455005
31.25,57.6755635705
31.2666666667,57.6727258176
31.2833333333,57.6700896568
31.3,57.6685151196
31.3166666667,57.6668940891
31.3333333333,57.6660526508
31.35,57.6658318834
31.3666666667,57.6656091174
31.3833333333,57.6654418396
31.4,57.6645136026
31.4166666667,57.6644205279
31.4333333333,57.6635892138
31.45,57.659029262
31.4666666667,57.6587855146
31.4833333333,57.6572080839
31.5,57.6568067959
31.5166666667,57.656423402
31.5333333333,57.6562052817
31.55,57.6489968834
31.5666666667,57.6488790828
31.5833333333,57.6486976495
31.6,57.6456931539
31.6166666667,57.6456280915
31.6333333333,57.6452136291
31.65,57.6451648254
31.6666666667,57.6420618964
31.6833333333,57.6419793227
31.7,57.6413889428
31.7166666667,57.6400439241
31.7333333333,57.6395159079
31.75,57.6393155201
31.7666666667,57.6373253468
31.7833333333,57.6364074987
31.8,57.6354159258
31.8166666667,57.6322032113
31.8333333333,57.6302460774
31.85,57.6298182429
31.8666666667,57.629327722
31.8833333333,57.6266105718
31.9,57.6245483848
31.9166666667,57.6244615652
31.9333333333,57.6233005771
31.95,57.6211992239
31.9666666667,57.6211512634
31.9833333333,57.6207535669
32,57.6186503516
32.0166666667,57.6181437694
32.0333333333,57.6180623
32.05,57.617197101
32.0666666667,57.6115033276
32.0833333333,57.6087066453
32.1,57.6082767608
32.1166666667,57.6074883183
32.1333333333,57.6073949117
32.15,57.6064823649
32.1666666667,57.6052510255
32.1833333333,57.6029276409
32.2,57.6024990894
32.2166666667,57.601379941
32.2333333333,57.6011546638
32.25,57.6005249249
32.2666666667,57.597236907
32.2833333333,57.5965499881
32.3,57.5962788947
32.3166666667,57.5922579944
32.3333333333,57.5902707304
32.35,57.5891816173
32.3666666667,57.587704827
32.3833333333,57.5871035562
32.4,57.5867495795
32.4166666667,57.5851614303
32.4333333333,57.5850990942
32.45,57.5826680142
32.4666666667,57.5780623993
32.4833333333,57.5778261114
32.5,57.5762702981
32.5166666667,57.5754007436
32.5333333333,57.5748625404
32.55,57.5745544811
32.5666666667,57.5733082858
32.5833333333,57.5732160757
32.6,57.5727662151
32.6166666667,57.5726981899
32.6333333333,57.5664907324
32.65,57.5663037411
32.6666666667,57.5642108759
32.6833333333,57.5626524568
32.7,57.56128009
32.7166666667,57.5611200455
32.7333333333,57.5601172336
32.75,57.5595906195
32.7666666667,57.556752943
32.7833333333,57.5558899393
32.8,57.5555137346
32.8166666667,57.5540792543
32.8333333333,57.5539480497
32.85,57.5520524845
32.8666666667,57.5514636659
32.8833333333,57.5500517996
32.9,57.5497116741
32.9166666667,57.5481106183
32.9333333333,57.547397394
32.95,57.5471072866
32.9666666667,57.5423098222
32.9833333333,57.5421803491
33,57.540439804
33.0166666667,57.5397467603
33.0333333333,57.536425779
33.05,57.5362812315
33.0666666667,57.5347445109
33.0833333333,57.5274349875
33.1,57.5264577845
33.1166666667,57.5241301983
33.1333333333,57.5237179904
33.15,57.5236435359
33.1666666667,57.520137201
33.1833333333,57.5199563821
33.2,57.5188550324
33.2166666667,57.5176800874
33.2333333333,57.5157626002
33.25,57.5150633313
33.2666666667,57.5142173632
33.2833333333,57.5130643836
33.3,57.5128299686
33.3166666667,57.511025744
33.3333333333,57.510401204
33.35,57.5099075618
33.3666666667,57.5085558613
33.3833333333,57.5077658484
33.4,57.5065729104
33.4166666667,57.5040095567
33.4333333333,57.5032885125
33.45,57.5018396478
33.4666666667,57.5014087116
33.4833333333,57.5005334168
33.5,57.500461064
33.5166666667,57.5000474786
33.5333333333,57.4998383801
33.55,57.4976301443
33.5666666667,57.49476084
33.5833333333,57.4929682103
33.6,57.4928859252
33.6166666667,57.4923935639
33.6333333333,57.4905639626
33.65,57.4889477697
33.6666666667,57.4889047865
33.6833333333,57.4888215599
33.7,57.4853091067
33.7166666667,57.4831362086
33.7333333333,57.4826851281
33.75,57.4820699433
33.7666666667,57.481661866
33.7833333333,57.4775460394
33.8,57.47664413
33.8166666667,57.4764732081
33.8333333333,57.4762959875
33.85,57.4740711631
33.8666666667,57.4735945846
33.8833333333,57.4699190055
33.9,57.4693730718
33.9166666667,57.4679858063
33.9333333333,57.4653671312
33.95,57.4613862359
33.9666666667,57.4581455091
33.9833333333,57.4574767091
34,57.4569079802
34.0166666667,57.4556272024
34.0333333333,57.455331504
34.05,57.4515380431
34.0666666667,57.4515277442
34.0833333333,57.4511500564
34.1,57.448033054
34.1166666667,57.4432164076
34.1333333333,57.4414520803
34.15,57.4406777144
34.1666666667,57.4374004543
34.1833333333,57.437263153
34.2,57.4367013429
34.2166666667,57.4355095281
34.2333333333,57.4342067907
34.25,57.4335389228
34.2666666667,57.4333159529
34.2833333333,57.4312436709
34.3,57.4302660427
34.3166666667,57.4268192919
34.3333333333,57.4235538867
34.35,57.422255553
34.3666666667,57.4210223028
34.3833333333,57.4205896773
34.4,57.4178554209
34.4166666667,57.4163855536
34.4333333333,57.4162701859
34.45,57.4155350757
34.4666666667,57.4144392018
34.4833333333,57.4137305694
34.5,57.4136569974
34.5166666667,57.4136487184
34.5333333333,57.4130690406
34.55,57.4126202897
34.5666666667,57.412149011
34.5833333333,57.411653629
34.6,57.4115521294
34.6166666667,57.4108195851
34.6333333333,57.4081340988
34.65,57.4045025545
34.6666666667,57.4027391163
34.6833333333,57.401817781
34.7,57.4010484479
34.7166666667,57.3985926311
34.7333333333,57.3943554563
34.75,57.3936002482
34.7666666667,57.3927164948
34.7833333333,57.388434657
34.8,57.3873994378
34.8166666667,57.3851760752
34.8333333333,57.3849701634
34.85,57.3817041696
34.8666666667,57.3808700744
34.8833333333,57.3803938011
34.9,57.3801889105
34.9166666667,57.3795879523
34.9333333333,57.3778923771
34.95,57.3757932975
34.9666666667,57.3750275828
34.9833333333,57.3736872425
35,57.3718382695
35.0166666667,57.3689860317
35.0333333333,57.3686664366
35.05,57.3666016171
35.0666666667,57.3662249666
35.0833333333,57.3655912238
35.1,57.3652620834
35.1166666667,57.3651680075
35.1333333333,57.36222825
35.15,57.3620623968
35.1666666667,57.3609445608
35.1833333333,57.3594513092
35.2,57.3585733483
35.2166666667,57.356757478
35.2333333333,57.3560996706
35.25,57.3556017773
35.2666666667,57.3555674699
35.2833333333,57.3550894654
35.3,57.3542215051
35.3166666667,57.3532306749
35.3333333333,57.3521551053
35.35,57.3468599618
35.3666666667,57.3444943295
35.3833333333,57.3439535272
35.4,57.3426335528
35.4166666667,57.3419945751
35.4333333333,57.3366934893
35.45,57.3361280358
35.4666666667,57.3311390868
35.4833333333,57.3306280444
35.5,57.3297865536
35.5166666667,57.3291725356
35.5333333333,57.3289363671
35.55,57.3287109987
35.5666666667,57.3283311849
35.5833333333,57.3250518212
35.6,57.322736415
35.6166666667,57.3217649998
35.6333333333,57.3212975274
35.65,57.3204926864
35.6666666667,57.3191526799
35.6833333333,57.31909283
35.7,57.3186745688
35.7166666667,57.3177293062
35.7333333333,57.317609936
35.75,57.3150137703
35.7666666667,57.3139703844
35.7833333333,57.3136356704
35.8,57.3129581205
35.8166666667,57.3124036697
35.8333333333,57.3123558822
35.85,57.311688902
35.8666666667,57.3106003459
35.8833333333,57.308072944
35.9,57.3078504204
35.9166666667,57.3078123103
35.9333333333,57.3055945028
35.95,57.304890041
35.9666666667,57.3032444996
35.9833333333,57.3026412015
36,57.2983909222
36.0166666667,57.2973126692
36.0333333333,57.2972275287
36.05,57.2965856937
36.0666666667,57.2933104829
36.0833333333,57.2927168793
36.1,57.2925209688
36.1166666667,57.2923120081
36.1333333333,57.2899632432
36.15,57.2866233152
36.1666666667,57.2855300959
36.1833333333,57.2808982311
36.2,57.280358013
36.2166666667,57.2791409144
36.2333333333,57.2789242579
36.25,57.2783647213
36.2666666667,57.2765354518
36.2833333333,57.2749667463
36.3,57.2742487434
36.3166666667,57.2731532101
36.3333333333,57.2729543226
36.35,57.2720011633
36.3666666667,57.2715783917
36.3833333333,57.2703685521
36.4,57.2696194057
36.4166666667,57.2684816031
36.4333333333,57.267945967
36.45,57.2678128823
36.4666666667,57.2662887709
36.4833333333,57.2630924085
36.5,57.2628983547
36.5166666667,57.2617109192
36.5333333333,57.2609735991
36.55,57.2594955194
36.5666666667,57.2573122896
36.5833333333,57.2543539335
36.6,57.2518542243
36.6166666667,57.2473521939
36.6333333333,57.2459846175
36.65,57.2430791043
36.6666666667,57.2430704858
36.6833333333,57.2428875334
36.7,57.2400035875
36.7166666667,57.2399799277
36.7333333333,57.2382616391
36.75,57.2366715612
36.7666666667,57.2342224848
36.7833333333,57.23335772
36.8,57.2326384202
36.8166666667,57.2323136009
36.8333333333,57.2320131072
36.85,57.2298920897
36.8666666667,57.2296626364
36.8833333333,57.2288441534
36.9,57.2257183455
36.9166666667,57.224274518
36.9333333333,57.2233740414
36.95,57.2230735727
36.9666666667,57.2222934698
36.9833333333,57.2196280509
37,57.2180908165
37.0166666667,57.2174483366
37.0333333333,57.2167034647
37.05,57.2163908923
37.0666666667,57.2161374992
37.0833333333,57.2155089465
37.1,57.2152888562
37.1166666667,57.2140884198
37.1333333333,57.2129031502
37.15,57.2128095254
37.1666666667,57.2117568551
37.1833333333,57.2070030505
37.2,57.206943583
37.2166666667,57.2061358432
37.2333333333,57.2061308184
37.25,57.205211156
37.2666666667,57.2035776601
37.2833333333,57.2019426399
37.3,57.2007906016
37.3166666667,57.1980706652
37.3333333333,57.1968711685
37.35,57.1953695573
37.3666666667,57.1947156409
37.3833333333,57.1935756428
37.4,57.1928798534
37.4166666667,57.1928588931
37.4333333333,57.1879917755
37.45,57.1858776075
37.4666666667,57.185645626
37.4833333333,57.1851124513
37.5,57.1841931001
37.5166666667,57.1815193983
37.5333333333,57.1798145667
37.55,57.1794688548
37.5666666667,57.1789093013
37.5833333333,57.1783429958
37.6,57.1776033949
37.6166666667,57.1768018876
37.6333333333,57.1755393088
37.65,57.1752347226
37.6666666667,57.1751869345
37.6833333333,57.1744242654
37.7,57.1712918376
37.7166666667,57.1706453257
37.7333333333,57.1702195615
37.75,57.1689277457
37.7666666667,57.1683281726
37.7833333333,57.1672157479
37.8,57.1649823097
37.8166666667,57.1646561577
37.8333333333,57.1644189615
37.85,57.163277994
37.8666666667,57.1611130283
37.8833333333,57.1608010622
37.9,57.1600253932
37.9166666667,57.1593486128
37.9333333333,57.1592852885
37.95,57.1578441114
37.9666666667,57.1553891343
37.9833333333,57.1553842492
38,57.1547948203
38.0166666667,57.1515702239
38.0333333333,57.147895636
38.05,57.1472054333
38.0666666667,57.1458584232
38.0833333333,57.1445553942
38.1,57.1444170712
38.1166666667,57.140606182
38.1333333333,57.138884595
38.15,57.1372151626
38.1666666667,57.1352266149
38.1833333333,57.1347396405
38.2,57.1343660818
38.2166666667,57.133961798
38.2333333333,57.1323022054
38.25,57.1303993594
38.2666666667,57.1284268102
38.2833333333,57.1275601411
38.3,57.1274423719
38.3166666667,57.1273237812
38.3333333333,57.127276883
38.35,57.125617922
38.3666666667,57.1251149559
38.3833333333,57.1237727818
38.4,57.1229799265
38.4166666667,57.12227916
38.4333333333,57.1194483444
38.45,57.1178271658
38.4666666667,57.1163558619
38.4833333333,57.1157541541
38.5,57.1132790255
38.5166666667,57.1122817958
38.5333333333,57.1113739579
38.55,57.1103378954
38.5666666667,57.1098760832
38.5833333333,57.1092935138
38.6,57.1091208048
38.6166666667,57.1090452008
38.6333333333,57.1076832462
38.65,57.1069997438
38.6666666667,57.1062680579
38.6833333333,57.1060117139
38.7,57.1036433479
38.7166666667,57.1019103878
38.7333333333,57.1006814012
38.75,57.0998357726
38.7666666667,57.0993882849
38.7833333333,57.0993263756
38.8,57.0992801934
38.8166666667,57.0983244665
38.8333333333,57.0965423516
38.85,57.09630396
38.8666666667,57.0949326404
38.8833333333,57.0918927584
38.9,57.0918022464
38.9166666667,57.0917527515
38.9333333333,57.0916761904
38.95,57.0911961673
38.9666666667,57.0901552559
38.9833333333,57.0874457871
39,57.0859730903
39.0166666667,57.085831739
39.0333333333,57.0854704578
39.05,57.0852765792
39.0666666667,57.0845278554
39.0833333333,57.0832252568
39.1,57.0828430039
39.1166666667,57.0817888457
39.1333333333,57.0810021935
39.15,57.0797357668
39.1666666667,57.07927584
39.1833333333,57.0792651009
39.2,57.0779302576
39.2166666667,57.0774387127
39.2333333333,57.0766665177
39.25,57.0747344893
39.2666666667,57.0655637649
39.2833333333,57.0655597783
39.3,57.0648395566
39.3166666667,57.0626918064
39.3333333333,57.0612897482
39.35,57.0590431792
39.3666666667,57.0588594249
39.3833333333,57.0585216597
39.4,57.0572724977
39.4166666667,57.0564410775
39.4333333333,57.0557466796
39.45,57.0554364802
39.4666666667,57.0534852424
39.4833333333,57.0480397197
39.5,57.0454653346
39.5166666667,57.0443167679
39.5333333333,57.0424897058
39.55,57.0411501695
39.5666666667,57.0393152538
39.5833333333,57.0392239082
39.6,57.0380681631
39.6166666667,57.0344390969
39.6333333333,57.0289351143
39.65,57.0283092666
39.6666666667,57.0279677329
39.6833333333,57.0275475482
39.7,57.0235569793
39.7166666667,57.020915401
39.7333333333,57.0191379888
39.75,57.0162525536
39.7666666667,57.0131062858
39.7833333333,57.0123550056
39.8,57.0111113605
39.8166666667,57.010135477
39.8333333333,57.009446036
39.85,57.0076830493
39.8666666667,57.0076067371
39.8833333333,57.0039424216
39.9,57.0036248501
39.9166666667,57.0021809415
39.9333333333,57.0019604041
39.95,57.0004918393
39.9666666667,57.0003410353
39.9833333333,57.0000249822
40,56.9998768503
40.0166666667,56.9992830734
40.0333333333,56.998972014
40.05,56.9986222745
40.0666666667,56.9984698088
40.0833333333,56.9979826954
40.1,56.997894779
40.1166666667,56.9970372305
40.1333333333,56.9963055431
40.15,56.9929352727
40.1666666667,56.9929209981
40.1833333333,56.9922839478
40.2,56.9917492818
40.2166666667,56.9913577597
40.2333333333,56.9909476606
40.25,56.9885801212
40.2666666667,56.987854875
40.2833333333,56.9873887155
40.3,56.9868976827
40.3166666667,56.9861671098
40.3333333333,56.9855275764
40.35,56.9852947043
40.3666666667,56.9852771582
40.3833333333,56.9834575131
40.4,56.9829854886
40.4166666667,56.9816815894
40.4333333333,56.9816069373
40.45,56.9811584419
40.4666666667,56.9809717172
40.4833333333,56.9809097137
40.5,56.9805441908
40.5166666667,56.9804232491
40.5333333333,56.9782798315
40.55,56.9781072742
40.5666666667,56.9772514056
40.5833333333,56.9754714335
40.6,56.9745541647
40.6166666667,56.9742439239
40.6333333333,56.9739102442
40.65,56.9714894683
40.6666666667,56.9709501303
40.6833333333,56.9691075861
40.7,56.9690222219
40.7166666667,56.9684343667
40.7333333333,56.9672103022
40.75,56.9654737591
40.7666666667,56.9643113308
40.7833333333,56.9640218468
40.8,56.9639882258
40.8166666667,56.9630296118
40.8333333333,56.9600597476
40.85,56.9577512212
40.8666666667,56.957641793
40.8833333333,56.957528424
40.9,56.954343461
40.9166666667,56.9543324889
40.9333333333,56.9542680306
40.95,56.9522721342
40.9666666667,56.9519448983
40.9833333333,56.9515529403
41,56.9491976814
41.0166666667,56.9486018055
41.0333333333,56.9448700332
41.05,56.9448589795
41.0666666667,56.9440438106
41.0833333333,56.9436383399
41.1,56.9412709417
41.1166666667,56.936636283
41.1333333333,56.9344646553
41.15,56.9333742051
41.1666666667,56.9322411205
41.1833333333,56.9276537015
41.2,56.9255562241
41.2166666667,56.9245788377
41.2333333333,56.9234285344
41.25,56.9232129356
41.2666666667,56.9229704632
41.2833333333,56.9221684597
41.3,56.9218477933
41.3166666667,56.9173251073
41.3333333333,56.9161351417
41.35,56.9160456284
41.3666666667,56.9143538392
41.3833333333,56.9121367603
41.4,56.9117054279
41.4166666667,56.9098248444
41.4333333333,56.9094596987
41.45,56.9087360933
41.4666666667,56.907665258
41.4833333333,56.9068696546
41.5,56.9045236382
41.5166666667,56.9039876877
41.5333333333,56.9036686866
41.55,56.9006626308
41.5666666667,56.8994769143
41.5833333333,56.898489628
41.6,56.897155038
41.6166666667,56.8971513542
41.6333333333,56.89605072
41.65,56.8955312391
41.6666666667,56.8950059591
41.6833333333,56.8940160427
41.7,56.8930680902
41.7166666667,56.8919637039
41.7333333333,56.8917401763
41.75,56.8879626238
41.7666666667,56.8876984731
41.7833333333,56.8874275459
41.8,56.8872553081
41.8166666667,56.8860995086
41.8333333333,56.8858357891
41.85,56.8857843871
41.8666666667,56.8856805577
41.8833333333,56.8854267981
41.9,56.8847779779
41.9166666667,56.8844206139
41.9333333333,56.8834629488
41.95,56.8831039777
41.9666666667,56.8822268414
41.9833333333,56.8814537386
42,56.8790274463
42.0166666667,56.8768023019
42.0333333333,56.8763128829
42.05,56.8749862002
42.0666666667,56.87480886
42.0833333333,56.8737060452
42.1,56.8736491792
42.1166666667,56.8729925837
42.1333333333,56.8690431319
42.15,56.8688953523
42.1666666667,56.8688915574
42.1833333333,56.8687540963
42.2,56.8647313941
42.2166666667,56.8628842221
42.2333333333,56.8614222913
42.25,56.859857814
42.2666666667,56.8583038
42.2833333333,56.8551407098
42.3,56.8549878622
42.3166666667,56.8537565661
42.3333333333,56.849848368
42.35,56.8484894216
42.3666666667,56.8456598534
42.3833333333,56.843506299
42.4,56.8428918578
42.4166666667,56.8419534338
42.4333333333,56.8405108732
42.45,56.8404818825
42.4666666667,56.8383761347
42.4833333333,56.8379614466
42.5,56.8342214855
42.5166666667,56.8341282139
42.5333333333,56.8326097376
42.55,56.8302931434
42.5666666667,56.8300393433
42.5833333333,56.8299432003
42.6,56.829455771
42.6166666667,56.8279954401
42.6333333333,56.8271323771
42.65,56.8261483583
42.6666666667,56.824820691
42.6833333333,56.8223038708
42.7,56.8221220728
42.7166666667,56.8218561805
42.7333333333,56.8211737074
42.75,56.8202425463
42.7666666667,56.8200777465
42.7833333333,56.8189673364
42.8,56.8170038724
42.8166666667,56.8146661039
42.8333333333,56.8134923847
42.85,56.8133565866
42.8666666667,56.8130703397
42.8833333333,56.8130265442
42.9,56.8102602758
42.9166666667,56.8094511288
42.9333333333,56.808349942
42.95,56.8073336797
42.9666666667,56.8058452329
42.9833333333,56.8049921712
43,56.8039143117
43.0166666667,56.8032404792
43.0333333333,56.8025329466
43.05,56.8017801991
43.0666666667,56.7997720317
43.0833333333,56.797211062
43.1,56.796319552
43.1166666667,56.7961965441
43.1333333333,56.7958374272
43.15,56.7951025283
43.1666666667,56.7938995
43.1833333333,56.7935038919
43.2,56.791570964
43.2166666667,56.7876493853
43.2333333333,56.787461265
43.25,56.7856623739
43.2666666667,56.7834986089
43.2833333333,56.7818610661
43.3,56.7810727053
43.3166666667,56.7801398455
43.3333333333,56.7795178337
43.35,56.7793581185
43.3666666667,56.7790935947
43.3833333333,56.7784919537
43.4,56.7784916374
43.4166666667,56.7782683418
43.4333333333,56.7781664181
43.45,56.7776021051
43.4666666667,56.777117956
43.4833333333,56.7766212042
43.5,56.7756287772
43.5166666667,56.7753149132
43.5333333333,56.7748894603
43.55,56.7747023365
43.5666666667,56.7729650231
43.5833333333,56.7715438699
43.6,56.7701528505
43.6166666667,56.7693154228
43.6333333333,56.7674029748
43.65,56.7657427556
43.6666666667,56.7654906238
43.6833333333,56.764536553
43.7,56.7633066498
43.7166666667,56.7621650873
43.7333333333,56.7621228465
43.75,56.7592799337
43.7666666667,56.756713606
43.7833333333,56.75619023
43.8,56.7548350969
43.8166666667,56.7523582208
43.8333333333,56.7497633642
43.85,56.7462863275
43.8666666667,56.744814642
43.8833333333,56.7433087207
43.9,56.742004768
43.9166666667,56.7405850604
43.9333333333,56.7403243974
43.95,56.7398719916
43.9666666667,56.7388958485
43.9833333333,56.7383455535
44,56.738076529
44.0166666667,56.7365441392
44.0333333333,56.7353689601
44.05,56.7345189133
44.0666666667,56.733744203
44.0833333333,56.7317498948
44.1,56.7313098816
44.1166666667,56.7270914716
44.1333333333,56.7270275869
44.15,56.726479017
44.1666666667,56.7246595129
44.1833333333,56.7239924701
44.2,56.7237307618
44.2166666667,56.7235274582
44.2333333333,56.7227733899
44.25,56.71932854
44.2666666667,56.7191842722
44.2833333333,56.7187653741
44.3,56.7169742751
44.3166666667,56.7169532521
44.3333333333,56.7144027775
44.35,56.714233558
44.3666666667,56.7127951754
44.3833333333,56.7123855157
44.4,56.712243525
44.4166666667,56.7117489766
44.4333333333,56.7114510082
44.45,56.7101058155
44.4666666667,56.7093507216
44.4833333333,56.7088208591
44.5,56.7080985199
44.5166666667,56.7077420332
44.5333333333,56.7068193994
44.55,56.7063468589
44.5666666667,56.7058478091
44.5833333333,56.7047415973
44.6,56.7046848824
44.6166666667,56.7046692957
44.6333333333,56.7029520493
44.65,56.7022428393
44.6666666667,56.7016909509
44.6833333333,56.701599191
44.7,56.6996213926
44.7166666667,56.6966945877
44.7333333333,56.6956612505
44.75,56.6954707664
44.7666666667,56.6954514961
44.7833333333,56.6944451369
44.8,56.6931423182
44.8166666667,56.6922068573
44.8333333333,56.6920363615
44.85,56.6916232453
44.8666666667,56.6909251688
44.8833333333,56.6900650328
44.9,56.6895142457
44.9166666667,56.6893776053
44.9333333333,56.6870586221
44.95,56.6864386608
44.9666666667,56.6856199891
44.9833333333,56.6790593714
45,56.6789270504
45.0166666667,56.6781473813
45.0333333333,56.6756090934
45.05,56.6747463975
45.0666666667,56.67378641
45.0833333333,56.6726819627
45.1,56.6721634205
45.1166666667,56.6718580368
45.1333333333,56.670260875
45.15,56.666749493
45.1666666667,56.6650542359
45.1833333333,56.6632547619
45.2,56.6628205407
45.2166666667,56.6594398566
45.2333333333,56.6588359812
45.25,56.6577223443
45.2666666667,56.6559292966
45.2833333333,56.6548144054
45.3,56.6547316671
45.3166666667,56.6539517773
45.3333333333,56.6527885366
45.35,56.6524511937
45.3666666667,56.6511987992
45.3833333333,56.6511834543
45.4,56.6509017972
45.4166666667,56.650789199
45.4333333333,56.6505072611
45.45,56.6496237122
45.4666666667,56.6490581321
45.4833333333,56.6486728618
45.5,56.648580051
45.5166666667,56.647931672
45.5333333333,56.6466921417
45.55,56.6463397407
45.5666666667,56.6454374792
45.5833333333,56.6453625122
45.6,56.6451789934
45.6166666667,56.6448542586
45.6333333333,56.6405192715
45.65,56.6402416222
45.6666666667,56.638964943
45.6833333333,56.6386205212
45.7,56.6380340997
45.7166666667,56.6379671601
45.7333333333,56.6373650815
45.75,56.6362562312
45.7666666667,56.6361608202
45.7833333333,56.6354730552
45.8,56.6344335208
45.8166666667,56.6329251048
45.8333333333,56.6325813553
45.85,56.6324430674
45.8666666667,56.6315577751
45.8833333333,56.6305582979
45.9,56.630543016
45.9166666667,56.6300526858
45.9333333333,56.6296834453
45.95,56.6287259691
45.9666666667,56.6242630501
45.9833333333,56.6231202442
46,56.6215750943
46.0166666667,56.6184104644
46.0333333333,56.6183146331
46.05,56.6182817097
46.0666666667,56.6178741999
46.0833333333,56.6150674265
46.1,56.6133411308
46.1166666667,56.6114545727
46.1333333333,56.6106501091
46.15,56.6099725582
46.1666666667,56.6091221647
46.1833333333,56.6086711457
46.2,56.6070123406
46.2166666667,56.6065093086
46.2333333333,56.6060471683
46.25,56.6051319566
46.2666666667,56.6035461235
46.2833333333,56.6030499763
46.3,56.6030314549
46.3166666667,56.6025269649
46.3333333333,56.6017555987
46.35,56.6005592692
46.3666666667,56.5979689562
46.3833333333,56.5966706461
46.4,56.5958697214
46.4166666667,56.5957140162
46.4333333333,56.594630184
46.45,56.5944159193
46.4666666667,56.5927858416
46.4833333333,56.5915411532
46.5,56.5914277643
46.5166666667,56.5902426864
46.5333333333,56.5902102047
46.55,56.5895905113
46.5666666667,56.5869795097
46.5833333333,56.5846318368
46.6,56.5839569887
46.6166666667,56.5833521074
46.6333333333,56.5831437637
46.65,56.5830628507
46.6666666667,56.5822153569
46.6833333333,56.5818055319
46.7,56.5810743812
46.7166666667,56.5806715887
46.7333333333,56.5805685513
46.75,56.5805126308
46.7666666667,56.5805001261
46.7833333333,56.5793284805
46.8,56.5783770875
46.8166666667,56.5773872292
46.8333333333,56.5771364006
46.85,56.5759939729
46.8666666667,56.5728846768
46.8833333333,56.5722172682
46.9,56.5713316603
46.9166666667,56.5710449452
46.9333333333,56.5709439985
46.95,56.5695494012
46.9666666667,56.5680626123
46.9833333333,56.5674336
47,56.566171707
47.0166666667,56.5653228305
47.0333333333,56.5647144536
47.05,56.5607971449
47.0666666667,56.5578491155
47.0833333333,56.5577725618
47.1,56.556730303
47.1166666667,56.556477285
47.1333333333,56.556152533
47.15,56.5558874525
47.1666666667,56.5556160039
47.1833333333,56.5546052228
47.2,56.5539378756
47.2166666667,56.5490367077
47.2333333333,56.5479845385
47.25,56.547641153
47.2666666667,56.5450487825
47.2833333333,56.5426224754
47.3,56.539089178
47.3166666667,56.5389714702
47.3333333333,56.5384362415
47.35,56.5381670988
47.3666666667,56.5380137132
47.3833333333,56.5356874058
47.4,56.5351541579
47.4166666667,56.5341040404
47.4333333333,56.5326834847
47.45,56.531751214
47.4666666667,56.5312945919
47.4833333333,56.5312112052
47.5,56.5304087873
47.5166666667,56.530314502
47.5333333333,56.5302123574
47.55,56.5258996303
47.5666666667,56.5256216769
47.5833333333,56.5235528845
47.6,56.5235066105
47.6166666667,56.5228506945
47.6333333333,56.5217534927
47.65,56.5174785813
47.6666666667,56.5172718286
47.6833333333,56.5137183203
47.7,56.5133531479
47.7166666667,56.5132138452
47.7333333333,56.5109377271
47.75,56.509835604
47.7666666667,56.5084302885
47.7833333333,56.5080061865
47.8,56.5060327924
47.8166666667,56.5051530222
47.8333333333,56.5045795503
47.85,56.5023586079
47.8666666667,56.502195595
47.8833333333,56.5010761104
47.9,56.4995785442
47.9166666667,56.4987482909
47.9333333333,56.4976796243
47.95,56.4962322296
47.9666666667,56.4932637984
47.9833333333,56.4917755562
48,56.4894883169
48.0166666667,56.4884488449
48.0333333333,56.4878960497
48.05,56.4876269802
48.0666666667,56.4874275727
48.0833333333,56.4871115427
48.1,56.4864884115
48.1166666667,56.4861386115
48.1333333333,56.4854787576
48.15,56.4850188911
48.1666666667,56.4837086439
48.1833333333,56.4798703169
48.2,56.4790859093
48.2166666667,56.4778287935
48.2333333333,56.4766589653
48.25,56.4727360338
48.2666666667,56.4709016964
48.2833333333,56.4708160259
48.3,56.4699061384
48.3166666667,56.4672051463
48.3333333333,56.4641639006
48.35,56.4635711829
48.3666666667,56.4620295331
48.3833333333,56.4601429097
48.4,56.4594887628
48.4166666667,56.458489909
48.4333333333,56.4582218795
48.45,56.4579406193
48.4666666667,56.4566925165
48.4833333333,56.4551537993
48.5,56.4544782468
48.5166666667,56.4541543607
48.5333333333,56.4540987616
48.55,56.4529296972
48.5666666667,56.4526726912
48.5833333333,56.4519136915
48.6,56.4505919696
48.6166666667,56.449443308
48.6333333333,56.4485688938
48.65,56.4482698684
48.6666666667,56.4471247059
48.6833333333,56.4462667248
48.7,56.4442259512
48.7166666667,56.4436531539
48.7333333333,56.4428482286
48.75,56.4427350465
48.7666666667,56.4417144701
48.7833333333,56.4384563846
48.8,56.4374357858
48.8166666667,56.4357070925
48.8333333333,56.4342739225
48.85,56.4338419271
48.8666666667,56.4334316555
48.8833333333,56.4321401771
48.9,56.4315404804
48.9166666667,56.4286634683
48.9333333333,56.4276793504
48.95,56.4267652234
48.9666666667,56.4231455207
48.9833333333,56.4230277565
49,56.4228183596
49.0166666667,56.4220253894
49.0333333333,56.4220214076
49.05,56.4201433431
49.0666666667,56.4152827922
49.0833333333,56.4133792425
49.1,56.4125232537
49.1166666667,56.4113194957
49.1333333333,56.410434175
49.15,56.4096902977
49.1666666667,56.4093364656
49.1833333333,56.4083513943
49.2,56.407198555
49.2166666667,56.4064734071
49.2333333333,56.405933422
49.25,56.40356992
49.2666666667,56.4033498579
49.2833333333,56.4027305088
49.3,56.4024123586
49.3166666667,56.3995951694
49.3333333333,56.3994019837
49.35,56.3981619534
49.3666666667,56.3976957865
49.3833333333,56.3973027433
49.4,56.3966238486
49.4166666667,56.3960538279
49.4333333333,56.3957662385
49.45,56.395526701
49.4666666667,56.3950172783
49.4833333333,56.3940202442
49.5,56.3929695906
49.5166666667,56.392718221
49.5333333333,56.3915690312
49.55,56.3911724152
49.5666666667,56.3891618927
49.5833333333,56.3861126917
49.6,56.385121514
49.6166666667,56.3849907525
49.6333333333,56.3849246113
49.65,56.3845549937
49.6666666667,56.3834472069
49.6833333333,56.3813087847
49.7,56.3793105308
49.7166666667,56.3786770206
49.7333333333,56.3783375186
49.75,56.3782176148
49.7666666667,56.374635356
49.7833333333,56.3729717261
49.8,56.3697260451
49.8166666667,56.369107692
49.8333333333,56.3687858882
49.85,56.3661776053
49.8666666667,56.3656849411
49.8833333333,56.3635185384
49.9,56.3631429817
49.9166666667,56.3584316657
49.9333333333,56.3568353843
49.95,56.3563638105
49.9666666667,56.3551942433
49.9833333333,56.3542489831
50,56.3534127344
50.0166666667,56.3525608059
50.0333333333,56.3506321335
50.05,56.3496610507
50.0666666667,56.3488579341
50.0833333333,56.3488541391
50.1,56.3415519477
50.1166666667,56.3398497765
50.1333333333,56.339769535
50.15,56.3396463585
50.1666666667,56.3394676769
50.1833333333,56.3385153891
50.2,56.3382424284
50.2166666667,56.3382157426
50.2333333333,56.3371625812
50.25,56.3369276281
50.2666666667,56.3365930535
50.2833333333,56.3356207289
50.3,56.3352338279
50.3166666667,56.3352081548
50.3333333333,56.3336761136
50.35,56.33123677
50.3666666667,56.3307584539
50.3833333333,56.3307427017
50.4,56.3297714755
50.4166666667,56.3268744734
50.4333333333,56.326195684
50.45,56.3252043002
50.4666666667,56.3248279589
50.4833333333,56.3245604019
50.5,56.3243687172
50.5166666667,56.3237024136
50.5333333333,56.3219505217
50.55,56.3208332994
50.5666666667,56.3203545989
50.5833333333,56.319992507
50.6,56.319704946
50.6166666667,56.3159734434
50.6333333333,56.3158451651
50.65,56.3152585705
50.6666666667,56.3150434748
50.6833333333,56.3147843805
50.7,56.3145876975
50.7166666667,56.313109613
50.7333333333,56.3078458039
50.75,56.3067922723
50.7666666667,56.3062087508
50.7833333333,56.3055261817
50.8,56.3034176605
50.8166666667,56.3024740163
50.8333333333,56.3002444423
50.85,56.2994977388
50.8666666667,56.2986743919
50.8833333333,56.2986374638
50.9,56.2978371317
50.9166666667,56.2976117574
50.9333333333,56.2970170446
50.95,56.2957920108
50.9666666667,56.2956539096
50.9833333333,56.2951464658
51,56.2945020137
51.0166666667,56.2939936049
51.0333333333,56.293548069
51.05,56.291206899
51.0666666667,56.2845538586
51.0833333333,56.2842259106
51.1,56.283626866
51.1166666667,56.2835043958
51.1333333333,56.2815288642
51.15,56.2811856526
51.1666666667,56.2805851137
51.1833333333,56.2802553158
51.2,56.2766509889
51.2166666667,56.2762780952
51.2333333333,56.2757800395
51.25,56.2746038009
51.2666666667,56.2744302484
51.2833333333,56.2743633989
51.3,56.2731446722
51.3166666667,56.2728339021
51.3333333333,56.2726843971
51.35,56.271796637
51.3666666667,56.268162796
51.3833333333,56.2675865651
51.4,56.2671929642
51.4166666667,56.2669593119
51.4333333333,56.265388246
51.45,56.2650773254
51.4666666667,56.2647237851
51.4833333333,56.2646942173
51.5,56.2638727255
51.5166666667,56.2598984279
51.5333333333,56.2586174362
51.55,56.2583430877
51.5666666667,56.2574761317
51.5833333333,56.2561234006
51.6,56.2559618282
51.6166666667,56.2558244607
51.6333333333,56.255544682
51.65,56.2550745594
51.6666666667,56.2547635124
51.6833333333,56.2543879512
51.7,56.2517310967
51.7166666667,56.2512493582
51.7333333333,56.2502955913
51.75,56.2496703145
51.7666666667,56.2493186846
51.7833333333,56.2490746599
51.8,56.2488462071
51.8166666667,56.2484999255
51.8333333333,56.2464595189
51.85,56.2449189337
51.8666666667,56.2443316598
51.8833333333,56.2420966451
51.9,56.241974436
51.9166666667,56.2419623117
51.9333333333,56.2416015909
51.95,56.2410573299
51.9666666667,56.2394879768
51.9833333333,56.2394757188
52,56.2392822086
52.0166666667,56.2389061059
52.0333333333,56.2377325918
52.05,56.2372761277
52.0666666667,56.2357269879
52.0833333333,56.2354335726
52.1,56.235307861
52.1166666667,56.2333987929
52.1333333333,56.2328691931
52.15,56.231129697
52.1666666667,56.2288857144
52.1833333333,56.2271249745
52.2,56.2266539025
52.2166666667,56.2265286127
52.2333333333,56.2257988398
52.25,56.2252992885
52.2666666667,56.223432088
52.2833333333,56.2221589071
52.3,56.2217141139
52.3166666667,56.2193628725
52.3333333333,56.2189346605
52.35,56.214638758
52.3666666667,56.2138589119
52.3833333333,56.2119674331
52.4,56.2113636716
52.4166666667,56.211328278
52.4333333333,56.2103339132
52.45,56.2093321177
52.4666666667,56.2083989083
52.4833333333,56.2066873169
52.5,56.2051925952
52.5166666667,56.2044012725
52.5333333333,56.2034443354
52.55,56.2016318402
52.5666666667,56.2007028723
52.5833333333,56.1979256965
52.6,56.1951855734
52.6166666667,56.1941651519
52.6333333333,56.1931067478
52.65,56.1923303089
52.6666666667,56.1914658355
52.6833333333,56.1888233907
52.7,56.1882229113
52.7166666667,56.1875085819
52.7333333333,56.1819782312
52.75,56.1812501281
52.7666666667,56.1809742639
52.7833333333,56.1807782106
52.8,56.1806204398
52.8166666667,56.1802282331
52.8333333333,56.180116448
52.85,56.179243348
52.8666666667,56.1786348839
52.8833333333,56.1759814156
52.9,56.1758107028
52.9166666667,56.1751324883
52.9333333333,56.1743122609
52.95,56.1741825778
52.9666666667,56.1724329004
52.9833333333,56.1711599669
53,56.1711371585
53.0166666667,56.1706993375
53.0333333333,56.1672715689
53.05,56.1668943685
53.0666666667,56.1652608443
53.0833333333,56.1638398357
53.1,56.1629040077
53.1166666667,56.1620201958
53.1333333333,56.1613924461
53.15,56.1613233692
53.1666666667,56.1612504941
53.1833333333,56.1611973668
53.2,56.1611627879
53.2166666667,56.1605949317
53.2333333333,56.160054859
53.25,56.1599738629
53.2666666667,56.1595921877
53.2833333333,56.1585492271
53.3,56.1577980557
53.3166666667,56.1570394897
53.3333333333,56.1552575079
53.35,56.1526993079
53.3666666667,56.1525247193
53.3833333333,56.1523590495
53.4,56.1506404842
53.4166666667,56.1506158884
53.4333333333,56.1503201605
53.45,56.149943306
53.4666666667,56.1474684855
53.4833333333,56.1465066573
53.5,56.1461228819
53.5166666667,56.1460269141
53.5333333333,56.143861182
53.55,56.1422039916
53.5666666667,56.141183268
53.5833333333,56.140277299
53.6,56.1389885823
53.6166666667,56.1367159976
53.6333333333,56.1360023056
53.65,56.134994235
53.6666666667,56.1348298416
53.6833333333,56.1336255542
53.7,56.1326244521
53.7166666667,56.1316924587
53.7333333333,56.1311428527
53.75,56.1305440536
53.7666666667,56.1275743463
53.7833333333,56.1259812741
53.8,56.1255065774
53.8166666667,56.1252606507
53.8333333333,56.12359525
53.85,56.1211905544
53.8666666667,56.1182377226
53.8833333333,56.1154250556
53.9,56.1151225145
53.9166666667,56.1151082503
53.9333333333,56.114968987
53.95,56.1128387988
53.9666666667,56.1125047131
53.9833333333,56.1121595403
54,56.1117988957
54.0166666667,56.1115006743
54.0333333333,56.1114919794
54.05,56.1103870853
54.0666666667,56.1099021281
54.0833333333,56.1096529014
54.1,56.1053892037
54.1166666667,56.1030339533
54.1333333333,56.0998603605
54.15,56.0988003225
54.1666666667,56.0963249972
54.1833333333,56.0948094098
54.2,56.0945989065
54.2166666667,56.0937799654
54.2333333333,56.0934347226
54.25,56.0895212039
54.2666666667,56.0887635129
54.2833333333,56.087735949
54.3,56.0872473721
54.3166666667,56.0862368153
54.3333333333,56.0862326112
54.35,56.0856871173
54.3666666667,56.0832824277
54.3833333333,56.0786674978
54.4,56.0782735083
54.4166666667,56.0782303391
54.4333333333,56.074816968
54.45,56.0726738635
54.4666666667,56.0719246909
54.4833333333,56.0707046077
54.5,56.0685632574
54.5166666667,56.0677506237
54.5333333333,56.0633065751
54.55,56.062790323
54.5666666667,56.0599472262
54.5833333333,56.0596616939
54.6,56.0580019473
54.6166666667,56.0568884883
54.6333333333,56.0557127049
54.65,56.0542116332
54.6666666667,56.0508417214
54.6833333333,56.0496213
54.7,56.0491508172
54.7166666667,56.0479308779
54.7333333333,56.0468131762
54.75,56.0449674582
54.7666666667,56.0445919218
54.7833333333,56.0445407386
54.8,56.0440034814
54.8166666667,56.0423613209
54.8333333333,56.0405194428
54.85,56.0386318459
54.8666666667,56.0367343315
54.8833333333,56.0347075644
54.9,56.0325866223
54.9166666667,56.0323914376
54.9333333333,56.0321473056
54.95,56.0312190727
54.9666666667,56.0306873346
54.9833333333,56.0302973181
55,56.0289205927
55.0166666667,56.0287151211
55.0333333333,56.0230753345
55.05,56.0227597569
55.0666666667,56.022135548
55.0833333333,56.0183644361
55.1,56.0164186364
55.1166666667,56.0147765845
55.1333333333,56.0146378582
55.15,56.0145243617
55.1666666667,56.0145140915
55.1833333333,56.013982561
55.2,56.0112514452
55.2166666667,56.0098733492
55.2333333333,56.009379758
55.25,56.0088703629
55.2666666667,56.0085591913
55.2833333333,56.0082465112
55.3,56.007341349
55.3166666667,56.0054555635
55.3333333333,56.0053286473
55.35,56.0024211358
55.3666666667,56.0018825587
55.3833333333,56.0010690477
55.4,55.9992053569
55.4166666667,55.9986298165
55.4333333333,55.9974109038
55.45,55.9958166417
55.4666666667,55.9953401417
55.4833333333,55.99448786
55.5,55.9940140094
55.5166666667,55.9938371709
55.5333333333,55.9938262258
55.55,55.993226513
55.5666666667,55.9926195121
55.5833333333,55.9921774933
55.6,55.9918910591
55.6166666667,55.990316031
55.6333333333,55.9901720386
55.65,55.9888951018
55.6666666667,55.9862591416
55.6833333333,55.9859916292
55.7,55.9859498697
55.7166666667,55.985577294
55.7333333333,55.9853648875
55.75,55.9845258541
55.7666666667,55.9785317103
55.7833333333,55.9779139152
55.8,55.9757679545
55.8166666667,55.9748521836
55.8333333333,55.9706782994
55.85,55.9706723494
55.8666666667,55.9689602098
55.8833333333,55.96771367
55.9,55.9648271874
55.9166666667,55.9645940668
55.9333333333,55.9644532058
55.95,55.9631934494
55.9666666667,55.9628627429
55.9833333333,55.961982839
56,55.9595016755
56.0166666667,55.9590809313
56.0333333333,55.9583989913
56.05,55.9578868689
56.0666666667,55.9575706482
56.0833333333,55.9551260301
56.1,55.9544114115
56.1166666667,55.9541641614
56.1333333333,55.9529545529
56.15,55.9524789517
56.1666666667,55.9506563483
56.1833333333,55.9504279049
56.2,55.9491900392
56.2166666667,55.9484789752
56.2333333333,55.9482199947
56.25,55.9461223357
56.2666666667,55.9446304487
56.2833333333,55.9439669009
56.3,55.942494515
56.3166666667,55.942447348
56.3333333333,55.9395987198
56.35,55.9395296435
56.3666666667,55.9378808913
56.3833333333,55.9376868578
56.4,55.9361638998
56.4166666667,55.9334706477
56.4333333333,55.9321806994
56.45,55.9316480304
56.4666666667,55.9314627829
56.4833333333,55.9312971613
56.5,55.9283359048
56.5166666667,55.9244107971
56.5333333333,55.923992468
56.55,55.9239337337
56.5666666667,55.9238546152
56.5833333333,55.9235868135
56.6,55.9200309419
56.6166666667,55.9190119541
56.6333333333,55.916176816
56.65,55.915729592
56.6666666667,55.9154789721
56.6833333333,55.9147647734
56.7,55.914752792
56.7166666667,55.9143250468
56.7333333333,55.9122788617
56.75,55.9115203355
56.7666666667,55.9113000692
56.7833333333,55.9100939144
56.8,55.9098596452
56.8166666667,55.9084640194
56.8333333333,55.9082346656
56.85,55.9081817078
56.8666666667,55.9061204841
56.8833333333,55.9059965387
56.9,55.9052451256
56.9166666667,55.903112876
56.9333333333,55.9027737388
56.95,55.9017687419
56.9666666667,55.9016013772
56.9833333333,55.9015485075
57,55.9013091981
57.0166666667,55.9005623483
57.0333333333,55.9003320925
57.05,55.8972108107
57.0666666667,55.8954034233
57.0833333333,55.894812997
57.1,55.8931120971
57.1166666667,55.8922888449
57.1333333333,55.8911620473
57.15,55.8909504774
57.1666666667,55.8909036354
57.1833333333,55.8908339877
57.2,55.890326899
57.2166666667,55.8870166428
57.2333333333,55.8866603621
57.25,55.8853272568
57.2666666667,55.8839203993
57.2833333333,55.8824104254
57.3,55.8818569713
57.3166666667,55.88006868
57.3333333333,55.878877159
57.35,55.8787114583
57.3666666667,55.8780223787
57.3833333333,55.8764411761
57.4,55.8742556792
57.4166666667,55.8717673077
57.4333333333,55.8708658539
57.45,55.8706117536
57.4666666667,55.8694511123
57.4833333333,55.869415347
57.5,55.8682002648
57.5166666667,55.8677100067
57.5333333333,55.8676012679
57.55,55.8674788168
57.5666666667,55.8659811405
57.5833333333,55.8651391749
57.6,55.86433788
57.6166666667,55.8622633416
57.6333333333,55.8621033854
57.65,55.8566367245
57.6666666667,55.8556879091
57.6833333333,55.8553832401
57.7,55.8518345334
57.7166666667,55.8507548459
57.7333333333,55.8506124131
57.75,55.8499157006
57.7666666667,55.8488150014
57.7833333333,55.8478999245
57.8,55.8472687777
57.8166666667,55.8468197045
57.8333333333,55.8467135423
57.85,55.8433343069
57.8666666667,55.8431509963
57.8833333333,55.8429470173
57.9,55.842115766
57.9166666667,55.8405814428
57.9333333333,55.84029238
57.95,55.8399101156
57.9666666667,55.8385034544
57.9833333333,55.8382425475
58,55.8379905764
58.0166666667,55.8359857833
58.0333333333,55.8345882461
58.05,55.8319066736
58.0666666667,55.8299648221
58.0833333333,55.8268522507
58.1,55.8254083778
58.1166666667,55.8237998833
58.1333333333,55.8229011491
58.15,55.82056905
58.1666666667,55.8197357224
58.1833333333,55.8186547332
58.2,55.8173797942
58.2166666667,55.8158454321
58.2333333333,55.8117673625
58.25,55.8109966034
58.2666666667,55.8090755452
58.2833333333,55.8088340004
58.3,55.8077911844
58.3166666667,55.8065771942
58.3333333333,55.8059834347
58.35,55.8044747684
58.3666666667,55.8010807569
58.3833333333,55.8002153018
58.4,55.7996620305
58.4166666667,55.7993925794
58.4333333333,55.7988294522
58.45,55.7973672216
58.4666666667,55.7949010321
58.4833333333,55.7948142695
58.5,55.7943953361
58.5166666667,55.7932399382
58.5333333333,55.7912643127
58.55,55.7909542367
58.5666666667,55.7896150792
58.5833333333,55.7888708826
58.6,55.7887490768
58.6166666667,55.7887136169
58.6333333333,55.7883588096
58.65,55.7881530378
58.6666666667,55.7872067428
58.6833333333,55.7866665948
58.7,55.7860380295
58.7166666667,55.7859502328
58.7333333333,55.7854922432
58.75,55.7850848802
58.7666666667,55.7843384973
58.7833333333,55.7828460752
58.8,55.7820492105
58.8166666667,55.7817443216
58.8333333333,55.7810033356
58.85,55.7790177884
58.8666666667,55.7782747365
58.8833333333,55.7776014025
58.9,55.7756702377
58.9166666667,55.7756041761
58.9333333333,55.7744138552
58.95,55.7743631348
58.9666666667,55.7734675072
58.9833333333,55.7733575979
59,55.7706450594
59.0166666667,55.7698318274
59.0333333333,55.7695205382
59.05,55.7691593568
59.0666666667,55.7687829487
59.0833333333,55.7680243028
59.1,55.7680052633
59.1166666667,55.7673291233
59.1333333333,55.7639087598
59.15,55.7600535014
59.1666666667,55.7599428761
59.1833333333,55.759240201
59.2,55.7588504989
59.2166666667,55.7583940457
59.2333333333,55.7540659664
59.25,55.7524525663
59.2666666667,55.751727561
59.2833333333,55.7496267949
59.3,55.7487706378
59.3166666667,55.7468216629
59.3333333333,55.7451276481
59.35,55.7446470056
59.3666666667,55.7437242462
59.3833333333,55.7432242144
59.4,55.7429675718
59.4166666667,55.7366770199
59.4333333333,55.7357153591
59.45,55.7318020368
59.4666666667,55.7312134589
59.4833333333,55.7312083564
59.5,55.7297201285
59.5166666667,55.728668356
59.5333333333,55.7279291422
59.55,55.7274510289
59.5666666667,55.7262076956
59.5833333333,55.7261500907
59.6,55.7254361578
59.6166666667,55.7242996779
59.6333333333,55.7242004992
59.65,55.7232365761
59.6666666667,55.7231980081
59.6833333333,55.7215846895
59.7,55.718756605
59.7166666667,55.7184730169
59.7333333333,55.7184204009
59.75,55.717990346
59.7666666667,55.7178262966
59.7833333333,55.7172255303
59.8,55.716690981
59.8166666667,55.716420227
59.8333333333,55.7160967005
59.85,55.7159312296
59.8666666667,55.7155918019
59.8833333333,55.715569164
59.9,55.7152357549
59.9166666667,55.7129173637
59.9333333333,55.7111510609
59.95,55.7103226709
59.9666666667,55.7096637725
59.9833333333,55.7048035079
60,55.7030121441
60.0166666667,55.7022674722
60.0333333333,55.7003185657
60.05,55.6995478314
60.0666666667,55.6961765457
60.0833333333,55.6961217966
60.1,55.6924294015
60.1166666667,55.6922267759
60.1333333333,55.6900781791
60.15,55.6858332695
60.1666666667,55.6850168759
60.1833333333,55.6845262391
60.2,55.6826812459
60.2166666667,55.6818391912
60.2333333333,55.6815105514
60.25,55.6809659079
60.2666666667,55.6809505545
60.2833333333,55.6797087875
60.3,55.6795530759
60.3166666667,55.6777371853
60.3333333333,55.6775795401
60.35,55.6757939659
60.3666666667,55.6743184021
60.3833333333,55.6735350899
60.4,55.6730002435
60.4166666667,55.6719898709
60.4333333333,55.6709538695
60.45,55.6692179435
60.4666666667,55.669068356
60.4833333333,55.6679073988
60.5,55.667710833
60.5166666667,55.6665396158
60.5333333333,55.6665019638
60.55,55.6664435819
60.5666666667,55.6656699879
60.5833333333,55.6650810187
60.6,55.6649153535
60.6166666667,55.6647705422
60.6333333333,55.6632005724
60.65,55.6630936358
60.6666666667,55.6626325144
60.6833333333,55.6626220106
60.7,55.6623223984
60.7166666667,55.6616961713
60.7333333333,55.6611221069
60.75,55.6610046906
60.7666666667,55.6601198318
60.7833333333,55.6599161881
60.8,55.6596238342
60.8166666667,55.6584570398
60.8333333333,55.6572564161
60.85,55.6566875546
60.8666666667,55.6566119612
60.8833333333,55.6561550521
60.9,55.6559175811
60.9166666667,55.6515788634
60.9333333333,55.6513815223
60.95,55.6508694508
60.9666666667,55.6508150665
60.9833333333,55.6508145695
61,55.6499027303
61.0166666667,55.6471805654
61.0333333333,55.6467182031
61.05,55.6459603156
61.0666666667,55.6457371479
61.0833333333,55.6453703032
61.1,55.6449263691
61.1166666667,55.6447581589
61.1333333333,55.6425682402
61.15,55.641534969
61.1666666667,55.6402062036
61.1833333333,55.6389277261
61.2,55.6386822236
61.2166666667,55.6375629374
61.2333333333,55.6372322979
61.25,55.6361208793
61.2666666667,55.6352188934
61.2833333333,55.6334396934
61.3,55.6329230462
61.3166666667,55.6320211312
61.3333333333,55.6319827269
61.35,55.6313430697
61.3666666667,55.6306810018
61.3833333333,55.6303957271
61.4,55.6296440667
61.4166666667,55.6292845874
61.4333333333,55.6256192498
61.45,55.6252759334
61.4666666667,55.622952381
61.4833333333,55.6220491604
61.5,55.6204857043
61.5166666667,55.6195778502
61.5333333333,55.6191309593
61.55,55.6175500129
61.5666666667,55.6163976077
61.5833333333,55.613894058
61.6,55.611394284
61.6166666667,55.6104862733
61.6333333333,55.6097983137
61.65,55.6097613451
61.6666666667,55.6069806691
61.6833333333,55.6065815951
61.7,55.6055624147
61.7166666667,55.6030385648
61.7333333333,55.6019379622
61.75,55.6016866726
61.7666666667,55.6013254062
61.7833333333,55.601276884
61.8,55.600706862
61.8166666667,55.5964260889
61.8333333333,55.5961365108
61.85,55.5958914994
61.8666666667,55.5955629909
61.8833333333,55.5890911606
61.9,55.5883901515
61.9166666667,55.5876315608
61.9333333333,55.587148461
61.95,55.5867568644
61.9666666667,55.5862428979
61.9833333333,55.5850890923
62,55.5837610921
62.0166666667,55.5832189072
62.0333333333,55.5826482805
62.05,55.5821276789
62.0666666667,55.5809684471
62.0833333333,55.5803495529
62.1,55.5793783909
62.1166666667,55.5784166643
62.1333333333,55.5779488382
62.15,55.5759044786
62.1666666667,55.575236703
62.1833333333,55.5746669862
62.2,55.5732988683
62.2166666667,55.5728487535
62.2333333333,55.5724833373
62.25,55.5682383211
62.2666666667,55.5670233721
62.2833333333,55.5670226466
62.3,55.5663699993
62.3166666667,55.5660704139
62.3333333333,55.5650867423
62.35,55.5642637835
62.3666666667,55.5641755083
62.3833333333,55.561178906
62.4,55.5576982703
62.4166666667,55.5568531336
62.4333333333,55.5564385197
62.45,55.5557735356
62.4666666667,55.5532723048
62.4833333333,55.5496410459
62.5,55.5496203001
62.5166666667,55.5462829639
62.5333333333,55.5455848385
62.55,55.5449079831
62.5666666667,55.5447570707
62.5833333333,55.5445633618
62.6,55.5442511007
62.6166666667,55.5434577908
62.6333333333,55.5390019447
62.65,55.5357370152
62.6666666667,55.5351731386
62.6833333333,55.5340504493
62.7,55.5314582009
62.7166666667,55.5307382193
62.7333333333,55.5301150348
62.75,55.5273923313
62.7666666667,55.525991096
62.7833333333,55.5227463054
62.8,55.5222050679
62.8166666667,55.5216670273
62.8333333333,55.5206454205
62.85,55.5204987206
62.8666666667,55.5197923494
62.8833333333,55.5193400976
62.9,55.5188600091
62.9166666667,55.5180120214
62.9333333333,55.5173370871
62.95,55.5171770348
62.9666666667,55.5165830475
62.9833333333,55.5140460955
63,55.5138188833
63.0166666667,55.5136732389
63.0333333333,55.5127087802
63.05,55.512574185
63.0666666667,55.5105322539
63.0833333333,55.5096057477
63.1,55.5068779989
63.1166666667,55.5054178755
63.1333333333,55.5043830889
63.15,55.5018793182
63.1666666667,55.5000614993
63.1833333333,55.499650992
63.2,55.4994020265
63.2166666667,55.4993906365
63.2333333333,55.4986474601
63.25,55.4982144444
63.2666666667,55.4971473847
63.2833333333,55.4965783133
63.3,55.4959704929
63.3166666667,55.4955930251
63.3333333333,55.4951292171
63.35,55.494084334
63.3666666667,55.4919031456
63.3833333333,55.4908252394
63.4,55.4906704426
63.4166666667,55.4898020473
63.4333333333,55.4884023689
63.45,55.4877492566
63.4666666667,55.4869968846
63.4833333333,55.4860234992
63.5,55.4849278337
63.5166666667,55.4838943162
63.5333333333,55.4826138298
63.55,55.4797296816
63.5666666667,55.4780347716
63.5833333333,55.4762611885
63.6,55.4743218878
63.6166666667,55.4728256989
63.6333333333,55.4718553614
63.65,55.470004364
63.6666666667,55.469266455
63.6833333333,55.4690013621
63.7,55.464744021
63.7166666667,55.4636911007
63.7333333333,55.4624611204
63.75,55.4615852132
63.7666666667,55.4614932092
63.7833333333,55.460705255
63.8,55.4606321503
63.8166666667,55.4606234411
63.8333333333,55.4584670889
63.85,55.4584567203
63.8666666667,55.4580130356
63.8833333333,55.4572644238
63.9,55.45594352
63.9166666667,55.4555767484
63.9333333333,55.4549148095
63.95,55.4548158539
63.9666666667,55.4544763538
63.9833333333,55.4543028459
64,55.4530479333
64.0166666667,55.4519406144
64.0333333333,55.4512307626
64.05,55.4506157972
64.0666666667,55.4499610033
64.0833333333,55.4495831211
64.1,55.4482169604
64.1166666667,55.4480745004
64.1333333333,55.4450871448
64.15,55.4448124793
64.1666666667,55.4442166995
64.1833333333,55.4431206908
64.2,55.4423753218
64.2166666667,55.4422368405
64.2333333333,55.442183161
64.25,55.4410687059
64.2666666667,55.4406478634
64.2833333333,55.4399767344
64.3,55.4398588074
64.3166666667,55.4397303514
64.3333333333,55.4395535557
64.35,55.4381990594
64.3666666667,55.4366268202
64.3833333333,55.4361705458
64.4,55.431818294
64.4166666667,55.4296020413
64.4333333333,55.4280909068
64.45,55.4277492033
64.4666666667,55.4260128492
64.4833333333,55.4255118682
64.5,55.4244155334
64.5166666667,55.4243508999
64.5333333333,55.424174351
64.55,55.4225565257
64.5666666667,55.4222902638
64.5833333333,55.4176970862
64.6,55.416613096
64.6166666667,55.415710002
64.6333333333,55.414813644
64.65,55.4139262491
64.6666666667,55.4117959814
64.6833333333,55.4092054462
64.7,55.4089308706
64.7166666667,55.4077174347
64.7333333333,55.4072613294
64.75,55.4070178858
64.7666666667,55.4060870675
64.7833333333,55.4048496659
64.8,55.4034693305
64.8166666667,55.4026559676
64.8333333333,55.4024007104
64.85,55.4014675551
64.8666666667,55.3997483288
64.8833333333,55.3984157064
64.9,55.3976471109
64.9166666667,55.3970452912
64.9333333333,55.3962820133
64.95,55.3946840085
64.9666666667,55.3925919054
64.9833333333,55.3921846623
65,55.3902128591
65.0166666667,55.3900642047
65.0333333333,55.3867455308
65.05,55.3837576634
65.0666666667,55.3831779977
65.0833333333,55.3813535319
65.1,55.379607671
65.1166666667,55.3789343725
65.1333333333,55.3771031919
65.15,55.376827551
65.1666666667,55.3763926641
65.1833333333,55.3755534794
65.2,55.3750473419
65.2166666667,55.3736385658
65.2333333333,55.3722426301
65.25,55.3689352364
65.2666666667,55.3651335102
65.2833333333,55.3641018059
65.3,55.3629322092
65.3166666667,55.361003426
65.3333333333,55.3605416157
65.35,55.3587529563
65.3666666667,55.3586629718
65.3833333333,55.3582546614
65.4,55.357942568
65.4166666667,55.35749446
65.4333333333,55.3574903699
65.45,55.357043696
65.4666666667,55.3569022981
65.4833333333,55.3564394544
65.5,55.3562097207
65.5166666667,55.3554177677
65.5333333333,55.354932864
65.55,55.3546450772
65.5666666667,55.3521904699
65.5833333333,55.3509252499
65.6,55.3504658481
65.6166666667,55.3503874608
65.6333333333,55.3502981762
65.65,55.3502129608
65.6666666667,55.349918615
65.6833333333,55.3487317126
65.7,55.3475221366
65.7166666667,55.347374333
65.7333333333,55.3461150714
65.75,55.3456680122
65.7666666667,55.3448996755
65.7833333333,55.3446604838
65.8,55.3445335618
65.8166666667,55.3438644898
65.8333333333,55.3412383763
65.85,55.3409138811
65.8666666667,55.3402129736
65.8833333333,55.3368769742
65.9,55.3344351429
65.9166666667,55.3321201433
65.9333333333,55.3298450796
65.95,55.32973315
65.9666666667,55.3285884389
65.9833333333,55.3262349634
66,55.3227362483
66.0166666667,55.3196881828
66.0333333333,55.3159482047
66.05,55.3158792877
66.0666666667,55.3129716896
66.0833333333,55.3114648468
66.1,55.3094564028
66.1166666667,55.3093822137
66.1333333333,55.3088239479
66.15,55.3081308785
66.1666666667,55.3048023328
66.1833333333,55.3014840778
66.2,55.3006923959
66.2166666667,55.2960393368
66.2333333333,55.2959727582
66.25,55.2957648147
66.2666666667,55.2939941951
66.2833333333,55.2928403991
66.3,55.2928260746
66.3166666667,55.2911483031
66.3333333333,55.2908834609
66.35,55.2900545703
66.3666666667,55.289179178
66.3833333333,55.2889944508
66.4,55.2875803501
66.4166666667,55.2873653604
66.4333333333,55.2857032082
66.45,55.2853044996
66.4666666667,55.2846943367
66.4833333333,55.2845094133
66.5,55.2828458986
66.5166666667,55.2814855305
66.5333333333,55.2813120451
66.55,55.2811755775
66.5666666667,55.2810296096
66.5833333333,55.2808965476
66.6,55.2801718013
66.6166666667,55.2797250929
66.6333333333,55.2791544217
66.65,55.2790312506
66.6666666667,55.2789149079
66.6833333333,55.2780579184
66.7,55.2777294104
66.7166666667,55.2767714778
66.7333333333,55.2763101292
66.75,55.2733929728
66.7666666667,55.272342478
66.7833333333,55.2705090539
66.8,55.2671928347
66.8166666667,55.2669310305
66.8333333333,55.2655888484
66.85,55.2655664147
66.8666666667,55.2637621765
66.8833333333,55.2637244678
66.9,55.2624825296
66.9166666667,55.2618180693
66.9333333333,55.2611715864
66.95,55.2597636036
66.9666666667,55.2594214293
66.9833333333,55.2581597172
67,55.2554834898
67.0166666667,55.2534759269
67.0333333333,55.2523574402
67.05,55.2520774906
67.0666666667,55.251879556
67.0833333333,55.2508627667
67.1,55.2497513071
67.1166666667,55.2492415246
67.1333333333,55.2479354042
67.15,55.2478849606
67.1666666667,55.2478232474
67.1833333333,55.2475957528
67.2,55.2429901789
67.2166666667,55.241985538
67.2333333333,55.2413994899
67.25,55.2401408501
67.2666666667,55.2401202925
67.2833333333,55.2400095807
67.3,55.2392327056
67.3166666667,55.2388790675
67.3333333333,55.2383808206
67.35,55.2383347967
67.3666666667,55.2375636527
67.3833333333,55.2341980215
67.4,55.2336266946
67.4166666667,55.2321719578
67.4333333333,55.2314359999
67.45,55.2310252713
67.4666666667,55.2284471889
67.4833333333,55.2283003087
67.5,55.2277042368
67.5166666667,55.2259090213
67.5333333333,55.2241345256
67.55,55.2232907253
67.5666666667,55.2228831253
67.5833333333,55.2228668618
67.6,55.2211101471
67.6166666667,55.2204154048
67.6333333333,55.2189591695
67.65,55.2186156087
67.6666666667,55.2185517761
67.6833333333,55.2171244211
67.7,55.2169678215
67.7166666667,55.2156874997
67.7333333333,55.2150930821
67.75,55.212109799
67.7666666667,55.2099919446
67.7833333333,55.2075088136
67.8,55.2073816914
67.8166666667,55.2044119138
67.8333333333,55.2043243533
67.85,55.2040653663
67.8666666667,55.2018742604
67.8833333333,55.2009898561
67.9,55.1988675633
67.9166666667,55.1955646626
67.9333333333,55.1939716593
67.95,55.1905899472
67.9666666667,55.1889310589
67.9833333333,55.1885659951
68,55.1875925016
68.0166666667,55.1872683145
68.0333333333,55.186355568
68.05,55.1839837538
68.0666666667,55.1820312582
68.0833333333,55.1813406264
68.1,55.1804874982
68.1166666667,55.1804219304
68.1333333333,55.1789017288
68.15,55.1779297138
68.1666666667,55.1779045983
68.1833333333,55.1748554895
68.2,55.1737671674
68.2166666667,55.1736058386
68.2333333333,55.1732083711
68.25,55.1721049223
68.2666666667,55.171766222
68.2833333333,55.1713391946
68.3,55.1702730843
68.3166666667,55.1701484833
68.3333333333,55.1673710894
68.35,55.1642027657
68.3666666667,55.163253639
68.3833333333,55.1622022395
68.4,55.1612570385
68.4166666667,55.160243302
68.4333333333,55.1586743499
68.45,55.1566993427
68.4666666667,55.1563151075
68.4833333333,55.1560419942
68.5,55.154149138
68.5166666667,55.1526125416
68.5333333333,55.1509980397
68.55,55.1509792821
68.5666666667,55.1482392813
68.5833333333,55.148174889
68.6,55.147634614
68.6166666667,55.146674658
68.6333333333,55.1465212819
68.65,55.1464358861
68.6666666667,55.1455055047
68.6833333333,55.1453953653
68.7,55.1452789047
68.7166666667,55.1437841212
68.7333333333,55.1435925423
68.75,55.1433468008
68.7666666667,55.1416726041
68.7833333333,55.1416147663
68.8,55.1409604284
68.8166666667,55.1407022119
68.8333333333,55.1404368954
68.85,55.1402761691
68.8666666667,55.1391111708
68.8833333333,55.1368608092
68.9,55.1360036249
68.9166666667,55.1358828596
68.9333333333,55.1356357259
68.95,55.1351115174
68.9666666667,55.1340700202
68.9833333333,55.1338594028
69,55.1338119553
69.0166666667,55.1329191214
69.0333333333,55.1294335252
69.05,55.1293179281
69.0666666667,55.1286355262
69.0833333333,55.1269575016
69.1,55.1259115059
69.1166666667,55.1235671767
69.1333333333,55.1230872612
69.15,55.1225497173
69.1666666667,55.1216096083
69.1833333333,55.1211781943
69.2,55.1206032725
69.2166666667,55.1205875296
69.2333333333,55.1196424023
69.25,55.1193969163
69.2666666667,55.117461137
69.2833333333,55.1141640623
69.3,55.1140231105
69.3166666667,55.1135246356
69.3333333333,55.1131766967
69.35,55.1125462633
69.3666666667,55.1089019743
69.3833333333,55.1085353466
69.4,55.1080647521
69.4166666667,55.1065691994
69.4333333333,55.1056370712
69.45,55.1039005079
69.4666666667,55.1037916825
69.4833333333,55.1007234454
69.5,55.0999435538
69.5166666667,55.0988039849
69.5333333333,55.0968327485
69.55,55.0950804263
69.5666666667,55.0944395936
69.5833333333,55.0924232752
69.6,55.091396348
69.6166666667,55.0879974278
69.6333333333,55.0870151226
69.65,55.0860140986
69.6666666667,55.0851939819
69.6833333333,55.0832991262
69.7,55.0832063342
69.7166666667,55.0786962561
69.7333333333,55.0786860171
69.75,55.0749940934
69.7666666667,55.0737579913
69.7833333333,55.0727082769
69.8,55.0725759581
69.8166666667,55.0713486288
69.8333333333,55.0701454853
69.85,55.0700467545
69.8666666667,55.0684125226
69.8833333333,55.0662411075
69.9,55.0639991796
69.9166666667,55.0603934175
69.9333333333,55.0601576939
69.95,55.058398567
69.9666666667,55.0575865816
69.9833333333,55.0562329892
70,55.0555099775
70.0166666667,55.0541602531
70.0333333333,55.0527384072
70.05,55.0517408714
70.0666666667,55.0511673231
70.0833333333,55.0501223812
70.1,55.0479808188
70.1166666667,55.0479307678
70.1333333333,55.0472058284
70.15,55.0470403907
70.1666666667,55.0465566975
70.1833333333,55.0442004251
70.2,55.0440441476
70.2166666667,55.0419065416
70.2333333333,55.0415460477
70.25,55.0390672874
70.2666666667,55.0388634825
70.2833333333,55.0380922898
70.3,55.03754428
70.3166666667,55.0366160176
70.3333333333,55.0344811121
70.35,55.0339749441
70.3666666667,55.0334218173
70.3833333333,55.0327050858
70.4,55.0315894058
70.4166666667,55.0315324259
70.4333333333,55.031306196
70.45,55.0308995902
70.4666666667,55.0285064978
70.4833333333,55.0242448589
70.5,55.0239204039
70.5166666667,55.0190437695
70.5333333333,55.0181080994
70.55,55.0177721802
70.5666666667,55.0175417735
70.5833333333,55.0174613811
70.6,55.0122436022
70.6166666667,55.0114623906
70.6333333333,55.011259085
70.65,55.0111019572
70.6666666667,55.010598493
70.6833333333,55.0105457985
70.7,55.0093026071
70.7166666667,55.0086369313
70.7333333333,55.0071566308
70.75,55.0052539967
70.7666666667,55.0045873866
70.7833333333,55.0043698217
70.8,55.0033650875
70.8166666667,55.0018423388
70.8333333333,55.0011248148
70.85,55.0010056092
70.8666666667,54.9992768325
70.8833333333,54.9990550347
70.9,54.9976460105
70.9166666667,54.9974258519
70.9333333333,54.9967511059
70.95,54.9959122883
70.9666666667,54.9957553344
70.9833333333,54.9950767229
71,54.9932340223
71.0166666667,54.9919711442
71.0333333333,54.9916502496
71.05,54.991434525
71.0666666667,54.982633551
71.0833333333,54.9813245077
71.1,54.9790528468
71.1166666667,54.9786756691
71.1333333333,54.9755158979
71.15,54.9736660323
71.1666666667,54.9732125761
71.1833333333,54.9695736757
71.2,54.9692146812
71.2166666667,54.9686060855
71.2333333333,54.966372251
71.25,54.966266444
71.2666666667,54.9646135653
71.2833333333,54.9641241665
71.3,54.9619196763
71.3166666667,54.9607155945
71.3333333333,54.9603498425
71.35,54.9601486569
71.3666666667,54.9596806016
71.3833333333,54.9596420052
71.4,54.9584439437
71.4166666667,54.9583883182
71.4333333333,54.9573128408
71.45,54.9554923594
71.4666666667,54.9540350312
71.4833333333,54.9531659883
71.5,54.9526448156
71.5166666667,54.9511648458
71.5333333333,54.9510101658
71.55,54.9498510956
71.5666666667,54.9497782597
71.5833333333,54.9418062071
71.6,54.9415673721
71.6166666667,54.9414192644
71.6333333333,54.9412989763
71.65,54.9411292572
71.6666666667,54.9407974534
71.6833333333,54.9399843369
71.7,54.9375689507
71.7166666667,54.9361858163
71.7333333333,54.9345036828
71.75,54.9344873897
71.7666666667,54.9336495963
71.7833333333,54.9328713808
71.8,54.9326621332
71.8166666667,54.9314841621
71.8333333333,54.931410745
71.85,54.9283833867
71.8666666667,54.9230966933
71.8833333333,54.9195411428
71.9,54.919445298
71.9166666667,54.9187939034
71.9333333333,54.91757972
71.95,54.9175146399
71.9666666667,54.9156054699
71.9833333333,54.9154574082
72,54.9131099327
72.0166666667,54.9112162656
72.0333333333,54.9106147917
72.05,54.9101553475
72.0666666667,54.9056674333
72.0833333333,54.9051290555
72.1,54.9011119438
72.1166666667,54.9005934096
72.1333333333,54.9004053124
72.15,54.8990384641
72.1666666667,54.8986289448
72.1833333333,54.8985083584
72.2,54.8968268489
72.2166666667,54.8964460503
72.2333333333,54.8963157232
72.25,54.8954935886
72.2666666667,54.8950974048
72.2833333333,54.8935898908
72.3,54.8920533457
72.3166666667,54.8901497579
72.3333333333,54.889856476
72.35,54.8862784919
72.3666666667,54.8855695275
72.3833333333,54.8854419491
72.4,54.8843999985
72.4166666667,54.8825732494
72.4333333333,54.8805469421
72.45,54.880379362
72.4666666667,54.8777572889
72.4833333333,54.8768486018
72.5,54.8765159896
72.5166666667,54.8755914936
72.5333333333,54.875201934
72.55,54.873695427
72.5666666667,54.8690110276
72.5833333333,54.8679272609
72.6,54.8645485106
72.6166666667,54.8645241117
72.6333333333,54.8629568032
72.65,54.860646743
72.6666666667,54.8592151769
72.6833333333,54.8575162001
72.7,54.8562439845
72.7166666667,54.855496578
72.7333333333,54.8554711617
72.75,54.8553304428
72.7666666667,54.8552431022
72.7833333333,54.8552413249
72.8,54.8546961688
72.8166666667,54.8540505988
72.8333333333,54.8513474571
72.85,54.8513325971
72.8666666667,54.8510174631
72.8833333333,54.8497575661
72.9,54.8493958805
72.9166666667,54.8477600863
72.9333333333,54.8471327587
72.95,54.8468078093
72.9666666667,54.845423176
72.9833333333,54.8440388366
73,54.8419151981
73.0166666667,54.8416069152
73.0333333333,54.8399414502
73.05,54.8373883109
73.0666666667,54.8363900198
73.0833333333,54.8363643797
73.1,54.8357152196
73.1166666667,54.8355049879
73.1333333333,54.8347256567
73.15,54.8306156914
73.1666666667,54.8304871126
73.1833333333,54.8289819458
73.2,54.828677797
73.2166666667,54.8282535478
73.2333333333,54.8280099394
73.25,54.8277351293
73.2666666667,54.8259056215
73.2833333333,54.8240450438
73.3,54.8233051652
73.3166666667,54.8221629482
73.3333333333,54.8218073041
73.35,54.8216889142
73.3666666667,54.8209206016
73.3833333333,54.8208158488
73.4,54.8197617871
73.4166666667,54.8188513146
73.4333333333,54.8171554932
73.45,54.8169399514
73.4666666667,54.8165297839
73.4833333333,54.8119089657
73.5,54.8105484711
73.5166666667,54.8101072266
73.5333333333,54.8061851115
73.55,54.8049657531
73.5666666667,54.8028973782
73.5833333333,54.801119096
73.6,54.7988932211
73.6166666667,54.7988851155
73.6333333333,54.7984686844
73.65,54.7977064977
73.6666666667,54.7974994076
73.6833333333,54.7960949106
73.7,54.7959580621
73.7166666667,54.7957357725
73.7333333333,54.7955122541
73.75,54.7953471862
73.7666666667,54.7927219648
73.7833333333,54.7915551008
73.8,54.7913017689
73.8166666667,54.7912612044
73.8333333333,54.7888492671
73.85,54.7868248042
73.8666666667,54.7862597812
73.8833333333,54.7860309132
73.9,54.7842318712
73.9166666667,54.7837980791
73.9333333333,54.7807933673
73.95,54.7794413044
73.9666666667,54.7788216244
73.9833333333,54.7786026944
74,54.7736214647
74.0166666667,54.7721739549
74.0333333333,54.7684079694
74.05,54.7629936901
74.0666666667,54.7629015147
74.0833333333,54.7628481402
74.1,54.7628282646
74.1166666667,54.7621131299
74.1333333333,54.7615667839
74.15,54.7603535342
74.1666666667,54.7583585803
74.1833333333,54.7574158201
74.2,54.7555711845
74.2166666667,54.7543030064
74.2333333333,54.7530681751
74.25,54.7527871416
74.2666666667,54.7523551166
74.2833333333,54.7503136742
74.3,54.7480966365
74.3166666667,54.746285842
74.3333333333,54.7456143624
74.35,54.7451958268
74.3666666667,54.7451805931
74.3833333333,54.7440266182
74.4,54.7435618838
74.4166666667,54.7430871257
74.4333333333,54.7412233775
74.45,54.7409884951
74.4666666667,54.7400591749
74.4833333333,54.7384892059
74.5,54.7349170189
74.5166666667,54.7334169276
74.5333333333,54.7324171787
74.55,54.7323939266
74.5666666667,54.731149371
74.5833333333,54.7308667686
74.6,54.7303873525
74.6166666667,54.729959437
74.6333333333,54.729142673
74.65,54.7280828156
74.6666666667,54.7268660092
74.6833333333,54.7265514677
74.7,54.7230442375
74.7166666667,54.7228443174
74.7333333333,54.7222103806
74.75,54.719964027
74.7666666667,54.7192773984
74.7833333333,54.7165270592
74.8,54.7133836849
74.8166666667,54.711686504
74.8333333333,54.7115437216
74.85,54.7113167769
74.8666666667,54.7100294918
74.8833333333,54.7092365662
74.9,54.7084895122
74.9166666667,54.7082859398
74.9333333333,54.7079258977
74.95,54.7058577853
74.9666666667,54.7025742416
74.9833333333,54.6993971788
75,54.6988636842
75.0166666667,54.6972731662
75.0333333333,54.696995842
75.05,54.6951657469
75.0666666667,54.6924571775
75.0833333333,54.6907105506
75.1,54.6840411415
75.1166666667,54.683762004
75.1333333333,54.683107118
75.15,54.6831033883
75.1666666667,54.682564196
75.1833333333,54.6823965714
75.2,54.6820227113
75.2166666667,54.6798198314
75.2333333333,54.6795388688
75.25,54.6773740228
75.2666666667,54.6756905543
75.2833333333,54.6756242999
75.3,54.675456324
75.3166666667,54.6752316083
75.3333333333,54.6751776341
75.35,54.6748845902
75.3666666667,54.6746843711
75.3833333333,54.6725040294
75.4,54.6710494928
75.4166666667,54.6709887337
75.4333333333,54.6709166232
75.45,54.6705447036
75.4666666667,54.6703894895
75.4833333333,54.6674683264
75.5,54.6661102201
75.5166666667,54.6653281966
75.5333333333,54.6649610703
75.55,54.6645844109
75.5666666667,54.6644672966
75.5833333333,54.6633394334
75.6,54.6580017257
75.6166666667,54.6575672154
75.6333333333,54.6561038472
75.65,54.6540898313
75.6666666667,54.6537725626
75.6833333333,54.6537290212
75.7,54.6533410707
75.7166666667,54.6532100805
75.7333333333,54.6524497267
75.75,54.6515718619
75.7666666667,54.6511115469
75.7833333333,54.6510843682
75.8,54.6502254498
75.8166666667,54.647400789
75.8333333333,54.6456065048
75.85,54.6446350673
75.8666666667,54.6445127158
75.8833333333,54.6443446444
75.9,54.6441966024
75.9166666667,54.6435404065
75.9333333333,54.6428601047
75.95,54.642476176
75.9666666667,54.6405710411
75.9833333333,54.6395972138
76,54.6365519287
76.0166666667,54.6338070736
76.0333333333,54.6326321939
76.05,54.6305720952
76.0666666667,54.6305056581
76.0833333333,54.62974826
76.1,54.6276836796
76.1166666667,54.6270929703
76.1333333333,54.6270285579
76.15,54.6262450909
76.1666666667,54.625747626
76.1833333333,54.6251068591
76.2,54.6243136765
76.2166666667,54.6235662342
76.2333333333,54.6234057047
76.25,54.6230951684
76.2666666667,54.6228812696
76.2833333333,54.6212215204
76.3,54.6193202703
76.3166666667,54.6175074833
76.3333333333,54.6127106347
76.35,54.60967501
76.3666666667,54.608874974
76.3833333333,54.6087849736
76.4,54.6085010995
76.4166666667,54.6082291156
76.4333333333,54.6079137955
76.45,54.6076765089
76.4666666667,54.6065087942
76.4833333333,54.6063807527
76.5,54.6050148005
76.5166666667,54.6037747639
76.5333333333,54.6031415314
76.55,54.6013772921
76.5666666667,54.6010256811
76.5833333333,54.6003436489
76.6,54.600250916
76.6166666667,54.5971757717
76.6333333333,54.5958190294
76.65,54.5950301243
76.6666666667,54.5945733517
76.6833333333,54.5943195487
76.7,54.5937399097
76.7166666667,54.5930915643
76.7333333333,54.5930179101
76.75,54.5928687394
76.7666666667,54.5927776161
76.7833333333,54.5926920346
76.8,54.5869196729
76.8166666667,54.5857716652
76.8333333333,54.5832158942
76.85,54.5824212668
76.8666666667,54.582249276
76.8833333333,54.5819476341
76.9,54.5736774592
76.9166666667,54.5715780037
76.9333333333,54.5688315167
76.95,54.5662511009
76.9666666667,54.5659961993
76.9833333333,54.5653962298
77,54.5638759964
77.0166666667,54.5631512687
77.0333333333,54.5621958143
77.05,54.5598371232
77.0666666667,54.5575676493
77.0833333333,54.5558561777
77.1,54.5513030733
77.1166666667,54.5508656013
77.1333333333,54.5454416456
77.15,54.5430929356
77.1666666667,54.5429952162
77.1833333333,54.5427314767
77.2,54.5426052678
77.2166666667,54.5411107761
77.2333333333,54.5405462716
77.25,54.5392164002
77.2666666667,54.5384405747
77.2833333333,54.5361920887
77.3,54.5357890266
77.3166666667,54.5345735446
77.3333333333,54.5322513647
77.35,54.5321470637
77.3666666667,54.5293290655
77.3833333333,54.5272568777
77.4,54.5271904036
77.4166666667,54.5264927151
77.4333333333,54.5240460257
77.45,54.5234834056
77.4666666667,54.5226620596
77.4833333333,54.5194855013
77.5,54.5189396378
77.5166666667,54.5188852019
77.5333333333,54.5175513402
77.55,54.5143949666
77.5666666667,54.5137076673
77.5833333333,54.5134934657
77.6,54.5122173237
77.6166666667,54.5096176864
77.6333333333,54.5093478212
77.65,54.5085214883
77.6666666667,54.5079189908
77.6833333333,54.5049944279
77.7,54.5048275765
77.7166666667,54.502618792
77.7333333333,54.502556314
77.75,54.502545509
77.7666666667,54.5021030788
77.7833333333,54.501448096
77.8,54.500191509
77.8166666667,54.4992089442
77.8333333333,54.4989990684
77.85,54.4987694929
77.8666666667,54.4959425904
77.8833333333,54.4948677022
77.9,54.4943804118
77.9166666667,54.4941399967
77.9333333333,54.4936235389
77.95,54.4929507417
77.9666666667,54.4919325697
77.9833333333,54.4911180473
78,54.4895458829
78.0166666667,54.4888243175
78.0333333333,54.4884906229
78.05,54.4883119499
78.0666666667,54.4878552584
78.0833333333,54.4875889931
78.1,54.485303511
78.1166666667,54.4848972559
78.1333333333,54.484650267
78.15,54.483734562
78.1666666667,54.4835373779
78.1833333333,54.4829385052
78.2,54.4822224002
78.2166666667,54.4810349517
78.2333333333,54.4807624235
78.25,54.4800208756
78.2666666667,54.4793496478
78.2833333333,54.4782533651
78.3,54.477595817
78.3166666667,54.4752843879
78.3333333333,54.4740555087
78.35,54.4713709787
78.3666666667,54.4701084491
78.3833333333,54.4700535497
78.4,54.4689082626
78.4166666667,54.4682089074
78.4333333333,54.4657588853
78.45,54.4638449551
78.4666666667,54.4631236362
78.4833333333,54.4615673045
78.5,54.4569803078
78.5166666667,54.4561461025
78.5333333333,54.4561326423
78.55,54.4557718339
78.5666666667,54.4552064012
78.5833333333,54.4551772535
78.6,54.4546975642
78.6166666667,54.4540270079
78.6333333333,54.4529516143
78.65,54.4524013415
78.6666666667,54.4513658835
78.6833333333,54.4507544074
78.7,54.449133271
78.7166666667,54.4488746229
78.7333333333,54.4480366398
78.75,54.4443600539
78.7666666667,54.4436061823
78.7833333333,54.4411046834
78.8,54.4399573833
78.8166666667,54.4387661473
78.8333333333,54.4383153375
78.85,54.4376981389
78.8666666667,54.4376442163
78.8833333333,54.4333749908
78.9,54.4333190421
78.9166666667,54.4332298118
78.9333333333,54.4330393019
78.95,54.429115085
78.9666666667,54.4265828195
78.9833333333,54.4260942968
79,54.4231373242
79.0166666667,54.4195204012
79.0333333333,54.4177500214
79.05,54.4168922868
79.0666666667,54.4168580291
79.0833333333,54.4167115442
79.1,54.4149360486
79.1166666667,54.41147198
79.1333333333,54.4106492974
79.15,54.4103895838
79.1666666667,54.409865155
79.1833333333,54.4043341622
79.2,54.403720427
79.2166666667,54.4033724295
79.2333333333,54.4030287667
79.25,54.4024835765
79.2666666667,54.4017102676
79.2833333333,54.4017035737
79.3,54.4008147186
79.3166666667,54.3999390765
79.3333333333,54.3994557138
79.35,54.3983592584
79.3666666667,54.3966872498
79.3833333333,54.393332269
79.4,54.3928196211
79.4166666667,54.3921875555
79.4333333333,54.390548587
79.45,54.3904671709
79.4666666667,54.3883388375
79.4833333333,54.3868403441
79.5,54.3853470918
79.5166666667,54.3837544302
79.5333333333,54.3830953139
79.55,54.3818822011
79.5666666667,54.375605864
79.5833333333,54.3751704218
79.6,54.374338534
79.6166666667,54.3697721447
79.6333333333,54.3688324339
79.65,54.3686602903
79.6666666667,54.3684483227
79.6833333333,54.3677209773
79.7,54.3646340662
79.7166666667,54.3637337925
79.7333333333,54.363646643
79.75,54.3623408717
79.7666666667,54.36226576
79.7833333333,54.3611090467
79.8,54.3586556576
79.8166666667,54.3567763279
79.8333333333,54.3565870499
79.85,54.3550684159
79.8666666667,54.3519127465
79.8833333333,54.3515612816
79.9,54.3482163043
79.9166666667,54.3479135331
79.9333333333,54.3478787204
79.95,54.3450590571
79.9666666667,54.3446951012
79.9833333333,54.3425496872
80,54.3423817878
80.0166666667,54.3418529568
80.0333333333,54.3404887852
80.05,54.3398273568
80.0666666667,54.3396805504
80.0833333333,54.3393017704
80.1,54.3385926247
80.1166666667,54.3382889054
80.1333333333,54.3381555722
80.15,54.3369094612
80.1666666667,54.3357309293
80.1833333333,54.3349247135
80.2,54.3348264544
80.2166666667,54.3324462764
80.2333333333,54.3301239435
80.25,54.3296390815
80.2666666667,54.3291025614
80.2833333333,54.3272453843
80.3,54.3257995607
80.3166666667,54.3253485276
80.3333333333,54.3251219275
80.35,54.3229688786
80.3666666667,54.3227647709
80.3833333333,54.3195351169
80.4,54.3167892018
80.4166666667,54.3141361662
80.4333333333,54.3140793142
80.45,54.3125995238
80.4666666667,54.3118695479
80.4833333333,54.3076750866
80.5,54.3073663514
80.5166666667,54.3051361084
80.5333333333,54.3019072435
80.55,54.301612895
80.5666666667,54.2984590156
80.5833333333,54.2974283177
80.6,54.296909724
80.6166666667,54.2967881249
80.6333333333,54.2942801627
80.65,54.2942303173
80.6666666667,54.2930242388
80.6833333333,54.2918625518
80.7,54.2886129835
80.7166666667,54.2871309767
80.7333333333,54.2850311761
80.75,54.2849085082
80.7666666667,54.2848200712
80.7833333333,54.2847164598
80.8,54.2836217362
80.8166666667,54.2810812706
80.8333333333,54.2802873513
80.85,54.2798558293
80.8666666667,54.2796770203
80.8833333333,54.2785570387
80.9,54.2756525731
80.9166666667,54.2756411743
80.9333333333,54.2740320093
80.95,54.2727792661
80.9666666667,54.2695771123
80.9833333333,54.2688194444
81,54.2654195975
81.0166666667,54.2648993032
81.0333333333,54.2646330732
81.05,54.2633918593
81.0666666667,54.2580178983
81.0833333333,54.257123287
81.1,54.2565348721
81.1166666667,54.2557852167
81.1333333333,54.2548088249
81.15,54.2539491036
81.1666666667,54.2536705528
81.1833333333,54.2528482525
81.2,54.2478798062
81.2166666667,54.2464381115
81.2333333333,54.2442738008
81.25,54.2433170448
81.2666666667,54.240187396
81.2833333333,54.2401771394
81.3,54.2401655662
81.3166666667,54.2363392524
81.3333333333,54.2361606805
81.35,54.2360930153
81.3666666667,54.2339872158
81.3833333333,54.2338619085
81.4,54.2335409691
81.4166666667,54.2328695281
81.4333333333,54.2312338773
81.45,54.2288412143
81.4666666667,54.2259264846
81.4833333333,54.2256836773
81.5,54.2256639865
81.5166666667,54.2244279223
81.5333333333,54.2224175467
81.55,54.2209608978
81.5666666667,54.2173110064
81.5833333333,54.2173031534
81.6,54.2159530898
81.6166666667,54.2150287725
81.6333333333,54.2147830975
81.65,54.2122717897
81.6666666667,54.2120552135
81.6833333333,54.2120545958
81.7,54.2089544152
81.7166666667,54.2068317651
81.7333333333,54.2038117432
81.75,54.2021511562
81.7666666667,54.2014609183
81.7833333333,54.2006408648
81.8,54.200248789
81.8166666667,54.2002394184
81.8333333333,54.1968585674
81.85,54.1929467662
81.8666666667,54.1895736404
81.8833333333,54.1885349691
81.9,54.1882844818
81.9166666667,54.188183831
81.9333333333,54.1861000732
81.95,54.1857748353
81.9666666667,54.1824869611
81.9833333333,54.1821582712
82,54.1821472834
82.0166666667,54.1758726666
82.0333333333,54.1755482807
82.05,54.1719963484
82.0666666667,54.1714335437
82.0833333333,54.1709611264
82.1,54.1707309888
82.1166666667,54.1698412375
82.1333333333,54.168509031
82.15,54.1680053571
82.1666666667,54.1641186472
82.1833333333,54.1626160387
82.2,54.1622803796
82.2166666667,54.1614550383
82.2333333333,54.1596225905
82.25,54.1591244726
82.2666666667,54.1579472306
82.2833333333,54.1566933676
82.3,54.1520875715
82.3166666667,54.1505304229
82.3333333333,54.1496246211
82.35,54.1486448106
82.3666666667,54.147494648
82.3833333333,54.1462034929
82.4,54.1445915203
82.4166666667,54.1430966695
82.4333333333,54.1426760672
82.45,54.1423548967
82.4666666667,54.1343849584
82.4833333333,54.1324653004
82.5,54.1313844483
82.5166666667,54.1309304411
82.5333333333,54.125365998
82.55,54.123754858
82.5666666667,54.1219509975
82.5833333333,54.1210985109
82.6,54.1162681271
82.6166666667,54.11127318
82.6333333333,54.110547985
82.65,54.1103387346
82.6666666667,54.1073065981
82.6833333333,54.1003925015
82.7,54.0994671489
82.7166666667,54.0985856425
82.7333333333,54.0971821429
82.75,54.0952288347
82.7666666667,54.0946398985
82.7833333333,54.093370285
82.8,54.0896917352
82.8166666667,54.0886297138
82.8333333333,54.0863967882
82.85,54.0821282979
82.8666666667,54.0799236876
82.8833333333,54.0781378897
82.9,54.0778680328
82.9166666667,54.0778645195
82.9333333333,54.0772166453
82.95,54.0763932458
82.9666666667,54.0762615516
82.9833333333,54.0759591347
83,54.0713274035
83.0166666667,54.0694511663
83.0333333333,54.0694204739
83.05,54.067140795
83.0666666667,54.0655795012
83.0833333333,54.062411889
83.1,54.0622938177
83.1166666667,54.0621246201
83.1333333333,54.0619575272
83.15,54.0583361005
83.1666666667,54.0570837429
83.1833333333,54.0525880992
83.2,54.0509007176
83.2166666667,54.0415991611
83.2333333333,54.0411348079
83.25,54.0356653755
83.2666666667,54.0354975073
83.2833333333,54.0339384875
83.3,54.0321726886
83.3166666667,54.0318227414
83.3333333333,54.0308167552
83.35,54.0303706434
83.3666666667,54.030224068
83.3833333333,54.0298806627
83.4,54.0294718924
83.4166666667,54.0257430178
83.4333333333,54.0254759206
83.45,54.0253281427
83.4666666667,54.0245484916
83.4833333333,54.0221615225
83.5,54.0155045182
83.5166666667,54.0154748083
83.5333333333,54.0099659295
83.55,54.0097403027
83.5666666667,54.0083450604
83.5833333333,53.9947589099
83.6,53.9914706162
83.6166666667,53.9898844658
83.6333333333,53.9878131114
83.65,53.9874724124
83.6666666667,53.9859092357
83.6833333333,53.9857578524
83.7,53.9827972411
83.7166666667,53.9754116346
83.7333333333,53.9751767899
83.75,53.9751067484
83.7666666667,53.9745584382
83.7833333333,53.9731278717
83.8,53.9699283592
83.8166666667,53.9694515701
83.8333333333,53.9689492288
83.85,53.9680553403
83.8666666667,53.9651087759
83.8833333333,53.963024416
83.9,53.9582338557
83.9166666667,53.9568670696
83.9333333333,53.9550984153
83.95,53.954267453
83.9666666667,53.9523780633
83.9833333333,53.9499645685
84,53.9477896943
84.0166666667,53.9475331838
84.0333333333,53.9436160327
84.05,53.9426047873
84.0666666667,53.9424803535
84.0833333333,53.9409922567
84.1,53.9371797941
84.1166666667,53.9356571594
84.1333333333,53.9355740633
84.15,53.9340163345
84.1666666667,53.9338400253
84.1833333333,53.9331705461
84.2,53.9326175642
84.2166666667,53.9305205459
84.2333333333,53.9260951327
84.25,53.9254259391
84.2666666667,53.9244432254
84.2833333333,53.9220512452
84.3,53.9207773493
84.3166666667,53.9202985183
84.3333333333,53.9193753892
84.35,53.9175746464
84.3666666667,53.9175489683
84.3833333333,53.9157350453
84.4,53.9152685936
84.4166666667,53.9138830039
84.4333333333,53.9133755641
84.45,53.9115982471
84.4666666667,53.9080945428
84.4833333333,53.9061324622
84.5,53.9044051165
84.5166666667,53.9018269197
84.5333333333,53.8984525593
84.55,53.8975447451
84.5666666667,53.8967419827
84.5833333333,53.8962947602
84.6,53.8957620187
84.6166666667,53.8955546375
84.6333333333,53.8891377
84.65,53.8876582385
84.6666666667,53.8870152137
84.6833333333,53.8861775933
84.7,53.8821074049
84.7166666667,53.8805435427
84.7333333333,53.8768316315
84.75,53.8744441588
84.7666666667,53.8706376852
84.7833333333,53.8703243628
84.8,53.8700549783
84.8166666667,53.8690963735
84.8333333333,53.867858046
84.85,53.8639936584
84.8666666667,53.860869019
84.8833333333,53.8560854055
84.9,53.8545113977
84.9166666667,53.8532239341
84.9333333333,53.8512973015
84.95,53.8496647773
84.9666666667,53.8491800151
84.9833333333,53.8471894285
85,53.8457953803
85.0166666667,53.8456119374
85.0333333333,53.8450643426
85.05,53.8440085247
85.0666666667,53.8428898028
85.0833333333,53.8425592391
85.1,53.8383211303
85.1166666667,53.8330189547
85.1333333333,53.8303387879
85.15,53.8275905974
85.1666666667,53.8265988781
85.1833333333,53.8254553079
85.2,53.8245358672
85.2166666667,53.820981438
85.2333333333,53.8205932349
85.25,53.8196735147
85.2666666667,53.8195905802
85.2833333333,53.8187585069
85.3,53.8140100946
85.3166666667,53.8126639986
85.3333333333,53.8105929557
85.35,53.8101543999
85.3666666667,53.8078707062
85.3833333333,53.8059721963
85.4,53.8024777881
85.4166666667,53.8010412462
85.4333333333,53.7988771952
85.45,53.7987056331
85.4666666667,53.7986631348
85.4833333333,53.7965238936
85.5,53.7945979092
85.5166666667,53.7911689565
85.5333333333,53.786719553
85.55,53.7826385085
85.5666666667,53.7825092802
85.5833333333,53.7813887728
85.6,53.7792237902
85.6166666667,53.7770734001
85.6333333333,53.7763159121
85.65,53.7758390663
85.6666666667,53.7748301202
85.6833333333,53.7743428098
85.7,53.7717349083
85.7166666667,53.7696254838
85.7333333333,53.7647497553
85.75,53.7636664409
85.7666666667,53.7625088877
85.7833333333,53.7594850185
85.8,53.7591774865
85.8166666667,53.7569384672
85.8333333333,53.7567626013
85.85,53.7564104566
85.8666666667,53.7512226513
85.8833333333,53.7466854957
85.9,53.7463579542
85.9166666667,53.7452402207
85.9333333333,53.7438866609
85.95,53.7432505713
85.9666666667,53.7421368851
85.9833333333,53.7394736569
86,53.734812368
86.0166666667,53.7334304714
86.0333333333,53.7323313232
86.05,53.7305884484
86.0666666667,53.7303875028
86.0833333333,53.7301412156
86.1,53.7300359363
86.1166666667,53.729554349
86.1333333333,53.7237902867
86.15,53.7217019601
86.1666666667,53.7216575234
86.1833333333,53.7171119509
86.2,53.7167157788
86.2166666667,53.7164164647
86.2333333333,53.7143928566
86.25,53.7127793277
86.2666666667,53.7104322087
86.2833333333,53.7078206957
86.3,53.7072623594
86.3166666667,53.7051751326
86.3333333333,53.7028172812
86.35,53.7015020248
86.3666666667,53.7013182184
86.3833333333,53.6994206538
86.4,53.69824412
86.4166666667,53.6976114411
86.4333333333,53.6954844872
86.45,53.6951263911
86.4666666667,53.6950324255
86.4833333333,53.6911024512
86.5,53.6905222381
86.5166666667,53.6891488299
86.5333333333,53.6891159433
86.55,53.6888165183
86.5666666667,53.6886903088
86.5833333333,53.6875249619
86.6,53.6842105726
86.6166666667,53.6834439882
86.6333333333,53.6827744468
86.65,53.6796383049
86.6666666667,53.6790574217
86.6833333333,53.6784960837
86.7,53.6768505715
86.7166666667,53.6743783965
86.7333333333,53.6733567638
86.75,53.6728445152
86.7666666667,53.670745682
86.7833333333,53.6705698019
86.8,53.6704021013
86.8166666667,53.6685892288
86.8333333333,53.6669742377
86.85,53.6652670273
86.8666666667,53.6648618946
86.8833333333,53.6629571912
86.9,53.6627109503
86.9166666667,53.6621895806
86.9333333333,53.6617975746
86.95,53.6593523154
86.9666666667,53.6591047528
86.9833333333,53.6582929034
87,53.6579492037
87.0166666667,53.6575169039
87.0333333333,53.6546473502
87.05,53.6539623606
87.0666666667,53.6530005912
87.0833333333,53.6515687141
87.1,53.6512771617
87.1166666667,53.6506647116
87.1333333333,53.6466464462
87.15,53.6453226831
87.1666666667,53.6447566158
87.1833333333,53.6445056276
87.2,53.6442060222
87.2166666667,53.6431004283
87.2333333333,53.6410936542
87.25,53.6403020971
87.2666666667,53.6393389922
87.2833333333,53.6337393506
87.3,53.628719475
87.3166666667,53.628490138
87.3333333333,53.6283511427
87.35,53.626059398
87.3666666667,53.624260954
87.3833333333,53.6241734059
87.4,53.623124317
87.4166666667,53.618955843
87.4333333333,53.6186984982
87.45,53.6184736692
87.4666666667,53.6178183749
87.4833333333,53.6167222562
87.5,53.6165914774
87.5166666667,53.6160647368
87.5333333333,53.6154795955
87.55,53.6144372735
87.5666666667,53.6141768103
87.5833333333,53.6141749611
87.6,53.6138257102
87.6166666667,53.6128262811
87.6333333333,53.6088452645
87.65,53.607033229
87.6666666667,53.6020425692
87.6833333333,53.6013258681
87.7,53.600845149
87.7166666667,53.5962259853
87.7333333333,53.594603331
87.75,53.593121764
87.7666666667,53.5903248899
87.7833333333,53.5903154957
87.8,53.5878471639
87.8166666667,53.586363472
87.8333333333,53.5837057357
87.85,53.5835356056
87.8666666667,53.5832140485
87.8833333333,53.5828623524
87.9,53.5826659858
87.9166666667,53.5825278453
87.9333333333,53.5821539256
87.95,53.581631094
87.9666666667,53.5791475722
87.9833333333,53.5788565666
88,53.5749587178
88.0166666667,53.5743536048
88.0333333333,53.5739900465
88.05,53.5713164813
88.0666666667,53.5703053226
88.0833333333,53.5696544432
88.1,53.5678635681
88.1166666667,53.5669108628
88.1333333333,53.5667624498
88.15,53.5606618167
88.1666666667,53.5600360161
88.1833333333,53.5530539646
88.2,53.5525496936
88.2166666667,53.5524972955
88.2333333333,53.5500241705
88.25,53.5496523296
88.2666666667,53.5491746702
88.2833333333,53.547274184
88.3,53.5471550385
88.3166666667,53.545504489
88.3333333333,53.5442804802
88.35,53.5417467589
88.3666666667,53.5403233445
88.3833333333,53.5394315664
88.4,53.5378128161
88.4166666667,53.5369497063
88.4333333333,53.5265058764
88.45,53.5263950786
88.4666666667,53.5263238736
88.4833333333,53.5244595564
88.5,53.5232749326
88.5166666667,53.5219843793
88.5333333333,53.5219824177
88.55,53.5209310326
88.5666666667,53.5187149109
88.5833333333,53.5151378084
88.6,53.5136623889
88.6166666667,53.5095611233
88.6333333333,53.5078779187
88.65,53.5076899039
88.6666666667,53.5066740132
88.6833333333,53.5053090916
88.7,53.5049633103
88.7166666667,53.4964412995
88.7333333333,53.4938151482
88.75,53.4936343594
88.7666666667,53.4929507549
88.7833333333,53.4893442066
88.8,53.4882199459
88.8166666667,53.4873037227
88.8333333333,53.4842740694
88.85,53.4838504814
88.8666666667,53.4787984661
88.8833333333,53.4784678912
88.9,53.4727868032
88.9166666667,53.4717078779
88.9333333333,53.4711349389
88.95,53.4636948246
88.9666666667,53.4632352368
88.9833333333,53.4624166139
89,53.4606079507
89.0166666667,53.4594003394
89.0333333333,53.457844224
89.05,53.4570562059
89.0666666667,53.4568097148
89.0833333333,53.4543546813
89.1,53.4537092937
89.1166666667,53.4510696237
89.1333333333,53.4445977427
89.15,53.4378850714
89.1666666667,53.4326852412
89.1833333333,53.4306853826
89.2,53.4287691147
89.2166666667,53.4277535042
89.2333333333,53.426973113
89.25,53.423955303
89.2666666667,53.423485898
89.2833333333,53.4233507498
89.3,53.4173771619
89.3166666667,53.4172095807
89.3333333333,53.4101745326
89.35,53.4044529639
89.3666666667,53.4028057558
89.3833333333,53.4014438455
89.4,53.4013396647
89.4166666667,53.4012206705
89.4333333333,53.4004468905
89.45,53.3975463629
89.4666666667,53.3960275595
89.4833333333,53.3943575989
89.5,53.3906430303
89.5166666667,53.3817315199
89.5333333333,53.3777867793
89.55,53.3776418883
89.5666666667,53.3771608323
89.5833333333,53.3738809492
89.6,53.372620007
89.6166666667,53.3714034777
89.6333333333,53.371153212
89.65,53.3674862274
89.6666666667,53.3652838321
89.6833333333,53.3636005496
89.7,53.3582384958
89.7166666667,53.3548787208
89.7333333333,53.3481766404
89.75,53.3479394402
89.7666666667,53.3417486785
89.7833333333,53.341536851
89.8,53.3375898228
89.8166666667,53.3366746746
89.8333333333,53.3355801826
89.85,53.3349508886
89.8666666667,53.3330277728
89.8833333333,53.3310914476
89.9,53.329729268
89.9166666667,53.3281673976
89.9333333333,53.3265112497
89.95,53.3240130328
89.9666666667,53.3239159135
89.9833333333,53.3226503187
90,53.3216891429
90.0166666667,53.3201880837
90.0333333333,53.3166386569
90.05,53.314292468
90.0666666667,53.3137721319
90.0833333333,53.3127768502
90.1,53.3122039708
90.1166666667,53.3118402972
90.1333333333,53.3082563214
90.15,53.3040776904
90.1666666667,53.3033483826
90.1833333333,53.3014498569
90.2,53.3001468543
90.2166666667,53.3000611549
90.2333333333,53.2987468506
90.25,53.2923304206
90.2666666667,53.288636071
90.2833333333,53.2884904593
90.3,53.2876641938
90.3166666667,53.2874247205
90.3333333333,53.2815647064
90.35,53.2783908712
90.3666666667,53.2776606076
90.3833333333,53.2771244771
90.4,53.2770307791
90.4166666667,53.2719859571
90.4333333333,53.2709183383
90.45,53.2706435921
90.4666666667,53.2651369287
90.4833333333,53.2547075898
90.5,53.2543216086
90.5166666667,53.2508199599
90.5333333333,53.2508015854
90.55,53.2437580178
90.5666666667,53.2434537597
90.5833333333,53.2432839978
90.6,53.2432731635
90.6166666667,53.2409576583
90.6333333333,53.2353065421
90.65,53.2342821941
90.6666666667,53.2323439881
90.6833333333,53.2228961336
90.7,53.2187697274
90.7166666667,53.2179010856
90.7333333333,53.2174913394
90.75,53.2172958886
90.7666666667,53.2161689836
90.7833333333,53.2148095051
90.8,53.2123747339
90.8166666667,53.2108675994
90.8333333333,53.2079183904
90.85,53.204808011
90.8666666667,53.2015382085
90.8833333333,53.1996688953
90.9,53.1992356779
90.9166666667,53.1950015255
90.9333333333,53.1945220989
90.95,53.1942703244
90.9666666667,53.1894732084
90.9833333333,53.1884872695
91,53.1824710146
91.0166666667,53.1779359573
91.0333333333,53.1741230526
91.05,53.1737052834
91.0666666667,53.1700436187
91.0833333333,53.1666036302
91.1,53.1652388022
91.1166666667,53.160816865
91.1333333333,53.1574900052
91.15,53.1559017166
91.1666666667,53.1554989465
91.1833333333,53.1500162441
91.2,53.1499524117
91.2166666667,53.1494685413
91.2333333333,53.1465879218
91.25,53.1451868569
91.2666666667,53.1443615446
91.2833333333,53.1382589258
91.3,53.1358949742
91.3166666667,53.1340822269
91.3333333333,53.1325521576
91.35,53.1307506435
91.3666666667,53.1286940679
91.3833333333,53.1278594086
91.4,53.1274716722
91.4166666667,53.126924663
91.4333333333,53.1266676602
91.45,53.1264421952
91.4666666667,53.1240831479
91.4833333333,53.1237929592
91.5,53.1226099958
91.5166666667,53.1220524298
91.5333333333,53.1214038287
91.55,53.1113430726
91.5666666667,53.1105860436
91.5833333333,53.098055293
91.6,53.0980505096
91.6166666667,53.0931713329
91.6333333333,53.0904576981
91.65,53.0887772054
91.6666666667,53.0873801739
91.6833333333,53.0850505286
91.7,53.0836674162
91.7166666667,53.0805786272
91.7333333333,53.0792002208
91.75,53.076822492
91.7666666667,53.0751842941
91.7833333333,53.0739000861
91.8,53.0710011558
91.8166666667,53.0695360154
91.8333333333,53.0660378562
91.85,53.0648270744
91.8666666667,53.0646754726
91.8833333333,53.051543352
91.9,53.0499791243
91.9166666667,53.0492814207
91.9333333333,53.0455156405
91.95,53.041218776
91.9666666667,53.0372509197
91.9833333333,53.0311835991
92,53.0304444985
92.0166666667,53.0266331919
92.0333333333,53.0261670387
92.05,53.0228362562
92.0666666667,53.0216294272
92.0833333333,53.0191594052
92.1,53.0118595156
92.1166666667,53.0098726284
92.1333333333,53.0082501593
92.15,53.0072430683
92.1666666667,53.006963242
92.1833333333,53.0060944484
92.2,53.0055811253
92.2166666667,52.9923231427
92.2333333333,52.9917605433
92.25,52.9916373972
92.2666666667,52.9831016741
92.2833333333,52.9824213814
92.3,52.9773185942
92.3166666667,52.9736606966
92.3333333333,52.9700318438
92.35,52.9681807659
92.3666666667,52.9656440536
92.3833333333,52.958654109
92.4,52.957111138
92.4166666667,52.9566727607
92.4333333333,52.9562898125
92.45,52.9520280523
92.4666666667,52.9486317661
92.4833333333,52.9481369368
92.5,52.9471259597
92.5166666667,52.9469231928
92.5333333333,52.9448115676
92.55,52.9445232344
92.5666666667,52.9417312246
92.5833333333,52.9410799801
92.6,52.9404925485
92.6166666667,52.93787244
92.6333333333,52.9336317253
92.65,52.9306900891
92.6666666667,52.9290545157
92.6833333333,52.9288280629
92.7,52.9284352396
92.7166666667,52.9242998991
92.7333333333,52.9238158528
92.75,52.9221370508
92.7666666667,52.9159503594
92.7833333333,52.9086024933
92.8,52.9067050884
92.8166666667,52.9026492535
92.8333333333,52.8996596474
92.85,52.8969406785
92.8666666667,52.8908823212
92.8833333333,52.8892866531
92.9,52.8891673144
92.9166666667,52.8837469563
92.9333333333,52.8819926891
92.95,52.8818507475
92.9666666667,52.8798630789
92.9833333333,52.8789196993
93,52.8696546335
93.0166666667,52.8631171828
93.0333333333,52.8618661342
93.05,52.8616994523
93.0666666667,52.8592711737
93.0833333333,52.8529389694
93.1,52.8440814402
93.1166666667,52.8403243683
93.1333333333,52.8317028014
93.15,52.825410237
93.1666666667,52.8251989555
93.1833333333,52.8127820566
93.2,52.8097976634
93.2166666667,52.8079258275
93.2333333333,52.8075885633
93.25,52.8060543245
93.2666666667,52.8057399746
93.2833333333,52.8048441659
93.3,52.8045860272
93.3166666667,52.8039544546
93.3333333333,52.8022812174
93.35,52.8008453779
93.3666666667,52.7976875213
93.3833333333,52.7970291233
93.4,52.7965014223
93.4166666667,52.7934276591
93.4333333333,52.7861469843
93.45,52.7846464441
93.4666666667,52.7807909987
93.4833333333,52.7765645216
93.5,52.7760315339
93.5166666667,52.7673201082
93.5333333333,52.7664509054
93.55,52.7644759895
93.5666666667,52.7604305293
93.5833333333,52.755424286
93.6,52.754904129
93.6166666667,52.7538595835
93.6333333333,52.7533930188
93.65,52.7386247325
93.6666666667,52.7374108743
93.6833333333,52.7337755133
93.7,52.7328407957
93.7166666667,52.726640615
93.7333333333,52.7217329062
93.75,52.7192845649
93.7666666667,52.7183262482
93.7833333333,52.7125608022
93.8,52.7117795362
93.8166666667,52.6995448615
93.8333333333,52.6959871708
93.85,52.6949862364
93.8666666667,52.6949781217
93.8833333333,52.6938431178
93.9,52.6921841373
93.9166666667,52.6918805474
93.9333333333,52.6893003937
93.95,52.6866244366
93.9666666667,52.682813007
93.9833333333,52.6783283407
94,52.6743516716
94.0166666667,52.6719933437
94.0333333333,52.6634115461
94.05,52.6604637909
94.0666666667,52.6567743341
94.0833333333,52.65480934
94.1,52.6541559894
94.1166666667,52.6474858923
94.1333333333,52.6432605883
94.15,52.6429523316
94.1666666667,52.6427734968
94.1833333333,52.6420358612
94.2,52.6390098384
94.2166666667,52.6356455456
94.2333333333,52.6324065732
94.25,52.6310069419
94.2666666667,52.6274988289
94.2833333333,52.627429493
94.3,52.6225375792
94.3166666667,52.6192003523
94.3333333333,52.617816172
94.35,52.6115555696
94.3666666667,52.6106332127
94.3833333333,52.6023188448
94.4,52.6004656278
94.4166666667,52.6001299012
94.4333333333,52.5992101755
94.45,52.5900484975
94.4666666667,52.5897252927
94.4833333333,52.588275852
94.5,52.5872017092
94.5166666667,52.5862512766
94.5333333333,52.58353648
94.55,52.5820104947
94.5666666667,52.5811848605
94.5833333333,52.5726531611
94.6,52.5723222341
94.6166666667,52.5651107895
94.6333333333,52.5524081024
94.65,52.5492662684
94.6666666667,52.5489042094
94.6833333333,52.5318829716
94.7,52.5164897484
94.7166666667,52.5136318236
94.7333333333,52.5044151628
94.75,52.5018236439
94.7666666667,52.4904059629
94.7833333333,52.4879316641
94.8,52.4803205888
94.8166666667,52.4801936586
94.8333333333,52.4720903073
94.85,52.4674639069
94.8666666667,52.4657031634
94.8833333333,52.4654305971
94.9,52.4645645398
94.9166666667,52.4567373264
94.9333333333,52.4553563921
94.95,52.445394027
94.9666666667,52.4432303232
94.9833333333,52.4403273312
95,52.43778873
95.0166666667,52.4298022218
95.0333333333,52.4274198418
95.05,52.4266701562
95.0666666667,52.4256944157
95.0833333333,52.4230666599
95.1,52.4150983672
95.1166666667,52.412092541
95.1333333333,52.4088658192
95.15,52.3945025805
95.1666666667,52.391793144
95.1833333333,52.3917158013
95.2,52.3896360012
95.2166666667,52.3870726133
95.2333333333,52.386657595
95.25,52.3856859392
95.2666666667,52.3818123376
95.2833333333,52.3815218892
95.3,52.3797591536
95.3166666667,52.3745155907
95.3333333333,52.3703290063
95.35,52.3631294611
95.3666666667,52.3631084478
95.3833333333,52.3580337085
95.4,52.3551818433
95.4166666667,52.3527573397
95.4333333333,52.3524165879
95.45,52.3390557056
95.4666666667,52.3372832384
95.4833333333,52.334638117
95.5,52.3275052781
95.5166666667,52.3268225292
95.5333333333,52.319772981
95.55,52.3124762108
95.5666666667,52.3112611653
95.5833333333,52.2901148809
95.6,52.2894853904
95.6166666667,52.2805204629
95.6333333333,52.2781632014
95.65,52.2723188279
95.6666666667,52.2704840531
95.6833333333,52.2652002181
95.7,52.2651837454
95.7166666667,52.2628301154
95.7333333333,52.2592709942
95.75,52.2585546537
95.7666666667,52.2581802173
95.7833333333,52.2558889858
95.8,52.2529866527
95.8166666667,52.2478530151
95.8333333333,52.2444322075
95.85,52.2431788193
95.8666666667,52.2369022346
95.8833333333,52.2363981773
95.9,52.2339017959
95.9166666667,52.2329433821
95.9333333333,52.2323905998
95.95,52.2320584134
95.9666666667,52.2185280114
95.9833333333,52.2132205365
96,52.2127064314
96.0166666667,52.2120135458
96.0333333333,52.2066327231
96.05,52.2042232335
96.0666666667,52.2000728825
96.0833333333,52.192262186
96.1,52.1851362542
96.1166666667,52.1776068488
96.1333333333,52.1724375684
96.15,52.1652518242
96.1666666667,52.1589823785
96.1833333333,52.1587773902
96.2,52.1582405429
96.2166666667,52.158037916
96.2333333333,52.152677693
96.25,52.1525029883
96.2666666667,52.1522179732
96.2833333333,52.1496004244
96.3,52.1424129463
96.3166666667,52.1238049545
96.3333333333,52.122446479
96.35,52.1220264744
96.3666666667,52.1160252794
96.3833333333,52.1144127944
96.4,52.1115075615
96.4166666667,52.1093392808
96.4333333333,52.1089387224
96.45,52.1029848613
96.4666666667,52.0960007015
96.4833333333,52.0957207608
96.5,52.0929704809
96.5166666667,52.092351942
96.5333333333,52.0908962072
96.55,52.0842896047
96.5666666667,52.0827325325
96.5833333333,52.0789776175
96.6,52.0717373372
96.6166666667,52.070164157
96.6333333333,52.0693697055
96.65,52.06224043
96.6666666667,52.0556896177
96.6833333333,52.0517618234
96.7,52.0470390483
96.7166666667,52.0449761243
96.7333333333,52.044661203
96.75,52.0386864203
96.7666666667,52.0385305337
96.7833333333,52.0344344585
96.8,52.034373273
96.8166666667,52.0310915255
96.8333333333,52.0300214988
96.85,52.0270310725
96.8666666667,52.0254928248
96.8833333333,52.0250067687
96.9,52.0228028347
96.9166666667,52.0224511864
96.9333333333,52.0223871387
96.95,52.0155837834
96.9666666667,52.0110089499
96.9833333333,52.0006537536
97,52.0004331988
97.0166666667,51.9972089488
97.0333333333,51.9837727317
97.05,51.9811923173
97.0666666667,51.9747944595
97.0833333333,51.9693737492
97.1,51.9672822766
97.1166666667,51.9629278558
97.1333333333,51.960330886
97.15,51.9542863418
97.1666666667,51.911169517
97.1833333333,51.9100858992
97.2,51.9082511847
97.2166666667,51.9072474826
97.2333333333,51.907164023
97.25,51.9048857693
97.2666666667,51.9032041777
97.2833333333,51.9031640789
97.3,51.8894940698
97.3166666667,51.8844530186
97.3333333333,51.8740843087
97.35,51.8701867202
97.3666666667,51.866606243
97.3833333333,51.8651056224
97.4,51.8530327362
97.4166666667,51.8435662668
97.4333333333,51.8430008195
97.45,51.8185498301
97.4666666667,51.8135934934
97.4833333333,51.8088876859
97.5,51.8074658001
97.5166666667,51.8055285998
97.5333333333,51.8036765648
97.55,51.7973402115
97.5666666667,51.7910636918
97.5833333333,51.780960061
97.6,51.7778514057
97.6166666667,51.7695142468
97.6333333333,51.7622824764
97.65,51.7618998482
97.6666666667,51.7569146687
97.6833333333,51.7527914508
97.7,51.7497740357
97.7166666667,51.7480382013
97.7333333333,51.7458920991
97.75,51.742777384
97.7666666667,51.7373633816
97.7833333333,51.7339459062
97.8,51.7321362917
97.8166666667,51.7283974587
97.8333333333,51.7061192023
97.85,51.6915236269
97.8666666667,51.689437863
97.8833333333,51.6873404567
97.9,51.6845976831
97.9166666667,51.6782331965
97.9333333333,51.6780857255
97.95,51.6679109388
97.9666666667,51.6639187035
97.9833333333,51.6511997891
98,51.6501803664
98.0166666667,51.6493876031
98.0333333333,51.6294659592
98.05,51.6210323497
98.0666666667,51.6062738441
98.0833333333,51.6005496617
98.1,51.5989282112
98.1166666667,51.5866871249
98.1333333333,51.5803301274
98.15,51.5776357557
98.1666666667,51.5698721526
98.1833333333,51.5549396176
98.2,51.5530134711
98.2166666667,51.546793979
98.2333333333,51.5280458339
98.25,51.5183027704
98.2666666667,51.4957455487
98.2833333333,51.4785031447
98.3,51.4769202325
98.3166666667,51.4571533594
98.3333333333,51.4533921305
98.35,51.4532637523
98.3666666667,51.4529219117
98.3833333333,51.4476372525
98.4,51.4381626899
98.4166666667,51.4220324069
98.4333333333,51.4138109609
98.45,51.400447527
98.4666666667,51.4001813793
98.4833333333,51.3871868424
98.5,51.3838917591
98.5166666667,51.3785217925
98.5333333333,51.3716890384
98.55,51.3681550442
98.5666666667,51.3665539879
98.5833333333,51.3547534849
98.6,51.319357412
98.6166666667,51.3051480121
98.6333333333,51.2962364944
98.65,51.2927491966
98.6666666667,51.2813048399
98.6833333333,51.2663958725
98.7,51.264119304
98.7166666667,51.251833838
98.7333333333,51.244725384
98.75,51.2348952066
98.7666666667,51.2214451824
98.7833333333,51.2145705336
98.8,51.2134457052
98.8166666667,51.1676345254
98.8333333333,51.1395545877
98.85,51.1373049106
98.8666666667,51.1219355913
98.8833333333,51.1172570124
98.9,51.1156775767
98.9166666667,51.095146741
98.9333333333,51.0831485114
98.95,51.0698494924
98.9666666667,51.0578393749
98.9833333333,51.0152208167
99,50.9628712024
99.0166666667,50.9340470073
99.0333333333,50.9324389728
99.05,50.9286846652
99.0666666667,50.9190906811
99.0833333333,50.9181382259
99.1,50.8959196412
99.1166666667,50.8934172011
99.1333333333,50.8765228548
99.15,50.8566865109
99.1666666667,50.8279507106
99.1833333333,50.8243462192
99.2,50.8241634115
99.2166666667,50.7819735498
99.2333333333,50.7714540752
99.25,50.7467775974
99.2666666667,50.714985277
99.2833333333,50.7092252443
99.3,50.6829172229
99.3166666667,50.679725076
99.3333333333,50.6772971844
99.35,50.674245529
99.3666666667,50.6651559841
99.3833333333,50.6505208798
99.4,50.6494475773
99.4166666667,50.6401931629
99.4333333333,50.6210782531
99.45,50.5748649298
99.4666666667,50.5387539669
99.4833333333,50.4954827565
99.5,50.472350264
99.5166666667,50.394619394
99.5333333333,50.3864660116
99.55,50.3808603102
99.5666666667,50.3009527226
99.5833333333,50.1596337048
99.6,50.0824430097
99.6166666667,50.0294687389
99.6333333333,50.0163483876
99.65,49.993367686
99.6666666667,49.9312884166
99.6833333333,49.890542252
99.7,49.8728001119
99.7166666667,49.8282993738
99.7333333333,49.7980931696
99.75,49.7969512709
99.7666666667,49.7143287175
99.7833333333,49.6986120999
99.8,49.6602878697
99.8166666667,49.6329013857
99.8333333333,49.6269077371
99.85,49.6221238644
99.8666666667,49.5849369397
99.8833333333,49.5824571082
99.9,49.5496572843
99.9166666667,49.4256425
99.9333333333,49.1485023567
99.95,48.962255181
99.9666666667,48.8950853448
99.9833333333,48.5142033279
