t_s,p_A_mPa,p_B_mPa
0,-0.76447963836,1.83647465198
0.0005,-2.0001295743,-0.700642894276
0.001,0.619095317454,-1.05670268563
0.0015,0.759088491886,-0.37397117192
0.002,-0.287420336797,-1.12357225059
0.0025,0.3847879936,1.53341564959
0.003,1.71833881385,0.905995633116
0.0035,1.07334786164,0.664077009828
0.004,0.722692862492,1.43520378658
0.0045,0.702944243409,-0.573110272101
0.005,-0.837374095909,-1.28487689492
0.0055,0.9772529105,0.373933099122
0.006,-1.61670471844,0.33620171971
0.0065,-0.309666502974,-0.826929606242
0.007,-0.414122671374,0.5624382146
0.0075,-1.69619302955,1.49731810984
0.008,-0.0894857577821,-0.50518440013
0.0085,1.65187418365,0.221762207721
0.009,-0.317645057686,0.371109452577
0.0095,-1.17897084193,0.512481041573
0.01,-0.0703373169861,1.04879408965
0.0105,0.867941026886,0.614995930125
0.011,0.211919090974,1.42500697488
0.0115,0.0174240331225,-0.78173316237
0.012,-1.37916032529,-0.444075291968
0.0125,0.517534498769,0.845898387757
0.013,0.50235820802,-0.414432278249
0.0135,1.35182776687,-0.531694276482
0.014,1.49856705623,-0.0180638852172
0.0145,0.703771925019,0.379104461224
0.015,-1.61070164832,-0.469599386638
0.0155,-1.40514602061,0.619663792033
0.016,-1.07012317359,1.4129389901
0.0165,0.312904853458,-1.75456543825
0.017,-0.761593846189,-2.25609576486
0.0175,1.32032417079,0.779230545088
0.018,0.262197229592,-0.767820016012
0.0185,0.382252123504,1.48160443199
0.019,0.765258013811,2.89265180883
0.0195,0.357906467175,-0.114190154487
0.02,-1.38049554142,-0.355693959181
0.0205,2.45461637932,0.0204158398271
0.021,1.47268747903,0.308519666249
0.0215,1.53240086668,-0.0179511204912
0.022,-0.722112291587,-0.875131660438
0.0225,-1.81432856343,0.441034979047
0.023,-1.47588214575,-1.98885698156
0.0235,-1.02592353601,0.420134720513
0.024,0.895956137207,0.127709631341
0.0245,0.914007189947,1.33372033166
0.025,1.46812407245,0.190475928188
0.0255,2.14733129655,0.512029219951
0.026,0.537285335899,-0.917625636627
0.0265,0.372118907968,0.201586966051
0.027,-0.340357873508,0.803236375408
0.0275,-0.314006396415,1.04691144242
0.028,-1.12950442082,0.145911109677
0.0285,0.527249513912,1.61047432002
0.029,0.335986125904,1.30100523374
0.0295,-0.382254666083,-0.623721297948
0.03,-0.784767790743,-2.43677479018
0.0305,0.473782591181,-1.06861996022
0.031,1.31697052094,0.0956102089429
0.0315,0.100991165704,0.186452862896
0.032,0.301828032698,-0.265727017653
0.0325,-0.524209206357,-0.392120429186
0.033,-0.226693004848,0.675644510491
0.0335,-0.294187445876,-0.560005755736
0.034,-0.262986647219,-2.09693603321
0.0345,-0.572939591615,-0.282537286881
0.035,0.413643955439,1.04395012012
0.0355,1.31058534351,-0.822269564817
0.036,-0.920389396335,0.666104742286
0.0365,1.40935750902,0.601781819946
0.037,-0.380074391846,0.01109834081
0.0375,-0.34441535241,0.435585033335
0.038,-2.12110616119,-0.888843686039
0.0385,-2.38423711037,0.0875661718118
0.039,0.750359333661,1.52544936013
0.0395,-1.06327701411,-0.0486296974332
0.04,0.819669706708,-1.07338813707
0.0405,0.0703377985885,1.48902440588
0.041,0.268768193896,-1.33210181301
0.0415,1.34392277108,1.67710561316
0.042,-0.0517712459272,0.122409861292
0.0425,-3.2228827615,0.64453875706
0.043,-1.70622805119,0.380713498103
0.0435,0.985807137508,0.0476995572526
0.044,2.00259509202,1.10423933602
0.0445,-0.0751999485505,-0.0496171256619
0.045,-0.67714970599,-0.78886374658
0.0455,-1.36227392705,0.0721358447662
0.046,0.562253368079,-1.71495743761
0.0465,-1.76506950851,-0.115578402247
0.047,-1.21690771394,-1.74174966208
0.0475,0.155040148388,0.0515772642352
0.048,0.121282515815,0.755774377389
0.0485,-0.236908511139,0.672808994325
0.049,1.07591886271,-0.109340241638
0.0495,-1.21452448245,-2.66247045088
0.05,-1.16231539639,-0.441115590224
0.0505,-0.39532133987,1.3100056796
0.051,0.0847503177887,-0.582982584672
0.0515,-0.315300440905,0.581002090146
0.052,1.99863654522,-0.620161535703
0.0525,-0.579522734807,1.62218407345
0.053,0.650910797636,-2.05636687177
0.0535,-0.56217025562,-0.472419902783
0.054,0.338497912583,-0.335741333414
0.0545,-0.419679028979,0.553043387376
0.055,-0.370169105082,0.0737770303839
0.0555,1.63222009239,0.200642829623
0.056,-0.314568433368,-2.2445748381
0.0565,1.72503431634,2.02130886782
0.057,-0.714213644093,0.234630597836
0.0575,-0.445401319158,-0.597608464357
0.058,1.12164892668,1.41880644023
0.0585,-2.44201160417,-1.08017181895
0.059,-1.64191673974,0.383497729782
0.0595,0.0379140103065,1.03667215509
0.06,0.493592274819,0.810962755104
0.0605,0.588883741192,0.285276812197
0.061,-0.303649368283,-0.0466171439269
0.0615,-1.4149704195,-0.963369433829
0.062,0.84859507392,0.379121588644
0.0625,0.463249795216,-1.23713411682
0.063,-1.11319083539,1.10478624832
0.0635,0.105619765991,0.90804085755
0.064,1.82840609066,0.0649367614627
0.0645,0.143035942993,-1.86352005355
0.065,-1.17445557799,0.698084748687
0.0655,-0.409903472386,0.691635364896
0.066,-0.351660533012,-1.02678144133
0.0665,0.361408345441,-0.358168132675
0.067,0.927297433956,0.204555896186
0.0675,-0.923373684706,0.759519472843
0.068,-0.638347325051,-0.312943853121
0.0685,1.04347615862,-0.769546264088
0.069,0.762190051524,-0.459632916859
0.0695,1.38318016423,-0.91829446388
0.07,-1.45544086238,1.81709364004
0.0705,-0.947882238853,1.87902501122
0.071,1.03042775568,-1.99014373907
0.0715,-0.942012884935,-0.345996738337
0.072,0.343788950096,1.60167209264
0.0725,-0.0382415767666,1.44033164816
0.073,-0.73706350255,2.00237622063
0.0735,1.49646345491,1.29595440894
0.074,0.00173778456058,0.5046747019
0.0745,-0.495624485278,0.348135183199
0.075,-0.144813618728,1.432623659
0.0755,0.266991300673,0.491322261286
0.076,-1.57454003078,-1.59554435495
0.0765,-0.856115141072,0.194136670387
0.077,-1.27708846274,-1.72901780209
0.0775,-2.10912727939,0.864464125533
0.078,1.00368535088,0.377132591208
0.0785,1.46529817735,-0.0934687456933
0.079,1.21782028302,0.314961192052
0.0795,-1.77259158718,-1.67674782534
0.08,0.41927077694,-0.468695076111
0.0805,0.702657219311,-0.554812169515
0.081,-0.559831412288,0.135151636538
0.0815,0.84138513322,-0.172427801319
0.082,-1.11136954383,0.214423385209
0.0825,-1.06923882873,0.261223954119
0.083,-0.825754988525,-1.34894224704
0.0835,-0.712698647391,-1.1916137264
0.084,-1.00240929911,1.15806571919
0.0845,0.985501609585,-0.81120387426
0.085,-1.06486922651,-0.134742552011
0.0855,-0.45375043623,0.831285921721
0.086,-0.627583358094,-0.299479653041
0.0865,2.23379798833,2.19648751099
0.087,-0.890477391054,-0.884228345496
0.0875,0.490762757986,-0.578560000532
0.088,1.84716155437,-1.98556456186
0.0885,-1.17733811697,0.869131230659
0.089,-0.822080547023,-0.357917295488
0.0895,-0.317177853832,0.643379103867
0.09,-1.31753673188,0.5420453723
0.0905,1.24783303394,2.46511437376
0.091,-0.462055530635,0.582219979134
0.0915,1.07289084842,-0.380697567337
0.092,0.550667579057,-0.424210519697
0.0925,0.037569835328,0.825153953932
0.093,0.977798823098,-1.86972967953
0.0935,-0.287653849472,-0.470726179294
0.094,1.07361768866,-1.50372440442
0.0945,-1.29849562397,-0.934794555485
0.095,-0.729091007378,1.22556488932
0.0955,1.22539612985,-0.880078047368
0.096,-2.08060387683,-0.421904947043
0.0965,0.493012388061,0.865154344494
0.097,-0.393676382393,-1.50878663324
0.0975,-0.528427944855,0.144379091849
0.098,-0.679923861091,-1.1693080501
0.0985,1.30168056015,0.226787574774
0.099,-1.50692672892,-0.422006966769
0.0995,0.849332586756,1.03645776228
0.1,0.49384146908,-0.0548420451503
0.1005,-0.406642955572,0.497548701768
0.101,-0.0680368374381,1.46908436442
0.1015,0.722043386464,-0.0462911368737
0.102,-0.573523149419,1.36735397289
0.1025,-1.49077903331,0.74686168714
0.103,0.300089596748,0.958862701642
0.1035,-0.820600207286,-0.683328501277
0.104,-0.390080245086,0.250620934374
0.1045,0.0721995486848,0.187909513627
0.105,0.752101470779,0.782082762923
0.1055,1.82385734315,1.16595718178
0.106,0.360197054319,1.05190501212
0.1065,0.134379498613,0.672048321802
0.107,0.83376726062,-0.484829474867
0.1075,0.303806528985,-0.422401072955
0.108,-1.65912606541,0.54698808284
0.1085,-0.578495013247,-1.0972103482
0.109,-1.21081825773,-0.288047796474
0.1095,0.711746405208,-0.0558737311009
0.11,1.28441938008,0.507289485757
0.1105,0.373753975478,0.618965670616
0.111,-1.0041546893,-1.10985256048
0.1115,0.815553429688,0.70349784582
0.112,-0.936654197324,-1.85001784905
0.1125,0.271603102508,-0.59560817585
0.113,-1.17128603895,0.96120966175
0.1135,-1.35721263804,-0.254117603647
0.114,-1.37441528553,0.466466708843
0.1145,0.0372295195387,2.53569348311
0.115,-0.637086254081,-0.17007339565
0.1155,0.453405441549,-0.144441490505
0.116,-1.27005784927,-2.04589713224
0.1165,0.506850227484,0.373729814848
0.117,-0.594769960019,1.46037449642
0.1175,1.2637758463,0.241144182635
0.118,1.03257866027,0.123387644162
0.1185,-0.194654154176,2.99809689074
0.119,0.127583911638,0.205870906356
0.1195,0.261943320614,0.203618447037
0.12,0.480539768386,0.152380600459
0.1205,-0.252211826684,-0.968788933677
0.121,1.10795079816,0.799284636311
0.1215,-0.48477377747,1.33255484654
0.122,-1.8914151894,1.13450815469
0.1225,0.264684414539,0.88698048185
0.123,-0.0875523095445,-0.693293760314
0.1235,0.84658817827,-0.42453772963
0.124,0.611841800322,2.85931023414
0.1245,0.148638714621,-1.1887470146
0.125,0.126596605886,-1.3412797025
0.1255,0.145888643035,0.00309020185169
0.126,-0.634526834456,-1.45961977186
0.1265,-1.18873983396,-1.19332240586
0.127,-0.795029464265,-1.42983576912
0.1275,-0.0706054989987,-1.13758903717
0.128,-2.22923071585,-0.18403854557
0.1285,-0.412561112106,0.757208761919
0.129,-0.954911235006,0.16130193399
0.1295,-0.0674778915477,0.793452035564
0.13,-0.787605918064,-0.374567813045
0.1305,0.0819191676004,-2.64591996176
0.131,-0.206466636542,-0.759160246108
0.1315,1.30695861173,-1.70990903983
0.132,-0.320740897282,0.245894830817
0.1325,-0.221732977421,0.531141169429
0.133,0.0456344827571,-0.595696301479
0.1335,-1.78492627644,-0.140030005156
0.134,-1.0445080964,0.616769221078
0.1345,1.44612648611,1.18524073357
0.135,0.532905656819,-0.73901850024
0.1355,0.103753071297,0.927338570857
0.136,1.09394215204,-0.491223743644
0.1365,-0.158895293039,0.874948903504
0.137,-0.227314700596,-2.65467073558
0.1375,-0.28044889825,-0.423148746834
0.138,-1.74326445454,0.364090632582
0.1385,0.952496949883,-1.25995097129
0.139,-0.167765872617,-2.53071680697
0.1395,-0.0733703974649,-1.21740455279
0.14,-0.311785481046,-0.282873165716
0.1405,-0.610392295429,0.423931043528
0.141,-2.22301425507,0.600003901046
0.1415,0.170133894365,-0.031952646637
0.142,2.1856247226,-1.53149840338
0.1425,1.00122976492,-1.11415951181
0.143,-0.266054476716,0.495966058594
0.1435,-0.89806668393,0.912041971135
0.144,0.0455756035882,0.10408855745
0.1445,0.388341155009,1.93083541377
0.145,-0.0993980440296,-0.6171926321
0.1455,0.848210907913,-0.0174862018652
0.146,-0.92632354997,0.201979572473
0.1465,1.08017778834,-0.217759737661
0.147,0.174097885559,-1.33213134711
0.1475,-0.525214083875,-1.35783322331
0.148,-0.261582741674,0.0475885927773
0.1485,0.36494777119,0.437002309414
0.149,0.77696540176,1.81937017308
0.1495,0.0920005863972,0.0754179936786
0.15,0.597826673949,-2.74792664549
0.1505,2.40655560616,-1.40155995613
0.151,-1.60721113699,-1.6461098826
0.1515,-1.97106874054,-0.93308811891
0.152,0.108179015522,0.497987575352
0.1525,-0.940825480769,0.319624688162
0.153,0.132295815703,0.316729266139
0.1535,-1.57892748462,-1.41469321383
0.154,0.152048079044,-0.354986193097
0.1545,1.32164497764,-0.0191617101117
0.155,1.12068866386,2.10697923741
0.1555,-1.07014480176,1.35460363306
0.156,-0.287281948373,-0.163161937236
0.1565,0.898962818401,0.902239841825
0.157,1.8316765798,0.153035933506
0.1575,-0.926280280091,-0.270872207477
0.158,-0.827926862084,-0.322643198687
0.1585,1.12978602349,-1.74415528517
0.159,-0.336607719129,1.59031144753
0.1595,-0.999378513169,0.156043410422
0.16,1.06378687865,-1.16124405062
0.1605,-1.6480575807,-0.431540440456
0.161,-0.659039299294,-0.560294368088
0.1615,0.979557215943,-0.152383936593
0.162,-0.603802252567,-0.469947777151
0.1625,0.778391395958,1.65221012788
0.163,-1.19789402952,-1.67864166299
0.1635,0.789938970524,1.07097530561
0.164,0.488827463082,-0.110706796786
0.1645,1.62925159425,0.989960282977
0.165,-0.2240675108,-0.503911779083
0.1655,-0.330077242015,-0.960018721551
0.166,-0.0750754086665,0.220626943677
0.1665,1.06020821774,2.15280636259
0.167,-0.71734013128,-1.19661643135
0.1675,-0.12105114068,0.764655878045
0.168,1.95588961319,1.46614777554
0.1685,0.794813458959,0.533218004983
0.169,0.739218616035,-0.0740033162575
0.1695,-0.497326664996,2.08693102382
0.17,0.875011578169,0.100582400311
0.1705,-1.13633018631,0.862872313555
0.171,-1.46130743488,0.288338643817
0.1715,-0.915639513465,0.601985318407
0.172,1.42775096504,-0.448568529066
0.1725,0.18616510157,-0.695027063196
0.173,-0.907373119313,1.29916717624
0.1735,-0.335572841325,0.108528907349
0.174,0.46765184098,0.632440133012
0.1745,1.19324677969,-1.08190235856
0.175,-1.60178543815,1.003505508
0.1755,1.3475727331,1.39412077656
0.176,0.94482919259,0.225038484209
0.1765,-0.672597784259,-1.5467487593
0.177,-0.376434602814,0.82882796663
0.1775,0.507125820355,-1.59763231513
0.178,-0.264446302377,0.625266719117
0.1785,0.156543538604,0.889074132055
0.179,-1.03252004971,-1.24108191184
0.1795,-1.78979051603,-0.662804313654
0.18,2.4315959086,-1.36490658377
0.1805,0.189480833299,-0.851773893982
0.181,0.242932023331,-1.41332728265
0.1815,0.525266005348,-1.67897186203
0.182,1.34608171524,-1.73563385911
0.1825,0.942414764657,0.68371922631
0.183,-1.00104539364,0.207302418436
0.1835,-0.0921396957844,1.12036732853
0.184,0.0888005857849,-0.321144398682
0.1845,0.776447884609,1.39548851182
0.185,-0.57605970007,-1.26365324444
0.1855,0.398722808127,-0.0786237431755
0.186,0.243620252582,-0.263868389152
0.1865,1.38975993686,-1.16095086171
0.187,-2.57035552646,-0.906146175938
0.1875,0.0990937952627,-1.31262728026
0.188,0.356855653096,0.0237216135448
0.1885,0.689856104427,-0.761767208961
0.189,0.0115417531616,0.381093741363
0.1895,-0.80266216708,0.303026899759
0.19,0.684671771498,-0.21620156446
0.1905,0.386184446213,-0.744743736483
0.191,-0.815038633353,-0.355696147027
0.1915,-1.33140987833,0.775857530578
0.192,0.573899202823,0.188138939161
0.1925,-0.841128920902,-0.382809078169
0.193,0.665339569807,-0.28836843968
0.1935,1.52514592453,1.79191247992
0.194,0.224687315216,-0.381245209181
0.1945,0.247206313359,-0.239397499685
0.195,0.144551031733,0.671446346571
0.1955,1.39620632613,-0.432585102474
0.196,1.41303170687,-1.39031801533
0.1965,0.103765759434,-0.78341340122
0.197,0.757229707813,-0.388296285773
0.1975,0.0647061124914,-0.0505122255451
0.198,-0.473369890215,-0.227695968631
0.1985,0.782800393909,-0.957810174118
0.199,-0.0680607474089,0.0917348425413
0.1995,-0.823864294733,0.693624422734
0.2,-1.46733456982,-1.26077438669
0.2005,1.00514683357,2.14583345014
0.201,-0.936988786509,-1.05073596849
0.2015,-1.0826124739,1.60178795725
0.202,-0.241633902224,1.42202756003
0.2025,0.754278999585,1.27161564654
0.203,-1.69503152437,1.00078122308
0.2035,0.652323612587,-1.09722412659
0.204,0.408933187506,-0.615523644702
0.2045,-1.18720511144,0.668786685471
0.205,-1.11105488098,-0.881891209368
0.2055,-0.153151273727,0.802896489004
0.206,1.94024841554,-1.03183229731
0.2065,-0.228927096708,-1.18665641613
0.207,1.09842896109,0.135928871834
0.2075,0.95714377931,-0.460989931628
0.208,-1.55598847464,0.404765095766
0.2085,0.0187690520107,-0.542990301533
0.209,1.00013476107,-1.54229313923
0.2095,-0.473407066819,0.495527022023
0.21,1.23341394702,-1.20729391965
0.2105,-1.04975016941,-0.343106595282
0.211,-1.43867472075,1.25017649277
0.2115,-0.415081793763,1.52832135282
0.212,0.67418712558,-0.484926933894
0.2125,-0.36065072341,-0.291776724634
0.213,0.938353829993,0.0703664715825
0.2135,-1.51013454596,0.935915985245
0.214,-0.553709074127,1.3946174377
0.2145,1.38278816476,-0.24024474101
0.215,-2.4139014835,-0.510695871738
0.2155,0.331789772357,-0.742823759011
0.216,-0.858676300242,-0.441568293914
0.2165,-0.714263942652,0.960373857084
0.217,-0.300169283684,-1.71062958059
0.2175,-1.43462522566,-1.46953306813
0.218,0.945688898601,-2.1759383594
0.2185,0.603711317978,-0.106435324986
0.219,1.23606400324,0.791591507362
0.2195,0.187762780553,-0.325203054653
0.22,-0.913192305419,-1.1438718766
0.2205,0.668543627518,-0.113726489733
0.221,-1.30493211664,0.0378699139539
0.2215,-0.885977930262,0.679572354738
0.222,2.10985007475,0.0489099492445
0.2225,1.09434316059,-1.00452044183
0.223,0.465965759903,0.193561598807
0.2235,1.49963036863,1.49532383094
0.224,-0.261363668745,-0.836874419532
0.2245,0.610766236499,0.205952418534
0.225,-0.78022588692,0.0784932268775
0.2255,-0.303102524624,-0.0313959729121
0.226,0.116361449527,-2.53500741948
0.2265,1.51515341627,0.946505515423
0.227,-0.663421016723,-0.900320018586
0.2275,1.0810542265,-0.24092333625
0.228,0.0211023043204,-2.06628328894
0.2285,-1.71932282476,-1.14205079656
0.229,-1.88982876738,-1.68766979178
0.2295,-0.662822627856,-0.267286831132
0.23,1.09884549976,0.536709686986
0.2305,0.287761553075,0.0559738928498
0.231,1.84126635774,0.151627087198
0.2315,0.211913071228,0.264720825724
0.232,1.44305919043,0.802914552879
0.2325,0.281351881496,0.198991015897
0.233,-0.876171021097,0.563751385069
0.2335,0.743833996292,-0.925445031298
0.234,-0.709015510389,0.549031187534
0.2345,-1.37397563034,-0.716943720737
0.235,-0.716479901622,-0.0296427638295
0.2355,-0.355859522068,-2.41803980044
0.236,0.281579233222,-0.49911108252
0.2365,0.881732220004,0.575593134272
0.237,0.640468227864,-0.209152653326
0.2375,2.11757320299,-1.15633175487
0.238,-1.91759869798,0.789523307403
0.2385,-0.144869792611,-1.38331419452
0.239,2.61347233118,-0.259077467362
0.2395,-0.275236557498,-0.163995744652
0.24,-1.21767584891,-0.420766698055
0.2405,-0.715258822785,1.02346068544
0.241,-0.929412403694,-1.01681482739
0.2415,-0.453645410574,1.32300048042
0.242,1.7639089607,1.23512837957
0.2425,-1.354038385,0.327510152887
0.243,-0.653607853192,0.464756629857
0.2435,1.454094972,-0.705881820263
0.244,0.336680235434,-0.763464000546
0.2445,0.369789229172,0.551483315884
0.245,-0.334476328917,0.338699624306
0.2455,0.981214439408,1.19615082768
0.246,-0.973248603647,-0.26272749733
0.2465,0.996773073499,0.678971776596
0.247,0.164973957842,-1.21264119139
0.2475,-0.144630117999,0.717520280829
0.248,-0.490863916336,0.707014802476
0.2485,0.991409049093,0.869117064247
0.249,0.38066636083,-0.788138695214
0.2495,-0.34687081092,-1.12596569298
0.25,0.162631884438,-0.299995832691
0.2505,-1.00173969293,0.0889571091347
0.251,1.32114641621,1.10474554228
0.2515,1.42456552412,0.936345711818
0.252,1.17820701915,0.172300397424
0.2525,0.337209732741,-2.55901609303
0.253,0.558921501873,2.07126161853
0.2535,-1.30457725292,1.58777490903
0.254,-0.314941860856,0.603464898564
0.2545,-0.191666459031,0.842400897527
0.255,-0.0798813026403,0.225538716218
0.2555,0.681799072723,0.228963522574
0.256,-0.38531446768,0.0828696402268
0.2565,-0.682521326793,-0.474844336801
0.257,1.25111166344,1.96219196737
0.2575,-0.257699089706,-1.20261144186
0.258,-0.58773668577,0.376404769924
0.2585,-1.95592612888,-1.92133836424
0.259,-1.3082688173,0.585848443047
0.2595,-0.180267131428,0.572030330823
0.26,0.31865713973,-1.19958246985
0.2605,-1.72667687203,1.76620347724
0.261,0.0282188256539,0.278025619915
0.2615,0.370668792723,1.61204904263
0.262,-0.45902065262,0.836616236194
0.2625,0.0980494137897,-0.994747820419
0.263,1.44270756122,-0.672620588174
0.2635,-0.703836993367,1.37459586211
0.264,-1.64507176225,-1.70781158586
0.2645,-0.337511270978,2.09805277001
0.265,-0.838944947665,1.04231423463
0.2655,-0.0108522483907,0.00686652755012
0.266,0.7300775068,-0.372900541503
0.2665,0.921436386287,1.30942630109
0.267,0.356678043432,-1.82750294548
0.2675,1.43037494102,0.828741752671
0.268,0.396558194691,-2.00710409834
0.2685,1.05733368614,0.840389966806
0.269,0.385163075703,0.671612688017
0.2695,0.309493269943,-0.19594806878
0.27,-0.467935160022,-0.658403473615
0.2705,0.03761131549,-0.504829840986
0.271,-0.536123023681,0.461297418274
0.2715,-0.260085212523,0.312793326371
0.272,0.106571337263,-0.470067459599
0.2725,1.18110655783,0.234157379189
0.273,-0.22045936635,0.311578759126
0.2735,0.650812860295,1.39246241697
0.274,-1.19626009905,-0.719693331702
0.2745,-0.252423646987,0.181264988105
0.275,1.29993690282,-1.5113675997
0.2755,0.377008115002,0.871352081923
0.276,-1.77087396493,-1.25590412716
0.2765,0.0025086173959,-0.183238470122
0.277,-0.211801037143,0.555370012939
0.2775,-1.14615363655,-0.0472477962085
0.278,-1.71423932627,-0.886396564187
0.2785,-0.913423225666,-0.943518104972
0.279,-1.02935413483,0.857363018896
0.2795,0.741210072172,0.870284975197
0.28,0.606208751337,-0.853425555905
0.2805,0.668200557503,2.02249430619
0.281,1.10567777044,-0.61732982023
0.2815,-2.13210601349,-0.103246953333
0.282,-0.241164055264,0.511299464281
0.2825,0.370194012909,0.39831648384
0.283,-0.632494363376,0.208625501843
0.2835,-0.590975838235,-0.93765605654
0.284,-0.761209697728,0.549872565553
0.2845,0.198365663031,-1.03015625428
0.285,-0.0250599215768,-0.845221836806
0.2855,1.25384773984,-1.29083699442
0.286,0.421982638219,-0.611502883234
0.2865,0.243239462536,-0.1155027618
0.287,0.0104967972287,0.00062364549503
0.2875,-0.747186547946,-0.511383138275
0.288,0.155673871186,0.650196383385
0.2885,0.851231569115,0.495553270392
0.289,0.501376951078,0.272405608765
0.2895,-1.02332711797,-0.0885423452126
0.29,-1.4654600004,-2.37516816143
0.2905,0.72869735976,0.721748922317
0.291,0.224247460128,-0.923274892698
0.2915,0.324982210434,-0.440744397722
0.292,-0.81320936229,0.0018380252103
0.2925,0.776915361313,0.27432092242
0.293,0.758082042844,-0.274585116243
0.2935,-0.21254125118,0.255200680483
0.294,0.6115087655,-0.303660268954
0.2945,-0.866979961826,-1.36562665399
0.295,-0.042243997321,-0.680089093699
0.2955,-1.94628847405,-1.09852897538
0.296,-0.240859649195,-1.85748735418
0.2965,2.48465387562,-0.113707804538
0.297,0.745897620895,0.466440076639
0.2975,1.75699237697,-0.148736081526
0.298,0.628860811358,-1.27319697332
0.2985,0.296102600318,-0.492335468141
0.299,0.281688478413,0.401946782939
0.2995,-0.331848572353,-1.58879065941
0.3,0.791683181997,-0.970840980719
0.3005,-0.658323632843,-0.51173278465
0.301,0.119444637472,-1.46939610873
0.3015,3.31651888524,-0.550126239882
0.302,0.574688037136,-1.93411293588
0.3025,-0.394472100214,-1.10857366259
0.303,1.13659548003,0.730212345943
0.3035,0.509607362693,3.03740837467
0.304,-0.182297522889,-0.406385047383
0.3045,-1.02780142719,0.921408501066
0.305,-0.0835480160473,-1.13168618611
0.3055,-0.360207381217,-0.277274559554
0.306,0.128527689553,-0.0900417504791
0.3065,0.458537740107,-0.468490166263
0.307,0.36477161892,0.590917136726
0.3075,-0.854955978456,0.692364813657
0.308,0.593458835099,-0.0422254965838
0.3085,0.481310989616,-0.924141866584
0.309,-1.38641925871,-0.47298933918
0.3095,0.397233676048,-0.124665785892
0.31,-0.0137699563405,-0.604238829402
0.3105,0.444626253958,0.0584245821407
0.311,-1.02424414068,-0.0359523740181
0.3115,-0.263311162977,0.21980086769
0.312,-0.184129031447,-0.30198390222
0.3125,-1.17902797425,0.564165620432
0.313,0.558907853248,1.52535216305
0.3135,-0.250475526654,-0.638232141449
0.314,0.432615977452,0.792996221845
0.3145,-0.953157650431,-0.787299565755
0.315,-1.34882736137,-0.0195478130435
0.3155,-1.11009283349,-1.91979977523
0.316,-2.13008737228,0.118252562308
0.3165,-0.729450245235,-1.39008274159
0.317,0.43583487,-1.651254566
0.3175,1.49486917403,-0.227210292665
0.318,1.22284863423,1.90913772694
0.3185,1.37097874535,-0.727763338397
0.319,1.3661818271,-1.02249816962
0.3195,2.21547375534,0.494957534021
0.32,0.264079503717,0.672464360388
0.3205,1.02068322815,-1.92830369604
0.321,0.727397237715,1.2368446574
0.3215,-2.51949468055,-0.955710067148
0.322,0.236647637305,-2.13988196868
0.3225,0.136211376089,-0.0409345700383
0.323,0.46352144414,0.415091450441
0.3235,-0.442071776588,-0.456171110712
0.324,-0.669020046007,-0.0586477361489
0.3245,-0.44366195583,1.73287699427
0.325,0.811970354839,-0.567303581738
0.3255,0.538615747152,0.257733018022
0.326,1.56830818726,0.864479415111
0.3265,-1.20913354274,-0.495303823643
0.327,1.20855804899,-0.674700678469
0.3275,1.99405154071,-0.723144838661
0.328,-0.853683125864,-0.624487592408
0.3285,0.144091804209,-0.80254742947
0.329,-1.55413716342,-0.0509513583357
0.3295,-2.77271596813,-1.58057979333
0.33,-1.34235330514,1.0370623884
0.3305,0.0697086105657,0.624499431585
0.331,0.245048966106,-1.12648114432
0.3315,-0.373875620214,0.0342957945745
0.332,0.675898998772,-0.357073106625
0.3325,0.380368717579,0.780246253937
0.333,1.94912674173,-0.0907005282765
0.3335,-1.42753759193,-0.348397242997
0.334,-0.885308558262,0.949903020066
0.3345,-0.592437668047,-0.697956792525
0.335,-0.651357308367,-0.0944204441614
0.3355,-0.474950370332,1.21554681009
0.336,2.44773014711,-1.2579593215
0.3365,-0.358399121253,-0.675213568493
0.337,0.680328474352,-0.322135119158
0.3375,-1.44736803034,2.5058622845
0.338,-0.708016762043,0.723218909305
0.3385,0.887038179901,1.35648955212
0.339,1.03579379338,0.135556638554
0.3395,-1.64470964085,-0.498775417169
0.34,2.17389953354,0.772214082397
0.3405,0.453024574114,1.18140267579
0.341,-0.774698385507,-0.421669527707
0.3415,0.501054595482,0.465710728432
0.342,-0.642628234209,1.2836344099
0.3425,-1.48312535256,0.331036116249
0.343,0.213045208305,-0.170385589431
0.3435,0.876721930815,-1.64687985712
0.344,1.12819789525,0.659118857055
0.3445,-1.70597238141,0.516629511868
0.345,-0.969149464574,-0.422352147998
0.3455,-0.184578532853,-0.179871232825
0.346,1.109495731,-1.54099261149
0.3465,1.37280435656,0.736186919196
0.347,-0.399872576356,0.269945143332
0.3475,-1.24242554169,-0.860230273408
0.348,0.604537013165,1.30477567174
0.3485,-0.480930701829,0.439652841543
0.349,0.459405874939,-0.184767847211
0.3495,1.11274465314,2.30180023502
0.35,0.656807987664,1.61287665856
0.3505,-1.02919218904,0.930204367202
0.351,-1.26268588519,-1.43014529075
0.3515,-1.54385373775,-0.515302553289
0.352,0.79507673866,-0.333295037544
0.3525,1.19818410973,-0.822974553471
0.353,-1.06418499762,0.0682718109223
0.3535,-0.547796268927,0.319478668476
0.354,-0.975872051688,0.457895503423
0.3545,-0.147792353671,0.60026172914
0.355,-0.892767958483,-1.32866678406
0.3555,-0.897049211752,0.303253989793
0.356,1.29937677278,-0.771972439506
0.3565,0.947769568492,0.20118325229
0.357,0.0183217875806,1.71000032812
0.3575,1.17138738426,1.26672004743
0.358,-0.640607328701,-0.290046817124
0.3585,0.46468225275,0.0384611893039
0.359,-1.00169888974,1.38712229586
0.3595,-0.807980195457,1.83745616425
0.36,0.98427431104,0.548116583979
0.3605,-1.2878642334,1.07560988764
0.361,-0.471169343837,0.343759280657
0.3615,-1.26177120285,0.695576805638
0.362,-1.35023898594,-0.274425023296
0.3625,-0.0434396880385,0.690814548979
0.363,0.0052066972743,-0.00345855744472
0.3635,-1.63967601454,-0.448976109041
0.364,2.17836928922,-1.3058421426
0.3645,1.5112254674,-0.410288883468
0.365,-1.02574345534,0.0369289536149
0.3655,0.342771210132,0.139838304835
0.366,0.0740239791995,1.38717743812
0.3665,-0.748976434673,-0.325993192956
0.367,-1.43622452278,0.11124950834
0.3675,-0.0806940769662,-0.70498913077
0.368,-0.281872699474,1.27218745196
0.3685,1.15224537696,2.10995435225
0.369,0.0712122664285,1.14953670626
0.3695,-1.14529118737,-0.0552920554338
0.37,-0.807733364956,-0.318440793509
0.3705,-0.116034792245,-0.510007100723
0.371,0.914415772338,-0.658356895941
0.3715,-1.30702498019,0.47117677637
0.372,0.176566115733,-1.00794109473
0.3725,1.26810414453,0.107157276481
0.373,-1.58973993274,-0.31428184797
0.3735,1.38926831568,1.21485710202
0.374,-0.652654961141,-0.238068715384
0.3745,-0.13431376756,0.415275212772
0.375,-0.62872906298,0.713821745723
0.3755,0.309328449523,-1.38858450108
0.376,0.447563059012,-1.77927150705
0.3765,0.481625185439,-0.717692405283
0.377,2.83940545924,0.161006342852
0.3775,-2.6407021979,-0.787624187848
0.378,-0.588192161861,1.30278646914
0.3785,-1.42896286025,-0.996771965861
0.379,-0.280317919917,-0.039000844593
0.3795,-0.792633786574,0.413601996439
0.38,-0.327222337423,-1.25660278588
0.3805,-0.0851908851823,-0.917134148778
0.381,-0.666905143692,-0.853342109683
0.3815,0.909301739818,2.04521055956
0.382,-1.57582661474,0.560935798869
0.3825,-0.594653109349,-1.24934192028
0.383,-0.0182788341741,0.0699167074264
0.3835,1.37280351644,1.06514190495
0.384,-1.42855607641,-1.98023255802
0.3845,-1.31836548532,1.60045276265
0.385,0.505979355144,-1.00745796539
0.3855,0.0466124033398,0.265611387636
0.386,-1.51481517926,-0.978164096526
0.3865,1.16071091399,-0.312334865708
0.387,0.236392490554,-1.19799601889
0.3875,-0.368251710054,-1.9139149254
0.388,-0.370058969697,-0.414879900259
0.3885,0.078254088551,0.539741679284
0.389,-0.399648881155,-0.217668628844
0.3895,0.313255388591,1.80050470157
0.39,0.319433480927,0.263071524247
0.3905,-1.14710917671,0.527151006849
0.391,-1.62460813224,1.15022880609
0.3915,1.61548687327,0.824006789845
0.392,-0.566059314254,-0.616653039371
0.3925,1.75111225631,0.0271197481085
0.393,0.137903176539,-0.930423854681
0.3935,-2.74946962108,0.53886251141
0.394,0.268477792467,-0.549290076339
0.3945,-0.904492289663,-0.773268040796
0.395,-2.31158910376,0.777562098098
0.3955,-0.0290105296216,-0.719174069993
0.396,-1.16205623941,0.948841060823
0.3965,-0.240749726967,-0.415177370009
0.397,1.14342467566,0.870090011886
0.3975,0.772536332975,0.138503249692
0.398,0.0259960919042,-1.53643687118
0.3985,0.0535571512858,-0.982678182129
0.399,0.0549461619771,0.47139802074
0.3995,-0.715171142071,-0.159481379515
0.4,-1.07164844191,1.01932693281
0.4005,-0.509026061411,2.05642312815
0.401,0.0905984275162,0.0528431735502
0.4015,-0.875046768582,-1.67699291709
0.402,-0.313485741045,0.37909987655
0.4025,-0.0518271704953,1.01947572128
0.403,-1.02240844574,0.54498106714
0.4035,0.993507952441,0.553555613956
0.404,1.22938606319,0.293245541373
0.4045,0.113201069293,-0.713938621419
0.405,-1.03770964312,0.252508383206
0.4055,-2.05912825351,-0.283057034016
0.406,-2.63562580154,0.10669560906
0.4065,1.10892203982,-0.237218346562
0.407,0.130346293586,0.463159852095
0.4075,-0.684166572513,-1.18074414835
0.408,-1.59787552306,0.857569854199
0.4085,-0.260565275262,2.03749577407
0.409,0.8671239569,-1.72820133868
0.4095,0.236718802898,-1.1152156201
0.41,-1.14167817462,1.00401780859
0.4105,2.99036063309,-0.741106746255
0.411,0.457605565912,-0.0455273199911
0.4115,-1.36760630422,-0.0375475515786
0.412,0.313481767153,0.0803527788096
0.4125,0.334186766215,-3.30782675141
0.413,0.668758593226,-1.32192093381
0.4135,0.299965375562,-0.0347209780938
0.414,-1.33320285038,1.97597777899
0.4145,0.321678551459,1.0762461894
0.415,-0.88917365809,1.29392477467
0.4155,0.0705182175634,-1.8506596613
0.416,-0.112071047746,-0.111977203589
0.4165,0.622390849349,-0.257574675234
0.417,0.175813836081,1.77485928366
0.4175,-0.389549112489,0.339177877648
0.418,2.63901384109,0.320289582182
0.4185,-0.392243609572,0.0783248999655
0.419,-0.419672778038,0.416515214556
0.4195,0.417423085597,-1.40935635548
0.42,0.449796237896,0.216096229824
0.4205,0.957481786801,-0.58881359519
0.421,-1.52012831155,0.336809371381
0.4215,-0.614569774782,1.29093952507
0.422,1.07933793196,-0.266135569968
0.4225,0.231443431988,-1.42577368955
0.423,0.249243961451,0.671116260113
0.4235,-1.49583669465,-1.18566057624
0.424,-1.50989227674,-1.87818763554
0.4245,-0.895134057728,1.43769869504
0.425,0.175289266688,1.93219332666
0.4255,0.741271231096,-1.00848966943
0.426,0.85640212469,-0.124533082945
0.4265,-1.97984296449,2.44846991823
0.427,-0.127113553413,-1.36720447825
0.4275,0.018295189853,-0.852230787463
0.428,-0.480019258421,0.347578722911
0.4285,-0.462028901106,-2.99940226437
0.429,-1.1499867972,-0.865108169411
0.4295,-0.430906348202,1.1220762255
0.43,-2.47429349538,0.817624790227
0.4305,1.23414446355,-0.374421649813
0.431,0.134122545722,-0.128837895524
0.4315,1.42970581215,0.972124651524
0.432,-0.901339185184,0.554220708073
0.4325,-1.82674732475,1.31992365799
0.433,1.75796607385,1.96569014005
0.4335,-2.28146001533,0.0624612203112
0.434,-1.32425346978,1.97399530406
0.4345,0.703050698623,0.833963027788
0.435,1.36841687945,-0.382730125266
0.4355,-0.772335375505,0.588791776249
0.436,-0.286257121988,-0.679630403041
0.4365,-0.337735777434,0.631298528882
0.437,0.475106593543,0.565170298178
0.4375,-0.972898025935,0.162627358743
0.438,0.547493771577,1.70008804094
0.4385,0.843255821276,-0.992604725038
0.439,-0.166024943225,0.774482497616
0.4395,0.0375875607405,-0.217276586902
0.44,2.28536546182,0.578049693097
0.4405,0.261610292171,0.785035237318
0.441,-0.472846468709,1.67881921663
0.4415,1.05073193594,0.34584455392
0.442,1.18249573415,1.27694838785
0.4425,-0.760897120199,1.04124952127
0.443,-1.03425470783,1.28479602745
0.4435,1.42919713623,0.8405077982
0.444,1.19654949549,-0.87225618829
0.4445,1.29866267127,1.79639922234
0.445,1.64185851876,0.622748245046
0.4455,-1.19309341417,1.1943162349
0.446,-1.68273735399,-0.191652343948
0.4465,0.991581402559,-0.199705275853
0.447,0.933147409738,0.41660255795
0.4475,0.143383863283,-0.280050494895
0.448,0.716303200254,0.436825235946
0.4485,-0.789060320186,0.950363501386
0.449,-1.04907304974,0.745798856375
0.4495,-0.12955903936,1.24848121271
0.45,0.405306003436,-1.4413191779
0.4505,0.602143409229,-0.91657627775
0.451,-0.133217377693,0.0225030946548
0.4515,0.586547409326,0.994847475511
0.452,1.20274374932,1.25905556363
0.4525,0.464776679716,0.517498138444
0.453,-0.512069613871,2.20542785074
0.4535,1.68199994182,-0.92237175363
0.454,-1.19441416821,0.816767190148
0.4545,0.184767899084,-0.269968212386
0.455,1.89700938305,-1.31175450875
0.4555,2.45201874118,-0.275082805561
0.456,1.60535763726,-0.706178298382
0.4565,-0.446710429316,-1.83724196184
0.457,-1.79021712406,-0.455101472351
0.4575,-0.491436339953,0.0640589245391
0.458,-0.0573771529353,-0.267876414861
0.4585,0.116063231749,1.54654914932
0.459,-1.01919966283,-1.1057045728
0.4595,-0.524600149766,1.30202735596
0.46,0.223582279609,0.109861293086
0.4605,0.0698069857479,-1.21400722463
0.461,1.30414281558,-0.382105783529
0.4615,0.586273693992,0.224245194154
0.462,0.607381318096,0.67973041434
0.4625,-0.524137427531,-1.48844668201
0.463,0.0920931196665,0.171572217285
0.4635,-1.93137190547,0.344294639805
0.464,-0.395217353866,1.31843740696
0.4645,-1.57730999111,0.296508911195
0.465,0.15927070681,-0.770900601857
0.4655,0.565848872977,0.773968868155
0.466,0.140189677977,1.36443048179
0.4665,1.53503677898,0.0396535895011
0.467,-0.661053749585,-1.017829703
0.4675,-0.0807845900342,0.419053416429
0.468,-0.538920827313,0.284513417299
0.4685,-0.306538958364,0.635318380898
0.469,1.33536249717,-0.685158559856
0.4695,-1.36449759506,-0.20217701076
0.47,1.66511074384,1.65061726942
0.4705,1.37419434968,0.639096639885
0.471,0.605728126815,-1.19037834793
0.4715,-0.331909987096,0.140604000259
0.472,0.258141806587,-1.79013616028
0.4725,-0.381153555884,-0.374903981211
0.473,1.48583350852,-0.470516795502
0.4735,-1.10797700667,-0.359680485712
0.474,-0.957083509327,0.695129124763
0.4745,0.0557164705237,-0.622786092251
0.475,-2.4801070529,-1.65117345419
0.4755,1.48345177134,0.769360445792
0.476,-0.303517661164,3.01692902076
0.4765,0.774747041091,0.234265234125
0.477,0.19436521514,0.90111863718
0.4775,-1.74254002614,0.761319908718
0.478,0.0617915478631,-1.22938460121
0.4785,0.43835565663,0.500219021597
0.479,-1.16984232884,0.118887390641
0.4795,-0.992865251485,-0.371259909468
0.48,-1.03723162644,0.929608865887
0.4805,0.79241766056,-0.0130382086236
0.481,-1.23760247236,-1.80362781584
0.4815,-0.894035708672,0.0293608416397
0.482,-0.0710616800016,-2.49947954806
0.4825,0.133946382611,-0.828857172927
0.483,-0.590033078296,-0.779360993224
0.4835,1.57356151088,-0.728325097573
0.484,1.62014018197,-1.63190346308
0.4845,-1.25311531388,0.707482763733
0.485,1.80459748554,1.36900403474
0.4855,0.474600873873,0.79561414618
0.486,0.672627638016,0.786480102647
0.4865,0.789972852006,1.885631638
0.487,-1.37194276189,-1.22235717566
0.4875,-1.25737280395,0.77136369035
0.488,0.48708176921,-1.27903250372
0.4885,-0.714474377584,-0.39127304047
0.489,2.77093957787,-0.238905401741
0.4895,-0.439602446711,0.73028201842
0.49,0.949232097736,-0.390649012123
0.4905,-0.96385196844,1.55255301179
0.491,2.16585243076,-0.313205396622
0.4915,1.88629382606,0.1580839459
0.492,-1.48635054266,-0.250448784191
0.4925,0.368245877381,-0.751180637698
0.493,0.104351336225,-0.496657247278
0.4935,1.56235866348,-0.44775764416
0.494,-2.39901393616,0.80791127878
0.4945,-0.318829570343,0.417115255952
0.495,0.882235499322,-0.850481975799
0.4955,-0.370299352995,0.473876907277
0.496,-0.680126349492,-0.275434502785
0.4965,-1.51813046354,-0.176260285469
0.497,0.306699040711,0.812359095482
0.4975,-0.274205725809,-0.160638617992
0.498,-1.53373714815,0.963836492514
0.4985,0.0618845423692,-0.761555303566
0.499,-0.794756459576,-0.63801548357
0.4995,0.199569922135,0.444785558849
0.5,0.653122584481,-0.659163496611
0.5005,1.0250902808,0.613782840401
0.501,0.284327727607,-1.18512308377
0.5015,-1.09137837373,0.0688825050017
0.502,-0.288260145106,-0.349324367991
0.5025,-0.447444515241,-0.937664032832
0.503,0.955017289219,0.723460308553
0.5035,-0.783286238967,0.344562740484
0.504,1.46087829622,-1.02235603133
0.5045,-0.102584526303,-1.04329155425
0.505,0.600397436807,1.10959155326
0.5055,-0.521207532231,-0.579206453466
0.506,1.1678008041,-0.755812196224
0.5065,-0.663341267039,0.554405472147
0.507,1.58582194944,2.07256780892
0.5075,0.363507761582,-0.199936787039
0.508,0.732528448175,0.696851668927
0.5085,0.514506007898,1.43747565404
0.509,-0.869350630872,-0.823688848426
0.5095,1.35223218989,1.1897261932
0.51,-1.60924955889,-0.00280163696777
0.5105,0.0425368421913,-0.312858787483
0.511,0.734887933969,0.357811743683
0.5115,0.978142039694,0.371401075788
0.512,-0.697443708329,0.128753026778
0.5125,-0.552199759269,-0.855548347474
0.513,-0.290687932111,-0.645547692719
0.5135,-1.08682258952,-1.32575124722
0.514,-0.31592323592,-0.887473367
0.5145,-0.972956721674,-0.847861779587
0.515,0.410411602172,-0.70158683849
0.5155,-0.275314654495,0.469492873467
0.516,-0.896840437474,-0.312210056114
0.5165,-0.829011367171,-0.27002751943
0.517,0.063832394474,-0.132076151962
0.5175,-0.908855993904,-0.972876803669
0.518,-1.47783820328,0.924848061791
0.5185,-1.18721101447,-1.08839439884
0.519,0.143533169558,1.53226186253
0.5195,-1.89197585802,0.401163772952
0.52,-0.00216265032401,1.15327405034
0.5205,0.737211422326,1.69612785752
0.521,-0.720308882453,0.522489919102
0.5215,-0.4045687615,-1.0820950609
0.522,-1.59087261598,-0.880280979978
0.5225,-1.09085345499,0.229186560952
0.523,-0.681799938699,0.200611712572
0.5235,0.228204011168,-1.99067187868
0.524,-0.498914885981,0.206388036957
0.5245,-1.24330273577,-1.66231488833
0.525,-0.659172339521,-0.19177655047
0.5255,-1.33193228796,-1.09207139798
0.526,1.62346735284,0.524485170587
0.5265,-0.743802521002,-1.39641561644
0.527,1.42474927511,1.6303707106
0.5275,-1.70138286566,0.0979964326694
0.528,-1.08038074523,3.32280043136
0.5285,1.33812345057,0.389280249535
0.529,-0.378351702905,0.0988898788282
0.5295,2.05074208798,-0.708214588482
0.53,0.729109599185,-1.80065247459
0.5305,1.30895629585,-0.103392564274
0.531,-1.64614085903,0.396773180871
0.5315,0.108531338871,0.753870281414
0.532,-0.427424972353,-1.3269413234
0.5325,1.53239090513,1.39249871415
0.533,-0.52922409057,0.206711117467
0.5335,-0.0675229382996,0.396930679683
0.534,-0.89723268079,0.553984793139
0.5345,-1.75148733055,-0.126297114663
0.535,0.504805867211,0.944363916406
0.5355,-0.466358954784,-1.32244648723
0.536,0.235958665642,-0.507733595625
0.5365,-1.10100156884,0.604964191774
0.537,-0.185243900621,0.455183468413
0.5375,-0.98271066023,0.125120106486
0.538,-0.65286989987,0.52733270715
0.5385,0.0286968579972,1.6764233856
0.539,-0.677780890793,-0.117014474469
0.5395,0.41722085748,0.0355464194034
0.54,-1.30060491773,0.672974762704
0.5405,-0.556531394439,0.775759995424
0.541,1.17471169899,-0.488522083099
0.5415,-0.876097603907,0.0563402555999
0.542,-1.93328390767,0.781039449175
0.5425,1.10947720634,-0.751553167406
0.543,-0.287397035958,1.25146633614
0.5435,-1.18207564472,-0.626793934462
0.544,-1.31692181173,-0.299179892307
0.5445,0.410894147099,1.13483484207
0.545,-1.30204943598,1.36740747494
0.5455,-1.86720402997,0.588363614227
0.546,0.472591395914,-1.12626011607
0.5465,0.0704188602204,-0.90567077726
0.547,0.441819592951,-0.95752844532
0.5475,-0.706253597276,0.167375616105
0.548,0.240363374074,0.644036039415
0.5485,-1.13256954725,-0.680428282073
0.549,-0.52006060433,0.755478930885
0.5495,0.0311456859131,0.449661468499
0.55,0.106066309736,0.0449802269869
0.5505,0.984033480674,-0.148582678042
0.551,0.682198195235,-2.12352880076
0.5515,-1.00986816633,-0.453620043551
0.552,-0.642327304263,0.632744120686
0.5525,0.658876406378,-1.10389604327
0.553,1.24309509079,-1.79869942515
0.5535,0.482668204854,0.756888416734
0.554,-0.408733045364,-0.837481334127
0.5545,0.246383342497,-0.21165380794
0.555,1.1731554823,-1.12033071961
0.5555,1.37895727834,0.315959117897
0.556,-0.541326870145,0.508279946981
0.5565,-0.940509537632,1.15105426177
0.557,0.0822794603811,-0.586695827717
0.5575,-0.578852456631,1.73130951369
0.558,0.02976558628,-2.13464915779
0.5585,-0.848739298867,0.460483160576
0.559,0.35293844193,0.119470772991
0.5595,0.543203705295,-1.2349606538
0.56,1.49671259795,0.829755512218
0.5605,1.29069932701,-1.19530033035
0.561,0.257318930617,0.346626262298
0.5615,-0.850934275644,0.423740408415
0.562,0.881885087169,0.83096753872
0.5625,-0.613301020607,0.71304949236
0.563,-1.38964942831,-2.00414203501
0.5635,-0.27810835162,-0.979162708838
0.564,-1.32641164626,0.217733682993
0.5645,1.84497489536,-1.87787007809
0.565,1.05143276517,1.13540942541
0.5655,1.30802765182,0.520270920212
0.566,-0.485679584882,1.15213811573
0.5665,-0.190341943525,0.488408584088
0.567,0.128608171173,1.72765022058
0.5675,-0.48603888979,-0.592997717801
0.568,-0.0502775044486,0.96189787918
0.5685,0.339687630863,1.25462619131
0.569,-0.785478214758,-1.06968933951
0.5695,-0.133284954688,2.0685508577
0.57,1.17526509019,0.901073821762
0.5705,0.0803668606995,-0.0747997950471
0.571,-1.8271843,-0.366513203438
0.5715,-0.993189798058,0.84079272562
0.572,-0.761223680863,0.723680799479
0.5725,-0.526598341412,-2.2975570215
0.573,0.122224221385,0.478406149089
0.5735,-0.957195175221,-0.340444810183
0.574,1.47815095542,-0.24516463193
0.5745,-0.277172817247,-2.22407947605
0.575,0.424379080263,0.448374986415
0.5755,-0.930080796246,0.84167838302
0.576,-2.11569715851,0.611573746885
0.5765,0.407144404013,0.494637823304
0.577,0.733337366426,-0.727186653098
0.5775,0.925444792087,0.521512159657
0.578,-0.161215373477,-0.583041061632
0.5785,0.129649772798,0.391163063185
0.579,-0.879089260032,0.50172028448
0.5795,-1.63449142593,0.186070811644
0.58,0.020600266394,1.58253572536
0.5805,0.446734321786,-0.929111358077
0.581,0.414806776883,-1.70890865388
0.5815,0.797763326238,0.939415496567
0.582,0.922560245555,-0.668220511067
0.5825,0.746845845885,-1.19486915987
0.583,0.711439442212,0.558602671761
0.5835,0.211144981391,0.594633602961
0.584,-0.599355577982,-1.50516547499
0.5845,-2.00258192716,-0.284742215734
0.585,0.173206387023,0.954557685741
0.5855,1.33923971412,2.15100224092
0.586,0.458649247633,-0.409561976212
0.5865,1.92750512857,1.62672002157
0.587,0.708123800756,0.654421928307
0.5875,-1.94609600331,-0.298828902965
0.588,1.13956054685,-1.69806278051
0.5885,-0.798727913382,-0.265734427552
0.589,0.0317830643571,-0.155677297363
0.5895,-0.272022423957,0.660733249738
0.59,0.101480753075,-0.523687587384
0.5905,1.76867782198,0.108722690977
0.591,1.35014543496,1.23110849322
0.5915,-1.18098525513,1.62613686089
0.592,0.607903898617,-1.91930925112
0.5925,-0.507412178713,-1.83138322838
0.593,1.46632138178,-0.67213979516
0.5935,1.79176442262,0.0875749031442
0.594,-0.142157158282,1.44979581943
0.5945,1.2460244876,-2.40208109792
0.595,1.35864686662,-1.10189854526
0.5955,1.06632220326,0.209594785718
0.596,1.44219432846,-0.54854348322
0.5965,0.231748760916,0.606523405492
0.597,0.723476177802,0.357587551902
0.5975,0.333652506963,1.85301543752
0.598,0.459448449236,-0.48417171422
0.5985,0.369187956806,-0.294150856718
0.599,-1.71284988888,0.429816869845
0.5995,0.183695705495,-0.239543293922
0.6,1.40731578913,0.511258068948
0.6005,-0.950406586293,-0.603296489325
0.601,-0.177371747068,1.27954040418
0.6015,-2.65730782119,0.563202294402
0.602,0.597425784329,0.255260877071
0.6025,0.327295804239,-0.0332702142947
0.603,1.09680569948,-1.24883035522
0.6035,1.71563545655,0.327094272411
0.604,-0.622198920618,0.0507024349158
0.6045,-0.494711375992,-0.830109747794
0.605,0.725323443672,0.667622042583
0.6055,-0.298843466982,0.0696981839556
0.606,0.81607709873,1.49024422155
0.6065,-1.4809753091,0.840965863128
0.607,-0.116487284206,-0.802638734746
0.6075,-0.922286456523,0.0923616887126
0.608,-1.39277256585,1.55853568235
0.6085,0.25647849109,0.166648031671
0.609,-0.987706781604,0.308988532025
0.6095,-0.493451706145,1.55666867996
0.61,-0.422998902205,-1.23947498565
0.6105,-2.76479486252,-0.986553290216
0.611,0.706782210846,0.551798812764
0.6115,0.346843921135,0.0679727079647
0.612,0.216270368353,1.39880290129
0.6125,-0.306989086267,-0.975042425708
0.613,1.39398859225,-1.01791655292
0.6135,0.338884731762,-1.55169058859
0.614,-1.03111602022,0.629774262384
0.6145,0.41321689234,2.80727663023
0.615,1.16904929658,0.767644233635
0.6155,-0.0763423270611,2.11393208674
0.616,-0.0264741719266,-0.180714273815
0.6165,0.49008882297,-0.906356960629
0.617,0.791707551595,2.10513226308
0.6175,0.489675609547,0.208777249939
0.618,-0.298337145999,0.222482805555
0.6185,0.694855543858,0.742456978228
0.619,-0.171173536405,0.889235027723
0.6195,-0.225573679815,0.0667224841826
0.62,1.24418348284,0.649722831842
0.6205,-0.279627675724,-0.237305485489
0.621,-0.779633545794,-1.1701560333
0.6215,0.568325833572,0.524090040995
0.622,-0.883750088853,-0.660811981494
0.6225,1.16363553205,0.551498570128
0.623,0.125540587489,-1.29243765962
0.6235,1.0462616703,-0.859471280299
0.624,0.0412121675303,-1.13957841572
0.6245,-0.976708585177,0.881539936186
0.625,-2.78292608846,0.480418021244
0.6255,-0.891866018932,-0.734086314164
0.626,1.14158149311,-0.115069831062
0.6265,-0.466104265339,0.0120846218149
0.627,0.883054504468,1.96884748642
0.6275,1.08568683231,-0.502088911033
0.628,-1.64534286167,-1.14331574044
0.6285,-0.418182243585,0.471197068346
0.629,-0.135986028,-2.01476766039
0.6295,1.43457073795,0.272050090425
0.63,1.5686343499,-0.109969531612
0.6305,-0.724543279531,-2.1997596898
0.631,0.656657211895,-1.25184946481
0.6315,0.333895840158,1.00230376579
0.632,-1.09737395415,0.960651470024
0.6325,1.0935123644,0.790527799684
0.633,1.69039543275,-1.02739259196
0.6335,-1.04525750884,-0.123092737703
0.634,0.649701373291,-1.3594770027
0.6345,-0.689658341081,0.959358052934
0.635,1.0566998125,-1.31706379353
0.6355,1.09126373562,0.118965796937
0.636,-0.350360334959,0.717867518034
0.6365,-0.18499723732,1.35324113657
0.637,1.59584989387,0.407155063092
0.6375,-0.201638296268,1.14605468104
0.638,1.05506232105,0.994502606439
0.6385,-1.74595534528,-0.537970135777
0.639,-1.48437017873,-1.0758251525
0.6395,1.04178369783,-1.03855077954
0.64,0.219263953396,0.153336290309
0.6405,-0.329528241951,-2.44608097711
0.641,-1.1363334285,2.70421344399
0.6415,0.168469331576,0.684127757972
0.642,-1.38458251822,0.502310937893
0.6425,-0.224158539037,-0.22811874909
0.643,0.593720224529,0.162620184233
0.6435,-0.351243764677,0.943364200492
0.644,-1.6490870301,-0.0949532145059
0.6445,-1.7523511582,-0.892208947952
0.645,-0.547394757328,1.46804893979
0.6455,-2.33182135425,-0.395733645135
0.646,0.684364141787,0.730666049879
0.6465,-0.811967794054,0.0540859932182
0.647,-0.734429947338,-0.567075899317
0.6475,-0.471438877587,-2.38479587751
0.648,-0.88139913328,1.26038310474
0.6485,1.21419015767,-1.11420885371
0.649,-0.773970733973,0.438484890516
0.6495,-1.32488619119,-0.651953368514
0.65,0.94824994036,1.10886316507
0.6505,-0.814427999943,0.315601494112
0.651,1.37717208091,-1.2772194526
0.6515,0.614150170192,-0.244859397283
0.652,-0.534600318575,1.83791113031
0.6525,-3.04186956605e-05,0.505466399211
0.653,-1.117542496,1.56932493085
0.6535,-1.21983057235,0.367565590336
0.654,1.01917516249,1.88009149992
0.6545,-0.443575948618,-0.919041581863
0.655,-0.257044398407,0.902410883277
0.6555,-0.563553702516,0.205305782377
0.656,0.0479318272179,-0.121561433384
0.6565,-0.361946731315,-1.07877960453
0.657,-0.00677860287236,-2.05091202973
0.6575,-0.00327562891539,0.390444266203
0.658,1.27655907991,0.330189374359
0.6585,-0.516676850825,-1.46765365245
0.659,-0.13096257609,-0.427353901774
0.6595,0.101386094704,0.0548832785543
0.66,-0.946340243888,0.464024131636
0.6605,0.471902319671,-0.559026199978
0.661,-0.128310467102,-0.42617855308
0.6615,-0.584048250841,0.341303873652
0.662,-0.785183870711,0.0363891781226
0.6625,-0.103484577039,-1.21146770289
0.663,0.198487234479,0.630891348213
0.6635,0.397332062964,-0.445982231342
0.664,0.697436624846,0.402748805066
0.6645,-0.323033442778,0.446805992099
0.665,1.31582679819,0.646501616367
0.6655,0.109517250586,-0.676551047028
0.666,1.08222882506,-0.109655209615
0.6665,-0.31048945645,0.939436936932
0.667,1.11785717616,-2.7727225887
0.6675,0.077334274627,-0.686235151482
0.668,-0.693636496229,-1.96210594032
0.6685,-0.380153242008,-0.262824218604
0.669,0.249638489746,-0.237598265047
0.6695,-1.59774228453,0.626181395322
0.67,0.24455808074,1.32809639398
0.6705,-1.9218044028,-0.270648440167
0.671,0.207910365132,1.45116689307
0.6715,-0.794387438319,-1.02400791577
0.672,-1.18886950733,0.448314696896
0.6725,-0.541686395927,0.795869617977
0.673,1.27801388854,1.19498638076
0.6735,1.69162956584,-2.2648526954
0.674,-0.331460579501,1.45945140198
0.6745,1.44141800383,1.06022143533
0.675,0.332880116002,-0.795317954677
0.6755,1.73907416075,-0.559952152133
0.676,0.135156642257,-1.0457233263
0.6765,0.760298585823,-1.13282320344
0.677,-0.95894293432,1.06680283916
0.6775,1.28432241509,-1.06541958919
0.678,0.912778449101,-1.07937375516
0.6785,1.23463441304,0.464758551758
0.679,1.66114438569,0.040647257643
0.6795,-0.23118747484,1.59579286987
0.68,0.533041334825,-0.243056115248
0.6805,-1.74736103376,0.85066369747
0.681,-0.785774983874,0.03466757325
0.6815,-1.12254131709,1.57612705774
0.682,0.901002858995,0.578832758501
0.6825,0.677346444784,1.18713782106
0.683,0.503411803064,-0.0603794813879
0.6835,0.287667545618,-0.275535090434
0.684,2.13706487335,-1.74792910026
0.6845,0.989757979674,0.933225874833
0.685,-0.389367887916,-0.516803970396
0.6855,1.85260885967,0.01379013073
0.686,1.84702359066,1.38464473447
0.6865,1.00819080383,-0.354683110611
0.687,-2.08492182807,-0.540180723011
0.6875,-0.770035380236,-0.994743196286
0.688,0.60227771329,1.30092584294
0.6885,-0.188394657683,0.448327434208
0.689,-1.47577776927,1.30517678783
0.6895,0.267017777564,-0.287968659263
0.69,-0.593777897931,-0.677844133086
0.6905,0.411679936337,0.991910057075
0.691,0.420505885457,-0.29055311678
0.6915,1.61913878634,-1.86812974562
0.692,-0.742017303947,0.619958473888
0.6925,1.22101774284,0.0310452559443
0.693,-0.800165398985,0.319580347092
0.6935,1.19340230737,1.56207050269
0.694,0.648211702689,0.20256201929
0.6945,0.568280809185,-0.879178658399
0.695,0.285226745272,-0.714136715611
0.6955,-0.541309655071,-0.842394927572
0.696,0.531151976422,0.360483188309
0.6965,0.678025784215,1.35016527579
0.697,1.34524212732,0.497663789915
0.6975,0.501689262926,-1.42915429182
0.698,0.590555138996,-0.550387092652
0.6985,-0.969516120205,-0.938731757881
0.699,-1.63136110713,-0.0535961148556
0.6995,0.260574526473,-0.561186083474
0.7,2.42468812887,-0.145575511045
0.7005,-0.0655523134704,-0.137491103351
0.701,-0.845024634553,-0.644167202008
0.7015,-2.56663257976,-1.79189246699
0.702,0.636487095665,0.548099727563
0.7025,-0.941959187086,0.0349043697889
0.703,-0.593290117754,1.42682425102
0.7035,0.308547030972,1.16761070104
0.704,0.689391488113,0.0693877618669
0.7045,1.93140094117,-1.19511416868
0.705,1.28165368356,0.0440417451938
0.7055,0.743919814634,-0.808533061569
0.706,0.0136822807306,-0.00813052722829
0.7065,-1.16837480861,-0.699209674427
0.707,-0.229209653533,1.72061446497
0.7075,0.988589777427,-0.320825424109
0.708,-2.22518697099,0.632175977102
0.7085,-0.0563905069289,-1.18604576658
0.709,1.55911669741,0.158296330613
0.7095,0.942896970028,1.40617315304
0.71,-0.249577427757,0.231132372006
0.7105,-0.318568680096,-0.610531443719
0.711,0.65847148979,0.714843707145
0.7115,-0.217947611258,0.237650765883
0.712,0.577812841937,0.978164620599
0.7125,1.74459643892,1.20534237132
0.713,-0.244352670145,-0.23520324705
0.7135,-0.562426418324,1.99414797959
0.714,1.09528765617,1.49510882008
0.7145,0.378557794799,0.656028376766
0.715,-0.782514603875,-0.802611626287
0.7155,-1.97662264385,1.17088579278
0.716,1.79379117027,-0.0932869579615
0.7165,1.94173429575,0.39739785511
0.717,-0.0936594318185,-0.0692253054857
0.7175,0.558114829201,-2.23089386951
0.718,0.282231839321,0.825605760246
0.7185,0.540875874516,-1.16430025027
0.719,1.77498109552,-0.264773188132
0.7195,0.565584164529,-0.329144921609
0.72,-0.0144351235797,0.626640568941
0.7205,0.441192541303,-0.625699871918
0.721,0.279951305697,-0.269467847994
0.7215,0.838248354674,0.746859047875
0.722,-0.132595291938,0.00108480268446
0.7225,-0.525923454117,-0.980525335155
0.723,2.01080781585,-1.36271481007
0.7235,0.876864693779,-0.117248385052
0.724,0.987003479496,0.680331371091
0.7245,2.34142272107,-0.34210688359
0.725,0.157159417365,-1.00049639384
0.7255,-0.0668987894566,-0.653183306221
0.726,0.508382532606,1.03657763637
0.7265,-0.87770806658,-1.91907011399
0.727,-0.817712335345,-1.02246107843
0.7275,-0.926113423255,-1.57996425852
0.728,0.728514582886,-0.543231869636
0.7285,-1.472685863,0.0151517047108
0.729,0.160674213197,-0.363936623072
0.7295,-0.0311429654766,-0.375176737874
0.73,1.60363122931,-1.65518001384
0.7305,-0.281896608539,-0.0408648475994
0.731,1.03405571778,0.679361360358
0.7315,0.93285395355,-1.04947167127
0.732,0.845235785636,2.00070129232
0.7325,1.57989720436,0.109537726403
0.733,-1.68256457809,0.252258859559
0.7335,0.538772705736,0.900889845099
0.734,-0.251397949832,-2.48443658715
0.7345,-0.255256105216,0.648140387239
0.735,1.43185216262,0.768054747024
0.7355,-0.460777136168,-1.31006737296
0.736,-0.567604604041,0.905145407054
0.7365,1.33523642157,1.11062606327
0.737,-1.87629125396,-0.448345105317
0.7375,1.45541056524,2.49500309269
0.738,-0.958096794411,1.19859350581
0.7385,1.98411824063,0.5591797259
0.739,-0.656537593472,-0.723914131406
0.7395,0.700362663356,0.355577521332
0.74,0.435006614396,0.58775064527
0.7405,0.235484848418,0.463757655271
0.741,0.665449583281,-1.55940447904
0.7415,0.121381947492,-0.371506613721
0.742,1.25354299558,0.372379285836
0.7425,0.773523725792,-0.601596212231
0.743,-1.64405332621,-0.196762036856
0.7435,-2.56107472163,0.428171550192
0.744,2.44230660054,-0.129318518547
0.7445,-2.19491431438,-0.884346380318
0.745,0.186459085533,-1.48379240092
0.7455,-0.503131226701,1.63291650993
0.746,-0.544766637035,0.699059280023
0.7465,-0.808703270435,0.860619929214
0.747,2.22910497762,0.186792027121
0.7475,1.07897469875,0.0838313581983
0.748,-1.01290057498,1.08403300659
0.7485,0.79326798558,1.1127701097
0.749,0.299747700972,-0.43723675582
0.7495,2.1116712316,-0.886359360459
0.75,0.187760050653,0.880789566594
0.7505,-1.64049865935,-1.6369816145
0.751,1.84186393104,0.775569549225
0.7515,1.93770845209,-0.906086787891
0.752,2.01729962439,-1.05318148721
0.7525,0.872566714397,-0.0172843596584
0.753,-1.86795442186,-1.58446325043
0.7535,-1.06678736537,-0.387705588664
0.754,-0.301818721998,-0.0612030731202
0.7545,0.168379470609,0.831914271244
0.755,-0.447847029569,0.267965608724
0.7555,0.546922651476,-0.973589362638
0.756,-1.20255625707,-1.07102652162
0.7565,-0.648233762577,0.184128751111
0.757,-0.893771627119,-0.971519044791
0.7575,-0.293509773084,-0.675344486545
0.758,-1.73167868383,0.356007337598
0.7585,1.95573203395,-0.215558366089
0.759,-1.16836425287,0.468815890069
0.7595,-0.793095873205,-2.12404634877
0.76,0.356596382402,-1.17076855111
0.7605,-0.940367261416,0.167338039422
0.761,0.87730446036,0.0795168363712
0.7615,0.846360664805,-1.90017658534
0.762,0.952749891704,0.242561911417
0.7625,-0.884172301083,-1.62177840304
0.763,-0.980070898113,-1.74440384677
0.7635,-0.500058915119,0.738907382412
0.764,-0.619406701429,-0.763718850236
0.7645,-0.133669803418,0.635449528334
0.765,0.142019065399,-0.335595546472
0.7655,-0.150046021107,2.30892977253
0.766,-0.603707387433,0.779661101533
0.7665,1.08005535358,-0.734619598879
0.767,1.18104188406,0.416489027303
0.7675,0.791118663128,-1.54423081354
0.768,0.531634022486,0.764954256431
0.7685,0.400579371671,-1.12670279619
0.769,1.6198183614,-0.479581235439
0.7695,-0.630314491883,1.36140778643
0.77,-1.3248673098,0.598086817673
0.7705,-0.2359290547,-1.33554351597
0.771,-0.0902290184993,1.13639736944
0.7715,-0.379931918114,-2.35404055454
0.772,-0.323209376957,0.76216074643
0.7725,-0.294575473668,1.34839807866
0.773,0.266180565305,0.320539674197
0.7735,-0.759160375788,-0.176268328426
0.774,-1.08106193799,1.770311742
0.7745,-0.125482768492,0.58879881567
0.775,0.480322653519,0.70004848377
0.7755,-0.213305975907,-1.01644892146
0.776,-1.32472560952,-1.28293004082
0.7765,-0.0537572712232,-0.354991608498
0.777,-0.589557347625,-0.720723893643
0.7775,0.469787124667,0.0227490964098
0.778,-0.484966908617,-0.507573229192
0.7785,-0.0395481982581,0.839612414322
0.779,0.94905464753,1.73264169501
0.7795,0.149755519782,0.0090941570099
0.78,-0.0653379254243,-1.13180787523
0.7805,-0.250228647469,0.881727337673
0.781,-0.798727177106,1.51819229148
0.7815,0.589771108419,-0.0516929613061
0.782,-1.39447002402,-0.549543645164
0.7825,-0.626890606168,-0.714702692667
0.783,-1.00139583559,-1.40963126617
0.7835,0.514225733658,0.0303122118679
0.784,2.3399696992,1.2118240962
0.7845,-1.24471925133,0.0377191921919
0.785,0.730215229595,-0.768502072996
0.7855,-0.00917572102165,-0.56435126329
0.786,2.12047222478,0.298240994219
0.7865,-2.48472980436,0.0698355903703
0.787,-0.85459269022,-0.0374409533484
0.7875,0.655007129069,-0.891425191092
0.788,0.0950487613593,-0.329076879609
0.7885,0.520876105724,-0.612434723103
0.789,-1.75397406107,-1.13893656205
0.7895,-0.223276524924,0.492622517184
0.79,-0.580905745047,-0.155552174503
0.7905,2.26323931002,0.0608004330449
0.791,0.48458713939,-0.367714506492
0.7915,0.521693341418,1.55151190808
0.792,-0.169249996237,-1.17007581969
0.7925,1.61958547983,0.983468978456
0.793,0.234341327463,0.164326358983
0.7935,0.48936092598,-1.0879379603
0.794,-0.873721204607,0.783268859769
0.7945,1.10145818758,0.62535606508
0.795,1.05082445417,0.692804400794
0.7955,-1.02427930875,-0.0281342288102
0.796,-0.74479047379,1.27877308796
0.7965,0.441803166935,1.17492828152
0.797,-0.139411819114,0.637698769377
0.7975,-0.888604373593,-1.21839587837
0.798,0.208256167275,-0.747162760403
0.7985,0.755435934119,-2.6391132447
0.799,0.0306484970599,1.54580565359
0.7995,-0.419449556727,0.217397416323
0.8,0.445034272948,0.556408074904
0.8005,-0.175821098895,1.66583547417
0.801,-0.271172193282,-1.38586621976
0.8015,0.476331294008,-0.00631936040384
0.802,1.47511292054,0.237291830968
0.8025,1.4199889224,-0.454675615224
0.803,0.281306068875,0.699014754147
0.8035,-0.215112107095,-1.17781176403
0.804,0.120254785391,0.132441412429
0.8045,0.371890005498,-0.216569870706
0.805,0.774713131794,0.46922419403
0.8055,-0.120541676017,-1.17212595067
0.806,0.0472860605199,-0.287430486609
0.8065,0.41429179459,-0.22345931883
0.807,-0.938551156114,0.501500332909
0.8075,0.0401230337827,-0.631709087282
0.808,0.358583119476,-0.224790153111
0.8085,0.86322971584,0.47285944885
0.809,0.348156394341,0.538111425341
0.8095,-0.533885742342,-1.81391076294
0.81,-1.19666910853,0.4206173942
0.8105,-0.789312652489,-0.406376083934
0.811,-1.38581761749,-0.348397777836
0.8115,-1.16133779984,-0.368460170284
0.812,-0.784317030784,-1.3346269961
0.8125,-0.596034682475,0.0303240848642
0.813,0.515044771082,0.910394063147
0.8135,-0.289432641809,-0.604541770585
0.814,-0.22178706856,-1.43968299012
0.8145,0.114085217249,1.22085809644
0.815,-0.866341237668,-0.0566530787811
0.8155,-1.35317600543,-0.0573374089299
0.816,-0.7161370806,-0.384421449901
0.8165,-1.11827457984,0.570786154075
0.817,1.47756487967,-0.287667294455
0.8175,1.47555544364,-0.140974436172
0.818,-0.101524732499,0.17741998391
0.8185,0.35363382501,3.59080812807
0.819,1.50279996919,-0.727510096977
0.8195,1.46178027857,-1.08037368853
0.82,1.074873432,0.498156957084
0.8205,0.78527995027,-0.210146774147
0.821,1.20812462999,-0.0436459530703
0.8215,-1.06934840365,0.192329800609
0.822,-2.04905911911,-0.109345738235
0.8225,-0.804142832155,1.43740035239
0.823,0.473307527373,-1.64983364424
0.8235,-0.912604003859,-0.366776594637
0.824,-0.436484789122,-1.22048719641
0.8245,0.00178460112114,-0.024017341286
0.825,-0.0607595880737,0.0940648481045
0.8255,-1.08696067079,-0.255615551853
0.826,-0.213955863615,0.0200889151704
0.8265,0.918129196383,-1.59908339961
0.827,0.619689804676,-0.155209811894
0.8275,0.000578329379107,0.208686819254
0.828,-0.189924751468,0.175800436076
0.8285,1.46810169345,1.47225994155
0.829,1.67808755363,2.13613947437
0.8295,-0.992338737629,0.654773093969
0.83,-0.61718624507,-0.338125309038
0.8305,-0.50285828414,0.067871025813
0.831,0.604435632828,0.0172088835872
0.8315,-0.0120021260352,0.548043155908
0.832,-0.326150712036,0.905238090301
0.8325,1.64033384779,-0.865388653743
0.833,0.471189718899,1.83425087838
0.8335,-0.832927493037,-0.762405596029
0.834,0.0188683837224,0.626200299512
0.8345,-0.11895373748,-0.733075522921
0.835,1.5040121241,-0.816918242825
0.8355,-1.89930806633,-0.20896206116
0.836,-0.0457624493033,0.298978465596
0.8365,0.190790745721,-0.403830101703
0.837,1.22194927186,-1.24980084685
0.8375,0.0100971757012,-1.40412840087
0.838,0.772887626422,0.829427746589
0.8385,0.797625560465,-0.497262241882
0.839,-1.71601727294,-1.07494233431
0.8395,-0.5816548159,1.92879356069
0.84,-0.64696512081,0.754537580145
0.8405,0.06771744073,3.22718228375
0.841,-1.32967102801,-0.710458932009
0.8415,0.356012714045,0.30131274667
0.842,-0.371277542291,-0.43377339283
0.8425,0.168380964064,-0.356662367113
0.843,-2.31471623096,0.823155878916
0.8435,0.267309907925,1.69012573796
0.844,0.221179450014,0.255268595124
0.8445,-1.47445070523,-0.173973849004
0.845,-0.307061564636,-0.908454563769
0.8455,0.459027918627,1.14508137121
0.846,1.98904408154,0.594178601272
0.8465,-0.723184105297,0.228413021436
0.847,-0.0334785565794,-0.198056706969
0.8475,-0.926094015921,0.0156783968664
0.848,0.441592090732,-1.43171236933
0.8485,-1.49111447118,-1.43040871445
0.849,-0.728172024258,0.0751197861671
0.8495,0.00190714059493,0.0561714736411
0.85,-0.118066283399,1.28274766474
0.8505,-0.49579220041,0.659240823425
0.851,-0.511783251534,0.0451387605729
0.8515,-0.802749383113,1.09377183437
0.852,0.776438737043,1.22693288758
0.8525,-0.125008228442,0.556309515168
0.853,-1.48089698777,-0.997254532681
0.8535,0.344566911092,0.697871167998
0.854,0.408454967065,0.14058235039
0.8545,1.20010089978,0.124839187019
0.855,1.66050786733,-1.2644160389
0.8555,-0.0556378633047,-0.213638058799
0.856,1.32971742299,1.36362445117
0.8565,0.247109480045,0.036377730903
0.857,0.569494174667,0.595830243806
0.8575,-0.484322635216,-0.383045507931
0.858,-0.0447296285165,0.878045766641
0.8585,-0.373451618411,0.0886816027727
0.859,-2.03951390338,-2.10889895848
0.8595,-0.327284571616,0.338689358212
0.86,-1.55834273009,-0.211922044139
0.8605,0.25101607879,0.596138022912
0.861,-2.46021394279,-1.49928855636
0.8615,0.113255931849,-1.1982054915
0.862,-1.74958895213,0.649377785198
0.8625,-0.937586923887,1.60868315784
0.863,-0.308185896822,-1.03006959933
0.8635,0.32665310432,-0.244333230948
0.864,-1.08098459431,-0.670855509196
0.8645,-0.157659029526,0.893552152152
0.865,0.957933876649,0.719282307481
0.8655,-0.157610772836,-2.10357902366
0.866,0.468577732737,-0.804645593915
0.8665,-0.0940224375841,0.783362356004
0.867,1.1217658186,-0.269789157023
0.8675,0.760814209071,0.0229474233326
0.868,1.19156895463,0.850307658493
0.8685,-0.120161713651,-0.297937997658
0.869,-0.252076981925,1.01677809187
0.8695,-2.95007064299,-0.255797578043
0.87,-1.18280170306,0.495828774414
0.8705,-1.11614819202,0.873644302585
0.871,0.853608577704,0.62016743148
0.8715,-0.507980754041,0.0912134439397
0.872,-1.10342165842,0.234371108272
0.8725,-0.32989233274,-0.335927010821
0.873,-0.793657507754,0.655284591433
0.8735,-1.18351662618,-0.580130403392
0.874,-1.32540336283,1.41158666464
0.8745,0.88347906795,-1.43848638128
0.875,1.41659985149,-0.317380771718
0.8755,-0.194243970803,2.0497747473
0.876,0.22622502073,-0.283280865147
0.8765,0.792105942819,1.07193144073
0.877,-0.505813439373,0.468184515293
0.8775,0.236940166081,-0.715139970826
0.878,-1.35348306391,0.0044586379359
0.8785,-2.07680166756,-0.42984979661
0.879,-0.876885888124,-0.439461135196
0.8795,1.00198860561,-0.440288828123
0.88,-0.212132714292,-0.71611523227
0.8805,-1.37241906589,1.60950211866
0.881,0.321934452083,-1.56114428349
0.8815,1.12050805996,0.0745391794766
0.882,-1.00189580436,0.544694200511
0.8825,0.520443790576,-0.396553368489
0.883,2.08959496688,-0.119715103733
0.8835,-0.421092170235,0.436084287224
0.884,0.0662340656649,2.24322995578
0.8845,-0.781151383905,-0.792077178448
0.885,-1.49523791512,1.87186489162
0.8855,-1.41930902739,-1.36109243009
0.886,0.8952210682,-0.413875157438
0.8865,0.432032840025,0.306243921199
0.887,-0.251366706583,-1.22551806787
0.8875,1.94236980456,-0.0801898809276
0.888,-0.382034979063,-0.812514610257
0.8885,0.108891788255,-0.0732509959614
0.889,0.758295641672,0.276266621713
0.8895,-0.659832711732,0.40288906818
0.89,-1.01944785457,0.380508079894
0.8905,-0.537226739409,-1.07326176617
0.891,-1.10485879682,0.324072584155
0.8915,0.117316859525,-0.327614791908
0.892,0.204699183691,1.5813879319
0.8925,-0.618851674723,1.14805877745
0.893,-2.14137260612,-0.7304857944
0.8935,-0.602805663698,-0.542720609601
0.894,-1.37154857438,0.115636146738
0.8945,-0.502920097885,0.619698143117
0.895,0.259290092567,-0.353992809502
0.8955,1.458177518,-0.229251036686
0.896,1.31194672332,-0.0965064244592
0.8965,-1.37376762592,-1.63826776231
0.897,0.116195704441,-0.716440459956
0.8975,-0.599201305859,0.682244998296
0.898,0.175470716703,1.7782111372
0.8985,1.75604212538,0.610782542019
0.899,0.673342201862,0.187210196313
0.8995,0.422942836654,-0.602456718679
0.9,-0.42661769872,-0.000648213607878
0.9005,-0.659625907949,0.565356375716
0.901,-0.271535853947,1.21681029212
0.9015,0.641505524806,0.521666001483
0.902,1.6079305551,0.493804509695
0.9025,0.637767930191,-1.88379570195
0.903,-0.122344994868,1.6256398211
0.9035,-0.0112284643698,-0.68576778474
0.904,0.809659932529,-1.35071621517
0.9045,1.76600108844,-2.12561903766
0.905,2.08455362872,-0.311841788448
0.9055,-0.87972697427,0.0203883344577
0.906,-1.36478402915,-1.28941575886
0.9065,0.990209975653,0.937709442735
0.907,0.912995292726,-0.446247660337
0.9075,1.12867651186,0.67493271287
0.908,1.7781107128,1.41289115932
0.9085,-0.126015919801,0.241136832749
0.909,0.893753784072,0.88784192293
0.9095,-1.00702506692,1.78542666046
0.91,1.32421694322,1.79283649112
0.9105,-0.0633118546883,-1.88749117389
0.911,-0.0952309617905,-1.23451207644
0.9115,-1.07557060833,0.308077315838
0.912,1.44614683844,1.3606895388
0.9125,0.996239381555,-0.987672013735
0.913,0.694584434921,-0.107489665199
0.9135,-1.31133295618,1.16978663947
0.914,-0.726526336759,0.318984832376
0.9145,1.10925647917,-0.0445918555472
0.915,-0.115119221766,-0.3592847949
0.9155,0.208539475222,-1.13404472781
0.916,0.363437972913,0.693207930105
0.9165,-0.407460005889,2.25622726205
0.917,1.11065422255,-0.285050350148
0.9175,-1.99534440063,0.389924707117
0.918,1.65088846804,0.810544172658
0.9185,1.59062994721,0.592988234558
0.919,0.482079496157,-0.239187984036
0.9195,0.784817104022,1.05315622441
0.92,-0.106203812327,-1.48336159035
0.9205,1.86360037659,-1.35500498603
0.921,-0.57769155758,-0.610662813213
0.9215,-0.943994135103,-0.745554572279
0.922,0.444103152062,0.48329867591
0.9225,-0.504288923032,-0.412192352546
0.923,-0.3099151994,-1.69054880111
0.9235,1.66034934465,-0.229150712656
0.924,-2.01945697632,0.0528947822158
0.9245,0.704169567791,-0.54327517225
0.925,-1.06730643998,-0.219197508325
0.9255,0.177045540418,1.38047170567
0.926,0.487199820028,-1.66742259594
0.9265,0.322743295962,-0.3226661419
0.927,-1.55533644289,-0.932012496961
0.9275,0.0571757504056,0.662019295098
0.928,0.593096047794,-0.210038729996
0.9285,1.96342779535,2.22745650781
0.929,0.326417039523,0.797514211786
0.9295,-1.21135886761,-0.376995681861
0.93,-0.804121510796,0.821071501569
0.9305,-0.940012377147,-0.858107127126
0.931,1.29330380718,2.32573453333
0.9315,0.823045925311,1.09105596921
0.932,-1.64377678834,0.445793017146
0.9325,-0.556285542607,-0.0944500560742
0.933,1.35937213026,1.02507267834
0.9335,-0.885106141491,-0.401204929862
0.934,0.550352695405,0.397017009244
0.9345,-0.32430906236,0.19583846748
0.935,0.23443898257,0.88921794864
0.9355,-0.478938027896,-0.49593084399
0.936,-1.38565163582,-0.148247177781
0.9365,-0.98028276081,2.24253834645
0.937,0.443150473183,1.00107844302
0.9375,1.4228023885,1.26463010203
0.938,-0.18839292428,-0.179953719056
0.9385,0.44551541896,1.16955478909
0.939,0.542264326269,0.0790088535466
0.9395,-1.09493210721,-0.0749617364307
0.94,-0.998417050309,1.48945868775
0.9405,0.659236443467,-0.460183193665
0.941,0.464825078276,0.171990105819
0.9415,-0.803240968443,1.3783213648
0.942,-1.86508261699,0.47094941451
0.9425,-0.666084465081,-1.41956422922
0.943,-0.625190887385,1.94542588922
0.9435,0.410676318873,0.804024768108
0.944,-0.438338193128,-1.40396805875
0.9445,-0.142822236804,0.104398569601
0.945,0.873432017794,0.756543167555
0.9455,0.456857450265,1.18646045049
0.946,-0.491259635024,0.635275791391
0.9465,1.04577118156,1.30107667847
0.947,0.458438446129,0.081794276621
0.9475,1.68525606942,0.223223236544
0.948,-0.662672588978,0.768668869222
0.9485,0.138478324252,0.199156483649
0.949,-0.428630109283,1.82628028709
0.9495,-1.16348366709,-0.187225540813
0.95,-1.04419175863,1.06320030826
0.9505,0.147677793272,1.37342988598
0.951,0.601068378035,0.777932573353
0.9515,-0.469539432328,0.133719756024
0.952,-0.188231501682,-0.765482721092
0.9525,1.26179541004,-0.299753175948
0.953,-0.134365818472,-0.0535515840495
0.9535,-0.445887454107,-0.870624336071
0.954,0.905043941821,0.942791134177
0.9545,-0.500804955567,-0.506562883479
0.955,0.573966756124,0.428672219983
0.9555,-0.445367700206,-0.263882683869
0.956,0.0463054960824,-1.26236289048
0.9565,-0.270323930259,0.621753582281
0.957,-0.536786421387,-0.0688043183547
0.9575,0.129024116226,0.558869082524
0.958,1.79697685481,-0.451058964878
0.9585,0.697152103932,-0.0360140737059
0.959,-0.0146656910337,0.128325660496
0.9595,1.30518747165,1.61203728321
0.96,-1.81749474358,-0.0272232386469
0.9605,0.156102280924,0.0145632738623
0.961,-0.733017863181,-0.35327151287
0.9615,-1.16590592821,0.0106138362008
0.962,-0.539564628054,0.600500881485
0.9625,-0.148377008902,-0.806954826225
0.963,-1.05774658319,0.524326562089
0.9635,0.127218163127,1.69685938245
0.964,-1.60218164203,0.48355915947
0.9645,0.522703602083,1.600063523
0.965,0.530047585255,-1.08713664139
0.9655,2.02716023674,1.33034307584
0.966,0.659238818493,-0.327514384247
0.9665,-0.373381553882,-0.3853881702
0.967,-0.542577829185,1.84317034127
0.9675,0.428518464941,-1.1130977521
0.968,0.428672585161,1.47203941321
0.9685,-1.38567210409,-0.783291334948
0.969,-1.7056796078,-2.09651061073
0.9695,0.733637616341,-1.38653239623
0.97,0.39660406048,1.78142701226
0.9705,-1.16457785884,0.235534615517
0.971,1.36902495498,-0.185889228207
0.9715,0.249759876735,-1.1234927924
0.972,-0.3629260404,0.298347854843
0.9725,-0.238482916944,-2.52481279293
0.973,0.524598190647,-0.182857020742
0.9735,-0.143871941974,-0.174689015787
0.974,-0.197656546151,-0.545407488317
0.9745,0.86181678511,1.6269563455
0.975,-1.00250772342,1.0124540625
0.9755,0.273238273853,-2.22619413913
0.976,0.280003814148,1.56671068637
0.9765,1.16843232564,2.61703881565
0.977,0.411993786562,0.0693526186482
0.9775,0.880789901616,-1.10860220464
0.978,0.994069127821,-0.849186189979
0.9785,1.24351461095,0.770717465556
0.979,-0.68481366125,0.110528056331
0.9795,-0.181003896616,-0.803880800055
0.98,-0.0783964438446,0.285844592098
0.9805,2.00543615393,-1.30048068545
0.981,1.18114870075,0.563997607399
0.9815,0.581741035236,0.710538880226
0.982,0.669497041951,-2.29574095153
0.9825,0.146852915057,-0.110974568343
0.983,1.42721597659,-0.362334731833
0.9835,-0.0467406741874,0.613300166509
0.984,0.854393794017,0.794977229332
0.9845,0.462720599334,1.19574392626
0.985,-0.752881688518,-1.17836196042
0.9855,1.27586434705,2.67659056736
0.986,0.722324939407,-0.131008178724
0.9865,0.165068748075,-0.272924370252
0.987,-0.822710508659,-1.52037530724
0.9875,0.824155373315,-1.65802154849
0.988,-0.513759077446,0.831574732952
0.9885,-1.06795260123,-0.486917921461
0.989,1.28261931173,0.580656238903
0.9895,0.0480403806193,-1.71694373438
0.99,0.400075065544,1.14157822941
0.9905,0.826663782211,0.955469941639
0.991,1.47108322237,0.39983876054
0.9915,-0.970900872373,-1.1849286499
0.992,-1.59843362869,1.25992592225
0.9925,1.15024406583,1.05810200351
0.993,-0.283442897785,0.484773065975
0.9935,0.297571380166,-0.313562744408
0.994,0.882369937856,-1.17038086039
0.9945,1.56106102352,-1.58488834585
0.995,-0.656087862825,-0.447354683625
0.9955,-0.414607274743,0.591618273468
0.996,-1.97089165944,0.386779076645
0.9965,0.360749077619,-1.23156161525
0.997,0.046700704051,-1.14249639097
0.9975,0.115976845763,-0.264096358629
0.998,1.8339654021,0.849021447367
0.9985,-1.04140424745,1.13789037827
0.999,-1.52981753228,0.249163427772
0.9995,-0.948486787537,-0.214023219141
1,0.691495681516,-0.746951301185
1.0005,-1.49558878048,-0.0796022301431
1.001,-1.04451244307,2.00476219426
1.0015,0.471462201271,1.1518530434
1.002,-1.11963537509,0.708845023783
1.0025,-0.720723417166,-1.16650307184
1.003,-1.12334295146,-0.894316821839
1.0035,0.563078898987,-0.891205819282
1.004,-0.768716300795,0.252576202258
1.0045,0.719707643186,-0.0453189406197
1.005,-0.636399950166,-1.01812994096
1.0055,0.21049963037,-1.34773675394
1.006,-0.877752959612,-0.418788761838
1.0065,0.736432269496,0.49413188881
1.007,-2.53950927497,0.116523510445
1.0075,2.08563112908,-0.649086905593
1.008,0.305212195541,0.476080789686
1.0085,-1.26839277111,-1.92134125834
1.009,-0.833793263881,-0.436638377112
1.0095,-0.135406734534,1.25983550469
1.01,0.0811669704197,-0.484159395525
1.0105,-0.737593043807,-1.2126911442
1.011,1.17292190379,-0.826183678844
1.0115,-0.155416309461,-0.628694689027
1.012,-0.738888838777,-2.04037287029
1.0125,0.0286302536353,-1.47106766254
1.013,0.944338798902,-1.79622958398
1.0135,-1.42485097837,-2.16892379855
1.014,-0.819093175218,-0.240523605925
1.0145,1.15491783826,0.673798942218
1.015,0.390907023925,-0.60174228693
1.0155,0.10883526039,-0.907907456684
1.016,1.98854075995,0.0862394575436
1.0165,1.66293305395,0.508401494226
1.017,-1.18687385006,-0.652252314524
1.0175,-1.39373928409,-0.257559424888
1.018,0.47919476453,-0.368355186977
1.0185,0.991562955871,-0.0870735183208
1.019,-0.200846988676,0.323611810262
1.0195,0.503628983223,-1.62294175917
1.02,-0.645307535098,-0.932097587884
1.0205,0.857975765036,1.01629206306
1.021,-1.19191131716,-0.186713309664
1.0215,0.302213127652,-1.903930017
1.022,0.683206521104,-0.783560918742
1.0225,-0.155860350819,1.04119253451
1.023,0.0711746922545,-0.176936253365
1.0235,0.106219651751,-0.386077696173
1.024,0.965459369478,0.0611625602061
1.0245,-0.692839027679,-0.674541424619
1.025,1.26084847091,0.977568214726
1.0255,-1.54181733876,1.65381436897
1.026,1.3157712401,-0.266937315275
1.0265,0.401026645048,-1.23978694991
1.027,0.919836888988,-0.57730001615
1.0275,1.25003309604,0.0370807038195
1.028,0.500855010541,-0.506556962887
1.0285,1.39034646705,-1.30587315215
1.029,0.720666186507,0.245966543332
1.0295,0.128117477035,0.545507170901
1.03,1.08876194122,0.739778527104
1.0305,1.43499998634,-0.562704880957
1.031,-1.69010001049,-0.248936442012
1.0315,0.28323610672,0.953192860595
1.032,-2.02519416847,-0.185670727097
1.0325,0.153709634065,0.747317466203
1.033,0.113846351536,-0.707861856827
1.0335,0.0224429357578,0.440425821028
1.034,1.27209296037,1.68138382242
1.0345,1.21536642255,-2.43526362011
1.035,0.916015130679,-0.302730322872
1.0355,-2.63653218448,-0.558362408503
1.036,1.53936079892,1.04073740762
1.0365,-0.548880980314,-0.168772903205
1.037,-2.66210050951,-0.3425908912
1.0375,0.244601280164,0.629686504188
1.038,-0.139650724385,-0.0257669687278
1.0385,-0.291794290233,-0.280696294366
1.039,1.55937846593,0.686219004335
1.0395,-0.194396136417,-1.04331504075
1.04,-0.850853766308,0.00325061148996
1.0405,1.023658723,1.56713705075
1.041,-0.926562853228,0.0446898975139
1.0415,1.09291157581,-0.780089370238
1.042,-0.912560650133,0.997869483589
1.0425,0.780329152304,0.148146887199
1.043,2.01053891398,-1.9474286707
1.0435,1.06679174417,0.208852761945
1.044,-0.611984361081,0.250522619641
1.0445,-1.55547460524,-0.938965081968
1.045,-0.366792722861,0.620298869044
1.0455,-1.50379735756,0.127955629571
1.046,1.51644898525,0.213050008975
1.0465,1.10990596433,0.941556157259
1.047,-2.14622784002,0.330745101504
1.0475,-0.349884315303,-0.88947174938
1.048,0.588208064703,0.0158408581596
1.0485,1.03915086531,-0.426811208277
1.049,-1.09243163435,0.160308757445
1.0495,0.130051533742,-0.250224828982
1.05,-1.06364953791,-1.12800014579
1.0505,-0.285478810099,0.443534517825
1.051,0.875962212289,-0.360600416788
1.0515,-1.94225400954,1.24645821181
1.052,0.0763950564945,-1.55301914985
1.0525,0.908223878873,0.769271392249
1.053,-1.61271195554,1.00627452088
1.0535,-0.783989813831,-0.777740542869
1.054,1.60782536452,0.313597687111
1.0545,0.0779021445606,-0.989947618638
1.055,1.0175399741,-1.22252069283
1.0555,0.706500617893,0.467288076222
1.056,1.42320101154,1.75184163872
1.0565,1.05921292307,0.83562677255
1.057,0.140333571118,-0.328522233648
1.0575,-0.580348047186,0.0677410189905
1.058,0.813243665754,0.419313446173
1.0585,-0.875763558603,0.471730663087
1.059,-0.559061371918,0.519691601823
1.0595,-0.364205237796,1.14281727925
1.06,-0.240624050647,0.192638188608
1.0605,-1.081115415,-0.447091761496
1.061,-0.0247061787214,0.962785606541
1.0615,0.864873953841,0.513083550248
1.062,-1.61622825909,-1.22474860313
1.0625,-2.0332569834,1.41691355134
1.063,-0.562483704187,0.582678918959
1.0635,0.118926550983,0.258517857129
1.064,0.477094076029,-0.397408454374
1.0645,0.347634392052,-0.631105615772
1.065,-0.0404860580681,0.52479678552
1.0655,2.08244144925,-0.338264543218
1.066,0.761196421602,-0.987219038458
1.0665,0.162677227712,1.81388766937
1.067,0.713973193974,0.397556021442
1.0675,0.374540993004,-1.43756481084
1.068,-0.115991666696,0.797917484094
1.0685,0.36799100686,-0.429330311938
1.069,-0.316721543028,0.605203930873
1.0695,-0.350552621369,-0.518973832168
1.07,1.36476803549,0.336827020793
1.0705,-1.63429270491,0.731488346576
1.071,-0.505653018056,1.52831159013
1.0715,-0.622027918223,0.21297735659
1.072,0.665791429902,-0.860202533599
1.0725,-1.04390241117,0.51406803047
1.073,0.274301522722,0.536015821009
1.0735,0.388642514594,-0.037151814558
1.074,0.723315160071,-0.412604660498
1.0745,0.9139618479,-0.785524091119
1.075,0.118089936549,-1.19438502225
1.0755,-0.54178789552,-1.15490376487
1.076,0.0540778030432,1.90665501016
1.0765,-1.51078533949,0.338254619109
1.077,1.09975247422,0.572585028456
1.0775,-0.882558613286,-1.82538243227
1.078,-0.214059889011,0.183148795008
1.0785,-0.36083624047,-0.886757047578
1.079,1.98138570694,-0.0251733127031
1.0795,-0.515382972234,1.16655960782
1.08,-0.176364445702,-0.925062180381
1.0805,1.35046021563,1.30001106349
1.081,0.417019287629,-0.813297569676
1.0815,-0.598163285019,-1.03435616184
1.082,1.00744979857,-1.10458563466
1.0825,-0.188589326006,0.773855983845
1.083,0.816267431649,-0.352167126512
1.0835,1.32934826109,-0.873696068264
1.084,-0.653893726919,-0.00127573918849
1.0845,-1.01028590129,0.219430822025
1.085,-0.543388746662,-1.13806594378
1.0855,0.619849328471,0.342278175293
1.086,2.0117805177,-1.90923871044
1.0865,0.64267971476,0.407008159591
1.087,0.77841198885,1.92084831921
1.0875,-0.339043179591,-0.764104361062
1.088,0.110916146528,1.66659321266
1.0885,0.357199346263,0.960812466358
1.089,-1.73515338135,-1.40193705097
1.0895,-0.319376317007,0.526434516001
1.09,-0.4093552711,1.04111158124
1.0905,0.133531715672,-0.612565784532
1.091,1.07387592726,-1.49541675577
1.0915,0.243748592283,1.33312481349
1.092,0.929107992391,-1.25674154739
1.0925,0.655547481837,1.40838474255
1.093,0.628147040349,-1.10009579673
1.0935,-0.314525510377,0.461230688758
1.094,-0.0633255624997,0.765343777088
1.0945,0.153444868227,-0.644241892931
1.095,-0.271556047928,-0.463159472588
1.0955,0.417575305289,-0.879621480778
1.096,-0.731589497317,0.291107346275
1.0965,0.915824835822,-0.398268418755
1.097,0.0692511312883,0.13521870975
1.0975,-1.23986807214,1.37372954839
1.098,1.22794835235,-1.67288702097
1.0985,1.43450173764,0.630456121936
1.099,1.24577597516,0.0690645599992
1.0995,-0.644593769153,-2.04510928054
1.1,-0.769361773882,1.15383694681
1.1005,-0.123846290429,1.23456736321
1.101,-0.584639730867,-0.0802354365627
1.1015,0.81337136227,0.989519384104
1.102,-0.580308572736,0.398326791563
1.1025,-0.286524481099,0.45273342816
1.103,0.479814139055,0.498565806328
1.1035,-0.0499644456803,1.57831864595
1.104,-0.925143000015,0.822272459447
1.1045,0.335643402312,-1.34733727191
1.105,-0.414292810158,1.83872683913
1.1055,0.374382545628,0.413318950993
1.106,0.284370244149,-2.4522150649
1.1065,0.225924911514,-1.41504978915
1.107,-0.836659156664,-0.203718237733
1.1075,-0.525281234461,0.25161837844
1.108,0.333259234509,0.533702138639
1.1085,-1.19899257719,-0.125602727811
1.109,1.45669688517,-0.882518795634
1.1095,0.193527882874,-1.8973835329
1.11,0.238245325709,-2.02582641823
1.1105,-0.918598403125,1.04257417318
1.111,-0.375360250177,0.139115221562
1.1115,-0.467662901865,1.02108859457
1.112,-1.56802070448,-0.368881543969
1.1125,-1.05098243951,0.955938093923
1.113,1.22722426334,1.57666905648
1.1135,-0.997050036183,0.366791206002
1.114,0.118491421194,0.257667522455
1.1145,0.904246025728,-0.222371656733
1.115,-0.438072080618,-1.41003811739
1.1155,0.292826559013,-0.0327645116968
1.116,-0.223642033545,-0.418759674249
1.1165,-0.391748631537,1.21220113529
1.117,0.97460833384,-0.0441230739637
1.1175,-0.333397733742,0.802024958469
1.118,-2.00038783645,0.106554079818
1.1185,-1.08922433057,0.413642560596
1.119,-0.230792563244,-1.67057361894
1.1195,0.684875158247,-0.40804369609
1.12,-0.734693350553,-1.61446695616
1.1205,1.18762492466,1.17081895571
1.121,-1.77064879018,2.57574447327
1.1215,-0.646537895942,0.146625057074
1.122,-0.0592563864,-0.0967377152362
1.1225,-0.421343555184,-0.39177307927
1.123,-0.70671316654,-1.93620582412
1.1235,0.681133248946,-1.07972875294
1.124,-1.2432881066,-1.05045305491
1.1245,-0.690773296394,-2.39018983898
1.125,-0.358443164029,-0.13682102013
1.1255,-1.69250990734,2.35490084305
1.126,-0.133289865594,2.39903705792
1.1265,0.0977304673133,-0.0121791297423
1.127,0.177983166071,-0.360301005514
1.1275,0.975629228316,-0.377684009809
1.128,-0.662761078683,-0.220111086735
1.1285,0.726249994077,0.227226521285
1.129,0.150407873544,-1.48171786643
1.1295,-0.585338763462,1.05695018687
1.13,-1.11702854149,-0.583524592595
1.1305,0.903422654463,-0.430746103482
1.131,-1.80420350025,1.03964476035
1.1315,0.630342491176,0.397897185879
1.132,0.00537402002781,1.07035270666
1.1325,0.943141474456,-1.52147450369
1.133,-0.877911977363,-2.16343702728
1.1335,-1.66508916887,-0.836414258371
1.134,0.168946068122,1.75787230658
1.1345,0.429845345868,-1.26968328451
1.135,0.640901076134,-0.754991370471
1.1355,-0.0300842727106,-0.368983936995
1.136,-0.30646465489,-0.135346531296
1.1365,-0.344303744053,0.256553698654
1.137,0.337211370171,2.01369778362
1.1375,-1.22407052185,0.285356001119
1.138,-0.144431959651,-0.885864222921
1.1385,0.166937679777,0.51713397879
1.139,1.44596599011,-1.43453395087
1.1395,-0.399828966911,-0.664394005154
1.14,-1.04369791626,1.17257066142
1.1405,1.50332693601,1.52240848622
1.141,0.198613414549,2.54292369717
1.1415,0.81120230884,0.39401349987
1.142,-0.788784294616,0.459133121404
1.1425,-1.58089385296,-0.34817298485
1.143,-0.44450757952,0.773753459394
1.1435,0.347353355447,-1.26641823494
1.144,0.572610525096,-0.0301595056553
1.1445,0.77353989351,0.699676748978
1.145,-0.828925856459,-1.12579177661
1.1455,-0.0574275627172,-1.00122015645
1.146,-1.74397145961,-1.09394312781
1.1465,-1.23009066612,-0.21823878669
1.147,-0.614692840754,1.23097136678
1.1475,-0.260842969324,0.443921315593
1.148,0.983168797174,0.367705898139
1.1485,0.405305062324,-0.344112495905
1.149,1.08839155344,-0.66833782902
1.1495,-1.8642908006,-1.67470316897
1.15,0.0328806793385,0.237191783817
1.1505,-1.31516311078,0.856589567917
1.151,0.661735838826,0.633074612337
1.1515,-0.550275570269,1.36502537799
1.152,0.0476337329936,0.979552068065
1.1525,0.545148031526,1.46686978145
1.153,-0.116019039541,0.245028063451
1.1535,-1.20061616539,0.056799688003
1.154,-0.919958667943,-0.162927621833
1.1545,-1.20913396427,0.886058913841
1.155,-0.957368829677,0.153314312123
1.1555,-0.719346813924,0.731694926709
1.156,0.434050729425,0.825553363076
1.1565,-2.19597403868,-0.564822052698
1.157,2.26938471167,0.65469983755
1.1575,-0.306159505205,-0.290840680988
1.158,-0.0758141724732,0.115745183919
1.1585,-0.77005630822,-1.57457990066
1.159,-0.561321976858,0.0470085668454
1.1595,-0.493385708486,0.186902257358
1.16,-0.920992344623,0.438156908475
1.1605,0.975488159963,-0.103590105174
1.161,-0.367526499398,1.25837772163
1.1615,-0.116119329525,-0.304201040366
1.162,-0.578844584773,-1.75985233146
1.1625,2.75073961424,-1.33941117131
1.163,-0.646658172876,1.24545063489
1.1635,0.435975874726,-2.09495788154
1.164,1.07558918118,-0.480356212922
1.1645,-1.09384372953,-1.73081915152
1.165,-0.863132524509,-1.22801996345
1.1655,-1.09398214034,1.08821770248
1.166,0.33137483779,-1.02713960389
1.1665,0.46995848916,-0.401043718598
1.167,0.954650949433,-0.771313756498
1.1675,-0.884215814743,-1.79401566209
1.168,0.0708551252881,2.26108506235
1.1685,-0.443354894723,1.31979626429
1.169,0.440204024928,1.47132119981
1.1695,-2.64487833371,-0.209477578992
1.17,1.81434018416,-1.71257823073
1.1705,-0.645064076442,1.9332646136
1.171,0.795118522718,2.3967521841
1.1715,-0.902069993843,-0.835686937158
1.172,0.26657198266,-0.386479806218
1.1725,-0.544097986781,1.13852882643
1.173,-0.517856190578,0.138169499076
1.1735,1.45830333442,-0.402070505258
1.174,1.72160112556,1.13518914657
1.1745,-0.992124155581,0.52818022108
1.175,-0.328948441033,1.95575698529
1.1755,-1.36141590544,0.762973085493
1.176,1.26434568681,1.45817944698
1.1765,0.863443658516,-0.0857242759531
1.177,0.691265152977,-0.771760057555
1.1775,-1.12085455894,0.609834697227
1.178,0.183540419923,1.12795023735
1.1785,-0.368100839364,1.93038221562
1.179,-0.472270839793,-0.629878112788
1.1795,0.0362670476751,-0.4309327833
1.18,0.771993392683,-0.227284939811
1.1805,1.14552333525,0.315833979263
1.181,0.45373364885,0.148281039849
1.1815,1.19838266572,-0.153437596327
1.182,0.218960386792,-1.98674435444
1.1825,-0.0447909859286,-0.961652566644
1.183,0.483709985474,-0.870091093381
1.1835,0.193754863196,-0.0891880706956
1.184,0.150297915902,0.362558986148
1.1845,1.4701371612,-0.855067806283
1.185,1.04877687877,-0.73803182604
1.1855,0.235405729674,0.864147516387
1.186,-0.121851766591,1.33163879278
1.1865,0.621824405548,-0.316544171146
1.187,0.832341917572,0.319876257664
1.1875,-0.134295512615,0.362414140687
1.188,-0.773812166407,-0.866264681731
1.1885,-1.76484527732,0.115600452208
1.189,1.80718559925,0.395516367528
1.1895,0.169508983057,-1.18881454292
1.19,-0.0248379297611,0.503204485938
1.1905,0.999256774123,0.00757917654679
1.191,1.7370555798,0.0592572902996
1.1915,-0.842541473479,-0.643720927675
1.192,1.63038865662,1.12727580824
1.1925,1.33449615196,-0.734457189851
1.193,1.14783606712,-0.518389366985
1.1935,-0.230888685645,-0.269587842925
1.194,0.0113381243679,-0.21444854678
1.1945,0.625301678207,-0.174182553453
1.195,0.338420375288,0.00396730700322
1.1955,0.121966486126,-0.529815337049
1.196,0.964190382603,-0.522936533764
1.1965,0.644924013171,0.24531389837
1.197,-0.576832724409,1.70273647892
1.1975,-1.37764382857,2.05159296292
1.198,-0.0126342659472,0.140358744237
1.1985,0.0315007154055,0.510802901358
1.199,-1.01654685351,1.62136211293
1.1995,-0.84925781394,0.560942136962
1.2,-1.26396154089,0.0293761207732
1.2005,-0.169815307486,-2.15714716834
1.201,-1.60209608686,-0.544494556051
1.2015,0.866452819707,0.603646994392
1.202,-0.223739638835,0.130938417358
1.2025,0.198660551284,-2.3491131176
1.203,2.07950781984,-1.09311522445
1.2035,0.195401011584,-0.135338613818
1.204,-1.38974281978,-0.226042093936
1.2045,1.12211623735,-0.971797615695
1.205,-0.0368405410483,1.07023555969
1.2055,-1.33069406134,-0.156161453933
1.206,-1.27257171746,-0.0791641872159
1.2065,-0.144837750634,1.24766296979
1.207,-0.356401851195,-1.10556353179
1.2075,1.39748695445,-0.435676972608
1.208,-0.745937209205,-0.201130992061
1.2085,0.5062323432,-0.179004900713
1.209,0.4065654574,-0.297712921734
1.2095,-0.872599757186,0.697747390944
1.21,0.435194627296,-1.25374551528
1.2105,-0.137574247237,-2.22870748175
1.211,-0.141114781586,-0.321911176621
1.2115,0.0297309609243,0.079250644698
1.212,0.990250679121,-0.03867926238
1.2125,0.46433572585,0.975669092173
1.213,2.01812464114,-0.317421419653
1.2135,-0.0887619587418,-1.34280228738
1.214,-0.693468089295,-1.67330409999
1.2145,0.723328533758,-1.07376828721
1.215,-1.85387429564,1.64249277286
1.2155,1.78704864691,0.204053112193
1.216,2.29070425428,-0.152017113552
1.2165,1.5441380009,1.53523248007
1.217,0.691859125492,0.45589947951
1.2175,-0.0576760177723,0.124085693282
1.218,0.736802220443,0.00946389509692
1.2185,-0.602427283161,-1.09100755456
1.219,0.547799467532,0.303248288145
1.2195,0.300310726833,1.10767761393
1.22,0.754705416379,-0.672670321998
1.2205,-0.923832665679,0.259197953301
1.221,0.505022061607,1.24958247675
1.2215,-0.181198517292,2.21911159345
1.222,-0.750063995632,-0.162724569014
1.2225,-0.559708709293,-0.178293753708
1.223,0.242309493727,-0.11837518776
1.2235,0.482339198056,1.09271609806
1.224,-2.97754585632,0.0198124054516
1.2245,-0.512788191163,0.614101312146
1.225,1.53887223626,-0.227081187107
1.2255,1.8426507986,0.714724207901
1.226,0.481432021812,1.36996474256
1.2265,-0.115749124428,-1.38808770888
1.227,-0.59724010402,-1.17163858063
1.2275,1.78919025745,-0.120745769705
1.228,-0.00503038901551,-0.418792989805
1.2285,0.808746380201,-0.806687251316
1.229,-1.34885858304,-0.582479833136
1.2295,-0.638412174265,-0.0667225566231
1.23,1.56638535602,-0.731335992305
1.2305,0.801128279907,0.89885258934
1.231,0.237332619565,1.30488045627
1.2315,-1.47396793491,-0.107894910058
1.232,0.498158968802,-1.28627963349
1.2325,0.56685847057,1.10602020147
1.233,1.1485443604,0.604162125854
1.2335,-1.20888823981,-0.949604694005
1.234,-1.04955049172,-0.977007586636
1.2345,0.10346361008,-0.509856029872
1.235,0.0347314274768,0.588917610407
1.2355,-0.267831581562,-1.81277817161
1.236,-0.510924702939,-0.587480316048
1.2365,-0.934308957563,0.235756164848
1.237,-0.0007309618112,-1.54952506235
1.2375,-1.0901101,-0.335052311374
1.238,-0.36890076682,-0.867070062013
1.2385,0.584619882792,-1.18492970668
1.239,-0.81544240283,-0.362250355345
1.2395,-0.235703643542,1.01193659715
1.24,2.03265274417,0.885540656338
1.2405,-1.18029569504,-0.501967399901
1.241,-0.506917450342,1.24386717973
1.2415,0.178008944954,0.908511661868
1.242,1.30319812294,-0.794410654743
1.2425,0.771707337389,-0.157875242516
1.243,1.2812367635,0.452186566706
1.2435,0.829177961682,0.835288036099
1.244,-0.653727546717,0.0655913381988
1.2445,-0.505461434769,0.74157201316
1.245,-0.0468340732675,1.13809420034
1.2455,0.227409564374,0.764428631054
1.246,1.12534551729,0.371876981661
1.2465,-0.37056547315,-0.771645228073
1.247,0.355463638096,-0.270352033341
1.2475,0.854017496176,0.031679828946
1.248,-1.5522657333,-1.13759656842
1.2485,0.319470138144,0.624129778271
1.249,0.0874317409748,0.531784278181
1.2495,-0.355470732478,-2.42539459754
1.25,-0.478735193875,-0.0317534747936
1.2505,-2.14624291877,1.38244569121
1.251,-1.44605119066,0.29374608379
1.2515,-0.0462214121503,-0.421483842663
1.252,-0.688691548599,-1.12539550766
1.2525,1.00967256125,0.0516093380612
1.253,-0.904148286864,-0.813404662255
1.2535,-0.819262689718,2.91629913281
1.254,0.904056550968,-0.857871409341
1.2545,-0.0649428861404,0.423038087714
1.255,0.850341172776,-0.242424137813
1.2555,-0.70927355482,-0.789318425353
1.256,-0.97785019239,-0.207523266798
1.2565,1.17410893249,-0.811326931979
1.257,0.751713943802,-0.26410416989
1.2575,-1.13819491518,-1.15238313732
1.258,-0.825006364548,-0.711853618895
1.2585,2.18921780608,-1.10994462874
1.259,0.235838644965,1.61621710246
1.2595,2.41362170492,0.345126916008
1.26,0.172361064131,-0.769153717819
1.2605,0.0230141685989,0.54528535646
1.261,0.521776674313,-0.606018379519
1.2615,1.39841105041,-1.65412709256
1.262,0.0566010335221,0.768573368867
1.2625,-0.170965695129,1.83580200019
1.263,-0.198907896029,-1.37651467993
1.2635,-0.280518854614,0.842658590936
1.264,0.428536453483,1.13276120525
1.2645,1.47645109959,-0.315743392332
1.265,0.577637233279,0.375009382787
1.2655,-0.523210194126,-0.29729217392
1.266,-0.199457166475,-0.0977836475664
1.2665,-0.654486658307,-1.00147882625
1.267,-0.00430148943144,0.0504216162873
1.2675,-1.35702173285,-0.843702389713
1.268,0.816409734391,0.638043468732
1.2685,0.198017971968,0.201166546349
1.269,-0.396670395421,0.591765994304
1.2695,-0.041233599431,-0.576183049783
1.27,-0.0197398643197,0.445133364914
1.2705,0.190261796839,-0.165038619026
1.271,0.111801696719,0.221451774264
1.2715,0.967656262697,-0.109682182241
1.272,0.801867870812,-1.93954662401
1.2725,-1.94056984364,-0.0793497425414
1.273,0.280631241821,1.40582615305
1.2735,2.16921419472,1.16161053663
1.274,-0.576162176386,-0.19277756653
1.2745,0.3885462238,-0.362156783725
1.275,-0.396984391565,-1.21673551535
1.2755,-1.54897170059,0.0148364845678
1.276,1.19634896727,0.65354350522
1.2765,0.725467589196,1.09926484568
1.277,-2.1192390345,0.514231209518
1.2775,-0.236105801476,-0.866105497548
1.278,0.527631696513,-1.91339296542
1.2785,0.622813524393,1.3432299213
1.279,-1.39703028697,1.62840410087
1.2795,0.686505063146,2.14026526153
1.28,0.158332390317,-0.244953573692
1.2805,-1.34491599928,-0.2408351681
1.281,-0.244489530372,2.38723718145
1.2815,0.647551256361,1.60626238608
1.282,0.968191590598,-0.502406956261
1.2825,-0.151100517303,0.931314963275
1.283,1.36780611242,0.527689389977
1.2835,0.0255401246565,1.22219527479
1.284,0.384169381101,-2.18863838896
1.2845,0.81519346795,0.350405003982
1.285,-0.894256115759,-0.87259239238
1.2855,0.105654446256,1.62567292432
1.286,-1.09518675288,-0.540569715805
1.2865,-1.46571708203,-0.279278726707
1.287,-0.615778297324,-0.0314169499277
1.2875,-0.711842371769,1.16630036163
1.288,-0.0524684533249,0.188725943107
1.2885,0.543979017626,-0.230391404906
1.289,-0.0537281909724,-0.609274620703
1.2895,-0.641138551974,0.0704766195902
1.29,0.24347996395,-0.746591078222
1.2905,-0.915937384274,0.0559081397086
1.291,-0.0112240849391,0.00622102873834
1.2915,1.1868483762,-2.22015933224
1.292,-0.0957286345647,0.201248397347
1.2925,-2.02605734684,-0.17845889605
1.293,-2.39033830435,-2.58502632175
1.2935,0.867493224678,0.787141037918
1.294,0.689179345202,-0.148754892323
1.2945,-0.0202988672539,-0.105123292875
1.295,1.08700143704,-1.18152447621
1.2955,0.438462684412,-0.250574623775
1.296,0.585249689671,1.16967479498
1.2965,-0.831508049433,0.208059656556
1.297,1.18823749947,0.50558564777
1.2975,1.89577162182,0.400970757184
1.298,1.57508873856,-1.11650933459
1.2985,0.23973084212,-1.73196581912
1.299,0.416171451714,-0.150354203643
1.2995,1.23643045823,-0.428719823999
1.3,-0.237955304086,0.875350816775
1.3005,0.986185991873,-0.481605444263
1.301,-0.623887749829,0.129534291038
1.3015,1.45633223962,-0.799775291509
1.302,1.35546534385,-1.74609623535
1.3025,1.53344369641,0.0651159104809
1.303,0.606942035064,0.516033126678
1.3035,-1.01376595575,-0.608202119305
1.304,0.400713930608,-1.19693443916
1.3045,0.364026907239,-0.738604866723
1.305,-0.0552957534135,-1.13770146357
1.3055,0.0582747540978,-0.133317766395
1.306,2.13174961272,0.140175259408
1.3065,0.510204825305,0.365988372341
1.307,1.16898299064,-0.00843180084261
1.3075,0.695366355822,-0.0513619293313
1.308,-0.466413657575,1.54528265315
1.3085,0.486327285897,0.841859830884
1.309,-0.124052655562,0.0228147809971
1.3095,1.01833013533,-0.251814911288
1.31,-0.649307257527,0.168720974004
1.3105,-1.01145681705,2.17019710353
1.311,0.0950031740047,-0.947711171876
1.3115,0.319841380457,1.1173489207
1.312,-0.362186303234,-0.247887227077
1.3125,-0.320084849048,1.99131321073
1.313,0.225597170651,0.514180345775
1.3135,0.0496309413892,-0.721391145389
1.314,-0.215192964988,-1.23774995172
1.3145,0.941753325329,0.739857415218
1.315,0.242413009533,0.334686358062
1.3155,0.973339897053,0.0552622077571
1.316,0.611141625589,-0.0602586837925
1.3165,-0.658019380549,0.997576620505
1.317,-0.0600666315383,0.406009167529
1.3175,1.04494560816,1.53805043281
1.318,0.311349757792,0.44624264037
1.3185,1.76457823026,-0.689341151315
1.319,0.0980583885303,-0.782823601042
1.3195,-0.134890393897,1.33696803041
1.32,-0.906495165692,0.583347319582
1.3205,-1.78905800785,0.196116643989
1.321,-0.888714638747,-0.800640840956
1.3215,1.67439442146,-1.50019329286
1.322,-1.58248153779,-0.102254215723
1.3225,1.54671887986,-0.286047180504
1.323,0.873305632567,-0.57388121787
1.3235,-2.06358106062,0.640673810111
1.324,-0.640431066475,-1.36474419712
1.3245,1.1956292521,-0.429244670731
1.325,1.28091023447,0.498626525745
1.3255,0.813585659556,0.305897641726
1.326,0.398883288984,0.96297927706
1.3265,1.12689673278,0.743934648961
1.327,0.508717259655,-0.490876209603
1.3275,-1.77239852651,0.301693703695
1.328,-0.680025472813,-0.323771409004
1.3285,-1.54960301852,1.80459754451
1.329,-0.236844188285,-0.0745567536952
1.3295,1.64949310627,-0.00987337432437
1.33,-1.03968574672,-0.250792460517
1.3305,-1.7980141526,-1.6113131929
1.331,0.422072174703,-0.129148356937
1.3315,-2.38791023987,0.639529488353
1.332,-0.202886398428,1.962772473
1.3325,0.192805226244,-0.752604065121
1.333,1.53719273854,-0.277144432339
1.3335,0.416694264372,0.905108572861
1.334,1.91829168483,0.582951902869
1.3345,-0.505026094237,0.126826346847
1.335,0.627438513997,0.772958546263
1.3355,-0.878555338491,-1.16153649767
1.336,0.574517240651,-1.96956453897
1.3365,1.00015472187,-1.43151386259
1.337,-0.611953166311,-0.0805559464081
1.3375,0.0767019494497,-1.61246060264
1.338,0.0959391490428,-0.197827400832
1.3385,1.67389952087,0.245121475067
1.339,0.0975480606533,0.906837710268
1.3395,-0.220511447246,0.643314423072
1.34,-0.222717009973,0.410817481471
1.3405,-2.56578125009,0.00729610109278
1.341,-0.371214540255,1.80494061701
1.3415,0.513835790491,-0.245797976904
1.342,-0.425184717267,-0.514998015404
1.3425,-0.259273122671,-0.758997693082
1.343,0.159374045119,-0.0205048406685
1.3435,0.940536377117,-0.757149793568
1.344,0.248479783249,0.393979281046
1.3445,0.193708853125,1.25344066077
1.345,0.270969176984,-1.02187198028
1.3455,-0.943365633443,1.66574310653
1.346,-1.10073562262,1.09076394007
1.3465,-1.09597990083,0.146541302364
1.347,0.264873255797,-3.28327004422
1.3475,-1.07589451693,0.0978851253686
1.348,0.580058906583,-1.24183420668
1.3485,-0.881712064738,-1.28346606216
1.349,-0.164009441155,-0.842573060343
1.3495,0.994140588375,1.02392952054
1.35,2.32208353458,-0.326866108466
1.3505,0.379510203151,0.966163762131
1.351,-2.12266919118,-0.421661873841
1.3515,-0.33615205116,-0.683632992483
1.352,0.48667988153,0.363846010164
1.3525,0.683615092736,0.167631869919
1.353,-0.833132768609,1.01410813999
1.3535,-2.04728279316,-0.645896560528
1.354,-0.143368233817,1.37828948879
1.3545,-0.772512445852,0.277724802389
1.355,-0.871962915899,-0.184456453133
1.3555,-1.78104403858,1.54933055953
1.356,-0.0267992176348,0.922539881672
1.3565,-2.00649497587,0.0162428171842
1.357,-0.732417087009,-2.08773647395
1.3575,-0.386302497749,-0.331791068585
1.358,-0.501034596874,-0.273772047208
1.3585,-0.164670311195,-1.65547056281
1.359,1.28967882517,-1.48865000491
1.3595,1.44075261706,1.23542096706
1.36,-0.267092204466,-0.253445491961
1.3605,-0.958419049996,-0.715069202291
1.361,-1.30470269212,2.23186456024
1.3615,-1.23618029614,-0.0426979644733
1.362,-1.01753018128,0.383267833465
1.3625,0.577185125826,1.53152303146
1.363,0.289108734245,0.574258624643
1.3635,-1.16885177603,1.19723163045
1.364,-0.849382467211,-1.24595105661
1.3645,1.05153681799,0.723257957429
1.365,-1.93274977346,-0.275277882755
1.3655,0.284502563578,-0.850449903256
1.366,0.948149703074,-0.30744583363
1.3665,-0.658748014552,0.27851718502
1.367,0.46603658936,-0.24710623104
1.3675,0.356100084022,-0.754578364863
1.368,-0.0158056011778,0.234315129543
1.3685,-1.25649201362,0.259658863969
1.369,-0.228509924036,0.557603246142
1.3695,-1.3852065995,-0.144301162598
1.37,-1.15298556609,0.235889441613
1.3705,1.12372470014,0.698712156601
1.371,-0.554587133566,-1.1399972087
1.3715,-1.74499930149,0.628398218371
1.372,0.640264583855,0.0581939111609
1.3725,1.05226223955,1.41323710943
1.373,1.13385184908,-1.14909786837
1.3735,0.566052676507,-0.9314190905
1.374,0.245190440734,0.0178780001473
1.3745,-2.49463312301,-1.25339428087
1.375,0.666407004339,-0.324539818032
1.3755,-0.861010785762,-1.18556967647
1.376,-0.256418547722,1.1774751259
1.3765,0.692355677248,1.02757778911
1.377,0.434376813803,0.526122514301
1.3775,0.111871847398,0.183536962878
1.378,1.20279862995,-0.432042611067
1.3785,1.6641481668,0.0481656086519
1.379,-0.501684720579,1.29586755181
1.3795,-0.665032702607,-2.90834011195
1.38,2.22432850766,0.442424788794
1.3805,1.00922191292,-0.0562244236443
1.381,0.0677270435034,1.87801884149
1.3815,-0.649256878111,-0.515366357576
1.382,0.606175026623,-1.2663715089
1.3825,1.96301615897,0.132104036909
1.383,-0.456909468103,-0.612109898468
1.3835,0.818396521344,0.98612445311
1.384,-0.875952970042,0.732128976079
1.3845,1.16841730074,0.511771198998
1.385,0.372112357471,2.4192985258
1.3855,1.81244485596,-0.197316062555
1.386,0.754861015096,0.172845722033
1.3865,0.375666432836,0.0657335155587
1.387,-0.477294701057,-0.706858661098
1.3875,-0.656175978016,0.692952252502
1.388,-0.138908908095,2.1072190554
1.3885,0.840260856943,-1.2733319307
1.389,0.312413254436,-0.239025900002
1.3895,0.50917008726,1.78675278161
1.39,0.424722699544,-0.289313846206
1.3905,1.09577604808,-0.321621368843
1.391,1.89442376416,2.60105831407
1.3915,0.465191934254,-1.5276444
1.392,1.04858407088,0.548905182822
1.3925,-1.25530903169,1.65855191992
1.393,-1.69958978675,-1.54307428289
1.3935,-0.741577505064,0.0362044435056
1.394,0.68417490676,2.27087434818
1.3945,-0.916002614319,1.23754935113
1.395,-0.981163075229,-0.895391478792
1.3955,0.828776768793,0.282966079629
1.396,0.107136782712,0.714696124696
1.3965,0.0185409917845,-0.0204258093691
1.397,-0.525417108897,-0.064678405122
1.3975,0.80800768251,1.81620430365
1.398,0.373256538164,0.048294362639
1.3985,0.125389019532,1.98763204389
1.399,-0.887272672108,0.932653639508
1.3995,-1.12831120783,-0.0165575534124
1.4,1.6933930481,-0.0388182722457
1.4005,-0.490760223291,0.149983030537
1.401,-0.296482926133,0.79622511866
1.4015,-0.500904249709,-0.83073682852
1.402,-1.16530333252,0.993302275348
1.4025,-1.07666036421,0.084152101873
1.403,0.374905637089,-0.184681281268
1.4035,-1.89372457201,-0.48857110495
1.404,1.11904445595,-0.581241711365
1.4045,-1.36627749622,1.16907514195
1.405,-1.75385823806,-1.16871786797
1.4055,-2.03359560079,0.816111585499
1.406,0.0488391037276,-0.217882350784
1.4065,2.1936616375,0.905181693574
1.407,1.02442535873,-1.69762463492
1.4075,0.630320161731,0.80517736671
1.408,-0.186129251364,-0.253954912547
1.4085,0.811922044853,0.370200603985
1.409,0.366716283094,-0.998970281845
1.4095,0.304890284572,-0.592306313048
1.41,0.471004145258,0.349251369581
1.4105,1.81553802809,-0.824259054965
1.411,1.29042005146,-0.250073598113
1.4115,1.79475076239,0.677205268132
1.412,0.133375693614,-0.854664122393
1.4125,1.31146173569,-0.832755427774
1.413,0.904830037984,0.917101924483
1.4135,-1.11696527058,-0.0794828824822
1.414,-0.678482975975,-0.442898907057
1.4145,0.998589496563,-1.28340467369
1.415,0.200545093107,1.01580232834
1.4155,1.1515665098,-0.619927240432
1.416,0.287861961787,0.63998506431
1.4165,0.122392674177,-0.896588825323
1.417,-0.613514634003,-1.54306819178
1.4175,-1.78528496125,0.242792268762
1.418,1.04797684416,0.648649730095
1.4185,-0.389077304913,-0.942765694344
1.419,-0.0274415833439,-0.744821592632
1.4195,-0.518316468527,-1.4096147283
1.42,0.62843624674,-1.06710268353
1.4205,-0.209146834985,-0.243921802919
1.421,-0.50419950537,0.0478720987057
1.4215,-0.481649232004,0.686698229872
1.422,-0.461543648216,0.0905886515108
1.4225,0.0493490653884,-0.0838937609975
1.423,0.456228839283,-0.290783056977
1.4235,-2.55565155304,-1.7175186535
1.424,-0.826351316753,-0.268066457843
1.4245,-0.198981626527,-1.08818931761
1.425,1.09648433138,0.920981679427
1.4255,0.812112356928,1.03007716473
1.426,-0.507119411291,0.817523408537
1.4265,-0.891328936804,0.133993124971
1.427,0.0420835049509,1.83626778874
1.4275,-0.857654502141,0.510980321889
1.428,0.67776160478,-0.839528565629
1.4285,1.72529440826,-1.09865450517
1.429,1.2000211775,-1.6481005413
1.4295,1.01836054365,0.116298625273
1.43,-0.676009869796,-1.21067276362
1.4305,-1.90020829125,-0.0712354625074
1.431,-0.989507552049,-1.47479431222
1.4315,0.551018154693,-0.617434261705
1.432,1.97531218566,-1.83403769488
1.4325,1.22906065804,-0.628044331642
1.433,0.486686652909,-1.2396989479
1.4335,-0.666405745704,-0.290349663763
1.434,0.574610358784,-1.91086879132
1.4345,-0.578416203098,0.473604689492
1.435,-1.22378117557,-0.173217363746
1.4355,-0.679636398807,1.65489646825
1.436,-0.84923022694,1.79829732407
1.4365,1.69867041994,-1.01233853951
1.437,-0.537588547558,0.667265510515
1.4375,1.14129997832,-1.01751327026
1.438,0.335167031379,0.0430792356428
1.4385,0.167157572549,0.139973283765
1.439,0.533984439118,-1.60788400409
1.4395,0.485095939129,1.34788841201
1.44,2.22074920726,1.48000292646
1.4405,-0.85436414789,0.00304704697197
1.441,-0.26215188548,-0.589136289499
1.4415,0.539442723029,-1.03878031143
1.442,0.9519060968,-0.850918800553
1.4425,-1.05109540576,-0.611275993463
1.443,-0.166422468445,-0.849076208897
1.4435,1.4618505938,-0.740165977762
1.444,0.052743605591,-1.85428866071
1.4445,-0.0404241212828,-0.59841436396
1.445,-0.119141933369,-0.838747965371
1.4455,-0.503622833288,-0.201234203588
1.446,1.05209342219,0.242122517539
1.4465,-0.905502334234,-0.382442832935
1.447,0.644321702365,-0.186013554952
1.4475,0.515539088186,0.177962323849
1.448,-1.18813547524,0.277985341799
1.4485,0.639847582526,-2.32331220801
1.449,0.965954148402,-0.507343473643
1.4495,1.91545779352,-1.94456693462
1.45,0.678258195239,-0.202738209686
1.4505,0.14548541063,0.395765298872
1.451,0.480028867831,0.916012971376
1.4515,-1.0625136021,-1.96349004849
1.452,0.893368859198,0.867510684301
1.4525,0.931710072597,-0.506626298159
1.453,-0.998098403225,1.26100991143
1.4535,-1.70251958097,0.543858633478
1.454,-1.23917891445,-0.641650374675
1.4545,-0.225599027622,0.239581214432
1.455,-0.434701859067,0.588821026321
1.4555,1.33893131185,0.0220576969415
1.456,0.389187234738,2.91212124532
1.4565,-0.309459902865,0.89611362625
1.457,0.759010076876,1.37790518487
1.4575,0.219398569029,1.2973319533
1.458,-0.575803809833,1.05113647261
1.4585,-0.797599615495,-0.920773583224
1.459,-0.257867715098,1.3934190145
1.4595,1.40500198648,1.47554219871
1.46,0.940679685778,-0.00693767128692
1.4605,2.09102561451,-0.936199872423
1.461,-0.305968392127,2.01946229797
1.4615,0.60645552726,0.729737370683
1.462,-0.541820667838,-0.450059482178
1.4625,-0.501259605273,0.00587416043334
1.463,-0.835732087101,-0.764946232517
1.4635,-1.34478974513,-1.30035770408
1.464,1.12680293351,-0.667715029392
1.4645,-0.184454600636,1.87288669814
1.465,-1.2516788047,0.0779044469639
1.4655,-1.32665848338,-0.332023297605
1.466,-0.106755975423,0.217862365287
1.4665,0.171499203869,0.844504872475
1.467,0.25528821709,-0.726100081059
1.4675,-1.10313617095,-2.30442794282
1.468,-1.25666479621,-0.494992219178
1.4685,-1.75363950331,0.276973987961
1.469,0.425344291573,0.09208927618
1.4695,-0.080764054263,-0.780690744308
1.47,1.41991387696,0.544071282171
1.4705,-0.328001795261,-0.79458967265
1.471,0.28863876457,-0.315858938332
1.4715,-0.528269824895,-0.364693584238
1.472,-1.53592707321,-0.223844149758
1.4725,1.08628018347,-0.380177302058
1.473,-1.5493659653,0.289128583052
1.4735,0.757587351634,-1.08056528532
1.474,1.18233597542,0.817418453367
1.4745,-1.02248314634,1.57628308565
1.475,-0.440284438472,1.16307897829
1.4755,-0.128923846028,-0.125034930904
1.476,-0.491963096521,-0.185011533235
1.4765,0.792497712316,-0.196433496306
1.477,-1.61296328393,-1.15746805757
1.4775,-1.36884582445,-0.652954736783
1.478,0.147496162967,0.745845187492
1.4785,-0.928633052423,-0.402702572087
1.479,0.64407724357,-0.631851071052
1.4795,-0.97092899567,-1.88340459733
1.48,-0.746697268605,0.663109514389
1.4805,1.30972125944,-1.14247365004
1.481,-0.701384889323,1.0535607126
1.4815,-1.02627605661,2.32182699014
1.482,-0.206979011981,-1.7233399051
1.4825,0.0532548376261,-0.12743800364
1.483,-0.0062059633376,-1.1809221803
1.4835,-0.210985083543,1.68581753371
1.484,1.65340680392,0.683571262642
1.4845,-0.961069617625,1.51212942203
1.485,-0.0828836001316,-2.49700548894
1.4855,0.601928327986,-0.231564995619
1.486,-1.17927056902,-1.94128879661
1.4865,0.84544212557,0.133003400886
1.487,0.536749256597,-1.64784983879
1.4875,-1.09732047233,-0.48946634391
1.488,1.20668610801,0.880717588996
1.4885,1.2214042333,-0.985844716773
1.489,-1.21105138194,-1.60148954705
1.4895,0.737091365161,0.716921571717
1.49,-0.620557229051,-0.0821809403576
1.4905,-0.130316115125,0.609688665552
1.491,0.443447619416,-1.12868117362
1.4915,0.48958468702,-0.243067019884
1.492,-0.253453396367,1.47774676754
1.4925,-0.812442745924,-2.201195116
1.493,1.01899946717,0.338350930609
1.4935,-0.648953752486,0.270344949434
1.494,-0.169266407963,0.0963995188988
1.4945,-0.604440369843,0.973940106172
1.495,0.0528029364989,-0.0143106533382
1.4955,-0.863583267806,-1.39694379361
1.496,0.121410326217,0.987936727486
1.4965,0.0636863855493,1.2663593575
1.497,0.412397333735,0.582952701157
1.4975,0.608325891976,0.991243466219
1.498,1.92903516391,0.791547465225
1.4985,-0.0338889291701,0.324582226615
1.499,-0.0235018117131,1.08113368993
1.4995,-0.424308197409,-0.258480370393
1.5,-0.812884910295,0.383836977479
1.5005,1.41207561021,0.134988107512
1.501,-0.493201973129,0.557708354236
1.5015,-1.49672643129,-0.850650022392
1.502,-0.666092327827,-0.75698501046
1.5025,0.844496558746,0.0110675271885
1.503,-1.1182286046,0.897668493656
1.5035,1.47446467429,-0.554053517389
1.504,0.811995724633,1.82007029327
1.5045,0.155183295324,-0.339411226591
1.505,-0.651309549333,0.524584814968
1.5055,-0.63595407926,-1.0465444195
1.506,0.74519992661,-2.02637275952
1.5065,0.327210579907,-0.645113926892
1.507,-0.414510117,0.654302900224
1.5075,-1.5859497997,-1.40023365413
1.508,0.476858666165,1.98591070236
1.5085,-1.35940875736,0.25640387769
1.509,0.449458093017,-1.16749363405
1.5095,-0.311549975058,0.335999594161
1.51,-0.312724459644,-0.254175771253
1.5105,-0.276921870963,1.04132692169
1.511,-0.826901626801,-0.54744094172
1.5115,-0.194813821075,0.573035736225
1.512,0.556246603779,-0.664396957974
1.5125,0.140805258629,-1.48824618167
1.513,0.529426600246,1.20841179566
1.5135,-0.131487146233,-0.0485443364923
1.514,-0.0322452843342,-1.12413550729
1.5145,-0.882795356111,-0.155871667361
1.515,-1.24870898511,0.804496711418
1.5155,1.84426245629,0.945391646897
1.516,0.368952760655,0.468584054328
1.5165,1.16463896489,0.0938545364034
1.517,-0.44669440842,-0.183367210828
1.5175,1.72348409867,-0.179666396663
1.518,1.93117377288,0.0993380372438
1.5185,-0.498618808031,0.774426929537
1.519,0.88003073362,0.215291428607
1.5195,-1.77990719752,-0.392281883693
1.52,-0.390498558063,-0.00202113053989
1.5205,-0.0223626597997,0.312191203528
1.521,0.503693288049,-0.450604113153
1.5215,0.870991670854,-0.535887158694
1.522,-0.236106582841,2.4879318059
1.5225,0.526373562203,-2.01389353746
1.523,-0.0488068003931,0.058296097308
1.5235,2.12498273399,0.916643829949
1.524,-1.5778357472,0.576574518308
1.5245,-0.383100958984,-0.291823549725
1.525,0.168681191301,1.2094078337
1.5255,0.172915364354,0.864686952538
1.526,-2.37045490182,0.813583930698
1.5265,-0.873422091758,-0.488214106757
1.527,0.60770996398,-0.0864238908226
1.5275,0.358356715867,1.44182404943
1.528,-2.27495567443,1.08556819898
1.5285,-0.421988564653,-1.1870923851
1.529,0.311652339766,0.35788675448
1.5295,-0.101787251451,-1.50649318434
1.53,-0.389221513334,0.990430751456
1.5305,-2.25448619262,-2.71790263563
1.531,-1.3009705776,-2.47693466788
1.5315,-0.454200951943,-0.326499729559
1.532,1.24042943478,-0.715410845142
1.5325,-0.722061277679,-0.263895596932
1.533,0.0218126722325,0.483255461592
1.5335,-0.938945105317,0.842606401877
1.534,-0.00356238961073,-0.878947864802
1.5345,1.27614117831,-0.896263985624
1.535,-0.225481318082,-0.731770970352
1.5355,-0.177412080065,-0.521563814188
1.536,1.09785521958,-0.719362461567
1.5365,-0.96283901528,3.60179687872
1.537,0.0181281102492,2.02914808508
1.5375,-0.773053740986,0.425194602427
1.538,0.921836483203,1.37451474973
1.5385,-0.29703661356,-0.0950032816995
1.539,1.1005777869,-0.0290363640524
1.5395,1.7919697346,-1.7205624571
1.54,-0.803486319473,-0.780016313502
1.5405,1.28259789157,1.14373161962
1.541,1.34008347437,0.357081585251
1.5415,-0.183519359075,0.114092084826
1.542,-0.774445094994,-0.880008814299
1.5425,1.11754143383,-0.553211286999
1.543,0.0530000953491,-1.20309616589
1.5435,-0.357037683866,0.623278757966
1.544,0.31998236261,-0.505613676774
1.5445,-0.167915584494,0.361279691054
1.545,0.265440557047,-1.83983171467
1.5455,1.01737442959,-0.28495549117
1.546,0.503112302292,-1.32807506667
1.5465,-0.67141084602,1.26227558215
1.547,0.248046361951,0.492130341917
1.5475,-0.918113115948,-0.945635572537
1.548,-1.27384366351,0.122498120271
1.5485,0.221005608928,-0.603140774701
1.549,0.846480807982,0.924722227376
1.5495,-1.82645695553,-0.0340126481925
1.55,1.22491582722,-0.87990064291
1.5505,2.39447144824,-0.180811006825
1.551,1.80493943805,0.49167893803
1.5515,-3.20304984218,0.789003674451
1.552,0.68045123545,0.21633350689
1.5525,0.227906580798,0.331068287309
1.553,0.879492899854,1.26350748149
1.5535,1.43438857876,-0.123449478554
1.554,0.332592339994,-0.785865368435
1.5545,-1.57253401647,0.132138240188
1.555,-0.648353254111,0.135640268179
1.5555,0.187453913457,-0.710678331864
1.556,0.250945293366,0.384057067921
1.5565,0.786454390782,-0.985412594767
1.557,0.158625897634,-1.25625317753
1.5575,1.55457416645,0.00247821790385
1.558,-0.906753917174,0.250021809813
1.5585,-0.549892290921,1.5607278659
1.559,0.957764935426,-1.73707469943
1.5595,0.450029694471,-0.013211269321
1.56,2.14049264874,0.264736454474
1.5605,-0.912593350525,0.310061234582
1.561,-1.89105544193,-0.0356657230604
1.5615,-0.287168382117,0.265924646114
1.562,1.24133867631,-1.0601193069
1.5625,-0.734812435292,0.364873104263
1.563,-0.967652939577,0.292155560398
1.5635,0.691237858177,0.0826350067645
1.564,0.175352158962,-1.33531941215
1.5645,0.277930816937,-0.523566524521
1.565,-0.172533996409,0.442522553373
1.5655,-1.35520669417,-0.281332187249
1.566,2.43308862601,-0.036379389563
1.5665,-0.655411276759,0.789435321452
1.567,1.18339920483,2.05417983502
1.5675,-1.68045518627,-0.788068288447
1.568,-0.582854560667,-1.49406485373
1.5685,-1.63443464108,-1.10406669871
1.569,-1.39281460616,1.17149833818
1.5695,-1.54372333144,0.263958163629
1.57,0.588262136542,0.567961715951
1.5705,-0.139045949016,-1.26732121086
1.571,0.431844936712,1.35747588384
1.5715,0.41098112809,0.503571515334
1.572,-1.43537975187,-1.1943153443
1.5725,-0.324838308145,0.0267844595796
1.573,-1.69664422025,-1.42081621109
1.5735,1.66275524795,-0.244738479947
1.574,0.705712639887,2.01779938153
1.5745,-0.177283152125,2.48485985132
1.575,-1.87178811239,0.42503172164
1.5755,1.11631018546,-1.94106182124
1.576,-0.759671070465,-0.0634847690605
1.5765,-1.31934399394,-0.867076843361
1.577,-1.88179147874,1.52353268953
1.5775,1.65695274403,-0.158435921775
1.578,1.0435958074,0.642819017788
1.5785,-0.517957061698,-0.7478184039
1.579,0.852127220602,0.478456675998
1.5795,-1.88576536228,0.371256303672
1.58,1.38969129051,-0.0650022560527
1.5805,0.232366851477,-0.367645457324
1.581,1.80561620021,-0.721726802155
1.5815,0.581107052336,0.594912802252
1.582,-0.720343566762,0.418943578563
1.5825,-1.65092134036,-0.577402827121
1.583,1.17030640087,-0.287288626715
1.5835,-1.18088573509,-1.63826499784
1.584,0.907010590634,0.424982558212
1.5845,1.12980304779,-0.3364037081
1.585,-0.982271902469,0.437923589935
1.5855,0.68524568019,-0.5586048943
1.586,1.1849078254,-0.160836429387
1.5865,0.239738291735,-0.629697402758
1.587,-0.691437294508,-0.385546064182
1.5875,-1.94030472116,0.0221196227215
1.588,0.590227720908,-1.31979616722
1.5885,-0.312400971903,-1.492403941
1.589,-0.90639483764,-1.30728421383
1.5895,-0.644423917739,2.6855364233
1.59,-0.24575324125,0.973396832981
1.5905,2.38005797431,1.17330009549
1.591,-0.0618520661244,-1.16032203234
1.5915,1.118633045,1.0955430851
1.592,-0.878303030823,-0.368784384835
1.5925,1.62169298174,-1.66518545746
1.593,0.0316747132772,0.0617491614712
1.5935,0.440958013441,0.415887830517
1.594,-0.60655530908,-0.0445087042649
1.5945,-0.516058776697,0.459815200884
1.595,-1.12842609696,-1.18581486387
1.5955,0.862658355837,-1.46280477713
1.596,1.16015181513,0.0113807760929
1.5965,0.820998218063,1.00680513058
1.597,0.0461813828376,0.957421952198
1.5975,0.249946378576,-0.89912965722
1.598,1.34037587346,-1.70786278607
1.5985,0.0262198311145,0.469021529909
1.599,-0.389114401753,-0.270275529166
1.5995,0.268133325541,-1.2876122998
1.6,-0.328556019046,-1.67149917468
1.6005,0.858983681593,-0.158915410718
1.601,-0.117229208847,0.352697792712
1.6015,-1.18578461392,-1.18721963008
1.602,-1.42692288177,-0.586730542857
1.6025,-1.5415300917,-0.882516994421
1.603,1.54495864607,-0.356486571196
1.6035,0.0401149494104,1.25013985588
1.604,1.35868427477,0.941322923403
1.6045,1.51235916067,-1.32156230632
1.605,-0.259166066965,-1.11553575077
1.6055,2.51085031117,-0.767841224008
1.606,-0.113942812381,-0.240085381557
1.6065,0.496918028695,-0.409801461293
1.607,-0.732956340073,-2.29077113637
1.6075,0.470009252337,0.161748051737
1.608,-0.378174950871,-0.370989558914
1.6085,0.652819274346,-0.969529750946
1.609,1.90540099609,-0.714883910834
1.6095,0.712801980466,0.939507451996
1.61,-1.25248309232,-0.165406320464
1.6105,-1.44503158682,-0.862488739061
1.611,-1.0093079912,-0.625747059956
1.6115,1.95517186707,1.09988102443
1.612,-0.478072281269,0.192100493341
1.6125,-2.26820124522,-1.75285671354
1.613,-0.683771303425,-0.727061717709
1.6135,0.366207107766,0.0485387878749
1.614,-0.648221492069,-0.883304121659
1.6145,1.06520947715,-0.66803160287
1.615,1.33740158582,0.31717907882
1.6155,-0.662824075438,1.42960259456
1.616,1.37975919583,0.500081313075
1.6165,-0.758520107691,0.533194978033
1.617,1.851016705,-0.88484923282
1.6175,-0.475945987383,1.26153495965
1.618,1.55413118741,0.225930068759
1.6185,-0.0193655908958,1.10049907717
1.619,-0.756292707015,0.190212147851
1.6195,-0.0266625872698,-0.388055689324
1.62,0.198511308383,-0.426941692457
1.6205,-0.997733189736,-0.0911426800007
1.621,0.560477442039,0.469669574577
1.6215,-1.14159289944,-1.6700662045
1.622,-1.14230285182,0.862214535617
1.6225,0.0803469665346,0.262887830509
1.623,0.683843612967,1.84010697293
1.6235,-1.01871736742,0.217048480541
1.624,0.343274880862,0.509776968031
1.6245,1.39774685825,-0.836345614983
1.625,0.112936574368,2.04962240346
1.6255,-0.518094732991,-0.0477180117924
1.626,1.20852331922,1.29178174695
1.6265,1.71179202517,-0.0865886945469
1.627,-0.200184218108,-0.27991611254
1.6275,0.304489945401,2.09695661035
1.628,-0.292741016845,0.173643242768
1.6285,0.612654133224,0.957107770167
1.629,1.18293432128,1.11455406267
1.6295,-0.695886864107,-1.22137463856
1.63,1.94266186244,-0.144373749478
1.6305,0.117803366317,-0.202031567406
1.631,-0.228046456059,-1.34966583139
1.6315,0.539032888697,-0.781578878236
1.632,0.194405265744,-0.688247336416
1.6325,0.199546647018,1.05211494844
1.633,-2.40406177189,-1.00810721178
1.6335,2.09124046849,0.157107520088
1.634,0.55958863724,-0.629358249907
1.6345,0.123867052359,-0.179119299332
1.635,1.21560437807,-1.86695937786
1.6355,-0.151554590557,0.0999181593398
1.636,-0.210031204967,0.295401930261
1.6365,1.40050570437,-0.26716449482
1.637,-0.721782712847,-1.00825295685
1.6375,0.00425704080188,-0.462123990053
1.638,1.01202081216,0.67657575149
1.6385,0.249899023892,1.74501642777
1.639,0.602533354479,0.531358366973
1.6395,-1.14261121957,0.444811778605
1.64,-1.87164753843,0.100376254849
1.6405,0.851816725332,0.0267121406484
1.641,0.828301104929,0.711802848367
1.6415,1.42902824894,0.422382841469
1.642,1.90997268659,-0.0107877696535
1.6425,0.159085720621,0.0223602188515
1.643,0.492809428123,-0.244931240635
1.6435,1.20326280029,1.12534655509
1.644,-1.49517601663,0.276999568179
1.6445,-0.00935080176703,-0.716881211538
1.645,-0.353540114398,-1.29496722771
1.6455,0.393073953288,1.70093588687
1.646,1.62059597379,1.49700076406
1.6465,-0.00422376609103,0.0764799432937
1.647,-0.656476086437,-0.508111794875
1.6475,-0.888622383712,0.346918710191
1.648,-1.00360584425,0.550362852034
1.6485,0.0433067847743,-1.98264769579
1.649,-2.4052662258,-0.796099247238
1.6495,0.991530566281,-1.58359031033
1.65,0.0679590561584,-1.40248295285
1.6505,-0.265168850536,0.222303614594
1.651,0.0113642831675,0.381412400015
1.6515,-0.299211889868,1.05909870868
1.652,1.40871282436,0.46288273082
1.6525,-1.47248116489,0.356519850935
1.653,-1.85505528546,-1.18855001079
1.6535,0.443803727368,0.45642248979
1.654,-1.38623980229,-0.743490528783
1.6545,0.289961419913,0.104699508899
1.655,0.508883629557,-0.498444416908
1.6555,-1.88219247721,-0.801314593697
1.656,-0.0460719965972,-0.0371727369857
1.6565,0.736961774472,1.03850204646
1.657,-0.548662467363,1.07001147648
1.6575,-1.00878263773,-1.10298014876
1.658,1.3256145417,-0.0139583258302
1.6585,-1.09159732287,-0.53812012972
1.659,0.129357234454,-0.670891271748
1.6595,0.782186523519,-0.10109605191
1.66,-1.04489824351,-0.130643077018
1.6605,0.611118069977,0.805587335756
1.661,-0.828846680378,0.642859412036
1.6615,0.414407697667,0.11091530817
1.662,-0.00591006738884,-0.420828206844
1.6625,1.24448304845,-1.74141888712
1.663,1.04032139637,0.425748191123
1.6635,1.08648204227,-0.672732825667
1.664,-0.909232933411,0.422384862887
1.6645,0.223356913133,0.332941121222
1.665,-0.674096942401,1.97902813506
1.6655,2.37552786813,-0.136073144664
1.666,-0.196278731417,0.823724968365
1.6665,-0.0895962285653,-0.841227125075
1.667,-0.848963440098,-0.821929441687
1.6675,-0.111515676186,1.18789492204
1.668,-1.04484346327,-1.92412182033
1.6685,0.397399287689,-0.383729401169
1.669,0.628116270202,-1.13173110634
1.6695,-1.07314873058,0.984285840072
1.67,-0.830429307188,-1.70493976152
1.6705,0.6804809555,0.402473855165
1.671,-0.517335069164,0.400179280217
1.6715,0.446654141707,-0.567526220323
1.672,-1.09504738925,-1.78207416727
1.6725,2.80684753985,-0.104455887374
1.673,-2.69395878586,0.132964108147
1.6735,0.0926233153307,-0.134432425782
1.674,0.256264518345,0.368132631606
1.6745,0.750895278256,0.467392254494
1.675,-1.13274695254,-0.195919811862
1.6755,-0.308462602791,-1.1766696544
1.676,-0.0340286268232,-2.97783314655
1.6765,-0.477506667269,0.39020273341
1.677,0.591464983281,1.12833529536
1.6775,-0.359651222169,-0.426464186759
1.678,1.25459887697,-0.159807338482
1.6785,-0.619624183527,-0.239202191388
1.679,-1.52416311634,-0.32899516977
1.6795,0.869300747571,-2.94545412686
1.68,-0.20033901585,-0.527024410676
1.6805,-0.779955808676,0.0135738961451
1.681,0.580026933625,1.69715769277
1.6815,0.100207214922,-0.246222958627
1.682,0.56267045336,1.85289363441
1.6825,-1.49334132454,2.51059456497
1.683,0.363355095283,-0.703489926696
1.6835,0.906579490513,1.16685306971
1.684,0.220714093234,-0.159452069852
1.6845,-0.998604800488,-1.71851688028
1.685,0.988846758483,-0.315919678542
1.6855,0.951259887429,0.878148785787
1.686,-1.2654343869,-0.834095196534
1.6865,-1.3542720703,-1.74768343157
1.687,-0.749047068287,1.15455099843
1.6875,0.219476797775,-0.247584646748
1.688,-0.567182072318,-0.45907370851
1.6885,-0.675854900389,-0.240833266856
1.689,-1.51641562992,0.00892647248029
1.6895,0.297290813909,-0.62502315727
1.69,1.38065901212,-1.63559954581
1.6905,-0.184849742448,-0.569872037613
1.691,1.46403244252,0.0667331287171
1.6915,-0.501070221947,0.954486267314
1.692,2.4627635895,-1.00684748875
1.6925,-1.5915692952,-0.967112048218
1.693,0.602088106486,0.378591508041
1.6935,-0.552670016467,-0.756841705752
1.694,0.591121666324,-0.0337989348638
1.6945,-2.14389476266,-0.061271844519
1.695,-0.316375587592,0.135959580327
1.6955,1.11147492947,0.521788241139
1.696,0.835266942722,-0.163732741235
1.6965,0.800486071899,-1.51674889432
1.697,0.814890169312,-0.334653919157
1.6975,-0.785032453275,0.222348837492
1.698,-0.0146162123374,0.910913662756
1.6985,1.23156987564,0.776184346306
1.699,-2.03385980634,1.83784263557
1.6995,1.33081752864,0.419515987596
1.7,1.28180606365,-0.0341309009508
1.7005,-0.345570149009,0.275533772701
1.701,0.0794359985384,0.618458508425
1.7015,0.314303492504,0.265551329898
1.702,-0.7144522732,-1.6417819706
1.7025,-1.03897150664,-0.823396540995
1.703,-0.225810153175,0.53866342621
1.7035,1.54721331046,0.5901966932
1.704,-2.10035373569,-0.778591728514
1.7045,0.58556444144,1.62564365789
1.705,2.34745325116,2.23759921198
1.7055,0.0948650071328,-0.421906730129
1.706,-0.0561023887725,-0.677194120646
1.7065,-0.999670917827,-0.055093766924
1.707,-1.29325796467,0.314658797176
1.7075,-0.807846658812,1.17154590316
1.708,0.494543544456,-1.15741079906
1.7085,-1.04244745417,0.958467623751
1.709,0.746619675082,-0.259621418168
1.7095,-0.876934575925,-0.597180404927
1.71,0.12675485197,1.46412549501
1.7105,0.814358050116,1.08292318984
1.711,-0.507758984307,0.121564107374
1.7115,0.527649034937,0.442771233308
1.712,-0.98062818547,0.429551170841
1.7125,-0.745492205143,0.421103489079
1.713,0.339755548496,-0.963292424811
1.7135,1.52591206526,1.48628490306
1.714,-1.69628516678,-0.74757896294
1.7145,0.58044498358,-0.123588676021
1.715,-2.5069256818,-1.84789095572
1.7155,-0.661411389743,0.498232794373
1.716,-1.31294448806,0.111513011903
1.7165,-0.658418267244,-0.800035672984
1.717,-0.642614296101,1.8221402181
1.7175,-1.80034353756,-2.62438483496
1.718,1.14064195384,-0.506056723297
1.7185,0.432256732852,1.10201427541
1.719,-0.635664031651,-1.98867409408
1.7195,1.61466086857,0.297703167522
1.72,0.86977328761,2.93489376207
1.7205,0.318573469614,0.483969453533
1.721,0.389263915158,-0.875942259173
1.7215,-0.593496252393,0.886341108083
1.722,0.274162832834,-1.18108772867
1.7225,-1.86960663144,2.05347304053
1.723,0.111103691807,1.76925537614
1.7235,0.112769743444,0.0160111005976
1.724,0.319417571713,-1.92062589841
1.7245,-0.384204331283,1.28017070806
1.725,-0.635769768803,-1.13695149761
1.7255,-0.637744511981,0.128813269498
1.726,2.9284078264,-0.499936293063
1.7265,1.20137746683,-1.36710915046
1.727,0.870617314339,-1.14422371223
1.7275,-0.692556455784,-0.0952104915425
1.728,0.599882327343,-0.779924027832
1.7285,-0.183303642806,1.02581194087
1.729,-1.5752789175,1.6564053741
1.7295,1.03441655907,0.185221145798
1.73,-1.20280654596,-0.409926900083
1.7305,-0.677733765291,0.135389526046
1.731,0.570504973487,0.841576858649
1.7315,-0.0143211128748,-0.0324904496392
1.732,-3.00760766318,0.644868713038
1.7325,-1.68507505714,-0.487129380223
1.733,-1.9677404168,-0.894910660528
1.7335,1.95351870935,0.966569546319
1.734,-0.253798586411,0.442243560349
1.7345,-0.548037046959,-0.19440619938
1.735,0.588044392032,0.253888761123
1.7355,0.0989208306103,-0.535687659817
1.736,-0.85844858592,-1.70564215068
1.7365,1.77156165072,0.523289936516
1.737,2.12435130543,0.921405356226
1.7375,0.462037707552,0.0122453277977
1.738,-1.03433859539,-0.383994882949
1.7385,0.765642423274,-1.10314257038
1.739,0.440983378613,-0.121119810543
1.7395,0.848786108759,0.274364878769
1.74,1.54405561368,-0.0967816029257
1.7405,0.506759639477,1.06098415163
1.741,0.965280353517,0.998050584224
1.7415,0.573141356085,0.189149655996
1.742,-0.772233471735,-1.38036394326
1.7425,-0.740188655295,-0.399742916134
1.743,-0.878501714335,-0.0405396766284
1.7435,-0.380684002736,0.971770617316
1.744,-1.30409605265,1.40070672726
1.7445,0.00626338532671,-0.626499078603
1.745,1.53839841249,-0.326608358772
1.7455,-0.370764325014,-1.15388904884
1.746,0.503105957612,-0.104763367124
1.7465,-0.475396944047,-0.255058483528
1.747,-0.664996502319,1.14215689846
1.7475,0.0313520523683,-0.444711275884
1.748,-0.0800123983801,-0.0241097050111
1.7485,-1.69565460454,-0.706373690488
1.749,-0.492925453091,-0.757385317678
1.7495,-0.460172006785,1.4427018748
1.75,0.321726764805,-0.540859268535
1.7505,-0.409425889527,1.06232396385
1.751,-1.72047602864,0.133377657135
1.7515,-0.784501567094,-0.711059137505
1.752,-1.23117263911,-0.663815378291
1.7525,-0.589764137246,1.01358443166
1.753,0.0760590012079,-0.616292414178
1.7535,-1.22289949556,1.22656328798
1.754,0.219917835166,-2.16976046979
1.7545,1.66214752316,0.0666739509731
1.755,-0.125345305067,-0.444267315209
1.7555,-0.208203611006,0.641583404457
1.756,-0.719104702614,1.61993566267
1.7565,0.311890197467,0.0334016319571
1.757,0.928306337256,-0.607585012607
1.7575,0.426050470767,-0.219460147353
1.758,-0.318674700252,1.89821714077
1.7585,2.18764266577,0.345010012611
1.759,0.886774704621,-0.987404705444
1.7595,0.0765913966954,-0.236639397462
1.76,-1.6611482748,0.131585132714
1.7605,0.689288268181,0.889424272106
1.761,0.149269774532,0.0518235252848
1.7615,-1.05945161226,-1.25103466508
1.762,0.312226588124,-0.598647445562
1.7625,0.869445835495,1.03724093384
1.763,2.22534566266,-0.208770278881
1.7635,1.72226083796,-0.706142594575
1.764,-1.03811576018,-0.441393013164
1.7645,0.123956923209,1.24991895198
1.765,1.30284300213,-0.655179253317
1.7655,0.881386079804,-0.494710208305
1.766,-0.339865171945,-0.296537189503
1.7665,-2.60485344047,0.13458608762
1.767,-0.274439987157,-0.0266111262355
1.7675,-0.476150273828,-0.388556060834
1.768,-1.05806032485,0.330406241039
1.7685,0.69871228754,-0.191431074438
1.769,1.07322286399,-0.732785595316
1.7695,-0.653388633028,-1.94681281293
1.77,-0.0621591561272,-0.150771323446
1.7705,-0.497225916174,-0.218734323538
1.771,0.986254718665,-1.86049790674
1.7715,1.81010680751,-0.723657619198
1.772,-0.268453398372,0.797676725103
1.7725,1.04228071214,-1.27427299796
1.773,0.598689958832,1.13339223583
1.7735,-1.09140503056,0.411169639734
1.774,-0.949524031317,-0.240558704805
1.7745,0.537695080714,0.957612250341
1.775,-2.03299972846,1.96727447534
1.7755,-0.370826425701,0.17503274287
1.776,0.790718251509,0.114233775726
1.7765,-1.54148132831,0.00926310021321
1.777,-0.111224348648,-0.582596320443
1.7775,-1.44202234941,1.44259844533
1.778,0.303639411233,-0.683508464386
1.7785,-0.645183489717,1.98116006247
1.779,0.795968494428,1.40644814147
1.7795,-0.657607300701,-1.30302686245
1.78,0.313300094989,0.675382121806
1.7805,-0.721230023569,0.193299227442
1.781,0.00202607745405,0.113603249323
1.7815,-0.619425684209,-0.0384697084105
1.782,1.01255690942,-1.39786409059
1.7825,0.850984102845,-1.35152601543
1.783,0.252857693096,0.0393025762945
1.7835,-0.917805636402,1.03708865267
1.784,1.60759321354,0.750962804178
1.7845,1.26819577269,-1.64639444877
1.785,0.318378041363,-0.95988831009
1.7855,-0.00844839277882,-1.00287266408
1.786,-1.72003532433,-0.468675888226
1.7865,0.502101544067,-0.266182145732
1.787,0.53039720978,-1.07899375059
1.7875,-0.634332161019,-1.0213316263
1.788,-0.382866533719,-1.13685601516
1.7885,0.161468307144,-0.991622011778
1.789,0.476905005246,0.570834053536
1.7895,-0.960517132723,-1.28339152947
1.79,-1.14164583826,-0.593479523593
1.7905,0.882967489454,-0.204502264124
1.791,1.73786105194,-1.61807001701
1.7915,2.05239373505,0.618090721977
1.792,-1.23596391145,-0.470947305404
1.7925,0.482851768213,-0.294567238267
1.793,-0.807967231456,-2.37747394638
1.7935,0.540597352677,0.695594296906
1.794,1.22042289027,-1.02104858973
1.7945,0.310911235949,-1.57272226009
1.795,-2.40447861453,2.01392275431
1.7955,-0.518199095088,-1.54946585153
1.796,-0.413695845338,1.29133039481
1.7965,0.581192520379,-1.19199450669
1.797,-1.59707109994,-0.0825360792357
1.7975,0.984280249011,0.904174960329
1.798,-0.725536033299,-1.42303281714
1.7985,0.720687913834,-0.956904103921
1.799,-1.86113191315,1.11226521719
1.7995,2.92202265346,-0.14809888535
1.8,0.224216030539,-0.00206604655521
1.8005,-0.245612174884,0.618774110769
1.801,-0.394919383054,-0.39744969908
1.8015,0.664138945342,-0.135229167559
1.802,-0.681137161884,0.867988910947
1.8025,-0.286906109288,-0.870188231791
1.803,0.0547138721113,0.618540879002
1.8035,1.23813908567,0.542870427641
1.804,-0.742122228545,0.656628250154
1.8045,-0.775804243916,-1.37042449495
1.805,-1.09100643569,-0.96408448151
1.8055,-1.04972156973,-1.20471290577
1.806,-1.13386152773,-0.0950810085336
1.8065,0.0807259342434,1.81456451191
1.807,0.346816756869,-0.190241854808
1.8075,-1.36338006779,0.0601179401421
1.808,1.47402579903,0.537337473293
1.8085,0.837303918346,-0.674168704766
1.809,-0.176748929749,-1.0840450573
1.8095,-0.566295925832,-0.473313557649
1.81,-0.273170283434,-0.389513646534
1.8105,-0.493635614827,0.617511769201
1.811,-1.92261296102,1.24334447184
1.8115,0.410584329939,0.402004298243
1.812,-0.603326561863,0.716787982101
1.8125,0.526470843983,0.857732992357
1.813,1.03515415488,-0.186370164793
1.8135,-0.330763725499,1.02511836022
1.814,0.0256920697394,-1.39916868551
1.8145,0.51862017583,1.56728184351
1.815,-0.0817349172321,-0.824045889374
1.8155,-0.108599206318,-1.51229245016
1.816,-0.0968687939859,0.561170072176
1.8165,1.22574263428,0.984520303588
1.817,0.180300426235,-0.190530375644
1.8175,-0.378374058499,0.605195511997
1.818,1.31993124096,-0.864579865288
1.8185,-0.429944969498,1.04707651038
1.819,0.161606084224,-0.0644297034995
1.8195,0.264896848897,0.482914161509
1.82,0.454913442017,0.23594824247
1.8205,0.723312059284,2.8150402949
1.821,-0.636896348415,0.646140494909
1.8215,0.546837677858,-0.695134699557
1.822,-2.01333234099,-0.931046147373
1.8225,0.486204365315,2.21422190366
1.823,-0.427729198441,-0.331154656523
1.8235,-0.298491779856,1.56450385506
1.824,0.863856924103,1.27040016298
1.8245,0.89567896432,0.215861826717
1.825,-1.6995093587,-0.672199774086
1.8255,-0.33820748908,-0.331334037816
1.826,0.506888523843,-0.46966582063
1.8265,-1.43926910087,-0.493942102201
1.827,-1.07609772818,0.916393157426
1.8275,-0.958254696114,0.560287199122
1.828,0.305251743117,1.27872603455
1.8285,0.238439162294,-1.31650646486
1.829,-0.501064479222,1.07242085787
1.8295,0.0100835037845,0.658815890991
1.83,0.330097853896,1.02177785508
1.8305,0.209836396029,0.468395699499
1.831,-0.727505397461,-0.945039828705
1.8315,1.37628153025,0.120652305519
1.832,1.00620462638,0.729611336497
1.8325,0.747891323777,-0.057429369024
1.833,-1.37824061394,1.12131077741
1.8335,-0.0515275142596,-1.72485601771
1.834,-1.00340636997,-0.30506805513
1.8345,-0.797960473152,-1.59912069053
1.835,-0.907127778445,-1.68917548658
1.8355,0.814923069597,0.114833463848
1.836,1.26095680653,0.427585154564
1.8365,1.33812309295,0.0440563800109
1.837,0.929163248663,0.864868455753
1.8375,0.601601521097,1.12595079237
1.838,0.665147666527,0.0893919672126
1.8385,-0.249282053584,0.0469053252147
1.839,-0.18455859353,-1.86661804834
1.8395,-1.81915276926,-0.283215633002
1.84,0.998100738019,-0.321757257977
1.8405,-0.670625161858,-0.105819970257
1.841,-0.338443123511,0.998329814632
1.8415,-0.656363305488,0.475008334878
1.842,-0.662220311429,-1.70014656712
1.8425,0.713718581424,0.185926208594
1.843,0.565517254876,-1.1915447049
1.8435,-1.07868229586,2.03571441653
1.844,1.48943328586,0.390091962282
1.8445,-0.12159392841,-0.288404873822
1.845,-0.587381219794,-0.947906921909
1.8455,-1.23958882102,1.57369843391
1.846,0.722855336714,-0.7652792321
1.8465,0.709007836304,0.398414642781
1.847,1.04342183563,0.985698519589
1.8475,-1.84321524122,0.304468851342
1.848,-0.10158828081,0.656801176649
1.8485,-1.14983443522,1.47583938238
1.849,0.962112598056,0.205549481036
1.8495,1.35266294681,0.456165901743
1.85,-0.839446551298,1.45553810479
1.8505,-1.77087989606,-1.13060993461
1.851,-0.0860282521018,0.380730263552
1.8515,0.794052482379,-0.811759159401
1.852,-0.334111024469,-0.222792905285
1.8525,-1.91572254997,2.13045015702
1.853,0.72965460517,1.24078194375
1.8535,-0.562835447112,0.0517796344086
1.854,1.51992677625,1.41577026029
1.8545,1.82193392326,1.17508451158
1.855,-1.53123813477,-0.796080927422
1.8555,1.07815394667,2.12113836267
1.856,-0.564037368821,-1.08765719754
1.8565,-0.0680404971194,1.2337004984
1.857,1.02001577854,-0.309621238991
1.8575,-0.130639639323,-0.739896183298
1.858,0.174747557222,0.476198561147
1.8585,-1.14063461299,1.40609278575
1.859,1.42975646411,-1.14277335178
1.8595,1.80815423031,-2.81996778443
1.86,2.09609408852,-1.58134497942
1.8605,0.986854452803,-0.808275715615
1.861,-0.473365222682,-0.00482363727219
1.8615,0.493797876862,-1.33979331888
1.862,-1.20965950806,-1.11998685588
1.8625,-1.06512730399,-0.698574703713
1.863,-0.246944845834,-1.81872668401
1.8635,0.206251137019,0.582161595787
1.864,-0.0039516066036,-1.60554591031
1.8645,0.972559818164,-0.19894736189
1.865,-0.425745843735,0.377819428806
1.8655,0.371396496808,-1.46954662627
1.866,-1.48977655546,1.00918028593
1.8665,0.609079704023,-1.57694303522
1.867,-0.626377931212,0.330198972293
1.8675,-0.295662473654,-1.70758507886
1.868,0.4474032074,0.687063085922
1.8685,-0.0274792257599,0.0183500263214
1.869,-1.37730178377,-0.866546700108
1.8695,0.777132811566,1.49905540451
1.87,-1.48173313517,-0.408283581188
1.8705,-0.354095033884,0.118351704103
1.871,0.0180590426683,1.12942714116
1.8715,0.397238558737,-0.643769363301
1.872,-0.0217220246604,-0.51667063868
1.8725,0.343638074746,0.73330033443
1.873,1.61758064648,-0.38201348204
1.8735,-0.780846466266,0.529049477323
1.874,0.99650918996,1.02046655785
1.8745,-1.1281205311,0.243084806429
1.875,-0.540009548046,0.523090920752
1.8755,-1.01309343681,0.189971388431
1.876,-1.68543299434,-1.0883602436
1.8765,1.55120869624,-0.75889876153
1.877,0.15219969841,-0.884920742206
1.8775,0.802593261739,-1.41298869931
1.878,-0.613557736454,0.921213593769
1.8785,-0.0115501345793,-1.06401006717
1.879,1.1779784417,-0.609812343943
1.8795,0.252181064213,-0.062078573922
1.88,-0.760686369659,-1.31349004287
1.8805,-0.799200390179,-1.22946885359
1.881,-0.337106489806,1.39513878768
1.8815,2.17889475424,1.20567274551
1.882,1.70104799224,2.19353045514
1.8825,-1.10333780993,0.81505298788
1.883,-0.035613654016,1.31300093805
1.8835,0.258355126946,0.4216356593
1.884,0.439366127766,-1.80555577531
1.8845,-1.95987598678,1.15971397673
1.885,0.280210402931,0.232129884076
1.8855,0.583412791874,0.53704775041
1.886,-0.652700656791,-0.580902159267
1.8865,0.439659364599,0.74006562957
1.887,1.40153513165,-1.01728326981
1.8875,-0.13846143958,0.521532084466
1.888,0.344286044939,0.847473989886
1.8885,1.03408723907,-1.39349482077
1.889,-0.160405480188,0.574368512058
1.8895,-0.101645781854,0.696246533145
1.89,0.417509751625,-0.473454467673
1.8905,-1.43849170534,0.234869095596
1.891,-2.08901247257,-0.0709285390163
1.8915,0.492862547778,0.790420441104
1.892,-0.0189366880925,0.458402613093
1.8925,0.12735731812,1.07966639727
1.893,-0.0453494407597,0.101214150742
1.8935,1.34538799396,2.69149373234
1.894,1.00860632782,0.603553569161
1.8945,0.50669431951,2.64959363893
1.895,1.1643452947,1.52926903437
1.8955,-0.585731418952,1.41448834803
1.896,-1.25471356584,0.120329447188
1.8965,0.746099976623,-0.419091939354
1.897,-1.95009918543,-0.853498324143
1.8975,-0.984874427866,-0.240410983875
1.898,-2.07102456849,-0.153232442819
1.8985,-0.579586479541,0.508027642018
1.899,0.521869678908,0.0546888756301
1.8995,-0.431797338589,1.27356047126
1.9,-1.21398122116,-1.00036197066
1.9005,-0.54377822905,0.0647382381032
1.901,-0.860199285027,1.85635268382
1.9015,1.51509398783,1.25494156412
1.902,0.850883050115,-0.539897945819
1.9025,-0.365689597419,-0.124459783833
1.903,1.06359223568,1.54428284592
1.9035,0.524180371199,1.36602733581
1.904,0.394888700512,-1.41538780919
1.9045,-0.540152167733,-0.131606633623
1.905,0.93382121145,-0.439700416197
1.9055,0.246178541566,-0.929257646319
1.906,-0.331407872325,0.854817772888
1.9065,-0.141470348943,0.0227452576135
1.907,-0.71399151951,-0.426771442588
1.9075,-1.51819434812,0.254043209633
1.908,-0.847151607483,-1.49489250719
1.9085,0.459470121323,-0.959734524428
1.909,-0.171697849215,1.66040436881
1.9095,1.54617920187,-0.596533951254
1.91,-0.192832524626,0.0897299777802
1.9105,-0.89433216754,-0.640537437987
1.911,0.728311326863,2.18717396481
1.9115,0.12259466107,0.0215354105817
1.912,-0.393937954538,0.458203161895
1.9125,-0.556668630762,-0.592468300932
1.913,-0.174022808056,0.665623844785
1.9135,-0.449715546497,-0.532270275505
1.914,1.39332464215,-1.6227190913
1.9145,0.517602690548,0.168323139682
1.915,-0.304163053228,-0.236351824466
1.9155,-0.315023415866,-1.44327830778
1.916,-0.45294054409,0.258647921411
1.9165,1.03140857366,-0.439302786745
1.917,0.35909426572,1.32613112675
1.9175,-1.04863782041,0.276638048498
1.918,-0.500338361531,-1.12048094334
1.9185,-1.24908293723,0.523256184711
1.919,0.446982722482,0.295848079789
1.9195,0.0288499853124,0.91426061124
1.92,2.26512861824,0.738585799726
1.9205,-0.0948315599749,-1.03895118127
1.921,-0.405129693386,0.742257168111
1.9215,-0.255808445958,-0.113952901147
1.922,-1.48654971815,0.528986020194
1.9225,0.202641153771,0.679782795511
1.923,-0.91582511649,1.43099144811
1.9235,-0.420655148813,-0.0664486184541
1.924,0.779506383604,-0.655111617442
1.9245,0.242313758627,-0.723553002581
1.925,-0.209163070729,-0.520055810175
1.9255,0.43571441311,-0.878887929494
1.926,-1.35732553933,-1.52758787983
1.9265,-0.601661006902,-0.249513484152
1.927,0.643849672094,-0.96472468962
1.9275,-0.351340210369,-0.79891249967
1.928,0.461066201738,0.396073829113
1.9285,0.62928034439,-0.693884630931
1.929,1.37182970119,0.022180003918
1.9295,1.07289583744,-0.254494421324
1.93,1.53766327325,-0.920289916488
1.9305,0.66789791662,0.521633084404
1.931,-1.18381447742,0.892072391375
1.9315,0.311146197733,1.42222435699
1.932,-1.5828391853,1.94125489562
1.9325,-0.76544227702,-0.133319289519
1.933,-0.17217826616,-1.20507643465
1.9335,0.149115033062,-0.983293058943
1.934,-0.0465632783903,-0.990520580695
1.9345,-0.268706449063,0.312056657015
1.935,-1.0760472632,1.57010333277
1.9355,-2.43698048251,-1.00203285254
1.936,0.108509414573,-1.34688132274
1.9365,-0.0071472967636,-0.910683533462
1.937,1.26265316893,-0.870293408914
1.9375,0.0732845725892,2.40496614057
1.938,-3.18757337636,0.810889508471
1.9385,-0.422055496579,-0.609672777057
1.939,1.81456002322,1.19728023929
1.9395,0.401535156445,-0.454704187706
1.94,-0.179558890459,0.434700352271
1.9405,0.407858619917,0.400459093781
1.941,-0.603471593057,1.04001256638
1.9415,2.25825394797,0.6297684352
1.942,-0.000964202601114,1.76565086426
1.9425,0.957829731155,2.18092990789
1.943,1.3722690115,1.53409788352
1.9435,-0.0112336344751,1.51500536396
1.944,0.382866083467,-0.291617181881
1.9445,0.0744597630323,0.0459720268357
1.945,-0.173230072214,0.288334793806
1.9455,-0.524185080003,-0.333778947441
1.946,0.782912019877,1.47393350583
1.9465,0.830932605076,-1.66986651404
1.947,-0.124253263168,-0.0744708341529
1.9475,0.677693517483,0.770095463216
1.948,-0.785044772969,0.813389219487
1.9485,0.518045564713,0.0212799311498
1.949,0.181603957869,0.634636140307
1.9495,2.10159785569,-0.233366243521
1.95,-1.20665225666,-1.319270168
1.9505,-0.465758270605,0.838650639458
1.951,0.00604737202375,-0.664090183271
1.9515,-0.491959436007,-0.394732774233
1.952,0.34087721298,-0.300268197962
1.9525,-2.11815362987,-0.66897641475
1.953,0.0353411474832,-0.133421212972
1.9535,0.438217027246,-1.07495999123
1.954,0.205966503689,-0.43771012864
1.9545,-0.674331403893,-0.474919680821
1.955,-0.367846702618,0.987316397247
1.9555,-0.42344242804,-0.219649606294
1.956,-0.708815854611,0.0925693160849
1.9565,-0.345047840202,-1.22512888701
1.957,1.78929542744,1.58161030776
1.9575,0.660865142028,0.923747926743
1.958,-1.47549243482,0.131040860191
1.9585,1.49689697889,-0.389831856372
1.959,-0.558521972636,-0.320004019151
1.9595,1.16234306666,0.757049762558
1.96,-0.154468786123,-0.385659809867
1.9605,-0.449566615919,-1.31859809249
1.961,-1.72285824818,-1.04414223898
1.9615,-0.622828506542,0.836319353538
1.962,0.318272353397,-2.20058911722
1.9625,1.40251994812,0.0456563941598
1.963,0.24071129972,0.531372168149
1.9635,0.771907457063,-1.83160635478
1.964,-0.471433515675,-2.40375492042
1.9645,1.18790809327,1.05538467113
1.965,-0.520506498337,0.0470732246452
1.9655,2.69936759542,0.672656356626
1.966,-0.165843005432,-0.235299692597
1.9665,-0.447483084537,1.46326291496
1.967,0.827465284343,0.253622293587
1.9675,0.238331682191,2.04818672217
1.968,-1.28374990998,-0.793910139017
1.9685,0.00340949664085,-0.129451549502
1.969,-1.66257036665,-0.0734460901625
1.9695,0.994732967057,1.50628870479
1.97,0.220465944747,-0.723954697566
1.9705,0.581163003588,-0.00894971816261
1.971,0.187521533037,-0.301892759895
1.9715,0.523767079579,0.621927033755
1.972,0.268728673807,0.409893177764
1.9725,-0.316572618458,0.112676918092
1.973,0.16784320827,0.461800631399
1.9735,1.07890020562,1.70382365639
1.974,-0.322586246364,0.650756064021
1.9745,0.78338565839,0.754735304053
1.975,1.04652395505,-0.187076042429
1.9755,-1.63651097973,-0.449754492644
1.976,-0.606795076398,0.267397190946
1.9765,-0.191069289245,-0.657690514103
1.977,0.960515461376,0.0488412412699
1.9775,0.250554525375,0.665288592899
1.978,1.02732657236,0.258588106037
1.9785,1.04434521657,-0.698141831885
1.979,-2.16990897287,1.05740436241
1.9795,-0.575401211511,-0.719629073085
1.98,-0.864842686281,0.422923371079
1.9805,-0.125088226248,0.230404098021
1.981,0.215111234125,-1.44000553076
1.9815,0.278650818463,1.25418085984
1.982,-0.00298236818939,-0.531448374153
1.9825,-0.202173926238,0.00882930436764
1.983,0.534930996193,-0.0889719249641
1.9835,1.56509723282,-1.71965390502
1.984,-1.02266990766,-0.192557872841
1.9845,0.621714997094,0.081608202585
1.985,1.17978582187,-1.95150857515
1.9855,-0.239129593637,0.481793459509
1.986,0.717705852149,-0.474795102667
1.9865,-0.516532835869,-0.538928336708
1.987,-0.157373523853,-0.580741113601
1.9875,0.0312499831648,1.44959122364
1.988,0.802031641222,0.55588291985
1.9885,0.847501928458,0.076810941085
1.989,-0.844030607451,0.279021895011
1.9895,-0.0160849341038,0.473294576839
1.99,0.225547768957,0.0974273716769
1.9905,0.0645465513992,0.71800104482
1.991,0.11293157102,0.727051359295
1.9915,-0.609846827846,-0.87259923555
1.992,-0.755718040048,-0.835130738309
1.9925,0.116917420393,-0.324682889361
1.993,-2.0153234967,0.225002601608
1.9935,-0.102581492097,0.838622078312
1.994,-0.389588333597,0.734179129829
1.9945,0.882411282802,0.632265919009
1.995,0.52735376077,-0.437645985069
1.9955,-0.644468684647,0.533384827122
1.996,-0.231237813042,-0.393468578253
1.9965,-0.262673643608,-0.600422956634
1.997,-0.887134635986,0.810753625148
1.9975,-1.58327059422,1.02955023554
1.998,0.676330942486,-0.83708435571
1.9985,0.729928726942,-0.0729240929067
1.999,-1.27472838156,-1.22445095892
1.9995,-1.60702091044,0.786155578733
