t_over_T,y1_case_0,y2_case_0,y1_case_1,y2_case_1,y1_case_2,y2_case_2
0.0,1.0,1.0,1.0,6.123233995736766e-17,1.0,-1.0
0.0015,0.9999555871089498,0.9999555871089498,0.9999555871089498,-0.009424638433144025,0.9999555871089498,-0.9999555871089498
0.003,0.999822352380809,0.999822352380809,0.999822352380809,-0.018848439715408054,0.999822352380809,-0.999822352380809
0.0045000000000000005,0.9996003076502565,0.9996003076502565,0.9996003076502565,-0.028270566770273207,0.9996003076502565,-0.9996003076502565
0.006,0.9992894726405892,0.9992894726405892,0.9992894726405892,-0.037690182669934576,0.9992894726405892,-0.9992894726405892
0.0075,0.99888987496197,0.99888987496197,0.99888987496197,-0.047106450709642554,0.99888987496197,-0.99888987496197
0.009000000000000001,0.998401550108975,0.998401550108975,0.998401550108975,-0.0565185344820245,0.998401550108975,-0.998401550108975
0.0105,0.9978245414574415,0.9978245414574415,0.9978245414574415,-0.06592559795137769,0.9978245414574415,-0.9978245414574415
0.012,0.9971589002606139,0.9971589002606139,0.9971589002606139,-0.07532680552793262,0.9971589002606139,-0.9971589002606139
0.0135,0.9964046856445924,0.9964046856445924,0.9964046856445924,-0.08472132214207344,0.9964046856445924,-0.9964046856445924
0.015,0.99556196460308,0.99556196460308,0.99556196460308,-0.09410831331851416,0.99556196460308,-0.99556196460308
0.0165,0.9946308119914323,0.9946308119914323,0.9946308119914323,-0.10348694525042246,0.9946308119914323,-0.9946308119914323
0.018000000000000002,0.9936113105200084,0.9936113105200084,0.9936113105200084,-0.1128563848734817,0.9936113105200084,-0.9936113105200084
0.0195,0.9925035507468237,0.9925035507468237,0.9925035507468237,-0.1222157999398893,0.9925035507468237,-0.9925035507468237
0.021,0.9913076310695066,0.9913076310695066,0.9913076310695066,-0.13156435909228245,0.9913076310695066,-0.9913076310695066
0.0225,0.9900236577165575,0.9900236577165575,0.9900236577165575,-0.1409012319375827,0.9900236577165575,-0.9900236577165575
0.024,0.9886517447379141,0.9886517447379141,0.9886517447379141,-0.15022558912075692,0.9886517447379141,-0.9886517447379141
0.025500000000000002,0.9871920139948192,0.9871920139948192,0.9871920139948192,-0.15953660239848627,0.9871920139948192,-0.9871920139948193
0.027,0.985644595148998,0.985644595148998,0.985644595148998,-0.1688334447127339,0.985644595148998,-0.985644595148998
0.0285,0.9840096256511397,0.9840096256511397,0.9840096256511397,-0.17811529026421002,0.9840096256511397,-0.9840096256511398
0.03,0.9822872507286887,0.9822872507286887,0.9822872507286887,-0.1873813145857246,0.9822872507286887,-0.9822872507286887
0.0315,0.9804776233729444,0.9804776233729444,0.9804776233729444,-0.1966306946154201,0.9804776233729444,-0.9804776233729444
0.033,0.9785809043254721,0.9785809043254721,0.9785809043254721,-0.20586260876988124,0.9785809043254721,-0.9785809043254722
0.0345,0.9765972620638246,0.9765972620638246,0.9765972620638246,-0.21507623701711337,0.9765972620638246,-0.9765972620638247
0.036000000000000004,0.9745268727865771,0.9745268727865771,0.9745268727865771,-0.22427076094938125,0.9745268727865771,-0.9745268727865771
0.0375,0.9723699203976766,0.9723699203976766,0.9723699203976766,-0.23344536385590534,0.9723699203976766,-0.9723699203976767
0.039,0.9701265964901058,0.9701265964901058,0.9701265964901058,-0.24259923079540743,0.9701265964901058,-0.9701265964901059
0.0405,0.9677971003288655,0.9677971003288655,0.9677971003288655,-0.25173154866849695,0.9677971003288655,-0.9677971003288655
0.042,0.9653816388332739,0.9653816388332739,0.9653816388332739,-0.2608415062898969,0.9653816388332739,-0.9653816388332739
0.043500000000000004,0.9628804265585876,0.9628804265585876,0.9628804265585876,-0.2699282944604964,0.9628804265585876,-0.9628804265585876
0.045,0.9602936856769431,0.9602936856769431,0.9602936856769431,-0.27899110603922916,0.9602936856769431,-0.9602936856769431
0.0465,0.9576216459576222,0.9576216459576222,0.9576216459576222,-0.28802913601476915,0.9576216459576222,-0.9576216459576222
0.048,0.954864544746643,0.954864544746643,0.954864544746643,-0.29704158157703475,0.954864544746643,-0.9548645447466431
0.0495,0.9520226269456766,0.9520226269456766,0.9520226269456766,-0.30602764218850065,0.9520226269456766,-0.9520226269456766
0.051000000000000004,0.9490961449902946,0.9490961449902946,0.9490961449902946,-0.3149865196553048,0.9490961449902946,-0.9490961449902946
0.0525,0.9460853588275453,0.9460853588275453,0.9460853588275453,-0.3239174181981493,0.9460853588275453,-0.9460853588275454
0.054,0.9429905358928645,0.9429905358928645,0.9429905358928645,-0.33281954452298657,0.9429905358928645,-0.9429905358928644
0.0555,0.9398119510863197,0.9398119510863197,0.9398119510863197,-0.3416921078914833,0.9398119510863197,-0.9398119510863197
0.057,0.9365498867481923,0.9365498867481923,0.9365498867481923,-0.35053432019125885,0.9365498867481923,-0.9365498867481924
0.0585,0.9332046326338985,0.9332046326338985,0.9332046326338985,-0.3593453960058906,0.9332046326338985,-0.9332046326338985
0.06,0.9297764858882515,0.9297764858882515,0.9297764858882515,-0.368124552684678,0.9297764858882515,-0.9297764858882515
0.0615,0.9262657510190667,0.9262657510190667,0.9262657510190667,-0.37687101041216253,0.9262657510190667,-0.9262657510190667
0.063,0.9226727398701149,0.9226727398701149,0.9226727398701149,-0.3855839922773965,0.9226727398701149,-0.9226727398701148
0.0645,0.9189977715934213,0.9189977715934213,0.9189977715934213,-0.394262724342951,0.9189977715934213,-0.9189977715934213
0.066,0.9152411726209175,0.9152411726209175,0.9152411726209175,-0.4029064357136626,0.9152411726209175,-0.9152411726209176
0.0675,0.9114032766354453,0.9114032766354453,0.9114032766354453,-0.41151435860510877,0.9114032766354453,-0.9114032766354452
0.069,0.9074844245411169,0.9074844245411169,0.9074844245411169,-0.4200857284118063,0.9074844245411169,-0.907484424541117
0.07050000000000001,0.9034849644330348,0.9034849644330348,0.9034849644330348,-0.42861978377512827,0.9034849644330348,-0.9034849644330349
0.07200000000000001,0.8994052515663711,0.8994052515663711,0.8994052515663711,-0.4371157666509331,0.8994052515663711,-0.899405251566371
0.0735,0.8952456483248117,0.8952456483248117,0.8952456483248117,-0.44557292237689633,0.8952456483248117,-0.8952456483248117
0.075,0.8910065241883679,0.8910065241883679,0.8910065241883679,-0.45399049973954675,0.8910065241883679,-0.8910065241883679
0.0765,0.8866882557005565,0.8866882557005565,0.8866882557005565,-0.4623677510409916,0.8866882557005565,-0.8866882557005566
0.078,0.8822912264349533,0.8822912264349533,0.8822912264349533,-0.47070393216533263,0.8822912264349533,-0.8822912264349533
0.0795,0.8778158269611217,0.8778158269611217,0.8778158269611217,-0.47899830264476095,0.8778158269611217,-0.8778158269611217
0.081,0.8732624548099202,0.8732624548099202,0.8732624548099202,-0.4872501257253321,0.8732624548099202,-0.8732624548099203
0.0825,0.8686315144381912,0.8686315144381912,0.8686315144381912,-0.4954586684324076,0.8686315144381912,-0.8686315144381912
0.084,0.8639234171928353,0.8639234171928353,0.8639234171928353,-0.5036232016357608,0.8639234171928353,-0.8639234171928354
0.0855,0.8591385812742723,0.8591385812742723,0.8591385812742723,-0.5117430001143448,0.8591385812742723,-0.8591385812742726
0.08700000000000001,0.8542774316992952,0.8542774316992952,0.8542774316992952,-0.5198173426207096,0.8542774316992952,-0.8542774316992952
0.0885,0.8493404002633166,0.8493404002633166,0.8493404002633166,-0.5278455119450663,0.8493404002633166,-0.8493404002633166
0.09,0.8443279255020151,0.8443279255020151,0.8443279255020151,-0.5358267949789964,0.8443279255020151,-0.8443279255020152
0.0915,0.8392404526523817,0.8392404526523817,0.8392404526523817,-0.5437604827787922,0.8392404526523817,-0.8392404526523819
0.093,0.8340784336131712,0.8340784336131712,0.8340784336131712,-0.5516458706284302,0.8340784336131712,-0.8340784336131712
0.0945,0.8288423269047619,0.8288423269047619,0.8288423269047619,-0.5594822581021668,0.8288423269047619,-0.828842326904762
0.096,0.8235325976284275,0.8235325976284275,0.8235325976284275,-0.5672689491267563,0.8235325976284275,-0.8235325976284277
0.0975,0.8181497174250235,0.8181497174250235,0.8181497174250235,-0.5750052520432786,0.8181497174250235,-0.8181497174250235
0.099,0.812694164433094,0.812694164433094,0.812694164433094,-0.5826904796685759,0.812694164433094,-0.8126941644330941
0.1005,0.8071664232464003,0.8071664232464003,0.8071664232464003,-0.5903239493562943,0.8071664232464003,-0.8071664232464004
0.10200000000000001,0.8015669848708766,0.8015669848708766,0.8015669848708766,-0.5979049830575189,0.8015669848708766,-0.8015669848708766
0.10350000000000001,0.7958963466810158,0.7958963466810158,0.7958963466810158,-0.6054329073810013,0.7958963466810158,-0.7958963466810159
0.105,0.7901550123756904,0.7901550123756904,0.7901550123756904,-0.6129070536529763,0.7901550123756904,-0.7901550123756905
0.1065,0.78434349193341,0.78434349193341,0.78434349193341,-0.620326757976556,0.78434349193341,-0.78434349193341
0.108,0.7784623015670235,0.7784623015670235,0.7784623015670235,-0.6276913612907004,0.7784623015670235,-0.7784623015670236
0.1095,0.7725119636778645,0.7725119636778645,0.7725119636778645,-0.6350002094287605,0.7725119636778645,-0.7725119636778647
0.111,0.7664930068093498,0.7664930068093498,0.7664930068093498,-0.6422526531765844,0.7664930068093498,-0.7664930068093498
0.1125,0.7604059656000309,0.7604059656000309,0.7604059656000309,-0.6494480483301835,0.7604059656000309,-0.760405965600031
0.114,0.7542513807361038,0.7542513807361038,0.7542513807361038,-0.6565857557529563,0.7542513807361038,-0.754251380736104
0.1155,0.7480297989033825,0.7480297989033825,0.7480297989033825,-0.6636651414324586,0.7480297989033825,-0.7480297989033825
0.117,0.7417417727387392,0.7417417727387392,0.7417417727387392,-0.67068557653672,0.7417417727387392,-0.7417417727387393
0.11850000000000001,0.7353878607810158,0.7353878607810158,0.7353878607810158,-0.6776464374701021,0.7353878607810158,-0.735387860781016
0.12,0.7289686274214116,0.7289686274214116,0.7289686274214116,-0.6845471059286887,0.7289686274214116,-0.7289686274214116
0.1215,0.7224846428533498,0.7224846428533498,0.7224846428533498,-0.6913869689552063,0.7224846428533498,-0.7224846428533499
0.123,0.7159364830218312,0.7159364830218312,0.7159364830218312,-0.6981654189934725,0.7159364830218312,-0.7159364830218313
0.1245,0.709324729572274,0.709324729572274,0.709324729572274,-0.7048818539423615,0.709324729572274,-0.7093247295722739
0.126,0.7026499697988492,0.7026499697988492,0.7026499697988492,-0.7115356772092853,0.7026499697988492,-0.7026499697988493
0.1275,0.6959127965923143,0.6959127965923143,0.6959127965923143,-0.7181262977631887,0.6959127965923143,-0.6959127965923145
0.129,0.6891138083873485,0.6891138083873485,0.6891138083873485,-0.7246531301870467,0.6891138083873485,-0.6891138083873484
0.1305,0.6822536091093964,0.6822536091093964,0.6822536091093964,-0.7311155947298641,0.6822536091093964,-0.6822536091093965
0.132,0.6753328081210244,0.6753328081210244,0.6753328081210244,-0.7375131173581738,0.6753328081210244,-0.6753328081210246
0.1335,0.668352020167793,0.668352020167793,0.668352020167793,-0.7438451298070251,0.668352020167793,-0.6683520201677929
0.135,0.6613118653236518,0.6613118653236518,0.6613118653236518,-0.7501110696304595,0.6613118653236518,-0.6613118653236519
0.1365,0.654212968935861,0.654212968935861,0.654212968935861,-0.7563103802514719,0.654212968935861,-0.6542129689358612
0.138,0.6470559615694443,0.6470559615694443,0.6470559615694443,-0.762442511011448,0.6470559615694443,-0.6470559615694442
0.1395,0.6398414789511784,0.6398414789511784,0.6398414789511784,-0.7685069172190766,0.6398414789511784,-0.6398414789511782
0.14100000000000001,0.6325701619131244,0.6325701619131244,0.6325701619131244,-0.7745030601987337,0.6325701619131244,-0.6325701619131247
0.14250000000000002,0.6252426563357052,0.6252426563357052,0.6252426563357052,-0.7804304073383298,0.6252426563357052,-0.6252426563357051
0.14400000000000002,0.6178596130903342,0.6178596130903342,0.6178596130903342,-0.7862884321366189,0.6178596130903342,-0.617859613090334
0.1455,0.6104216879816026,0.6104216879816026,0.6104216879816026,-0.792076614249967,0.6104216879816026,-0.6104216879816027
0.147,0.6029295416890248,0.6029295416890248,0.6029295416890248,-0.7977944395385709,0.6029295416890248,-0.6029295416890246
0.1485,0.5953838397083551,0.5953838397083551,0.5953838397083551,-0.8034414001121274,0.5953838397083551,-0.5953838397083553
0.15,0.5877852522924731,0.5877852522924731,0.5877852522924731,-0.8090169943749473,0.5877852522924731,-0.5877852522924732
0.1515,0.5801344543918494,0.5801344543918494,0.5801344543918494,-0.8145207270705093,0.5801344543918494,-0.5801344543918493
0.153,0.572432125594591,0.572432125594591,0.572432125594591,-0.8199521093254521,0.572432125594591,-0.5724321255945912
0.1545,0.564678950066077,0.564678950066077,0.564678950066077,-0.8253106586929996,0.564678950066077,-0.5646789500660772
0.156,0.5568756164881881,0.5568756164881881,0.5568756164881881,-0.8305958991958126,0.5568756164881881,-0.5568756164881878
0.1575,0.5490228179981318,0.5490228179981318,0.5490228179981318,-0.83580736136827,0.5490228179981318,-0.5490228179981321
0.159,0.5411212521268758,0.5411212521268758,0.5411212521268758,-0.840944582298169,0.5411212521268758,-0.5411212521268759
0.1605,0.5331716207371886,0.5331716207371886,0.5331716207371886,-0.8460071056678423,0.5331716207371886,-0.5331716207371885
0.162,0.5251746299612957,0.5251746299612957,0.5251746299612957,-0.8509944817946917,0.5251746299612957,-0.525174629961296
0.1635,0.5171309901381572,0.5171309901381572,0.5171309901381572,-0.855906267671133,0.5171309901381572,-0.5171309901381573
0.165,0.5090414157503712,0.5090414157503712,0.5090414157503712,-0.8607420270039438,0.5090414157503712,-0.5090414157503711
0.1665,0.50090662536071,0.50090662536071,0.50090662536071,-0.8655013302530188,0.50090662536071,-0.5009066253607102
0.168,0.49272734154829156,0.49272734154829156,0.49272734154829156,-0.8701837546695257,0.49272734154829156,-0.4927273415482916
0.1695,0.4845042908443979,0.4845042908443979,0.4845042908443979,-0.8747888843334529,0.4845042908443979,-0.4845042908443978
0.171,0.4762382036679391,0.4762382036679391,0.4762382036679391,-0.8793163101905561,0.4762382036679391,-0.47623820366793945
0.17250000000000001,0.46792981426057334,0.46792981426057334,0.46792981426057334,-0.8837656300886935,0.46792981426057334,-0.46792981426057345
0.17400000000000002,0.45957986062148776,0.45957986062148776,0.45957986062148776,-0.8881364488135447,0.45957986062148776,-0.45957986062148765
0.17550000000000002,0.4511890844418451,0.4511890844418451,0.4511890844418451,-0.8924283781237178,0.4511890844418451,-0.45118908444184536
0.177,0.44275823103890166,0.44275823103890166,0.44275823103890166,-0.8966410367852359,0.44275823103890166,-0.4427582310389016
0.1785,0.4342880492898047,0.4342880492898047,0.4342880492898047,-0.9007740506053981,0.4342880492898047,-0.4342880492898052
0.18,0.42577929156507266,0.42577929156507266,0.42577929156507266,-0.9048270524660194,0.42577929156507266,-0.42577929156507294
0.1815,0.4172327136617654,0.4172327136617654,0.4172327136617654,-0.9087996823560401,0.4172327136617654,-0.41723271366176534
0.183,0.4086490747363491,0.4086490747363491,0.4086490747363491,-0.9126915874035028,0.4086490747363491,-0.40864907473634965
0.1845,0.40002913723726474,0.40002913723726474,0.40002913723726474,-0.9165024219068979,0.40002913723726474,-0.4000291372372651
0.186,0.39137366683720254,0.39137366683720254,0.39137366683720254,-0.9202318473658704,0.39137366683720254,-0.3913736668372024
0.1875,0.38268343236508984,0.38268343236508984,0.38268343236508984,-0.9238795325112867,0.38268343236508984,-0.38268343236509034
0.189,0.3739592057378004,0.3739592057378004,0.3739592057378004,-0.9274451533346613,0.3739592057378004,-0.3739592057378007
0.1905,0.36520176189158793,0.36520176189158793,0.36520176189158793,-0.9309283931169358,0.36520176189158793,-0.3652017618915878
0.192,0.35641187871325075,0.35641187871325075,0.35641187871325075,-0.934328942456612,0.35641187871325075,-0.35641187871325125
0.1935,0.347590336971037,0.347590336971037,0.347590336971037,-0.9376464992972355,0.347590336971037,-0.3475903369710373
0.195,0.3387379202452915,0.3387379202452915,0.3387379202452915,-0.9408807689542255,0.3387379202452915,-0.33873792024529137
0.1965,0.3298554148588529,0.3298554148588529,0.3298554148588529,-0.9440314641410497,0.3298554148588529,-0.32985541485885345
0.198,0.32094360980720943,0.32094360980720943,0.32094360980720943,-0.9470983049947442,0.32094360980720943,-0.32094360980720976
0.1995,0.3120032966884149,0.3120032966884149,0.3120032966884149,-0.9500810191007718,0.3120032966884149,-0.3120032966884148
0.201,0.303035269632774,0.303035269632774,0.303035269632774,-0.9529793415172187,0.303035269632774,-0.3030352696327745
0.2025,0.2940403252323039,0.2940403252323039,0.2940403252323039,-0.9557930147983301,0.2940403252323039,-0.2940403252323042
0.20400000000000001,0.28501926246997616,0.28501926246997616,0.28501926246997616,-0.958521789017376,0.28501926246997616,-0.2850192624699761
0.20550000000000002,0.2759728826487457,0.2759728826487457,0.2759728826487457,-0.9611654217888519,0.2759728826487457,-0.27597288264874625
0.20700000000000002,0.26690198932037545,0.26690198932037545,0.26690198932037545,-0.9637236782900097,0.26690198932037545,-0.2669019893203758
0.2085,0.2578073882140599,0.2578073882140599,0.2578073882140599,-0.9661963312817148,0.2578073882140599,-0.2578073882140598
0.21,0.24868988716485496,0.24868988716485496,0.24868988716485496,-0.968583161128631,0.24868988716485496,-0.2486898871648553
0.2115,0.23955029604192193,0.23955029604192193,0.23955029604192193,-0.970883955818731,0.23955029604192193,-0.23955029604192207
0.213,0.23038942667659063,0.23038942667659063,0.23038942667659063,-0.9730985109821266,0.23038942667659063,-0.23038942667659051
0.2145,0.22120809279024728,0.22120809279024728,0.22120809279024728,-0.9752266299092233,0.22120809279024728,-0.22120809279024764
0.216,0.21200710992205474,0.21200710992205474,0.21200710992205474,-0.9772681235681935,0.21200710992205474,-0.21200710992205485
0.2175,0.2027872953565125,0.2027872953565125,0.2027872953565125,-0.9792228106217659,0.2027872953565125,-0.20278729535651238
0.219,0.1935494680508604,0.1935494680508604,0.1935494680508604,-0.981090517443334,0.1935494680508604,-0.19354946805086073
0.2205,0.18429444856233337,0.18429444856233337,0.18429444856233337,-0.9828710781323792,0.18429444856233337,-0.1842944485623335
0.222,0.17502305897527604,0.17502305897527604,0.17502305897527604,-0.9845643345292054,0.17502305897527604,-0.17502305897527595
0.2235,0.16573612282811984,0.16573612282811984,0.16573612282811984,-0.9861701362289887,0.16573612282811984,-0.16573612282812017
0.225,0.15643446504023092,0.15643446504023092,0.15643446504023092,-0.9876883405951377,0.15643446504023092,-0.15643446504023104
0.2265,0.14711891183863735,0.14711891183863735,0.14711891183863735,-0.9891188127719618,0.14711891183863735,-0.14711891183863726
0.228,0.13779029068463797,0.13779029068463797,0.13779029068463797,-0.9904614256966512,0.13779029068463797,-0.13779029068463852
0.2295,0.1284494302003029,0.1284494302003029,0.1284494302003029,-0.9917160601105628,0.1284494302003029,-0.128449430200303
0.231,0.1190971600948697,0.1190971600948697,0.1190971600948697,-0.9928826045698137,0.1190971600948697,-0.11909716009486959
0.2325,0.10973431109104514,0.10973431109104514,0.10973431109104514,-0.9939609554551797,0.10973431109104514,-0.10973431109104571
0.234,0.10036171485121491,0.10036171485121491,0.10036171485121491,-0.9949510169813002,0.10036171485121491,-0.10036171485121503
0.23550000000000001,0.09098020390356985,0.09098020390356985,0.09098020390356985,-0.9958527012051857,0.09098020390356985,-0.09098020390356976
0.23700000000000002,0.08159061156815742,0.08159061156815742,0.08159061156815742,-0.9966659280340299,0.08159061156815742,-0.08159061156815799
0.23850000000000002,0.07219377188286061,0.07219377188286061,0.07219377188286061,-0.9973906252323237,0.07219377188286061,-0.07219377188286073
0.24,0.06279051952931353,0.06279051952931353,0.06279051952931353,-0.9980267284282716,0.06279051952931353,-0.06279051952931321
0.2415,0.05338168975876054,0.05338168975876054,0.05338168975876054,-0.9985741811195097,0.05338168975876054,-0.053381689758760884
0.243,0.043968118317864895,0.043968118317864895,0.043968118317864895,-0.9990329346781247,0.043968118317864895,-0.04396811831786501
0.2445,0.0345506413744724,0.0345506413744724,0.0345506413744724,-0.9994029483549729,0.0345506413744724,-0.03455064137447208
0.246,0.02513009544333753,0.02513009544333753,0.02513009544333753,-0.9996841892832999,0.02513009544333753,-0.025130095443337875
0.2475,0.015707317311820648,0.015707317311820648,0.015707317311820648,-0.9998766324816606,0.015707317311820648,-0.01570731731182077
0.249,0.006283143965559066,0.006283143965559066,0.006283143965559066,-0.9999802608561371,0.006283143965559066,-0.006283143965558744
0.2505,-0.003141587485879529,-0.003141587485879529,-0.003141587485879529,-0.9999950652018582,-0.003141587485879529,0.003141587485879184
0.252,-0.012566039883352653,-0.012566039883352653,-0.012566039883352653,-0.9999210442038161,-0.012566039883352653,0.012566039883352531
0.2535,-0.021989376092505012,-0.021989376092505012,-0.021989376092505012,-0.999758204436984,-0.021989376092505012,0.021989376092505335
0.255,-0.03141075907812828,-0.03141075907812828,-0.03141075907812828,-0.9995065603657316,-0.03141075907812828,0.03141075907812793
0.2565,-0.04082935197851006,-0.04082935197851006,-0.04082935197851006,-0.9991661343425401,-0.04082935197851006,0.04082935197850994
0.258,-0.05024431817976947,-0.05024431817976947,-0.05024431817976947,-0.9987369566060175,-0.05024431817976947,0.0502443181797698
0.2595,-0.0596548213901707,-0.0596548213901707,-0.0596548213901707,-0.9982190652782118,-0.0596548213901707,0.05965482139017035
0.261,-0.06906002571440588,-0.06906002571440588,-0.06906002571440588,-0.9976125063612252,-0.06906002571440588,0.06906002571440575
0.2625,-0.07845909572784487,-0.07845909572784487,-0.07845909572784487,-0.996917333733128,-0.07845909572784487,0.07845909572784521
0.264,-0.0878511965507432,-0.0878511965507432,-0.0878511965507432,-0.9961336091431725,-0.0878511965507432,0.08785119655074285
0.2655,-0.09723549392239943,-0.09723549392239943,-0.09723549392239943,-0.9952614022063083,-0.09723549392239943,0.0972354939223993
0.267,-0.10661115427525987,-0.10661115427525987,-0.10661115427525987,-0.9943007903969989,-0.10661115427525987,0.10661115427526019
0.2685,-0.11597734480896141,-0.11597734480896141,-0.11597734480896141,-0.9932518590423395,-0.11597734480896141,0.11597734480896106
0.27,-0.12533323356430437,-0.12533323356430437,-0.12533323356430437,-0.9921147013144779,-0.12533323356430437,0.12533323356430423
0.2715,-0.13467798949715257,-0.13467798949715257,-0.13467798949715257,-0.9908894182223387,-0.13467798949715257,0.1346779894971529
0.273,-0.14401078255225222,-0.14401078255225222,-0.14401078255225222,-0.989576118602651,-0.14401078255225222,0.14401078255225186
0.2745,-0.15333078373696077,-0.15333078373696077,-0.15333078373696077,-0.9881749191102804,-0.15333078373696077,0.15333078373696063
0.276,-0.16263716519488358,-0.16263716519488358,-0.16263716519488358,-0.986685944207868,-0.16263716519488358,0.16263716519488391
0.2775,-0.1719291002794096,-0.1719291002794096,-0.1719291002794096,-0.985109326154774,-0.1719291002794096,0.17192910027940927
0.279,-0.1812057636271375,-0.1812057636271375,-0.1812057636271375,-0.9834452049953296,-0.1812057636271375,0.1812057636271374
0.2805,-0.1904663312311899,-0.1904663312311899,-0.1904663312311899,-0.9816937285463989,-0.1904663312311899,0.1904663312311902
0.28200000000000003,-0.1997099805144071,-0.1997099805144071,-0.1997099805144071,-0.9798550523842469,-0.1997099805144071,0.19970998051440675
0.28350000000000003,-0.20893589040241187,-0.20893589040241187,-0.20893589040241187,-0.9779293398307218,-0.20893589040241187,0.20893589040241173
0.28500000000000003,-0.21814324139654256,-0.21814324139654256,-0.21814324139654256,-0.9759167619387474,-0.21814324139654256,0.2181432413965429
0.28650000000000003,-0.22733121564664655,-0.22733121564664655,-0.22733121564664655,-0.973817497477129,-0.22733121564664655,0.2273312156466462
0.28800000000000003,-0.23649899702372484,-0.23649899702372484,-0.23649899702372484,-0.9716317329146739,-0.23649899702372484,0.23649899702372473
0.2895,-0.24564577119242614,-0.24564577119242614,-0.24564577119242614,-0.9693596624036294,-0.24564577119242614,0.2456457711924258
0.291,-0.25477072568338205,-0.25477072568338205,-0.25477072568338205,-0.9670014877624351,-0.25477072568338205,0.25477072568338194
0.2925,-0.26387304996537264,-0.26387304996537264,-0.26387304996537264,-0.9645574184577982,-0.26387304996537264,0.2638730499653721
0.294,-0.27295193551732505,-0.27295193551732505,-0.27295193551732505,-0.962027671586086,-0.27295193551732505,0.2729519355173247
0.2955,-0.28200657590012934,-0.28200657590012934,-0.28200657590012934,-0.9594124718540429,-0.28200657590012934,0.28200657590012923
0.297,-0.2910361668282716,-0.2910361668282716,-0.2910361668282716,-0.9567120515588305,-0.2910361668282716,0.2910361668282711
0.2985,-0.3000399062412761,-0.3000399062412761,-0.3000399062412761,-0.9539266505673937,-0.3000399062412761,0.30003990624127574
0.3,-0.30901699437494734,-0.30901699437494734,-0.30901699437494734,-0.9510565162951536,-0.30901699437494734,0.30901699437494723
0.3015,-0.31796663383241075,-0.31796663383241075,-0.31796663383241075,-0.9481019036840321,-0.31796663383241075,0.3179666338324102
0.303,-0.32688802965494235,-0.32688802965494235,-0.32688802965494235,-0.9450630751798049,-0.32688802965494235,0.326888029654942
0.3045,-0.3357803893925806,-0.3357803893925806,-0.3357803893925806,-0.9419403007087906,-0.3357803893925806,0.3357803893925805
0.306,-0.3446429231745169,-0.3446429231745169,-0.3446429231745169,-0.9387338576538742,-0.3446429231745169,0.34464292317451634
0.3075,-0.35347484377925703,-0.35347484377925703,-0.35347484377925703,-0.9354440308298675,-0.35347484377925703,0.3534748437792567
0.309,-0.36227536670454563,-0.36227536670454563,-0.36227536670454563,-0.9320711124582111,-0.36227536670454563,0.3622753667045455
0.3105,-0.37104371023705085,-0.37104371023705085,-0.37104371023705085,-0.9286154021410175,-0.37104371023705085,0.3710437102370503
0.312,-0.379779095521801,-0.379779095521801,-0.379779095521801,-0.9250772068344582,-0.379779095521801,0.37977909552180067
0.3135,-0.38848074663136606,-0.38848074663136606,-0.38848074663136606,-0.9214568408214985,-0.38848074663136606,0.38848074663136595
0.315,-0.39714789063478045,-0.39714789063478045,-0.39714789063478045,-0.9177546256839813,-0.39714789063478045,0.39714789063477995
0.3165,-0.4057797576661999,-0.4057797576661999,-0.4057797576661999,-0.9139708902740613,-0.4057797576661999,0.40577975766619956
0.318,-0.41437558099328414,-0.41437558099328414,-0.41437558099328414,-0.9101059706849957,-0.41437558099328414,0.41437558099328403
0.3195,-0.4229345970853031,-0.4229345970853031,-0.4229345970853031,-0.9061602102212899,-0.4229345970853031,0.4229345970853026
0.321,-0.43145604568095913,-0.43145604568095913,-0.43145604568095913,-0.9021339593682028,-0.43145604568095913,0.4314560456809594
0.3225,-0.43993916985591514,-0.43993916985591514,-0.43993916985591514,-0.8980275757606156,-0.43993916985591514,0.439939169855915
0.324,-0.4483832160900321,-0.4483832160900321,-0.4483832160900321,-0.8938414241512639,-0.4483832160900321,0.4483832160900316
0.3255,-0.45678743433429964,-0.45678743433429964,-0.45678743433429964,-0.8895758763783379,-0.45678743433429964,0.4567874343342999
0.327,-0.46515107807745837,-0.46515107807745837,-0.46515107807745837,-0.8852313113324553,-0.46515107807745837,0.46515107807745826
0.3285,-0.47347340441231206,-0.47347340441231206,-0.47347340441231206,-0.8808081149230037,-0.47347340441231206,0.47347340441231156
0.33,-0.48175367410171543,-0.48175367410171543,-0.48175367410171543,-0.8763066800438636,-0.48175367410171543,0.4817536741017157
0.3315,-0.4899911516442366,-0.4899911516442366,-0.4899911516442366,-0.8717274065385089,-0.4899911516442366,0.4899911516442365
0.333,-0.49818510533949073,-0.49818510533949073,-0.49818510533949073,-0.8670707011644901,-0.49818510533949073,0.49818510533949023
0.3345,-0.5063348073531327,-0.5063348073531327,-0.5063348073531327,-0.8623369775573039,-0.5063348073531327,0.506334807353133
0.336,-0.5144395337815065,-0.5144395337815065,-0.5144395337815065,-0.8575266561936523,-0.5144395337815065,0.5144395337815064
0.3375,-0.5224985647159488,-0.5224985647159488,-0.5224985647159488,-0.8526401643540923,-0.5224985647159488,0.5224985647159484
0.339,-0.5305111843067343,-0.5305111843067343,-0.5305111843067343,-0.8476779360850831,-0.5305111843067343,0.5305111843067345
0.3405,-0.5384766808266602,-0.5384766808266602,-0.5384766808266602,-0.8426404121604323,-0.5384766808266602,0.5384766808266601
0.342,-0.546394346734269,-0.546394346734269,-0.546394346734269,-0.8375280400421418,-0.546394346734269,0.5463943467342686
0.3435,-0.5542634787366942,-0.5542634787366942,-0.5542634787366942,-0.8323412738406634,-0.5542634787366942,0.5542634787366946
0.34500000000000003,-0.5620833778521307,-0.5620833778521307,-0.5620833778521307,-0.8270805742745618,-0.5620833778521307,0.5620833778521306
0.34650000000000003,-0.5698533494719238,-0.5698533494719238,-0.5698533494719238,-0.8217464086295903,-0.5698533494719238,0.5698533494719232
0.34800000000000003,-0.5775727034222677,-0.5775727034222677,-0.5775727034222677,-0.8163392507171838,-0.5775727034222677,0.5775727034222681
0.34950000000000003,-0.5852407540255101,-0.5852407540255101,-0.5852407540255101,-0.8108595808323734,-0.5852407540255101,0.5852407540255101
0.35100000000000003,-0.5928568201610592,-0.5928568201610592,-0.5928568201610592,-0.805307885711122,-0.5928568201610592,0.5928568201610588
0.3525,-0.6004202253258839,-0.6004202253258839,-0.6004202253258839,-0.7996846584870907,-0.6004202253258839,0.6004202253258838
0.354,-0.6079302976946052,-0.6079302976946052,-0.6079302976946052,-0.7939903986478356,-0.6079302976946052,0.6079302976946054
0.3555,-0.6153863701791715,-0.6153863701791715,-0.6153863701791715,-0.7882256119904401,-0.6153863701791715,0.6153863701791711
0.357,-0.6227877804881123,-0.6227877804881123,-0.6227877804881123,-0.7823908105765882,-0.6227877804881123,0.6227877804881123
0.3585,-0.6301338711853689,-0.6301338711853689,-0.6301338711853689,-0.7764865126870788,-0.6301338711853689,0.6301338711853691
0.36,-0.6374239897486897,-0.6374239897486897,-0.6374239897486897,-0.7705132427757893,-0.6374239897486897,0.6374239897486893
0.3615,-0.6446574886275912,-0.6446574886275912,-0.6446574886275912,-0.7644715314230918,-0.6446574886275912,0.6446574886275911
0.363,-0.6518337253008786,-0.6518337253008786,-0.6518337253008786,-0.7583619152887221,-0.6518337253008786,0.6518337253008788
0.3645,-0.658952062333717,-0.658952062333717,-0.658952062333717,-0.7521849370641115,-0.658952062333717,0.6589520623337165
0.366,-0.6660118674342516,-0.6660118674342516,-0.6660118674342516,-0.7459411454241822,-0.6660118674342516,0.6660118674342514
0.3675,-0.6730125135097731,-0.6730125135097731,-0.6730125135097731,-0.7396310949786099,-0.6730125135097731,0.6730125135097733
0.369,-0.6799533787224192,-0.6799533787224192,-0.6799533787224192,-0.7332553462225601,-0.6799533787224192,0.6799533787224188
0.3705,-0.6868338465444082,-0.6868338465444082,-0.6868338465444082,-0.7268144654869029,-0.6868338465444082,0.686833846544408
0.372,-0.6936533058128047,-0.6936533058128047,-0.6936533058128047,-0.720309024887907,-0.6936533058128047,0.693653305812805
0.3735,-0.7004111507838063,-0.7004111507838063,-0.7004111507838063,-0.7137396022764213,-0.7004111507838063,0.700411150783806
0.375,-0.7071067811865475,-0.7071067811865475,-0.7071067811865475,-0.7071067811865477,-0.7071067811865475,0.7071067811865474
0.3765,-0.7137396022764212,-0.7137396022764212,-0.7137396022764212,-0.7004111507838066,-0.7137396022764212,0.7137396022764214
0.378,-0.7203090248879069,-0.7203090248879069,-0.7203090248879069,-0.6936533058128049,-0.7203090248879069,0.7203090248879066
0.3795,-0.7268144654869028,-0.7268144654869028,-0.7268144654869028,-0.6868338465444084,-0.7268144654869028,0.7268144654869026
0.381,-0.7332553462225598,-0.7332553462225598,-0.7332553462225598,-0.6799533787224195,-0.7332553462225598,0.7332553462225601
0.3825,-0.7396310949786097,-0.7396310949786097,-0.7396310949786097,-0.6730125135097733,-0.7396310949786097,0.7396310949786093
0.384,-0.7459411454241821,-0.7459411454241821,-0.7459411454241821,-0.6660118674342517,-0.7459411454241821,0.745941145424182
0.3855,-0.7521849370641113,-0.7521849370641113,-0.7521849370641113,-0.6589520623337171,-0.7521849370641113,0.7521849370641115
0.387,-0.758361915288722,-0.758361915288722,-0.758361915288722,-0.651833725300879,-0.758361915288722,0.7583619152887215
0.3885,-0.7644715314230915,-0.7644715314230915,-0.7644715314230915,-0.6446574886275914,-0.7644715314230915,0.7644715314230914
0.39,-0.7705132427757891,-0.7705132427757891,-0.7705132427757891,-0.6374239897486895,-0.7705132427757891,0.7705132427757894
0.3915,-0.7764865126870787,-0.7764865126870787,-0.7764865126870787,-0.6301338711853695,-0.7764865126870787,0.7764865126870784
0.393,-0.7823908105765881,-0.7823908105765881,-0.7823908105765881,-0.6227877804881126,-0.7823908105765881,0.782390810576588
0.3945,-0.78822561199044,-0.78822561199044,-0.78822561199044,-0.6153863701791713,-0.78822561199044,0.7882256119904402
0.396,-0.7939903986478354,-0.7939903986478354,-0.7939903986478354,-0.6079302976946057,-0.7939903986478354,0.793990398647835
0.3975,-0.7996846584870905,-0.7996846584870905,-0.7996846584870905,-0.6004202253258841,-0.7996846584870905,0.7996846584870905
0.399,-0.8053078857111219,-0.8053078857111219,-0.8053078857111219,-0.592856820161059,-0.8053078857111219,0.805307885711122
0.4005,-0.8108595808323735,-0.8108595808323735,-0.8108595808323735,-0.5852407540255103,-0.8108595808323735,0.8108595808323732
0.402,-0.8163392507171839,-0.8163392507171839,-0.8163392507171839,-0.5775727034222676,-0.8163392507171839,0.8163392507171838
0.4035,-0.8217464086295901,-0.8217464086295901,-0.8217464086295901,-0.5698533494719236,-0.8217464086295901,0.8217464086295904
0.405,-0.8270805742745619,-0.8270805742745619,-0.8270805742745619,-0.5620833778521309,-0.8270805742745619,0.8270805742745616
0.40650000000000003,-0.8323412738406635,-0.8323412738406635,-0.8323412738406635,-0.5542634787366941,-0.8323412738406635,0.8323412738406634
0.40800000000000003,-0.8375280400421417,-0.8375280400421417,-0.8375280400421417,-0.5463943467342689,-0.8375280400421417,0.8375280400421419
0.40950000000000003,-0.8426404121604323,-0.8426404121604323,-0.8426404121604323,-0.5384766808266604,-0.8426404121604323,0.8426404121604321
0.41100000000000003,-0.8476779360850832,-0.8476779360850832,-0.8476779360850832,-0.530511184306734,-0.8476779360850832,0.8476779360850832
0.41250000000000003,-0.8526401643540922,-0.8526401643540922,-0.8526401643540922,-0.5224985647159486,-0.8526401643540922,0.8526401643540923
0.41400000000000003,-0.8575266561936523,-0.8575266561936523,-0.8575266561936523,-0.5144395337815068,-0.8575266561936523,0.8575266561936521
0.41550000000000004,-0.862336977557304,-0.862336977557304,-0.862336977557304,-0.5063348073531325,-0.862336977557304,0.862336977557304
0.417,-0.86707070116449,-0.86707070116449,-0.86707070116449,-0.49818510533949056,-0.86707070116449,0.8670707011644901
0.4185,-0.8717274065385088,-0.8717274065385088,-0.8717274065385088,-0.48999115164423684,-0.8717274065385088,0.8717274065385087
0.42,-0.8763066800438635,-0.8763066800438635,-0.8763066800438635,-0.48175367410171605,-0.8763066800438635,0.8763066800438631
0.4215,-0.8808081149230036,-0.8808081149230036,-0.8808081149230036,-0.47347340441231184,-0.8808081149230036,0.8808081149230037
0.423,-0.8852313113324551,-0.8852313113324551,-0.8852313113324551,-0.4651510780774586,-0.8852313113324551,0.885231311332455
0.4245,-0.8895758763783378,-0.8895758763783378,-0.8895758763783378,-0.45678743433430025,-0.8895758763783378,0.8895758763783376
0.426,-0.8938414241512638,-0.8938414241512638,-0.8938414241512638,-0.44838321609003196,-0.8938414241512638,0.8938414241512639
0.4275,-0.8980275757606155,-0.8980275757606155,-0.8980275757606155,-0.43993916985591536,-0.8980275757606155,0.8980275757606155
0.429,-0.9021339593682027,-0.9021339593682027,-0.9021339593682027,-0.43145604568095974,-0.9021339593682027,0.9021339593682024
0.4305,-0.9061602102212898,-0.9061602102212898,-0.9061602102212898,-0.42293459708530295,-0.9061602102212898,0.90616021022129
0.432,-0.9101059706849957,-0.9101059706849957,-0.9101059706849957,-0.41437558099328436,-0.9101059706849957,0.9101059706849955
0.4335,-0.9139708902740611,-0.9139708902740611,-0.9139708902740611,-0.4057797576662007,-0.9139708902740611,0.9139708902740609
0.435,-0.9177546256839811,-0.9177546256839811,-0.9177546256839811,-0.3971478906347803,-0.9177546256839811,0.9177546256839813
0.4365,-0.9214568408214984,-0.9214568408214984,-0.9214568408214984,-0.3884807466313663,-0.9214568408214984,0.9214568408214984
0.438,-0.9250772068344579,-0.9250772068344579,-0.9250772068344579,-0.37977909552180183,-0.9250772068344579,0.9250772068344577
0.4395,-0.9286154021410173,-0.9286154021410173,-0.9286154021410173,-0.3710437102370507,-0.9286154021410173,0.9286154021410175
0.441,-0.932071112458211,-0.932071112458211,-0.932071112458211,-0.36227536670454585,-0.932071112458211,0.9320711124582108
0.4425,-0.9354440308298673,-0.9354440308298673,-0.9354440308298673,-0.35347484377925786,-0.9354440308298673,0.935444030829867
0.444,-0.9387338576538741,-0.9387338576538741,-0.9387338576538741,-0.34464292317451667,-0.9387338576538741,0.9387338576538742
0.4455,-0.9419403007087905,-0.9419403007087905,-0.9419403007087905,-0.3357803893925808,-0.9419403007087905,0.9419403007087905
0.447,-0.9450630751798047,-0.9450630751798047,-0.9450630751798047,-0.3268880296549432,-0.9450630751798047,0.9450630751798046
0.4485,-0.948101903684032,-0.948101903684032,-0.948101903684032,-0.31796663383241053,-0.948101903684032,0.9481019036840321
0.45,-0.9510565162951535,-0.9510565162951535,-0.9510565162951535,-0.30901699437494756,-0.9510565162951535,0.9510565162951535
0.4515,-0.9539266505673935,-0.9539266505673935,-0.9539266505673935,-0.30003990624127697,-0.9539266505673935,0.9539266505673933
0.453,-0.9567120515588305,-0.9567120515588305,-0.9567120515588305,-0.29103616682827144,-0.9567120515588305,0.9567120515588305
0.4545,-0.9594124718540428,-0.9594124718540428,-0.9594124718540428,-0.28200657590012956,-0.9594124718540428,0.9594124718540428
0.456,-0.9620276715860859,-0.9620276715860859,-0.9620276715860859,-0.2729519355173251,-0.9620276715860859,0.9620276715860859
0.4575,-0.9645574184577981,-0.9645574184577981,-0.9645574184577981,-0.2638730499653725,-0.9645574184577981,0.9645574184577982
0.459,-0.967001487762435,-0.967001487762435,-0.967001487762435,-0.2547707256833823,-0.967001487762435,0.967001487762435
0.4605,-0.9693596624036294,-0.9693596624036294,-0.9693596624036294,-0.24564577119242617,-0.9693596624036294,0.9693596624036293
0.462,-0.971631732914674,-0.971631732914674,-0.971631732914674,-0.23649899702372423,-0.971631732914674,0.9716317329146741
0.4635,-0.9738174974771289,-0.9738174974771289,-0.9738174974771289,-0.22733121564664655,-0.9738174974771289,0.9738174974771289
0.465,-0.9759167619387474,-0.9759167619387474,-0.9759167619387474,-0.21814324139654237,-0.9759167619387474,0.9759167619387474
0.4665,-0.9779293398307218,-0.9779293398307218,-0.9779293398307218,-0.20893589040241123,-0.9779293398307218,0.9779293398307219
0.468,-0.9798550523842469,-0.9798550523842469,-0.9798550523842469,-0.1997099805144071,-0.9798550523842469,0.9798550523842469
0.46950000000000003,-0.9816937285463989,-0.9816937285463989,-0.9816937285463989,-0.1904663312311897,-0.9816937285463989,0.9816937285463989
0.47100000000000003,-0.9834452049953297,-0.9834452049953297,-0.9834452049953297,-0.18120576362713686,-0.9834452049953297,0.9834452049953297
0.47250000000000003,-0.9851093261547739,-0.9851093261547739,-0.9851093261547739,-0.17192910027940964,-0.9851093261547739,0.9851093261547739
0.47400000000000003,-0.9866859442078681,-0.9866859442078681,-0.9866859442078681,-0.1626371651948834,-0.9866859442078681,0.9866859442078681
0.47550000000000003,-0.9881749191102805,-0.9881749191102805,-0.9881749191102805,-0.15333078373696013,-0.9881749191102805,0.9881749191102805
0.47700000000000004,-0.9895761186026509,-0.9895761186026509,-0.9895761186026509,-0.14401078255225222,-0.9895761186026509,0.9895761186026509
0.47850000000000004,-0.9908894182223388,-0.9908894182223388,-0.9908894182223388,-0.13467798949715237,-0.9908894182223388,0.9908894182223387
0.48,-0.9921147013144778,-0.9921147013144778,-0.9921147013144778,-0.1253332335643046,-0.9921147013144778,0.9921147013144778
0.4815,-0.9932518590423394,-0.9932518590423394,-0.9932518590423394,-0.11597734480896142,-0.9932518590423394,0.9932518590423394
0.483,-0.9943007903969989,-0.9943007903969989,-0.9943007903969989,-0.10661115427526055,-0.9943007903969989,0.9943007903969988
0.4845,-0.9952614022063083,-0.9952614022063083,-0.9952614022063083,-0.09723549392239968,-0.9952614022063083,0.9952614022063083
0.486,-0.9961336091431725,-0.9961336091431725,-0.9961336091431725,-0.08785119655074321,-0.9961336091431725,0.9961336091431725
0.4875,-0.996917333733128,-0.996917333733128,-0.996917333733128,-0.07845909572784557,-0.996917333733128,0.996917333733128
0.489,-0.9976125063612252,-0.9976125063612252,-0.9976125063612252,-0.06906002571440611,-0.9976125063612252,0.9976125063612252
0.4905,-0.9982190652782118,-0.9982190652782118,-0.9982190652782118,-0.05965482139017072,-0.9982190652782118,0.9982190652782118
0.492,-0.9987369566060175,-0.9987369566060175,-0.9987369566060175,-0.05024431817977017,-0.9987369566060175,0.9987369566060175
0.4935,-0.9991661343425401,-0.9991661343425401,-0.9991661343425401,-0.0408293519785103,-0.9991661343425401,0.9991661343425401
0.495,-0.9995065603657316,-0.9995065603657316,-0.9995065603657316,-0.0314107590781283,-0.9995065603657316,0.9995065603657316
0.4965,-0.999758204436984,-0.999758204436984,-0.999758204436984,-0.0219893760925057,-0.999758204436984,0.999758204436984
0.498,-0.9999210442038161,-0.9999210442038161,-0.9999210442038161,-0.012566039883352897,-0.9999210442038161,0.9999210442038161
0.4995,-0.9999950652018582,-0.9999950652018582,-0.9999950652018582,-0.0031415874858795514,-0.9999950652018582,0.9999950652018582
0.501,-0.9999802608561371,-0.9999802608561371,-0.9999802608561371,0.006283143965558377,-0.9999802608561371,0.9999802608561371
0.5025000000000001,-0.9998766324816606,-0.9998766324816606,-0.9998766324816606,0.01570731731182129,-0.9998766324816606,0.9998766324816606
0.504,-0.9996841892832999,-0.9996841892832999,-0.9996841892832999,0.025130095443337507,-0.9996841892832999,0.9996841892832999
0.5055000000000001,-0.9994029483549729,-0.9994029483549729,-0.9994029483549729,0.0345506413744726,-0.9994029483549729,0.9994029483549729
0.507,-0.9990329346781247,-0.9990329346781247,-0.9990329346781247,0.043968118317864645,-0.9990329346781247,0.9990329346781247
0.5085000000000001,-0.9985741811195097,-0.9985741811195097,-0.9985741811195097,0.053381689758760516,-0.9985741811195097,0.9985741811195098
0.51,-0.9980267284282716,-0.9980267284282716,-0.9980267284282716,0.06279051952931283,-0.9980267284282716,0.9980267284282716
0.5115000000000001,-0.9973906252323236,-0.9973906252323236,-0.9973906252323236,0.07219377188286125,-0.9973906252323236,0.9973906252323236
0.513,-0.9966659280340299,-0.9966659280340299,-0.9966659280340299,0.08159061156815761,-0.9966659280340299,0.9966659280340299
0.5145,-0.9958527012051858,-0.9958527012051858,-0.9958527012051858,0.0909802039035694,-0.9958527012051858,0.9958527012051858
0.516,-0.9949510169813002,-0.9949510169813002,-0.9949510169813002,0.10036171485121467,-0.9949510169813002,0.9949510169813002
0.5175,-0.9939609554551797,-0.9939609554551797,-0.9939609554551797,0.10973431109104535,-0.9939609554551797,0.9939609554551797
0.519,-0.9928826045698137,-0.9928826045698137,-0.9928826045698137,0.11909716009486923,-0.9928826045698137,0.9928826045698137
0.5205,-0.9917160601105629,-0.9917160601105629,-0.9917160601105629,0.12844943020030264,-0.9917160601105629,0.9917160601105629
0.522,-0.9904614256966512,-0.9904614256966512,-0.9904614256966512,0.13779029068463816,-0.9904614256966512,0.9904614256966512
0.5235,-0.9891188127719619,-0.9891188127719619,-0.9891188127719619,0.1471189118386369,-0.9891188127719619,0.9891188127719619
0.525,-0.9876883405951378,-0.9876883405951378,-0.9876883405951378,0.15643446504023067,-0.9876883405951378,0.9876883405951378
0.5265,-0.9861701362289889,-0.9861701362289889,-0.9861701362289889,0.1657361228281198,-0.9861701362289889,0.9861701362289889
0.528,-0.9845643345292053,-0.9845643345292053,-0.9845643345292053,0.1750230589752756,-0.9845643345292053,0.9845643345292054
0.5295,-0.9828710781323793,-0.9828710781323793,-0.9828710781323793,0.18429444856233315,-0.9828710781323793,0.9828710781323793
0.531,-0.9810905174433341,-0.9810905174433341,-0.9810905174433341,0.1935494680508604,-0.9810905174433341,0.9810905174433341
0.5325,-0.9792228106217659,-0.9792228106217659,-0.9792228106217659,0.20278729535651202,-0.9792228106217659,0.9792228106217659
0.534,-0.9772681235681935,-0.9772681235681935,-0.9772681235681935,0.2120071099220545,-0.9772681235681935,0.9772681235681935
0.5355,-0.9752266299092235,-0.9752266299092235,-0.9752266299092235,0.22120809279024728,-0.9752266299092235,0.9752266299092234
0.537,-0.9730985109821265,-0.9730985109821265,-0.9730985109821265,0.23038942667659015,-0.9730985109821265,0.9730985109821266
0.5385,-0.970883955818731,-0.970883955818731,-0.970883955818731,0.2395502960419217,-0.970883955818731,0.970883955818731
0.54,-0.9685831611286311,-0.9685831611286311,-0.9685831611286311,0.24868988716485493,-0.9685831611286311,0.9685831611286311
0.5415,-0.9661963312817148,-0.9661963312817148,-0.9661963312817148,0.25780738821405946,-0.9661963312817148,0.9661963312817149
0.543,-0.9637236782900097,-0.9637236782900097,-0.9637236782900097,0.26690198932037545,-0.9637236782900097,0.9637236782900097
0.5445,-0.961165421788852,-0.961165421788852,-0.961165421788852,0.2759728826487459,-0.961165421788852,0.9611654217888519
0.546,-0.9585217890173758,-0.9585217890173758,-0.9585217890173758,0.2850192624699757,-0.9585217890173758,0.9585217890173761
0.5475,-0.9557930147983301,-0.9557930147983301,-0.9557930147983301,0.29404032523230383,-0.9557930147983301,0.9557930147983301
0.549,-0.9529793415172187,-0.9529793415172187,-0.9529793415172187,0.30303526963277416,-0.9529793415172187,0.9529793415172187
0.5505,-0.9500810191007718,-0.9500810191007718,-0.9500810191007718,0.3120032966884145,-0.9500810191007718,0.9500810191007719
0.552,-0.9470983049947443,-0.9470983049947443,-0.9470983049947443,0.32094360980720943,-0.9470983049947443,0.9470983049947443
0.5535,-0.9440314641410498,-0.9440314641410498,-0.9440314641410498,0.32985541485885306,-0.9440314641410498,0.9440314641410497
0.555,-0.9408807689542255,-0.9408807689542255,-0.9408807689542255,0.33873792024529104,-0.9408807689542255,0.9408807689542257
0.5565,-0.9376464992972356,-0.9376464992972356,-0.9376464992972356,0.347590336971037,-0.9376464992972356,0.9376464992972356
0.558,-0.9343289424566119,-0.9343289424566119,-0.9343289424566119,0.3564118787132509,-0.9343289424566119,0.934328942456612
0.5595,-0.9309283931169359,-0.9309283931169359,-0.9309283931169359,0.3652017618915875,-0.9309283931169359,0.9309283931169359
0.561,-0.9274451533346613,-0.9274451533346613,-0.9274451533346613,0.3739592057378004,-0.9274451533346613,0.9274451533346614
0.5625,-0.9238795325112868,-0.9238795325112868,-0.9238795325112868,0.38268343236509,-0.9238795325112868,0.9238795325112867
0.5640000000000001,-0.9202318473658703,-0.9202318473658703,-0.9202318473658703,0.3913736668372021,-0.9202318473658703,0.9202318473658705
0.5655,-0.9165024219068979,-0.9165024219068979,-0.9165024219068979,0.40002913723726474,-0.9165024219068979,0.916502421906898
0.5670000000000001,-0.9126915874035026,-0.9126915874035026,-0.9126915874035026,0.40864907473634926,-0.9126915874035026,0.9126915874035028
0.5685,-0.9087996823560403,-0.9087996823560403,-0.9087996823560403,0.417232713661765,-0.9087996823560403,0.9087996823560403
0.5700000000000001,-0.9048270524660195,-0.9048270524660195,-0.9048270524660195,0.4257792915650726,-0.9048270524660195,0.9048270524660196
0.5715,-0.9007740506053982,-0.9007740506053982,-0.9007740506053982,0.43428804928980486,-0.9007740506053982,0.900774050605398
0.5730000000000001,-0.8966410367852358,-0.8966410367852358,-0.8966410367852358,0.4427582310389013,-0.8966410367852358,0.896641036785236
0.5745,-0.8924283781237179,-0.8924283781237179,-0.8924283781237179,0.451189084441845,-0.8924283781237179,0.8924283781237179
0.5760000000000001,-0.8881364488135444,-0.8881364488135444,-0.8881364488135444,0.45957986062148815,-0.8881364488135444,0.8881364488135444
0.5775,-0.8837656300886936,-0.8837656300886936,-0.8837656300886936,0.4679298142605731,-0.8837656300886936,0.8837656300886936
0.579,-0.8793163101905564,-0.8793163101905564,-0.8793163101905564,0.47623820366793834,-0.8793163101905564,0.8793163101905567
0.5805,-0.8747888843334528,-0.8747888843334528,-0.8747888843334528,0.4845042908443982,-0.8747888843334528,0.8747888843334527
0.582,-0.8701837546695258,-0.8701837546695258,-0.8701837546695258,0.49272734154829134,-0.8701837546695258,0.8701837546695258
0.5835,-0.8655013302530189,-0.8655013302530189,-0.8655013302530189,0.50090662536071,-0.8655013302530189,0.865501330253019
0.585,-0.8607420270039439,-0.8607420270039439,-0.8607420270039439,0.5090414157503708,-0.8607420270039439,0.860742027003944
0.5865,-0.8559062676711331,-0.8559062676711331,-0.8559062676711331,0.517130990138157,-0.8559062676711331,0.8559062676711332
0.588,-0.8509944817946921,-0.8509944817946921,-0.8509944817946921,0.5251746299612949,-0.8509944817946921,0.8509944817946923
0.5895,-0.8460071056678422,-0.8460071056678422,-0.8460071056678422,0.5331716207371889,-0.8460071056678422,0.846007105667842
0.591,-0.8409445822981692,-0.8409445822981692,-0.8409445822981692,0.5411212521268757,-0.8409445822981692,0.8409445822981693
0.5925,-0.8358073613682702,-0.8358073613682702,-0.8358073613682702,0.5490228179981318,-0.8358073613682702,0.8358073613682703
0.594,-0.8305958991958129,-0.8305958991958129,-0.8305958991958129,0.5568756164881876,-0.8305958991958129,0.830595899195813
0.5955,-0.8253106586929997,-0.8253106586929997,-0.8253106586929997,0.5646789500660768,-0.8253106586929997,0.8253106586929997
0.597,-0.8199521093254525,-0.8199521093254525,-0.8199521093254525,0.5724321255945902,-0.8199521093254525,0.8199521093254528
0.5985,-0.8145207270705094,-0.8145207270705094,-0.8145207270705094,0.5801344543918496,-0.8145207270705094,0.8145207270705092
0.6,-0.8090169943749475,-0.8090169943749475,-0.8090169943749475,0.5877852522924729,-0.8090169943749475,0.8090169943749476
0.6015,-0.8034414001121275,-0.8034414001121275,-0.8034414001121275,0.595383839708355,-0.8034414001121275,0.8034414001121276
0.603,-0.7977944395385712,-0.7977944395385712,-0.7977944395385712,0.6029295416890244,-0.7977944395385712,0.7977944395385713
0.6045,-0.7920766142499671,-0.7920766142499671,-0.7920766142499671,0.6104216879816023,-0.7920766142499671,0.7920766142499672
0.606,-0.786288432136619,-0.786288432136619,-0.786288432136619,0.6178596130903338,-0.786288432136619,0.7862884321366195
0.6075,-0.7804304073383297,-0.7804304073383297,-0.7804304073383297,0.6252426563357055,-0.7804304073383297,0.7804304073383295
0.609,-0.7745030601987339,-0.7745030601987339,-0.7745030601987339,0.6325701619131243,-0.7745030601987339,0.7745030601987339
0.6105,-0.7685069172190765,-0.7685069172190765,-0.7685069172190765,0.6398414789511785,-0.7685069172190765,0.7685069172190766
0.612,-0.7624425110114481,-0.7624425110114481,-0.7624425110114481,0.647055961569444,-0.7624425110114481,0.7624425110114482
0.6135,-0.7563103802514717,-0.7563103802514717,-0.7563103802514717,0.6542129689358609,-0.7563103802514717,0.7563103802514721
0.615,-0.7501110696304597,-0.7501110696304597,-0.7501110696304597,0.6613118653236513,-0.7501110696304597,0.7501110696304601
0.6165,-0.743845129807025,-0.743845129807025,-0.743845129807025,0.6683520201677934,-0.743845129807025,0.7438451298070248
0.618,-0.7375131173581739,-0.7375131173581739,-0.7375131173581739,0.6753328081210244,-0.7375131173581739,0.737513117358174
0.6195,-0.731115594729864,-0.731115594729864,-0.731115594729864,0.6822536091093965,-0.731115594729864,0.7311155947298641
0.621,-0.7246531301870469,-0.7246531301870469,-0.7246531301870469,0.6891138083873481,-0.7246531301870469,0.724653130187047
0.6225,-0.7181262977631886,-0.7181262977631886,-0.7181262977631886,0.6959127965923142,-0.7181262977631886,0.7181262977631889
0.624,-0.7115356772092855,-0.7115356772092855,-0.7115356772092855,0.7026499697988486,-0.7115356772092855,0.7115356772092859
0.6255000000000001,-0.7048818539423614,-0.7048818539423614,-0.7048818539423614,0.7093247295722742,-0.7048818539423614,0.7048818539423611
0.627,-0.6981654189934727,-0.6981654189934727,-0.6981654189934727,0.7159364830218311,-0.6981654189934727,0.6981654189934728
0.6285000000000001,-0.6913869689552062,-0.6913869689552062,-0.6913869689552062,0.7224846428533499,-0.6913869689552062,0.6913869689552063
0.63,-0.684547105928689,-0.684547105928689,-0.684547105928689,0.7289686274214112,-0.684547105928689,0.684547105928689
0.6315000000000001,-0.6776464374701019,-0.6776464374701019,-0.6776464374701019,0.7353878607810158,-0.6776464374701019,0.6776464374701023
0.633,-0.6706855765367201,-0.6706855765367201,-0.6706855765367201,0.7417417727387388,-0.6706855765367201,0.6706855765367206
0.6345000000000001,-0.6636651414324584,-0.6636651414324584,-0.6636651414324584,0.7480297989033828,-0.6636651414324584,0.6636651414324581
0.636,-0.6565857557529564,-0.6565857557529564,-0.6565857557529564,0.7542513807361038,-0.6565857557529564,0.6565857557529565
0.6375000000000001,-0.6494480483301834,-0.6494480483301834,-0.6494480483301834,0.760405965600031,-0.6494480483301834,0.6494480483301835
0.639,-0.6422526531765846,-0.6422526531765846,-0.6422526531765846,0.7664930068093496,-0.6422526531765846,0.6422526531765846
0.6405,-0.6350002094287607,-0.6350002094287607,-0.6350002094287607,0.7725119636778643,-0.6350002094287607,0.6350002094287608
0.642,-0.6276913612907002,-0.6276913612907002,-0.6276913612907002,0.7784623015670236,-0.6276913612907002,0.6276913612907004
0.6435,-0.6203267579765562,-0.6203267579765562,-0.6203267579765562,0.7843434919334098,-0.6203267579765562,0.6203267579765563
0.645,-0.6129070536529765,-0.6129070536529765,-0.6129070536529765,0.7901550123756903,-0.6129070536529765,0.6129070536529766
0.6465,-0.6054329073810019,-0.6054329073810019,-0.6054329073810019,0.7958963466810155,-0.6054329073810019,0.605432907381002
0.648,-0.597904983057519,-0.597904983057519,-0.597904983057519,0.8015669848708764,-0.597904983057519,0.5979049830575192
0.6495,-0.5903239493562945,-0.5903239493562945,-0.5903239493562945,0.8071664232464003,-0.5903239493562945,0.5903239493562946
0.651,-0.5826904796685758,-0.5826904796685758,-0.5826904796685758,0.8126941644330941,-0.5826904796685758,0.5826904796685759
0.6525,-0.5750052520432788,-0.5750052520432788,-0.5750052520432788,0.8181497174250233,-0.5750052520432788,0.5750052520432789
0.654,-0.5672689491267564,-0.5672689491267564,-0.5672689491267564,0.8235325976284275,-0.5672689491267564,0.5672689491267565
0.6555,-0.5594822581021675,-0.5594822581021675,-0.5594822581021675,0.8288423269047616,-0.5594822581021675,0.5594822581021676
0.657,-0.5516458706284304,-0.5516458706284304,-0.5516458706284304,0.834078433613171,-0.5516458706284304,0.5516458706284305
0.6585,-0.5437604827787924,-0.5437604827787924,-0.5437604827787924,0.8392404526523817,-0.5437604827787924,0.5437604827787925
0.66,-0.5358267949789963,-0.5358267949789963,-0.5358267949789963,0.8443279255020152,-0.5358267949789963,0.5358267949789964
0.6615,-0.5278455119450666,-0.5278455119450666,-0.5278455119450666,0.8493404002633164,-0.5278455119450666,0.5278455119450667
0.663,-0.5198173426207094,-0.5198173426207094,-0.5198173426207094,0.8542774316992952,-0.5198173426207094,0.5198173426207096
0.6645,-0.5117430001143454,-0.5117430001143454,-0.5117430001143454,0.8591385812742721,-0.5117430001143454,0.5117430001143455
0.666,-0.503623201635761,-0.503623201635761,-0.503623201635761,0.8639234171928352,-0.503623201635761,0.5036232016357611
0.6675,-0.49545866843240743,-0.49545866843240743,-0.49545866843240743,0.8686315144381913,-0.49545866843240743,0.49545866843240755
0.669,-0.48725012572533194,-0.48725012572533194,-0.48725012572533194,0.8732624548099204,-0.48725012572533194,0.48725012572533205
0.6705,-0.4789983026447612,-0.4789983026447612,-0.4789983026447612,0.8778158269611216,-0.4789983026447612,0.4789983026447613
0.672,-0.47070393216533246,-0.47070393216533246,-0.47070393216533246,0.8822912264349533,-0.47070393216533246,0.4707039321653326
0.6735,-0.4623677510409922,-0.4623677510409922,-0.4623677510409922,0.8866882557005562,-0.4623677510409922,0.4623677510409923
0.675,-0.4539904997395469,-0.4539904997395469,-0.4539904997395469,0.8910065241883678,-0.4539904997395469,0.453990499739547
0.6765,-0.44557292237689616,-0.44557292237689616,-0.44557292237689616,0.8952456483248117,-0.44557292237689616,0.4455729223768963
0.678,-0.4371157666509325,-0.4371157666509325,-0.4371157666509325,0.8994052515663712,-0.4371157666509325,0.4371157666509326
0.6795,-0.4286197837751285,-0.4286197837751285,-0.4286197837751285,0.9034849644330347,-0.4286197837751285,0.4286197837751286
0.681,-0.42008572841180614,-0.42008572841180614,-0.42008572841180614,0.907484424541117,-0.42008572841180614,0.42008572841180625
0.6825,-0.41151435860510915,-0.41151435860510915,-0.41151435860510915,0.9114032766354451,-0.41151435860510915,0.41151435860510927
0.684,-0.4029064357136628,-0.4029064357136628,-0.4029064357136628,0.9152411726209175,-0.4029064357136628,0.4029064357136629
0.6855,-0.39426272434295084,-0.39426272434295084,-0.39426272434295084,0.9189977715934213,-0.39426272434295084,0.39426272434295095
0.687,-0.3855839922773961,-0.3855839922773961,-0.3855839922773961,0.922672739870115,-0.3855839922773961,0.3855839922773962
0.6885,-0.37687101041216275,-0.37687101041216275,-0.37687101041216275,0.9262657510190666,-0.37687101041216275,0.37687101041216287
0.6900000000000001,-0.3681245526846778,-0.3681245526846778,-0.3681245526846778,0.9297764858882515,-0.3681245526846778,0.3681245526846779
0.6915,-0.35934539600589105,-0.35934539600589105,-0.35934539600589105,0.9332046326338984,-0.35934539600589105,0.35934539600589116
0.6930000000000001,-0.3505343201912591,-0.3505343201912591,-0.3505343201912591,0.9365498867481923,-0.3505343201912591,0.35053432019125924
0.6945,-0.34169210789148313,-0.34169210789148313,-0.34169210789148313,0.9398119510863198,-0.34169210789148313,0.34169210789148324
0.6960000000000001,-0.3328195445229862,-0.3328195445229862,-0.3328195445229862,0.9429905358928646,-0.3328195445229862,0.3328195445229863
0.6975,-0.3239174181981495,-0.3239174181981495,-0.3239174181981495,0.9460853588275453,-0.3239174181981495,0.3239174181981496
0.6990000000000001,-0.3149865196553046,-0.3149865196553046,-0.3149865196553046,0.9490961449902946,-0.3149865196553046,0.3149865196553047
0.7005,-0.3060276421885011,-0.3060276421885011,-0.3060276421885011,0.9520226269456765,-0.3060276421885011,0.3060276421885012
0.7020000000000001,-0.297041581577035,-0.297041581577035,-0.297041581577035,0.954864544746643,-0.297041581577035,0.2970415815770351
0.7035,-0.288029136014769,-0.288029136014769,-0.288029136014769,0.9576216459576223,-0.288029136014769,0.2880291360147691
0.705,-0.2789911060392296,-0.2789911060392296,-0.2789911060392296,0.960293685676943,-0.2789911060392296,0.2789911060392297
0.7065,-0.2699282944604964,-0.2699282944604964,-0.2699282944604964,0.9628804265585875,-0.2699282944604964,0.2699282944604965
0.708,-0.26084150628989755,-0.26084150628989755,-0.26084150628989755,0.9653816388332737,-0.26084150628989755,0.26084150628989766
0.7095,-0.2517315486684974,-0.2517315486684974,-0.2517315486684974,0.9677971003288653,-0.2517315486684974,0.2517315486684975
0.711,-0.24259923079540746,-0.24259923079540746,-0.24259923079540746,0.9701265964901058,-0.24259923079540746,0.24259923079540757
0.7125,-0.23344536385590514,-0.23344536385590514,-0.23344536385590514,0.9723699203976767,-0.23344536385590514,0.23344536385590528
0.714,-0.2242707609493815,-0.2242707609493815,-0.2242707609493815,0.974526872786577,-0.2242707609493815,0.22427076094938161
0.7155,-0.2150762370171134,-0.2150762370171134,-0.2150762370171134,0.9765972620638246,-0.2150762370171134,0.2150762370171135
0.717,-0.2058626087698819,-0.2058626087698819,-0.2058626087698819,0.978580904325472,-0.2058626087698819,0.20586260876988202
0.7185,-0.19663069461542035,-0.19663069461542035,-0.19663069461542035,0.9804776233729443,-0.19663069461542035,0.19663069461542046
0.72,-0.18738131458572463,-0.18738131458572463,-0.18738131458572463,0.9822872507286887,-0.18738131458572463,0.18738131458572474
0.7215,-0.17811529026420983,-0.17811529026420983,-0.17811529026420983,0.9840096256511398,-0.17811529026420983,0.17811529026420994
0.723,-0.16883344471273415,-0.16883344471273415,-0.16883344471273415,0.9856445951489979,-0.16883344471273415,0.1688334447127343
0.7245,-0.1595366023984863,-0.1595366023984863,-0.1595366023984863,0.9871920139948192,-0.1595366023984863,0.1595366023984864
0.726,-0.15022558912075762,-0.15022558912075762,-0.15022558912075762,0.988651744737914,-0.15022558912075762,0.15022558912075773
0.7275,-0.14090123193758292,-0.14090123193758292,-0.14090123193758292,0.9900236577165575,-0.14090123193758292,0.14090123193758305
0.729,-0.13156435909228248,-0.13156435909228248,-0.13156435909228248,0.9913076310695066,-0.13156435909228248,0.1315643590922826
0.7305,-0.12221579993988911,-0.12221579993988911,-0.12221579993988911,0.9925035507468237,-0.12221579993988911,0.12221579993988922
0.732,-0.11285638487348193,-0.11285638487348193,-0.11285638487348193,0.9936113105200084,-0.11285638487348193,0.11285638487348205
0.7335,-0.10348694525042247,-0.10348694525042247,-0.10348694525042247,0.9946308119914323,-0.10348694525042247,0.1034869452504226
0.735,-0.09410831331851485,-0.09410831331851485,-0.09410831331851485,0.99556196460308,-0.09410831331851485,0.09410831331851498
0.7365,-0.08472132214207367,-0.08472132214207367,-0.08472132214207367,0.9964046856445924,-0.08472132214207367,0.0847213221420738
0.738,-0.07532680552793265,-0.07532680552793265,-0.07532680552793265,0.9971589002606139,-0.07532680552793265,0.07532680552793278
0.7395,-0.0659255979513775,-0.0659255979513775,-0.0659255979513775,0.9978245414574415,-0.0659255979513775,0.0659255979513776
0.741,-0.05651853448202474,-0.05651853448202474,-0.05651853448202474,0.998401550108975,-0.05651853448202474,0.05651853448202487
0.7425,-0.047106450709642575,-0.047106450709642575,-0.047106450709642575,0.99888987496197,-0.047106450709642575,0.0471064507096427
0.744,-0.03769018266993504,-0.03769018266993504,-0.03769018266993504,0.9992894726405892,-0.03769018266993504,0.037690182669935166
0.7455,-0.028270566770273453,-0.028270566770273453,-0.028270566770273453,0.9996003076502565,-0.028270566770273453,0.028270566770273575
0.747,-0.018848439715408075,-0.018848439715408075,-0.018848439715408075,0.999822352380809,-0.018848439715408075,0.018848439715408196
0.7485,-0.009424638433143603,-0.009424638433143603,-0.009424638433143603,0.9999555871089498,-0.009424638433143603,0.009424638433143727
0.75,-1.8369701987210297e-16,-1.8369701987210297e-16,-1.8369701987210297e-16,1.0,-1.8369701987210297e-16,3.061616997868383e-16
0.7515000000000001,0.009424638433144126,0.009424638433144126,0.009424638433144126,0.9999555871089498,0.009424638433144126,-0.009424638433144002
0.753,0.018848439715407707,0.018848439715407707,0.018848439715407707,0.999822352380809,0.018848439715407707,-0.018848439715407585
0.7545000000000001,0.028270566770273085,0.028270566770273085,0.028270566770273085,0.9996003076502565,0.028270566770273085,-0.028270566770272964
0.756,0.03769018266993467,0.03769018266993467,0.03769018266993467,0.9992894726405892,0.03769018266993467,-0.03769018266993455
0.7575000000000001,0.047106450709643095,0.047106450709643095,0.047106450709643095,0.9988898749619699,0.047106450709643095,-0.04710645070964298
0.759,0.056518534482024374,0.056518534482024374,0.056518534482024374,0.998401550108975,0.056518534482024374,-0.056518534482024256
0.7605000000000001,0.065925597951378,0.065925597951378,0.065925597951378,0.9978245414574415,0.065925597951378,-0.06592559795137788
0.762,0.07532680552793229,0.07532680552793229,0.07532680552793229,0.9971589002606139,0.07532680552793229,-0.07532680552793217
0.7635000000000001,0.08472132214207331,0.08472132214207331,0.08472132214207331,0.9964046856445924,0.08472132214207331,-0.08472132214207319
0.765,0.09410831331851449,0.09410831331851449,0.09410831331851449,0.99556196460308,0.09410831331851449,-0.09410831331851437
0.7665000000000001,0.103486945250423,0.103486945250423,0.103486945250423,0.9946308119914323,0.103486945250423,-0.10348694525042287
0.768,0.11285638487348157,0.11285638487348157,0.11285638487348157,0.9936113105200084,0.11285638487348157,-0.11285638487348144
0.7695,0.12221579993988874,0.12221579993988874,0.12221579993988874,0.9925035507468238,0.12221579993988874,-0.12221579993988861
0.771,0.13156435909228212,0.13156435909228212,0.13156435909228212,0.9913076310695066,0.13156435909228212,-0.13156435909228198
0.7725,0.14090123193758256,0.14090123193758256,0.14090123193758256,0.9900236577165575,0.14090123193758256,-0.14090123193758244
0.774,0.15022558912075726,0.15022558912075726,0.15022558912075726,0.988651744737914,0.15022558912075726,-0.15022558912075626
0.7755,0.15953660239848594,0.15953660239848594,0.15953660239848594,0.9871920139948193,0.15953660239848594,-0.1595366023984867
0.777,0.1688334447127338,0.1688334447127338,0.1688334447127338,0.985644595148998,0.1688334447127338,-0.16883344471273368
0.7785,0.17811529026420947,0.17811529026420947,0.17811529026420947,0.9840096256511399,0.17811529026420947,-0.17811529026420936
0.78,0.18738131458572427,0.18738131458572427,0.18738131458572427,0.9822872507286887,0.18738131458572427,-0.18738131458572502
0.7815,0.19663069461542,0.19663069461542,0.19663069461542,0.9804776233729444,0.19663069461542,-0.19663069461541988
0.783,0.20586260876988155,0.20586260876988155,0.20586260876988155,0.9785809043254721,0.20586260876988155,-0.20586260876988055
0.7845,0.21507623701711304,0.21507623701711304,0.21507623701711304,0.9765972620638247,0.21507623701711304,-0.21507623701711379
0.786,0.22427076094938114,0.22427076094938114,0.22427076094938114,0.9745268727865771,0.22427076094938114,-0.224270760949381
0.7875,0.23344536385590478,0.23344536385590478,0.23344536385590478,0.9723699203976768,0.23344536385590478,-0.23344536385590467
0.789,0.2425992307954071,0.2425992307954071,0.2425992307954071,0.9701265964901059,0.2425992307954071,-0.24259923079540785
0.7905,0.25173154866849706,0.25173154866849706,0.25173154866849706,0.9677971003288655,0.25173154866849706,-0.25173154866849695
0.792,0.26084150628989716,0.26084150628989716,0.26084150628989716,0.9653816388332739,0.26084150628989716,-0.2608415062898962
0.7935,0.26992829446049604,0.26992829446049604,0.26992829446049604,0.9628804265585876,0.26992829446049604,-0.26992829446049676
0.795,0.2789911060392292,0.2789911060392292,0.2789911060392292,0.9602936856769431,0.2789911060392292,-0.2789911060392291
0.7965,0.2880291360147686,0.2880291360147686,0.2880291360147686,0.9576216459576224,0.2880291360147686,-0.2880291360147685
0.798,0.29704158157703464,0.29704158157703464,0.29704158157703464,0.9548645447466431,0.29704158157703464,-0.29704158157703536
0.7995,0.3060276421885007,0.3060276421885007,0.3060276421885007,0.9520226269456766,0.3060276421885007,-0.3060276421885006
0.801,0.3149865196553051,0.3149865196553051,0.3149865196553051,0.9490961449902945,0.3149865196553051,-0.3149865196553041
0.8025,0.3239174181981491,0.3239174181981491,0.3239174181981491,0.9460853588275454,0.3239174181981491,-0.32391741819814984
0.804,0.3328195445229867,0.3328195445229867,0.3328195445229867,0.9429905358928645,0.3328195445229867,-0.33281954452298657
0.8055,0.3416921078914828,0.3416921078914828,0.3416921078914828,0.9398119510863199,0.3416921078914828,-0.3416921078914827
0.807,0.35053432019125874,0.35053432019125874,0.35053432019125874,0.9365498867481925,0.35053432019125874,-0.35053432019125946
0.8085,0.3593453960058907,0.3593453960058907,0.3593453960058907,0.9332046326338986,0.3593453960058907,-0.3593453960058906
0.81,0.36812455268467825,0.36812455268467825,0.36812455268467825,0.9297764858882513,0.36812455268467825,-0.3681245526846773
0.8115,0.3768710104121624,0.3768710104121624,0.3768710104121624,0.9262657510190667,0.3768710104121624,-0.37687101041216314
0.8130000000000001,0.3855839922773966,0.3855839922773966,0.3855839922773966,0.9226727398701149,0.3855839922773966,-0.3855839922773965
0.8145,0.3942627243429505,0.3942627243429505,0.3942627243429505,0.9189977715934216,0.3942627243429505,-0.3942627243429504
0.8160000000000001,0.40290643571366247,0.40290643571366247,0.40290643571366247,0.9152411726209176,0.40290643571366247,-0.40290643571366314
0.8175,0.4115143586051088,0.4115143586051088,0.4115143586051088,0.9114032766354453,0.4115143586051088,-0.4115143586051087
0.8190000000000001,0.4200857284118066,0.4200857284118066,0.4200857284118066,0.9074844245411168,0.4200857284118066,-0.4200857284118057
0.8205,0.42861978377512816,0.42861978377512816,0.42861978377512816,0.9034849644330349,0.42861978377512816,-0.4286197837751288
0.8220000000000001,0.437115766650933,0.437115766650933,0.437115766650933,0.8994052515663711,0.437115766650933,-0.4371157666509329
0.8235,0.44557292237689583,0.44557292237689583,0.44557292237689583,0.8952456483248119,0.44557292237689583,-0.4455729223768957
0.8250000000000001,0.45399049973954664,0.45399049973954664,0.45399049973954664,0.891006524188368,0.45399049973954664,-0.4539904997395473
0.8265,0.46236775104099187,0.46236775104099187,0.46236775104099187,0.8866882557005564,0.46236775104099187,-0.46236775104099176
0.8280000000000001,0.4707039321653329,0.4707039321653329,0.4707039321653329,0.8822912264349532,0.4707039321653329,-0.470703932165332
0.8295,0.47899830264476084,0.47899830264476084,0.47899830264476084,0.8778158269611218,0.47899830264476084,-0.4789983026447615
0.8310000000000001,0.48725012572533244,0.48725012572533244,0.48725012572533244,0.8732624548099202,0.48725012572533244,-0.48725012572533233
0.8325,0.4954586684324071,0.4954586684324071,0.4954586684324071,0.8686315144381915,0.4954586684324071,-0.49545866843240705
0.834,0.5036232016357607,0.5036232016357607,0.5036232016357607,0.8639234171928355,0.5036232016357607,-0.5036232016357614
0.8355,0.511743000114345,0.511743000114345,0.511743000114345,0.8591385812742723,0.511743000114345,-0.5117430001143449
0.837,0.5198173426207091,0.5198173426207091,0.5198173426207091,0.8542774316992955,0.5198173426207091,-0.519817342620709
0.8385,0.5278455119450662,0.5278455119450662,0.5278455119450662,0.8493404002633167,0.5278455119450662,-0.5278455119450669
0.84,0.535826794978996,0.535826794978996,0.535826794978996,0.8443279255020155,0.535826794978996,-0.5358267949789951
0.8415,0.5437604827787921,0.5437604827787921,0.5437604827787921,0.839240452652382,0.5437604827787921,-0.543760482778792
0.843,0.5516458706284301,0.5516458706284301,0.5516458706284301,0.8340784336131714,0.5516458706284301,-0.5516458706284307
0.8445,0.5594822581021671,0.5594822581021671,0.5594822581021671,0.8288423269047619,0.5594822581021671,-0.559482258102167
0.846,0.5672689491267562,0.5672689491267562,0.5672689491267562,0.8235325976284277,0.5672689491267562,-0.5672689491267561
0.8475,0.5750052520432785,0.5750052520432785,0.5750052520432785,0.8181497174250235,0.5750052520432785,-0.5750052520432791
0.849,0.5826904796685755,0.5826904796685755,0.5826904796685755,0.8126941644330944,0.5826904796685755,-0.5826904796685747
0.8505,0.5903239493562942,0.5903239493562942,0.5903239493562942,0.8071664232464005,0.5903239493562942,-0.5903239493562942
0.852,0.5979049830575188,0.5979049830575188,0.5979049830575188,0.8015669848708766,0.5979049830575188,-0.5979049830575194
0.8535,0.6054329073810015,0.6054329073810015,0.6054329073810015,0.7958963466810158,0.6054329073810015,-0.6054329073810014
0.855,0.6129070536529762,0.6129070536529762,0.6129070536529762,0.7901550123756906,0.6129070536529762,-0.612907053652976
0.8565,0.6203267579765559,0.6203267579765559,0.6203267579765559,0.7843434919334101,0.6203267579765559,-0.6203267579765566
0.858,0.6276913612906999,0.6276913612906999,0.6276913612906999,0.7784623015670239,0.6276913612906999,-0.6276913612906991
0.8595,0.6350002094287603,0.6350002094287603,0.6350002094287603,0.7725119636778647,0.6350002094287603,-0.6350002094287602
0.861,0.6422526531765843,0.6422526531765843,0.6422526531765843,0.76649300680935,0.6422526531765843,-0.6422526531765849
0.8625,0.6494480483301839,0.6494480483301839,0.6494480483301839,0.7604059656000308,0.6494480483301839,-0.6494480483301838
0.864,0.6565857557529562,0.6565857557529562,0.6565857557529562,0.7542513807361041,0.6565857557529562,-0.6565857557529561
0.8655,0.6636651414324585,0.6636651414324585,0.6636651414324585,0.7480297989033826,0.6636651414324585,-0.663665141432459
0.867,0.6706855765367196,0.6706855765367196,0.6706855765367196,0.7417417727387396,0.6706855765367196,-0.6706855765367188
0.8685,0.677646437470102,0.677646437470102,0.677646437470102,0.7353878607810161,0.677646437470102,-0.6776464374701019
0.87,0.6845471059286886,0.6845471059286886,0.6845471059286886,0.7289686274214116,0.6845471059286886,-0.6845471059286892
0.8715,0.6913869689552066,0.6913869689552066,0.6913869689552066,0.7224846428533497,0.6913869689552066,-0.6913869689552065
0.873,0.6981654189934724,0.6981654189934724,0.6981654189934724,0.7159364830218314,0.6981654189934724,-0.6981654189934724
0.8745,0.7048818539423614,0.7048818539423614,0.7048818539423614,0.709324729572274,0.7048818539423614,-0.7048818539423619
0.876,0.7115356772092849,0.7115356772092849,0.7115356772092849,0.7026499697988496,0.7115356772092849,-0.7115356772092842
0.8775000000000001,0.7181262977631893,0.7181262977631893,0.7181262977631893,0.695912796592314,0.7181262977631893,-0.7181262977631885
0.879,0.7246531301870467,0.7246531301870467,0.7246531301870467,0.6891138083873485,0.7246531301870467,-0.7246531301870471
0.8805000000000001,0.7311155947298643,0.7311155947298643,0.7311155947298643,0.6822536091093963,0.7311155947298643,-0.7311155947298642
0.882,0.7375131173581737,0.7375131173581737,0.7375131173581737,0.6753328081210247,0.7375131173581737,-0.7375131173581736
0.8835000000000001,0.7438451298070251,0.7438451298070251,0.7438451298070251,0.668352020167793,0.7438451298070251,-0.7438451298070256
0.885,0.7501110696304591,0.7501110696304591,0.7501110696304591,0.6613118653236524,0.7501110696304591,-0.7501110696304585
0.8865000000000001,0.7563103802514723,0.7563103802514723,0.7563103802514723,0.6542129689358607,0.7563103802514723,-0.7563103802514717
0.888,0.7624425110114479,0.7624425110114479,0.7624425110114479,0.6470559615694443,0.7624425110114479,-0.7624425110114483
0.8895000000000001,0.7685069172190768,0.7685069172190768,0.7685069172190768,0.6398414789511783,0.7685069172190768,-0.7685069172190767
0.891,0.7745030601987336,0.7745030601987336,0.7745030601987336,0.6325701619131248,0.7745030601987336,-0.7745030601987336
0.8925000000000001,0.7804304073383298,0.7804304073383298,0.7804304073383298,0.6252426563357052,0.7804304073383298,-0.7804304073383302
0.894,0.7862884321366186,0.7862884321366186,0.7862884321366186,0.6178596130903349,0.7862884321366186,-0.7862884321366179
0.8955000000000001,0.7920766142499674,0.7920766142499674,0.7920766142499674,0.610421687981602,0.7920766142499674,-0.7920766142499668
0.897,0.797794439538571,0.797794439538571,0.797794439538571,0.6029295416890247,0.797794439538571,-0.7977944395385715
0.8985,0.8034414001121273,0.8034414001121273,0.8034414001121273,0.5953838397083554,0.8034414001121273,-0.8034414001121267
0.9,0.8090169943749473,0.8090169943749473,0.8090169943749473,0.5877852522924734,0.8090169943749473,-0.8090169943749472
0.9015,0.8145207270705089,0.8145207270705089,0.8145207270705089,0.5801344543918501,0.8145207270705089,-0.8145207270705088
0.903,0.819952109325452,0.819952109325452,0.819952109325452,0.5724321255945913,0.819952109325452,-0.8199521093254515
0.9045,0.8253106586929995,0.8253106586929995,0.8253106586929995,0.5646789500660773,0.8253106586929995,-0.8253106586929994
0.906,0.8305958991958127,0.8305958991958127,0.8305958991958127,0.556875616488188,0.8305958991958127,-0.8305958991958131
0.9075,0.8358073613682699,0.8358073613682699,0.8358073613682699,0.5490228179981322,0.8358073613682699,-0.8358073613682694
0.909,0.840944582298169,0.840944582298169,0.840944582298169,0.541121252126876,0.840944582298169,-0.8409445822981689
0.9105,0.8460071056678418,0.8460071056678418,0.8460071056678418,0.5331716207371894,0.8460071056678418,-0.8460071056678418
0.912,0.8509944817946921,0.8509944817946921,0.8509944817946921,0.5251746299612954,0.8509944817946921,-0.850994481794692
0.9135,0.8559062676711329,0.8559062676711329,0.8559062676711329,0.5171309901381573,0.8559062676711329,-0.8559062676711329
0.915,0.8607420270039438,0.8607420270039438,0.8607420270039438,0.5090414157503712,0.8607420270039438,-0.8607420270039441
0.9165,0.8655013302530188,0.8655013302530188,0.8655013302530188,0.5009066253607103,0.8655013302530188,-0.8655013302530182
0.918,0.8701837546695256,0.8701837546695256,0.8701837546695256,0.49272734154829173,0.8701837546695256,-0.8701837546695256
0.9195,0.8747888843334524,0.8747888843334524,0.8747888843334524,0.48450429084439867,0.8747888843334524,-0.8747888843334524
0.921,0.8793163101905564,0.8793163101905564,0.8793163101905564,0.4762382036679388,0.8793163101905564,-0.8793163101905564
0.9225,0.8837656300886934,0.8837656300886934,0.8837656300886934,0.46792981426057356,0.8837656300886934,-0.8837656300886932
0.924,0.8881364488135446,0.8881364488135446,0.8881364488135446,0.45957986062148776,0.8881364488135446,-0.8881364488135449
0.9255,0.8924283781237177,0.8924283781237177,0.8924283781237177,0.45118908444184547,0.8924283781237177,-0.8924283781237172
0.927,0.8966410367852358,0.8966410367852358,0.8966410367852358,0.44275823103890166,0.8966410367852358,-0.8966410367852358
0.9285,0.9007740506053977,0.9007740506053977,0.9007740506053977,0.4342880492898053,0.9007740506053977,-0.9007740506053977
0.93,0.9048270524660197,0.9048270524660197,0.9048270524660197,0.42577929156507227,0.9048270524660197,-0.9048270524660197
0.9315,0.90879968235604,0.90879968235604,0.90879968235604,0.41723271366176545,0.90879968235604,-0.90879968235604
0.933,0.9126915874035029,0.9126915874035029,0.9126915874035029,0.4086490747363489,0.9126915874035029,-0.9126915874035032
0.9345,0.9165024219068978,0.9165024219068978,0.9165024219068978,0.4000291372372652,0.9165024219068978,-0.9165024219068975
0.936,0.9202318473658703,0.9202318473658703,0.9202318473658703,0.39137366683720254,0.9202318473658703,-0.9202318473658703
0.9375,0.9238795325112865,0.9238795325112865,0.9238795325112865,0.38268343236509045,0.9238795325112865,-0.9238795325112864
0.9390000000000001,0.9274451533346615,0.9274451533346615,0.9274451533346615,0.3739592057378,0.9274451533346615,-0.9274451533346615
0.9405,0.9309283931169356,0.9309283931169356,0.9309283931169356,0.36520176189158793,0.9309283931169356,-0.9309283931169356
0.9420000000000001,0.9343289424566121,0.9343289424566121,0.9343289424566121,0.35641187871325053,0.9343289424566121,-0.9343289424566124
0.9435,0.9376464992972355,0.9376464992972355,0.9376464992972355,0.3475903369710374,0.9376464992972355,-0.9376464992972352
0.9450000000000001,0.9408807689542255,0.9408807689542255,0.9408807689542255,0.3387379202452915,0.9408807689542255,-0.9408807689542255
0.9465,0.9440314641410498,0.9440314641410498,0.9440314641410498,0.3298554148588527,0.9440314641410498,-0.9440314641410501
0.9480000000000001,0.9470983049947445,0.9470983049947445,0.9470983049947445,0.32094360980720904,0.9470983049947445,-0.9470983049947445
0.9495,0.9500810191007717,0.9500810191007717,0.9500810191007717,0.3120032966884149,0.9500810191007717,-0.9500810191007717
0.9510000000000001,0.9529793415172189,0.9529793415172189,0.9529793415172189,0.3030352696327738,0.9529793415172189,-0.9529793415172191
0.9525,0.95579301479833,0.95579301479833,0.95579301479833,0.29404032523230433,0.95579301479833,-0.9557930147983298
0.9540000000000001,0.9585217890173758,0.9585217890173758,0.9585217890173758,0.2850192624699762,0.9585217890173758,-0.9585217890173758
0.9555,0.961165421788852,0.961165421788852,0.961165421788852,0.27597288264874553,0.961165421788852,-0.9611654217888522
0.9570000000000001,0.9637236782900098,0.9637236782900098,0.9637236782900098,0.26690198932037507,0.9637236782900098,-0.9637236782900098
0.9585,0.9661963312817147,0.9661963312817147,0.9661963312817147,0.2578073882140599,0.9661963312817147,-0.9661963312817147
0.96,0.968583161128631,0.968583161128631,0.968583161128631,0.2486898871648554,0.968583161128631,-0.968583161128631
0.9615,0.9708839558187309,0.9708839558187309,0.9708839558187309,0.23955029604192218,0.9708839558187309,-0.9708839558187307
0.963,0.9730985109821264,0.9730985109821264,0.9730985109821264,0.23038942667659149,0.9730985109821264,-0.9730985109821265
0.9645,0.9752266299092235,0.9752266299092235,0.9752266299092235,0.2212080927902469,0.9752266299092235,-0.9752266299092237
0.966,0.9772681235681934,0.9772681235681934,0.9772681235681934,0.21200710992205496,0.9772681235681934,-0.9772681235681931
0.9675,0.9792228106217657,0.9792228106217657,0.9792228106217657,0.20278729535651252,0.9792228106217657,-0.9792228106217657
0.969,0.981090517443334,0.981090517443334,0.981090517443334,0.19354946805086087,0.981090517443334,-0.981090517443334
0.9705,0.9828710781323792,0.9828710781323792,0.9828710781323792,0.18429444856233362,0.9828710781323792,-0.982871078132379
0.972,0.9845643345292054,0.9845643345292054,0.9845643345292054,0.17502305897527606,0.9845643345292054,-0.9845643345292053
0.9735,0.9861701362289889,0.9861701362289889,0.9861701362289889,0.16573612282811942,0.9861701362289889,-0.9861701362289891
0.975,0.9876883405951377,0.9876883405951377,0.9876883405951377,0.15643446504023117,0.9876883405951377,-0.9876883405951375
0.9765,0.9891188127719618,0.9891188127719618,0.9891188127719618,0.14711891183863737,0.9891188127719618,-0.9891188127719618
0.978,0.9904614256966512,0.9904614256966512,0.9904614256966512,0.13779029068463863,0.9904614256966512,-0.9904614256966511
0.9795,0.9917160601105628,0.9917160601105628,0.9917160601105628,0.12844943020030314,0.9917160601105628,-0.9917160601105627
0.981,0.9928826045698137,0.9928826045698137,0.9928826045698137,0.11909716009486972,0.9928826045698137,-0.9928826045698137
0.9825,0.9939609554551797,0.9939609554551797,0.9939609554551797,0.10973431109104495,0.9939609554551797,-0.9939609554551798
0.984,0.9949510169813002,0.9949510169813002,0.9949510169813002,0.10036171485121516,0.9949510169813002,-0.9949510169813001
0.9855,0.9958527012051857,0.9958527012051857,0.9958527012051857,0.09098020390356988,0.9958527012051857,-0.9958527012051857
0.987,0.9966659280340299,0.9966659280340299,0.9966659280340299,0.0815906115681581,0.9966659280340299,-0.9966659280340299
0.9885,0.9973906252323237,0.9973906252323237,0.9973906252323237,0.07219377188286084,0.9973906252323237,-0.9973906252323236
0.99,0.9980267284282716,0.9980267284282716,0.9980267284282716,0.06279051952931332,0.9980267284282716,-0.9980267284282716
0.9915,0.9985741811195098,0.9985741811195098,0.9985741811195098,0.05338168975876012,0.9985741811195098,-0.9985741811195098
0.993,0.9990329346781247,0.9990329346781247,0.9990329346781247,0.04396811831786514,0.9990329346781247,-0.9990329346781247
0.9945,0.9994029483549729,0.9994029483549729,0.9994029483549729,0.0345506413744722,0.9994029483549729,-0.9994029483549729
0.996,0.9996841892832999,0.9996841892832999,0.9996841892832999,0.025130095443337996,0.9996841892832999,-0.9996841892832999
0.9975,0.9998766324816606,0.9998766324816606,0.9998766324816606,0.015707317311820894,0.9998766324816606,-0.9998766324816606
0.999,0.9999802608561371,0.9999802608561371,0.9999802608561371,0.006283143965558866,0.9999802608561371,-0.9999802608561371
1.0005,0.9999950652018582,0.9999950652018582,0.9999950652018582,-0.0031415874858790617,0.9999950652018582,-0.9999950652018582
1.002,0.9999210442038161,0.9999210442038161,0.9999210442038161,-0.012566039883352408,0.9999210442038161,-0.9999210442038161
1.0035,0.999758204436984,0.999758204436984,0.999758204436984,-0.02198937609250521,0.999758204436984,-0.999758204436984
1.0050000000000001,0.9995065603657315,0.9995065603657315,0.9995065603657315,-0.031410759078128694,0.9995065603657315,-0.9995065603657315
1.0065,0.9991661343425401,0.9991661343425401,0.9991661343425401,-0.040829351978509815,0.9991661343425401,-0.9991661343425402
1.008,0.9987369566060175,0.9987369566060175,0.9987369566060175,-0.050244318179769674,0.9987369566060175,-0.9987369566060175
1.0095,0.9982190652782118,0.9982190652782118,0.9982190652782118,-0.059654821390171114,0.9982190652782118,-0.9982190652782117
1.0110000000000001,0.9976125063612251,0.9976125063612251,0.9976125063612251,-0.06906002571440652,0.9976125063612251,-0.9976125063612251
1.0125,0.9969173337331281,0.9969173337331281,0.9969173337331281,-0.0784590957278442,0.9969173337331281,-0.996917333733128
1.014,0.9961336091431725,0.9961336091431725,0.9961336091431725,-0.08785119655074272,0.9961336091431725,-0.9961336091431725
1.0155,0.9952614022063083,0.9952614022063083,0.9952614022063083,-0.09723549392239918,0.9952614022063083,-0.9952614022063084
1.0170000000000001,0.9943007903969989,0.9943007903969989,0.9943007903969989,-0.10661115427526006,0.9943007903969989,-0.9943007903969989
1.0185,0.9932518590423395,0.9932518590423395,0.9932518590423395,-0.11597734480896094,0.9932518590423395,-0.9932518590423395
1.02,0.9921147013144779,0.9921147013144779,0.9921147013144779,-0.12533323356430412,0.9921147013144779,-0.992114701314478
1.0215,0.9908894182223387,0.9908894182223387,0.9908894182223387,-0.13467798949715276,0.9908894182223387,-0.9908894182223387
1.0230000000000001,0.9895761186026509,0.9895761186026509,0.9895761186026509,-0.14401078255225264,0.9895761186026509,-0.9895761186026508
1.0245,0.9881749191102805,0.9881749191102805,0.9881749191102805,-0.1533307837369614,0.9881749191102805,-0.9881749191102807
1.026,0.986685944207868,0.986685944207868,0.986685944207868,-0.16263716519488378,0.986685944207868,-0.986685944207868
1.0275,0.9851093261547739,0.9851093261547739,0.9851093261547739,-0.17192910027940916,0.9851093261547739,-0.9851093261547736
1.029,0.9834452049953298,0.9834452049953298,0.9834452049953298,-0.1812057636271364,0.9834452049953298,-0.9834452049953298
1.0305,0.981693728546399,0.981693728546399,0.981693728546399,-0.19046633123118833,0.981693728546399,-0.9816937285463988
1.032,0.979855052384247,0.979855052384247,0.979855052384247,-0.19970998051440664,0.979855052384247,-0.979855052384247
1.0335,0.9779293398307218,0.9779293398307218,0.9779293398307218,-0.20893589040241248,0.9779293398307218,-0.977929339830722
1.035,0.9759167619387475,0.9759167619387475,0.9759167619387475,-0.21814324139654104,0.9759167619387475,-0.9759167619387473
1.0365,0.973817497477129,0.973817497477129,0.973817497477129,-0.22733121564664607,0.973817497477129,-0.973817497477129
1.038,0.971631732914674,0.971631732914674,0.971631732914674,-0.23649899702372548,0.971631732914674,-0.9716317329146742
1.0395,0.9693596624036293,0.9693596624036293,0.9693596624036293,-0.24564577119242656,0.9693596624036293,-0.9693596624036293
1.041,0.9670014877624351,0.9670014877624351,0.9670014877624351,-0.2547707256833818,0.9670014877624351,-0.9670014877624351
1.0425,0.9645574184577981,0.9645574184577981,0.9645574184577981,-0.2638730499653737,0.9645574184577981,-0.9645574184577984
1.044,0.9620276715860858,0.9620276715860858,0.9620276715860858,-0.2729519355173255,0.9620276715860858,-0.9620276715860858
1.0455,0.9594124718540427,0.9594124718540427,0.9594124718540427,-0.2820065759001291,0.9594124718540427,-0.9594124718540424
1.047,0.9567120515588308,0.9567120515588308,0.9567120515588308,-0.29103616682827094,0.9567120515588308,-0.9567120515588308
1.0485,0.9539266505673937,0.9539266505673937,0.9539266505673937,-0.3000399062412748,0.9539266505673937,-0.9539266505673935
1.05,0.9510565162951536,0.9510565162951536,0.9510565162951536,-0.3090169943749471,0.9510565162951536,-0.9510565162951536
1.0515,0.948101903684032,0.948101903684032,0.948101903684032,-0.31796663383241175,0.948101903684032,-0.9481019036840324
1.053,0.945063075179805,0.945063075179805,0.945063075179805,-0.32688802965494107,0.945063075179805,-0.9450630751798048
1.0545,0.9419403007087908,0.9419403007087908,0.9419403007087908,-0.33578038939258037,0.9419403007087908,-0.9419403007087908
1.056,0.9387338576538741,0.9387338576538741,0.9387338576538741,-0.3446429231745179,0.9387338576538741,-0.9387338576538744
1.0575,0.9354440308298672,0.9354440308298672,0.9354440308298672,-0.3534748437792574,0.9354440308298672,-0.9354440308298673
1.059,0.9320711124582111,0.9320711124582111,0.9320711124582111,-0.3622753667045454,0.9320711124582111,-0.9320711124582111
1.0605,0.9286154021410173,0.9286154021410173,0.9286154021410173,-0.37104371023705185,0.9286154021410173,-0.9286154021410177
1.062,0.9250772068344579,0.9250772068344579,0.9250772068344579,-0.3797790955218014,0.9250772068344579,-0.9250772068344579
1.0635000000000001,0.9214568408214981,0.9214568408214981,0.9214568408214981,-0.38848074663136584,0.9214568408214981,-0.9214568408214979
1.065,0.9177546256839815,0.9177546256839815,0.9177546256839815,-0.39714789063477984,0.9177546256839815,-0.9177546256839815
1.0665,0.9139708902740614,0.9139708902740614,0.9139708902740614,-0.40577975766619867,0.9139708902740614,-0.9139708902740611
1.068,0.9101059706849958,0.9101059706849958,0.9101059706849958,-0.4143755809932839,0.9101059706849958,-0.9101059706849958
1.0695000000000001,0.9061602102212898,0.9061602102212898,0.9061602102212898,-0.4229345970853041,0.9061602102212898,-0.9061602102212902
1.071,0.9021339593682031,0.9021339593682031,0.9021339593682031,-0.4314560456809577,0.9021339593682031,-0.9021339593682027
1.0725,0.8980275757606158,0.8980275757606158,0.8980275757606158,-0.4399391698559149,0.8980275757606158,-0.8980275757606158
1.074,0.8938414241512638,0.8938414241512638,0.8938414241512638,-0.4483832160900331,0.8938414241512638,-0.8938414241512642
1.0755000000000001,0.8895758763783378,0.8895758763783378,0.8895758763783378,-0.4567874343342998,0.8895758763783378,-0.8895758763783378
1.077,0.8852313113324553,0.8852313113324553,0.8852313113324553,-0.46515107807745815,0.8852313113324553,-0.8852313113324554
1.0785,0.8808081149230035,0.8808081149230035,0.8808081149230035,-0.473473404412313,0.8808081149230035,-0.880808114923004
1.08,0.8763066800438634,0.8763066800438634,0.8763066800438634,-0.4817536741017156,0.8763066800438634,-0.8763066800438635
1.0815000000000001,0.8717274065385086,0.8717274065385086,0.8717274065385086,-0.4899911516442364,0.8717274065385086,-0.8717274065385081
1.083,0.8670707011644905,0.8670707011644905,0.8670707011644905,-0.4981851053394902,0.8670707011644905,-0.8670707011644905
1.0845,0.8623369775573042,0.8623369775573042,0.8623369775573042,-0.5063348073531313,0.8623369775573042,-0.8623369775573038
1.086,0.8575266561936523,0.8575266561936523,0.8575266561936523,-0.5144395337815063,0.8575266561936523,-0.8575266561936524
1.0875000000000001,0.8526401643540921,0.8526401643540921,0.8526401643540921,-0.5224985647159497,0.8526401643540921,-0.8526401643540926
1.089,0.8476779360850835,0.8476779360850835,0.8476779360850835,-0.5305111843067329,0.8476779360850835,-0.847677936085083
1.0905,0.8426404121604323,0.8426404121604323,0.8426404121604323,-0.53847668082666,0.8426404121604323,-0.8426404121604324
1.092,0.8375280400421417,0.8375280400421417,0.8375280400421417,-0.5463943467342699,0.8375280400421417,-0.8375280400421421
1.0935,0.8323412738406637,0.8323412738406637,0.8323412738406637,-0.5542634787366929,0.8323412738406637,-0.8323412738406633
1.095,0.8270805742745618,0.8270805742745618,0.8270805742745618,-0.5620833778521305,0.8270805742745618,-0.8270805742745619
1.0965,0.8217464086295901,0.8217464086295901,0.8217464086295901,-0.5698533494719247,0.8217464086295901,-0.8217464086295907
1.098,0.8163392507171836,0.8163392507171836,0.8163392507171836,-0.577572703422268,0.8163392507171836,-0.8163392507171837
1.0995,0.8108595808323741,0.8108595808323741,0.8108595808323741,-0.58524075402551,0.8108595808323741,-0.8108595808323746
1.101,0.8053078857111223,0.8053078857111223,0.8053078857111223,-0.5928568201610587,0.8053078857111223,-0.8053078857111224
1.1025,0.7996846584870908,0.7996846584870908,0.7996846584870908,-0.600420225325883,0.7996846584870908,-0.7996846584870902
1.104,0.7939903986478354,0.7939903986478354,0.7939903986478354,-0.6079302976946053,0.7939903986478354,-0.7939903986478354
1.1055,0.7882256119904404,0.7882256119904404,0.7882256119904404,-0.615386370179171,0.7882256119904404,-0.7882256119904405
1.107,0.7823908105765883,0.7823908105765883,0.7823908105765883,-0.6227877804881115,0.7823908105765883,-0.7823908105765879
1.1085,0.7764865126870786,0.7764865126870786,0.7764865126870786,-0.630133871185369,0.7764865126870786,-0.7764865126870787
1.11,0.770513242775789,0.770513242775789,0.770513242775789,-0.6374239897486905,0.770513242775789,-0.7705132427757897
1.1115,0.7644715314230919,0.7644715314230919,0.7644715314230919,-0.6446574886275904,0.7644715314230919,-0.7644715314230913
1.113,0.7583619152887219,0.7583619152887219,0.7583619152887219,-0.6518337253008787,0.7583619152887219,-0.758361915288722
1.1145,0.7521849370641113,0.7521849370641113,0.7521849370641113,-0.6589520623337177,0.7521849370641113,-0.7521849370641119
1.116,0.7459411454241818,0.7459411454241818,0.7459411454241818,-0.666011867434252,0.7459411454241818,-0.7459411454241818
1.1175,0.7396310949786103,0.7396310949786103,0.7396310949786103,-0.6730125135097733,0.7396310949786103,-0.739631094978611
1.119,0.7332553462225604,0.7332553462225604,0.7332553462225604,-0.6799533787224187,0.7332553462225604,-0.7332553462225605
1.1205,0.726814465486903,0.726814465486903,0.726814465486903,-0.6868338465444074,0.726814465486903,-0.7268144654869025
1.122,0.7203090248879069,0.7203090248879069,0.7203090248879069,-0.6936533058128049,0.7203090248879069,-0.7203090248879069
1.1235,0.7137396022764217,0.7137396022764217,0.7137396022764217,-0.7004111507838059,0.7137396022764217,-0.7137396022764219
1.125,0.7071067811865477,0.7071067811865477,0.7071067811865477,-0.7071067811865467,0.7071067811865477,-0.7071067811865471
1.1265,0.7004111507838063,0.7004111507838063,0.7004111507838063,-0.7137396022764213,0.7004111507838063,-0.7004111507838064
1.1280000000000001,0.6936533058128047,0.6936533058128047,0.6936533058128047,-0.7203090248879077,0.6936533058128047,-0.6936533058128055
1.1295,0.6868338465444084,0.6868338465444084,0.6868338465444084,-0.726814465486902,0.6868338465444084,-0.6868338465444078
1.131,0.6799533787224191,0.6799533787224191,0.6799533787224191,-0.73325534622256,0.6799533787224191,-0.6799533787224192
1.1325,0.6730125135097731,0.6730125135097731,0.6730125135097731,-0.7396310949786105,0.6730125135097731,-0.6730125135097738
1.1340000000000001,0.6660118674342511,0.6660118674342511,0.6660118674342511,-0.7459411454241826,0.6660118674342511,-0.6660118674342512
1.1355,0.6589520623337175,0.6589520623337175,0.6589520623337175,-0.7521849370641114,0.6589520623337175,-0.6589520623337183
1.137,0.6518337253008791,0.6518337253008791,0.6518337253008791,-0.7583619152887214,0.6518337253008791,-0.6518337253008792
1.1385,0.6446574886275915,0.6446574886275915,0.6446574886275915,-0.7644715314230909,0.6446574886275915,-0.644657488627591
1.1400000000000001,0.6374239897486896,0.6374239897486896,0.6374239897486896,-0.7705132427757893,0.6374239897486896,-0.6374239897486897
1.1415,0.6301338711853695,0.6301338711853695,0.6301338711853695,-0.7764865126870782,0.6301338711853695,-0.6301338711853696
1.143,0.6227877804881127,0.6227877804881127,0.6227877804881127,-0.7823908105765874,0.6227877804881127,-0.6227877804881121
1.1445,0.6153863701791714,0.6153863701791714,0.6153863701791714,-0.7882256119904401,0.6153863701791714,-0.6153863701791715
1.1460000000000001,0.607930297694605,0.607930297694605,0.607930297694605,-0.793990398647836,0.607930297694605,-0.6079302976946059
1.1475,0.6004202253258842,0.6004202253258842,0.6004202253258842,-0.7996846584870898,0.6004202253258842,-0.6004202253258836
1.149,0.5928568201610591,0.5928568201610591,0.5928568201610591,-0.805307885711122,0.5928568201610591,-0.5928568201610592
1.1505,0.5852407540255098,0.5852407540255098,0.5852407540255098,-0.8108595808323742,0.5852407540255098,-0.5852407540255106
1.1520000000000001,0.577572703422267,0.577572703422267,0.577572703422267,-0.8163392507171843,0.577572703422267,-0.5775727034222671
1.1535,0.5698533494719245,0.5698533494719245,0.5698533494719245,-0.8217464086295903,0.5698533494719245,-0.5698533494719252
1.155,0.562083377852131,0.562083377852131,0.562083377852131,-0.8270805742745615,0.562083377852131,-0.562083377852131
1.1565,0.5542634787366942,0.5542634787366942,0.5542634787366942,-0.8323412738406628,0.5542634787366942,-0.5542634787366936
1.158,0.5463943467342697,0.5463943467342697,0.5463943467342697,-0.8375280400421418,0.5463943467342697,-0.5463943467342706
1.1595,0.5384766808266606,0.5384766808266606,0.5384766808266606,-0.842640412160432,0.5384766808266606,-0.5384766808266607
1.161,0.5305111843067342,0.5305111843067342,0.5305111843067342,-0.8476779360850827,0.5305111843067342,-0.5305111843067335
1.1625,0.5224985647159487,0.5224985647159487,0.5224985647159487,-0.8526401643540923,0.5224985647159487,-0.5224985647159488
1.164,0.5144395337815069,0.5144395337815069,0.5144395337815069,-0.857526656193652,0.5144395337815069,-0.5144395337815069
1.1655,0.5063348073531326,0.5063348073531326,0.5063348073531326,-0.8623369775573034,0.5063348073531326,-0.506334807353132
1.167,0.4981851053394907,0.4981851053394907,0.4981851053394907,-0.8670707011644901,0.4981851053394907,-0.4981851053394908
1.1685,0.4899911516442362,0.4899911516442362,0.4899911516442362,-0.8717274065385096,0.4899911516442362,-0.48999115164423707
1.17,0.48175367410171616,0.48175367410171616,0.48175367410171616,-0.8763066800438631,0.48175367410171616,-0.48175367410171627
1.1715,0.4734734044123127,0.4734734044123127,0.4734734044123127,-0.8808081149230037,0.4734734044123127,-0.4734734044123136
1.173,0.4651510780774587,0.4651510780774587,0.4651510780774587,-0.885231311332455,0.4651510780774587,-0.4651510780774588
1.1745,0.4567874343342996,0.4567874343342996,0.4567874343342996,-0.8895758763783375,0.4567874343342996,-0.4567874343342989
1.176,0.44838321609003284,0.44838321609003284,0.44838321609003284,-0.8938414241512639,0.44838321609003284,-0.4483832160900338
1.1775,0.43993916985591547,0.43993916985591547,0.43993916985591547,-0.8980275757606154,0.43993916985591547,-0.4399391698559156
1.179,0.431456045680959,0.431456045680959,0.431456045680959,-0.9021339593682024,0.431456045680959,-0.43145604568095836
1.1805,0.42293459708530307,0.42293459708530307,0.42293459708530307,-0.9061602102212899,0.42293459708530307,-0.4229345970853032
1.182,0.4143755809932845,0.4143755809932845,0.4143755809932845,-0.9101059706849955,0.4143755809932845,-0.4143755809932846
1.1835,0.40577975766620006,0.40577975766620006,0.40577975766620006,-0.9139708902740608,0.40577975766620006,-0.40577975766619934
1.185,0.3971478906347804,0.3971478906347804,0.3971478906347804,-0.9177546256839813,0.3971478906347804,-0.3971478906347805
1.1865,0.3884807466313656,0.3884807466313656,0.3884807466313656,-0.921456840821499,0.3884807466313656,-0.3884807466313665
1.188,0.37977909552180195,0.37977909552180195,0.37977909552180195,-0.9250772068344577,0.37977909552180195,-0.37977909552180206
1.1895,0.37104371023705157,0.37104371023705157,0.37104371023705157,-0.9286154021410173,0.37104371023705157,-0.3710437102370525
1.191,0.36227536670454596,0.36227536670454596,0.36227536670454596,-0.9320711124582108,0.36227536670454596,-0.36227536670454613
1.1925000000000001,0.3534748437792563,0.3534748437792563,0.3534748437792563,-0.9354440308298676,0.3534748437792563,-0.3534748437792564
1.194,0.3446429231745176,0.3446429231745176,0.3446429231745176,-0.9387338576538742,0.3446429231745176,-0.34464292317451856
1.1955,0.3357803893925809,0.3357803893925809,0.3357803893925809,-0.9419403007087905,0.3357803893925809,-0.33578038939258104
1.197,0.32688802965494246,0.32688802965494246,0.32688802965494246,-0.9450630751798045,0.32688802965494246,-0.32688802965494174
1.1985000000000001,0.31796663383241064,0.31796663383241064,0.31796663383241064,-0.9481019036840321,0.31796663383241064,-0.3179666338324108
1.2,0.30901699437494773,0.30901699437494773,0.30901699437494773,-0.9510565162951534,0.30901699437494773,-0.30901699437494784
1.2015,0.30003990624127624,0.30003990624127624,0.30003990624127624,-0.9539266505673932,0.30003990624127624,-0.3000399062412755
1.203,0.29103616682827155,0.29103616682827155,0.29103616682827155,-0.9567120515588305,0.29103616682827155,-0.29103616682827166
1.2045000000000001,0.28200657590012884,0.28200657590012884,0.28200657590012884,-0.9594124718540432,0.28200657590012884,-0.2820065759001298
1.206,0.27295193551732605,0.27295193551732605,0.27295193551732605,-0.9620276715860856,0.27295193551732605,-0.27295193551732616
1.2075,0.2638730499653734,0.2638730499653734,0.2638730499653734,-0.9645574184577982,0.2638730499653734,-0.2638730499653744
1.209,0.25477072568338244,0.25477072568338244,0.25477072568338244,-0.967001487762435,0.25477072568338244,-0.25477072568338255
1.2105000000000001,0.24564577119242545,0.24564577119242545,0.24564577119242545,-0.9693596624036295,0.24564577119242545,-0.24564577119242556
1.212,0.2364989970237252,0.2364989970237252,0.2364989970237252,-0.971631732914674,0.2364989970237252,-0.2364989970237262
1.2135,0.22733121564664668,0.22733121564664668,0.22733121564664668,-0.9738174974771289,0.22733121564664668,-0.2273312156466468
1.215,0.2181432413965425,0.2181432413965425,0.2181432413965425,-0.9759167619387472,0.2181432413965425,-0.21814324139654176
1.2165,0.20893589040241223,0.20893589040241223,0.20893589040241223,-0.9779293398307218,0.20893589040241223,-0.2089358904024132
1.218,0.19970998051440725,0.19970998051440725,0.19970998051440725,-0.9798550523842469,0.19970998051440725,-0.19970998051440736
1.2195,0.1904663312311898,0.1904663312311898,0.1904663312311898,-0.9816937285463987,0.1904663312311898,-0.19046633123118906
1.221,0.18120576362713697,0.18120576362713697,0.18120576362713697,-0.9834452049953297,0.18120576362713697,-0.1812057636271371
1.2225,0.17192910027941063,0.17192910027941063,0.17192910027941063,-0.9851093261547735,0.17192910027941063,-0.17192910027940989
1.224,0.1626371651948844,0.1626371651948844,0.1626371651948844,-0.9866859442078679,0.1626371651948844,-0.1626371651948845
1.2255,0.15333078373696113,0.15333078373696113,0.15333078373696113,-0.9881749191102805,0.15333078373696113,-0.15333078373696213
1.227,0.14401078255225147,0.14401078255225147,0.14401078255225147,-0.9895761186026512,0.14401078255225147,-0.14401078255225247
1.2285,0.13467798949715337,0.13467798949715337,0.13467798949715337,-0.9908894182223386,0.13467798949715337,-0.13467798949715348
1.23,0.12533323356430473,0.12533323356430473,0.12533323356430473,-0.9921147013144779,0.12533323356430473,-0.12533323356430573
1.2315,0.11597734480896155,0.11597734480896155,0.11597734480896155,-0.9932518590423394,0.11597734480896155,-0.11597734480896167
1.233,0.10661115427525979,0.10661115427525979,0.10661115427525979,-0.9943007903969988,0.10661115427525979,-0.10661115427525902
1.2345,0.09723549392239979,0.09723549392239979,0.09723549392239979,-0.9952614022063083,0.09723549392239979,-0.0972354939224008
1.236,0.08785119655074333,0.08785119655074333,0.08785119655074333,-0.9961336091431724,0.08785119655074333,-0.08785119655074346
1.2375,0.0784590957278448,0.0784590957278448,0.0784590957278448,-0.996917333733128,0.0784590957278448,-0.07845909572784404
1.239,0.06906002571440535,0.06906002571440535,0.06906002571440535,-0.9976125063612252,0.06906002571440535,-0.06906002571440548
1.2405,0.05965482139017173,0.05965482139017173,0.05965482139017173,-0.9982190652782117,0.05965482139017173,-0.05965482139017096
1.242,0.050244318179770285,0.050244318179770285,0.050244318179770285,-0.9987369566060175,0.050244318179770285,-0.05024431817977041
1.2435,0.040829351978510425,0.040829351978510425,0.040829351978510425,-0.9991661343425401,0.040829351978510425,-0.04082935197851144
1.245,0.031410759078127536,0.031410759078127536,0.031410759078127536,-0.9995065603657316,0.031410759078127536,-0.03141075907812854
1.2465,0.021989376092505824,0.021989376092505824,0.021989376092505824,-0.999758204436984,0.021989376092505824,-0.021989376092505945
1.248,0.01256603988335302,0.01256603988335302,0.01256603988335302,-0.9999210442038161,0.01256603988335302,-0.01256603988335403
1.2495,0.003141587485879674,0.003141587485879674,0.003141587485879674,-0.9999950652018582,0.003141587485879674,-0.0031415874858797964
1.2510000000000001,-0.006283143965559142,-0.006283143965559142,-0.006283143965559142,-0.9999802608561371,-0.006283143965559142,0.006283143965559908
1.2525,-0.01570731731182028,-0.01570731731182028,-0.01570731731182028,-0.9998766324816606,-0.01570731731182028,0.01570731731181927
1.254,-0.025130095443337386,-0.025130095443337386,-0.025130095443337386,-0.9996841892832999,-0.025130095443337386,0.02513009544333726
1.2555,-0.03455064137447248,-0.03455064137447248,-0.03455064137447248,-0.9994029483549729,-0.03455064137447248,0.034550641374473244
1.2570000000000001,-0.043968118317865415,-0.043968118317865415,-0.043968118317865415,-0.9990329346781247,-0.043968118317865415,0.04396811831786529
1.2585,-0.05338168975875951,-0.05338168975875951,-0.05338168975875951,-0.9985741811195098,-0.05338168975875951,0.05338168975876027
1.26,-0.06279051952931271,-0.06279051952931271,-0.06279051952931271,-0.9980267284282716,-0.06279051952931271,0.0627905195293126
1.2615,-0.07219377188286112,-0.07219377188286112,-0.07219377188286112,-0.9973906252323236,-0.07219377188286112,0.072193771882861
1.2630000000000001,-0.08159061156815837,-0.08159061156815837,-0.08159061156815837,-0.9966659280340298,-0.08159061156815837,0.08159061156815738
1.2645,-0.09098020390356927,-0.09098020390356927,-0.09098020390356927,-0.9958527012051858,-0.09098020390356927,0.09098020390356915
1.266,-0.10036171485121455,-0.10036171485121455,-0.10036171485121455,-0.9949510169813001,-0.10036171485121455,0.10036171485121353
1.2675,-0.10973431109104523,-0.10973431109104523,-0.10973431109104523,-0.9939609554551797,-0.10973431109104523,0.1097343110910451
1.2690000000000001,-0.11909716009487,-0.11909716009487,-0.11909716009487,-0.9928826045698137,-0.11909716009487,0.11909716009487076
1.2705,-0.12844943020030253,-0.12844943020030253,-0.12844943020030253,-0.9917160601105628,-0.12844943020030253,0.12844943020030153
1.272,-0.13779029068463805,-0.13779029068463805,-0.13779029068463805,-0.9904614256966512,-0.13779029068463805,0.1377902906846379
1.2735,-0.14711891183863676,-0.14711891183863676,-0.14711891183863676,-0.9891188127719619,-0.14711891183863676,0.14711891183863665
1.2750000000000001,-0.15643446504023142,-0.15643446504023142,-0.15643446504023142,-0.9876883405951377,-0.15643446504023142,0.1564344650402313
1.2765,-0.1657361228281197,-0.1657361228281197,-0.1657361228281197,-0.9861701362289889,-0.1657361228281197,0.1657361228281196
1.278,-0.17502305897527545,-0.17502305897527545,-0.17502305897527545,-0.9845643345292054,-0.17502305897527545,0.17502305897527534
1.2795,-0.1842944485623339,-0.1842944485623339,-0.1842944485623339,-0.9828710781323791,-0.1842944485623339,0.18429444856233376
1.281,-0.19354946805086026,-0.19354946805086026,-0.19354946805086026,-0.9810905174433341,-0.19354946805086026,0.19354946805086015
1.2825,-0.2027872953565119,-0.2027872953565119,-0.2027872953565119,-0.9792228106217659,-0.2027872953565119,0.2027872953565118
1.284,-0.21200710992205524,-0.21200710992205524,-0.21200710992205524,-0.9772681235681934,-0.21200710992205524,0.21200710992205513
1.2855,-0.22120809279024714,-0.22120809279024714,-0.22120809279024714,-0.9752266299092234,-0.22120809279024714,0.22120809279024703
1.287,-0.23038942667659004,-0.23038942667659004,-0.23038942667659004,-0.9730985109821267,-0.23038942667659004,0.23038942667658993
1.2885,-0.2395502960419207,-0.2395502960419207,-0.2395502960419207,-0.9708839558187313,-0.2395502960419207,0.2395502960419206
1.29,-0.24868988716485482,-0.24868988716485482,-0.24868988716485482,-0.9685831611286311,-0.24868988716485482,0.2486898871648547
1.2915,-0.25780738821405935,-0.25780738821405935,-0.25780738821405935,-0.9661963312817149,-0.25780738821405935,0.25780738821405924
1.293,-0.26690198932037446,-0.26690198932037446,-0.26690198932037446,-0.96372367829001,-0.26690198932037446,0.26690198932037434
1.2945,-0.2759728826487458,-0.2759728826487458,-0.2759728826487458,-0.9611654217888519,-0.2759728826487458,0.27597288264874564
1.296,-0.2850192624699756,-0.2850192624699756,-0.2850192624699756,-0.9585217890173761,-0.2850192624699756,0.2850192624699755
1.2975,-0.2940403252323046,-0.2940403252323046,-0.2940403252323046,-0.9557930147983299,-0.2940403252323046,0.29404032523230444
1.299,-0.30303526963277405,-0.30303526963277405,-0.30303526963277405,-0.9529793415172189,-0.30303526963277405,0.30303526963277394
1.3005,-0.31200329668841437,-0.31200329668841437,-0.31200329668841437,-0.9500810191007719,-0.31200329668841437,0.31200329668841426
1.302,-0.32094360980721015,-0.32094360980721015,-0.32094360980721015,-0.9470983049947441,-0.32094360980721015,0.32094360980721004
1.3035,-0.32985541485885295,-0.32985541485885295,-0.32985541485885295,-0.9440314641410498,-0.32985541485885295,0.32985541485885284
1.305,-0.3387379202452909,-0.3387379202452909,-0.3387379202452909,-0.9408807689542257,-0.3387379202452909,0.3387379202452908
1.3065,-0.34759033697103603,-0.34759033697103603,-0.34759033697103603,-0.9376464992972361,-0.34759033697103603,0.3475903369710359
1.308,-0.3564118787132508,-0.3564118787132508,-0.3564118787132508,-0.934328942456612,-0.3564118787132508,0.3564118787132507
1.3095,-0.3652017618915874,-0.3652017618915874,-0.3652017618915874,-0.9309283931169359,-0.3652017618915874,0.36520176189158726
1.311,-0.37395920573779945,-0.37395920573779945,-0.37395920573779945,-0.9274451533346617,-0.37395920573779945,0.37395920573779934
1.3125,-0.3826834323650899,-0.3826834323650899,-0.3826834323650899,-0.9238795325112867,-0.3826834323650899,0.3826834323650898
1.314,-0.391373666837202,-0.391373666837202,-0.391373666837202,-0.9202318473658705,-0.391373666837202,0.3913736668372019
1.3155000000000001,-0.4000291372372654,-0.4000291372372654,-0.4000291372372654,-0.9165024219068977,-0.4000291372372654,0.4000291372372653
1.317,-0.40864907473634915,-0.40864907473634915,-0.40864907473634915,-0.9126915874035028,-0.40864907473634915,0.40864907473634904
1.3185,-0.4172327136617649,-0.4172327136617649,-0.4172327136617649,-0.9087996823560404,-0.4172327136617649,0.4172327136617648
1.32,-0.4257792915650733,-0.4257792915650733,-0.4257792915650733,-0.9048270524660192,-0.4257792915650733,0.4257792915650732
1.3215000000000001,-0.43428804928980475,-0.43428804928980475,-0.43428804928980475,-0.9007740506053981,-0.43428804928980475,0.43428804928980463
1.323,-0.44275823103890116,-0.44275823103890116,-0.44275823103890116,-0.8966410367852361,-0.44275823103890116,0.44275823103890105
1.3245,-0.45118908444184413,-0.45118908444184413,-0.45118908444184413,-0.8924283781237184,-0.45118908444184413,0.451189084441844
1.326,-0.45957986062148803,-0.45957986062148803,-0.45957986062148803,-0.8881364488135445,-0.45957986062148803,0.4595798606214879
1.3275000000000001,-0.467929814260573,-0.467929814260573,-0.467929814260573,-0.8837656300886937,-0.467929814260573,0.4679298142605729
1.329,-0.47623820366793823,-0.47623820366793823,-0.47623820366793823,-0.8793163101905568,-0.47623820366793823,0.4762382036679381
1.3305,-0.4845042908443981,-0.4845042908443981,-0.4845042908443981,-0.8747888843334527,-0.4845042908443981,0.484504290844398
1.332,-0.49272734154829123,-0.49272734154829123,-0.49272734154829123,-0.8701837546695259,-0.49272734154829123,0.4927273415482911
1.3335000000000001,-0.5009066253607106,-0.5009066253607106,-0.5009066253607106,-0.8655013302530186,-0.5009066253607106,0.5009066253607105
1.335,-0.5090414157503714,-0.5090414157503714,-0.5090414157503714,-0.8607420270039435,-0.5090414157503714,0.5090414157503713
1.3365,-0.5171309901381569,-0.5171309901381569,-0.5171309901381569,-0.8559062676711332,-0.5171309901381569,0.5171309901381568
1.338,-0.5251746299612964,-0.5251746299612964,-0.5251746299612964,-0.8509944817946915,-0.5251746299612964,0.5251746299612963
1.3395000000000001,-0.5331716207371888,-0.5331716207371888,-0.5331716207371888,-0.8460071056678421,-0.5331716207371888,0.5331716207371887
1.341,-0.5411212521268756,-0.5411212521268756,-0.5411212521268756,-0.8409445822981693,-0.5411212521268756,0.5411212521268755
1.3425,-0.5490228179981309,-0.5490228179981309,-0.5490228179981309,-0.8358073613682708,-0.5490228179981309,0.5490228179981308
1.344,-0.5568756164881882,-0.5568756164881882,-0.5568756164881882,-0.8305958991958126,-0.5568756164881882,0.5568756164881881
1.3455,-0.5646789500660768,-0.5646789500660768,-0.5646789500660768,-0.8253106586929998,-0.5646789500660768,0.5646789500660767
1.347,-0.5724321255945901,-0.5724321255945901,-0.5724321255945901,-0.8199521093254529,-0.5724321255945901,0.57243212559459
1.3485,-0.5801344543918496,-0.5801344543918496,-0.5801344543918496,-0.8145207270705093,-0.5801344543918496,0.5801344543918495
1.35,-0.5877852522924729,-0.5877852522924729,-0.5877852522924729,-0.8090169943749477,-0.5877852522924729,0.5877852522924728
1.3515,-0.5953838397083542,-0.5953838397083542,-0.5953838397083542,-0.8034414001121282,-0.5953838397083542,0.5953838397083541
1.353,-0.6029295416890249,-0.6029295416890249,-0.6029295416890249,-0.7977944395385709,-0.6029295416890249,0.6029295416890248
1.3545,-0.6104216879816022,-0.6104216879816022,-0.6104216879816022,-0.7920766142499672,-0.6104216879816022,0.6104216879816022
1.356,-0.617859613090335,-0.617859613090335,-0.617859613090335,-0.7862884321366184,-0.617859613090335,0.617859613090335
1.3575,-0.625242656335704,-0.625242656335704,-0.625242656335704,-0.7804304073383307,-0.625242656335704,0.6252426563357039
1.359,-0.6325701619131242,-0.6325701619131242,-0.6325701619131242,-0.774503060198734,-0.6325701619131242,0.6325701619131241
1.3605,-0.6398414789511777,-0.6398414789511777,-0.6398414789511777,-0.7685069172190773,-0.6398414789511777,0.6398414789511777
1.362,-0.6470559615694446,-0.6470559615694446,-0.6470559615694446,-0.7624425110114477,-0.6470559615694446,0.6470559615694444
1.3635,-0.6542129689358609,-0.6542129689358609,-0.6542129689358609,-0.7563103802514722,-0.6542129689358609,0.6542129689358608
1.365,-0.6613118653236512,-0.6613118653236512,-0.6613118653236512,-0.7501110696304601,-0.6613118653236512,0.6613118653236512
1.3665,-0.6683520201677933,-0.6683520201677933,-0.6683520201677933,-0.7438451298070249,-0.6683520201677933,0.6683520201677932
1.368,-0.6753328081210243,-0.6753328081210243,-0.6753328081210243,-0.7375131173581742,-0.6753328081210243,0.6753328081210241
1.3695,-0.6822536091093958,-0.6822536091093958,-0.6822536091093958,-0.7311155947298648,-0.6822536091093958,0.6822536091093957
1.371,-0.6891138083873487,-0.6891138083873487,-0.6891138083873487,-0.7246531301870465,-0.6891138083873487,0.6891138083873486
1.3725,-0.6959127965923142,-0.6959127965923142,-0.6959127965923142,-0.718126297763189,-0.6959127965923142,0.6959127965923141
1.374,-0.7026499697988499,-0.7026499697988499,-0.7026499697988499,-0.7115356772092847,-0.7026499697988499,0.7026499697988497
1.3755,-0.7093247295722729,-0.7093247295722729,-0.7093247295722729,-0.7048818539423625,-0.7093247295722729,0.7093247295722728
1.377,-0.715936483021831,-0.715936483021831,-0.715936483021831,-0.6981654189934728,-0.715936483021831,0.7159364830218309
1.3785,-0.7224846428533492,-0.7224846428533492,-0.7224846428533492,-0.691386968955207,-0.7224846428533492,0.7224846428533491
1.3800000000000001,-0.7289686274214118,-0.7289686274214118,-0.7289686274214118,-0.6845471059286884,-0.7289686274214118,0.7289686274214117
1.3815,-0.7353878607810157,-0.7353878607810157,-0.7353878607810157,-0.6776464374701024,-0.7353878607810157,0.7353878607810156
1.383,-0.7417417727387386,-0.7417417727387386,-0.7417417727387386,-0.6706855765367207,-0.7417417727387386,0.7417417727387385
1.3845,-0.7480297989033827,-0.7480297989033827,-0.7480297989033827,-0.6636651414324582,-0.7480297989033827,0.7480297989033826
1.3860000000000001,-0.7542513807361036,-0.7542513807361036,-0.7542513807361036,-0.6565857557529566,-0.7542513807361036,0.7542513807361035
1.3875,-0.7604059656000305,-0.7604059656000305,-0.7604059656000305,-0.6494480483301843,-0.7604059656000305,0.7604059656000304
1.389,-0.7664930068093501,-0.7664930068093501,-0.7664930068093501,-0.6422526531765841,-0.7664930068093501,0.7664930068093501
1.3905,-0.7725119636778643,-0.7725119636778643,-0.7725119636778643,-0.6350002094287608,-0.7725119636778643,0.7725119636778642
1.3920000000000001,-0.778462301567024,-0.778462301567024,-0.778462301567024,-0.6276913612906998,-0.778462301567024,0.778462301567024
1.3935,-0.7843434919334092,-0.7843434919334092,-0.7843434919334092,-0.6203267579765571,-0.7843434919334092,0.7843434919334091
1.395,-0.7901550123756903,-0.7901550123756903,-0.7901550123756903,-0.6129070536529767,-0.7901550123756903,0.7901550123756902
1.3965,-0.7958963466810154,-0.7958963466810154,-0.7958963466810154,-0.6054329073810021,-0.7958963466810154,0.7958963466810153
1.3980000000000001,-0.8015669848708769,-0.8015669848708769,-0.8015669848708769,-0.5979049830575186,-0.8015669848708769,0.8015669848708767
1.3995,-0.8071664232464002,-0.8071664232464002,-0.8071664232464002,-0.5903239493562947,-0.8071664232464002,0.8071664232464001
1.401,-0.8126941644330935,-0.8126941644330935,-0.8126941644330935,-0.5826904796685767,-0.8126941644330935,0.8126941644330934
1.4025,-0.8181497174250237,-0.8181497174250237,-0.8181497174250237,-0.5750052520432782,-0.8181497174250237,0.8181497174250236
1.4040000000000001,-0.8235325976284273,-0.8235325976284273,-0.8235325976284273,-0.5672689491267566,-0.8235325976284273,0.8235325976284272
1.4055,-0.8288423269047615,-0.8288423269047615,-0.8288423269047615,-0.5594822581021676,-0.8288423269047615,0.8288423269047615
1.407,-0.8340784336131715,-0.8340784336131715,-0.8340784336131715,-0.5516458706284298,-0.8340784336131715,0.8340784336131714
1.4085,-0.8392404526523817,-0.8392404526523817,-0.8392404526523817,-0.5437604827787926,-0.8392404526523817,0.8392404526523816
1.41,-0.8443279255020147,-0.8443279255020147,-0.8443279255020147,-0.5358267949789972,-0.8443279255020147,0.8443279255020146
1.4115,-0.8493404002633159,-0.8493404002633159,-0.8493404002633159,-0.5278455119450676,-0.8493404002633159,0.8493404002633158
1.413,-0.8542774316992952,-0.8542774316992952,-0.8542774316992952,-0.5198173426207097,-0.8542774316992952,0.854277431699295
1.4145,-0.859138581274273,-0.859138581274273,-0.859138581274273,-0.511743000114344,-0.859138581274273,0.8591385812742729
1.416,-0.8639234171928347,-0.8639234171928347,-0.8639234171928347,-0.503623201635762,-0.8639234171928347,0.8639234171928346
1.4175,-0.8686315144381912,-0.8686315144381912,-0.8686315144381912,-0.49545866843240766,-0.8686315144381912,0.8686315144381912
1.419,-0.8732624548099198,-0.8732624548099198,-0.8732624548099198,-0.48725012572533294,-0.8732624548099198,0.8732624548099198
1.4205,-0.8778158269611219,-0.8778158269611219,-0.8778158269611219,-0.4789983026447606,-0.8778158269611219,0.8778158269611219
1.422,-0.8822912264349533,-0.8822912264349533,-0.8822912264349533,-0.4707039321653327,-0.8822912264349533,0.8822912264349532
1.4235,-0.8866882557005562,-0.8866882557005562,-0.8866882557005562,-0.4623677510409924,-0.8866882557005562,0.8866882557005561
1.425,-0.8910065241883681,-0.8910065241883681,-0.8910065241883681,-0.45399049973954636,-0.8910065241883681,0.891006524188368
1.4265,-0.8952456483248117,-0.8952456483248117,-0.8952456483248117,-0.4455729223768964,-0.8952456483248117,0.8952456483248116
1.428,-0.8994052515663707,-0.8994052515663707,-0.8994052515663707,-0.43711576665093355,-0.8994052515663707,0.8994052515663707
1.4295,-0.9034849644330343,-0.9034849644330343,-0.9034849644330343,-0.4286197837751295,-0.9034849644330343,0.9034849644330343
1.431,-0.9074844245411169,-0.9074844245411169,-0.9074844245411169,-0.42008572841180636,-0.9074844245411169,0.9074844245411169
1.4325,-0.9114032766354457,-0.9114032766354457,-0.9114032766354457,-0.41151435860510777,-0.9114032766354457,0.9114032766354456
1.434,-0.9152411726209171,-0.9152411726209171,-0.9152411726209171,-0.4029064357136638,-0.9152411726209171,0.9152411726209171
1.4355,-0.9189977715934213,-0.9189977715934213,-0.9189977715934213,-0.39426272434295107,-0.9189977715934213,0.9189977715934213
1.437,-0.9226727398701146,-0.9226727398701146,-0.9226727398701146,-0.38558399227739715,-0.9226727398701146,0.9226727398701146
1.4385000000000001,-0.9262657510190668,-0.9262657510190668,-0.9262657510190668,-0.3768710104121622,-0.9262657510190668,0.9262657510190668
1.44,-0.9297764858882515,-0.9297764858882515,-0.9297764858882515,-0.36812455268467803,-0.9297764858882515,0.9297764858882513
1.4415,-0.9332046326338984,-0.9332046326338984,-0.9332046326338984,-0.35934539600589127,-0.9332046326338984,0.9332046326338983
1.443,-0.9365498867481925,-0.9365498867481925,-0.9365498867481925,-0.3505343201912585,-0.9365498867481925,0.9365498867481925
1.4445000000000001,-0.9398119510863197,-0.9398119510863197,-0.9398119510863197,-0.34169210789148335,-0.9398119510863197,0.9398119510863197
1.446,-0.9429905358928643,-0.9429905358928643,-0.9429905358928643,-0.33281954452298723,-0.9429905358928643,0.9429905358928642
1.4475,-0.946085358827545,-0.946085358827545,-0.946085358827545,-0.32391741819815056,-0.946085358827545,0.9460853588275449
1.449,-0.9490961449902946,-0.9490961449902946,-0.9490961449902946,-0.31498651965530483,-0.9490961449902946,0.9490961449902946
1.4505000000000001,-0.952022626945677,-0.952022626945677,-0.952022626945677,-0.3060276421884996,-0.952022626945677,0.952022626945677
1.452,-0.9548645447466426,-0.9548645447466426,-0.9548645447466426,-0.29704158157703603,-0.9548645447466426,0.9548645447466426
1.4535,-0.9576216459576222,-0.9576216459576222,-0.9576216459576222,-0.2880291360147692,-0.9576216459576222,0.9576216459576222
1.455,-0.960293685676943,-0.960293685676943,-0.960293685676943,-0.27899110603922983,-0.960293685676943,0.9602936856769428
1.4565000000000001,-0.9628804265585877,-0.9628804265585877,-0.9628804265585877,-0.26992829446049577,-0.9628804265585877,0.9628804265585877
1.458,-0.9653816388332739,-0.9653816388332739,-0.9653816388332739,-0.26084150628989694,-0.9653816388332739,0.9653816388332739
1.4595,-0.9677971003288653,-0.9677971003288653,-0.9677971003288653,-0.2517315486684977,-0.9677971003288653,0.9677971003288653
1.461,-0.970126596490106,-0.970126596490106,-0.970126596490106,-0.24259923079540682,-0.970126596490106,0.970126596490106
1.4625000000000001,-0.9723699203976767,-0.9723699203976767,-0.9723699203976767,-0.2334453638559054,-0.9723699203976767,0.9723699203976766
1.464,-0.974526872786577,-0.974526872786577,-0.974526872786577,-0.22427076094938173,-0.974526872786577,0.974526872786577
1.4655,-0.9765972620638244,-0.9765972620638244,-0.9765972620638244,-0.2150762370171145,-0.9765972620638244,0.9765972620638244
1.467,-0.9785809043254721,-0.9785809043254721,-0.9785809043254721,-0.20586260876988127,-0.9785809043254721,0.9785809043254721
1.4685000000000001,-0.9804776233729446,-0.9804776233729446,-0.9804776233729446,-0.19663069461541885,-0.9804776233729446,0.9804776233729446
1.47,-0.9822872507286885,-0.9822872507286885,-0.9822872507286885,-0.18738131458572574,-0.9822872507286885,0.9822872507286885
1.4715,-0.9840096256511398,-0.9840096256511398,-0.9840096256511398,-0.17811529026421008,-0.9840096256511398,0.9840096256511397
1.473,-0.9856445951489979,-0.9856445951489979,-0.9856445951489979,-0.1688334447127344,-0.9856445951489979,0.9856445951489979
1.4745,-0.987192013994819,-0.987192013994819,-0.987192013994819,-0.1595366023984874,-0.987192013994819,0.987192013994819
1.476,-0.9886517447379141,-0.9886517447379141,-0.9886517447379141,-0.15022558912075698,-0.9886517447379141,0.9886517447379141
1.4775,-0.9900236577165575,-0.9900236577165575,-0.9900236577165575,-0.14090123193758317,-0.9900236577165575,0.9900236577165575
1.479,-0.9913076310695067,-0.9913076310695067,-0.9913076310695067,-0.13156435909228184,-0.9913076310695067,0.9913076310695067
1.4805,-0.9925035507468235,-0.9925035507468235,-0.9925035507468235,-0.12221579993989111,-0.9925035507468235,0.9925035507468235
1.482,-0.9936113105200084,-0.9936113105200084,-0.9936113105200084,-0.11285638487348218,-0.9936113105200084,0.9936113105200084
1.4835,-0.9946308119914324,-0.9946308119914324,-0.9946308119914324,-0.10348694525042183,-0.9946308119914324,0.9946308119914324
1.485,-0.99556196460308,-0.99556196460308,-0.99556196460308,-0.09410831331851421,-0.99556196460308,0.99556196460308
1.4865,-0.9964046856445924,-0.9964046856445924,-0.9964046856445924,-0.08472132214207392,-0.9964046856445924,0.9964046856445924
1.488,-0.9971589002606138,-0.9971589002606138,-0.9971589002606138,-0.07532680552793379,-0.9971589002606138,0.9971589002606138
1.4895,-0.9978245414574415,-0.9978245414574415,-0.9978245414574415,-0.06592559795137773,-0.9978245414574415,0.9978245414574415
1.491,-0.998401550108975,-0.998401550108975,-0.998401550108975,-0.056518534482024985,-0.998401550108975,0.998401550108975
1.4925,-0.9988898749619699,-0.9988898749619699,-0.9988898749619699,-0.047106450709643706,-0.9988898749619699,0.9988898749619699
1.494,-0.9992894726405892,-0.9992894726405892,-0.9992894726405892,-0.037690182669934395,-0.9992894726405892,0.9992894726405892
1.4955,-0.9996003076502565,-0.9996003076502565,-0.9996003076502565,-0.0282705667702737,-0.9996003076502565,0.9996003076502565
1.497,-0.9998223523808091,-0.9998223523808091,-0.9998223523808091,-0.018848439715407433,-0.9998223523808091,0.9998223523808091
1.4985,-0.9999555871089498,-0.9999555871089498,-0.9999555871089498,-0.009424638433145626,-0.9999555871089498,0.9999555871089498
1.5,-1.0,-1.0,-1.0,-4.286263797015736e-16,-1.0,1.0
