t_s,envelope,normalized_signal
0.0,0.0,0.0
5e-05,2.467399070893439e-06,2.4370212939167253e-06
0.0001,9.869571931442334e-06,9.386520698441976e-06
0.00015,2.2206445525085883e-05,1.978608784188511e-05
0.0002,3.947789809194413e-05,3.193829045858511e-05
0.00025,6.168375916970614e-05,4.36170043979771e-05
0.0003,8.882380959551739e-05,5.2209325332679796e-05
0.00035,0.00012089778150797814,5.488644424420954e-05
0.0004,0.00015790535835003006,4.87954392330253e-05
0.00045,0.00019984617487173173,3.126282945639584e-05
0.0005,0.0002467198171342,1.5107231716980916e-20
0.00055,0.0002985258225135512,-4.669972734560227e-05
0.0006,0.00035526367970539763,-0.00010978251451314587
0.00065,0.0004169328287299545,-0.00018928354327293472
0.0007,0.0004835326609376467,-0.00028421336710088545
0.00075,0.0005550625190149927,-0.0003924884711779883
0.0008,0.0006315216969912663,-0.0005109117851824404
0.00085,0.0007129094402451019,-0.000635206962413863
0.0009,0.0007992249455124889,-0.0007601080924152915
0.00095,0.0008904673608940983,-0.0008795042300356235
0.001,0.0009866357858642205,-0.0009866357858642205
0.00105,0.0010877292712792586,-0.0010743375189665692
0.0011,0.0011937468193873868,-0.001135320691384988
0.00115,0.0013046873838381545,-0.0011624849710260494
0.0012,0.001420549869693033,-0.0011492489859387812
0.00125,0.001541333133436018,-0.0010898871107201183
0.0013,0.0016670359829850656,-0.0009798591658395093
0.00135,0.0017976571777038042,-0.0008161192804661335
0.0014,0.0019331954284137476,-0.0005973902408278053
0.00145,0.0020736493974071735,-0.0003243902341643905
0.0015,0.002219017698460002,-4.0762693825055517e-19
0.00155,0.0023692988968458395,0.00037064000544848556
0.0016,0.002524491509349913,0.0007801107785443841
0.00165,0.0026845940042838357,0.001218780173602609
0.0017,0.002849604801500538,0.001674955677183834
0.00175,0.0030195222724101467,0.0021351246747650277
0.0018,0.0031943447399958025,0.002584279180548825
0.00185,0.0033740704788303155,0.0030063188097091812
0.0019,0.003558697715093151,0.0033845226514640147
0.00195,0.003748224626588137,0.003702077761612666
0.002,0.003942649342761062,0.003942649342761062
0.00205,0.004141969944718549,0.004090975421493998
0.0021,0.004346184465246705,0.004133467056693648
0.00215,0.004555290888830665,0.0040587939015239525
0.0022,0.004769287151674406,0.003858434356758683
0.00225,0.0049881711417212315,0.0035271696400301297
0.0023,0.005211940698674533,0.0030635018785038237
0.00235,0.005440593614019107,0.0024699778137083224
0.0024,0.005674127631042969,0.0017534018662447453
0.00245,0.005912540444859726,0.0009249251015203668
0.0025,0.006155829702431115,1.8846792852946174e-18
0.00255,0.006403993002590425,-0.0010018052194816184
0.0026,0.006657027896065981,-0.0020571347519124763
0.00265,0.006914931885505571,-0.003139313382365593
0.0027,0.007177702425500976,-0.0042189476310533856
0.00275,0.007445336922613011,-0.005264648226198235
0.0028,0.007717832735397334,-0.006243857842679728
0.00285,0.007995187174430152,-0.007123763934524423
0.0029,0.008277397502335138,-0.007872272832561056
0.00295,0.008564460933810414,-0.00845901820780709
0.003,0.00885637463565564,-0.00885637463565564
0.00305,0.009153135726800543,-0.009040445437245697
0.0031,0.009454741278332957,-0.008991993302643334
0.00315,0.009761188313527791,-0.008697282471184519
0.0032,0.01007247380787657,-0.008148802485968687
0.00325,0.010388594689117125,-0.007345845751673283
0.0033,0.010709547837263966,-0.0062949142774645145
0.00335,0.011035330084639083,-0.005009935019916166
0.0034,0.01136593821590326,-0.003512268065729801
0.00345,0.011701368968087711,-0.0018304973947611746
0.0035,0.012041619030626283,-5.161355570842916e-18
0.00355,0.012386685045388313,0.0019377044486971323
0.0036,0.012736563606711437,0.003935814604411282
0.00365,0.013091251261435566,0.005943303702395089
0.0037,0.01345074450893674,0.007906149254706975
0.00375,0.013815039801161721,0.009768708325763494
0.0038,0.014184133542663013,0.011475205086498103
0.00385,0.014558022090634504,0.012971292662033717
0.0039,0.014936701754947102,0.014205647535999686
0.00395,0.015320168798185374,0.015131552097917118
0.004,0.015708419435684462,0.015708419435684462
0.00405,0.016101449835567272,0.015903214269267295
0.0041,0.0164992561187825,0.015691725045790784
0.00415,0.01690183435914261,0.015059644684747197
0.0042,0.01730918058336306,0.014003421250645605
0.00425,0.01772129077110096,0.012530844875624067
0.0043,0.018138160854995145,0.01066134345427479
0.00435,0.018559786720706184,0.008425966848392858
0.0044,0.018986164206957035,0.00586704739794308
0.00445,0.019417289105574054,0.0030375332337620074
0.0045,0.019853157161528467,4.6207188924444994e-17
0.00455,0.02029376407297856,-0.003174644126409029
0.0046,0.020739105491312082,-0.006408736044950181
0.00465,0.021189177021188887,-0.009619685064919203
0.0047,0.021643974220584783,-0.012722008847858202
0.00475,0.02210349260083494,-0.01562952950595704
0.0048,0.022567727626678524,-0.018257675174407892
0.00485,0.023036674716303218,-0.02052582746783137
0.0049,0.02351032924139057,-0.02235965182526898
0.00495,0.023988686527161684,-0.02369334598906926
0.005,0.024471741852423234,-0.024471741852423234
0.00505,0.024959490449614097,-0.02465219770427954
0.0051,0.0254519275048527,-0.024206221505762
0.00515,0.02594904815798399,-0.0231207712052419
0.0052,0.026450847502627828,-0.021399185145246115
0.00525,0.02695732058622735,-0.019061704189141073
0.0053,0.027468462410097594,-0.016145557107805585
0.00535,0.027984267929475115,-0.01270459178214782
0.0054,0.02850473205356774,-0.008808446624656744
0.00545,0.029029849645604677,-0.004541268999508599
0.0055,0.029559615522887273,-7.241847389789428e-17
0.00555,0.030094024456840174,0.00470774261681337
0.0056,0.030633071173062965,0.009466139582373743
0.00565,0.031176750351382176,0.014153948472278991
0.0057,0.0317250566259038,0.0186475204128498
0.00575,0.032277984585066366,0.022823981783135237
0.0058,0.032835528771693934,0.026564500795587854
0.00585,0.03339768368305074,0.02975755405437761
0.0059,0.033964443770894526,0.032302105570649546
0.00595,0.03453580344153212,0.034110610392286696
0.006,0.03511175705587427,0.03511175705587427
0.00605,0.03569229892949133,0.035252867501694915
0.0061,0.03627742333266931,0.034501879854932985
0.00615,0.03686712449046664,0.03284884844907056
0.0062,0.03746139658277098,0.0303069064684814
0.00625,0.03806023374435663,0.026912649374179635
0.0063,0.038663630064942556,0.022725911552265186
0.00635,0.03927157958925076,0.0178289240432854
0.0064,0.03988407631706481,0.01232485738692042
0.00645,0.040501114203289335,0.006335770133925001
0.0065,0.04112268715800943,1.0578306526790315e-16
0.00655,0.041748789046550994,-0.006530949480574586
0.0066,0.042379413689541234,-0.013095959041714502
0.00665,0.0430145548629694,-0.0195281992583135
0.0067,0.043654206298248566,-0.02565929866264361
0.00675,0.044298361682277354,-0.03132367194099258
0.0068,0.04494701465750217,-0.036362898704339
0.00685,0.04560015882197993,-0.040630039014409876
0.0069,0.0462577877294415,-0.0439937704494833
0.00695,0.04691989488935505,-0.046342233124165334
0.007,0.04758647376699021,-0.04758647376699021
0.00705,0.048257517783482584,-0.04766338766080829
0.0071,0.04893302031589858,-0.04653806783343852
0.00715,0.04961297469730097,-0.04420548413968762
0.0072,0.05029737421681446,-0.04069143051383934
0.00725,0.050986212119692176,-0.03605269633685008
0.0073,0.05167948160738206,-0.0303764371349394
0.00735,0.05237717583759416,-0.023778740233455574
0.0074,0.05307928792436811,-0.01640240201795072
0.00745,0.053785810938141054,-0.008413954560863284
0.0075,0.05449673790581605,-1.468600948342466e-16
0.00755,0.05521206181083105,0.008637069353145416
0.0076,0.055931775593227706,0.01728386918387322
0.00765,0.05665587214972173,0.02572122771043186
0.0077,0.057384344333772375,0.03372967131186442
0.00775,0.05811718495565327,0.04109505558561515
0.0078,0.05885438678252336,0.04761419910057753
0.00785,0.0595959425384982,0.05310037361695688
0.0079,0.060341844904721886,0.05738850480190728
0.00795,0.06109208651943915,0.06033994155787942
0.008,0.06184665997806821,0.06184665997806821
0.00805,0.0626055578332736,0.06183477952837896
0.0081,0.06336877259503987,0.06026728410613847
0.00815,0.06413629673074556,0.05714585882437554
0.0082,0.06490812266523716,0.052511774309150605
0.00825,0.06568424278090434,0.046445773487480996
0.0083,0.06646464941775498,0.03906694072654604
0.00835,0.0672493348734905,0.030530559146368194
0.0084,0.06803829140358231,0.021024988311942123
0.00845,0.06883151122134801,0.010767620635822477
0.0085,0.06962898649802818,-5.120564825999824e-17
0.00855,0.07043070936286383,-0.011017790341583449
0.0086,0.0712366719031739,-0.02201334224079299
0.00865,0.07204686616443345,-0.03270859277465915
0.0087,0.07286128415035237,-0.04282678828666806
0.00875,0.07367991782295386,-0.05209956952987813
0.0088,0.07450275910265408,-0.060273998241869915
0.00885,0.0753297998683417,-0.06711934314849638
0.0089,0.07616103195745838,-0.07243344573090416
0.00895,0.0769964471660789,-0.0760484931331856
0.009,0.0778360372489924,-0.0778360372489924
0.00905,0.07867979391978386,-0.07771111509499873
0.0091,0.07952770885091542,-0.07563534572868694
0.00915,0.08037977367380916,-0.07161890275614845
0.0092,0.08123597997892912,-0.06572128835765687
0.00925,0.08209631931586486,-0.05805086409870441
0.0093,0.08296078319341438,-0.04876312487972267
0.00935,0.08382936307966826,-0.03805773443738666
0.0094,0.08470205040209366,-0.026174373032650383
0.00945,0.085578836547619,-0.013387479514092459
0.0095,0.08645971286271908,-2.541717823581746e-16
0.00955,0.08734467065350021,0.013663716827794973
0.0096,0.08823370118578627,0.027265713143008508
0.00965,0.08912679568520487,0.04046271851331062
0.0097,0.09002394533727381,0.05291474742243308
0.00975,0.09092514128748824,0.06429378398472772
0.0098,0.09183037464140803,0.07429233368471706
0.00985,0.09273963646474526,0.08263162114094533
0.0099,0.09365291778345303,0.08906921772800729
0.00995,0.09457020958381324,0.09340589337357086
0.01,0.09549150281252627,0.09549150281252627
0.01005,0.09641678837679984,0.09522973771739406
0.0101,0.09734605714443895,0.09258160198285914
0.01015,0.09827929994393614,0.08756749744271285
0.0102,0.09921650756456168,0.0802678407422608
0.01025,0.10015767075645471,0.07082216817973898
0.0103,0.1011027802307145,0.05942672318538124
0.01035,0.10205182665949203,0.04633055978447658
0.0104,0.10300480067608231,0.03183023391111433
0.01045,0.10396169287501644,0.01626319180958075
0.0105,0.1049224938121548,-5.146214347425762e-17
0.01055,0.10588719400477997,-0.016564406548748297
0.0106,0.10685578393169054,-0.033020253182149316
0.01065,0.10782825403329499,-0.04895300293461801
0.0107,0.1088045947117059,-0.06395373615320006
0.01075,0.10978479633083504,-0.07762957395671674
0.0108,0.11076884921648827,-0.08961388146349501
0.01085,0.11175674365646071,-0.09957598771995346
0.0109,0.11274846990063309,-0.10723016700130485
0.01095,0.11374401816106777,-0.11234364055012813
0.011,0.11474337861210532,-0.11474337861210532
0.01105,0.1157465413904617,-0.1143215093955716
0.0111,0.11675349659532508,-0.11103917373722806
0.01115,0.11776423428845417,-0.10492870106706029
0.0112,0.11877874449427606,-0.09609402286638914
0.01125,0.11979701719998453,-0.08470928322803117
0.0113,0.120819042355639,-0.07101565129274492
0.01135,0.12184480987426399,-0.05531638612548703
0.0114,0.12287430963194806,-0.03797024984836182
0.01145,0.12390753146794425,-0.01938340839964393
0.0115,0.1249444651847702,-3.9791072053983577e-16
0.01155,0.12598510054830875,0.01970841180731409
0.0116,0.1270294272879089,0.039254251817679504
0.01165,0.12807743509648745,0.058145938764813644
0.0117,0.1291291136306304,0.07590018863368354
0.01175,0.1301844525106951,0.09205430917537002
0.0118,0.13124344132091303,0.10617817442886945
0.01185,0.13230606960949204,0.1178855712117775
0.0119,0.13337232688871997,0.12684462058096432
0.01195,0.1344422026350679,0.13278699602658542
0.012,0.13551568628929422,0.13551568628929422
0.01205,0.13659276725654856,0.13491108362891832
0.0121,0.13767343490647665,0.13093521738854155
0.01215,0.13875767857332505,0.12363399689006549
0.0122,0.13984548755604653,0.11313737601949171
0.01225,0.14093685111840554,0.09965740314490382
0.0123,0.1420317584890844,0.08348417299705047
0.01235,0.1431301988617893,0.06497975050908474
0.0124,0.14423216139535733,0.04457018900659682
0.01245,0.145337635213863,0.022735815214893988
0.0125,0.1464466094067262,-3.5959721906702764e-17
0.01255,0.14755907302881927,-0.02308332465109483
0.0126,0.14867501510057535,-0.04594310630502899
0.01265,0.14979442460809683,-0.06800524568602719
0.0127,0.15091729050326363,-0.08870695767375687
0.01275,0.1520436017038428,-0.10751106180081273
0.0128,0.15317334709359748,-0.12391984088401269
0.01285,0.15430651552239677,-0.13748811205522912
0.0129,0.15544309580632576,-0.14783516917969763
0.01295,0.1565830767277958,-0.15465527921855762
0.013,0.15772644703565564,-0.15772644703565564
0.01305,0.15887319544530176,-0.1569172027744172
0.0131,0.16002331063879038,-0.15219121234214533
0.01315,0.16117678126494883,-0.14360956365475108
0.0132,0.16233359593948776,-0.1313306378730417
0.01325,0.1634937432451133,-0.1156075345301928
0.0133,0.16465721173163994,-0.09678308073945809
0.01335,0.16582398991610342,-0.0752825160508172
0.0134,0.16699406628287417,-0.05160400444118534
0.01345,0.1681674292837707,-0.02630718183719824
0.0135,0.16934406733817403,-5.807874967554117e-16
0.01355,0.17052396883314147,0.026675825840949057
0.0136,0.17170712212352174,0.05306041879138129
0.01365,0.17289351553206944,0.07849201351813118
0.0137,0.1740831373495606,0.10232350080687676
0.01375,0.17527597583490812,0.12393883109195221
0.0138,0.17647201921527778,0.14276886257682145
0.01385,0.1776712556862043,0.15830624797714732
0.0139,0.1788736734117078,0.17011897269185527
0.01395,0.1800792605244108,0.17786218600295473
0.014,0.18128800512565507,0.18128800512565507
0.01405,0.18249989528561966,0.18025301873344032
0.0141,0.18371491904343773,0.17472327089689846
0.01415,0.18493306440731538,0.16477656692506618
0.0142,0.18615431935464977,0.15060200793421344
0.01425,0.1873786718321474,0.13249672950224073
0.0143,0.18860610975594372,0.1108598898067998
0.01435,0.18983662101172194,0.08618402244197904
0.0144,0.19107019345483278,0.059043936896053785
0.01445,0.19230681491041424,0.03008341371410286
0.0145,0.19354647317351176,-1.198015191743718e-19
0.01455,0.19478915600919877,-0.03047173741593589
0.0146,0.19603485115269725,-0.060578100495945704
0.01465,0.19728354630949924,-0.08956485577943879
0.0147,0.1985352291554876,-0.11669607975810167
0.01475,0.19978988733705794,-0.14127278414852862
0.0148,0.20104750847124053,-0.1626508510299746
0.01485,0.20230808014582252,-0.180257819305951
0.0149,0.20357158991947033,-0.19360808712547659
0.01495,0.20483802532185263,-0.20231612932092524
0.015,0.20610737385376338,-0.20610737385376338
0.01505,0.20737962298724488,-0.20482643570151732
0.0151,0.208654760165712,-0.19844246931160306
0.01515,0.20993277280407535,-0.18705147020938576
0.0152,0.21121364828886613,-0.17087543090962595
0.01525,0.21249737397836066,-0.15025833412443385
0.0153,0.2137839372027045,-0.12565904546477114
0.01535,0.2150733252640381,-0.0976412464172666
0.0154,0.21636552543662174,-0.06686062435678221
0.01545,0.21766052496696148,-0.03404960778358341
0.0155,0.21895831107393465,-8.045753153649884e-16
0.01555,0.22025887094891644,0.03445607864725839
0.0156,0.2215621917559059,0.0684664825635339
0.01565,0.22286826063165294,0.10118007302024747
0.0157,0.22417706468578485,0.1317679725245188
0.01575,0.22548859100093416,0.15944451177695945
0.0158,0.22680282663286544,0.1834873411182633
0.01585,0.22811975861060368,0.20325619321832303
0.0159,0.2294393739365621,0.21820981167704756
0.01595,0.23076165958666983,0.22792060063013764
0.016,0.23208660251050173,0.23208660251050173
0.01605,0.23341418963140564,0.23054047362840213
0.0161,0.23474440784663292,0.22325519874638797
0.01615,0.23607724402746677,0.21034636464088222
0.0162,0.23741268501935203,0.19207089686084305
0.01625,0.23875071764202555,0.16882225145783172
0.0163,0.24009132868964517,0.14112214220708028
0.01635,0.2414345049309214,0.10960897154795969
0.0164,0.2427802331092468,0.075023217929069
0.01645,0.24412849994282748,0.038190111289632234
0.0165,0.24547929212481429,5.99731389430137e-17
0.01655,0.24683259632343368,-0.038613125160346026
0.0166,0.24818839918211955,-0.07669443315398693
0.01665,0.24954668731964502,-0.1132918252845946
0.0167,0.2509074473302545,-0.14747969723107326
0.01675,0.2522706657837962,-0.17838229847016693
0.0168,0.2536363292258541,-0.20519610073459374
0.01685,0.2550044241778816,-0.22721060563939036
0.0169,0.2563749371373338,-0.24382705457922108
0.01695,0.25774785457780097,-0.2545745507799048
0.017,0.25912316294914234,-0.25912316294914234
0.01705,0.26050084867761936,-0.2572936509540231
0.0171,0.26188089816603044,-0.24906353469403109
0.01715,0.26326329779384383,-0.2345693159136612
0.0172,0.2646480339173337,-0.2141047569670408
0.01725,0.2660350928697133,-0.1881152182017674
0.0173,0.26742446096127076,-0.15718815425530078
0.01735,0.2688161244795041,-0.12203996669049814
0.0174,0.2702100696892559,-0.08349950358522225
0.01745,0.27160628283285027,-0.04248858355652386
0.0175,0.2730047501302266,-1.0700390435308433e-15
0.01755,0.27440545777907743,0.04292647099178689
0.0176,0.27580839195498386,0.08522948030531598
0.01765,0.27721353881155175,0.12585231301962255
0.0177,0.27862088448054917,0.1637692468783499
0.01775,0.2800304150720424,0.19801140543592205
0.0178,0.2814421166745335,0.22769145532255342
0.01785,0.28285597535509766,0.25202651944705556
0.0179,0.28427197715952046,0.27035871627766805
0.01795,0.2856901081124358,0.28217278880601704
0.018,0.28711035421746356,0.28711035421746356
0.01805,0.2885327014573483,0.284980385109841
0.0181,0.2899571357940969,0.2757656234432546
0.01815,0.2913836431691173,0.25962472710545975
0.0182,0.29281220950335785,0.23689005364869498
0.01825,0.29424282069744545,0.2080610938306236
0.0183,0.2956754626318254,0.17379367639974216
0.01835,0.2971101211669,0.13488517238623907
0.0184,0.29854678214316865,0.09225602929819686
0.01845,0.2999854313813675,0.04692806047800752
0.0185,0.30142605468260963,2.2892305395630076e-15
0.01855,0.30286863782852447,-0.04737909333616665
0.0186,0.3043131665813986,-0.09403794008570275
0.01865,0.3057596266843169,-0.13881196571858895
0.0187,0.3072080038613017,-0.18057233405588127
0.01875,0.3086582838174551,-0.21825436555672226
0.0188,0.31011045223909944,-0.2508846259947315
0.01885,0.31156449479391857,-0.277605997566833
0.0189,0.3130203971310997,-0.2977000884248284
0.01895,0.3144781448814745,-0.3106063970714209
0.019,0.31593772365766093,-0.31593772365766093
0.01905,0.31739911905420604,-0.31349140920500757
0.0191,0.31886231664772713,-0.3032560840487906
0.01915,0.3203273019970546,-0.28541371595503373
0.0192,0.32179406064337457,-0.2603368637494142
0.01925,0.32326257811037135,-0.22858116108569154
0.0193,0.3247328399043705,-0.19087317423084185
0.01935,0.32620483151448143,-0.14809389447671606
0.0194,0.3276785384127414,-0.10125823706148296
0.01945,0.3291539460542582,-0.051491021466882836
0.0195,0.33063103987735426,-1.3768858861390526e-15
0.01955,0.33210980530370965,0.05195341972729997
0.0196,0.33359022773850666,0.10308504952860453
0.01965,0.3350722925705736,0.15211963755298988
0.0197,0.33655598517252866,0.19782264465517452
0.01975,0.3380412909009252,0.23903128911709695
0.0198,0.3395281950963953,0.27468407990243676
0.01985,0.34101668308379446,0.3038480894847371
0.0199,0.34250674017234756,0.3257432671159218
0.01995,0.3439983516557925,0.33976316111437177
0.02,0.3454915028125263,0.3454915028125263
0.02005,0.34698617890574956,0.34271420325286783
0.0201,0.348482365183613,0.33142642422182333
0.02015,0.3499800468793618,0.31183450510526217
0.0202,0.35147920921148235,0.284352653421558
0.02025,0.35297983738384797,0.24959443663624498
0.0203,0.3544819165858639,0.2083592427735447
0.02035,0.35598543199261534,0.16161400417032695
0.0204,0.35749036876501195,0.11047059927375402
0.02045,0.35899671204993516,0.056159458600733986
0.0205,0.36050444698038536,2.8262093850829143e-15
0.02055,0.362013558675627,-0.05663139738872692
0.0206,0.36352403224133745,-0.11233510382627747
0.02065,0.36503585276975187,-0.1657228092217919
0.0207,0.36654900533981216,-0.21545209958121528
0.02075,0.3680634750173135,-0.26026017909182875
0.0208,0.3695792468550514,-0.2989958914740268
0.02085,0.37109630589296994,-0.330649229652837
0.0209,0.3726146371583088,-0.3543775787363621
0.02095,0.3741342256657514,-0.3695280125076524
0.021,0.37565505641757263,-0.37565505641757263
0.02105,0.37717711440378676,-0.3725334382359389
0.0211,0.3787003846022962,-0.360165468499496
0.02115,0.38022485197903905,-0.3387828237718833
0.0212,0.3817505014881376,-0.30884264331506417
0.02125,0.38327731807204735,-0.27101799068373844
0.0213,0.38480528666170466,-0.22618287250393
0.02135,0.38633439217667664,-0.17539214377086346
0.0214,0.3878646195253092,-0.11985675895009587
0.02145,0.38939595360487633,-0.06091494769101415
0.0215,0.3909283793017285,-7.279165457671135e-15
0.02155,0.39246188149144323,0.06139456447979229
0.0216,0.39399644503897263,0.12175159724035649
0.02165,0.395532054798794,0.17956779522111116
0.0217,0.3970686956150593,0.2333911234295406
0.02175,0.39860635232174363,0.28185725475073703
0.0218,0.4001450097427965,0.3237241130962481
0.02185,0.40168465269229,0.35790364621516807
0.0219,0.4032252659745698,0.38349001673995964
0.02195,0.40476683438440497,0.3997834829810797
0.022,0.40630934270713753,0.40630934270713753
0.02205,0.4078527757188332,0.4028314312568554
0.0221,0.4093971181864313,0.38935979700366363
0.02215,0.4109423548678948,0.3661523192526284
0.0222,0.412488470512362,0.33371018262823177
0.02225,0.41403544986029517,0.29276727424784116
0.0223,0.415583277643633,0.24427372169829725
0.02235,0.4171319385859401,0.18937393725596088
0.0224,0.41868141740255815,0.1293796732063824
0.02245,0.42023169880075695,0.06573872099484757
0.0225,0.4217827674798845,6.406860487570353e-15
0.02255,0.4233346081315196,-0.06622412295606703
0.0226,0.4248872054396212,-0.13129736717331714
0.02265,0.4264405440806812,-0.19359995571639063
0.0227,0.42799460872387385,-0.25156891906858136
0.02275,0.42954938403120857,-0.3037372823029709
0.0228,0.4311048546576809,-0.348771153775603
0.02285,0.43266100525142354,-0.3855037784409129
0.0229,0.4342178204538587,-0.4129656876341203
0.02295,0.43577528489984857,-0.4304101680151048
0.023,0.43733338321784787,-0.43733338321784787
0.02305,0.4388921000300553,-0.4334886099790004
0.0231,0.44045141995256504,-0.4188941930573408
0.02315,0.44201132759551925,-0.3938349766527718
0.0232,0.443571807563259,-0.3588571305442948
0.02325,0.4451328444544772,-0.3147564528426203
0.0233,0.44669442286237,-0.2625603940397992
0.02335,0.4482565273747886,-0.20350420487439702
0.0234,0.44981914257439254,-0.13900175945065443
0.02345,0.4513822530388002,-0.0706117412827813
0.0235,0.4529458433407427,-5.326509124981911e-15
0.02355,0.45450989804821507,0.07110101275666071
0.0236,0.4560744017246283,0.14093474083229263
0.02365,0.45763933892896336,0.20776391218083506
0.0237,0.4592046942159212,0.26991374704359017
0.02375,0.46077045213607737,0.3258139112758118
0.0238,0.4623365972360336,0.3740381642854348
0.02385,0.4639031140585696,0.4133407012174834
0.0239,0.46546998714279697,0.4426882644119777
0.02395,0.467037201024311,0.4612871980758987
0.024,0.46860474023534326,0.46860474023534326
0.02405,0.47017258930491446,0.46438398452389085
0.0241,0.4717407327589877,0.44865209789228605
0.02415,0.4733091551206197,0.421721545170558
0.0242,0.4748778409101152,0.38418424354836966
0.02425,0.47644677464517865,0.3368987452260666
0.0243,0.47801594084106747,0.2809707203870953
0.02435,0.4795853240107449,0.2177271809153922
0.0244,0.48115490866503263,0.14868504370441885
0.02445,0.4827246793127637,0.07551477697001698
0.0245,0.4842946204609358,4.0339103331614256e-15
0.02455,0.48586471661486325,-0.07600598702556252
0.0246,0.4874349522783312,-0.1506256839063428
0.02465,0.4890053119537473,-0.22200376594916915
0.0247,0.4905757801422958,-0.28835320869951425
0.02475,0.4921463413440897,-0.3480000153005513
0.0248,0.4937169800583236,-0.3994254272786558
0.02485,0.49528768078342805,-0.441304554928158
0.0249,0.49685842801722047,-0.47254044564194164
0.02495,0.49842920625706005,-0.4922927156321867
0.025,0.49999999999999994,-0.49999999999999994
0.02505,0.5015707937429397,-0.49539562496295064
0.0251,0.5031415719827793,-0.4785160706532112
0.02515,0.5047123192165719,-0.4497019692602119
0.0252,0.5062830199416762,-0.4095915670962895
0.02525,0.5078536586559104,-0.3591067658859932
0.0253,0.509424219857704,-0.29943204359296033
0.02535,0.5109946880462525,-0.23198673379037218
0.0254,0.5125650477216687,-0.1583913104686048
0.02545,0.5141352833851366,-0.08042847801466789
0.0255,0.515705379539064,-9.855161205544208e-15
0.02555,0.517275320687236,0.08091968807021595
0.0256,0.5188450913349671,0.16033195067052508
0.02565,0.5204146759892548,0.2362633188241518
0.0257,0.5219840591589324,0.3068145319053817
0.02575,0.5235532253548212,0.3702080359604799
0.0258,0.5251221590898847,0.42483275082657723
0.02585,0.5266908448793802,0.46928497901781
0.0259,0.5282592672410121,0.5024044184028655
0.02595,0.5298274106950853,0.523304356071247
0.026,0.5313952597646566,0.5313952597646566
0.02605,0.532962798975689,0.5264011425192384
0.0261,0.5345300128572028,0.5083682518831764
0.02615,0.5360968859414302,0.4776658229708852
0.0262,0.5376634027639663,0.434978830089513
0.02625,0.5392295478639223,0.3812928699107404
0.0263,0.5407953057840786,0.31787150524888197
0.02635,0.5423606610710366,0.24622658755871632
0.0264,0.5439255982753715,0.16808225354265205
0.02645,0.5454901019517849,0.08533345228357357
0.0265,0.547054156659257,8.577706271997537e-15
0.02655,0.5486177469611996,-0.08582272375744783
0.0266,0.5501808574256074,-0.17001523492428539
0.02665,0.5517434726252113,-0.25048629486514973
0.0267,0.5533055771376298,-0.32522485825267516
0.02675,0.5548671555455226,-0.39235032834392825
0.0268,0.5564281924367407,-0.45015986383065343
0.02685,0.5579886724044805,-0.4971715475355938
0.0269,0.5595485800474348,-0.5321623232378117
0.02695,0.5611078999699447,-0.5541997306161371
0.027,0.5626666167821521,-0.5626666167821521
0.02705,0.5642247151001514,-0.5572781725800328
0.0271,0.5657821795461411,-0.538090828661033
0.02715,0.5673389947485763,-0.5055027457474546
0.0272,0.5688951453423189,-0.4602458405993476
0.02725,0.5704506159687913,-0.4033694988835792
0.0273,0.572005391276126,-0.33621633322389327
0.02735,0.5735594559193187,-0.26039054402315803
0.0274,0.5751127945603784,-0.17771962720162465
0.02745,0.5766653918684802,-0.09021034208416423
0.0275,0.5782172325201153,-7.082908356529358e-15
0.02755,0.5797683011992432,0.0906957440453846
0.0276,0.5813185825974416,0.17963732116856024
0.02765,0.5828680614140599,0.2646165624835886
0.0277,0.5844167223563669,0.34351153059417316
0.02775,0.5859645501397047,0.41433950693870963
0.0278,0.587511529487638,0.47530681174670986
0.02785,0.589057645132105,0.5248542049357384
0.0279,0.5906028818135688,0.5616967192914901
0.02795,0.5921472242811666,0.5848569093382813
0.028,0.5936906572928622,0.5936906572928622
0.02805,0.5952331656155947,0.5879048576140584
0.0281,0.59677473402543,0.5675664995551953
0.02815,0.59831534730771,0.533102877973201
0.0282,0.5998549902572035,0.48529288127870107
0.02825,0.6013936476782562,0.42524952643581093
0.0283,0.6029313043849405,0.3543941288629382
0.02835,0.6044679452012058,0.27442270451843476
0.0284,0.6060035549610273,0.18726539713459603
0.02845,0.6075381185085567,0.09503990056044453
0.0285,0.6090716206982713,5.371593807943849e-15
0.02855,0.6106040463951234,-0.09551951734921238
0.0286,0.6121353804746905,-0.18916023542484964
0.02865,0.613665607823323,-0.2785983559686759
0.0287,0.6151947133382951,-0.3616023797885428
0.02875,0.6167226819279527,-0.4360887905028045
0.0288,0.6182494985118622,-0.5001743510598788
0.02885,0.6197751480209609,-0.5522237004164848
0.0289,0.6212996153977036,-0.5908910477956557
0.02895,0.622822885596213,-0.6151549023591981
0.029,0.6243449435824274,-0.6243449435824274
0.02905,0.6258657743342485,-0.6181603280874854
0.0291,0.6273853628416911,-0.5966789375587921
0.02915,0.6289036941070298,-0.5603572945355345
0.0292,0.6304207531449484,-0.5100211029009207
0.02925,0.6319365249826865,-0.44684660209472093
0.0293,0.6334509946601876,-0.372333152711261
0.02935,0.6349641472302481,-0.288267690517756
0.0294,0.6364759677586626,-0.19668189054867216
0.02945,0.6379864413243728,-0.09980306765150733
0.0295,0.6394955530196145,-1.253406143147153e-14
0.02955,0.6410032879500647,0.10027500643949008
0.0296,0.642509631234988,0.19854639510118963
0.02965,0.6440145680073845,0.2923764955692152
0.0297,0.6455180834141359,0.3794260095189306
0.02975,0.6470201626161519,0.45751234455030004
0.0298,0.6485207907885173,0.5246643409533849
0.02985,0.6500199531206381,0.5791720190831037
0.0299,0.6515176348163868,0.6196300920733283
0.02995,0.6530138210942503,0.6449741373422697
0.03,0.6545084971874735,0.6545084971874735
0.03005,0.6560016483442074,0.6479251794807656
0.0301,0.6574932598276523,0.625313249179233
0.03015,0.6589833169162054,0.5871584347036344
0.0302,0.6604718049036048,0.5343329144725139
0.03025,0.6619587090990746,0.4680754920694551
0.0303,0.6634440148274713,0.38996260763729945
0.03035,0.6649277074294264,0.3018708621865634
0.0304,0.6664097722614932,0.2059319448463422
0.03045,0.6678901946962903,0.10448104531293638
0.0305,0.6693689601226456,1.0823475603884176e-14
0.03055,0.6708460539457416,-0.10494344357334652
0.0306,0.6723214615872585,-0.20775875731345708
0.03065,0.6737951684855185,-0.3058966052628288
0.0307,0.6752671600956295,-0.39691207806163226
0.03075,0.6767374218896285,-0.4785256201008556
0.0308,0.6782059393566253,-0.5486801306255306
0.03085,0.6796726980029453,-0.6055928082333293
0.0309,0.6811376833522729,-0.6478004322463622
0.03095,0.6826008809457937,-0.6741969313901286
0.031,0.6840622763423388,-0.6840622763423388
0.03105,0.6855218551185254,-0.6770819435237166
0.0311,0.6869796028689,-0.6533564278703253
0.03115,0.6884355052060813,-0.6134005266215372
0.0312,0.6898895477609004,-0.5581323683802226
0.03125,0.6913417161825448,-0.48885241562982784
0.0313,0.6927919961386982,-0.40721291823659195
0.03135,0.6942403733156831,-0.31517853402095286
0.0314,0.695686833418601,-0.21497905428925043
0.03145,0.6971313621714754,-0.10905537170407648
0.0315,0.6985739453173904,-8.899428018173957e-15
0.03155,0.7000145686186323,0.10950640456222045
0.0316,0.7014532178568313,0.21676096507675538
0.03165,0.7028898788330997,0.31910532735329766
0.0317,0.7043245373681744,0.41399157589272656
0.03175,0.7057571793025543,0.49904568735591853
0.0318,0.707187790496642,0.5721269407262503
0.03185,0.7086163568308828,0.6313817970829092
0.0319,0.7100428642059029,0.6752908928518945
0.03195,0.7114672985426516,0.7027079554852956
0.032,0.7128896457825363,0.7128896457825363
0.03205,0.7143098918875641,0.7055155517891216
0.0321,0.7157280228404794,0.6806978000174881
0.03215,0.7171440246449023,0.638980004741319
0.0322,0.7185578833254663,0.581325539052399
0.03225,0.7199695849279574,0.509095375750626
0.0323,0.7213791155194507,0.42401600541412066
0.03235,0.722786461188448,0.32813818671993433
0.0324,0.7241916080450159,0.22378751406963843
0.03245,0.7255945422209223,0.1135079940484536
0.0325,0.7269952498697734,6.767724271635129e-15
0.03255,0.7283937171671498,-0.11394588148370736
0.0326,0.7297899303107437,-0.22551749078971325
0.03265,0.7311838755204958,-0.3319505330490395
0.0327,0.7325755390387292,-0.4305970980371705
0.03275,0.7339649071302866,-0.518991562984774
0.0328,0.7353519660826663,-0.5949122374079052
0.03285,0.7367367022061561,-0.6564372082746996
0.0329,0.7381191018339694,-0.701992981601119
0.03295,0.7394991513223805,-0.7303946896411138
0.033,0.7408768370508575,-0.7408768370508575
0.03305,0.742252145422199,-0.7331137898152333
0.0331,0.743625062862666,-0.7072294617159347
0.03315,0.7449955758221181,-0.6637959185489836
0.0332,0.7463636707741457,-0.6038208936403571
0.03325,0.7477293342162038,-0.5287244827163817
0.0333,0.7490925526697454,-0.4403055550613961
0.03335,0.7504533126803548,-0.3406986744549631
0.0334,0.7518116008178802,-0.23232256122096456
0.03345,0.7531674036765661,-0.11782133987989353
0.0335,0.7545207078751857,-4.435769608698838e-15
0.03355,0.7558715000571724,0.11824435375060217
0.0336,0.757219766890753,0.23399377644586564
0.03365,0.7585654950690786,0.3443815281915807
0.0337,0.7599086713103547,0.44666311008539344
0.03375,0.7612492823579744,0.5382845297287119
0.0338,0.7625873149806477,0.6169460975140982
0.03385,0.763922755972533,0.680660159547478
0.0339,0.7652555921533669,0.7278013175487629
0.03395,0.7665858103685941,0.757147866966735
0.034,0.7679133974894983,0.7679133974894983
0.03405,0.76923834041333,0.7597677399650016
0.0341,0.7705606260634377,0.7328467046181079
0.03415,0.7718802413893961,0.6877503309700498
0.0342,0.7731971733671346,0.6255296532566879
0.03425,0.7745114089990659,0.547662269409587
0.0343,0.775822935314215,0.4560172797679656
0.03435,0.777131739368347,0.35281042671930757
0.0344,0.778437808244094,0.24055051181141474
0.03445,0.7797411290510834,0.12197838639297988
0.0345,0.7810416889260652,1.9125169590060833e-15
0.03455,0.7823394750330385,-0.12238485725663076
0.0346,0.7836344745633781,-0.24215637001815518
0.03465,0.7849266747359617,-0.35634925332227513
0.0347,0.7862160627972954,-0.4621262068277039
0.03475,0.7875026260216393,-0.556848447062112
0.0348,0.7887863517111335,-0.6381415634653095
0.03485,0.7900672271959246,-0.7039550539789761
0.0349,0.791345239834288,-0.7526140469835484
0.03495,0.7926203770127551,-0.7828619048936203
0.035,0.7938926261462365,-0.7938926261462365
0.03505,0.7951619746781471,-0.7853722112742137
0.0351,0.7964284100805297,-0.7574484291696815
0.03515,0.7976919198541774,-0.7107487048824211
0.0352,0.7989524915287595,-0.6463661433449747
0.03525,0.800210112662942,-0.5658339970380314
0.0353,0.8014647708445122,-0.4710891725343816
0.03535,0.8027164536905007,-0.36442564396011345
0.0354,0.8039651488473025,-0.2484388938790121
0.03545,0.8052108439908012,-0.12596272762429936
0.0355,0.8064535268264881,-2.2129193687003402e-14
0.03555,0.8076931850895855,0.126351051326114
0.0356,0.8089298065451671,0.2499730574788864
0.03565,0.8101633789882781,0.3678064772975657
0.0357,0.8113938902440562,0.4769253624856674
0.03575,0.8126213281678525,0.5746100516842981
0.0358,0.8138456806453502,0.6584149864407239
0.03585,0.8150669355926845,0.7262299572632969
0.0359,0.8162850809565623,0.776333245398254
0.03595,0.8175001047143802,0.8074353218616976
0.036,0.8187119948743447,0.8187119948743447
0.03605,0.8199207394755892,0.8098261545921843
0.0361,0.821126326588292,0.7809375436033018
0.03615,0.8223287443137957,0.7327002762112235
0.0362,0.8235279807847222,0.6662481317981258
0.03625,0.8247240241650916,0.5831679500946068
0.0363,0.8259168626504393,0.4854617514856052
0.03635,0.8271064844679303,0.3754984862214193
0.0364,0.8282928778764782,0.2559565755835738
0.03645,0.8294760311668585,0.1297586391992843
0.0365,0.8306559326618257,1.9943954290208292e-14
0.03655,0.8318325707162291,-0.13012728320302014
0.0366,0.8330059337171258,-0.25741298993375655
0.03665,0.8341760100838966,-0.37870798368872943
0.0367,0.83534278826836,-0.4910021715530117
0.03675,0.8365062567548865,-0.5914992466563481
0.0368,0.8376664040605122,-0.6776863565018967
0.03685,0.8388232187350511,-0.7473969605336128
0.0369,0.8399766893612095,-0.7988653039530076
0.03695,0.8411268045546981,-0.8307711378207174
0.037,0.8422735529643441,-0.8422735529643441
0.03705,0.843416923272204,-0.8330330613765807
0.0371,0.8445569041936741,-0.803221347115459
0.03715,0.8456934844776032,-0.7535184121331407
0.0372,0.8468266529064022,-0.6850971534909472
0.03725,0.847956398296157,-0.5995957193857443
0.0373,0.8490827094967363,-0.4990782946187226
0.03735,0.8502055753919031,-0.38598525405352047
0.0374,0.8513249848994245,-0.26307388806992427
0.03745,0.8524409269711806,-0.13335114038914722
0.0375,0.8535533905932737,-1.7565818982405552e-14
0.03755,0.8546623647861369,0.13369864982532734
0.0376,0.8557678386046427,0.264446805368348
0.03765,0.8568698011382105,0.38901074923046486
0.0377,0.8579682415109154,0.5043010792954111
0.03775,0.8590631488815943,0.6074493780416385
0.0378,0.8601545124439534,0.6958796183554478
0.03785,0.8612423214266749,0.7673725272982999
0.0379,0.8623265650935233,0.8201212989066125
0.03795,0.8634072327434512,0.8527772569662165
0.038,0.8644843137107057,0.8644843137107057
0.03805,0.865557797364932,0.8549013445685527
0.0381,0.8666276731112799,0.8242118957141916
0.03815,0.867693930390508,0.773120952976591
0.0382,0.8687565586790869,0.7028388199460889
0.03825,0.8698155474893048,0.6150524720111857
0.0383,0.8708708863693696,0.5118850636587942
0.03835,0.8719225649035125,0.3958445609747429
0.0384,0.8729705727120909,0.26976274255728255
0.03845,0.8740148994516912,0.13672605323293818
0.0385,0.8750555348152296,1.5006666934050977e-14
0.03855,0.8760924685320557,-0.1370510566405795
0.0386,0.877125690368052,-0.2710467445265852
0.03865,0.8781551901257358,-0.39867411361404265
0.0387,0.8791809576443608,-0.516769600999719
0.03875,0.8802029828000155,-0.6223974979585046
0.0388,0.8812212555057238,-0.7129229715085521
0.03885,0.8822357657115458,-0.7860778231213061
0.0389,0.8832465034046747,-0.8400173425579188
0.03895,0.8842534586095382,-0.8733668311995638
0.039,0.8852566213878945,-0.8852566213878945
0.03905,0.8862559818389322,-0.8753447000450114
0.0391,0.8872515300993669,-0.8438263492938503
0.03915,0.8882432563435392,-0.7914305364684252
0.0392,0.8892311507835117,-0.7194031129114622
0.03925,0.8902152036691648,-0.6294772072298369
0.0393,0.891195405288294,-0.5238315161392749
0.03935,0.8921717459667049,-0.40503749680493567
0.0394,0.8931442160683094,-0.27599674119281076
0.03945,0.8941128059952198,-0.1398700584915011
0.0395,0.8950775061878451,-1.2279692771170364e-14
0.03955,0.8960383071249836,0.14017127323064582
0.0396,0.8969951993239177,0.27718676046383584
0.03965,0.8979481733405077,0.40765993995505573
0.0397,0.8988972197692855,0.5283585291070848
0.03975,0.8998423292435452,0.6362846130067984
0.0398,0.9007834924354382,0.7287491536326819
0.03985,0.9017207000560636,0.8034390267456433
0.0399,0.9026539428555609,0.8584749143122885
0.03995,0.9035832116232001,0.8924586028777418
0.04,0.9045084971874737,0.9045084971874737
0.04005,0.9054297904161868,0.8942824472215684
0.0401,0.9063470822165469,0.8619872985671512
0.04015,0.9072603635352546,0.808374903047432
0.0402,0.908169625358592,0.7347246606902385
0.04025,0.9090748587125115,0.6428129972018244
0.0403,0.909976054662726,0.5348705048700394
0.04035,0.9108732043147951,0.4135277812262524
0.0404,0.9117662988142134,0.28175128123194887
0.04045,0.9126553293464996,0.14277074821245184
0.0405,0.9135402871372809,9.399315574937973e-15
0.04055,0.9144211634523809,-0.14304698552613662
0.0406,0.9152979495979061,-0.2828426213422773
0.04065,0.9161706369203315,-0.4159327653021481
0.0407,0.9170392168065855,-0.5390221274127458
0.04075,0.917903680684135,-0.6490559170878348
0.0408,0.9187640200210708,-0.7432957060172957
0.04085,0.9196202263261908,-0.8193876214322089
0.0409,0.9204722911490844,-0.8754211705664655
0.04095,0.921320206080216,-0.9099772255001375
0.041,0.9221639627510075,-0.9221639627510075
0.04105,0.9230035528339211,-0.911639847461951
0.0411,0.9238389680425415,-0.8786230705642573
0.04115,0.9246702001316582,-0.8238871810398738
0.0412,0.925497240897346,-0.7487429961330841
0.04125,0.9263200821770461,-0.6550072116566813
0.0413,0.9271387158496476,-0.5449584640058018
0.04135,0.9279531338355664,-0.42128190696491286
0.0414,0.928763328096826,-0.28700365213416196
0.04145,0.9295692906371361,-0.1454166746986609
0.0415,0.9303710135019718,6.840286473723418e-15
0.04155,0.9311684887786519,0.14566684440438354
0.0416,0.9319617085964176,0.2879920060629758
0.04165,0.9327506651265094,0.42345994059316927
0.0417,0.9335353505822449,0.5487183115659139
0.04175,0.9343157572190955,0.6606610076990695
0.0418,0.9350918773347627,0.7565052200657802
0.04185,0.9358637032692543,0.8338606653639891
0.0419,0.93663122740496,0.8907892321890108
0.04195,0.9373944421667264,0.9258535610667559
0.042,0.9381533400219317,0.9381533400219317
0.04205,0.9389079134805607,0.927348399037263
0.0421,0.9396581550952781,0.8936680114932494
0.04215,0.9404040574615018,0.837906150571418
0.0422,0.9411456132174766,0.7614027952743824
0.04225,0.9418828150443468,0.6660117256009328
0.0423,0.9426156556662275,0.5540555809806356
0.04235,0.9433441278502781,0.42826927202912574
0.0424,0.9440682244067722,0.29173312519109157
0.04245,0.9447879381891691,0.14779739568708278
0.0425,0.945503262094184,3.2415558736085978e-15
0.04255,0.946214189061859,-0.14802051047935877
0.0426,0.9469207120756319,-0.29261459235698245
0.04265,0.9476228241624058,-0.43021175950607266
0.0427,0.9483205183926178,-0.5574088151575338
0.04275,0.9490137878803078,-0.6710540848496933
0.0428,0.9497026257831853,-0.7683255638611011
0.04285,0.9503870253026989,-0.8468010400486722
0.0429,0.9510669796841014,-0.9045184484617077
0.04295,0.9517424822165175,-0.9400249529343291
0.043,0.9524135262330096,-0.9524135262330096
0.04305,0.9530801051106448,-0.9413461074709745
0.0431,0.9537422122705584,-0.9070627458456765
0.04315,0.9543998411780199,-0.8503764851739575
0.0432,0.9550529853424978,-0.7726540956706113
0.04325,0.9557016383177226,-0.6757831092455626
0.0433,0.9563457937017512,-0.562125953629843
0.04335,0.9569854451370305,-0.43446230048125356
0.0434,0.9576205863104588,-0.2959210353332345
0.04345,0.958251210953449,-0.14990351555966377
0.0435,0.9588773128419905,-1.3624685603032288e-14
0.04355,0.9594988857967106,0.15009869490628663
0.0436,0.9601159236829352,0.29669213698800273
0.04365,0.9607284204107491,0.4361615756962576
0.0437,0.9613363699350574,0.5650593407401997
0.04375,0.9619397662556434,0.6801941318123564
0.0438,0.962538603417229,0.7787100879064529
0.04385,0.9631328755095333,0.8581576757392969
0.0439,0.9637225766673306,0.9165546364402184
0.04395,0.9643077010705086,0.9524354730934407
0.044,0.9648882429441256,0.9648882429441256
0.04405,0.9654641965584678,0.9535777302028549
0.0441,0.9660355562291054,0.9187544107245049
0.04415,0.9666023163169493,0.8612489701339946
0.0442,0.9671644712283061,0.7824524935793686
0.04425,0.9677220154149335,0.6842827994034275
0.0443,0.968274943374096,0.5691377318796456
0.04435,0.9688232496486178,0.4398365512672731
0.0444,0.9693669288269371,0.2995508547925852
0.04445,0.9699059755431598,0.15172672242340818
0.0445,0.9704403844771127,2.4250920418386245e-14
0.04455,0.9709701503543953,-0.15189319604071969
0.0446,0.9714952679464322,-0.30020854775028233
0.04465,0.9720157320705248,-0.44128590795738576
0.0447,0.9725315375899024,-0.5716396951846507
0.04475,0.9730426794137725,-0.6880450769973873
0.0448,0.9735491524973721,-0.7876178092296982
0.04485,0.974050951842016,-0.8678857529831208
0.0449,0.9745480724951474,-0.9268502947893862
0.04495,0.9750405095503858,-0.9630361428908545
0.045,0.9755282581475768,-0.9755282581475768
0.04505,0.9760113134728383,-0.9639949946060697
0.0451,0.9764896707586093,-0.9286968644698887
0.04515,0.9769633252836967,-0.870480696720533
0.0452,0.9774322723733213,-0.7907593192005548
0.04525,0.977896507399165,-0.6914772516806132
0.0453,0.9783560257794152,-0.5750632434446235
0.04535,0.9788108229788111,-0.4443708146746424
0.0454,0.9792608945086879,-0.30260825832999244
0.04545,0.9797062359270213,-0.15325982091385038
0.0455,0.9801468428384714,-7.202608854575837e-15
0.04555,0.9805827108944258,0.15339693180645572
0.0456,0.9810138357930429,0.30314994697698583
0.04565,0.9814402132792939,0.4455645328911561
0.0457,0.9818618391450047,0.5771239088381727
0.04575,0.9822787092288989,0.6945759363109163
0.0458,0.9826908194166369,0.7950135731242924
0.04585,0.9830981656408574,0.8759468795036107
0.0459,0.9835007438812176,0.9353647912493628
0.04595,0.9838985501644326,0.9717851263258649
0.046,0.9842915805643155,0.9842915805643155
0.04605,0.9846798312018146,0.9725567884972235
0.0461,0.9850632982450529,0.9368508687591528
0.04615,0.9854419779093655,0.8780352315263482
0.0462,0.9858158664573369,0.7975417892884545
0.04625,0.9861849601988383,0.6973380728607947
0.0463,0.9865492554910633,0.5798791030377834
0.04635,0.9869087487385644,0.4480471960371512
0.0464,0.9872634363932885,0.30508117977056814
0.04645,0.9876133149546116,0.15449676059154532
0.0465,0.9879583809693736,1.7910801710138207e-14
0.04655,0.9882986310319122,-0.1546039676454459
0.0466,0.9886340617840967,-0.30550472630921566
0.04665,0.9889646699153608,-0.44898056471959813
0.0467,0.9892904521627359,-0.5814903380149969
0.04675,0.9896114053108829,-0.6997609354348597
0.0468,0.9899275261921234,-0.8008681918889795
0.04685,0.9902388116864722,-0.8823092417171812
0.0469,0.990545258721667,-0.9420645229925069
0.04695,0.9908468642731993,-0.9786478951578892
0.047,0.9911436253643443,-0.9911436253643443
0.04705,0.9914355390661895,-0.9792293223873307
0.0471,0.9917226024976649,-0.9431842434625948
0.04715,0.9920048128255698,-0.8838827602538496
0.0472,0.9922821672646027,-0.8027731365322794
0.04725,0.9925546630773869,-0.7018421329603677
0.0473,0.992822297574499,-0.5835663046614229
0.04735,0.9930850681144945,-0.4508511863571903
0.0474,0.993342972103934,-0.3069598596230505
0.04745,0.9935960069974096,-0.1554326598207715
0.0475,0.9938441702975689,-4.849977219108686e-16
0.04755,0.9940874595551402,0.1555095399387039
0.0476,0.994325872368957,0.30726359250869045
0.04765,0.9945594063859808,0.4515205219258214
0.0477,0.9947880593013254,0.5847217504139488
0.04775,0.9950118288582788,0.7035796115465152
0.0478,0.9952307128483255,0.8051585600181832
0.04785,0.9954447091111693,0.8869477302868368
0.0479,0.9956538155347532,0.9469230492384532
0.04795,0.9958580300552814,0.9835973651736393
0.048,0.9960573506572389,0.9960573506572389
0.04805,0.9962517753734119,0.9839862628335271
0.0481,0.9964413022849068,0.9476719936436951
0.04815,0.9966259295211697,0.8880002053786697
0.0482,0.9968056552600042,0.8064327151944
0.04825,0.9969804777275899,0.7049716565117886
0.0483,0.9971503951984995,0.5861102966153012
0.04835,0.9973154059957161,0.45277171956596285
0.0484,0.9974755084906501,0.30823688359642887
0.04845,0.9976307011031542,0.15606382503478738
0.0485,0.99778098230154,1.1243602254599084e-14
0.04855,0.9979263506025928,-0.15611007480604924
0.0486,0.9980668045715861,-0.3084196041340971
0.04865,0.9982023428222961,-0.453174380459054
0.0487,0.9983329640170149,-0.5868053931266274
0.04875,0.998458666866564,-0.7060168940758176
0.0488,0.9985794501303069,-0.8078677453890134
0.04885,0.9986953126161617,-0.8898440392173298
0.0489,0.9988062531806126,-0.9499211956037585
0.04895,0.9989122707287207,-0.9866140030761695
0.049,0.9990133642141358,-0.9990133642141358
0.04905,0.999109532639106,-0.9868088363651013
0.0491,0.9992007750544876,-0.9502964082027473
0.04915,0.9992870905597548,-0.8903713172259571
0.0492,0.9993684783030088,-0.8085060825897727
0.04925,0.999444937480985,-0.7067142927153832
0.0493,0.9995164673390624,-0.587501038925393
0.04935,0.99958306717127,-0.45380121619630215
0.0494,0.9996447363202946,-0.3089072118604434
0.04945,0.9997014741774864,-0.15638776531290088
0.0495,0.9997532801828658,-2.2043773232530436e-14
0.04955,0.9998001538251282,0.15640320221074655
0.0496,0.99984209464165,0.30896819893568156
0.04965,0.9998791022184921,0.45393561329529164
0.0497,0.9999111761904045,0.5877330429671255
0.04975,0.9999383162408303,0.7070631641821522
0.0498,0.9999605221019081,0.8089850560844707
0.04985,0.9999777935544749,0.890986738100522
0.0499,0.9999901304280685,0.9510471297744505
0.04995,0.9999975326009292,0.9876859035738406
0.05,1.0,1.0
0.05005,1.0,0.987688340595143
0.0501,1.0,0.9510565162951571
0.05015,1.0,0.8910065241883759
0.0502,1.0,0.8090169943749614
0.05025,1.0,0.7071067811865488
0.0503,1.0,0.5877852522925026
0.05035,1.0,0.4539904997395594
0.0504,1.0,0.3090169943749668
0.05045,1.0,0.15643446504022906
0.0505,1.0,4.408109496293883e-15
0.05055,1.0,-0.15643446504022038
0.0506,1.0,-0.3090169943749314
0.05065,1.0,-0.4539904997395262
0.0507,1.0,-0.5877852522924725
0.05075,1.0,-0.7071067811865426
0.0508,1.0,-0.8090169943749396
0.05085,1.0,-0.891006524188359
0.0509,1.0,-0.9510565162951456
0.05095,1.0,-0.9876883405951372
0.051,1.0,-1.0
0.05105,1.0,-0.9876883405951402
0.0511,1.0,-0.9510565162951604
0.05115,1.0,-0.8910065241883679
0.0512,1.0,-0.8090169943749511
0.05125,1.0,-0.7071067811865563
0.0513,1.0,-0.5877852522924882
0.05135,1.0,-0.453990499739569
0.0514,1.0,-0.30901699437495
0.05145,1.0,-0.15643446504023972
0.0515,1.0,-1.5188715212610122e-14
0.05155,1.0,0.15643446504020972
0.0516,1.0,0.30901699437492114
0.05165,1.0,0.453990499739542
0.0517,1.0,0.5877852522924637
0.05175,1.0,0.7071067811865349
0.0518,1.0,0.8090169943749332
0.05185,1.0,0.891006524188367
0.0519,1.0,0.9510565162951511
0.05195,1.0,0.9876883405951354
0.052,1.0,1.0
0.05205,1.0,0.9876883405951419
0.0521,1.0,0.951056516295155
0.05215,1.0,0.8910065241883728
0.0522,1.0,0.8090169943749574
0.05225,1.0,0.707106781186564
0.0523,1.0,0.587785252292497
0.05235,1.0,0.4539904997395533
0.0524,1.0,0.3090169943749603
0.05245,1.0,0.15643446504025038
0.0525,1.0,2.596932092892636e-14
0.05255,1.0,-0.15643446504019906
0.0526,1.0,-0.3090169943749379
0.05265,1.0,-0.4539904997395323
0.0527,1.0,-0.5877852522924549
0.05275,1.0,-0.7071067811865273
0.0528,1.0,-0.8090169943749437
0.05285,1.0,-0.8910065241883621
0.0529,1.0,-0.9510565162951478
0.05295,1.0,-0.9876883405951338
0.053,1.0,-1.0
0.05305,1.0,-0.9876883405951392
0.0531,1.0,-0.9510565162951583
0.05315,1.0,-0.8910065241883777
0.0532,1.0,-0.8090169943749638
0.05325,1.0,-0.7071067811865717
0.0533,1.0,-0.5877852522924827
0.05335,1.0,-0.4539904997395629
0.0534,1.0,-0.3090169943749435
0.05345,1.0,-0.156434465040261
0.0535,1.0,-8.32821721483859e-15
0.05355,1.0,0.1564344650402165
0.0536,1.0,0.3090169943749277
0.05365,1.0,0.4539904997395481
0.0537,1.0,0.5877852522924463
0.05375,1.0,0.7071067811865397
0.0538,1.0,0.8090169943749373
0.05385,1.0,0.8910065241883572
0.0539,1.0,0.9510565162951532
0.05395,1.0,0.9876883405951321
0.054,1.0,1.0
0.05405,1.0,0.9876883405951409
0.0541,1.0,0.9510565162951529
0.05415,1.0,0.8910065241883826
0.0542,1.0,0.8090169943749534
0.05425,1.0,0.7071067811865591
0.0543,1.0,0.5877852522924915
0.05435,1.0,0.4539904997395472
0.0544,1.0,0.3090169943749808
0.05445,1.0,0.1564344650402436
0.0545,1.0,1.9108822931154828e-14
0.05455,1.0,-0.15643446504020586
0.0546,1.0,-0.30901699437494445
0.05465,1.0,-0.4539904997395131
0.0547,1.0,-0.5877852522924605
0.05475,1.0,-0.7071067811865321
0.0548,1.0,-0.8090169943749477
0.05485,1.0,-0.8910065241883652
0.0549,1.0,-0.9510565162951499
0.05495,1.0,-0.9876883405951349
0.055,1.0,-1.0
0.05505,1.0,-0.9876883405951381
0.0551,1.0,-0.9510565162951562
0.05515,1.0,-0.8910065241883746
0.0552,1.0,-0.8090169943749598
0.05525,1.0,-0.7071067811865668
0.0553,1.0,-0.5877852522924771
0.05535,1.0,-0.4539904997395568
0.0554,1.0,-0.309016994374964
0.05545,1.0,-0.15643446504025424
0.0555,1.0,-1.4677192170670588e-15
0.05555,1.0,0.15643446504022326
0.0556,1.0,0.30901699437490715
0.05565,1.0,0.4539904997395289
0.0557,1.0,0.5877852522924518
0.05575,1.0,0.7071067811865446
0.0558,1.0,0.8090169943749413
0.05585,1.0,0.8910065241883603
0.0559,1.0,0.9510565162951465
0.05595,1.0,0.9876883405951332
0.056,1.0,1.0
0.05605,1.0,0.9876883405951398
0.0561,1.0,0.9510565162951595
0.05615,1.0,0.8910065241883794
0.0562,1.0,0.8090169943749661
0.05625,1.0,0.7071067811865543
0.0563,1.0,0.5877852522924859
0.05635,1.0,0.4539904997395664
0.0564,1.0,0.30901699437497426
0.05645,1.0,0.1564344650402368
0.0565,1.0,1.2248324933383297e-14
0.05655,1.0,-0.15643446504021263
0.0566,1.0,-0.3090169943749239
0.05665,1.0,-0.4539904997395192
0.0567,1.0,-0.587785252292466
0.05675,1.0,-0.707106781186537
0.0568,1.0,-0.809016994374935
0.05685,1.0,-0.8910065241883555
0.0569,1.0,-0.9510565162951432
0.05695,1.0,-0.987688340595136
0.057,1.0,-1.0
0.05705,1.0,-0.9876883405951414
0.0571,1.0,-0.9510565162951629
0.05715,1.0,-0.8910065241883715
0.0572,1.0,-0.8090169943749557
0.05725,1.0,-0.7071067811865619
0.0573,1.0,-0.5877852522924946
0.05735,1.0,-0.453990499739576
0.0574,1.0,-0.3090169943749575
0.05745,1.0,-0.15643446504024747
0.0575,1.0,-2.3028930649699535e-14
0.05755,1.0,0.15643446504020198
0.0576,1.0,0.3090169943749137
0.05765,1.0,0.453990499739535
0.0577,1.0,0.5877852522924574
0.05775,1.0,0.7071067811865495
0.0578,1.0,0.8090169943749287
0.05785,1.0,0.8910065241883635
0.0579,1.0,0.9510565162951486
0.05795,1.0,0.9876883405951342
0.058,1.0,1.0
0.05805,1.0,0.9876883405951431
0.0581,1.0,0.9510565162951574
0.05815,1.0,0.8910065241883763
0.0582,1.0,0.8090169943749621
0.05825,1.0,0.7071067811865495
0.0583,1.0,0.5877852522925033
0.05835,1.0,0.4539904997395603
0.0584,1.0,0.30901699437496777
0.05845,1.0,0.15643446504023004
0.0585,1.0,5.387826935611766e-15
0.05855,1.0,-0.1564344650402194
0.0586,1.0,-0.30901699437493046
0.05865,1.0,-0.4539904997395254
0.0587,1.0,-0.5877852522924716
0.05875,1.0,-0.7071067811865217
0.0588,1.0,-0.809016994374939
0.05885,1.0,-0.8910065241883586
0.0589,1.0,-0.9510565162951453
0.05895,1.0,-0.987688340595137
0.059,1.0,-1.0
0.05905,1.0,-0.9876883405951404
0.0591,1.0,-0.9510565162951607
0.05915,1.0,-0.8910065241883812
0.0592,1.0,-0.8090169943749517
0.05925,1.0,-0.7071067811865771
0.0593,1.0,-0.587785252292489
0.05935,1.0,-0.4539904997395699
0.0594,1.0,-0.30901699437495095
0.05945,1.0,-0.1564344650402407
0.0595,1.0,-1.6168432651928003e-14
0.05955,1.0,0.15643446504020875
0.0596,1.0,0.3090169943749202
0.05965,1.0,0.4539904997395411
0.0597,1.0,0.5877852522924629
0.05975,1.0,0.7071067811865341
0.0598,1.0,0.8090169943749327
0.05985,1.0,0.8910065241883537
0.0599,1.0,0.9510565162951508
0.05995,1.0,0.9876883405951353
0.06,1.0,1.0
0.06005,1.0,0.9876883405951421
0.0601,1.0,0.9510565162951553
0.06015,1.0,0.8910065241883732
0.0602,1.0,0.809016994374958
0.06025,1.0,0.7071067811865647
0.0603,1.0,0.5877852522924978
0.06035,1.0,0.4539904997395542
0.0604,1.0,0.3090169943749612
0.06045,1.0,0.15643446504025135
0.0605,1.0,2.694903836824424e-14
0.06055,1.0,-0.15643446504019812
0.0606,1.0,-0.30901699437493696
0.06065,1.0,-0.4539904997395315
0.0607,1.0,-0.5877852522924542
0.06075,1.0,-0.7071067811865266
0.0608,1.0,-0.809016994374943
0.06085,1.0,-0.8910065241883617
0.0609,1.0,-0.9510565162951474
0.06095,1.0,-0.9876883405951337
0.061,1.0,-1.0
0.06105,1.0,-0.9876883405951393
0.0611,1.0,-0.9510565162951586
0.06115,1.0,-0.8910065241883781
0.0612,1.0,-0.8090169943749643
0.06125,1.0,-0.7071067811865723
0.0613,1.0,-0.5877852522924835
0.06135,1.0,-0.4539904997395638
0.0614,1.0,-0.30901699437494445
0.06145,1.0,-0.15643446504026198
0.0615,1.0,-9.307934654156473e-15
0.06155,1.0,0.15643446504021552
0.0616,1.0,0.30901699437492675
0.06165,1.0,0.4539904997395472
0.0617,1.0,0.5877852522924455
0.06175,1.0,0.707106781186539
0.0618,1.0,0.8090169943749367
0.06185,1.0,0.8910065241883568
0.0619,1.0,0.9510565162951441
0.06195,1.0,0.987688340595132
0.062,1.0,1.0
0.06205,1.0,0.987688340595141
0.0621,1.0,0.9510565162951532
0.06215,1.0,0.891006524188383
0.0622,1.0,0.809016994374954
0.06225,1.0,0.7071067811865598
0.0623,1.0,0.5877852522924922
0.06235,1.0,0.4539904997395481
0.0624,1.0,0.3090169943749817
0.06245,1.0,0.15643446504024455
0.0625,1.0,2.008854037047271e-14
0.06255,1.0,-0.1564344650402049
0.0626,1.0,-0.3090169943749435
0.06265,1.0,-0.4539904997395123
0.0627,1.0,-0.5877852522924827
0.06275,1.0,-0.7071067811865315
0.0628,1.0,-0.8090169943749304
0.06285,1.0,-0.8910065241883648
0.0629,1.0,-0.9510565162951408
0.06295,1.0,-0.9876883405951392
0.063,1.0,-1.0
0.06305,1.0,-0.9876883405951427
0.0631,1.0,-0.9510565162951565
0.06315,1.0,-0.891006524188375
0.0632,1.0,-0.8090169943749436
0.06325,1.0,-0.7071067811865674
0.0633,1.0,-0.587785252292501
0.06335,1.0,-0.4539904997395577
0.0634,1.0,-0.30901699437496494
0.06345,1.0,-0.15643446504022715
0.0635,1.0,-3.086914608678895e-14
0.06355,1.0,0.15643446504019423
0.0636,1.0,0.30901699437493324
0.06365,1.0,0.453990499739528
0.0637,1.0,0.587785252292474
0.06375,1.0,0.7071067811865439
0.0638,1.0,0.809016994374924
0.06385,1.0,0.8910065241883599
0.0639,1.0,0.9510565162951462
0.06395,1.0,0.9876883405951374
0.064,1.0,1.0
0.06405,1.0,0.9876883405951443
0.0641,1.0,0.9510565162951599
0.06415,1.0,0.8910065241883799
0.0642,1.0,0.8090169943749667
0.06425,1.0,0.707106781186555
0.0643,1.0,0.5877852522925097
0.06435,1.0,0.4539904997395419
0.0644,1.0,0.3090169943749752
0.06445,1.0,0.15643446504026587
0.0645,1.0,1.322804237270118e-14
0.06455,1.0,-0.15643446504021166
0.0646,1.0,-0.30901699437495006
0.06465,1.0,-0.4539904997395184
0.0647,1.0,-0.5877852522924423
0.06475,1.0,-0.7071067811865362
0.0648,1.0,-0.8090169943749345
0.06485,1.0,-0.8910065241883679
0.0649,1.0,-0.9510565162951429
0.06495,1.0,-0.9876883405951313
0.065,1.0,-1.0
0.06505,1.0,-0.9876883405951417
0.0651,1.0,-0.9510565162951544
0.06515,1.0,-0.8910065241883719
0.0652,1.0,-0.809016994374973
0.06525,1.0,-0.7071067811865626
0.0653,1.0,-0.5877852522924955
0.06535,1.0,-0.4539904997395515
0.0654,1.0,-0.30901699437495844
0.06545,1.0,-0.1564344650402765
0.0655,1.0,-2.400864808901742e-14
0.06555,1.0,0.156434465040201
0.0656,1.0,0.3090169943749398
0.06565,1.0,0.4539904997395341
0.0657,1.0,0.5877852522924336
0.06575,1.0,0.7071067811865488
0.0658,1.0,0.809016994374928
0.06585,1.0,0.891006524188363
0.0659,1.0,0.9510565162951483
0.06595,1.0,0.9876883405951297
0.066,1.0,1.0
0.06605,1.0,0.9876883405951433
0.0661,1.0,0.9510565162951578
0.06615,1.0,0.8910065241883768
0.0662,1.0,0.8090169943749627
0.06625,1.0,0.7071067811865501
0.0663,1.0,0.5877852522925041
0.06635,1.0,0.4539904997395358
0.0664,1.0,0.30901699437496866
0.06645,1.0,0.1564344650402591
0.0665,1.0,6.367544374929648e-15
0.06655,1.0,-0.15643446504019037
0.0666,1.0,-0.30901699437495656
0.06665,1.0,-0.4539904997395245
0.0667,1.0,-0.5877852522924478
0.06675,1.0,-0.7071067811865411
0.0668,1.0,-0.8090169943749385
0.06685,1.0,-0.891006524188371
0.0669,1.0,-0.951056516295145
0.06695,1.0,-0.9876883405951324
0.067,1.0,-1.0
0.06705,1.0,-0.9876883405951405
0.0671,1.0,-0.9510565162951523
0.06715,1.0,-0.8910065241883817
0.0672,1.0,-0.809016994374969
0.06725,1.0,-0.7071067811865577
0.0673,1.0,-0.5877852522924899
0.06735,1.0,-0.4539904997395961
0.0674,1.0,-0.3090169943749519
0.06745,1.0,-0.15643446504026973
0.0675,1.0,-1.7148150091245887e-14
0.06755,1.0,0.15643446504020778
0.0676,1.0,0.30901699437491925
0.06765,1.0,0.4539904997395402
0.0677,1.0,0.5877852522924392
0.06775,1.0,0.7071067811865335
0.0678,1.0,0.8090169943749321
0.06785,1.0,0.8910065241883532
0.0679,1.0,0.9510565162951504
0.06795,1.0,0.9876883405951308
0.068,1.0,1.0
0.06805,1.0,0.9876883405951422
0.0681,1.0,0.9510565162951644
0.06815,1.0,0.8910065241883737
0.0682,1.0,0.8090169943749586
0.06825,1.0,0.7071067811865452
0.0683,1.0,0.5877852522924986
0.06835,1.0,0.4539904997395804
0.0684,1.0,0.30901699437496216
0.06845,1.0,0.1564344650402523
0.0685,1.0,-4.92953622841883e-16
0.06855,1.0,-0.15643446504019715
0.0686,1.0,-0.30901699437490904
0.06865,1.0,-0.4539904997395306
0.0687,1.0,-0.5877852522924534
0.06875,1.0,-0.707106781186546
0.0688,1.0,-0.8090169943749425
0.06885,1.0,-0.8910065241883484
0.0689,1.0,-0.9510565162951471
0.06895,1.0,-0.9876883405951334
0.069,1.0,-1.0
0.06905,1.0,-0.9876883405951394
0.0691,1.0,-0.9510565162951677
0.06915,1.0,-0.8910065241883786
0.0692,1.0,-0.8090169943749649
0.06925,1.0,-0.7071067811865529
0.0693,1.0,-0.5877852522924844
0.06935,1.0,-0.45399049973959
0.0694,1.0,-0.3090169943749454
0.06945,1.0,-0.15643446504026295
0.0695,1.0,-1.0287652093474354e-14
0.06955,1.0,0.15643446504021455
0.0696,1.0,0.30901699437489877
0.06965,1.0,0.4539904997395463
0.0697,1.0,0.5877852522924447
0.06975,1.0,0.7071067811865384
0.0698,1.0,0.8090169943749361
0.06985,1.0,0.8910065241883564
0.0699,1.0,0.9510565162951525
0.06995,1.0,0.9876883405951318
0.07,1.0,1.0
0.07005,1.0,0.9876883405951411
0.0701,1.0,0.9510565162951623
0.07015,1.0,0.8910065241883706
0.0702,1.0,0.8090169943749713
0.07025,1.0,0.7071067811865404
0.0703,1.0,0.587785252292493
0.07035,1.0,0.4539904997395742
0.0704,1.0,0.3090169943749556
0.07045,1.0,0.15643446504024552
0.0705,1.0,4.94899672401946e-14
0.07055,1.0,-0.15643446504020392
0.0706,1.0,-0.30901699437491553
0.07065,1.0,-0.4539904997395367
0.0707,1.0,-0.5877852522924589
0.07075,1.0,-0.7071067811865106
0.0708,1.0,-0.8090169943749298
0.07085,1.0,-0.8910065241883515
0.0709,1.0,-0.9510565162951492
0.07095,1.0,-0.9876883405951346
0.071,1.0,-1.0
0.07105,1.0,-0.9876883405951384
0.0711,1.0,-0.9510565162951656
0.07115,1.0,-0.8910065241883754
0.0712,1.0,-0.8090169943749609
0.07125,1.0,-0.7071067811865681
0.0713,1.0,-0.5877852522924788
0.07135,1.0,-0.45399049973958383
0.0714,1.0,-0.3090169943749659
0.07145,1.0,-0.15643446504025618
0.0715,1.0,-3.184886352610683e-14
0.07155,1.0,0.15643446504022135
0.0716,1.0,0.3090169943749053
0.07165,1.0,0.4539904997395524
0.0717,1.0,0.5877852522924503
0.07175,1.0,0.7071067811865231
0.0718,1.0,0.8090169943749401
0.07185,1.0,0.8910065241883595
0.0719,1.0,0.9510565162951546
0.07195,1.0,0.9876883405951329
0.072,1.0,1.0
0.07205,1.0,0.9876883405951401
0.0721,1.0,0.9510565162951602
0.07215,1.0,0.8910065241883675
0.0722,1.0,0.8090169943749672
0.07225,1.0,0.7071067811865758
0.0723,1.0,0.5877852522924875
0.07235,1.0,0.4539904997395681
0.0724,1.0,0.3090169943749491
0.07245,1.0,0.15643446504023875
0.0725,1.0,4.262946924242307e-14
0.07255,1.0,-0.1564344650402107
0.0726,1.0,-0.3090169943749221
0.07265,1.0,-0.4539904997395428
0.0727,1.0,-0.5877852522924645
0.07275,1.0,-0.7071067811865155
0.0728,1.0,-0.8090169943749338
0.07285,1.0,-0.8910065241883546
0.0729,1.0,-0.9510565162951513
0.07295,1.0,-0.9876883405951357
0.073,1.0,-1.0
0.07305,1.0,-0.9876883405951373
0.0731,1.0,-0.9510565162951635
0.07315,1.0,-0.8910065241883723
0.0732,1.0,-0.8090169943749569
0.07325,1.0,-0.7071067811865834
0.0733,1.0,-0.5877852522924732
0.07335,1.0,-0.4539904997395777
0.0734,1.0,-0.30901699437495933
0.07345,1.0,-0.1564344650402494
0.0735,1.0,-2.49883655283353e-14
0.07355,1.0,0.15643446504022812
0.0736,1.0,0.3090169943749118
0.07365,1.0,0.4539904997395079
0.0737,1.0,0.5877852522924558
0.07375,1.0,0.7071067811865279
0.0738,1.0,0.8090169943749442
0.07385,1.0,0.8910065241883497
0.0739,1.0,0.9510565162951392
0.07395,1.0,0.987688340595134
0.074,1.0,1.0
0.07405,1.0,0.987688340595139
0.0741,1.0,0.951056516295158
0.07415,1.0,0.8910065241883901
0.0742,1.0,0.8090169943749632
0.07425,1.0,0.7071067811865709
0.0743,1.0,0.5877852522924819
0.07435,1.0,0.453990499739562
0.0744,1.0,0.30901699437499663
0.07445,1.0,0.15643446504026004
0.0745,1.0,3.576897124465154e-14
0.07455,1.0,-0.15643446504021746
0.0746,1.0,-0.3090169943749286
0.07465,1.0,-0.4539904997394983
0.0747,1.0,-0.58778525229247
0.07475,1.0,-0.7071067811865204
0.0748,1.0,-0.8090169943749379
0.07485,1.0,-0.8910065241883577
0.0749,1.0,-0.9510565162951446
0.07495,1.0,-0.9876883405951367
0.075,1.0,-1.0
0.07505,1.0,-0.9876883405951407
0.0751,1.0,-0.9510565162951613
0.07515,1.0,-0.8910065241883821
0.0752,1.0,-0.8090169943749528
0.07525,1.0,-0.7071067811865785
0.0753,1.0,-0.5877852522924677
0.07535,1.0,-0.4539904997395716
0.0754,1.0,-0.30901699437497987
0.07545,1.0,-0.15643446504024264
0.0755,1.0,-1.812786753056377e-14
0.07555,1.0,0.1564344650402349
0.0756,1.0,0.30901699437491836
0.07565,1.0,0.453990499739514
0.0757,1.0,0.5877852522924614
0.07575,1.0,0.7071067811865328
0.0758,1.0,0.8090169943749482
0.07585,1.0,0.8910065241883528
0.0759,1.0,0.9510565162951413
0.07595,1.0,0.987688340595135
0.076,1.0,1.0
0.07605,1.0,0.9876883405951379
0.0761,1.0,0.9510565162951559
0.07615,1.0,0.891006524188387
0.0762,1.0,0.8090169943749592
0.07625,1.0,0.7071067811865661
0.0763,1.0,0.5877852522924764
0.07635,1.0,0.4539904997395559
0.0764,1.0,0.3090169943749901
0.07645,1.0,0.15643446504025327
0.0765,1.0,2.8908473246880007e-14
0.07655,1.0,-0.15643446504022424
0.0766,1.0,-0.30901699437493513
0.07665,1.0,-0.4539904997395044
0.0767,1.0,-0.5877852522924526
0.07675,1.0,-0.7071067811865251
0.0768,1.0,-0.8090169943749252
0.07685,1.0,-0.8910065241883608
0.0769,1.0,-0.951056516295138
0.07695,1.0,-0.9876883405951378
0.077,1.0,-1.0
0.07705,1.0,-0.9876883405951441
0.0771,1.0,-0.9510565162951592
0.07715,1.0,-0.891006524188379
0.0772,1.0,-0.8090169943749488
0.07725,1.0,-0.7071067811865737
0.0773,1.0,-0.5877852522925081
0.07735,1.0,-0.4539904997395655
0.0774,1.0,-0.3090169943749733
0.07745,1.0,-0.15643446504023584
0.0775,1.0,-3.9689078963196245e-14
0.07755,1.0,0.15643446504018552
0.0776,1.0,0.30901699437492486
0.07765,1.0,0.4539904997395201
0.0777,1.0,0.5877852522924669
0.07775,1.0,0.7071067811865377
0.0778,1.0,0.8090169943749188
0.07785,1.0,0.8910065241883559
0.0779,1.0,0.9510565162951435
0.07795,1.0,0.9876883405951361
0.078,1.0,1.0
0.07805,1.0,0.9876883405951458
0.0781,1.0,0.9510565162951625
0.07815,1.0,0.8910065241883839
0.0782,1.0,0.8090169943749551
0.07825,1.0,0.7071067811865612
0.0783,1.0,0.5877852522925168
0.07835,1.0,0.4539904997395498
0.0784,1.0,0.3090169943749836
0.07845,1.0,0.1564344650402465
0.0785,1.0,2.2047975249108475e-14
0.07855,1.0,-0.15643446504020295
0.0786,1.0,-0.3090169943749416
0.07865,1.0,-0.4539904997395105
0.0787,1.0,-0.5877852522924581
0.07875,1.0,-0.70710678118653
0.0788,1.0,-0.8090169943749292
0.07885,1.0,-0.8910065241883639
0.0789,1.0,-0.9510565162951402
0.07895,1.0,-0.9876883405951389
0.079,1.0,-1.0
0.07905,1.0,-0.987688340595143
0.0791,1.0,-0.9510565162951571
0.07915,1.0,-0.8910065241883759
0.0792,1.0,-0.8090169943749448
0.07925,1.0,-0.7071067811865689
0.0793,1.0,-0.5877852522925026
0.07935,1.0,-0.4539904997395594
0.0794,1.0,-0.3090169943749668
0.07945,1.0,-0.15643446504022906
0.0795,1.0,-3.282858096542471e-14
0.07955,1.0,0.1564344650401923
0.0796,1.0,0.3090169943749314
0.07965,1.0,0.4539904997395262
0.0797,1.0,0.5877852522924264
0.07975,1.0,0.7071067811865426
0.0798,1.0,0.8090169943749229
0.07985,1.0,0.891006524188359
0.0799,1.0,0.9510565162951456
0.07995,1.0,0.9876883405951282
0.08,1.0,1.0
0.08005,1.0,0.9876883405951447
0.0801,1.0,0.9510565162951604
0.08015,1.0,0.8910065241883808
0.0802,1.0,0.8090169943749678
0.08025,1.0,0.7071067811865563
0.0803,1.0,0.5877852522925112
0.08035,1.0,0.453990499739569
0.0804,1.0,0.30901699437497704
0.08045,1.0,0.15643446504026778
0.0805,1.0,1.5187477251336943e-14
0.08055,1.0,-0.15643446504018166
0.0806,1.0,-0.3090169943749482
0.08065,1.0,-0.4539904997395166
0.0807,1.0,-0.5877852522924407
0.08075,1.0,-0.7071067811865349
0.0808,1.0,-0.8090169943749332
0.08085,1.0,-0.891006524188367
0.0809,1.0,-0.9510565162951423
0.08095,1.0,-0.987688340595131
0.081,1.0,-1.0
0.08105,1.0,-0.9876883405951419
0.0811,1.0,-0.951056516295155
0.08115,1.0,-0.8910065241883857
0.0812,1.0,-0.8090169943749742
0.08125,1.0,-0.707106781186564
0.0813,1.0,-0.587785252292497
0.08135,1.0,-0.4539904997395533
0.0814,1.0,-0.3090169943749603
0.08145,1.0,-0.15643446504027844
0.0815,1.0,-2.596808296765318e-14
0.08155,1.0,0.15643446504019906
0.0816,1.0,0.30901699437496494
0.08165,1.0,0.453990499739507
0.0817,1.0,0.587785252292432
0.08175,1.0,0.7071067811865474
0.0818,1.0,0.8090169943749437
0.08185,1.0,0.8910065241883621
0.0819,1.0,0.9510565162951478
0.08195,1.0,0.9876883405951338
0.082,1.0,1.0
0.08205,1.0,0.9876883405951437
0.0821,1.0,0.9510565162951495
0.08215,1.0,0.8910065241883905
0.0822,1.0,0.8090169943749804
0.08225,1.0,0.7071067811865515
0.0823,1.0,0.5877852522924827
0.08235,1.0,0.4539904997395629
0.0824,1.0,0.30901699437497054
0.08245,1.0,0.156434465040261
0.0825,1.0,3.674868868396942e-14
0.08255,1.0,-0.15643446504018843
0.0826,1.0,-0.3090169943749547
0.08265,1.0,-0.4539904997395481
0.0827,1.0,-0.5877852522924233
0.08275,1.0,-0.7071067811865397
0.0828,1.0,-0.8090169943749373
0.08285,1.0,-0.8910065241883572
0.0829,1.0,-0.9510565162951444
0.08295,1.0,-0.9876883405951321
0.083,1.0,-1.0
0.08305,1.0,-0.9876883405951453
0.0831,1.0,-0.9510565162951704
0.08315,1.0,-0.8910065241883697
0.0832,1.0,-0.8090169943749869
0.08325,1.0,-0.7071067811865591
0.0833,1.0,-0.5877852522924915
0.08335,1.0,-0.4539904997395725
0.0834,1.0,-0.3090169943749808
0.08345,1.0,-0.15643446504027167
0.0835,1.0,9.314124460522356e-15
0.08355,1.0,0.15643446504017777
0.0836,1.0,0.3090169943748904
0.08365,1.0,0.4539904997395385
0.0837,1.0,0.5877852522924605
0.08375,1.0,0.7071067811865321
0.0838,1.0,0.8090169943749309
0.08385,1.0,0.8910065241883524
0.0839,1.0,0.9510565162951411
0.08395,1.0,0.9876883405951304
0.084,1.0,1.0
0.08405,1.0,0.9876883405951381
0.0841,1.0,0.9510565162951737
0.08415,1.0,0.8910065241883746
0.0842,1.0,0.8090169943749598
0.08425,1.0,0.7071067811865668
0.0843,1.0,0.5877852522925001
0.08435,1.0,0.4539904997395821
0.0844,1.0,0.309016994374991
0.08445,1.0,0.15643446504028233
0.0845,1.0,1.466481255793882e-15
0.08455,1.0,-0.15643446504022326
0.0846,1.0,-0.3090169943748801
0.08465,1.0,-0.4539904997395289
0.0847,1.0,-0.5877852522924518
0.08475,1.0,-0.7071067811865245
0.0848,1.0,-0.8090169943749246
0.08485,1.0,-0.8910065241883474
0.0849,1.0,-0.9510565162951553
0.08495,1.0,-0.9876883405951288
0.085,1.0,-1.0
0.08505,1.0,-0.9876883405951398
0.0851,1.0,-0.9510565162951595
0.08515,1.0,-0.8910065241883794
0.0852,1.0,-0.8090169943749661
0.08525,1.0,-0.7071067811865341
0.0853,1.0,-0.5877852522925089
0.08535,1.0,-0.4539904997395917
0.0854,1.0,-0.30901699437494723
0.08545,1.0,-0.1564344650402368
0.0855,1.0,-1.224708697211012e-14
0.08555,1.0,0.15643446504021263
0.0856,1.0,0.3090169943749239
0.08565,1.0,0.4539904997395192
0.0857,1.0,0.587785252292443
0.08575,1.0,0.707106781186557
0.0858,1.0,0.8090169943749183
0.08585,1.0,0.8910065241883425
0.0859,1.0,0.951056516295152
0.08595,1.0,0.987688340595136
0.086,1.0,1.0
0.08605,1.0,0.9876883405951414
0.0861,1.0,0.9510565162951629
0.08615,1.0,0.8910065241883843
0.0862,1.0,0.8090169943749724
0.08625,1.0,0.707106781186582
0.0863,1.0,0.5877852522924716
0.08635,1.0,0.4539904997396013
0.0864,1.0,0.3090169943749575
0.08645,1.0,0.15643446504024747
0.0865,1.0,2.302769268842636e-14
0.08655,1.0,-0.15643446504020198
0.0866,1.0,-0.3090169943749137
0.08665,1.0,-0.4539904997395603
0.0867,1.0,-0.5877852522924344
0.08675,1.0,-0.7071067811865093
0.0868,1.0,-0.8090169943749453
0.08685,1.0,-0.8910065241883376
0.0869,1.0,-0.9510565162951486
0.08695,1.0,-0.9876883405951342
0.087,1.0,-1.0
0.08705,1.0,-0.9876883405951431
0.0871,1.0,-0.9510565162951662
0.08715,1.0,-0.8910065241883635
0.0872,1.0,-0.8090169943749788
0.08725,1.0,-0.7071067811865897
0.0873,1.0,-0.5877852522924804
0.08735,1.0,-0.4539904997395603
0.0874,1.0,-0.3090169943749677
0.08745,1.0,-0.15643446504025812
0.0875,1.0,-3.3808298404742594e-14
0.08755,1.0,0.15643446504019132
0.0876,1.0,0.30901699437490343
0.08765,1.0,0.4539904997395507
0.0877,1.0,0.5877852522924716
0.08775,1.0,0.7071067811865016
0.0878,1.0,0.809016994374939
0.08785,1.0,0.8910065241883586
0.0879,1.0,0.9510565162951453
0.08795,1.0,0.9876883405951326
0.088,1.0,1.0
0.08805,1.0,0.9876883405951449
0.0881,1.0,0.9510565162951695
0.08815,1.0,0.8910065241883683
0.0882,1.0,0.8090169943749517
0.08825,1.0,0.7071067811865972
0.0883,1.0,0.587785252292489
0.08835,1.0,0.4539904997395699
0.0884,1.0,0.309016994374978
0.08845,1.0,0.15643446504026876
0.0885,1.0,4.458890412105883e-14
0.08855,1.0,-0.15643446504023684
0.0886,1.0,-0.30901699437489316
0.08865,1.0,-0.4539904997395411
0.0887,1.0,-0.5877852522924629
0.08875,1.0,-0.7071067811865341
0.0888,1.0,-0.8090169943749327
0.08885,1.0,-0.8910065241883537
0.0889,1.0,-0.9510565162951595
0.08895,1.0,-0.9876883405951309
0.089,1.0,-1.0
0.08905,1.0,-0.9876883405951377
0.0891,1.0,-0.9510565162951553
0.08915,1.0,-0.891006524188399
0.0892,1.0,-0.809016994374958
0.08925,1.0,-0.7071067811865647
0.0893,1.0,-0.5877852522924978
0.08935,1.0,-0.4539904997395795
0.0894,1.0,-0.30901699437498825
0.08945,1.0,-0.1564344650402794
0.0895,1.0,-5.536950983737507e-14
0.08955,1.0,0.15643446504022618
0.0896,1.0,0.309016994374937
0.08965,1.0,0.4539904997394808
0.0897,1.0,0.5877852522924542
0.08975,1.0,0.7071067811865266
0.0898,1.0,0.8090169943749264
0.08985,1.0,0.8910065241883488
0.0899,1.0,0.9510565162951387
0.08995,1.0,0.9876883405951381
0.09,1.0,1.0
0.09005,1.0,0.9876883405951393
0.0901,1.0,0.9510565162951586
0.09015,1.0,0.8910065241883781
0.0902,1.0,0.8090169943749643
0.09025,1.0,0.7071067811865723
0.0903,1.0,0.5877852522924605
0.09035,1.0,0.4539904997395891
0.0904,1.0,0.3090169943749985
0.09045,1.0,0.15643446504023392
0.0905,1.0,6.615011555369131e-14
0.09055,1.0,-0.15643446504021552
0.0906,1.0,-0.30901699437492675
0.09065,1.0,-0.4539904997395219
0.0907,1.0,-0.5877852522924455
0.09075,1.0,-0.7071067811865189
0.0908,1.0,-0.8090169943749534
0.09085,1.0,-0.8910065241883439
0.0909,1.0,-0.9510565162951353
0.09095,1.0,-0.9876883405951364
0.091,1.0,-1.0
0.09105,1.0,-0.987688340595141
0.0911,1.0,-0.951056516295162
0.09115,1.0,-0.891006524188383
0.0912,1.0,-0.8090169943749707
0.09125,1.0,-0.7071067811865799
0.0913,1.0,-0.5877852522924693
0.09135,1.0,-0.4539904997395481
0.0914,1.0,-0.30901699437500874
0.09145,1.0,-0.15643446504024455
0.0915,1.0,-2.0087302409199534e-14
0.09155,1.0,0.1564344650402049
0.0916,1.0,0.3090169943749165
0.09165,1.0,0.4539904997395123
0.0917,1.0,0.5877852522924367
0.09175,1.0,0.7071067811865113
0.0918,1.0,0.8090169943749471
0.09185,1.0,0.8910065241883648
0.0919,1.0,0.951056516295132
0.09195,1.0,0.9876883405951347
0.092,1.0,1.0
0.09205,1.0,0.9876883405951427
0.0921,1.0,0.9510565162951653
0.09215,1.0,0.8910065241883879
0.0922,1.0,0.8090169943749436
0.09225,1.0,0.7071067811865875
0.0923,1.0,0.587785252292524
0.09235,1.0,0.4539904997395577
0.0924,1.0,0.30901699437496494
0.09245,1.0,0.1564344650402552
0.0925,1.0,3.086790812551577e-14
0.09255,1.0,-0.15643446504019423
0.0926,1.0,-0.3090169943749062
0.09265,1.0,-0.4539904997395027
0.0927,1.0,-0.587785252292474
0.09275,1.0,-0.7071067811865439
0.0928,1.0,-0.8090169943749074
0.09285,1.0,-0.8910065241883599
0.0929,1.0,-0.9510565162951462
0.09295,1.0,-0.987688340595133
0.093,1.0,-1.0
0.09305,1.0,-0.9876883405951443
0.0931,1.0,-0.9510565162951686
0.09315,1.0,-0.8910065241883928
0.0932,1.0,-0.80901699437495
0.09325,1.0,-0.707106781186555
0.0933,1.0,-0.5877852522925326
0.09335,1.0,-0.4539904997395673
0.0934,1.0,-0.3090169943749752
0.09345,1.0,-0.15643446504026587
0.0935,1.0,-4.1648513841832013e-14
0.09355,1.0,0.15643446504018357
0.0936,1.0,0.30901699437495006
0.09365,1.0,0.45399049973949307
0.0937,1.0,0.5877852522924653
0.09375,1.0,0.7071067811865362
0.0938,1.0,0.8090169943749345
0.09385,1.0,0.891006524188355
0.0939,1.0,0.9510565162951429
0.09395,1.0,0.9876883405951402
0.094,1.0,1.0
0.09405,1.0,0.9876883405951461
0.0941,1.0,0.9510565162951544
0.09415,1.0,0.8910065241883977
0.0942,1.0,0.8090169943749563
0.09425,1.0,0.7071067811865626
0.0943,1.0,0.5877852522924953
0.09435,1.0,0.4539904997395769
0.0944,1.0,0.3090169943749855
0.09445,1.0,0.15643446504022035
0.0945,1.0,5.242911955814825e-14
0.09455,1.0,-0.15643446504017294
0.0946,1.0,-0.3090169943749398
0.09465,1.0,-0.4539904997395341
0.0947,1.0,-0.5877852522924566
0.09475,1.0,-0.7071067811865286
0.0948,1.0,-0.809016994374928
0.09485,1.0,-0.8910065241883501
0.0949,1.0,-0.9510565162951395
0.09495,1.0,-0.9876883405951385
0.095,1.0,-1.0
0.09505,1.0,-0.9876883405951478
0.0951,1.0,-0.9510565162951578
0.09515,1.0,-0.8910065241883768
0.0952,1.0,-0.8090169943749627
0.09525,1.0,-0.7071067811865702
0.0953,1.0,-0.5877852522925041
0.09535,1.0,-0.4539904997395865
0.0954,1.0,-0.3090169943749957
0.09545,1.0,-0.15643446504028716
0.0955,1.0,-6.366306413656472e-15
0.09555,1.0,0.15643446504016228
0.0956,1.0,0.3090169943749295
0.09565,1.0,0.4539904997395245
0.0957,1.0,0.5877852522924478
0.09575,1.0,0.707106781186521
0.0958,1.0,0.8090169943749217
0.09585,1.0,0.891006524188371
0.0959,1.0,0.9510565162951362
0.09595,1.0,0.987688340595128
0.096,1.0,1.0
0.09605,1.0,0.9876883405951405
0.0961,1.0,0.9510565162951611
0.09615,1.0,0.8910065241883817
0.0962,1.0,0.809016994374969
0.09625,1.0,0.7071067811865778
0.0963,1.0,0.5877852522925129
0.09635,1.0,0.4539904997395454
0.0964,1.0,0.3090169943749519
0.09645,1.0,0.1564344650402978
0.0965,1.0,1.714691212997271e-14
0.09655,1.0,-0.15643446504020778
0.0966,1.0,-0.30901699437491925
0.09665,1.0,-0.4539904997395149
0.0967,1.0,-0.5877852522924392
0.09675,1.0,-0.7071067811865134
0.0968,1.0,-0.8090169943749154
0.09685,1.0,-0.8910065241883661
0.0969,1.0,-0.9510565162951504
0.09695,1.0,-0.9876883405951263
0.097,1.0,-1.0
0.09705,1.0,-0.9876883405951422
0.0971,1.0,-0.9510565162951644
0.09715,1.0,-0.8910065241883866
0.0972,1.0,-0.8090169943749753
0.09725,1.0,-0.7071067811865452
0.0973,1.0,-0.5877852522925215
0.09735,1.0,-0.453990499739555
0.0974,1.0,-0.30901699437496216
0.09745,1.0,-0.1564344650402523
0.0975,1.0,-2.7927517846288947e-14
0.09755,1.0,0.15643446504019715
0.0976,1.0,0.3090169943749631
0.09765,1.0,0.4539904997395053
0.0977,1.0,0.5877852522924304
0.09775,1.0,0.707106781186546
0.0978,1.0,0.809016994374909
0.09785,1.0,0.8910065241883612
0.0979,1.0,0.9510565162951471
0.09795,1.0,0.9876883405951334
0.098,1.0,1.0
0.09805,1.0,0.9876883405951439
0.0981,1.0,0.9510565162951502
0.09815,1.0,0.8910065241883914
0.0982,1.0,0.8090169943749816
0.09825,1.0,0.7071067811865529
0.0983,1.0,0.5877852522924844
0.09835,1.0,0.4539904997395646
0.0984,1.0,0.3090169943749724
0.09845,1.0,0.15643446504026295
0.0985,1.0,3.870812356260519e-14
0.09855,1.0,-0.1564344650401865
0.0986,1.0,-0.30901699437489877
0.09865,1.0,-0.4539904997395463
0.0987,1.0,-0.5877852522924216
0.09875,1.0,-0.7071067811865384
0.0988,1.0,-0.8090169943749361
0.09885,1.0,-0.8910065241883564
0.0989,1.0,-0.9510565162951438
0.09895,1.0,-0.9876883405951318
0.099,1.0,-1.0
0.09905,1.0,-0.9876883405951457
0.0991,1.0,-0.9510565162951711
0.09915,1.0,-0.8910065241883706
0.0992,1.0,-0.809016994374988
0.09925,1.0,-0.7071067811865606
0.0993,1.0,-0.587785252292493
0.09935,1.0,-0.4539904997395742
0.0994,1.0,-0.30901699437498265
0.09945,1.0,-0.1564344650402736
0.0995,1.0,7.35468958188659e-15
0.09955,1.0,0.15643446504017583
0.0996,1.0,0.3090169943748885
0.09965,1.0,0.4539904997395367
0.0997,1.0,0.5877852522924589
0.09975,1.0,0.7071067811865307
0.0998,1.0,0.8090169943749298
0.09985,1.0,0.8910065241883515
0.0999,1.0,0.9510565162951404
0.09995,1.0,0.9876883405951301
0.1,1.0,1.0
0.10005,1.0,0.9876883405951384
0.1001,1.0,0.9510565162951744
0.10015,1.0,0.8910065241883754
0.1002,1.0,0.8090169943749609
0.10025,1.0,0.7071067811865681
0.1003,1.0,0.5877852522925018
0.10035,1.0,0.45399049973958383
0.1004,1.0,0.3090169943749929
0.10045,1.0,0.15643446504028424
0.1005,1.0,3.425916134429647e-15
0.10055,1.0,-0.15643446504022135
0.1006,1.0,-0.3090169943748783
0.10065,1.0,-0.4539904997395271
0.1007,1.0,-0.5877852522924503
0.10075,1.0,-0.7071067811865231
0.1008,1.0,-0.8090169943749235
0.10085,1.0,-0.8910065241883465
0.1009,1.0,-0.9510565162951546
0.10095,1.0,-0.9876883405951284
0.101,1.0,-1.0
0.10105,1.0,-0.9876883405951401
0.1011,1.0,-0.9510565162951602
0.10115,1.0,-0.8910065241883803
0.1012,1.0,-0.8090169943749672
0.10125,1.0,-0.7071067811865758
0.1013,1.0,-0.5877852522925104
0.10135,1.0,-0.4539904997395935
0.1014,1.0,-0.3090169943749491
0.10145,1.0,-0.1564344650402949
0.1015,1.0,-1.4206521850745885e-14
0.10155,1.0,0.1564344650402107
0.1016,1.0,0.3090169943749221
0.10165,1.0,0.4539904997395175
0.1017,1.0,0.5877852522924415
0.10175,1.0,0.7071067811865155
0.1018,1.0,0.8090169943749171
0.10185,1.0,0.8910065241883416
0.1019,1.0,0.9510565162951513
0.10195,1.0,0.9876883405951357
0.102,1.0,1.0
0.10205,1.0,0.9876883405951418
0.1021,1.0,0.9510565162951635
0.10215,1.0,0.8910065241883852
0.1022,1.0,0.8090169943749735
0.10225,1.0,0.7071067811865834
0.1023,1.0,0.5877852522924732
0.10235,1.0,0.4539904997396031
0.1024,1.0,0.30901699437495933
0.10245,1.0,0.1564344650402494
0.1025,1.0,2.4987127567062125e-14
0.10255,1.0,-0.15643446504020003
0.1026,1.0,-0.3090169943749118
0.10265,1.0,-0.4539904997395079
0.1027,1.0,-0.5877852522924327
0.10275,1.0,-0.7071067811865078
0.1028,1.0,-0.8090169943749442
0.10285,1.0,-0.8910065241883367
0.1029,1.0,-0.951056516295148
0.10295,1.0,-0.987688340595134
0.103,1.0,-1.0
0.10305,1.0,-0.9876883405951434
0.1031,1.0,-0.9510565162951669
0.10315,1.0,-0.8910065241883643
0.1032,1.0,-0.8090169943749799
0.10325,1.0,-0.707106781186591
0.1033,1.0,-0.5877852522924819
0.10335,1.0,-0.453990499739562
0.1034,1.0,-0.3090169943749696
0.10345,1.0,-0.15643446504026004
0.1035,1.0,-3.576773328337836e-14
0.10355,1.0,0.1564344650401894
0.1036,1.0,0.30901699437490154
0.10365,1.0,0.4539904997395489
0.1037,1.0,0.58778525229247
0.10375,1.0,0.7071067811865003
0.1038,1.0,0.8090169943749379
0.10385,1.0,0.8910065241883577
0.1039,1.0,0.9510565162951446
0.10395,1.0,0.9876883405951322
0.104,1.0,1.0
0.10405,1.0,0.9876883405951451
0.1041,1.0,0.9510565162951702
0.10415,1.0,0.8910065241883692
0.1042,1.0,0.8090169943749528
0.10425,1.0,0.7071067811865986
0.1043,1.0,0.5877852522924907
0.10435,1.0,0.4539904997395716
0.1044,1.0,0.30901699437497987
0.10445,1.0,0.1564344650402707
0.1045,1.0,4.65483389996946e-14
0.10455,1.0,-0.1564344650402349
0.1046,1.0,-0.30901699437489133
0.10465,1.0,-0.4539904997395393
0.1047,1.0,-0.5877852522924614
0.10475,1.0,-0.7071067811865328
0.1048,1.0,-0.8090169943749315
0.10485,1.0,-0.8910065241883528
0.1049,1.0,-0.9510565162951413
0.10495,1.0,-0.9876883405951306
0.105,1.0,-1.0
0.10505,1.0,-0.9876883405951379
0.1051,1.0,-0.9510565162951735
0.10515,1.0,-0.8910065241883999
0.1052,1.0,-0.8090169943749592
0.10525,1.0,-0.7071067811865661
0.1053,1.0,-0.5877852522924993
0.10535,1.0,-0.4539904997395812
0.1054,1.0,-0.3090169943749901
0.10545,1.0,-0.15643446504028136
0.1055,1.0,-5.732894471601083e-14
0.10555,1.0,0.15643446504022424
0.1056,1.0,0.30901699437493513
0.10565,1.0,0.4539904997394791
0.1057,1.0,0.5877852522924526
0.10575,1.0,0.7071067811865251
0.1058,1.0,0.8090169943749252
0.10585,1.0,0.8910065241883479
0.1059,1.0,0.951056516295138
0.10595,1.0,0.9876883405951378
0.106,1.0,1.0
0.10605,1.0,0.9876883405951397
0.1061,1.0,0.9510565162951592
0.10615,1.0,0.891006524188379
0.1062,1.0,0.8090169943749655
0.10625,1.0,0.7071067811865737
0.1063,1.0,0.5877852522925081
0.10635,1.0,0.4539904997395908
0.1064,1.0,0.30901699437500035
0.10645,1.0,0.15643446504023584
0.1065,1.0,6.810955043232707e-14
0.10655,1.0,-0.1564344650402136
0.1066,1.0,-0.30901699437492486
0.10665,1.0,-0.4539904997395201
0.1067,1.0,-0.5877852522924438
0.10675,1.0,-0.7071067811865176
0.1068,1.0,-0.8090169943749522
0.10685,1.0,-0.891006524188343
0.1069,1.0,-0.9510565162951347
0.10695,1.0,-0.9876883405951361
0.107,1.0,-1.0
0.10705,1.0,-0.9876883405951413
0.1071,1.0,-0.9510565162951625
0.10715,1.0,-0.8910065241883839
0.1072,1.0,-0.8090169943749719
0.10725,1.0,-0.7071067811865813
0.1073,1.0,-0.5877852522924708
0.10735,1.0,-0.4539904997395498
0.1074,1.0,-0.3090169943750106
0.10745,1.0,-0.1564344650402465
0.1075,1.0,-2.20467372878353e-14
0.10755,1.0,0.15643446504020295
0.1076,1.0,0.30901699437491464
0.10765,1.0,0.4539904997395105
0.1077,1.0,0.5877852522924352
0.10775,1.0,0.7071067811865099
0.1078,1.0,0.8090169943749459
0.10785,1.0,0.8910065241883639
0.1079,1.0,0.9510565162951313
0.10795,1.0,0.9876883405951344
0.108,1.0,1.0
0.10805,1.0,0.987688340595143
0.1081,1.0,0.9510565162951659
0.10815,1.0,0.8910065241883888
0.1082,1.0,0.8090169943749448
0.10825,1.0,0.707106781186589
0.1083,1.0,0.5877852522925255
0.10835,1.0,0.4539904997395594
0.1084,1.0,0.3090169943749668
0.10845,1.0,0.15643446504025715
0.1085,1.0,3.282734300415154e-14
0.10855,1.0,-0.1564344650401923
0.1086,1.0,-0.3090169943749044
0.10865,1.0,-0.4539904997395009
0.1087,1.0,-0.5877852522924725
0.10875,1.0,-0.7071067811865023
0.1088,1.0,-0.8090169943749062
0.10885,1.0,-0.891006524188359
0.1089,1.0,-0.9510565162951456
0.10895,1.0,-0.9876883405951328
0.109,1.0,-1.0
0.10905,1.0,-0.9876883405951447
0.1091,1.0,-0.9510565162951692
0.10915,1.0,-0.8910065241883937
0.1092,1.0,-0.8090169943749511
0.10925,1.0,-0.7071067811865563
0.1093,1.0,-0.5877852522925342
0.10935,1.0,-0.453990499739569
0.1094,1.0,-0.30901699437497704
0.10945,1.0,-0.15643446504026778
0.1095,1.0,-4.3607948720467776e-14
0.10955,1.0,0.15643446504018166
0.1096,1.0,0.3090169943749482
0.10965,1.0,0.4539904997394913
0.1097,1.0,0.5877852522924637
0.10975,1.0,0.7071067811865349
0.1098,1.0,0.8090169943749332
0.10985,1.0,0.8910065241883541
0.1099,1.0,0.9510565162951423
0.10995,1.0,0.987688340595131
0.11,1.0,1.0
0.11005,1.0,0.9876883405951463
0.1101,1.0,0.951056516295155
0.11015,1.0,0.8910065241883985
0.1102,1.0,0.8090169943749574
0.11025,1.0,0.707106781186564
0.1103,1.0,0.587785252292497
0.11035,1.0,0.4539904997395786
0.1104,1.0,0.3090169943749873
0.11045,1.0,0.1564344650402223
0.1105,1.0,5.4388554436784013e-14
0.11055,1.0,-0.156434465040171
0.1106,1.0,-0.3090169943749379
0.11065,1.0,-0.4539904997395323
0.1107,1.0,-0.5877852522924549
0.11075,1.0,-0.7071067811865273
0.1108,1.0,-0.8090169943749269
0.11085,1.0,-0.8910065241883492
0.1109,1.0,-0.951056516295139
0.11095,1.0,-0.9876883405951293
0.111,1.0,-1.0
0.11105,1.0,-0.9876883405951481
0.1111,1.0,-0.9510565162951583
0.11115,1.0,-0.8910065241883777
0.1112,1.0,-0.8090169943749972
0.11125,1.0,-0.7071067811865717
0.1113,1.0,-0.5877852522925057
0.11135,1.0,-0.4539904997395882
0.1114,1.0,-0.3090169943749976
0.11145,1.0,-0.1564344650402891
0.1115,1.0,-8.325741292292237e-15
0.11155,1.0,0.15643446504016034
0.1116,1.0,0.3090169943749277
0.11165,1.0,0.4539904997395227
0.1117,1.0,0.5877852522924463
0.11175,1.0,0.7071067811865196
0.1118,1.0,0.8090169943749206
0.11185,1.0,0.8910065241883701
0.1119,1.0,0.9510565162951357
0.11195,1.0,0.9876883405951277
0.112,1.0,1.0
0.11205,1.0,0.9876883405951409
0.1121,1.0,0.9510565162951616
0.11215,1.0,0.8910065241883826
0.1122,1.0,0.8090169943749701
0.11225,1.0,0.7071067811865792
0.1123,1.0,0.5877852522925144
0.11235,1.0,0.4539904997395472
0.1124,1.0,0.30901699437500785
0.11245,1.0,0.15643446504029973
0.1125,1.0,1.9106347008608474e-14
0.11255,1.0,-0.15643446504020586
0.1126,1.0,-0.3090169943749174
0.11265,1.0,-0.4539904997395131
0.1127,1.0,-0.5877852522924375
0.11275,1.0,-0.707106781186512
0.1128,1.0,-0.8090169943749143
0.11285,1.0,-0.8910065241883652
0.1129,1.0,-0.9510565162951499
0.11295,1.0,-0.987688340595126
0.113,1.0,-1.0
0.11305,1.0,-0.9876883405951425
0.1131,1.0,-0.951056516295165
0.11315,1.0,-0.8910065241883874
0.1132,1.0,-0.8090169943749764
0.11325,1.0,-0.7071067811865467
0.1133,1.0,-0.5877852522925231
0.11335,1.0,-0.4539904997395568
0.1134,1.0,-0.309016994374964
0.11345,1.0,-0.15643446504025424
0.1135,1.0,-2.988695272492471e-14
0.11355,1.0,0.1564344650401952
0.1136,1.0,0.30901699437490715
0.11365,1.0,0.4539904997395035
0.1137,1.0,0.5877852522924288
0.11375,1.0,0.7071067811865446
0.1138,1.0,0.8090169943749079
0.11385,1.0,0.8910065241883603
0.1139,1.0,0.9510565162951465
0.11395,1.0,0.9876883405951332
0.114,1.0,1.0
0.11405,1.0,0.9876883405951442
0.1141,1.0,0.9510565162951683
0.11415,1.0,0.8910065241883923
0.1142,1.0,0.8090169943749828
0.11425,1.0,0.7071067811865543
0.1143,1.0,0.5877852522924859
0.11435,1.0,0.453990499739617
0.1144,1.0,0.30901699437497426
0.11445,1.0,0.1564344650402649
0.1145,1.0,4.066755844124095e-14
0.11455,1.0,-0.15643446504018454
0.1146,1.0,-0.30901699437489694
0.11465,1.0,-0.4539904997395446
0.1147,1.0,-0.5877852522924201
0.11475,1.0,-0.7071067811865369
0.1148,1.0,-0.809016994374935
0.11485,1.0,-0.8910065241883296
0.1149,1.0,-0.9510565162951432
0.11495,1.0,-0.9876883405951314
0.115,1.0,-1.0
0.11505,1.0,-0.9876883405951459
0.1151,1.0,-0.9510565162951716
0.11515,1.0,-0.8910065241883715
0.1152,1.0,-0.8090169943749891
0.11525,1.0,-0.7071067811865619
0.1153,1.0,-0.5877852522924946
0.11535,1.0,-0.453990499739576
0.1154,1.0,-0.30901699437498453
0.11545,1.0,-0.15643446504027553
0.1155,1.0,5.395254703250826e-15
0.11555,1.0,0.15643446504017391
0.1156,1.0,0.30901699437488667
0.11565,1.0,0.453990499739535
0.1157,1.0,0.5877852522924574
0.11575,1.0,0.7071067811865294
0.1158,1.0,0.8090169943749287
0.11585,1.0,0.8910065241883506
0.1159,1.0,0.9510565162951399
0.11595,1.0,0.9876883405951298
0.116,1.0,1.0
0.11605,1.0,0.9876883405951475
0.1161,1.0,0.951056516295175
0.11615,1.0,0.8910065241883763
0.1162,1.0,0.8090169943749621
0.11625,1.0,0.7071067811865696
0.1163,1.0,0.5877852522925033
0.11635,1.0,0.4539904997395856
0.1164,1.0,0.30901699437499475
0.11645,1.0,0.15643446504028619
0.1165,1.0,5.385351013065412e-15
0.11655,1.0,-0.1564344650402194
0.1166,1.0,-0.3090169943748764
0.11665,1.0,-0.4539904997395254
0.1167,1.0,-0.5877852522924486
0.11675,1.0,-0.7071067811865217
0.1168,1.0,-0.8090169943749224
0.11685,1.0,-0.8910065241883456
0.1169,1.0,-0.9510565162951541
0.11695,1.0,-0.9876883405951281
0.117,1.0,-1.0
0.11705,1.0,-0.9876883405951404
0.1171,1.0,-0.9510565162951607
0.11715,1.0,-0.8910065241883812
0.1172,1.0,-0.8090169943749683
0.11725,1.0,-0.7071067811865771
0.1173,1.0,-0.5877852522925121
0.11735,1.0,-0.4539904997395952
0.1174,1.0,-0.30901699437495095
0.11745,1.0,-0.15643446504029684
0.1175,1.0,-7.300937559018967e-14
0.11755,1.0,0.15643446504020875
0.1176,1.0,0.3090169943749202
0.11765,1.0,0.4539904997395158
0.1177,1.0,0.5877852522924399
0.11775,1.0,0.707106781186514
0.1178,1.0,0.8090169943749159
0.11785,1.0,0.8910065241883407
0.1179,1.0,0.9510565162951508
0.11795,1.0,0.9876883405951353
0.118,1.0,1.0
0.11805,1.0,0.9876883405951421
0.1181,1.0,0.9510565162951641
0.11815,1.0,0.8910065241883861
0.1182,1.0,0.8090169943749748
0.11825,1.0,0.7071067811865848
0.1183,1.0,0.5877852522925208
0.11835,1.0,0.4539904997396048
0.1184,1.0,0.3090169943749612
0.11845,1.0,0.15643446504025132
0.1185,1.0,8.378998130650591e-14
0.11855,1.0,-0.15643446504019812
0.1186,1.0,-0.30901699437491
0.11865,1.0,-0.45399049973950617
0.1187,1.0,-0.5877852522924312
0.11875,1.0,-0.7071067811865065
0.1188,1.0,-0.809016994374943
0.11885,1.0,-0.8910065241883358
0.1189,1.0,-0.9510565162951474
0.11895,1.0,-0.9876883405951337
0.119,1.0,-1.0
0.11905,1.0,-0.9876883405951438
0.1191,1.0,-0.9510565162951674
0.11915,1.0,-0.8910065241883652
0.1192,1.0,-0.8090169943749811
0.11925,1.0,-0.7071067811865924
0.1193,1.0,-0.5877852522924835
0.11935,1.0,-0.4539904997395638
0.1194,1.0,-0.3090169943749715
0.11945,1.0,-0.15643446504026198
0.1195,1.0,-3.7727168162014125e-14
0.11955,1.0,0.15643446504018746
0.1196,1.0,0.3090169943748997
0.11965,1.0,0.4539904997395472
0.1197,1.0,0.5877852522924225
0.11975,1.0,0.7071067811864988
0.1198,1.0,0.8090169943749367
0.11985,1.0,0.8910065241883568
0.1199,1.0,0.9510565162951441
0.11995,1.0,0.987688340595132
0.12,1.0,1.0
0.12005,1.0,0.9876883405951454
0.1201,1.0,0.9510565162951707
0.12015,1.0,0.8910065241883701
0.1202,1.0,0.809016994374954
0.12025,1.0,0.7071067811866
0.1203,1.0,0.5877852522924922
0.12035,1.0,0.4539904997395734
0.1204,1.0,0.3090169943749817
0.12045,1.0,0.15643446504027264
0.1205,1.0,4.850777387833036e-14
0.12055,1.0,-0.15643446504023295
0.1206,1.0,-0.30901699437488944
0.12065,1.0,-0.4539904997394869
0.1207,1.0,-0.5877852522924597
0.12075,1.0,-0.7071067811865314
0.1208,1.0,-0.8090169943749304
0.12085,1.0,-0.8910065241883519
0.1209,1.0,-0.9510565162951408
0.12095,1.0,-0.9876883405951302
0.121,1.0,-1.0
0.12105,1.0,-0.9876883405951382
0.1211,1.0,-0.9510565162951741
0.12115,1.0,-0.8910065241884008
0.1212,1.0,-0.8090169943749603
0.12125,1.0,-0.7071067811865674
0.1213,1.0,-0.587785252292501
0.12135,1.0,-0.453990499739583
0.1214,1.0,-0.30901699437499197
0.12145,1.0,-0.15643446504028327
0.1215,1.0,-5.928837959464661e-14
0.12155,1.0,0.15643446504022232
0.1216,1.0,0.30901699437493324
0.12165,1.0,0.4539904997394773
0.1217,1.0,0.587785252292451
0.12175,1.0,0.7071067811865238
0.1218,1.0,0.809016994374924
0.12185,1.0,0.8910065241883469
0.1219,1.0,0.9510565162951374
0.12195,1.0,0.9876883405951286
0.122,1.0,1.0
0.12205,1.0,0.9876883405951399
0.1221,1.0,0.9510565162951599
0.12215,1.0,0.8910065241884056
0.1222,1.0,0.8090169943749667
0.12225,1.0,0.707106781186575
0.1223,1.0,0.5877852522925097
0.12235,1.0,0.4539904997395926
0.1224,1.0,0.30901699437500224
0.12245,1.0,0.15643446504023778
0.1225,1.0,7.006898531096285e-14
0.12255,1.0,-0.15643446504021166
0.1226,1.0,-0.309016994374923
0.12265,1.0,-0.4539904997395184
0.1227,1.0,-0.5877852522924423
0.12275,1.0,-0.7071067811865162
0.1228,1.0,-0.8090169943749511
0.12285,1.0,-0.891006524188342
0.1229,1.0,-0.9510565162951341
0.12295,1.0,-0.9876883405951358
0.123,1.0,-1.0
0.12305,1.0,-0.9876883405951417
0.1231,1.0,-0.9510565162951632
0.12315,1.0,-0.8910065241883848
0.1232,1.0,-0.809016994374973
0.12325,1.0,-0.7071067811865827
0.1233,1.0,-0.5877852522924724
0.12335,1.0,-0.4539904997396022
0.1234,1.0,-0.30901699437501245
0.12345,1.0,-0.15643446504024844
0.1235,1.0,-2.4006172166471065e-14
0.12355,1.0,0.15643446504014485
0.1236,1.0,0.30901699437491276
0.12365,1.0,0.4539904997395088
0.1237,1.0,0.5877852522924336
0.12375,1.0,0.7071067811865086
0.1238,1.0,0.8090169943749114
0.12385,1.0,0.891006524188363
0.1239,1.0,0.9510565162951308
0.12395,1.0,0.9876883405951341
0.124,1.0,1.0
0.12405,1.0,0.9876883405951433
0.1241,1.0,0.9510565162951665
0.12415,1.0,0.8910065241883897
0.1242,1.0,0.8090169943749459
0.12425,1.0,0.7071067811865903
0.1243,1.0,0.5877852522925271
0.12435,1.0,0.4539904997395611
0.1244,1.0,0.30901699437496866
0.12445,1.0,0.15643446504025907
0.1245,1.0,3.47867778827873e-14
0.12455,1.0,-0.15643446504019037
0.1246,1.0,-0.3090169943749025
0.12465,1.0,-0.4539904997394992
0.1247,1.0,-0.5877852522924708
0.12475,1.0,-0.7071067811865009
0.1248,1.0,-0.809016994374905
0.12485,1.0,-0.8910065241883581
0.1249,1.0,-0.951056516295145
0.12495,1.0,-0.9876883405951324
0.125,1.0,-1.0
0.12505,1.0,-0.987688340595145
0.1251,1.0,-0.9510565162951699
0.12515,1.0,-0.8910065241883688
0.1252,1.0,-0.8090169943749522
0.12525,1.0,-0.7071067811865578
0.1253,1.0,-0.5877852522925359
0.12535,1.0,-0.4539904997396214
0.1254,1.0,-0.30901699437492486
0.12545,1.0,-0.15643446504026973
0.1255,1.0,-4.556738359910354e-14
0.12555,1.0,0.15643446504017972
0.1256,1.0,0.3090169943748923
0.12565,1.0,0.4539904997395402
0.1257,1.0,0.5877852522924621
0.12575,1.0,0.7071067811865335
0.1258,1.0,0.8090169943748987
0.12585,1.0,0.8910065241883274
0.1259,1.0,0.9510565162951592
0.12595,1.0,0.9876883405951308
0.126,1.0,1.0
0.12605,1.0,0.9876883405951467
0.1261,1.0,0.9510565162951732
0.12615,1.0,0.8910065241883737
0.1262,1.0,0.8090169943749586
0.12625,1.0,0.7071067811865653
0.1263,1.0,0.5877852522924986
0.12635,1.0,0.453990499739631
0.1264,1.0,0.30901699437493513
0.12645,1.0,0.15643446504022424
0.1265,1.0,5.6347989315419776e-14
0.12655,1.0,-0.15643446504016906
0.1266,1.0,-0.309016994374882
0.12665,1.0,-0.4539904997395306
0.1267,1.0,-0.5877852522924534
0.12675,1.0,-0.7071067811865259
0.1268,1.0,-0.8090169943749258
0.12685,1.0,-0.8910065241883484
0.1269,1.0,-0.9510565162951559
0.12695,1.0,-0.9876883405951379
0.127,1.0,-1.0
0.12705,1.0,-0.9876883405951483
0.1271,1.0,-0.9510565162951765
0.12715,1.0,-0.8910065241883786
0.1272,1.0,-0.8090169943749649
0.12725,1.0,-0.707106781186573
0.1273,1.0,-0.5877852522925073
0.12735,1.0,-0.45399049973959
0.1274,1.0,-0.30901699437494534
0.12745,1.0,-0.1564344650402349
0.1275,1.0,-1.0285176170928002e-14
0.12755,1.0,0.15643446504015843
0.1276,1.0,0.30901699437487173
0.12765,1.0,0.4539904997395716
0.1277,1.0,0.5877852522924447
0.12775,1.0,0.7071067811865183
0.1278,1.0,0.8090169943749195
0.12785,1.0,0.8910065241883435
0.1279,1.0,0.9510565162951525
0.12795,1.0,0.9876883405951362
0.128,1.0,1.0
0.12805,1.0,0.9876883405951411
0.1281,1.0,0.9510565162951798
0.12815,1.0,0.8910065241884093
0.1282,1.0,0.8090169943749713
0.12825,1.0,0.7071067811865805
0.1283,1.0,0.587785252292516
0.12835,1.0,0.4539904997395996
0.1284,1.0,0.3090169943750097
0.12845,1.0,0.15643446504024552
0.1285,1.0,2.106578188724424e-14
0.12855,1.0,-0.15643446504020392
0.1286,1.0,-0.30901699437486146
0.12865,1.0,-0.45399049973946076
0.1287,1.0,-0.5877852522924819
0.12875,1.0,-0.7071067811865106
0.1288,1.0,-0.8090169943749131
0.12885,1.0,-0.8910065241883385
0.1289,1.0,-0.9510565162951317
0.12895,1.0,-0.9876883405951346
0.129,1.0,-1.0
0.12905,1.0,-0.9876883405951429
0.1291,1.0,-0.9510565162951656
0.12915,1.0,-0.8910065241884142
0.1292,1.0,-0.8090169943749442
0.12925,1.0,-0.7071067811865882
0.1293,1.0,-0.5877852522925248
0.12935,1.0,-0.4539904997396092
0.1294,1.0,-0.30901699437501995
0.12945,1.0,-0.15643446504025618
0.1295,1.0,-3.1846387603560475e-14
0.12955,1.0,0.15643446504019326
0.1296,1.0,0.3090169943749053
0.12965,1.0,0.45399049973945116
0.1297,1.0,0.5877852522924732
0.12975,1.0,0.7071067811865432
0.1298,1.0,0.8090169943749067
0.12985,1.0,0.8910065241883336
0.1299,1.0,0.9510565162951283
0.12995,1.0,0.9876883405951329
0.13,1.0,1.0
0.13005,1.0,0.9876883405951445
0.1301,1.0,0.951056516295169
0.13015,1.0,0.8910065241883932
0.1302,1.0,0.8090169943749506
0.13025,1.0,0.7071067811865557
0.1303,1.0,0.5877852522924875
0.13035,1.0,0.4539904997396188
0.1304,1.0,0.30901699437503016
0.13045,1.0,0.1564344650402668
0.1305,1.0,4.262699331987672e-14
0.13055,1.0,-0.15643446504018263
0.1306,1.0,-0.30901699437489505
0.13065,1.0,-0.4539904997394922
0.1307,1.0,-0.5877852522924645
0.13075,1.0,-0.7071067811865356
0.1308,1.0,-0.8090169943749338
0.13085,1.0,-0.8910065241883287
0.1309,1.0,-0.951056516295125
0.13095,1.0,-0.9876883405951401
0.131,1.0,-1.0
0.13105,1.0,-0.9876883405951462
0.1311,1.0,-0.9510565162951723
0.13115,1.0,-0.8910065241883981
0.1312,1.0,-0.8090169943749569
0.13125,1.0,-0.7071067811865632
0.1313,1.0,-0.5877852522924962
0.13135,1.0,-0.4539904997395777
0.1314,1.0,-0.30901699437504043
0.13145,1.0,-0.15643446504022132
0.1315,1.0,3.4358198246150606e-15
0.13155,1.0,0.15643446504017197
0.1316,1.0,0.3090169943748848
0.13165,1.0,0.4539904997394826
0.1317,1.0,0.5877852522924558
0.13175,1.0,0.7071067811865279
0.1318,1.0,0.8090169943749275
0.13185,1.0,0.8910065241883497
0.1319,1.0,0.9510565162951217
0.13195,1.0,0.9876883405951384
0.132,1.0,1.0
0.13205,1.0,0.9876883405951479
0.1321,1.0,0.9510565162951756
0.13215,1.0,0.891006524188403
0.1322,1.0,0.8090169943749632
0.13225,1.0,0.7071067811865709
0.1323,1.0,0.5877852522925049
0.13235,1.0,0.4539904997395873
0.1324,1.0,0.30901699437499663
0.13245,1.0,0.15643446504023198
0.1325,1.0,7.344785891701177e-15
0.13255,1.0,-0.15643446504021746
0.1326,1.0,-0.30901699437487457
0.13265,1.0,-0.453990499739473
0.1327,1.0,-0.587785252292493
0.13275,1.0,-0.7071067811865204
0.1328,1.0,-0.8090169943749211
0.13285,1.0,-0.8910065241883447
0.1329,1.0,-0.9510565162951359
0.13295,1.0,-0.9876883405951367
0.133,1.0,-1.0
0.13305,1.0,-0.9876883405951407
0.1331,1.0,-0.951056516295179
0.13315,1.0,-0.891006524188408
0.1332,1.0,-0.8090169943749361
0.13325,1.0,-0.7071067811865785
0.1333,1.0,-0.5877852522925137
0.13335,1.0,-0.45399049973959693
0.1334,1.0,-0.3090169943750069
0.13345,1.0,-0.15643446504024264
0.1335,1.0,-1.8125391608017415e-14
0.13355,1.0,0.15643446504020683
0.1336,1.0,0.30901699437491836
0.13365,1.0,0.45399049973946337
0.1337,1.0,0.5877852522924844
0.13375,1.0,0.7071067811865529
0.1338,1.0,0.8090169943749148
0.13385,1.0,0.8910065241883398
0.1339,1.0,0.9510565162951325
0.13395,1.0,0.987688340595135
0.134,1.0,1.0
0.13405,1.0,0.9876883405951423
0.1341,1.0,0.9510565162951646
0.13415,1.0,0.891006524188387
0.1342,1.0,0.8090169943749425
0.13425,1.0,0.7071067811865459
0.1343,1.0,0.5877852522925223
0.13435,1.0,0.45399049973960653
0.1344,1.0,0.3090169943750171
0.13445,1.0,0.15643446504030942
0.1345,1.0,2.8905997324333656e-14
0.13455,1.0,-0.15643446504019617
0.1346,1.0,-0.3090169943749081
0.13465,1.0,-0.4539904997395044
0.1347,1.0,-0.5877852522923837
0.13475,1.0,-0.7071067811865454
0.1348,1.0,-0.8090169943749419
0.13485,1.0,-0.8910065241883349
0.1349,1.0,-0.9510565162951292
0.13495,1.0,-0.9876883405951244
0.135,1.0,-1.0
0.13505,1.0,-0.9876883405951441
0.1351,1.0,-0.951056516295168
0.13515,1.0,-0.8910065241883919
0.1352,1.0,-0.8090169943749822
0.13525,1.0,-0.7071067811865536
0.1353,1.0,-0.5877852522924851
0.13535,1.0,-0.45399049973961614
0.1354,1.0,-0.3090169943750274
0.13545,1.0,-0.15643446504032008
0.1355,1.0,-3.9686603040649894e-14
0.13555,1.0,0.15643446504018552
0.1356,1.0,0.3090169943748978
0.13565,1.0,0.4539904997394948
0.1357,1.0,0.5877852522924208
0.13575,1.0,0.7071067811865377
0.1358,1.0,0.8090169943749356
0.13585,1.0,0.8910065241883559
0.1359,1.0,0.9510565162951259
0.13595,1.0,0.9876883405951228
0.136,1.0,1.0
0.13605,1.0,0.9876883405951458
0.1361,1.0,0.9510565162951713
0.13615,1.0,0.8910065241883968
0.1362,1.0,0.8090169943749885
0.13625,1.0,0.7071067811865612
0.1363,1.0,0.5877852522924938
0.13635,1.0,0.4539904997395751
0.1364,1.0,0.3090169943749836
0.13645,1.0,0.1564344650403307
0.1365,1.0,-6.3762101038418854e-15
0.13655,1.0,-0.15643446504017489
0.1366,1.0,-0.3090169943748876
0.13665,1.0,-0.4539904997394852
0.1367,1.0,-0.5877852522924122
0.13675,1.0,-0.70710678118653
0.1368,1.0,-0.8090169943749292
0.13685,1.0,-0.891006524188351
0.1369,1.0,-0.9510565162951402
0.13695,1.0,-0.9876883405951211
0.137,1.0,-1.0
0.13705,1.0,-0.9876883405951385
0.1371,1.0,-0.9510565162951746
0.13715,1.0,-0.8910065241884016
0.1372,1.0,-0.8090169943749949
0.13725,1.0,-0.7071067811865689
0.1373,1.0,-0.5877852522925026
0.13735,1.0,-0.4539904997395847
0.1374,1.0,-0.30901699437499386
0.13745,1.0,-0.15643446504028521
0.1375,1.0,-4.404395612474353e-15
0.13755,1.0,0.15643446504022038
0.1376,1.0,0.3090169943749314
0.13765,1.0,0.4539904997394756
0.1377,1.0,0.5877852522924034
0.13775,1.0,0.7071067811865224
0.1378,1.0,0.8090169943749229
0.13785,1.0,0.891006524188346
0.1379,1.0,0.9510565162951369
0.13795,1.0,0.9876883405951282
0.138,1.0,1.0
0.13805,1.0,0.9876883405951402
0.1381,1.0,0.9510565162951604
0.13815,1.0,0.8910065241884065
0.1382,1.0,0.8090169943750012
0.13825,1.0,0.7071067811865362
0.1383,1.0,0.5877852522925112
0.13835,1.0,0.4539904997395943
0.1384,1.0,0.3090169943750041
0.13845,1.0,0.15643446504029587
0.1385,1.0,1.518500132879059e-14
0.13855,1.0,-0.15643446504020972
0.1386,1.0,-0.30901699437492114
0.13865,1.0,-0.4539904997395166
0.1387,1.0,-0.5877852522923948
0.13875,1.0,-0.707106781186555
0.1388,1.0,-0.80901699437495
0.13885,1.0,-0.8910065241883411
0.1389,1.0,-0.9510565162951335
0.13895,1.0,-0.9876883405951266
0.139,1.0,-1.0
0.13905,1.0,-0.9876883405951419
0.1391,1.0,-0.9510565162951637
0.13915,1.0,-0.8910065241883857
0.1392,1.0,-0.8090169943750075
0.13925,1.0,-0.7071067811865439
0.1393,1.0,-0.587785252292474
0.13935,1.0,-0.4539904997396039
0.1394,1.0,-0.30901699437501434
0.13945,1.0,-0.1564344650403065
0.1395,1.0,-2.5965607045106828e-14
0.13955,1.0,0.1564344650401991
0.1396,1.0,0.30901699437491087
0.13965,1.0,0.453990499739507
0.1397,1.0,0.587785252292432
0.13975,1.0,0.7071067811865474
0.1398,1.0,0.8090169943749437
0.13985,1.0,0.8910065241883621
0.1399,1.0,0.9510565162951302
0.13995,1.0,0.9876883405951249
0.14,1.0,1.0
0.14005,1.0,0.9876883405951437
0.1401,1.0,0.9510565162951671
0.14015,1.0,0.8910065241883905
0.1402,1.0,0.8090169943749804
0.14025,1.0,0.7071067811865515
0.1403,1.0,0.5877852522924827
0.14035,1.0,0.4539904997395629
0.1404,1.0,0.3090169943750246
0.14045,1.0,0.15643446504031716
0.1405,1.0,-2.0097206099384946e-14
0.14055,1.0,-0.15643446504018843
0.1406,1.0,-0.30901699437490066
0.14065,1.0,-0.4539904997394974
0.1407,1.0,-0.5877852522924233
0.14075,1.0,-0.7071067811864995
0.1408,1.0,-0.8090169943749373
0.14085,1.0,-0.8910065241883572
0.1409,1.0,-0.9510565162951444
0.14095,1.0,-0.9876883405951232
0.141,1.0,-1.0
0.14105,1.0,-0.9876883405951364
0.1411,1.0,-0.9510565162951704
0.14115,1.0,-0.8910065241883954
0.1412,1.0,-0.8090169943749869
0.14125,1.0,-0.7071067811865993
0.1413,1.0,-0.5877852522924915
0.14135,1.0,-0.4539904997395725
0.1414,1.0,-0.3090169943749808
0.14145,1.0,-0.15643446504027167
0.1415,1.0,-1.0437023733854732e-13
0.14155,1.0,0.15643446504023392
0.1416,1.0,0.3090169943748904
0.14165,1.0,0.4539904997394878
0.1417,1.0,0.5877852522924145
0.14175,1.0,0.707106781186492
0.1418,1.0,0.8090169943749309
0.14185,1.0,0.8910065241883524
0.1419,1.0,0.9510565162951411
0.14195,1.0,0.9876883405951304
0.142,1.0,1.0
0.14205,1.0,0.9876883405951381
0.1421,1.0,0.9510565162951562
0.14215,1.0,0.8910065241884003
0.1422,1.0,0.8090169943749932
0.14225,1.0,0.707106781186607
0.1423,1.0,0.5877852522925001
0.14235,1.0,0.4539904997395821
0.1424,1.0,0.309016994374991
0.14245,1.0,0.1564344650402823
0.1425,1.0,5.830742419405554e-14
0.14255,1.0,-0.15643446504022326
0.1426,1.0,-0.3090169943749342
0.14265,1.0,-0.4539904997394782
0.1427,1.0,-0.5877852522924059
0.14275,1.0,-0.7071067811864843
0.1428,1.0,-0.8090169943749246
0.14285,1.0,-0.8910065241883475
0.1429,1.0,-0.9510565162951378
0.14295,1.0,-0.9876883405951288
0.143,1.0,-1.0
0.14305,1.0,-0.9876883405951398
0.1431,1.0,-0.9510565162951595
0.14315,1.0,-0.8910065241883794
0.1432,1.0,-0.8090169943749995
0.14325,1.0,-0.7071067811866146
0.1433,1.0,-0.5877852522924629
0.14335,1.0,-0.4539904997395917
0.1434,1.0,-0.3090169943750013
0.14345,1.0,-0.15643446504029296
0.1435,1.0,-6.908802991037178e-14
0.14355,1.0,0.15643446504021263
0.1436,1.0,0.3090169943749239
0.14365,1.0,0.45399049973951927
0.1437,1.0,0.587785252292443
0.14375,1.0,0.7071067811864766
0.1438,1.0,0.8090169943749517
0.14385,1.0,0.8910065241883426
0.1439,1.0,0.9510565162951344
0.14395,1.0,0.987688340595127
0.144,1.0,1.0
0.14405,1.0,0.9876883405951414
0.1441,1.0,0.9510565162951629
0.14415,1.0,0.8910065241883843
0.1442,1.0,0.8090169943749724
0.14425,1.0,0.7071067811866222
0.1443,1.0,0.5877852522924716
0.14435,1.0,0.4539904997395507
0.1444,1.0,0.30901699437501157
0.14445,1.0,0.15643446504030362
0.1445,1.0,7.986863562668802e-14
0.14455,1.0,-0.15643446504020198
0.1446,1.0,-0.3090169943749137
0.14465,1.0,-0.45399049973950967
0.1447,1.0,-0.5877852522924344
0.14475,1.0,-0.7071067811865093
0.1448,1.0,-0.8090169943749453
0.14485,1.0,-0.8910065241883635
0.1449,1.0,-0.9510565162951486
0.14495,1.0,-0.9876883405951253
0.145,1.0,-1.0
0.14505,1.0,-0.9876883405951431
0.1451,1.0,-0.9510565162951662
0.14515,1.0,-0.8910065241883892
0.1452,1.0,-0.8090169943749788
0.14525,1.0,-0.7071067811865897
0.1453,1.0,-0.5877852522924804
0.14535,1.0,-0.4539904997395603
0.1454,1.0,-0.3090169943749677
0.14545,1.0,-0.15643446504031425
0.1455,1.0,-9.064924134300426e-14
0.14555,1.0,0.15643446504024747
0.1456,1.0,0.30901699437490343
0.14565,1.0,0.4539904997395
0.1457,1.0,0.5877852522924256
0.14575,1.0,0.7071067811865016
0.1458,1.0,0.809016994374939
0.14585,1.0,0.8910065241883586
0.1459,1.0,0.9510565162951453
0.14595,1.0,0.9876883405951326
0.146,1.0,1.0
0.14605,1.0,0.987688340595136
0.1461,1.0,0.951056516295152
0.14615,1.0,0.8910065241883941
0.1462,1.0,0.8090169943749851
0.14625,1.0,0.7071067811865972
0.1463,1.0,0.587785252292489
0.14635,1.0,0.4539904997395699
0.1464,1.0,0.309016994374978
0.14645,1.0,0.15643446504026876
0.1465,1.0,1.014298470593205e-13
0.14655,1.0,-0.15643446504023684
0.1466,1.0,-0.30901699437494723
0.14665,1.0,-0.4539904997394904
0.1467,1.0,-0.587785252292417
0.14675,1.0,-0.707106781186494
0.1468,1.0,-0.8090169943749327
0.14685,1.0,-0.8910065241883537
0.1469,1.0,-0.951056516295142
0.14695,1.0,-0.9876883405951309
0.147,1.0,-1.0
0.14705,1.0,-0.9876883405951554
0.1471,1.0,-0.9510565162951553
0.14715,1.0,-0.8910065241883732
0.1472,1.0,-0.8090169943749914
0.14725,1.0,-0.7071067811866049
0.1473,1.0,-0.5877852522925437
0.14735,1.0,-0.4539904997395795
0.1474,1.0,-0.30901699437498825
0.14745,1.0,-0.1564344650402794
0.1475,1.0,-5.536703391482872e-14
0.14755,1.0,0.15643446504017003
0.1476,1.0,0.309016994374937
0.14765,1.0,0.4539904997395315
0.1477,1.0,0.5877852522924082
0.14775,1.0,0.7071067811864864
0.1478,1.0,0.8090169943748929
0.14785,1.0,0.8910065241883488
0.1479,1.0,0.9510565162951387
0.14795,1.0,0.9876883405951292
0.148,1.0,1.0
0.14805,1.0,0.9876883405951482
0.1481,1.0,0.9510565162951586
0.14815,1.0,0.8910065241883781
0.1482,1.0,0.8090169943749643
0.14825,1.0,0.7071067811866125
0.1483,1.0,0.5877852522925525
0.14835,1.0,0.4539904997395384
0.1484,1.0,0.3090169943749985
0.14845,1.0,0.15643446504029004
0.1485,1.0,6.614763963114496e-14
0.14855,1.0,-0.1564344650401594
0.1486,1.0,-0.30901699437492675
0.14865,1.0,-0.4539904997395219
0.1487,1.0,-0.5877852522924455
0.14875,1.0,-0.7071067811865189
0.1488,1.0,-0.8090169943748866
0.14885,1.0,-0.8910065241883697
0.1489,1.0,-0.9510565162951353
0.14895,1.0,-0.9876883405951276
0.149,1.0,-1.0
0.14905,1.0,-0.9876883405951499
0.1491,1.0,-0.951056516295162
0.14915,1.0,-0.891006524188383
0.1492,1.0,-0.8090169943749707
0.14925,1.0,-0.7071067811865799
0.1493,1.0,-0.5877852522925612
0.14935,1.0,-0.453990499739548
0.1494,1.0,-0.30901699437495467
0.14945,1.0,-0.1564344650403007
0.1495,1.0,-7.69282453474612e-14
0.14955,1.0,0.15643446504014874
0.1496,1.0,0.3090169943749165
0.14965,1.0,0.4539904997395123
0.1497,1.0,0.5877852522924367
0.14975,1.0,0.7071067811865113
0.1498,1.0,0.8090169943749137
0.14985,1.0,0.8910065241883648
0.1499,1.0,0.9510565162951495
0.14995,1.0,0.9876883405951258
0.15,1.0,1.0
0.15005,1.0,0.9876883405951515
0.1501,1.0,0.9510565162951653
0.15015,1.0,0.8910065241883879
0.1502,1.0,0.809016994374977
0.15025,1.0,0.7071067811865875
0.1503,1.0,0.587785252292524
0.15035,1.0,0.45399049973955763
0.1504,1.0,0.30901699437496494
0.15045,1.0,0.1564344650402552
0.1505,1.0,8.770885106377743e-14
0.15055,1.0,-0.15643446504013808
0.1506,1.0,-0.3090169943749603
0.15065,1.0,-0.4539904997395027
0.1507,1.0,-0.5877852522924281
0.15075,1.0,-0.7071067811865037
0.1508,1.0,-0.8090169943749074
0.15085,1.0,-0.8910065241883599
0.1509,1.0,-0.9510565162951462
0.15095,1.0,-0.987688340595133
0.151,1.0,-1.0
0.15105,1.0,-0.9876883405951533
0.1511,1.0,-0.9510565162951511
0.15115,1.0,-0.8910065241883928
0.1512,1.0,-0.8090169943749834
0.15125,1.0,-0.7071067811865952
0.1513,1.0,-0.5877852522925326
0.15135,1.0,-0.4539904997395673
0.1514,1.0,-0.3090169943749752
0.15145,1.0,-0.15643446504026587
0.1515,1.0,-4.1646037919285656e-14
0.15155,1.0,0.15643446504012745
0.1516,1.0,0.30901699437495006
0.15165,1.0,0.4539904997395437
0.1517,1.0,0.5877852522924193
0.15175,1.0,0.7071067811864961
0.1518,1.0,0.809016994374901
0.15185,1.0,0.891006524188355
0.1519,1.0,0.9510565162951429
0.15195,1.0,0.9876883405951313
0.152,1.0,1.0
0.15205,1.0,0.9876883405951461
0.1521,1.0,0.9510565162951544
0.15215,1.0,0.8910065241883719
0.1522,1.0,0.8090169943749563
0.15225,1.0,0.7071067811866028
0.1523,1.0,0.5877852522925414
0.15235,1.0,0.4539904997395769
0.1524,1.0,0.3090169943749854
0.15245,1.0,0.1564344650402765
0.1525,1.0,5.2426643635601894e-14
0.15255,1.0,-0.15643446504017294
0.1526,1.0,-0.3090169943749398
0.15265,1.0,-0.4539904997395341
0.1527,1.0,-0.5877852522924566
0.15275,1.0,-0.7071067811864884
0.1528,1.0,-0.8090169943748946
0.15285,1.0,-0.8910065241883759
0.1529,1.0,-0.9510565162951395
0.15295,1.0,-0.9876883405951297
0.153,1.0,-1.0
0.15305,1.0,-0.9876883405951478
0.1531,1.0,-0.9510565162951578
0.15315,1.0,-0.8910065241883768
0.1532,1.0,-0.8090169943749627
0.15325,1.0,-0.7071067811865702
0.1533,1.0,-0.5877852522925501
0.15335,1.0,-0.4539904997396371
0.1534,1.0,-0.3090169943749957
0.15345,1.0,-0.15643446504028716
0.1535,1.0,-6.320724935191813e-14
0.15355,1.0,0.15643446504016228
0.1536,1.0,0.30901699437487545
0.15365,1.0,0.4539904997395245
0.1537,1.0,0.5877852522924478
0.15375,1.0,0.707106781186521
0.1538,1.0,0.8090169943748884
0.15385,1.0,0.8910065241883194
0.1539,1.0,0.9510565162951538
0.15395,1.0,0.987688340595128
0.154,1.0,1.0
0.15405,1.0,0.9876883405951494
0.1541,1.0,0.9510565162951786
0.15415,1.0,0.8910065241883817
0.1542,1.0,0.809016994374969
0.15425,1.0,0.7071067811865778
0.1543,1.0,0.5877852522925129
0.15435,1.0,0.4539904997396467
0.1544,1.0,0.3090169943749519
0.15445,1.0,0.15643446504024167
0.1545,1.0,7.398785506823437e-14
0.15455,1.0,-0.15643446504015165
0.1546,1.0,-0.30901699437486524
0.15465,1.0,-0.4539904997395149
0.1547,1.0,-0.5877852522924392
0.15475,1.0,-0.7071067811865134
0.1548,1.0,-0.8090169943749154
0.15485,1.0,-0.8910065241883403
0.1549,1.0,-0.9510565162951504
0.15495,1.0,-0.9876883405951352
0.155,1.0,-1.0
0.15505,1.0,-0.9876883405951511
0.1551,1.0,-0.951056516295182
0.15515,1.0,-0.8910065241883866
0.1552,1.0,-0.8090169943749753
0.15525,1.0,-0.7071067811865854
0.1553,1.0,-0.5877852522925215
0.15535,1.0,-0.4539904997396057
0.1554,1.0,-0.30901699437496216
0.15545,1.0,-0.1564344650402523
0.1555,1.0,-2.7925041923742593e-14
0.15555,1.0,0.156434465040141
0.1556,1.0,0.30901699437485497
0.15565,1.0,0.4539904997395559
0.1557,1.0,0.5877852522924304
0.15575,1.0,0.7071067811865058
0.1558,1.0,0.809016994374909
0.15585,1.0,0.8910065241883354
0.1559,1.0,0.9510565162951471
0.15595,1.0,0.9876883405951334
0.156,1.0,1.0
0.15605,1.0,0.9876883405951528
0.1561,1.0,0.9510565162951853
0.15615,1.0,0.8910065241883657
0.1562,1.0,0.8090169943749816
0.15625,1.0,0.7071067811865931
0.1563,1.0,0.5877852522925303
0.15635,1.0,0.4539904997396153
0.1564,1.0,0.3090169943749724
0.15645,1.0,0.15643446504026295
0.1565,1.0,3.870564764005883e-14
0.15655,1.0,-0.1564344650401865
0.1566,1.0,-0.3090169943748447
0.15665,1.0,-0.4539904997395463
0.1567,1.0,-0.5877852522924677
0.15675,1.0,-0.7071067811864982
0.1568,1.0,-0.8090169943749027
0.15685,1.0,-0.8910065241883305
0.1569,1.0,-0.9510565162951438
0.15695,1.0,-0.9876883405951318
0.157,1.0,-1.0
0.15705,1.0,-0.9876883405951455
0.1571,1.0,-0.9510565162951711
0.15715,1.0,-0.8910065241883706
0.1572,1.0,-0.8090169943749546
0.15725,1.0,-0.7071067811866008
0.1573,1.0,-0.587785252292539
0.15735,1.0,-0.4539904997396249
0.1574,1.0,-0.30901699437498265
0.15745,1.0,-0.1564344650402736
0.1575,1.0,-4.948625335637507e-14
0.15755,1.0,0.15643446504017586
0.1576,1.0,0.3090169943748885
0.15765,1.0,0.4539904997395367
0.1577,1.0,0.5877852522924589
0.15775,1.0,0.7071067811865307
0.1578,1.0,0.8090169943748964
0.15785,1.0,0.8910065241883256
0.1579,1.0,0.9510565162951581
0.15795,1.0,0.9876883405951301
0.158,1.0,1.0
0.15805,1.0,0.9876883405951473
0.1581,1.0,0.9510565162951744
0.15815,1.0,0.8910065241883754
0.1582,1.0,0.8090169943749609
0.15825,1.0,0.7071067811865681
0.1583,1.0,0.5877852522925018
0.15835,1.0,0.4539904997396345
0.1584,1.0,0.30901699437493885
0.15845,1.0,0.15643446504028424
0.1585,1.0,6.026685907269131e-14
0.15855,1.0,-0.1564344650401652
0.1586,1.0,-0.3090169943748783
0.15865,1.0,-0.4539904997395271
0.1587,1.0,-0.5877852522924503
0.15875,1.0,-0.7071067811865231
0.1588,1.0,-0.8090169943749235
0.15885,1.0,-0.8910065241883207
0.1589,1.0,-0.9510565162951546
0.15895,1.0,-0.9876883405951373
0.159,1.0,-1.0
0.15905,1.0,-0.987688340595149
0.1591,1.0,-0.9510565162951777
0.15915,1.0,-0.8910065241883803
0.1592,1.0,-0.8090169943749672
0.15925,1.0,-0.7071067811865758
0.1593,1.0,-0.5877852522925104
0.15935,1.0,-0.45399049973959343
0.1594,1.0,-0.3090169943750572
0.15945,1.0,-0.15643446504023875
0.1595,1.0,-1.4204045928199532e-14
0.15955,1.0,0.15643446504015454
0.1596,1.0,0.309016994374868
0.15965,1.0,0.45399049973946687
0.1597,1.0,0.5877852522924415
0.15975,1.0,0.7071067811865155
0.1598,1.0,0.8090169943749171
0.15985,1.0,0.8910065241883416
0.1599,1.0,0.9510565162951162
0.15995,1.0,0.9876883405951357
0.16,1.0,1.0
0.16005,1.0,0.9876883405951506
0.1601,1.0,0.9510565162951811
0.16015,1.0,0.8910065241884111
0.1602,1.0,0.8090169943749735
0.16025,1.0,0.7071067811865833
0.1603,1.0,0.5877852522925192
0.16035,1.0,0.45399049973960304
0.1604,1.0,0.3090169943750134
0.16045,1.0,0.1564344650402494
0.1605,1.0,2.498465164451577e-14
0.16055,1.0,-0.15643446504020003
0.1606,1.0,-0.30901699437485775
0.16065,1.0,-0.45399049973945726
0.1607,1.0,-0.5877852522924327
0.16075,1.0,-0.7071067811865078
0.1608,1.0,-0.8090169943749108
0.16085,1.0,-0.8910065241883367
0.1609,1.0,-0.9510565162951304
0.16095,1.0,-0.987688340595134
0.161,1.0,-1.0
0.16105,1.0,-0.9876883405951434
0.1611,1.0,-0.9510565162951844
0.16115,1.0,-0.891006524188416
0.1612,1.0,-0.8090169943749466
0.16125,1.0,-0.707106781186591
0.1613,1.0,-0.5877852522925279
0.16135,1.0,-0.4539904997396127
0.1614,1.0,-0.30901699437502367
0.16145,1.0,-0.15643446504026004
0.1615,1.0,-3.5765257360832006e-14
0.16155,1.0,0.1564344650401894
0.1616,1.0,0.3090169943749016
0.16165,1.0,0.45399049973944766
0.1617,1.0,0.58778525229247
0.16175,1.0,0.7071067811865405
0.1618,1.0,0.8090169943749045
0.16185,1.0,0.8910065241883318
0.1619,1.0,0.9510565162951271
0.16195,1.0,0.9876883405951322
0.162,1.0,1.0
0.16205,1.0,0.9876883405951451
0.1621,1.0,0.9510565162951702
0.16215,1.0,0.891006524188395
0.1622,1.0,0.8090169943749528
0.16225,1.0,0.7071067811865585
0.1623,1.0,0.5877852522925366
0.16235,1.0,0.4539904997396223
0.1624,1.0,0.30901699437503394
0.16245,1.0,0.1564344650402707
0.1625,1.0,4.6545863077148244e-14
0.16255,1.0,-0.15643446504017874
0.1626,1.0,-0.30901699437489133
0.16265,1.0,-0.4539904997394887
0.1627,1.0,-0.5877852522924614
0.16275,1.0,-0.7071067811865328
0.1628,1.0,-0.8090169943749315
0.16285,1.0,-0.8910065241883269
0.1629,1.0,-0.9510565162951238
0.16295,1.0,-0.9876883405951394
0.163,1.0,-1.0
0.16305,1.0,-0.9876883405951469
0.1631,1.0,-0.9510565162951735
0.16315,1.0,-0.8910065241883999
0.1632,1.0,-0.8090169943749258
0.16325,1.0,-0.7071067811866063
0.1633,1.0,-0.5877852522925453
0.16335,1.0,-0.4539904997396319
0.1634,1.0,-0.30901699437504415
0.16345,1.0,-0.1564344650402252
0.1635,1.0,-4.830499326564693e-16
0.16355,1.0,0.15643446504022424
0.1636,1.0,0.30901699437493513
0.16365,1.0,0.45399049973942845
0.1637,1.0,0.5877852522924526
0.16375,1.0,0.7071067811865251
0.1638,1.0,0.8090169943749252
0.16385,1.0,0.8910065241883479
0.1639,1.0,0.951056516295138
0.16395,1.0,0.9876883405951289
0.164,1.0,1.0
0.16405,1.0,0.9876883405951485
0.1641,1.0,0.9510565162951768
0.16415,1.0,0.8910065241884048
0.1642,1.0,0.8090169943749321
0.16425,1.0,0.7071067811865335
0.1643,1.0,0.5877852522925541
0.16435,1.0,0.4539904997396415
0.1644,1.0,0.3090169943750544
0.16445,1.0,0.15643446504023584
0.1645,1.0,1.1263655648972708e-14
0.16455,1.0,-0.1564344650402136
0.1646,1.0,-0.30901699437492486
0.16465,1.0,-0.4539904997395201
0.1647,1.0,-0.5877852522924438
0.16475,1.0,-0.7071067811865176
0.1648,1.0,-0.8090169943749188
0.16485,1.0,-0.891006524188343
0.1649,1.0,-0.9510565162951347
0.16495,1.0,-0.9876883405951272
0.165,1.0,-1.0
0.16505,1.0,-0.9876883405951502
0.1651,1.0,-0.9510565162951802
0.16515,1.0,-0.8910065241884098
0.1652,1.0,-0.8090169943749385
0.16525,1.0,-0.7071067811865411
0.1653,1.0,-0.5877852522924708
0.16535,1.0,-0.4539904997396511
0.1654,1.0,-0.3090169943750647
0.16545,1.0,-0.1564344650402465
0.1655,1.0,-2.2044261365288946e-14
0.16555,1.0,0.15643446504020295
0.1656,1.0,0.30901699437491464
0.16565,1.0,0.4539904997395105
0.1657,1.0,0.5877852522924352
0.16575,1.0,0.7071067811865099
0.1658,1.0,0.8090169943749125
0.16585,1.0,0.891006524188338
0.1659,1.0,0.9510565162951313
0.16595,1.0,0.9876883405951256
0.166,1.0,1.0
0.16605,1.0,0.9876883405951519
0.1661,1.0,0.9510565162951835
0.16615,1.0,0.8910065241884146
0.1662,1.0,0.8090169943750116
0.16625,1.0,0.7071067811865488
0.1663,1.0,0.5877852522924796
0.16635,1.0,0.4539904997395594
0.1664,1.0,0.3090169943750749
0.16645,1.0,0.15643446504036942
0.1665,1.0,3.282486708160518e-14
0.16655,1.0,-0.1564344650401923
0.1666,1.0,-0.3090169943749044
0.16665,1.0,-0.4539904997395009
0.1667,1.0,-0.5877852522924264
0.16675,1.0,-0.7071067811865023
0.1668,1.0,-0.8090169943749062
0.16685,1.0,-0.8910065241883331
0.1669,1.0,-0.951056516295128
0.16695,1.0,-0.9876883405951238
0.167,1.0,-1.0
0.16705,1.0,-0.9876883405951358
0.1671,1.0,-0.9510565162951868
0.16715,1.0,-0.8910065241884195
0.1672,1.0,-0.809016994375018
0.16725,1.0,-0.7071067811865563
0.1673,1.0,-0.5877852522924882
0.16735,1.0,-0.453990499739569
0.1674,1.0,-0.30901699437497704
0.16745,1.0,-0.15643446504026778
0.1675,1.0,-4.3605472797921425e-14
0.16755,1.0,0.15643446504018166
0.1676,1.0,0.3090169943748941
0.16765,1.0,0.4539904997394913
0.1677,1.0,0.5877852522924177
0.16775,1.0,0.7071067811864947
0.1678,1.0,0.8090169943748998
0.16785,1.0,0.8910065241883283
0.1679,1.0,0.9510565162951247
0.16795,1.0,0.9876883405951221
0.168,1.0,1.0
0.16805,1.0,0.9876883405951374
0.1681,1.0,0.951056516295155
0.16815,1.0,0.8910065241884244
0.1682,1.0,0.8090169943750243
0.16825,1.0,0.707106781186564
0.1683,1.0,0.587785252292497
0.16835,1.0,0.4539904997395786
0.1684,1.0,0.3090169943749873
0.16845,1.0,0.15643446504027844
0.1685,1.0,5.438607851423766e-14
0.16855,1.0,-0.156434465040171
0.1686,1.0,-0.30901699437488384
0.16865,1.0,-0.4539904997394817
0.1687,1.0,-0.587785252292409
0.16875,1.0,-0.7071067811865674
0.1688,1.0,-0.8090169943748935
0.16885,1.0,-0.8910065241883234
0.1689,1.0,-0.9510565162951213
0.16895,1.0,-0.9876883405951205
0.169,1.0,-1.0
0.16905,1.0,-0.9876883405951392
0.1691,1.0,-0.9510565162951583
0.16915,1.0,-0.8910065241883777
0.1692,1.0,-0.8090169943750306
0.16925,1.0,-0.7071067811865717
0.1693,1.0,-0.5877852522925057
0.16935,1.0,-0.4539904997395882
0.1694,1.0,-0.3090169943749976
0.16945,1.0,-0.1564344650402891
0.1695,1.0,-6.51666842305539e-14
0.16955,1.0,0.15643446504016037
0.1696,1.0,0.3090169943748736
0.16965,1.0,0.4539904997394721
0.1697,1.0,0.5877852522924003
0.16975,1.0,0.7071067811865598
0.1698,1.0,0.809016994374954
0.16985,1.0,0.8910065241883701
0.1699,1.0,0.951056516295118
0.16995,1.0,0.9876883405951188
0.17,1.0,1.0
0.17005,1.0,0.9876883405951409
0.1701,1.0,0.9510565162951616
0.17015,1.0,0.8910065241883826
0.1702,1.0,0.8090169943749701
0.17025,1.0,0.7071067811865792
0.1703,1.0,0.5877852522925144
0.17035,1.0,0.4539904997395978
0.1704,1.0,0.3090169943750078
0.17045,1.0,0.15643446504029973
0.1705,1.0,-3.773954777474589e-14
0.17055,1.0,-0.1564344650401497
0.1706,1.0,-0.30901699437486335
0.17065,1.0,-0.4539904997394625
0.1707,1.0,-0.5877852522923915
0.17075,1.0,-0.7071067811865522
0.1708,1.0,-0.8090169943749477
0.17085,1.0,-0.8910065241883652
0.1709,1.0,-0.9510565162951499
0.17095,1.0,-0.9876883405951171
0.171,1.0,-1.0
0.17105,1.0,-0.9876883405951425
0.1711,1.0,-0.951056516295165
0.17115,1.0,-0.8910065241883874
0.1712,1.0,-0.8090169943749764
0.17125,1.0,-0.7071067811865869
0.1713,1.0,-0.5877852522925231
0.17135,1.0,-0.4539904997396074
0.1714,1.0,-0.30901699437501806
0.17145,1.0,-0.1564344650403104
0.1715,1.0,2.6958942058429656e-14
0.17155,1.0,0.15643446504025135
0.1716,1.0,0.3090169943748531
0.17165,1.0,0.4539904997394529
0.1717,1.0,0.5877852522923828
0.17175,1.0,0.7071067811865446
0.1718,1.0,0.8090169943749413
0.17185,1.0,0.8910065241883603
0.1719,1.0,0.9510565162951465
0.17195,1.0,0.9876883405951332
0.172,1.0,1.0
0.17205,1.0,0.9876883405951442
0.1721,1.0,0.9510565162951683
0.17215,1.0,0.8910065241883923
0.1722,1.0,0.8090169943749828
0.17225,1.0,0.7071067811865944
0.1723,1.0,0.5877852522925319
0.17235,1.0,0.453990499739617
0.1724,1.0,0.30901699437502833
0.17245,1.0,0.15643446504032102
0.1725,1.0,9.750850137950261e-14
0.17255,1.0,-0.1564344650402407
0.1726,1.0,-0.30901699437495095
0.17265,1.0,-0.4539904997394433
0.1727,1.0,-0.5877852522923741
0.17275,1.0,-0.7071067811864565
0.1728,1.0,-0.809016994374935
0.17285,1.0,-0.8910065241883555
0.1729,1.0,-0.9510565162951432
0.17295,1.0,-0.9876883405951314
0.173,1.0,-1.0
0.17305,1.0,-0.9876883405951459
0.1731,1.0,-0.9510565162951716
0.17315,1.0,-0.8910065241883972
0.1732,1.0,-0.8090169943749891
0.17325,1.0,-0.7071067811866021
0.1733,1.0,-0.5877852522924486
0.17335,1.0,-0.45399049973962663
0.1734,1.0,-0.3090169943750386
0.17345,1.0,-0.15643446504033168
0.1735,1.0,-1.0828910709581885e-13
0.17355,1.0,0.15643446504023006
0.1736,1.0,0.30901699437494073
0.17365,1.0,0.453990499739535
0.1737,1.0,0.5877852522923653
0.17375,1.0,0.707106781186449
0.1738,1.0,0.8090169943749287
0.17385,1.0,0.8910065241883506
0.1739,1.0,0.9510565162951399
0.17395,1.0,0.9876883405951298
0.174,1.0,1.0
0.17405,1.0,0.9876883405951475
0.1741,1.0,0.951056516295175
0.17415,1.0,0.8910065241884021
0.1742,1.0,0.8090169943749954
0.17425,1.0,0.7071067811866097
0.1743,1.0,0.5877852522924574
0.17435,1.0,0.453990499739535
0.1744,1.0,0.3090169943750488
0.17445,1.0,0.15643446504034234
0.1745,1.0,1.190697128121351e-13
0.17455,1.0,-0.1564344650402194
0.1746,1.0,-0.30901699437493046
0.17465,1.0,-0.4539904997395254
0.1747,1.0,-0.5877852522924486
0.17475,1.0,-0.7071067811865217
0.1748,1.0,-0.8090169943749224
0.17485,1.0,-0.8910065241883456
0.1749,1.0,-0.9510565162951365
0.17495,1.0,-0.9876883405951281
0.175,1.0,-1.0
0.17505,1.0,-0.9876883405951493
0.1751,1.0,-0.9510565162951783
0.17515,1.0,-0.891006524188407
0.1752,1.0,-0.8090169943750017
0.17525,1.0,-0.7071067811866174
0.1753,1.0,-0.587785252292466
0.17535,1.0,-0.45399049973954453
0.1754,1.0,-0.30901699437495095
0.17545,1.0,-0.15643446504035297
0.1755,1.0,-1.2985031852845133e-13
0.17555,1.0,0.15643446504020875
0.1756,1.0,0.3090169943749202
0.17565,1.0,0.4539904997395158
0.1757,1.0,0.5877852522924399
0.17575,1.0,0.707106781186514
0.1758,1.0,0.8090169943749159
0.17585,1.0,0.8910065241883407
0.1759,1.0,0.9510565162951332
0.17595,1.0,0.9876883405951264
0.176,1.0,1.0
0.17605,1.0,0.9876883405951332
0.1761,1.0,0.9510565162951816
0.17615,1.0,0.891006524188412
0.1762,1.0,0.8090169943750082
0.17625,1.0,0.707106781186625
0.1763,1.0,0.5877852522924748
0.17635,1.0,0.4539904997395542
0.1764,1.0,0.3090169943749612
0.17645,1.0,0.15643446504025132
0.1765,1.0,1.4063092424476757e-13
0.17655,1.0,-0.15643446504019812
0.1766,1.0,-0.30901699437491
0.17665,1.0,-0.45399049973950617
0.1767,1.0,-0.5877852522924312
0.17675,1.0,-0.7071067811865065
0.1768,1.0,-0.8090169943749097
0.17685,1.0,-0.8910065241883358
0.1769,1.0,-0.9510565162951299
0.17695,1.0,-0.9876883405951248
0.177,1.0,-1.0
0.17705,1.0,-0.9876883405951349
0.1771,1.0,-0.9510565162951499
0.17715,1.0,-0.8910065241883652
0.1772,1.0,-0.8090169943750145
0.17725,1.0,-0.7071067811866326
0.1773,1.0,-0.5877852522924835
0.17735,1.0,-0.4539904997395638
0.1774,1.0,-0.3090169943749715
0.17745,1.0,-0.15643446504026198
0.1775,1.0,-3.7724692239467775e-14
0.17755,1.0,0.15643446504018746
0.1776,1.0,0.3090169943748997
0.17765,1.0,0.45399049973949657
0.1777,1.0,0.5877852522924225
0.17775,1.0,0.7071067811864988
0.1778,1.0,0.8090169943749701
0.17785,1.0,0.8910065241883309
0.1779,1.0,0.9510565162951266
0.17795,1.0,0.9876883405951231
0.178,1.0,1.0
0.17805,1.0,0.9876883405951365
0.1781,1.0,0.9510565162951532
0.17815,1.0,0.8910065241883701
0.1782,1.0,0.809016994374954
0.17825,1.0,0.7071067811866403
0.1783,1.0,0.5877852522925842
0.17835,1.0,0.4539904997395734
0.1784,1.0,0.3090169943749817
0.17845,1.0,0.15643446504027264
0.1785,1.0,4.850529795578401e-14
0.17855,1.0,-0.1564344650401768
0.1786,1.0,-0.30901699437488944
0.17865,1.0,-0.45399049973948696
0.1787,1.0,-0.5877852522924137
0.17875,1.0,-0.7071067811864912
0.1788,1.0,-0.8090169943748969
0.17885,1.0,-0.8910065241883777
0.1789,1.0,-0.9510565162951232
0.17895,1.0,-0.9876883405951213
0.179,1.0,-1.0
0.17905,1.0,-0.987688340595156
0.1791,1.0,-0.9510565162951565
0.17915,1.0,-0.891006524188375
0.1792,1.0,-0.8090169943749603
0.17925,1.0,-0.7071067811865674
0.1793,1.0,-0.5877852522925929
0.17935,1.0,-0.453990499739583
0.1794,1.0,-0.30901699437499197
0.17945,1.0,-0.15643446504028327
0.1795,1.0,-5.928590367210024e-14
0.17955,1.0,0.15643446504016617
0.1796,1.0,0.30901699437487923
0.17965,1.0,0.4539904997394773
0.1797,1.0,0.587785252292405
0.17975,1.0,0.7071067811864836
0.1798,1.0,0.8090169943748906
0.17985,1.0,0.8910065241883728
0.1799,1.0,0.951056516295155
0.17995,1.0,0.9876883405951197
0.18,1.0,1.0
0.18005,1.0,0.9876883405951578
0.1801,1.0,0.9510565162951599
0.18015,1.0,0.8910065241883799
0.1802,1.0,0.8090169943749667
0.18025,1.0,0.707106781186575
0.1803,1.0,0.5877852522925097
0.18035,1.0,0.4539904997395926
0.1804,1.0,0.30901699437500224
0.18045,1.0,0.15643446504029393
0.1805,1.0,7.006650938841648e-14
0.18055,1.0,-0.1564344650401555
0.1806,1.0,-0.3090169943749771
0.18065,1.0,-0.4539904997394677
0.1807,1.0,-0.5877852522923963
0.18075,1.0,-0.707106781186476
0.1808,1.0,-0.8090169943748843
0.18085,1.0,-0.8910065241883679
0.1809,1.0,-0.9510565162951516
0.18095,1.0,-0.9876883405951358
0.181,1.0,-1.0
0.18105,1.0,-0.9876883405951594
0.1811,1.0,-0.9510565162951632
0.18115,1.0,-0.8910065241883848
0.1812,1.0,-0.809016994374973
0.18125,1.0,-0.7071067811865827
0.1813,1.0,-0.5877852522925184
0.18135,1.0,-0.4539904997396022
0.1814,1.0,-0.30901699437501245
0.18145,1.0,-0.15643446504030456
0.1815,1.0,-8.084711510473272e-14
0.18155,1.0,0.15643446504014488
0.1816,1.0,0.3090169943749668
0.18165,1.0,0.4539904997395594
0.1817,1.0,0.5877852522923875
0.18175,1.0,0.7071067811864684
0.1818,1.0,0.809016994374878
0.18185,1.0,0.891006524188363
0.1819,1.0,0.9510565162951483
0.18195,1.0,0.9876883405951341
0.182,1.0,1.0
0.18205,1.0,0.9876883405951433
0.1821,1.0,0.9510565162951665
0.18215,1.0,0.8910065241883897
0.1822,1.0,0.8090169943749793
0.18225,1.0,0.7071067811865903
0.1823,1.0,0.5877852522925271
0.18235,1.0,0.4539904997396118
0.1824,1.0,0.3090169943750227
0.18245,1.0,0.15643446504031522
0.1825,1.0,9.162772082104896e-14
0.18255,1.0,-0.15643446504013422
0.1826,1.0,-0.30901699437495656
0.18265,1.0,-0.4539904997395498
0.1827,1.0,-0.5877852522924708
0.18275,1.0,-0.7071067811864608
0.1828,1.0,-0.8090169943748716
0.18285,1.0,-0.8910065241883581
0.1829,1.0,-0.951056516295145
0.18295,1.0,-0.9876883405951324
0.183,1.0,-1.0
0.18305,1.0,-0.987688340595145
0.1831,1.0,-0.9510565162951699
0.18315,1.0,-0.8910065241883945
0.1832,1.0,-0.8090169943749856
0.18325,1.0,-0.707106781186598
0.1833,1.0,-0.5877852522925359
0.18335,1.0,-0.4539904997395201
0.1834,1.0,-0.309016994375033
0.18345,1.0,-0.15643446504032588
0.1835,1.0,-1.024083265373652e-13
0.18355,1.0,0.15643446504012357
0.1836,1.0,0.3090169943749463
0.18365,1.0,0.4539904997395402
0.1837,1.0,0.5877852522924621
0.18375,1.0,0.7071067811865335
0.1838,1.0,0.8090169943748653
0.18385,1.0,0.8910065241883532
0.1839,1.0,0.9510565162951417
0.18395,1.0,0.9876883405951308
0.184,1.0,1.0
0.18405,1.0,0.9876883405951467
0.1841,1.0,0.9510565162951732
0.18415,1.0,0.8910065241883994
0.1842,1.0,0.809016994374992
0.18425,1.0,0.7071067811866055
0.1843,1.0,0.5877852522925445
0.18435,1.0,0.4539904997395297
0.1844,1.0,0.30901699437493513
0.18445,1.0,0.1564344650403365
0.1845,1.0,1.1318893225368143e-13
0.18455,1.0,-0.15643446504011294
0.1846,1.0,-0.30901699437482794
0.18465,1.0,-0.4539904997395306
0.1847,1.0,-0.5877852522924534
0.18475,1.0,-0.7071067811865259
0.1848,1.0,-0.8090169943749258
0.18485,1.0,-0.8910065241882967
0.1849,1.0,-0.9510565162951383
0.18495,1.0,-0.987688340595129
0.185,1.0,-1.0
0.18505,1.0,-0.9876883405951483
0.1851,1.0,-0.9510565162951765
0.18515,1.0,-0.8910065241884043
0.1852,1.0,-0.8090169943749983
0.18525,1.0,-0.7071067811866132
0.1853,1.0,-0.5877852522925533
0.18535,1.0,-0.4539904997396406
0.1854,1.0,-0.30901699437494534
0.18545,1.0,-0.15643446504023487
0.1855,1.0,-1.0282700248381648e-14
0.18555,1.0,0.15643446504010228
0.1856,1.0,0.30901699437481767
0.18565,1.0,0.453990499739521
0.1857,1.0,0.5877852522924447
0.18575,1.0,0.7071067811865183
0.1858,1.0,0.8090169943749195
0.18585,1.0,0.8910065241883435
0.1859,1.0,0.951056516295135
0.18595,1.0,0.9876883405951273
0.186,1.0,1.0
0.18605,1.0,0.9876883405951501
0.1861,1.0,0.9510565162951798
0.18615,1.0,0.8910065241883577
0.1862,1.0,0.8090169943750047
0.18625,1.0,0.7071067811866208
0.1863,1.0,0.587785252292562
0.18635,1.0,0.4539904997396502
0.1864,1.0,0.3090169943749556
0.18645,1.0,0.15643446504024552
0.1865,1.0,2.1063305964697886e-14
0.18655,1.0,-0.15643446504020392
0.1866,1.0,-0.30901699437480745
0.18665,1.0,-0.4539904997395114
0.1867,1.0,-0.587785252292436
0.18675,1.0,-0.7071067811865106
0.1868,1.0,-0.8090169943749131
0.18685,1.0,-0.8910065241883385
0.1869,1.0,-0.9510565162951317
0.18695,1.0,-0.9876883405951257
0.187,1.0,-1.0
0.18705,1.0,-0.9876883405951518
0.1871,1.0,-0.9510565162951832
0.18715,1.0,-0.8910065241883626
0.1872,1.0,-0.8090169943749442
0.18725,1.0,-0.7071067811866284
0.1873,1.0,-0.5877852522925707
0.18735,1.0,-0.4539904997396598
0.1874,1.0,-0.3090169943749659
0.18745,1.0,-0.15643446504025618
0.1875,1.0,-3.1843911681014124e-14
0.18755,1.0,0.15643446504019326
0.1876,1.0,0.3090169943749053
0.18765,1.0,0.4539904997395018
0.1877,1.0,0.5877852522924272
0.18775,1.0,0.707106781186503
0.1878,1.0,0.8090169943749067
0.18785,1.0,0.8910065241883336
0.1879,1.0,0.9510565162951635
0.18795,1.0,0.987688340595124
0.188,1.0,1.0
0.18805,1.0,0.9876883405951534
0.1881,1.0,0.9510565162951865
0.18815,1.0,0.8910065241883675
0.1882,1.0,0.8090169943749506
0.18825,1.0,0.7071067811865557
0.1883,1.0,0.5877852522925795
0.18835,1.0,0.45399049973966943
0.1884,1.0,0.30901699437497615
0.18845,1.0,0.1564344650402668
0.1885,1.0,4.262451739733036e-14
0.18855,1.0,-0.15643446504018263
0.1886,1.0,-0.30901699437489505
0.18865,1.0,-0.4539904997394922
0.1887,1.0,-0.5877852522924185
0.18875,1.0,-0.7071067811864954
0.1888,1.0,-0.8090169943749004
0.18885,1.0,-0.8910065241883287
0.1889,1.0,-0.9510565162951602
0.18895,1.0,-0.9876883405951401
0.189,1.0,-1.0
0.18905,1.0,-0.9876883405951551
0.1891,1.0,-0.9510565162951898
0.18915,1.0,-0.8910065241883723
0.1892,1.0,-0.8090169943749569
0.18925,1.0,-0.7071067811865632
0.1893,1.0,-0.5877852522924962
0.18935,1.0,-0.4539904997395777
0.1894,1.0,-0.30901699437498636
0.18945,1.0,-0.15643446504027747
0.1895,1.0,-5.34051231136466e-14
0.18955,1.0,0.15643446504017197
0.1896,1.0,0.3090169943748848
0.18965,1.0,0.4539904997394826
0.1897,1.0,0.5877852522924097
0.18975,1.0,0.7071067811864877
0.1898,1.0,0.809016994374894
0.18985,1.0,0.8910065241883238
0.1899,1.0,0.9510565162951569
0.18995,1.0,0.9876883405951384
0.19,1.0,1.0
0.19005,1.0,0.9876883405951568
0.1901,1.0,0.9510565162951932
0.19015,1.0,0.8910065241883772
0.1902,1.0,0.8090169943749632
0.19025,1.0,0.7071067811865709
0.1903,1.0,0.5877852522925049
0.19035,1.0,0.4539904997395873
0.1904,1.0,0.30901699437499663
0.19045,1.0,0.15643446504028813
0.1905,1.0,6.418572882996284e-14
0.19055,1.0,-0.1564344650401613
0.1906,1.0,-0.30901699437487457
0.19065,1.0,-0.453990499739473
0.1907,1.0,-0.5877852522924011
0.19075,1.0,-0.7071067811864802
0.1908,1.0,-0.8090169943748877
0.19085,1.0,-0.8910065241883189
0.1909,1.0,-0.9510565162951183
0.19095,1.0,-0.9876883405951367
0.191,1.0,-1.0
0.19105,1.0,-0.9876883405951407
0.1911,1.0,-0.9510565162951965
0.19115,1.0,-0.8910065241884337
0.1912,1.0,-0.8090169943749695
0.19125,1.0,-0.7071067811865785
0.1913,1.0,-0.5877852522925137
0.19135,1.0,-0.45399049973959693
0.1914,1.0,-0.3090169943750069
0.19145,1.0,-0.15643446504029876
0.1915,1.0,-7.496633454627908e-14
0.19155,1.0,0.15643446504015068
0.1916,1.0,0.3090169943748643
0.19165,1.0,0.45399049973946337
0.1917,1.0,0.5877852522924844
0.19175,1.0,0.7071067811864725
0.1918,1.0,0.8090169943748814
0.19185,1.0,0.891006524188314
0.1919,1.0,0.951056516295115
0.19195,1.0,0.987688340595135
0.192,1.0,1.0
0.19205,1.0,0.9876883405951423
0.1921,1.0,0.9510565162951646
0.19215,1.0,0.8910065241884386
0.1922,1.0,0.8090169943749759
0.19225,1.0,0.7071067811865862
0.1923,1.0,0.5877852522925223
0.19235,1.0,0.45399049973960653
0.1924,1.0,0.3090169943750171
0.19245,1.0,0.15643446504030942
0.1925,1.0,8.574694026259532e-14
0.19255,1.0,-0.15643446504014002
0.1926,1.0,-0.309016994374854
0.19265,1.0,-0.45399049973945377
0.1927,1.0,-0.5877852522924756
0.19275,1.0,-0.7071067811865454
0.1928,1.0,-0.8090169943749419
0.19285,1.0,-0.8910065241883092
0.1929,1.0,-0.9510565162951117
0.19295,1.0,-0.9876883405951333
0.193,1.0,-1.0
0.19305,1.0,-0.9876883405951441
0.1931,1.0,-0.951056516295168
0.19315,1.0,-0.8910065241883919
0.1932,1.0,-0.8090169943749822
0.19325,1.0,-0.7071067811865938
0.1933,1.0,-0.5877852522925311
0.19335,1.0,-0.45399049973961614
0.1934,1.0,-0.3090169943750274
0.19345,1.0,-0.15643446504020778
0.1935,1.0,-9.652754597891156e-14
0.19355,1.0,0.1564344650401294
0.1936,1.0,0.30901699437484376
0.19365,1.0,0.45399049973944416
0.1937,1.0,0.5877852522924669
0.19375,1.0,0.7071067811865377
0.1938,1.0,0.8090169943749356
0.19385,1.0,0.8910065241883559
0.1939,1.0,0.9510565162951083
0.19395,1.0,0.9876883405951317
0.194,1.0,1.0
0.19405,1.0,0.9876883405951458
0.1941,1.0,0.9510565162951713
0.19415,1.0,0.8910065241883968
0.1942,1.0,0.8090169943749885
0.19425,1.0,0.7071067811866014
0.1943,1.0,0.5877852522925398
0.19435,1.0,0.4539904997396258
0.1944,1.0,0.30901699437503766
0.19445,1.0,0.15643446504021843
0.1945,1.0,-6.3786860263882385e-15
0.19455,1.0,-0.15643446504011874
0.1946,1.0,-0.30901699437483354
0.19465,1.0,-0.45399049973943456
0.1947,1.0,-0.5877852522924581
0.19475,1.0,-0.70710678118653
0.1948,1.0,-0.8090169943749292
0.19485,1.0,-0.891006524188351
0.1949,1.0,-0.9510565162951402
0.19495,1.0,-0.98768834059513
0.195,1.0,-1.0
0.19505,1.0,-0.9876883405951474
0.1951,1.0,-0.9510565162951746
0.19515,1.0,-0.8910065241884016
0.1952,1.0,-0.809016994374928
0.19525,1.0,-0.707106781186609
0.1953,1.0,-0.5877852522925485
0.19535,1.0,-0.45399049973963534
0.1954,1.0,-0.30901699437504787
0.19545,1.0,-0.15643446504022906
0.1955,1.0,-4.4019196899279995e-15
0.19555,1.0,0.15643446504022038
0.1956,1.0,0.3090169943748233
0.19565,1.0,0.45399049973942496
0.1957,1.0,0.5877852522924494
0.19575,1.0,0.7071067811865224
0.1958,1.0,0.8090169943749229
0.19585,1.0,0.891006524188346
0.1959,1.0,0.9510565162951369
0.19595,1.0,0.9876883405951282
0.196,1.0,1.0
0.19605,1.0,0.9876883405951491
0.1961,1.0,0.9510565162951781
0.19615,1.0,0.8910065241884065
0.1962,1.0,0.8090169943749344
0.19625,1.0,0.7071067811865362
0.1963,1.0,0.5877852522925573
0.19635,1.0,0.453990499739645
0.1964,1.0,0.30901699437505814
0.19645,1.0,0.15643446504023972
0.1965,1.0,1.518252540624424e-14
0.19655,1.0,-0.15643446504020972
0.1966,1.0,-0.30901699437492114
0.19665,1.0,-0.4539904997395166
0.1967,1.0,-0.5877852522924407
0.19675,1.0,-0.7071067811865148
0.1968,1.0,-0.8090169943749166
0.19685,1.0,-0.8910065241883411
0.1969,1.0,-0.9510565162951335
0.19695,1.0,-0.9876883405951266
0.197,1.0,-1.0
0.19705,1.0,-0.9876883405951508
0.1971,1.0,-0.9510565162951814
0.19715,1.0,-0.8910065241884115
0.1972,1.0,-0.8090169943750075
0.19725,1.0,-0.7071067811865439
0.1973,1.0,-0.587785252292474
0.19735,1.0,-0.4539904997396546
0.1974,1.0,-0.3090169943750684
0.19745,1.0,-0.15643446504036265
0.1975,1.0,-2.5963131122560477e-14
0.19755,1.0,0.1564344650401991
0.1976,1.0,0.30901699437491087
0.19765,1.0,0.453990499739507
0.1977,1.0,0.587785252292432
0.19775,1.0,0.7071067811865072
0.1978,1.0,0.8090169943749103
0.19785,1.0,0.8910065241883363
0.1979,1.0,0.9510565162951302
0.19795,1.0,0.9876883405951249
0.198,1.0,1.0
0.19805,1.0,0.9876883405951525
0.1981,1.0,0.9510565162951846
0.19815,1.0,0.8910065241884164
0.1982,1.0,0.8090169943750138
0.19825,1.0,0.7071067811865515
0.1983,1.0,0.5877852522924827
0.19835,1.0,0.4539904997395629
0.1984,1.0,0.3090169943750787
0.19845,1.0,0.1564344650403733
0.1985,1.0,3.674373683887671e-14
0.19855,1.0,-0.15643446504018843
0.1986,1.0,-0.30901699437490066
0.19865,1.0,-0.4539904997394974
0.1987,1.0,-0.5877852522924233
0.19875,1.0,-0.7071067811864995
0.1988,1.0,-0.8090169943749039
0.19885,1.0,-0.8910065241883314
0.1989,1.0,-0.9510565162951269
0.19895,1.0,-0.9876883405951232
0.199,1.0,-1.0
0.19905,1.0,-0.9876883405951542
0.1991,1.0,-0.9510565162951881
0.19915,1.0,-0.8910065241884213
0.1992,1.0,-0.8090169943750203
0.19925,1.0,-0.7071067811865591
0.1993,1.0,-0.5877852522924915
0.19935,1.0,-0.4539904997395725
0.1994,1.0,-0.30901699437498076
0.19945,1.0,-0.15643446504038394
0.1995,1.0,-4.752434255519295e-14
0.19955,1.0,0.15643446504017777
0.1996,1.0,0.3090169943748904
0.19965,1.0,0.4539904997394878
0.1997,1.0,0.5877852522924145
0.19975,1.0,0.707106781186492
0.1998,1.0,0.8090169943748975
0.19985,1.0,0.8910065241883265
0.1999,1.0,0.9510565162951236
0.19995,1.0,0.9876883405951216
0.2,1.0,1.0
0.20005,1.0,0.9876883405951381
0.2001,1.0,0.9510565162951562
0.20015,1.0,0.8910065241884262
0.2002,1.0,0.8090169943750266
0.20025,1.0,0.7071067811865668
0.2003,1.0,0.5877852522925001
0.20035,1.0,0.4539904997395821
0.2004,1.0,0.309016994374991
0.20045,1.0,0.1564344650402823
0.2005,1.0,5.83049482715092e-14
0.20055,1.0,-0.15643446504016714
0.2006,1.0,-0.3090169943748801
0.20065,1.0,-0.4539904997394782
0.2007,1.0,-0.5877852522924059
0.20075,1.0,-0.7071067811865647
0.2008,1.0,-0.8090169943748912
0.20085,1.0,-0.8910065241883216
0.2009,1.0,-0.9510565162951201
0.20095,1.0,-0.9876883405951199
0.201,1.0,-1.0
0.20105,1.0,-0.9876883405951398
0.2011,1.0,-0.9510565162951595
0.20115,1.0,-0.8910065241883794
0.2012,1.0,-0.8090169943750329
0.20125,1.0,-0.7071067811865743
0.2013,1.0,-0.5877852522925089
0.20135,1.0,-0.4539904997395917
0.2014,1.0,-0.3090169943750013
0.20145,1.0,-0.15643446504029296
0.2015,1.0,-6.908555398782543e-14
0.20155,1.0,0.15643446504015648
0.2016,1.0,0.3090169943748699
0.20165,1.0,0.4539904997394686
0.2017,1.0,0.5877852522923971
0.20175,1.0,0.707106781186557
0.2018,1.0,0.8090169943749517
0.20185,1.0,0.8910065241883167
0.2019,1.0,0.9510565162951168
0.20195,1.0,0.9876883405951181
0.202,1.0,1.0
0.20205,1.0,0.9876883405951414
0.2021,1.0,0.9510565162951629
0.20215,1.0,0.8910065241883843
0.2022,1.0,0.8090169943749724
0.20225,1.0,0.707106781186582
0.2023,1.0,0.5877852522925175
0.20235,1.0,0.4539904997396013
0.2024,1.0,0.30901699437501157
0.20245,1.0,0.15643446504030362
0.2025,1.0,7.986615970414167e-14
0.20255,1.0,-0.15643446504014583
0.2026,1.0,-0.30901699437485963
0.20265,1.0,-0.453990499739459
0.2027,1.0,-0.5877852522923884
0.20275,1.0,-0.7071067811865495
0.2028,1.0,-0.8090169943749453
0.20285,1.0,-0.8910065241883635
0.2029,1.0,-0.9510565162951136
0.20295,1.0,-0.9876883405951165
0.203,1.0,-1.0
0.20305,1.0,-0.9876883405951431
0.2031,1.0,-0.9510565162951662
0.20315,1.0,-0.8910065241883892
0.2032,1.0,-0.8090169943749788
0.20325,1.0,-0.7071067811865897
0.2033,1.0,-0.5877852522925263
0.20335,1.0,-0.4539904997396109
0.2034,1.0,-0.3090169943750218
0.20345,1.0,-0.15643446504031425
0.2035,1.0,-9.064676542045791e-14
0.20355,1.0,0.15643446504024747
0.2036,1.0,0.30901699437484936
0.20365,1.0,0.4539904997394494
0.2037,1.0,0.5877852522923797
0.20375,1.0,0.7071067811864614
0.2038,1.0,0.809016994374939
0.20385,1.0,0.8910065241883586
0.2039,1.0,0.9510565162951453
0.20395,1.0,0.9876883405951326
0.204,1.0,1.0
0.20405,1.0,0.9876883405951449
0.2041,1.0,0.9510565162951695
0.20415,1.0,0.8910065241883941
0.2042,1.0,0.8090169943749851
0.20425,1.0,0.7071067811865972
0.2043,1.0,0.5877852522925351
0.20435,1.0,0.4539904997396205
0.2044,1.0,0.30901699437503205
0.20445,1.0,0.1564344650403249
0.2045,1.0,1.0142737113677415e-13
0.20455,1.0,-0.15643446504023684
0.2046,1.0,-0.30901699437494723
0.20465,1.0,-0.4539904997394398
0.2047,1.0,-0.5877852522923709
0.20475,1.0,-0.7071067811864538
0.2048,1.0,-0.8090169943749327
0.20485,1.0,-0.8910065241883537
0.2049,1.0,-0.951056516295142
0.20495,1.0,-0.9876883405951309
0.205,1.0,-1.0
0.20505,1.0,-0.9876883405951465
0.2051,1.0,-0.9510565162951728
0.20515,1.0,-0.891006524188399
0.2052,1.0,-0.8090169943749914
0.20525,1.0,-0.7071067811866049
0.2053,1.0,-0.5877852522925437
0.20535,1.0,-0.4539904997396301
0.2054,1.0,-0.3090169943750423
0.20545,1.0,-0.15643446504033554
0.2055,1.0,-1.1220797685309038e-13
0.20555,1.0,0.15643446504022618
0.2056,1.0,0.309016994374937
0.20565,1.0,0.4539904997395315
0.2057,1.0,0.5877852522923622
0.20575,1.0,0.7071067811864462
0.2058,1.0,0.8090169943749264
0.20585,1.0,0.8910065241883488
0.2059,1.0,0.9510565162951387
0.20595,1.0,0.9876883405951292
0.206,1.0,1.0
0.20605,1.0,0.9876883405951482
0.2061,1.0,0.9510565162951762
0.20615,1.0,0.8910065241884039
0.2062,1.0,0.8090169943749977
0.20625,1.0,0.7071067811866125
0.2063,1.0,0.5877852522924605
0.20635,1.0,0.45399049973963973
0.2064,1.0,0.30901699437505253
0.20645,1.0,0.1564344650403462
0.2065,1.0,1.2298858256940662e-13
0.20655,1.0,-0.15643446504021555
0.2066,1.0,-0.30901699437492675
0.20665,1.0,-0.4539904997395219
0.2067,1.0,-0.5877852522924455
0.20675,1.0,-0.7071067811864385
0.2068,1.0,-0.80901699437492
0.20685,1.0,-0.8910065241883439
0.2069,1.0,-0.9510565162951353
0.20695,1.0,-0.9876883405951276
0.207,1.0,-1.0
0.20705,1.0,-0.9876883405951499
0.2071,1.0,-0.9510565162951795
0.20715,1.0,-0.8910065241884089
0.2072,1.0,-0.8090169943750041
0.20725,1.0,-0.7071067811866201
0.2073,1.0,-0.5877852522924693
0.20735,1.0,-0.453990499739548
0.2074,1.0,-0.30901699437495467
0.20745,1.0,-0.15643446504035685
0.2075,1.0,-1.3376918828572286e-13
0.20755,1.0,0.1564344650402049
0.2076,1.0,0.3090169943749165
0.20765,1.0,0.4539904997395123
0.2077,1.0,0.5877852522924367
0.20775,1.0,0.7071067811865113
0.2078,1.0,0.8090169943749137
0.20785,1.0,0.8910065241883389
0.2079,1.0,0.951056516295132
0.20795,1.0,0.9876883405951258
0.208,1.0,1.0
0.20805,1.0,0.9876883405951338
0.2081,1.0,0.9510565162951828
0.20815,1.0,0.8910065241884138
0.2082,1.0,0.8090169943750104
0.20825,1.0,0.7071067811866277
0.2083,1.0,0.5877852522924779
0.20835,1.0,0.45399049973955763
0.2084,1.0,0.30901699437496494
0.20845,1.0,0.1564344650402552
0.2085,1.0,1.445497940020391e-13
0.20855,1.0,-0.15643446504019423
0.2086,1.0,-0.30901699437490626
0.20865,1.0,-0.4539904997395027
0.2087,1.0,-0.5877852522924281
0.20875,1.0,-0.7071067811865037
0.2088,1.0,-0.8090169943749074
0.20885,1.0,-0.891006524188334
0.2089,1.0,-0.9510565162951287
0.20895,1.0,-0.9876883405951241
0.209,1.0,-1.0
0.20905,1.0,-0.9876883405951354
0.2091,1.0,-0.9510565162951511
0.20915,1.0,-0.8910065241884186
0.2092,1.0,-0.8090169943750167
0.20925,1.0,-0.7071067811866354
0.2093,1.0,-0.5877852522924867
0.20935,1.0,-0.4539904997395673
0.2094,1.0,-0.3090169943749752
0.20945,1.0,-0.15643446504026584
0.2095,1.0,-4.1643561996739306e-14
0.20955,1.0,0.1564344650400713
0.2096,1.0,0.309016994374896
0.20965,1.0,0.45399049973949307
0.2097,1.0,0.5877852522924193
0.20975,1.0,0.7071067811864961
0.2098,1.0,0.809016994374901
0.20985,1.0,0.8910065241883292
0.2099,1.0,0.9510565162951253
0.20995,1.0,0.9876883405951224
0.21,1.0,1.0
0.21005,1.0,0.987688340595155
0.2101,1.0,0.9510565162951544
0.21015,1.0,0.8910065241883719
0.2102,1.0,0.8090169943750231
0.21025,1.0,0.7071067811866429
0.2103,1.0,0.5877852522925874
0.21035,1.0,0.45399049973957684
0.2104,1.0,0.3090169943749854
0.21045,1.0,0.1564344650402765
0.2105,1.0,5.2424167713055544e-14
0.21055,1.0,-0.15643446504017294
0.2106,1.0,-0.3090169943748857
0.21065,1.0,-0.45399049973948347
0.2107,1.0,-0.5877852522924105
0.21075,1.0,-0.7071067811864884
0.2108,1.0,-0.8090169943748946
0.21085,1.0,-0.8910065241883759
0.2109,1.0,-0.951056516295122
0.21095,1.0,-0.9876883405951208
0.211,1.0,-1.0
0.21105,1.0,-0.9876883405951566
0.2111,1.0,-0.9510565162951578
0.21115,1.0,-0.8910065241883768
0.2112,1.0,-0.8090169943749627
0.21125,1.0,-0.7071067811865702
0.2113,1.0,-0.5877852522925961
0.21135,1.0,-0.4539904997395865
0.2114,1.0,-0.3090169943749957
0.21145,1.0,-0.15643446504028716
0.2115,1.0,-6.320477342937178e-14
0.21155,1.0,0.15643446504016228
0.2116,1.0,0.30901699437487545
0.21165,1.0,0.45399049973947386
0.2117,1.0,0.5877852522924019
0.21175,1.0,0.7071067811864808
0.2118,1.0,0.8090169943748884
0.21185,1.0,0.891006524188371
0.2119,1.0,0.9510565162951538
0.21195,1.0,0.9876883405951191
0.212,1.0,1.0
0.21205,1.0,0.9876883405951583
0.2121,1.0,0.9510565162951611
0.21215,1.0,0.8910065241883817
0.2122,1.0,0.809016994374969
0.21225,1.0,0.7071067811865778
0.2123,1.0,0.5877852522925129
0.21235,1.0,0.4539904997395961
0.2124,1.0,0.30901699437500596
0.21245,1.0,0.1564344650402978
0.2125,1.0,7.398537914568802e-14
0.21255,1.0,-0.15643446504015165
0.2126,1.0,-0.30901699437486524
0.21265,1.0,-0.45399049973946426
0.2127,1.0,-0.5877852522923931
0.21275,1.0,-0.7071067811864732
0.2128,1.0,-0.809016994374882
0.21285,1.0,-0.8910065241883661
0.2129,1.0,-0.9510565162951504
0.21295,1.0,-0.9876883405951352
0.213,1.0,-1.0
0.21305,1.0,-0.98768834059516
0.2131,1.0,-0.9510565162951644
0.21315,1.0,-0.8910065241883866
0.2132,1.0,-0.8090169943749753
0.21325,1.0,-0.7071067811865854
0.2133,1.0,-0.5877852522925215
0.21335,1.0,-0.4539904997396057
0.2134,1.0,-0.30901699437501623
0.21345,1.0,-0.15643446504030845
0.2135,1.0,-8.476598486200426e-14
0.21355,1.0,0.156434465040141
0.2136,1.0,0.3090169943749631
0.21365,1.0,0.4539904997394546
0.2137,1.0,0.5877852522923844
0.21375,1.0,0.7071067811864655
0.2138,1.0,0.8090169943748756
0.21385,1.0,0.8910065241883612
0.2139,1.0,0.9510565162951471
0.21395,1.0,0.9876883405951334
0.214,1.0,1.0
0.21405,1.0,0.9876883405951616
0.2141,1.0,0.9510565162951677
0.21415,1.0,0.8910065241883914
0.2142,1.0,0.8090169943749816
0.21425,1.0,0.7071067811865931
0.2143,1.0,0.5877852522925303
0.21435,1.0,0.4539904997396153
0.2144,1.0,0.30901699437502644
0.21445,1.0,0.1564344650403191
0.2145,1.0,9.55465905783205e-14
0.21455,1.0,-0.15643446504013034
0.2146,1.0,-0.30901699437495284
0.21465,1.0,-0.4539904997395463
0.2147,1.0,-0.5877852522924677
0.21475,1.0,-0.707106781186458
0.2148,1.0,-0.8090169943748693
0.21485,1.0,-0.8910065241883564
0.2149,1.0,-0.9510565162951438
0.21495,1.0,-0.9876883405951318
0.215,1.0,-1.0
0.21505,1.0,-0.9876883405951455
0.2151,1.0,-0.9510565162951711
0.21515,1.0,-0.8910065241883963
0.2152,1.0,-0.809016994374988
0.21525,1.0,-0.7071067811866008
0.2153,1.0,-0.587785252292539
0.21535,1.0,-0.4539904997395236
0.2154,1.0,-0.3090169943750367
0.21545,1.0,-0.15643446504032973
0.2155,1.0,-1.0632719629463673e-13
0.21555,1.0,0.1564344650401197
0.2156,1.0,0.30901699437494257
0.21565,1.0,0.4539904997395367
0.2157,1.0,0.5877852522924589
0.21575,1.0,0.7071067811865307
0.2158,1.0,0.809016994374863
0.21585,1.0,0.8910065241882998
0.2159,1.0,0.9510565162951404
0.21595,1.0,0.9876883405951301
0.216,1.0,1.0
0.21605,1.0,0.9876883405951473
0.2161,1.0,0.9510565162951744
0.21615,1.0,0.8910065241884012
0.2162,1.0,0.8090169943749943
0.21625,1.0,0.7071067811866083
0.2163,1.0,0.5877852522925477
0.21635,1.0,0.4539904997396345
0.2164,1.0,0.30901699437493885
0.21645,1.0,0.1564344650403404
0.2165,1.0,1.1710780201095297e-13
0.21655,1.0,-0.15643446504010905
0.2166,1.0,-0.3090169943748242
0.21665,1.0,-0.4539904997395271
0.2167,1.0,-0.5877852522924503
0.21675,1.0,-0.7071067811865231
0.2168,1.0,-0.8090169943749235
0.21685,1.0,-0.891006524188295
0.2169,1.0,-0.9510565162951371
0.21695,1.0,-0.9876883405951284
0.217,1.0,-1.0
0.21705,1.0,-0.987688340595149
0.2171,1.0,-0.9510565162951777
0.21715,1.0,-0.8910065241884061
0.2172,1.0,-0.8090169943750006
0.21725,1.0,-0.707106781186616
0.2173,1.0,-0.5877852522925564
0.21735,1.0,-0.4539904997396441
0.2174,1.0,-0.3090169943749491
0.21745,1.0,-0.15643446504023875
0.2175,1.0,-1.278884077272692e-13
0.21755,1.0,0.15643446504009842
0.2176,1.0,0.30901699437481395
0.21765,1.0,0.4539904997395175
0.2177,1.0,0.5877852522924415
0.21775,1.0,0.7071067811865155
0.2178,1.0,0.8090169943749171
0.21785,1.0,0.8910065241883416
0.2179,1.0,0.9510565162951338
0.21795,1.0,0.9876883405951268
0.218,1.0,1.0
0.21805,1.0,0.9876883405951506
0.2181,1.0,0.9510565162951811
0.21815,1.0,0.8910065241883595
0.2182,1.0,0.809016994375007
0.21825,1.0,0.7071067811866236
0.2183,1.0,0.5877852522925652
0.21835,1.0,0.4539904997396537
0.2184,1.0,0.30901699437495933
0.21845,1.0,0.1564344650402494
0.2185,1.0,2.4982175721969417e-14
0.21855,1.0,-0.15643446504008776
0.2186,1.0,-0.3090169943748037
0.21865,1.0,-0.4539904997395079
0.2187,1.0,-0.5877852522924327
0.21875,1.0,-0.7071067811865078
0.2188,1.0,-0.8090169943749108
0.21885,1.0,-0.8910065241883367
0.2189,1.0,-0.9510565162951304
0.21895,1.0,-0.987688340595125
0.219,1.0,-1.0
0.21905,1.0,-0.9876883405951523
0.2191,1.0,-0.9510565162951844
0.21915,1.0,-0.8910065241883643
0.2192,1.0,-0.8090169943749466
0.21925,1.0,-0.7071067811866312
0.2193,1.0,-0.587785252292574
0.21935,1.0,-0.4539904997396633
0.2194,1.0,-0.3090169943749696
0.21945,1.0,-0.15643446504026004
0.2195,1.0,-3.5762781438285655e-14
0.21955,1.0,0.1564344650401894
0.2196,1.0,0.3090169943749016
0.21965,1.0,0.4539904997394983
0.2197,1.0,0.5877852522924241
0.21975,1.0,0.7071067811865003
0.2198,1.0,0.8090169943749045
0.21985,1.0,0.8910065241883318
0.2199,1.0,0.9510565162951271
0.21995,1.0,0.9876883405951233
0.22,1.0,1.0
0.22005,1.0,0.987688340595154
0.2201,1.0,0.9510565162951877
0.22015,1.0,0.8910065241883692
0.2202,1.0,0.8090169943749528
0.22025,1.0,0.7071067811865585
0.2203,1.0,0.5877852522925826
0.22035,1.0,0.4539904997396729
0.2204,1.0,0.30901699437497987
0.22045,1.0,0.1564344650402707
0.2205,1.0,4.654338715460189e-14
0.22055,1.0,-0.15643446504017874
0.2206,1.0,-0.30901699437489133
0.22065,1.0,-0.4539904997394887
0.2207,1.0,-0.5877852522924153
0.22075,1.0,-0.7071067811864926
0.2208,1.0,-0.8090169943748982
0.22085,1.0,-0.8910065241883269
0.2209,1.0,-0.951056516295159
0.22095,1.0,-0.9876883405951217
0.221,1.0,-1.0
0.22105,1.0,-0.9876883405951558
0.2211,1.0,-0.9510565162951911
0.22115,1.0,-0.8910065241883741
0.2212,1.0,-0.8090169943749592
0.22125,1.0,-0.7071067811865661
0.2213,1.0,-0.5877852522924993
0.22135,1.0,-0.45399049973968253
0.2214,1.0,-0.3090169943749901
0.22145,1.0,-0.15643446504028133
0.2215,1.0,-5.732399287091813e-14
0.22155,1.0,0.1564344650401681
0.2216,1.0,0.30901699437488106
0.22165,1.0,0.4539904997394791
0.2217,1.0,0.5877852522924066
0.22175,1.0,0.707106781186485
0.2218,1.0,0.8090169943748918
0.22185,1.0,0.891006524188322
0.2219,1.0,0.9510565162951204
0.22195,1.0,0.9876883405951378
0.222,1.0,1.0
0.22205,1.0,0.9876883405951574
0.2221,1.0,0.9510565162951944
0.22215,1.0,0.8910065241884306
0.2222,1.0,0.8090169943749655
0.22225,1.0,0.7071067811865737
0.2223,1.0,0.5877852522925081
0.22235,1.0,0.4539904997395908
0.2224,1.0,0.3090169943751085
0.22245,1.0,0.156434465040292
0.2225,1.0,6.810459858723437e-14
0.22255,1.0,-0.15643446504015746
0.2226,1.0,-0.3090169943748708
0.22265,1.0,-0.4539904997394695
0.2227,1.0,-0.5877852522923979
0.22275,1.0,-0.7071067811864774
0.2228,1.0,-0.8090169943748854
0.22285,1.0,-0.8910065241883172
0.2229,1.0,-0.9510565162951171
0.22295,1.0,-0.9876883405951361
0.223,1.0,-1.0
0.22305,1.0,-0.9876883405951413
0.2231,1.0,-0.9510565162951977
0.22315,1.0,-0.8910065241884355
0.2232,1.0,-0.8090169943749719
0.22325,1.0,-0.7071067811865813
0.2233,1.0,-0.5877852522925168
0.22335,1.0,-0.45399049973960043
0.2234,1.0,-0.3090169943750106
0.22345,1.0,-0.15643446504030264
0.2235,1.0,-7.888520430355061e-14
0.22355,1.0,0.1564344650401468
0.2236,1.0,0.3090169943748606
0.22365,1.0,0.4539904997394599
0.2237,1.0,0.5877852522924811
0.22375,1.0,0.7071067811864697
0.2238,1.0,0.8090169943748791
0.22385,1.0,0.8910065241883123
0.2239,1.0,0.9510565162951138
0.22395,1.0,0.9876883405951344
0.224,1.0,1.0
0.22405,1.0,0.987688340595143
0.2241,1.0,0.9510565162951659
0.22415,1.0,0.8910065241884404
0.2242,1.0,0.8090169943749782
0.22425,1.0,0.707106781186589
0.2243,1.0,0.5877852522925255
0.22435,1.0,0.45399049973961003
0.2244,1.0,0.30901699437502084
0.22445,1.0,0.15643446504031328
0.2245,1.0,8.966581001986684e-14
0.22455,1.0,-0.15643446504013617
0.2246,1.0,-0.3090169943748503
0.22465,1.0,-0.45399049973945027
0.2247,1.0,-0.5877852522924725
0.22475,1.0,-0.7071067811865426
0.2248,1.0,-0.8090169943748727
0.22485,1.0,-0.8910065241883074
0.2249,1.0,-0.9510565162951105
0.22495,1.0,-0.9876883405951328
0.225,1.0,-1.0
0.22505,1.0,-0.9876883405951447
0.2251,1.0,-0.9510565162951692
0.22515,1.0,-0.8910065241883937
0.2252,1.0,-0.8090169943749845
0.22525,1.0,-0.7071067811865965
0.2253,1.0,-0.5877852522925342
0.22535,1.0,-0.45399049973961964
0.2254,1.0,-0.3090169943750311
0.22545,1.0,-0.15643446504021163
0.2255,1.0,-1.0044641573618308e-13
0.22555,1.0,0.1564344650401255
0.2256,1.0,0.30901699437484004
0.22565,1.0,0.45399049973944067
0.2257,1.0,0.5877852522924637
0.22575,1.0,0.7071067811865349
0.2258,1.0,0.8090169943749332
0.22585,1.0,0.8910065241883025
0.2259,1.0,0.9510565162951071
0.22595,1.0,0.987688340595131
0.226,1.0,1.0
0.22605,1.0,0.9876883405951463
0.2261,1.0,0.9510565162951725
0.22615,1.0,0.8910065241883985
0.2262,1.0,0.8090169943749909
0.22625,1.0,0.7071067811866042
0.2263,1.0,0.587785252292543
0.22635,1.0,0.45399049973962924
0.2264,1.0,0.3090169943750414
0.22645,1.0,0.1564344650402223
0.2265,1.0,-2.4598162691167086e-15
0.22655,1.0,-0.15643446504011485
0.2266,1.0,-0.3090169943748298
0.22665,1.0,-0.45399049973943106
0.2267,1.0,-0.5877852522924549
0.22675,1.0,-0.7071067811865273
0.2268,1.0,-0.8090169943749269
0.22685,1.0,-0.8910065241883492
0.2269,1.0,-0.951056516295139
0.22695,1.0,-0.9876883405951293
0.227,1.0,-1.0
0.22705,1.0,-0.9876883405951481
0.2271,1.0,-0.9510565162951758
0.22715,1.0,-0.8910065241884034
0.2272,1.0,-0.8090169943749972
0.22725,1.0,-0.7071067811866117
0.2273,1.0,-0.5877852522925517
0.22735,1.0,-0.45399049973963884
0.2274,1.0,-0.30901699437505165
0.22745,1.0,-0.15643446504023295
0.2275,1.0,-8.320789447199529e-15
0.22755,1.0,0.1564344650402165
0.2276,1.0,0.30901699437481955
0.22765,1.0,0.45399049973942146
0.2277,1.0,0.5877852522924463
0.22775,1.0,0.7071067811865196
0.2278,1.0,0.8090169943749206
0.22785,1.0,0.8910065241883443
0.2279,1.0,0.9510565162951357
0.22795,1.0,0.9876883405951277
0.228,1.0,1.0
0.22805,1.0,0.9876883405951498
0.2281,1.0,0.9510565162951792
0.22815,1.0,0.8910065241884084
0.2282,1.0,0.8090169943750035
0.22825,1.0,0.7071067811866194
0.2283,1.0,0.5877852522925604
0.22835,1.0,0.45399049973964845
0.2284,1.0,0.30901699437506186
0.22845,1.0,0.15643446504035588
0.2285,1.0,1.9101395163515767e-14
0.22855,1.0,-0.15643446504020586
0.2286,1.0,-0.3090169943749174
0.22865,1.0,-0.45399049973941186
0.2287,1.0,-0.5877852522923456
0.22875,1.0,-0.707106781186512
0.2288,1.0,-0.8090169943749143
0.22885,1.0,-0.8910065241883394
0.2289,1.0,-0.9510565162951323
0.22895,1.0,-0.987688340595126
0.229,1.0,-1.0
0.22905,1.0,-0.9876883405951514
0.2291,1.0,-0.9510565162951825
0.22915,1.0,-0.8910065241884133
0.2292,1.0,-0.8090169943750098
0.22925,1.0,-0.7071067811865467
0.2293,1.0,-0.5877852522924771
0.22935,1.0,-0.4539904997396581
0.2294,1.0,-0.30901699437507213
0.22945,1.0,-0.1564344650403665
0.2295,1.0,-2.9882000879832005e-14
0.22955,1.0,0.1564344650401952
0.2296,1.0,0.30901699437490715
0.22965,1.0,0.4539904997395035
0.2297,1.0,0.5877852522923368
0.22975,1.0,0.7071067811865044
0.2298,1.0,0.8090169943749079
0.22985,1.0,0.8910065241883345
0.2299,1.0,0.951056516295129
0.22995,1.0,0.9876883405951243
0.23,1.0,1.0
0.23005,1.0,0.9876883405951531
0.2301,1.0,0.9510565162951858
0.23015,1.0,0.8910065241884182
0.2302,1.0,0.8090169943750162
0.23025,1.0,0.7071067811865542
0.2303,1.0,0.5877852522924859
0.23035,1.0,0.4539904997395664
0.2304,1.0,0.3090169943750824
0.23045,1.0,0.15643446504037717
0.2305,1.0,4.066260659614824e-14
0.23055,1.0,-0.15643446504018457
0.2306,1.0,-0.30901699437489694
0.23065,1.0,-0.4539904997394939
0.2307,1.0,-0.5877852522924201
0.23075,1.0,-0.7071067811864968
0.2308,1.0,-0.8090169943749016
0.23085,1.0,-0.8910065241883296
0.2309,1.0,-0.9510565162951257
0.23095,1.0,-0.9876883405951226
0.231,1.0,-1.0
0.23105,1.0,-0.9876883405951548
0.2311,1.0,-0.9510565162951892
0.23115,1.0,-0.8910065241884231
0.2312,1.0,-0.8090169943750225
0.23125,1.0,-0.7071067811865619
0.2313,1.0,-0.5877852522924946
0.23135,1.0,-0.453990499739576
0.2314,1.0,-0.30901699437498453
0.23145,1.0,-0.15643446504038783
0.2315,1.0,-5.144321231246448e-14
0.23155,1.0,0.15643446504017391
0.2316,1.0,0.30901699437488667
0.23165,1.0,0.4539904997394843
0.2317,1.0,0.5877852522924114
0.23175,1.0,0.7071067811864892
0.2318,1.0,0.8090169943748953
0.23185,1.0,0.8910065241883247
0.2319,1.0,0.9510565162951223
0.23195,1.0,0.9876883405951209
0.232,1.0,1.0
0.23205,1.0,0.9876883405951387
0.2321,1.0,0.9510565162951925
0.23215,1.0,0.891006524188428
0.2322,1.0,0.8090169943750288
0.23225,1.0,0.7071067811865696
0.2323,1.0,0.5877852522925033
0.23235,1.0,0.4539904997395856
0.2324,1.0,0.30901699437499475
0.23245,1.0,0.15643446504028619
0.2325,1.0,6.222381802878072e-14
0.23255,1.0,-0.15643446504016326
0.2326,1.0,-0.3090169943748764
0.23265,1.0,-0.4539904997394747
0.2327,1.0,-0.5877852522924026
0.23275,1.0,-0.7071067811865619
0.2328,1.0,-0.8090169943748889
0.23285,1.0,-0.8910065241883198
0.2329,1.0,-0.951056516295119
0.23295,1.0,-0.9876883405951192
0.233,1.0,-1.0
0.23305,1.0,-0.9876883405951404
0.2331,1.0,-0.9510565162951607
0.23315,1.0,-0.8910065241884328
0.2332,1.0,-0.8090169943750352
0.23325,1.0,-0.7071067811865771
0.2333,1.0,-0.587785252292512
0.23335,1.0,-0.4539904997395952
0.2334,1.0,-0.309016994375005
0.23345,1.0,-0.15643446504029682
0.2335,1.0,-7.300442374509696e-14
0.23355,1.0,0.15643446504015263
0.2336,1.0,0.3090169943748662
0.23365,1.0,0.4539904997394651
0.2337,1.0,0.5877852522923939
0.23375,1.0,0.7071067811865542
0.2338,1.0,0.8090169943749493
0.23385,1.0,0.8910065241883149
0.2339,1.0,0.9510565162951157
0.23395,1.0,0.9876883405951176
0.234,1.0,1.0
0.23405,1.0,0.9876883405951421
0.2341,1.0,0.9510565162951641
0.23415,1.0,0.8910065241883861
0.2342,1.0,0.8090169943749748
0.23425,1.0,0.7071067811865848
0.2343,1.0,0.5877852522925208
0.23435,1.0,0.4539904997396048
0.2344,1.0,0.3090169943750153
0.23445,1.0,0.15643446504030747
0.2345,1.0,8.37850294614132e-14
0.23455,1.0,-0.15643446504014197
0.2346,1.0,-0.3090169943748559
0.23465,1.0,-0.4539904997394555
0.2347,1.0,-0.5877852522923852
0.23475,1.0,-0.7071067811864663
0.2348,1.0,-0.809016994374943
0.23485,1.0,-0.8910065241883617
0.2349,1.0,-0.9510565162951123
0.23495,1.0,-0.9876883405951159
0.235,1.0,-1.0
0.23505,1.0,-0.9876883405951438
0.2351,1.0,-0.9510565162951674
0.23515,1.0,-0.891006524188391
0.2352,1.0,-0.8090169943749811
0.23525,1.0,-0.7071067811865924
0.2353,1.0,-0.5877852522925295
0.23535,1.0,-0.4539904997396144
0.2354,1.0,-0.3090169943750255
0.23545,1.0,-0.15643446504031813
0.2355,1.0,-9.456563517772943e-14
0.23555,1.0,0.1564344650401313
0.2356,1.0,0.30901699437484564
0.23565,1.0,0.4539904997394459
0.2357,1.0,0.5877852522923764
0.23575,1.0,0.7071067811864586
0.2358,1.0,0.8090169943749367
0.23585,1.0,0.8910065241883568
0.2359,1.0,0.9510565162951441
0.23595,1.0,0.9876883405951141
0.236,1.0,1.0
0.23605,1.0,0.9876883405951454
0.2361,1.0,0.9510565162951707
0.23615,1.0,0.8910065241883959
0.2362,1.0,0.8090169943749874
0.23625,1.0,0.7071067811866
0.2363,1.0,0.5877852522925382
0.23635,1.0,0.453990499739624
0.2364,1.0,0.30901699437503577
0.23645,1.0,0.15643446504032876
0.2365,1.0,1.0534624089404567e-13
0.23655,1.0,-0.15643446504023295
0.2366,1.0,-0.3090169943748354
0.23665,1.0,-0.4539904997394363
0.2367,1.0,-0.5877852522923678
0.23675,1.0,-0.7071067811864511
0.2368,1.0,-0.8090169943749304
0.23685,1.0,-0.8910065241883519
0.2369,1.0,-0.9510565162951408
0.23695,1.0,-0.9876883405951302
0.237,1.0,-1.0
0.23705,1.0,-0.9876883405951471
0.2371,1.0,-0.9510565162951741
0.23715,1.0,-0.8910065241884008
0.2372,1.0,-0.8090169943749937
0.23725,1.0,-0.7071067811866076
0.2373,1.0,-0.587785252292547
0.23735,1.0,-0.4539904997396336
0.2374,1.0,-0.30901699437504604
0.23745,1.0,-0.15643446504033942
0.2375,1.0,-1.161268466103619e-13
0.23755,1.0,0.15643446504022232
0.2376,1.0,0.30901699437493324
0.23765,1.0,0.453990499739528
0.2377,1.0,0.587785252292359
0.23775,1.0,0.7071067811864434
0.2378,1.0,0.809016994374924
0.23785,1.0,0.891006524188347
0.2379,1.0,0.9510565162951374
0.23795,1.0,0.9876883405951286
0.238,1.0,1.0
0.23805,1.0,0.9876883405951489
0.2381,1.0,0.9510565162951774
0.23815,1.0,0.8910065241884056
0.2382,1.0,0.8090169943750001
0.23825,1.0,0.7071067811866153
0.2383,1.0,0.5877852522924637
0.23835,1.0,0.4539904997396432
0.2384,1.0,0.3090169943750563
0.23845,1.0,0.15643446504035008
0.2385,1.0,1.2690745232667815e-13
0.23855,1.0,-0.15643446504021166
0.2386,1.0,-0.309016994374923
0.23865,1.0,-0.4539904997395184
0.2387,1.0,-0.5877852522924423
0.23875,1.0,-0.7071067811864358
0.2388,1.0,-0.8090169943749177
0.23885,1.0,-0.8910065241883421
0.2389,1.0,-0.9510565162951341
0.23895,1.0,-0.9876883405951269
0.239,1.0,-1.0
0.23905,1.0,-0.9876883405951505
0.2391,1.0,-0.9510565162951807
0.23915,1.0,-0.8910065241884106
0.2392,1.0,-0.8090169943750064
0.23925,1.0,-0.7071067811866228
0.2393,1.0,-0.5877852522924724
0.23935,1.0,-0.4539904997395515
0.2394,1.0,-0.3090169943750665
0.23945,1.0,-0.1564344650403607
0.2395,1.0,-1.3768805804299438e-13
0.23955,1.0,0.156434465040201
0.2396,1.0,0.30901699437491276
0.23965,1.0,0.4539904997395088
0.2397,1.0,0.5877852522924336
0.23975,1.0,0.7071067811865086
0.2398,1.0,0.8090169943749114
0.23985,1.0,0.8910065241883371
0.2399,1.0,0.9510565162951308
0.23995,1.0,0.9876883405951252
0.24,1.0,1.0
0.24005,1.0,0.9876883405951344
0.2401,1.0,0.9510565162951841
0.24015,1.0,0.8910065241884155
0.2402,1.0,0.8090169943750127
0.24025,1.0,0.7071067811866305
0.2403,1.0,0.5877852522924811
0.24035,1.0,0.4539904997395611
0.2404,1.0,0.30901699437496866
0.24045,1.0,0.15643446504037137
0.2405,1.0,1.4846866375931062e-13
0.24055,1.0,-0.15643446504019037
0.2406,1.0,-0.3090169943749025
0.24065,1.0,-0.4539904997394992
0.2407,1.0,-0.5877852522924248
0.24075,1.0,-0.7071067811865009
0.2408,1.0,-0.809016994374905
0.24085,1.0,-0.8910065241883323
0.2409,1.0,-0.9510565162951274
0.24095,1.0,-0.9876883405951236
0.241,1.0,-1.0
0.24105,1.0,-0.9876883405951539
0.2411,1.0,-0.9510565162951523
0.24115,1.0,-0.8910065241884204
0.2412,1.0,-0.8090169943750191
0.24125,1.0,-0.7071067811866382
0.2413,1.0,-0.5877852522925818
0.24135,1.0,-0.45399049973957073
0.2414,1.0,-0.3090169943749789
0.24145,1.0,-0.15643446504026973
0.2415,1.0,-4.556243175401083e-14
0.24155,1.0,0.15643446504006744
0.2416,1.0,0.3090169943748923
0.24165,1.0,0.4539904997394896
0.2417,1.0,0.5877852522924161
0.24175,1.0,0.7071067811864933
0.2418,1.0,0.8090169943748987
0.24185,1.0,0.8910065241883274
0.2419,1.0,0.9510565162951241
0.24195,1.0,0.9876883405951218
0.242,1.0,1.0
0.24205,1.0,0.9876883405951555
0.2421,1.0,0.9510565162951556
0.24215,1.0,0.8910065241883737
0.2422,1.0,0.8090169943750254
0.24225,1.0,0.7071067811866457
0.2423,1.0,0.5877852522925906
0.24235,1.0,0.45399049973958033
0.2424,1.0,0.3090169943749892
0.24245,1.0,0.15643446504028038
0.2425,1.0,5.6343037470327075e-14
0.24255,1.0,-0.15643446504016909
0.2426,1.0,-0.309016994374882
0.24265,1.0,-0.45399049973947997
0.2427,1.0,-0.5877852522924074
0.24275,1.0,-0.7071067811864857
0.2428,1.0,-0.8090169943748924
0.24285,1.0,-0.8910065241883225
0.2429,1.0,-0.9510565162951208
0.24295,1.0,-0.9876883405951201
0.243,1.0,-1.0
0.24305,1.0,-0.9876883405951572
0.2431,1.0,-0.951056516295159
0.24315,1.0,-0.8910065241883786
0.2432,1.0,-0.8090169943749649
0.24325,1.0,-0.7071067811866534
0.2433,1.0,-0.5877852522925993
0.24335,1.0,-0.45399049973958994
0.2434,1.0,-0.3090169943749994
0.24345,1.0,-0.15643446504029102
0.2435,1.0,-6.71236431866433e-14
0.24355,1.0,0.15643446504015843
0.2436,1.0,0.30901699437487173
0.24365,1.0,0.45399049973947037
0.2437,1.0,0.5877852522923986
0.24375,1.0,0.7071067811864781
0.2438,1.0,0.8090169943748861
0.24385,1.0,0.8910065241883692
0.2439,1.0,0.9510565162951174
0.24395,1.0,0.9876883405951185
0.244,1.0,1.0
0.24405,1.0,0.987688340595159
0.2441,1.0,0.9510565162951623
0.24415,1.0,0.8910065241883834
0.2442,1.0,0.8090169943749712
0.24425,1.0,0.7071067811865807
0.2443,1.0,0.587785252292608
0.24435,1.0,0.4539904997395996
0.2444,1.0,0.3090169943750097
0.24445,1.0,0.15643446504030167
0.2445,1.0,7.790424890295954e-14
0.24455,1.0,-0.15643446504014777
0.2446,1.0,-0.3090169943748615
0.24465,1.0,-0.45399049973946076
0.2447,1.0,-0.58778525229239
0.24475,1.0,-0.7071067811864704
0.2448,1.0,-0.8090169943748797
0.24485,1.0,-0.8910065241883643
0.2449,1.0,-0.9510565162951492
0.24495,1.0,-0.9876883405951346
0.245,1.0,-1.0
0.24505,1.0,-0.9876883405951606
0.2451,1.0,-0.9510565162951656
0.24515,1.0,-0.8910065241883883
0.2452,1.0,-0.8090169943749776
0.24525,1.0,-0.7071067811865882
0.2453,1.0,-0.5877852522925248
0.24535,1.0,-0.4539904997396092
0.2454,1.0,-0.30901699437501995
0.24545,1.0,-0.1564344650403123
0.2455,1.0,-8.868485461927578e-14
0.24555,1.0,0.15643446504013714
0.2456,1.0,0.3090169943749594
0.24565,1.0,0.45399049973945116
0.2457,1.0,0.5877852522923812
0.24575,1.0,0.7071067811864629
0.2458,1.0,0.8090169943748733
0.24585,1.0,0.8910065241883595
0.2459,1.0,0.9510565162951459
0.24595,1.0,0.9876883405951329
0.246,1.0,1.0
0.24605,1.0,0.9876883405951623
0.2461,1.0,0.951056516295169
0.24615,1.0,0.8910065241883932
0.2462,1.0,0.809016994374984
0.24625,1.0,0.7071067811865959
0.2463,1.0,0.5877852522925334
0.24635,1.0,0.4539904997396188
0.2464,1.0,0.30901699437503016
0.24645,1.0,0.15643446504032296
0.2465,1.0,9.946546033559202e-14
0.24655,1.0,-0.15643446504012648
0.2466,1.0,-0.3090169943749491
0.24665,1.0,-0.4539904997395428
0.2467,1.0,-0.5877852522923726
0.24675,1.0,-0.7071067811864552
0.2468,1.0,-0.809016994374867
0.24685,1.0,-0.8910065241883546
0.2469,1.0,-0.9510565162951425
0.24695,1.0,-0.9876883405951312
0.247,1.0,-1.0
0.24705,1.0,-0.9876883405951462
0.2471,1.0,-0.9510565162952074
0.24715,1.0,-0.8910065241883981
0.2472,1.0,-0.8090169943749903
0.24725,1.0,-0.7071067811866034
0.2473,1.0,-0.5877852522925422
0.24735,1.0,-0.4539904997396284
0.2474,1.0,-0.30901699437504043
0.24745,1.0,-0.15643446504033362
0.2475,1.0,-1.1024606605190826e-13
0.24755,1.0,0.15643446504011582
0.2476,1.0,0.3090169943748307
0.24765,1.0,0.4539904997395332
0.2477,1.0,0.5877852522924558
0.24775,1.0,0.7071067811864475
0.2478,1.0,0.8090169943748606
0.24785,1.0,0.8910065241882981
0.2479,1.0,0.9510565162951392
0.24795,1.0,0.9876883405951296
0.248,1.0,1.0
0.24805,1.0,0.9876883405951479
0.2481,1.0,0.9510565162951756
0.24815,1.0,0.891006524188403
0.2482,1.0,0.8090169943749966
0.24825,1.0,0.7071067811866111
0.2483,1.0,0.5877852522925509
0.24835,1.0,0.453990499739638
0.2484,1.0,0.30901699437494257
0.24845,1.0,0.15643446504034425
0.2485,1.0,1.210266717682245e-13
0.24855,1.0,-0.1564344650401052
0.2486,1.0,-0.3090169943748205
0.24865,1.0,-0.4539904997395236
0.2487,1.0,-0.587785252292447
0.24875,1.0,-0.7071067811865204
0.2488,1.0,-0.8090169943749211
0.24885,1.0,-0.8910065241882932
0.2489,1.0,-0.9510565162951359
0.24895,1.0,-0.9876883405951278
0.249,1.0,-1.0
0.24905,1.0,-0.9876883405951495
0.2491,1.0,-0.951056516295179
0.24915,1.0,-0.891006524188408
0.2492,1.0,-0.809016994375003
0.24925,1.0,-0.7071067811866187
0.2493,1.0,-0.5877852522925596
0.24935,1.0,-0.4539904997396476
0.2494,1.0,-0.30901699437495284
0.24945,1.0,-0.1564344650402426
0.2495,1.0,-1.3180727748454073e-13
0.24955,1.0,0.15643446504009453
0.2496,1.0,0.3090169943748102
0.24965,1.0,0.453990499739514
0.2497,1.0,0.5877852522924383
0.24975,1.0,0.7071067811865127
0.2498,1.0,0.8090169943749148
0.24985,1.0,0.8910065241883398
0.2499,1.0,0.9510565162951325
0.24995,1.0,0.9876883405951261
0.25,1.0,1.0
0.25005,1.0,0.9876883405951513
0.2501,1.0,0.9510565162951823
0.25015,1.0,0.8910065241884129
0.2502,1.0,0.8090169943750093
0.25025,1.0,0.7071067811866263
0.2503,1.0,0.5877852522924764
0.25035,1.0,0.4539904997395559
0.2504,1.0,0.30901699437496305
0.25045,1.0,0.15643446504025327
0.2505,1.0,2.890104547924095e-14
0.25055,1.0,-0.1564344650400839
0.2506,1.0,-0.30901699437479996
0.25065,1.0,-0.4539904997394031
0.2507,1.0,-0.5877852522923377
0.25075,1.0,-0.7071067811864247
0.2508,1.0,-0.8090169943749753
0.25085,1.0,-0.8910065241883349
0.2509,1.0,-0.9510565162951292
0.25095,1.0,-0.9876883405951244
0.251,1.0,-1.0
0.25105,1.0,-0.987688340595153
0.2511,1.0,-0.9510565162951856
0.25115,1.0,-0.8910065241884177
0.2512,1.0,-0.8090169943750156
0.25125,1.0,-0.707106781186634
0.2513,1.0,-0.5877852522924851
0.25135,1.0,-0.4539904997395655
0.2514,1.0,-0.3090169943749733
0.25145,1.0,-0.15643446504026393
0.2515,1.0,-3.9681651195557186e-14
0.25155,1.0,0.15643446504018552
0.2516,1.0,0.30901699437478974
0.25165,1.0,0.4539904997393935
0.2517,1.0,0.5877852522923289
0.25175,1.0,0.7071067811864171
0.2518,1.0,0.809016994374969
0.25185,1.0,0.8910065241883817
0.2519,1.0,0.9510565162951259
0.25195,1.0,0.9876883405951228
0.252,1.0,1.0
0.25205,1.0,0.9876883405951546
0.2521,1.0,0.951056516295189
0.25215,1.0,0.8910065241884226
0.2522,1.0,0.809016994375022
0.25225,1.0,0.7071067811866416
0.2523,1.0,0.5877852522924938
0.25235,1.0,0.4539904997395751
0.2524,1.0,0.3090169943749836
0.25245,1.0,0.15643446504027456
0.2525,1.0,5.0462256911873424e-14
0.25255,1.0,-0.15643446504017489
0.2526,1.0,-0.3090169943748876
0.25265,1.0,-0.4539904997393839
0.2527,1.0,-0.5877852522923201
0.25275,1.0,-0.7071067811864095
0.2528,1.0,-0.8090169943749627
0.25285,1.0,-0.8910065241883768
0.2529,1.0,-0.9510565162951578
0.25295,1.0,-0.9876883405951211
0.253,1.0,-1.0
0.25305,1.0,-0.9876883405951563
0.2531,1.0,-0.9510565162951923
0.25315,1.0,-0.8910065241884275
0.2532,1.0,-0.8090169943750283
0.25325,1.0,-0.7071067811866492
0.2533,1.0,-0.5877852522925026
0.25335,1.0,-0.4539904997395847
0.2534,1.0,-0.30901699437499386
0.25345,1.0,-0.15643446504028521
0.2535,1.0,-6.124286262818966e-14
0.25355,1.0,0.15643446504016423
0.2536,1.0,0.30901699437487734
0.25365,1.0,0.4539904997394756
0.2537,1.0,0.5877852522924034
0.25375,1.0,0.7071067811864018
0.2538,1.0,0.8090169943749563
0.25385,1.0,0.8910065241883719
0.2539,1.0,0.9510565162951544
0.25395,1.0,0.9876883405951372
0.254,1.0,1.0
0.25405,1.0,0.987688340595158
0.2541,1.0,0.9510565162951956
0.25415,1.0,0.8910065241884324
0.2542,1.0,0.8090169943750346
0.25425,1.0,0.7071067811866568
0.2543,1.0,0.5877852522925112
0.25435,1.0,0.4539904997395943
0.2544,1.0,0.3090169943750041
0.25445,1.0,0.15643446504029587
0.2545,1.0,7.20234683445059e-14
0.25455,1.0,-0.1564344650401536
0.2546,1.0,-0.30901699437486707
0.25465,1.0,-0.453990499739466
0.2547,1.0,-0.5877852522923948
0.25475,1.0,-0.7071067811864746
0.2548,1.0,-0.80901699437495
0.25485,1.0,-0.891006524188367
0.2549,1.0,-0.9510565162951511
0.25495,1.0,-0.9876883405951354
0.255,1.0,-1.0
0.25505,1.0,-0.9876883405951598
0.2551,1.0,-0.9510565162951989
0.25515,1.0,-0.8910065241884373
0.2552,1.0,-0.8090169943750409
0.25525,1.0,-0.7071067811866645
0.2553,1.0,-0.587785252292428
0.25535,1.0,-0.4539904997396039
0.2554,1.0,-0.30901699437501434
0.25545,1.0,-0.1564344650403065
0.2555,1.0,-8.280407406082213e-14
0.25555,1.0,0.15643446504014294
0.2556,1.0,0.30901699437485686
0.25565,1.0,0.4539904997394564
0.2557,1.0,0.587785252292386
0.25575,1.0,0.707106781186467
0.2558,1.0,0.8090169943749437
0.25585,1.0,0.8910065241883621
0.2559,1.0,0.9510565162951478
0.25595,1.0,0.9876883405951338
0.256,1.0,1.0
0.25605,1.0,0.9876883405951437
0.2561,1.0,0.9510565162951671
0.25615,1.0,0.8910065241884422
0.2562,1.0,0.8090169943750473
0.25625,1.0,0.707106781186672
0.2563,1.0,0.5877852522926207
0.25635,1.0,0.4539904997395122
0.2564,1.0,0.3090169943750246
0.25645,1.0,0.15643446504031716
0.2565,1.0,9.358467977713837e-14
0.25655,1.0,-0.15643446504013228
0.2566,1.0,-0.3090169943748466
0.25665,1.0,-0.4539904997394468
0.2567,1.0,-0.5877852522923773
0.25675,1.0,-0.7071067811864593
0.2568,1.0,-0.8090169943748705
0.25685,1.0,-0.8910065241883572
0.2569,1.0,-0.9510565162951444
0.25695,1.0,-0.9876883405951321
0.257,1.0,-1.0
0.25705,1.0,-0.9876883405951453
0.2571,1.0,-0.9510565162951704
0.25715,1.0,-0.8910065241883954
0.2572,1.0,-0.8090169943750537
0.25725,1.0,-0.7071067811866797
0.2573,1.0,-0.5877852522926293
0.25735,1.0,-0.4539904997395218
0.2574,1.0,-0.30901699437492675
0.25745,1.0,-0.1564344650403278
0.2575,1.0,-1.0436528549345461e-13
0.25755,1.0,0.15643446504012165
0.2576,1.0,0.3090169943748363
0.25765,1.0,0.45399049973943717
0.2577,1.0,0.5877852522923686
0.25775,1.0,0.7071067811864518
0.2578,1.0,0.8090169943748641
0.25785,1.0,0.8910065241883524
0.2579,1.0,0.9510565162951411
0.25795,1.0,0.9876883405951304
0.258,1.0,1.0
0.25805,1.0,0.987688340595147
0.2581,1.0,0.9510565162951737
0.25815,1.0,0.8910065241884003
0.2582,1.0,0.8090169943749932
0.25825,1.0,0.7071067811866873
0.2583,1.0,0.5877852522926381
0.25835,1.0,0.45399049973953143
0.2584,1.0,0.30901699437493696
0.25845,1.0,0.15643446504022615
0.2585,1.0,1.1514589120977085e-13
0.25855,1.0,-0.156434465040111
0.2586,1.0,-0.3090169943748261
0.25865,1.0,-0.45399049973942757
0.2587,1.0,-0.5877852522923598
0.25875,1.0,-0.7071067811864441
0.2588,1.0,-0.8090169943748577
0.25885,1.0,-0.8910065241883475
0.2589,1.0,-0.9510565162951378
0.25895,1.0,-0.9876883405951288
0.259,1.0,-1.0
0.25905,1.0,-0.9876883405951487
0.2591,1.0,-0.9510565162951771
0.25915,1.0,-0.8910065241884052
0.2592,1.0,-0.8090169943749995
0.25925,1.0,-0.7071067811866146
0.2593,1.0,-0.5877852522926469
0.25935,1.0,-0.4539904997395411
0.2594,1.0,-0.30901699437494723
0.25945,1.0,-0.1564344650402368
0.2595,1.0,-1.223965920447106e-14
0.25955,1.0,0.15643446504021263
0.2596,1.0,0.30901699437481583
0.25965,1.0,0.45399049973941796
0.2597,1.0,0.5877852522923511
0.25975,1.0,0.7071067811864364
0.2598,1.0,0.8090169943748514
0.25985,1.0,0.8910065241883426
0.2599,1.0,0.9510565162951344
0.25995,1.0,0.987688340595127
0.26,1.0,1.0
0.26005,1.0,0.9876883405951503
0.2601,1.0,0.9510565162951804
0.26015,1.0,0.8910065241884102
0.2602,1.0,0.8090169943750058
0.26025,1.0,0.7071067811866222
0.2603,1.0,0.5877852522925636
0.26035,1.0,0.4539904997395507
0.2604,1.0,0.3090169943749575
0.26045,1.0,0.15643446504024747
0.2605,1.0,2.3020264920787298e-14
0.26055,1.0,-0.15643446504020198
0.2606,1.0,-0.3090169943749137
0.26065,1.0,-0.45399049973940836
0.2607,1.0,-0.5877852522923424
0.26075,1.0,-0.7071067811864289
0.2608,1.0,-0.8090169943748451
0.26085,1.0,-0.8910065241883892
0.2609,1.0,-0.9510565162951311
0.26095,1.0,-0.9876883405951253
0.261,1.0,-1.0
0.26105,1.0,-0.987688340595152
0.2611,1.0,-0.9510565162951837
0.26115,1.0,-0.8910065241884151
0.2612,1.0,-0.8090169943750122
0.26125,1.0,-0.7071067811866298
0.2613,1.0,-0.5877852522925723
0.26135,1.0,-0.4539904997395603
0.2614,1.0,-0.3090169943749677
0.26145,1.0,-0.1564344650402581
0.2615,1.0,-3.3800870637103536e-14
0.26155,1.0,0.15643446504019135
0.2616,1.0,0.30901699437490343
0.26165,1.0,0.4539904997395
0.2617,1.0,0.5877852522923337
0.26175,1.0,0.7071067811864212
0.2618,1.0,0.8090169943748388
0.26185,1.0,0.8910065241883843
0.2619,1.0,0.9510565162951629
0.26195,1.0,0.9876883405951237
0.262,1.0,1.0
0.26205,1.0,0.9876883405951538
0.2621,1.0,0.9510565162951871
0.26215,1.0,0.89100652418842
0.2622,1.0,0.8090169943750185
0.26225,1.0,0.7071067811866375
0.2623,1.0,0.587785252292581
0.26235,1.0,0.4539904997395699
0.2624,1.0,0.309016994374978
0.26245,1.0,0.15643446504026876
0.2625,1.0,4.4581476353419774e-14
0.26255,1.0,-0.1564344650401807
0.2626,1.0,-0.30901699437489316
0.26265,1.0,-0.45399049973949046
0.2627,1.0,-0.587785252292417
0.26275,1.0,-0.7071067811864136
0.2628,1.0,-0.8090169943748324
0.26285,1.0,-0.8910065241882762
0.2629,1.0,-0.9510565162951595
0.26295,1.0,-0.9876883405951398
0.263,1.0,-1.0
0.26305,1.0,-0.9876883405951554
0.2631,1.0,-0.9510565162951904
0.26315,1.0,-0.8910065241884249
0.2632,1.0,-0.8090169943750248
0.26325,1.0,-0.707106781186645
0.2633,1.0,-0.5877852522925897
0.26335,1.0,-0.45399049973968075
0.2634,1.0,-0.30901699437498825
0.26345,1.0,-0.1564344650402794
0.2635,1.0,-5.536208206973601e-14
0.26355,1.0,0.15643446504017003
0.2636,1.0,0.30901699437488295
0.26365,1.0,0.4539904997394808
0.2637,1.0,0.5877852522924082
0.26375,1.0,0.7071067811864864
0.2638,1.0,0.8090169943748261
0.26385,1.0,0.8910065241882713
0.2639,1.0,0.9510565162951562
0.26395,1.0,0.9876883405951381
0.264,1.0,1.0
0.26405,1.0,0.9876883405951393
0.2641,1.0,0.9510565162951937
0.26415,1.0,0.8910065241884297
0.2642,1.0,0.8090169943750312
0.26425,1.0,0.7071067811866527
0.2643,1.0,0.5877852522925985
0.26435,1.0,0.4539904997396904
0.2644,1.0,0.30901699437499847
0.26445,1.0,0.15643446504029004
0.2645,1.0,6.614268778605226e-14
0.26455,1.0,-0.1564344650401594
0.2646,1.0,-0.3090169943748727
0.26465,1.0,-0.4539904997394712
0.2647,1.0,-0.5877852522923995
0.26475,1.0,-0.7071067811864787
0.2648,1.0,-0.8090169943748866
0.26485,1.0,-0.891006524188318
0.2649,1.0,-0.9510565162951529
0.26495,1.0,-0.9876883405951364
0.265,1.0,-1.0
0.26505,1.0,-0.987688340595141
0.2651,1.0,-0.951056516295162
0.26515,1.0,-0.8910065241884346
0.2652,1.0,-0.8090169943750375
0.26525,1.0,-0.7071067811866604
0.2653,1.0,-0.5877852522926071
0.26535,1.0,-0.45399049973969996
0.2654,1.0,-0.3090169943749006
0.26545,1.0,-0.1564344650403007
0.2655,1.0,-7.69232935023685e-14
0.26555,1.0,0.15643446504014874
0.2656,1.0,0.3090169943748624
0.26565,1.0,0.4539904997394616
0.2657,1.0,0.5877852522923908
0.26575,1.0,0.7071067811864711
0.2658,1.0,0.8090169943748803
0.26585,1.0,0.8910065241883132
0.2659,1.0,0.9510565162951495
0.26595,1.0,0.9876883405951347
0.266,1.0,1.0
0.26605,1.0,0.9876883405951427
0.2661,1.0,0.9510565162951653
0.26615,1.0,0.8910065241883879
0.2662,1.0,0.8090169943750438
0.26625,1.0,0.7071067811866679
0.2663,1.0,0.5877852522926159
0.26635,1.0,0.4539904997397096
0.2664,1.0,0.30901699437491087
0.26645,1.0,0.15643446504019906
0.2665,1.0,8.770389921868473e-14
0.26655,1.0,-0.1564344650401381
0.2666,1.0,-0.3090169943748522
0.26665,1.0,-0.453990499739452
0.2667,1.0,-0.587785252292382
0.26675,1.0,-0.7071067811864635
0.2668,1.0,-0.809016994374874
0.26685,1.0,-0.8910065241883083
0.2669,1.0,-0.9510565162951462
0.26695,1.0,-0.987688340595133
0.267,1.0,-1.0
0.26705,1.0,-0.9876883405951443
0.2671,1.0,-0.9510565162951686
0.26715,1.0,-0.8910065241883928
0.2672,1.0,-0.8090169943749834
0.26725,1.0,-0.7071067811866756
0.2673,1.0,-0.5877852522926247
0.26735,1.0,-0.4539904997397192
0.2674,1.0,-0.30901699437492114
0.26745,1.0,-0.15643446504020972
0.2675,1.0,1.5202332786615066e-14
0.26755,1.0,0.15643446504012745
0.2676,1.0,0.3090169943748419
0.26765,1.0,0.4539904997394424
0.2677,1.0,0.5877852522923733
0.26775,1.0,0.7071067811864559
0.2678,1.0,0.8090169943748676
0.26785,1.0,0.8910065241883034
0.2679,1.0,0.9510565162951429
0.26795,1.0,0.9876883405951313
0.268,1.0,1.0
0.26805,1.0,0.9876883405951461
0.2681,1.0,0.951056516295172
0.26815,1.0,0.8910065241883977
0.2682,1.0,0.8090169943749896
0.26825,1.0,0.7071067811866028
0.2683,1.0,0.5877852522925414
0.26835,1.0,0.4539904997397288
0.2684,1.0,0.30901699437493135
0.26845,1.0,0.15643446504022035
0.2685,1.0,-4.421727070298827e-15
0.26855,1.0,-0.1564344650402291
0.2686,1.0,-0.30901699437483166
0.26865,1.0,-0.4539904997394328
0.2687,1.0,-0.5877852522923646
0.26875,1.0,-0.7071067811864483
0.2688,1.0,-0.8090169943748613
0.26885,1.0,-0.8910065241882985
0.2689,1.0,-0.9510565162951045
0.26895,1.0,-0.9876883405951297
0.269,1.0,-1.0
0.26905,1.0,-0.9876883405951478
0.2691,1.0,-0.9510565162951753
0.26915,1.0,-0.8910065241884025
0.2692,1.0,-0.8090169943749961
0.26925,1.0,-0.7071067811866104
0.2693,1.0,-0.5877852522925501
0.26935,1.0,-0.4539904997396371
0.2694,1.0,-0.3090169943751579
0.26945,1.0,-0.156434465040231
0.2695,1.0,-6.358878646017411e-15
0.26955,1.0,0.15643446504021843
0.2696,1.0,0.3090169943749295
0.26965,1.0,0.4539904997394232
0.2697,1.0,0.5877852522923559
0.26975,1.0,0.7071067811864407
0.2698,1.0,0.809016994374855
0.26985,1.0,0.8910065241882936
0.2699,1.0,0.9510565162951011
0.26995,1.0,0.987688340595128
0.27,1.0,1.0
0.27005,1.0,0.9876883405951494
0.2701,1.0,0.9510565162951786
0.27015,1.0,0.8910065241884074
0.2702,1.0,0.8090169943750024
0.27025,1.0,0.7071067811866181
0.2703,1.0,0.5877852522925588
0.27035,1.0,0.4539904997396467
0.2704,1.0,0.30901699437506003
0.27045,1.0,0.15643446504024164
0.2705,1.0,1.713948436233365e-14
0.27055,1.0,-0.1564344650402078
0.2706,1.0,-0.3090169943749193
0.27065,1.0,-0.4539904997395149
0.2707,1.0,-0.5877852522923471
0.27075,1.0,-0.707106781186433
0.2708,1.0,-0.8090169943748485
0.27085,1.0,-0.8910065241882887
0.2709,1.0,-0.9510565162950978
0.27095,1.0,-0.9876883405951441
0.271,1.0,-1.0
0.27105,1.0,-0.9876883405951511
0.2711,1.0,-0.951056516295182
0.27115,1.0,-0.8910065241884124
0.2712,1.0,-0.8090169943750087
0.27125,1.0,-0.7071067811866256
0.2713,1.0,-0.5877852522925675
0.27135,1.0,-0.45399049973965633
0.2714,1.0,-0.30901699437507024
0.27145,1.0,-0.1564344650402523
0.2715,1.0,-2.792009007864989e-14
0.27155,1.0,0.15643446504019715
0.2716,1.0,0.30901699437490904
0.27165,1.0,0.4539904997395053
0.2717,1.0,0.5877852522924304
0.27175,1.0,0.7071067811865058
0.2718,1.0,0.8090169943748422
0.27185,1.0,0.8910065241882839
0.2719,1.0,0.9510565162950945
0.27195,1.0,0.9876883405951424
0.272,1.0,1.0
0.27205,1.0,0.9876883405951528
0.2721,1.0,0.9510565162951853
0.27215,1.0,0.8910065241884173
0.2722,1.0,0.8090169943750151
0.27225,1.0,0.7071067811866333
0.2723,1.0,0.5877852522925763
0.27235,1.0,0.45399049973966593
0.2724,1.0,0.3090169943750805
0.27245,1.0,0.15643446504026295
0.2725,1.0,3.8700695794966123e-14
0.27255,1.0,-0.1564344650401865
0.2726,1.0,-0.30901699437489877
0.27265,1.0,-0.4539904997394957
0.2727,1.0,-0.5877852522924216
0.27275,1.0,-0.7071067811864982
0.2728,1.0,-0.8090169943749027
0.27285,1.0,-0.8910065241882789
0.2729,1.0,-0.9510565162950911
0.27295,1.0,-0.9876883405951407
0.273,1.0,-1.0
0.27305,1.0,-0.9876883405951367
0.2731,1.0,-0.9510565162951886
0.27315,1.0,-0.8910065241884222
0.2732,1.0,-0.8090169943750214
0.27325,1.0,-0.7071067811866409
0.2733,1.0,-0.587785252292585
0.27335,1.0,-0.45399049973967553
0.2734,1.0,-0.3090169943750908
0.27345,1.0,-0.15643446504027358
0.2735,1.0,-4.948130151128236e-14
0.27355,1.0,0.15643446504017586
0.2736,1.0,0.30901699437488855
0.27365,1.0,0.4539904997394861
0.2737,1.0,0.587785252292413
0.27375,1.0,0.7071067811864905
0.2738,1.0,0.8090169943748964
0.27385,1.0,0.8910065241883256
0.2739,1.0,0.9510565162950878
0.27395,1.0,0.987688340595139
0.274,1.0,1.0
0.27405,1.0,0.9876883405951384
0.2741,1.0,0.9510565162951569
0.27415,1.0,0.8910065241883754
0.2742,1.0,0.8090169943750277
0.27425,1.0,0.7071067811866485
0.2743,1.0,0.5877852522925937
0.27435,1.0,0.45399049973968514
0.2744,1.0,0.309016994375101
0.27445,1.0,0.15643446504028424
0.2745,1.0,6.02619072275986e-14
0.27455,1.0,-0.1564344650401652
0.2746,1.0,-0.3090169943748783
0.27465,1.0,-0.45399049973947647
0.2747,1.0,-0.5877852522924042
0.27475,1.0,-0.707106781186483
0.2748,1.0,-0.80901699437489
0.27485,1.0,-0.8910065241883207
0.2749,1.0,-0.9510565162951196
0.27495,1.0,-0.9876883405951373
0.275,1.0,-1.0
0.27505,1.0,-0.9876883405951401
0.2751,1.0,-0.9510565162951602
0.27515,1.0,-0.8910065241883803
0.2752,1.0,-0.8090169943749672
0.27525,1.0,-0.7071067811866562
0.2753,1.0,-0.5877852522926025
0.27535,1.0,-0.45399049973969474
0.2754,1.0,-0.30901699437511126
0.27545,1.0,-0.15643446504040717
0.2755,1.0,-7.104251294391484e-14
0.27555,1.0,0.15643446504015454
0.2756,1.0,0.309016994374868
0.27565,1.0,0.45399049973946687
0.2757,1.0,0.5877852522923955
0.27575,1.0,0.7071067811864753
0.2758,1.0,0.8090169943748837
0.27585,1.0,0.8910065241883158
0.2759,1.0,0.9510565162951162
0.27595,1.0,0.9876883405951179
0.276,1.0,1.0
0.27605,1.0,0.9876883405951418
0.2761,1.0,0.9510565162951635
0.27615,1.0,0.8910065241883852
0.2762,1.0,0.8090169943749735
0.27625,1.0,0.7071067811865834
0.2763,1.0,0.5877852522926111
0.27635,1.0,0.45399049973970435
0.2764,1.0,0.30901699437512153
0.27645,1.0,0.15643446504041783
0.2765,1.0,-3.1863719061384955e-14
0.27655,1.0,-0.1564344650401439
0.2766,1.0,-0.30901699437485775
0.27665,1.0,-0.45399049973945726
0.2767,1.0,-0.5877852522923868
0.27675,1.0,-0.7071067811864676
0.2768,1.0,-0.8090169943748774
0.27685,1.0,-0.8910065241883109
0.2769,1.0,-0.9510565162951129
0.27695,1.0,-0.9876883405951161
0.277,1.0,-1.0
0.27705,1.0,-0.9876883405951434
0.2771,1.0,-0.9510565162951669
0.27715,1.0,-0.8910065241883901
0.2772,1.0,-0.8090169943749799
0.27725,1.0,-0.707106781186591
0.2773,1.0,-0.5877852522925279
0.27735,1.0,-0.45399049973971395
0.2774,1.0,-0.3090169943751318
0.27745,1.0,-0.15643446504042846
0.2775,1.0,2.1083113345068713e-14
0.27755,1.0,0.15643446504024555
0.2776,1.0,0.3090169943749556
0.27765,1.0,0.45399049973944766
0.2777,1.0,0.5877852522923781
0.27775,1.0,0.7071067811864601
0.2778,1.0,0.8090169943748711
0.27785,1.0,0.8910065241883061
0.2779,1.0,0.9510565162951096
0.27795,1.0,0.9876883405951145
0.278,1.0,1.0
0.27805,1.0,0.9876883405951451
0.2781,1.0,0.9510565162951702
0.27815,1.0,0.891006524188395
0.2782,1.0,0.8090169943749862
0.27825,1.0,0.7071067811865986
0.2783,1.0,0.5877852522925366
0.27835,1.0,0.45399049973962224
0.2784,1.0,0.309016994375142
0.27845,1.0,0.15643446504043912
0.2785,1.0,-1.0302507628752476e-14
0.27855,1.0,-0.1564344650402349
0.2786,1.0,-0.3090169943749454
0.27865,1.0,-0.4539904997395393
0.2787,1.0,-0.5877852522923693
0.27875,1.0,-0.7071067811864524
0.2788,1.0,-0.8090169943748647
0.27885,1.0,-0.8910065241883012
0.2789,1.0,-0.9510565162951062
0.27895,1.0,-0.9876883405951128
0.279,1.0,-1.0
0.27905,1.0,-0.9876883405951469
0.2791,1.0,-0.9510565162951735
0.27915,1.0,-0.8910065241883999
0.2792,1.0,-0.8090169943749925
0.27925,1.0,-0.7071067811866062
0.2793,1.0,-0.5877852522925453
0.27935,1.0,-0.4539904997396319
0.2794,1.0,-0.30901699437504415
0.27945,1.0,-0.15643446504033748
0.2795,1.0,-4.780980875637625e-16
0.27955,1.0,0.15643446504022426
0.2796,1.0,0.30901699437493513
0.27965,1.0,0.4539904997395297
0.2797,1.0,0.5877852522924526
0.27975,1.0,0.7071067811864448
0.2798,1.0,0.8090169943748584
0.27985,1.0,0.8910065241882963
0.2799,1.0,0.9510565162951029
0.27995,1.0,0.9876883405951111
0.28,1.0,1.0
0.28005,1.0,0.9876883405951485
0.2801,1.0,0.9510565162951768
0.28015,1.0,0.8910065241884048
0.2802,1.0,0.809016994374999
0.28025,1.0,0.7071067811866139
0.2803,1.0,0.5877852522925541
0.28035,1.0,0.4539904997396415
0.2804,1.0,0.3090169943750544
0.28045,1.0,0.15643446504034814
0.2805,1.0,1.125870380388e-14
0.28055,1.0,-0.1564344650402136
0.2806,1.0,-0.30901699437492486
0.28065,1.0,-0.4539904997395201
0.2807,1.0,-0.5877852522924438
0.28075,1.0,-0.7071067811865176
0.2808,1.0,-0.809016994374852
0.28085,1.0,-0.8910065241882914
0.2809,1.0,-0.9510565162950996
0.28095,1.0,-0.9876883405951095
0.281,1.0,-1.0
0.28105,1.0,-0.9876883405951324
0.2811,1.0,-0.9510565162951802
0.28115,1.0,-0.8910065241884098
0.2812,1.0,-0.8090169943750053
0.28125,1.0,-0.7071067811866215
0.2813,1.0,-0.5877852522925628
0.28135,1.0,-0.4539904997396511
0.2814,1.0,-0.3090169943750647
0.28145,1.0,-0.15643446504035877
0.2815,1.0,-1.3572614724181226e-13
0.28155,1.0,0.15643446504020295
0.2816,1.0,0.30901699437491464
0.28165,1.0,0.4539904997395105
0.2817,1.0,0.5877852522924352
0.28175,1.0,0.7071067811865099
0.2818,1.0,0.8090169943749125
0.28185,1.0,0.8910065241882865
0.2819,1.0,0.9510565162950962
0.28195,1.0,0.9876883405951077
0.282,1.0,1.0
0.28205,1.0,0.9876883405951341
0.2821,1.0,0.9510565162951483
0.28215,1.0,0.8910065241884146
0.2822,1.0,0.8090169943750116
0.28225,1.0,0.7071067811866291
0.2823,1.0,0.5877852522925715
0.28235,1.0,0.4539904997396607
0.2824,1.0,0.3090169943750749
0.28245,1.0,0.15643446504036942
0.2825,1.0,1.465067529581285e-13
0.28255,1.0,-0.15643446504019232
0.2826,1.0,-0.3090169943749044
0.28265,1.0,-0.4539904997395009
0.2827,1.0,-0.5877852522924264
0.28275,1.0,-0.7071067811865023
0.2828,1.0,-0.8090169943749062
0.28285,1.0,-0.8910065241883331
0.2829,1.0,-0.951056516295128
0.28295,1.0,-0.987688340595106
0.283,1.0,-1.0
0.28305,1.0,-0.9876883405951358
0.2831,1.0,-0.9510565162951516
0.28315,1.0,-0.8910065241883679
0.2832,1.0,-0.809016994375018
0.28325,1.0,-0.7071067811866367
0.2833,1.0,-0.5877852522925803
0.28335,1.0,-0.4539904997396703
0.2834,1.0,-0.3090169943750852
0.28345,1.0,-0.15643446504038008
0.2835,1.0,-1.5728735867444473e-13
0.28355,1.0,0.15643446504018166
0.2836,1.0,0.3090169943748941
0.28365,1.0,0.4539904997394913
0.2837,1.0,0.5877852522924177
0.28375,1.0,0.7071067811864947
0.2838,1.0,0.8090169943748998
0.28385,1.0,0.8910065241883283
0.2839,1.0,0.9510565162951247
0.28395,1.0,0.9876883405951221
0.284,1.0,1.0
0.28405,1.0,0.9876883405951374
0.2841,1.0,0.951056516295155
0.28415,1.0,0.8910065241883728
0.2842,1.0,0.8090169943749574
0.28425,1.0,0.7071067811866444
0.2843,1.0,0.5877852522925889
0.28435,1.0,0.4539904997396799
0.2844,1.0,0.30901699437509544
0.28445,1.0,0.1564344650403907
0.2845,1.0,1.6806796439076097e-13
0.28455,1.0,-0.156434465040171
0.2846,1.0,-0.3090169943748839
0.28465,1.0,-0.4539904997394817
0.2847,1.0,-0.587785252292409
0.28475,1.0,-0.7071067811864871
0.2848,1.0,-0.8090169943748935
0.28485,1.0,-0.8910065241883234
0.2849,1.0,-0.9510565162951213
0.28495,1.0,-0.9876883405951205
0.285,1.0,-1.0
0.28505,1.0,-0.9876883405951392
0.2851,1.0,-0.9510565162951583
0.28515,1.0,-0.8910065241883777
0.2852,1.0,-0.8090169943749638
0.28525,1.0,-0.7071067811865717
0.2853,1.0,-0.5877852522925977
0.28535,1.0,-0.4539904997396895
0.2854,1.0,-0.30901699437510566
0.28545,1.0,-0.15643446504040137
0.2855,1.0,-1.788485701070772e-13
0.28555,1.0,0.15643446504027264
0.2856,1.0,0.3090169943748736
0.28565,1.0,0.4539904997394721
0.2857,1.0,0.5877852522924003
0.28575,1.0,0.7071067811864794
0.2858,1.0,0.8090169943748872
0.28585,1.0,0.8910065241883185
0.2859,1.0,0.951056516295118
0.28595,1.0,0.9876883405951188
0.286,1.0,1.0
0.28605,1.0,0.9876883405951409
0.2861,1.0,0.9510565162951616
0.28615,1.0,0.8910065241883826
0.2862,1.0,0.8090169943749701
0.28625,1.0,0.7071067811865792
0.2863,1.0,0.5877852522925144
0.28635,1.0,0.4539904997395978
0.2864,1.0,0.3090169943751159
0.28645,1.0,0.15643446504041203
0.2865,1.0,1.8962917582339345e-13
0.28655,1.0,-0.156434465040262
0.2866,1.0,-0.3090169943749715
0.28665,1.0,-0.4539904997394625
0.2867,1.0,-0.5877852522923915
0.28675,1.0,-0.7071067811864719
0.2868,1.0,-0.8090169943748808
0.28685,1.0,-0.8910065241883136
0.2869,1.0,-0.9510565162951147
0.28695,1.0,-0.9876883405951171
0.287,1.0,-1.0
0.28705,1.0,-0.9876883405951425
0.2871,1.0,-0.951056516295165
0.28715,1.0,-0.8910065241883874
0.2872,1.0,-0.8090169943749764
0.28725,1.0,-0.7071067811865869
0.2873,1.0,-0.5877852522925231
0.28735,1.0,-0.4539904997396074
0.2874,1.0,-0.30901699437501806
0.28745,1.0,-0.15643446504042266
0.2875,1.0,-2.0040978153970969e-13
0.28755,1.0,0.15643446504002678
0.2876,1.0,0.3090169943749612
0.28765,1.0,0.4539904997395542
0.2877,1.0,0.5877852522923829
0.28775,1.0,0.7071067811864642
0.2878,1.0,0.8090169943748745
0.28785,1.0,0.8910065241883087
0.2879,1.0,0.9510565162951113
0.28795,1.0,0.9876883405951153
0.288,1.0,1.0
0.28805,1.0,0.987688340595162
0.2881,1.0,0.9510565162951683
0.28815,1.0,0.8910065241883923
0.2882,1.0,0.8090169943749828
0.28825,1.0,0.7071067811865944
0.2883,1.0,0.5877852522925319
0.28835,1.0,0.453990499739617
0.2884,1.0,0.30901699437502833
0.28845,1.0,0.15643446504032102
0.2885,1.0,2.1119038725602592e-13
0.28855,1.0,-0.15643446504001612
0.2886,1.0,-0.309016994374951
0.28865,1.0,-0.4539904997395446
0.2887,1.0,-0.587785252292466
0.28875,1.0,-0.7071067811864565
0.2888,1.0,-0.8090169943748682
0.28885,1.0,-0.8910065241883038
0.2889,1.0,-0.951056516295108
0.28895,1.0,-0.9876883405951137
0.289,1.0,-1.0
0.28905,1.0,-0.9876883405951636
0.2891,1.0,-0.9510565162951716
0.28915,1.0,-0.8910065241883972
0.2892,1.0,-0.8090169943749891
0.28925,1.0,-0.7071067811866021
0.2893,1.0,-0.5877852522925406
0.28935,1.0,-0.45399049973962663
0.2894,1.0,-0.30901699437503855
0.28945,1.0,-0.15643446504033168
0.2895,1.0,-1.0828415525072614e-13
0.28955,1.0,0.1564344650400055
0.2896,1.0,0.30901699437494073
0.28965,1.0,0.453990499739535
0.2897,1.0,0.5877852522924574
0.28975,1.0,0.7071067811865294
0.2898,1.0,0.8090169943749287
0.28985,1.0,0.891006524188299
0.2899,1.0,0.9510565162951047
0.28995,1.0,0.987688340595112
0.29,1.0,1.0
0.29005,1.0,0.9876883405951654
0.2901,1.0,0.951056516295175
0.29015,1.0,0.8910065241884021
0.2902,1.0,0.8090169943749954
0.29025,1.0,0.7071067811866097
0.2903,1.0,0.5877852522925493
0.29035,1.0,0.45399049973963623
0.2904,1.0,0.3090169943750488
0.29045,1.0,0.1564344650403423
0.2905,1.0,1.1906476096704237e-13
0.29055,1.0,-0.15643446504010713
0.2906,1.0,-0.30901699437493046
0.29065,1.0,-0.4539904997395254
0.2907,1.0,-0.5877852522924486
0.29075,1.0,-0.7071067811865217
0.2908,1.0,-0.8090169943749224
0.29085,1.0,-0.8910065241883456
0.2909,1.0,-0.9510565162951014
0.29095,1.0,-0.9876883405951103
0.291,1.0,-1.0
0.29105,1.0,-0.9876883405951671
0.2911,1.0,-0.9510565162951432
0.29115,1.0,-0.891006524188407
0.2912,1.0,-0.8090169943750017
0.29125,1.0,-0.7071067811866174
0.2913,1.0,-0.5877852522925581
0.29135,1.0,-0.45399049973964584
0.2914,1.0,-0.3090169943750591
0.29145,1.0,-0.15643446504035297
0.2915,1.0,-1.298453666833586e-13
0.29155,1.0,0.15643446504009648
0.2916,1.0,0.3090169943749202
0.29165,1.0,0.4539904997395158
0.2917,1.0,0.5877852522924399
0.29175,1.0,0.707106781186514
0.2918,1.0,0.8090169943749159
0.29185,1.0,0.8910065241883407
0.2919,1.0,0.9510565162951332
0.29195,1.0,0.9876883405951087
0.292,1.0,1.0
0.29205,1.0,0.9876883405951687
0.2921,1.0,0.9510565162951465
0.29215,1.0,0.8910065241883603
0.2922,1.0,0.8090169943749413
0.29225,1.0,0.707106781186625
0.2923,1.0,0.5877852522925667
0.29235,1.0,0.45399049973965544
0.2924,1.0,0.30901699437506935
0.29245,1.0,0.15643446504036362
0.2925,1.0,1.4062597239967485e-13
0.29255,1.0,-0.15643446504008582
0.2926,1.0,-0.30901699437491
0.29265,1.0,-0.45399049973950617
0.2927,1.0,-0.5877852522924312
0.29275,1.0,-0.7071067811865065
0.2928,1.0,-0.8090169943749097
0.29285,1.0,-0.8910065241883358
0.2929,1.0,-0.9510565162951299
0.29295,1.0,-0.9876883405951248
0.293,1.0,-1.0
0.29305,1.0,-0.9876883405951704
0.2931,1.0,-0.9510565162951499
0.29315,1.0,-0.8910065241883652
0.2932,1.0,-0.8090169943749477
0.29325,1.0,-0.7071067811865522
0.2933,1.0,-0.5877852522925755
0.29335,1.0,-0.45399049973966504
0.2934,1.0,-0.30901699437507957
0.29345,1.0,-0.15643446504037425
0.2935,1.0,-1.5140657811599108e-13
0.29355,1.0,0.1564344650400752
0.2936,1.0,0.3090169943748997
0.29365,1.0,0.45399049973949657
0.2937,1.0,0.5877852522924225
0.29375,1.0,0.7071067811864988
0.2938,1.0,0.8090169943749033
0.29385,1.0,0.8910065241883309
0.2939,1.0,0.9510565162951266
0.29395,1.0,0.9876883405951231
0.294,1.0,1.0
0.29405,1.0,0.9876883405951721
0.2941,1.0,0.9510565162952235
0.29415,1.0,0.8910065241883701
0.2942,1.0,0.809016994374954
0.29425,1.0,0.7071067811865598
0.2943,1.0,0.5877852522924922
0.29435,1.0,0.45399049973967465
0.2944,1.0,0.30901699437508984
0.29445,1.0,0.1564344650403849
0.2945,1.0,1.6218718383230732e-13
0.29455,1.0,-0.15643446504006453
0.2946,1.0,-0.30901699437478136
0.29465,1.0,-0.45399049973948696
0.2947,1.0,-0.5877852522924137
0.29475,1.0,-0.7071067811864913
0.2948,1.0,-0.8090169943748969
0.29485,1.0,-0.891006524188326
0.2949,1.0,-0.9510565162951232
0.29495,1.0,-0.9876883405951213
0.295,1.0,-1.0
0.29505,1.0,-0.987688340595156
0.2951,1.0,-0.9510565162951916
0.29515,1.0,-0.891006524188375
0.2952,1.0,-0.8090169943749603
0.29525,1.0,-0.7071067811865674
0.2953,1.0,-0.5877852522925009
0.29535,1.0,-0.453990499739583
0.2954,1.0,-0.3090169943751001
0.29545,1.0,-0.15643446504039557
0.2955,1.0,-1.7296778954862356e-13
0.29555,1.0,0.15643446504005387
0.2956,1.0,0.3090169943747711
0.29565,1.0,0.4539904997395786
0.2957,1.0,0.5877852522924051
0.29575,1.0,0.7071067811864836
0.2958,1.0,0.8090169943748906
0.29585,1.0,0.8910065241883212
0.2959,1.0,0.9510565162951199
0.29595,1.0,0.9876883405951197
0.296,1.0,1.0
0.29605,1.0,0.9876883405951578
0.2961,1.0,0.9510565162951949
0.29615,1.0,0.8910065241883799
0.2962,1.0,0.8090169943749667
0.29625,1.0,0.7071067811865751
0.2963,1.0,0.5877852522925097
0.29635,1.0,0.4539904997395926
0.2964,1.0,0.30901699437500224
0.29645,1.0,0.1564344650404062
0.2965,1.0,1.837483952649398e-13
0.29655,1.0,-0.15643446504004324
0.2966,1.0,-0.3090169943747608
0.29665,1.0,-0.453990499739569
0.2967,1.0,-0.5877852522924882
0.29675,1.0,-0.707106781186476
0.2968,1.0,-0.8090169943748843
0.29685,1.0,-0.8910065241883163
0.2969,1.0,-0.9510565162951166
0.29695,1.0,-0.987688340595118
0.297,1.0,-1.0
0.29705,1.0,-0.9876883405951594
0.2971,1.0,-0.9510565162951983
0.29715,1.0,-0.8910065241883848
0.2972,1.0,-0.809016994374973
0.29725,1.0,-0.7071067811865827
0.2973,1.0,-0.5877852522925184
0.29735,1.0,-0.4539904997396022
0.2974,1.0,-0.30901699437501245
0.29745,1.0,-0.15643446504030456
0.2975,1.0,-8.084216325964002e-14
0.29755,1.0,0.15643446504003258
0.2976,1.0,0.30901699437475055
0.29765,1.0,0.4539904997395594
0.2977,1.0,0.5877852522924796
0.29775,1.0,0.7071067811865488
0.2978,1.0,0.809016994374878
0.29785,1.0,0.8910065241883114
0.2979,1.0,0.9510565162951132
0.29795,1.0,0.9876883405951163
0.298,1.0,1.0
0.29805,1.0,0.9876883405951611
0.2981,1.0,0.9510565162952016
0.29815,1.0,0.8910065241883897
0.2982,1.0,0.8090169943749793
0.29825,1.0,0.7071067811865903
0.2983,1.0,0.5877852522925271
0.29835,1.0,0.4539904997396118
0.2984,1.0,0.3090169943750227
0.29845,1.0,0.15643446504031522
0.2985,1.0,9.162276897595626e-14
0.29855,1.0,-0.15643446504013422
0.2986,1.0,-0.30901699437474034
0.29865,1.0,-0.4539904997395498
0.2987,1.0,-0.5877852522924708
0.29875,1.0,-0.7071067811865411
0.2988,1.0,-0.8090169943749385
0.29885,1.0,-0.8910065241883065
0.2989,1.0,-0.9510565162951099
0.29895,1.0,-0.9876883405951147
0.299,1.0,-1.0
0.29905,1.0,-0.9876883405951628
0.2991,1.0,-0.9510565162952049
0.29915,1.0,-0.8910065241883945
0.2992,1.0,-0.8090169943749856
0.29925,1.0,-0.707106781186598
0.2993,1.0,-0.5877852522925359
0.29935,1.0,-0.4539904997396214
0.2994,1.0,-0.309016994375033
0.29945,1.0,-0.15643446504032588
0.2995,1.0,-1.024033746922725e-13
0.29955,1.0,0.15643446504012357
0.2996,1.0,0.3090169943748382
0.29965,1.0,0.4539904997395402
0.2997,1.0,0.5877852522924621
0.29975,1.0,0.7071067811865335
0.2998,1.0,0.8090169943749321
0.29985,1.0,0.8910065241883532
0.2999,1.0,0.9510565162951066
0.29995,1.0,0.9876883405951129
0.3,1.0,1.0
0.30005,1.0,0.9876883405951644
0.3001,1.0,0.9510565162952083
0.30015,1.0,0.891006524188451
0.3002,1.0,0.809016994374992
0.30025,1.0,0.7071067811866055
0.3003,1.0,0.5877852522925445
0.30035,1.0,0.453990499739631
0.3004,1.0,0.3090169943750432
0.30045,1.0,0.1564344650403365
0.3005,1.0,1.1318398040858873e-13
0.30055,1.0,-0.15643446504011294
0.3006,1.0,-0.30901699437482794
0.30065,1.0,-0.4539904997394293
0.3007,1.0,-0.5877852522924534
0.30075,1.0,-0.7071067811865259
0.3008,1.0,-0.8090169943749258
0.30085,1.0,-0.8910065241883484
0.3009,1.0,-0.9510565162951383
0.30095,1.0,-0.987688340595129
0.301,1.0,-1.0
0.30105,1.0,-0.9876883405951662
0.3011,1.0,-0.9510565162952116
0.30115,1.0,-0.8910065241884559
0.3012,1.0,-0.8090169943749315
0.30125,1.0,-0.7071067811866132
0.3013,1.0,-0.5877852522925533
0.30135,1.0,-0.4539904997396406
0.3014,1.0,-0.3090169943750535
0.30145,1.0,-0.15643446504034716
0.3015,1.0,-1.2396458612490498e-13
0.30155,1.0,0.15643446504010228
0.3016,1.0,0.30901699437481767
0.30165,1.0,0.4539904997394197
0.3017,1.0,0.5877852522924447
0.30175,1.0,0.7071067811865183
0.3018,1.0,0.8090169943749195
0.30185,1.0,0.8910065241883435
0.3019,1.0,0.951056516295135
0.30195,1.0,0.9876883405951273
0.302,1.0,1.0
0.30205,1.0,0.9876883405951679
0.3021,1.0,0.9510565162952149
0.30215,1.0,0.8910065241884608
0.3022,1.0,0.8090169943749379
0.30225,1.0,0.7071067811865404
0.3023,1.0,0.587785252292562
0.30235,1.0,0.4539904997396502
0.3024,1.0,0.30901699437506375
0.30245,1.0,0.1564344650403578
0.3025,1.0,1.3474519184122122e-13
0.30255,1.0,-0.15643446504009165
0.3026,1.0,-0.30901699437480745
0.30265,1.0,-0.4539904997394101
0.3027,1.0,-0.587785252292436
0.30275,1.0,-0.7071067811865106
0.3028,1.0,-0.8090169943749131
0.30285,1.0,-0.8910065241883385
0.3029,1.0,-0.9510565162951317
0.30295,1.0,-0.9876883405951257
0.303,1.0,-1.0
0.30305,1.0,-0.9876883405951518
0.3031,1.0,-0.9510565162952183
0.30315,1.0,-0.8910065241884657
0.3032,1.0,-0.8090169943749442
0.30325,1.0,-0.707106781186548
0.3033,1.0,-0.5877852522924787
0.30335,1.0,-0.4539904997396598
0.3034,1.0,-0.309016994375074
0.30345,1.0,-0.15643446504036845
0.3035,1.0,-1.4552579755753746e-13
0.30355,1.0,0.156434465040081
0.3036,1.0,0.3090169943747972
0.30365,1.0,0.4539904997394005
0.3037,1.0,0.5877852522924272
0.30375,1.0,0.707106781186503
0.3038,1.0,0.8090169943749067
0.30385,1.0,0.8910065241883336
0.3039,1.0,0.9510565162951283
0.30395,1.0,0.987688340595124
0.304,1.0,1.0
0.30405,1.0,0.9876883405951534
0.3041,1.0,0.9510565162951865
0.30415,1.0,0.8910065241884707
0.3042,1.0,0.8090169943749506
0.30425,1.0,0.7071067811865557
0.3043,1.0,0.5877852522924875
0.30435,1.0,0.4539904997395681
0.3044,1.0,0.3090169943749761
0.30445,1.0,0.1564344650403791
0.3045,1.0,1.563064032738537e-13
0.30455,1.0,-0.15643446504007033
0.3046,1.0,-0.3090169943747869
0.30465,1.0,-0.4539904997393909
0.3047,1.0,-0.5877852522924185
0.30475,1.0,-0.7071067811864954
0.3048,1.0,-0.8090169943749004
0.30485,1.0,-0.8910065241883287
0.3049,1.0,-0.951056516295125
0.30495,1.0,-0.9876883405951223
0.305,1.0,-1.0
0.30505,1.0,-0.9876883405951551
0.3051,1.0,-0.9510565162951898
0.30515,1.0,-0.891006524188424
0.3052,1.0,-0.8090169943749569
0.30525,1.0,-0.7071067811865632
0.3053,1.0,-0.5877852522924962
0.30535,1.0,-0.4539904997395777
0.3054,1.0,-0.30901699437498636
0.30545,1.0,-0.15643446504027747
0.3055,1.0,-1.6708700899016993e-13
0.30555,1.0,0.1564344650400597
0.3056,1.0,0.3090169943747767
0.30565,1.0,0.45399049973938127
0.3057,1.0,0.5877852522925018
0.30575,1.0,0.7071067811864877
0.3058,1.0,0.809016994374894
0.30585,1.0,0.8910065241883238
0.3059,1.0,0.9510565162951217
0.30595,1.0,0.9876883405951206
0.306,1.0,1.0
0.30605,1.0,0.9876883405951568
0.3061,1.0,0.9510565162951932
0.30615,1.0,0.8910065241884289
0.3062,1.0,0.8090169943749632
0.30625,1.0,0.7071067811865709
0.3063,1.0,0.5877852522925049
0.30635,1.0,0.4539904997395873
0.3064,1.0,0.30901699437499663
0.30645,1.0,0.1564344650402881
0.3065,1.0,6.418077698487013e-14
0.30655,1.0,-0.15643446504004904
0.3066,1.0,-0.30901699437476643
0.30665,1.0,-0.45399049973937167
0.3067,1.0,-0.587785252292309
0.30675,1.0,-0.7071067811865606
0.3068,1.0,-0.8090169943748877
0.30685,1.0,-0.8910065241883189
0.3069,1.0,-0.9510565162951183
0.30695,1.0,-0.9876883405951189
0.307,1.0,-1.0
0.30705,1.0,-0.9876883405951584
0.3071,1.0,-0.9510565162951965
0.30715,1.0,-0.8910065241884337
0.3072,1.0,-0.8090169943750364
0.30725,1.0,-0.7071067811865785
0.3073,1.0,-0.5877852522925137
0.30735,1.0,-0.45399049973959693
0.3074,1.0,-0.3090169943750069
0.30745,1.0,-0.15643446504029876
0.3075,1.0,-7.496138270118637e-14
0.30755,1.0,0.15643446504015068
0.3076,1.0,0.30901699437475616
0.30765,1.0,0.45399049973936206
0.3077,1.0,0.5877852522923004
0.30775,1.0,0.7071067811865529
0.3078,1.0,0.8090169943749482
0.30785,1.0,0.8910065241883657
0.3079,1.0,0.951056516295115
0.30795,1.0,0.9876883405951172
0.308,1.0,1.0
0.30805,1.0,0.9876883405951602
0.3081,1.0,0.9510565162951998
0.30815,1.0,0.8910065241884386
0.3082,1.0,0.8090169943750427
0.30825,1.0,0.7071067811865861
0.3083,1.0,0.5877852522925223
0.30835,1.0,0.45399049973960653
0.3084,1.0,0.3090169943750171
0.30845,1.0,0.15643446504030942
0.3085,1.0,8.57419884175026e-14
0.30855,1.0,-0.15643446504014002
0.3086,1.0,-0.309016994374854
0.30865,1.0,-0.45399049973935246
0.3087,1.0,-0.5877852522922916
0.30875,1.0,-0.7071067811865454
0.3088,1.0,-0.8090169943749419
0.30885,1.0,-0.8910065241883608
0.3089,1.0,-0.9510565162951469
0.30895,1.0,-0.9876883405951156
0.309,1.0,-1.0
0.30905,1.0,-0.9876883405951619
0.3091,1.0,-0.9510565162952032
0.30915,1.0,-0.8910065241884435
0.3092,1.0,-0.809016994375049
0.30925,1.0,-0.7071067811865938
0.3093,1.0,-0.5877852522925311
0.30935,1.0,-0.45399049973961614
0.3094,1.0,-0.3090169943750274
0.30945,1.0,-0.15643446504032005
0.3095,1.0,-9.652259413381884e-14
0.30955,1.0,0.1564344650401294
0.3096,1.0,0.3090169943748438
0.30965,1.0,0.45399049973944416
0.3097,1.0,0.5877852522923749
0.30975,1.0,0.7071067811865377
0.3098,1.0,0.8090169943749356
0.30985,1.0,0.8910065241883559
0.3099,1.0,0.9510565162951435
0.30995,1.0,0.9876883405951317
0.31,1.0,1.0
0.31005,1.0,0.9876883405951635
0.3101,1.0,0.9510565162952065
0.31015,1.0,0.8910065241884484
0.3102,1.0,0.8090169943750554
0.31025,1.0,0.707106781186521
0.3103,1.0,0.5877852522925398
0.31035,1.0,0.45399049973962574
0.3104,1.0,0.30901699437503766
0.31045,1.0,0.1564344650403307
0.3105,1.0,1.0730319985013508e-13
0.31055,1.0,-0.15643446504011874
0.3106,1.0,-0.30901699437483354
0.31065,1.0,-0.45399049973943456
0.3107,1.0,-0.5877852522923662
0.31075,1.0,-0.70710678118653
0.3108,1.0,-0.8090169943749292
0.31085,1.0,-0.891006524188351
0.3109,1.0,-0.9510565162951402
0.31095,1.0,-0.98768834059513
0.311,1.0,-1.0
0.31105,1.0,-0.9876883405951652
0.3111,1.0,-0.9510565162952098
0.31115,1.0,-0.8910065241884533
0.3112,1.0,-0.8090169943750617
0.31125,1.0,-0.7071067811865286
0.3113,1.0,-0.5877852522924566
0.31135,1.0,-0.45399049973963534
0.3114,1.0,-0.30901699437504787
0.31145,1.0,-0.15643446504034136
0.3115,1.0,-1.1808380556645133e-13
0.31155,1.0,0.1564344650401081
0.3116,1.0,0.3090169943748233
0.31165,1.0,0.45399049973942496
0.3117,1.0,0.5877852522923575
0.31175,1.0,0.7071067811865224
0.3118,1.0,0.8090169943749229
0.31185,1.0,0.8910065241883461
0.3119,1.0,0.9510565162951369
0.31195,1.0,0.9876883405951282
0.312,1.0,1.0
0.31205,1.0,0.9876883405951491
0.3121,1.0,0.9510565162952132
0.31215,1.0,0.8910065241884582
0.3122,1.0,0.809016994375068
0.31225,1.0,0.7071067811865362
0.3123,1.0,0.5877852522924653
0.31235,1.0,0.4539904997395437
0.3124,1.0,0.30901699437505814
0.31245,1.0,0.156434465040352
0.3125,1.0,1.2886441128276757e-13
0.31255,1.0,-0.15643446504009745
0.3126,1.0,-0.309016994374813
0.31265,1.0,-0.45399049973941535
0.3127,1.0,-0.5877852522923488
0.31275,1.0,-0.7071067811864344
0.3128,1.0,-0.8090169943749166
0.31285,1.0,-0.8910065241883413
0.3129,1.0,-0.9510565162951335
0.31295,1.0,-0.9876883405951266
0.313,1.0,-1.0
0.31305,1.0,-0.9876883405951508
0.3131,1.0,-0.9510565162951813
0.31315,1.0,-0.8910065241884115
0.3132,1.0,-0.8090169943750743
0.31325,1.0,-0.7071067811867047
0.3133,1.0,-0.587785252292474
0.31335,1.0,-0.4539904997395533
0.3134,1.0,-0.3090169943749603
0.31345,1.0,-0.15643446504036265
0.3135,1.0,-1.396450169990838e-13
0.31355,1.0,0.1564344650400868
0.3136,1.0,0.3090169943748028
0.31365,1.0,0.45399049973940575
0.3137,1.0,0.58778525229234
0.31375,1.0,0.7071067811864268
0.3138,1.0,0.8090169943749103
0.31385,1.0,0.8910065241883363
0.3139,1.0,0.9510565162951302
0.31395,1.0,0.9876883405951249
0.314,1.0,1.0
0.31405,1.0,0.9876883405951525
0.3141,1.0,0.9510565162951846
0.31415,1.0,0.8910065241884164
0.3142,1.0,0.8090169943750138
0.31425,1.0,0.7071067811867123
0.3143,1.0,0.5877852522924827
0.31435,1.0,0.4539904997395629
0.3144,1.0,0.30901699437497054
0.31445,1.0,0.156434465040261
0.3145,1.0,1.5042562271540005e-13
0.31455,1.0,-0.15643446504007616
0.3146,1.0,-0.3090169943747925
0.31465,1.0,-0.45399049973939615
0.3147,1.0,-0.5877852522923313
0.31475,1.0,-0.7071067811864191
0.3148,1.0,-0.8090169943749038
0.31485,1.0,-0.8910065241883314
0.3149,1.0,-0.9510565162951269
0.31495,1.0,-0.9876883405951232
0.315,1.0,-1.0
0.31505,1.0,-0.9876883405951542
0.3151,1.0,-0.9510565162951881
0.31515,1.0,-0.8910065241884213
0.3152,1.0,-0.8090169943750203
0.31525,1.0,-0.7071067811866395
0.3153,1.0,-0.5877852522924915
0.31535,1.0,-0.4539904997395725
0.3154,1.0,-0.30901699437498076
0.31545,1.0,-0.15643446504027167
0.3155,1.0,-4.751939071010024e-14
0.31555,1.0,0.1564344650401778
0.3156,1.0,0.30901699437478225
0.31565,1.0,0.45399049973938654
0.3157,1.0,0.5877852522923226
0.31575,1.0,0.7071067811864116
0.3158,1.0,0.8090169943749643
0.31585,1.0,0.8910065241883265
0.3159,1.0,0.9510565162951236
0.31595,1.0,0.9876883405951216
0.316,1.0,1.0
0.31605,1.0,0.9876883405951559
0.3161,1.0,0.9510565162951913
0.31615,1.0,0.8910065241884262
0.3162,1.0,0.8090169943750266
0.31625,1.0,0.7071067811866472
0.3163,1.0,0.5877852522925001
0.31635,1.0,0.4539904997395821
0.3164,1.0,0.309016994374991
0.31645,1.0,0.1564344650402823
0.3165,1.0,5.829999642641648e-14
0.31655,1.0,-0.15643446504016714
0.3166,1.0,-0.3090169943748801
0.31665,1.0,-0.4539904997393769
0.3167,1.0,-0.5877852522923138
0.31675,1.0,-0.7071067811864039
0.3168,1.0,-0.809016994374958
0.31685,1.0,-0.8910065241883732
0.3169,1.0,-0.9510565162951201
0.31695,1.0,-0.9876883405951199
0.317,1.0,-1.0
0.31705,1.0,-0.9876883405951575
0.3171,1.0,-0.9510565162951947
0.31715,1.0,-0.8910065241884311
0.3172,1.0,-0.8090169943750329
0.31725,1.0,-0.7071067811866548
0.3173,1.0,-0.5877852522925089
0.31735,1.0,-0.4539904997395917
0.3174,1.0,-0.3090169943750013
0.31745,1.0,-0.15643446504029296
0.3175,1.0,-6.908060214273272e-14
0.31755,1.0,0.15643446504015648
0.3176,1.0,0.3090169943748699
0.31765,1.0,0.4539904997394686
0.3177,1.0,0.5877852522923052
0.31775,1.0,0.7071067811863962
0.3178,1.0,0.8090169943749517
0.31785,1.0,0.8910065241883683
0.3179,1.0,0.951056516295152
0.31795,1.0,0.9876883405951181
0.318,1.0,1.0
0.31805,1.0,0.9876883405951592
0.3181,1.0,0.951056516295198
0.31815,1.0,0.891006524188436
0.3182,1.0,0.8090169943750393
0.31825,1.0,0.7071067811866624
0.3183,1.0,0.5877852522925175
0.31835,1.0,0.4539904997396013
0.3184,1.0,0.3090169943750115
0.31845,1.0,0.1564344650403036
0.3185,1.0,7.986120785904896e-14
0.31855,1.0,-0.15643446504014585
0.3186,1.0,-0.30901699437485963
0.31865,1.0,-0.453990499739459
0.3187,1.0,-0.5877852522923884
0.31875,1.0,-0.7071067811863887
0.3188,1.0,-0.8090169943748117
0.31885,1.0,-0.8910065241883635
0.3189,1.0,-0.9510565162951486
0.31895,1.0,-0.9876883405951342
0.319,1.0,-1.0
0.31905,1.0,-0.987688340595161
0.3191,1.0,-0.9510565162952014
0.31915,1.0,-0.8910065241884408
0.3192,1.0,-0.8090169943750456
0.31925,1.0,-0.70710678118667
0.3193,1.0,-0.5877852522926182
0.31935,1.0,-0.4539904997396109
0.3194,1.0,-0.3090169943750218
0.31945,1.0,-0.15643446504031425
0.3195,1.0,-9.06418135753652e-14
0.31955,1.0,0.1564344650401352
0.3196,1.0,0.30901699437484936
0.31965,1.0,0.4539904997394494
0.3197,1.0,0.5877852522923797
0.31975,1.0,0.7071067811864614
0.3198,1.0,0.8090169943748053
0.31985,1.0,0.8910065241883586
0.3199,1.0,0.9510565162951453
0.31995,1.0,0.9876883405951326
0.32,1.0,1.0
0.32005,1.0,0.9876883405951449
0.3201,1.0,0.9510565162952047
0.32015,1.0,0.8910065241884457
0.3202,1.0,0.8090169943750519
0.32025,1.0,0.7071067811866776
0.3203,1.0,0.587785252292627
0.32035,1.0,0.4539904997396205
0.3204,1.0,0.30901699437503205
0.32045,1.0,0.1564344650403249
0.3205,1.0,1.0142241929168143e-13
0.32055,1.0,-0.15643446504012454
0.3206,1.0,-0.30901699437483915
0.32065,1.0,-0.4539904997394398
0.3207,1.0,-0.5877852522923709
0.32075,1.0,-0.7071067811864538
0.3208,1.0,-0.8090169943748658
0.32085,1.0,-0.8910065241883537
0.3209,1.0,-0.951056516295142
0.32095,1.0,-0.9876883405951309
0.321,1.0,-1.0
0.32105,1.0,-0.9876883405951465
0.3211,1.0,-0.9510565162951728
0.32115,1.0,-0.8910065241884506
0.3212,1.0,-0.8090169943750583
0.32125,1.0,-0.7071067811866852
0.3213,1.0,-0.5877852522926358
0.32135,1.0,-0.4539904997395288
0.3214,1.0,-0.3090169943750423
0.32145,1.0,-0.15643446504033554
0.3215,1.0,-1.1220302500799767e-13
0.32155,1.0,0.1564344650401139
0.3216,1.0,0.3090169943748289
0.32165,1.0,0.4539904997394302
0.3217,1.0,0.5877852522923622
0.32175,1.0,0.7071067811864462
0.3218,1.0,0.8090169943748595
0.32185,1.0,0.8910065241883488
0.3219,1.0,0.9510565162951387
0.32195,1.0,0.9876883405951292
0.322,1.0,1.0
0.32205,1.0,0.9876883405951482
0.3221,1.0,0.9510565162951762
0.32215,1.0,0.8910065241884039
0.3222,1.0,0.8090169943750646
0.32225,1.0,0.7071067811866929
0.3223,1.0,0.5877852522926444
0.32235,1.0,0.4539904997395384
0.3224,1.0,0.30901699437494445
0.32245,1.0,0.1564344650402339
0.3225,1.0,1.2298363072431392e-13
0.32255,1.0,-0.15643446504010325
0.3226,1.0,-0.3090169943748186
0.32265,1.0,-0.45399049973942057
0.3227,1.0,-0.5877852522923535
0.32275,1.0,-0.7071067811864385
0.3228,1.0,-0.8090169943748532
0.32285,1.0,-0.8910065241883439
0.3229,1.0,-0.9510565162951353
0.32295,1.0,-0.9876883405951276
0.323,1.0,-1.0
0.32305,1.0,-0.9876883405951499
0.3231,1.0,-0.9510565162951795
0.32315,1.0,-0.8910065241884089
0.3232,1.0,-0.8090169943750041
0.32325,1.0,-0.7071067811867005
0.3233,1.0,-0.5877852522926532
0.32335,1.0,-0.453990499739548
0.3234,1.0,-0.30901699437495467
0.32345,1.0,-0.15643446504024455
0.3235,1.0,-2.007739871901412e-14
0.32355,1.0,0.15643446504009262
0.3236,1.0,0.3090169943748084
0.32365,1.0,0.45399049973941097
0.3237,1.0,0.5877852522923448
0.32375,1.0,0.7071067811864309
0.3238,1.0,0.8090169943748469
0.32385,1.0,0.8910065241883389
0.3239,1.0,0.951056516295132
0.32395,1.0,0.9876883405951258
0.324,1.0,1.0
0.32405,1.0,0.9876883405951515
0.3241,1.0,0.9510565162951828
0.32415,1.0,0.8910065241884138
0.3242,1.0,0.8090169943750104
0.32425,1.0,0.7071067811866277
0.3243,1.0,0.58778525229257
0.32435,1.0,0.45399049973955763
0.3244,1.0,0.30901699437496494
0.32445,1.0,0.1564344650402552
0.3245,1.0,3.085800443533036e-14
0.32455,1.0,-0.15643446504019423
0.3246,1.0,-0.3090169943747981
0.32465,1.0,-0.45399049973940137
0.3247,1.0,-0.587785252292336
0.32475,1.0,-0.7071067811864233
0.3248,1.0,-0.8090169943748405
0.32485,1.0,-0.891006524188334
0.3249,1.0,-0.9510565162951287
0.32495,1.0,-0.9876883405951241
0.325,1.0,-1.0
0.32505,1.0,-0.9876883405951533
0.3251,1.0,-0.9510565162951862
0.32515,1.0,-0.8910065241884186
0.3252,1.0,-0.8090169943750167
0.32525,1.0,-0.7071067811866354
0.3253,1.0,-0.5877852522925786
0.32535,1.0,-0.45399049973966854
0.3254,1.0,-0.3090169943749752
0.32545,1.0,-0.15643446504026584
0.3255,1.0,-4.16386101516466e-14
0.32555,1.0,0.1564344650401836
0.3256,1.0,0.309016994374896
0.32565,1.0,0.45399049973939176
0.3257,1.0,0.5877852522923274
0.32575,1.0,0.7071067811864157
0.3258,1.0,0.8090169943748342
0.32585,1.0,0.8910065241882775
0.3259,1.0,0.9510565162951604
0.32595,1.0,0.9876883405951402
0.326,1.0,1.0
0.32605,1.0,0.9876883405951372
0.3261,1.0,0.9510565162951895
0.32615,1.0,0.8910065241883719
0.3262,1.0,0.8090169943750231
0.32625,1.0,0.7071067811867233
0.3263,1.0,0.5877852522925874
0.32635,1.0,0.45399049973977945
0.3264,1.0,0.30901699437487734
0.32645,1.0,0.1564344650402765
0.3265,1.0,1.6610605358957887e-13
0.32655,1.0,-0.15643446504017294
0.3266,1.0,-0.3090169943747776
0.32665,1.0,-0.45399049973948347
0.3267,1.0,-0.5877852522923186
0.32675,1.0,-0.7071067811864884
0.3268,1.0,-0.8090169943748279
0.32685,1.0,-0.8910065241883243
0.3269,1.0,-0.9510565162951571
0.32695,1.0,-0.9876883405951208
0.327,1.0,-1.0
0.32705,1.0,-0.9876883405951566
0.3271,1.0,-0.9510565162951578
0.32715,1.0,-0.8910065241884284
0.3272,1.0,-0.8090169943749627
0.32725,1.0,-0.7071067811866506
0.3273,1.0,-0.5877852522926881
0.32735,1.0,-0.45399049973968775
0.3274,1.0,-0.3090169943749957
0.32745,1.0,-0.15643446504017486
0.3275,1.0,-6.319982158427907e-14
0.32755,1.0,0.15643446504005
0.3276,1.0,0.30901699437487545
0.32765,1.0,0.45399049973937255
0.3277,1.0,0.5877852522924019
0.32775,1.0,0.7071067811864005
0.3278,1.0,0.8090169943748884
0.32785,1.0,0.8910065241882678
0.3279,1.0,0.9510565162951187
0.32795,1.0,0.9876883405951369
0.328,1.0,1.0
0.32805,1.0,0.9876883405951405
0.3281,1.0,0.9510565162951962
0.32815,1.0,0.8910065241883817
0.3282,1.0,0.8090169943750358
0.32825,1.0,0.7071067811865779
0.3283,1.0,0.5877852522926048
0.32835,1.0,0.45399049973979866
0.3284,1.0,0.3090169943748978
0.32845,1.0,0.1564344650402978
0.3285,1.0,-3.970641042102072e-14
0.32855,1.0,-0.15643446504015165
0.3286,1.0,-0.3090169943747571
0.32865,1.0,-0.45399049973946426
0.3287,1.0,-0.5877852522923012
0.32875,1.0,-0.7071067811864732
0.3288,1.0,-0.8090169943748151
0.32885,1.0,-0.8910065241883145
0.3289,1.0,-0.9510565162951504
0.32895,1.0,-0.9876883405951173
0.329,1.0,-1.0
0.32905,1.0,-0.98768834059516
0.3291,1.0,-0.9510565162951644
0.32915,1.0,-0.8910065241884382
0.3292,1.0,-0.8090169943749753
0.32925,1.0,-0.7071067811866658
0.3293,1.0,-0.5877852522925215
0.32935,1.0,-0.45399049973970695
0.3294,1.0,-0.3090169943750162
0.32945,1.0,-0.15643446504019615
0.3295,1.0,-8.476103301691154e-14
0.32955,1.0,0.1564344650402533
0.3296,1.0,0.30901699437485497
0.32965,1.0,0.45399049973935335
0.3297,1.0,0.5877852522923844
0.32975,1.0,0.7071067811863851
0.3298,1.0,0.8090169943748756
0.32985,1.0,0.891006524188258
0.3299,1.0,0.951056516295112
0.32995,1.0,0.9876883405951334
0.33,1.0,1.0
0.33005,1.0,0.9876883405951439
0.3301,1.0,0.9510565162952028
0.33015,1.0,0.8910065241883914
0.3302,1.0,0.8090169943750485
0.33025,1.0,0.7071067811865931
0.3303,1.0,0.5877852522926222
0.33035,1.0,0.4539904997396153
0.3304,1.0,0.3090169943749183
0.33045,1.0,0.15643446504031908
0.3305,1.0,-1.8145198988388242e-14
0.33055,1.0,-0.15643446504013037
0.3306,1.0,-0.30901699437495284
0.33065,1.0,-0.45399049973944505
0.3307,1.0,-0.5877852522922837
0.33075,1.0,-0.707106781186458
0.3308,1.0,-0.8090169943748025
0.33085,1.0,-0.8910065241883047
0.3309,1.0,-0.9510565162951438
0.33095,1.0,-0.9876883405951495
0.331,1.0,-1.0
0.33105,1.0,-0.9876883405951634
0.3311,1.0,-0.9510565162951711
0.33115,1.0,-0.891006524188448
0.3312,1.0,-0.809016994374988
0.33125,1.0,-0.7071067811866811
0.3313,1.0,-0.587785252292539
0.33135,1.0,-0.45399049973972616
0.3314,1.0,-0.3090169943750367
0.33145,1.0,-0.15643446504021744
0.3315,1.0,-1.0632224444954402e-13
0.33155,1.0,0.156434465040232
0.3316,1.0,0.3090169943748345
0.33165,1.0,0.4539904997395367
0.3317,1.0,0.587785252292367
0.33175,1.0,0.7071067811863699
0.3318,1.0,0.809016994374863
0.33185,1.0,0.8910065241882482
0.3319,1.0,0.9510565162951053
0.33195,1.0,0.9876883405951301
0.332,1.0,1.0
0.33205,1.0,0.9876883405951473
0.3321,1.0,0.9510565162952095
0.33215,1.0,0.8910065241884012
0.3322,1.0,0.8090169943750611
0.33225,1.0,0.7071067811866083
0.3323,1.0,0.5877852522926397
0.33235,1.0,0.4539904997396345
0.3324,1.0,0.30901699437515506
0.33245,1.0,0.1564344650403404
0.3325,1.0,3.4160124442442334e-15
0.33255,1.0,-0.15643446504010905
0.3326,1.0,-0.30901699437493235
0.33265,1.0,-0.45399049973942585
0.3327,1.0,-0.5877852522924503
0.33275,1.0,-0.7071067811864428
0.3328,1.0,-0.8090169943747898
0.33285,1.0,-0.891006524188295
0.3329,1.0,-0.9510565162950668
0.33295,1.0,-0.9876883405951462
0.333,1.0,-1.0
0.33305,1.0,-0.9876883405951312
0.3331,1.0,-0.9510565162951777
0.33315,1.0,-0.8910065241884577
0.3332,1.0,-0.8090169943750006
0.33325,1.0,-0.7071067811866963
0.3333,1.0,-0.5877852522925564
0.33335,1.0,-0.4539904997397454
0.3334,1.0,-0.3090169943750572
0.33345,1.0,-0.15643446504023875
0.3335,1.0,-1.278834558821765e-13
0.33355,1.0,0.1564344650402107
0.3336,1.0,0.30901699437481395
0.33365,1.0,0.4539904997395175
0.3337,1.0,0.5877852522923496
0.33375,1.0,0.7071067811865155
0.3338,1.0,0.8090169943748503
0.33385,1.0,0.8910065241883417
0.3339,1.0,0.9510565162950987
0.33395,1.0,0.9876883405951268
0.334,1.0,1.0
0.33405,1.0,0.9876883405951506
0.3341,1.0,0.9510565162951459
0.33415,1.0,0.8910065241884111
0.3342,1.0,0.8090169943750738
0.33425,1.0,0.7071067811866236
0.3343,1.0,0.5877852522926571
0.33435,1.0,0.4539904997396537
0.3344,1.0,0.3090169943751756
0.33445,1.0,0.15643446504036168
0.3345,1.0,2.497722387687671e-14
0.33455,1.0,-0.15643446504008776
0.3346,1.0,-0.3090169943749118
0.33465,1.0,-0.4539904997394066
0.3347,1.0,-0.5877852522924327
0.33475,1.0,-0.7071067811864274
0.3348,1.0,-0.8090169943749108
0.33485,1.0,-0.8910065241882852
0.3349,1.0,-0.9510565162951304
0.33495,1.0,-0.9876883405951429
0.335,1.0,-1.0
0.33505,1.0,-0.9876883405951346
0.3351,1.0,-0.9510565162951844
0.33515,1.0,-0.8910065241883643
0.3352,1.0,-0.8090169943750133
0.33525,1.0,-0.7071067811867116
0.3353,1.0,-0.587785252292574
0.33535,1.0,-0.45399049973976463
0.3354,1.0,-0.30901699437507774
0.33545,1.0,-0.15643446504026004
0.3355,1.0,-1.4944466731480898e-13
0.33555,1.0,0.1564344650401894
0.3356,1.0,0.30901699437479346
0.33565,1.0,0.4539904997394983
0.3357,1.0,0.5877852522923321
0.33575,1.0,0.7071067811865003
0.3358,1.0,0.8090169943748377
0.33585,1.0,0.8910065241883318
0.3359,1.0,0.951056516295092
0.33595,1.0,0.9876883405951233
0.336,1.0,1.0
0.33605,1.0,0.987688340595154
0.3361,1.0,0.9510565162951525
0.33615,1.0,0.8910065241884209
0.3362,1.0,0.8090169943749528
0.33625,1.0,0.7071067811866388
0.3363,1.0,0.5877852522926745
0.33635,1.0,0.4539904997396729
0.3364,1.0,0.3090169943751961
0.33645,1.0,0.1564344650401584
0.3365,1.0,4.6538435309509186e-14
0.33655,1.0,-0.15643446504006647
0.3366,1.0,-0.30901699437489133
0.33665,1.0,-0.4539904997393874
0.3367,1.0,-0.5877852522924153
0.33675,1.0,-0.7071067811864122
0.3368,1.0,-0.8090169943748982
0.33685,1.0,-0.8910065241882753
0.3369,1.0,-0.9510565162951238
0.33695,1.0,-0.9876883405951394
0.337,1.0,-1.0
0.33705,1.0,-0.9876883405951379
0.3371,1.0,-0.9510565162951911
0.33715,1.0,-0.8910065241883741
0.3372,1.0,-0.8090169943750259
0.33725,1.0,-0.7071067811865661
0.3373,1.0,-0.5877852522925914
0.33735,1.0,-0.45399049973978384
0.3374,1.0,-0.3090169943750982
0.33745,1.0,-0.15643446504028133
0.3375,1.0,5.6367796695790606e-14
0.33755,1.0,0.1564344650401681
0.3376,1.0,0.3090169943747729
0.33765,1.0,0.4539904997394791
0.3377,1.0,0.5877852522923146
0.33775,1.0,0.707106781186485
0.3378,1.0,0.809016994374825
0.33785,1.0,0.891006524188322
0.3379,1.0,0.9510565162950854
0.33795,1.0,0.98768834059512
0.338,1.0,1.0
0.33805,1.0,0.9876883405951574
0.3381,1.0,0.9510565162951592
0.33815,1.0,0.8910065241884306
0.3382,1.0,0.8090169943749655
0.33825,1.0,0.707106781186654
0.3383,1.0,0.5877852522925081
0.33835,1.0,0.45399049973969213
0.3384,1.0,0.3090169943752166
0.33845,1.0,0.15643446504040426
0.3385,1.0,6.809964674214167e-14
0.33855,1.0,-0.15643446504026975
0.3386,1.0,-0.30901699437487085
0.33865,1.0,-0.45399049973936817
0.3387,1.0,-0.5877852522923979
0.33875,1.0,-0.7071067811863969
0.3388,1.0,-0.8090169943748855
0.33885,1.0,-0.8910065241882655
0.3389,1.0,-0.9510565162951171
0.33895,1.0,-0.9876883405951006
0.339,1.0,-1.0
0.33905,1.0,-0.9876883405951413
0.3391,1.0,-0.9510565162951977
0.33915,1.0,-0.8910065241883839
0.3392,1.0,-0.8090169943750387
0.33925,1.0,-0.7071067811865813
0.3393,1.0,-0.5877852522926088
0.33935,1.0,-0.45399049973960043
0.3394,1.0,-0.3090169943751187
0.33945,1.0,-0.15643446504052722
0.3395,1.0,3.480658526315813e-14
0.33955,1.0,0.15643446504014683
0.3396,1.0,0.3090169943749687
0.33965,1.0,0.4539904997394599
0.3397,1.0,0.5877852522924811
0.33975,1.0,0.7071067811864697
0.3398,1.0,0.8090169943748123
0.33985,1.0,0.8910065241883123
0.3399,1.0,0.9510565162950787
0.33995,1.0,0.9876883405951167
0.34,1.0,1.0
0.34005,1.0,0.9876883405951608
0.3401,1.0,0.9510565162951659
0.34015,1.0,0.8910065241884404
0.3402,1.0,0.8090169943749782
0.34025,1.0,0.7071067811866693
0.3403,1.0,0.5877852522925255
0.34035,1.0,0.45399049973971134
0.3404,1.0,0.30901699437502084
0.34045,1.0,0.15643446504042557
0.3405,1.0,8.966085817477414e-14
0.34055,1.0,-0.15643446504024847
0.3406,1.0,-0.3090169943748503
0.34065,1.0,-0.4539904997395516
0.3407,1.0,-0.5877852522923804
0.34075,1.0,-0.7071067811865426
0.3408,1.0,-0.8090169943748727
0.34085,1.0,-0.8910065241882558
0.3409,1.0,-0.9510565162951105
0.34095,1.0,-0.9876883405950971
0.341,1.0,-1.0
0.34105,1.0,-0.9876883405951447
0.3411,1.0,-0.9510565162952044
0.34115,1.0,-0.8910065241883937
0.3412,1.0,-0.8090169943750514
0.34125,1.0,-0.7071067811865965
0.3413,1.0,-0.5877852522926262
0.34135,1.0,-0.45399049973961964
0.3414,1.0,-0.30901699437513924
0.34145,1.0,-0.15643446504032393
0.3415,1.0,1.3245373830525653e-14
0.34155,1.0,0.1564344650401255
0.3416,1.0,0.3090169943749482
0.34165,1.0,0.45399049973944067
0.3417,1.0,0.5877852522924637
0.34175,1.0,0.7071067811864545
0.3418,1.0,0.8090169943749332
0.34185,1.0,0.8910065241883025
0.3419,1.0,0.951056516295072
0.34195,1.0,0.9876883405951132
0.342,1.0,1.0
0.34205,1.0,0.9876883405951286
0.3421,1.0,0.9510565162951725
0.34215,1.0,0.8910065241884502
0.3422,1.0,0.8090169943749909
0.34225,1.0,0.7071067811866846
0.3423,1.0,0.587785252292543
0.34235,1.0,0.45399049973973055
0.3424,1.0,0.3090169943750414
0.34245,1.0,0.15643446504044686
0.3425,1.0,1.1122206960740662e-13
0.34255,1.0,-0.15643446504022715
0.3426,1.0,-0.3090169943748298
0.34265,1.0,-0.45399049973953237
0.3427,1.0,-0.587785252292363
0.34275,1.0,-0.7071067811865273
0.3428,1.0,-0.8090169943748601
0.34285,1.0,-0.8910065241883492
0.3429,1.0,-0.9510565162951038
0.34295,1.0,-0.9876883405950938
0.343,1.0,-1.0
0.34305,1.0,-0.9876883405951481
0.3431,1.0,-0.9510565162951408
0.34315,1.0,-0.8910065241884034
0.3432,1.0,-0.809016994375064
0.34325,1.0,-0.7071067811866117
0.3433,1.0,-0.5877852522926437
0.34335,1.0,-0.45399049973963884
0.3434,1.0,-0.3090169943751597
0.34345,1.0,-0.15643446504034522
0.3435,1.0,-8.315837602106823e-15
0.34355,1.0,0.15643446504010422
0.3436,1.0,0.3090169943749277
0.34365,1.0,0.45399049973942146
0.3437,1.0,0.5877852522924463
0.34375,1.0,0.7071067811864392
0.3438,1.0,0.8090169943749206
0.34385,1.0,0.8910065241882927
0.3439,1.0,0.9510565162951357
0.34395,1.0,0.9876883405951099
0.344,1.0,1.0
0.34405,1.0,0.987688340595132
0.3441,1.0,0.9510565162951792
0.34415,1.0,0.8910065241883568
0.3442,1.0,0.8090169943750035
0.34425,1.0,0.7071067811866998
0.3443,1.0,0.5877852522925604
0.34435,1.0,0.45399049973974975
0.3444,1.0,0.30901699437506186
0.34445,1.0,0.15643446504046815
0.3445,1.0,1.327832810400391e-13
0.34455,1.0,-0.15643446504020586
0.3446,1.0,-0.3090169943748093
0.34465,1.0,-0.45399049973951316
0.3447,1.0,-0.5877852522923456
0.34475,1.0,-0.707106781186512
0.3448,1.0,-0.8090169943748474
0.34485,1.0,-0.8910065241883394
0.3449,1.0,-0.9510565162950971
0.34495,1.0,-0.987688340595126
0.345,1.0,-1.0
0.34505,1.0,-0.9876883405951514
0.3451,1.0,-0.9510565162951474
0.34515,1.0,-0.8910065241884133
0.3452,1.0,-0.809016994374943
0.34525,1.0,-0.7071067811866271
0.3453,1.0,-0.5877852522926611
0.34535,1.0,-0.45399049973965805
0.3454,1.0,-0.30901699437518027
0.34545,1.0,-0.1564344650403665
0.3455,1.0,-2.5725072447797134e-13
0.34555,1.0,0.15643446504008293
0.3456,1.0,0.30901699437490715
0.34565,1.0,0.45399049973940225
0.3457,1.0,0.5877852522924288
0.34575,1.0,0.707106781186424
0.3458,1.0,0.8090169943749079
0.34585,1.0,0.891006524188283
0.3459,1.0,0.951056516295129
0.34595,1.0,0.9876883405951065
0.346,1.0,1.0
0.34605,1.0,0.9876883405951353
0.3461,1.0,0.9510565162951858
0.34615,1.0,0.8910065241883666
0.3462,1.0,0.8090169943750162
0.34625,1.0,0.7071067811865542
0.3463,1.0,0.5877852522925778
0.34635,1.0,0.45399049973976896
0.3464,1.0,0.3090169943750824
0.34645,1.0,0.15643446504048944
0.3465,1.0,1.5434449247267157e-13
0.34655,1.0,-0.15643446504018457
0.3466,1.0,-0.309016994375005
0.34665,1.0,-0.4539904997394939
0.3467,1.0,-0.5877852522923281
0.34675,1.0,-0.7071067811864968
0.3468,1.0,-0.8090169943748348
0.34685,1.0,-0.8910065241883296
0.3469,1.0,-0.9510565162950905
0.34695,1.0,-0.9876883405951226
0.347,1.0,-1.0
0.34705,1.0,-0.9876883405951548
0.3471,1.0,-0.9510565162951541
0.34715,1.0,-0.8910065241884231
0.3472,1.0,-0.8090169943749557
0.34725,1.0,-0.7071067811866423
0.3473,1.0,-0.5877852522924946
0.34735,1.0,-0.4539904997396773
0.3474,1.0,-0.30901699437520075
0.34745,1.0,-0.15643446504038783
0.3475,1.0,-2.788119359106038e-13
0.34755,1.0,0.1564344650402862
0.3476,1.0,0.30901699437488667
0.34765,1.0,0.4539904997395856
0.3477,1.0,0.5877852522924114
0.34775,1.0,0.7071067811864088
0.3478,1.0,0.8090169943748953
0.34785,1.0,0.8910065241882731
0.3479,1.0,0.9510565162951223
0.34795,1.0,0.9876883405951031
0.348,1.0,1.0
0.34805,1.0,0.9876883405951387
0.3481,1.0,0.9510565162951925
0.34815,1.0,0.8910065241883763
0.3482,1.0,0.8090169943750288
0.34825,1.0,0.7071067811865696
0.3483,1.0,0.5877852522925953
0.34835,1.0,0.4539904997395856
0.3484,1.0,0.3090169943751029
0.34845,1.0,0.15643446504028619
0.3485,1.0,1.7590570390530405e-13
0.34855,1.0,-0.15643446504016326
0.3486,1.0,-0.30901699437498453
0.34865,1.0,-0.4539904997394747
0.3487,1.0,-0.5877852522924947
0.34875,1.0,-0.7071067811864815
0.3488,1.0,-0.8090169943748221
0.34885,1.0,-0.8910065241883198
0.3489,1.0,-0.9510565162950838
0.34895,1.0,-0.9876883405951192
0.349,1.0,-1.0
0.34905,1.0,-0.9876883405951582
0.3491,1.0,-0.9510565162951607
0.34915,1.0,-0.8910065241884328
0.3492,1.0,-0.8090169943749683
0.34925,1.0,-0.7071067811866576
0.3493,1.0,-0.587785252292512
0.34935,1.0,-0.4539904997396965
0.3494,1.0,-0.309016994375005
0.34945,1.0,-0.15643446504040912
0.3495,1.0,-7.299947190000426e-14
0.34955,1.0,0.1564344650402649
0.3496,1.0,0.3090169943748662
0.34965,1.0,0.4539904997395664
0.3497,1.0,0.587785252292394
0.34975,1.0,0.7071067811865542
0.3498,1.0,0.8090169943748826
0.34985,1.0,0.8910065241882633
0.3499,1.0,0.9510565162951157
0.34995,1.0,0.9876883405950998
0.35,1.0,1.0
0.35005,1.0,0.9876883405951776
0.3501,1.0,0.9510565162951992
0.35015,1.0,0.8910065241883861
0.3502,1.0,0.8090169943750416
0.35025,1.0,0.7071067811865848
0.3503,1.0,0.5877852522926128
0.35035,1.0,0.4539904997396048
0.3504,1.0,0.30901699437512337
0.35045,1.0,0.15643446504030747
0.3505,1.0,1.9746691533793652e-13
0.35055,1.0,-0.15643446504014197
0.3506,1.0,-0.30901699437496405
0.35065,1.0,-0.4539904997394555
0.3507,1.0,-0.5877852522924771
0.35075,1.0,-0.7071067811864663
0.3508,1.0,-0.809016994374943
0.35085,1.0,-0.8910065241883101
0.3509,1.0,-0.9510565162950771
0.35095,1.0,-0.9876883405951159
0.351,1.0,-1.0
0.35105,1.0,-0.9876883405951615
0.3511,1.0,-0.9510565162951674
0.35115,1.0,-0.8910065241884426
0.3512,1.0,-0.8090169943749811
0.35125,1.0,-0.7071067811866728
0.3513,1.0,-0.5877852522925295
0.35135,1.0,-0.4539904997397157
0.3514,1.0,-0.3090169943750255
0.35145,1.0,-0.1564344650404304
0.3515,1.0,-9.456068333263673e-14
0.35155,1.0,0.15643446504001904
0.3516,1.0,0.30901699437484564
0.35165,1.0,0.4539904997395472
0.3517,1.0,0.5877852522923764
0.35175,1.0,0.707106781186539
0.3518,1.0,0.8090169943748698
0.35185,1.0,0.8910065241883568
0.3519,1.0,0.951056516295109
0.35195,1.0,0.9876883405950964
0.352,1.0,1.0
0.35205,1.0,0.987688340595181
0.3521,1.0,0.9510565162951357
0.35215,1.0,0.8910065241883959
0.3522,1.0,0.8090169943750543
0.35225,1.0,0.7071067811866
0.3523,1.0,0.5877852522926302
0.35235,1.0,0.453990499739624
0.3524,1.0,0.3090169943751439
0.35245,1.0,0.15643446504032876
0.3525,1.0,2.19028126770569e-13
0.35255,1.0,-0.15643446504012068
0.3526,1.0,-0.3090169943749435
0.35265,1.0,-0.4539904997394363
0.3527,1.0,-0.5877852522924597
0.35275,1.0,-0.7071067811864511
0.3528,1.0,-0.8090169943749304
0.35285,1.0,-0.8910065241883003
0.3529,1.0,-0.9510565162951408
0.35295,1.0,-0.9876883405951125
0.353,1.0,-1.0
0.35305,1.0,-0.9876883405951649
0.3531,1.0,-0.9510565162951741
0.35315,1.0,-0.8910065241883491
0.3532,1.0,-0.8090169943749937
0.35325,1.0,-0.707106781186688
0.3533,1.0,-0.587785252292547
0.35335,1.0,-0.45399049973973493
0.3534,1.0,-0.30901699437504604
0.35345,1.0,-0.1564344650404517
0.3535,1.0,-1.161218947652692e-13
0.35355,1.0,0.15643446503999775
0.3536,1.0,0.30901699437482516
0.35365,1.0,0.453990499739528
0.3537,1.0,0.587785252292359
0.35375,1.0,0.7071067811865238
0.3538,1.0,0.8090169943748572
0.35385,1.0,0.891006524188347
0.3539,1.0,0.9510565162951023
0.35395,1.0,0.9876883405951286
0.354,1.0,1.0
0.35405,1.0,0.9876883405951844
0.3541,1.0,0.9510565162951423
0.35415,1.0,0.8910065241884056
0.3542,1.0,0.8090169943749332
0.35425,1.0,0.7071067811866153
0.3543,1.0,0.5877852522924637
0.35435,1.0,0.4539904997396432
0.3544,1.0,0.3090169943751644
0.35445,1.0,0.15643446504035005
0.3545,1.0,2.4058933820320147e-13
0.35455,1.0,-0.1564344650400994
0.3546,1.0,-0.309016994374923
0.35465,1.0,-0.4539904997394171
0.3547,1.0,-0.5877852522924423
0.35475,1.0,-0.7071067811864358
0.3548,1.0,-0.8090169943749177
0.35485,1.0,-0.8910065241882905
0.3549,1.0,-0.9510565162951341
0.35495,1.0,-0.9876883405951091
0.355,1.0,-1.0
0.35505,1.0,-0.9876883405951683
0.3551,1.0,-0.9510565162951807
0.35515,1.0,-0.891006524188359
0.3552,1.0,-0.8090169943750064
0.35525,1.0,-0.7071067811865425
0.3553,1.0,-0.5877852522925644
0.35535,1.0,-0.4539904997395515
0.3554,1.0,-0.3090169943750665
0.35545,1.0,-0.156434465040473
0.3555,1.0,-1.3768310619790168e-13
0.35555,1.0,0.15643446503997643
0.3556,1.0,0.3090169943750209
0.35565,1.0,0.4539904997395088
0.3557,1.0,0.5877852522923416
0.35575,1.0,0.7071067811865085
0.3558,1.0,0.8090169943748445
0.35585,1.0,0.8910065241883371
0.3559,1.0,0.9510565162950957
0.35595,1.0,0.9876883405951252
0.356,1.0,1.0
0.35605,1.0,0.9876883405951522
0.3561,1.0,0.951056516295149
0.35615,1.0,0.8910065241884155
0.3562,1.0,0.8090169943749459
0.35625,1.0,0.7071067811866305
0.3563,1.0,0.5877852522924811
0.35635,1.0,0.45399049973966243
0.3564,1.0,0.30901699437496866
0.35645,1.0,0.15643446504037137
0.3565,1.0,2.6215054963583395e-13
0.35655,1.0,-0.15643446504007807
0.3566,1.0,-0.30901699437468627
0.35665,1.0,-0.4539904997396005
0.3567,1.0,-0.5877852522924248
0.35675,1.0,-0.7071067811864206
0.3568,1.0,-0.809016994374905
0.35685,1.0,-0.8910065241882806
0.3569,1.0,-0.9510565162951274
0.35695,1.0,-0.9876883405951057
0.357,1.0,-1.0
0.35705,1.0,-0.9876883405951716
0.3571,1.0,-0.9510565162951874
0.35715,1.0,-0.8910065241883688
0.3572,1.0,-0.8090169943750191
0.35725,1.0,-0.7071067811865578
0.3573,1.0,-0.5877852522925818
0.35735,1.0,-0.45399049973957073
0.3574,1.0,-0.30901699437508706
0.35745,1.0,-0.15643446504026973
0.3575,1.0,-1.5924431763053416e-13
0.35755,1.0,0.15643446503995515
0.3576,1.0,0.30901699437478414
0.35765,1.0,0.4539904997394896
0.3577,1.0,0.5877852522925081
0.35775,1.0,0.7071067811864933
0.3578,1.0,0.8090169943748319
0.35785,1.0,0.8910065241883274
0.3579,1.0,0.951056516295089
0.35795,1.0,0.9876883405951218
0.358,1.0,1.0
0.35805,1.0,0.9876883405951555
0.3581,1.0,0.9510565162952258
0.35815,1.0,0.8910065241884253
0.3582,1.0,0.8090169943749586
0.35825,1.0,0.7071067811866457
0.3583,1.0,0.5877852522924986
0.35835,1.0,0.45399049973968164
0.3584,1.0,0.30901699437498914
0.35845,1.0,0.15643446504039266
0.3585,1.0,5.633808562523437e-14
0.35855,1.0,-0.15643446504005679
0.3586,1.0,-0.3090169943746658
0.35865,1.0,-0.4539904997395813
0.3587,1.0,-0.5877852522924074
0.35875,1.0,-0.7071067811865661
0.3588,1.0,-0.8090169943748924
0.35885,1.0,-0.8910065241882709
0.3589,1.0,-0.9510565162951208
0.35895,1.0,-0.9876883405951024
0.359,1.0,-1.0
0.35905,1.0,-0.9876883405951751
0.3591,1.0,-0.951056516295194
0.35915,1.0,-0.8910065241883786
0.3592,1.0,-0.8090169943750317
0.35925,1.0,-0.707106781186573
0.3593,1.0,-0.5877852522925993
0.35935,1.0,-0.45399049973958994
0.3594,1.0,-0.30901699437510755
0.35945,1.0,-0.15643446504029102
0.3595,1.0,-1.8080552906316663e-13
0.35955,1.0,0.15643446504015843
0.3596,1.0,0.30901699437476365
0.35965,1.0,0.45399049973947037
0.3597,1.0,0.5877852522924907
0.35975,1.0,0.7071067811864781
0.3598,1.0,0.8090169943749529
0.35985,1.0,0.8910065241883176
0.3599,1.0,0.9510565162950824
0.35995,1.0,0.9876883405951185
0.36,1.0,1.0
0.36005,1.0,0.987688340595159
0.3601,1.0,0.9510565162952325
0.36015,1.0,0.8910065241884351
0.3602,1.0,0.8090169943749712
0.36025,1.0,0.707106781186661
0.3603,1.0,0.587785252292516
0.36035,1.0,0.45399049973970085
0.3604,1.0,0.3090169943750097
0.36045,1.0,0.15643446504041394
0.3605,1.0,7.789929705786684e-14
0.36055,1.0,-0.1564344650400355
0.3606,1.0,-0.3090169943748615
0.36065,1.0,-0.453990499739562
0.3607,1.0,-0.58778525229239
0.36075,1.0,-0.7071067811865508
0.3608,1.0,-0.8090169943748797
0.36085,1.0,-0.8910065241883643
0.3609,1.0,-0.9510565162951141
0.36095,1.0,-0.987688340595099
0.361,1.0,-1.0
0.36105,1.0,-0.9876883405951784
0.3611,1.0,-0.9510565162952007
0.36115,1.0,-0.8910065241883883
0.3612,1.0,-0.8090169943749108
0.36125,1.0,-0.7071067811865882
0.3613,1.0,-0.5877852522926167
0.36135,1.0,-0.45399049973960914
0.3614,1.0,-0.30901699437512803
0.36145,1.0,-0.1564344650403123
0.3615,1.0,-2.023667404957991e-13
0.36155,1.0,0.15643446504013714
0.3616,1.0,0.3090169943747431
0.36165,1.0,0.45399049973945116
0.3617,1.0,0.5877852522924732
0.36175,1.0,0.7071067811864629
0.3618,1.0,0.8090169943749402
0.36185,1.0,0.8910065241883078
0.3619,1.0,0.9510565162951459
0.36195,1.0,0.9876883405951151
0.362,1.0,1.0
0.36205,1.0,0.9876883405951623
0.3621,1.0,0.9510565162952391
0.36215,1.0,0.8910065241883416
0.3622,1.0,0.809016994374984
0.36225,1.0,0.7071067811865155
0.3623,1.0,0.5877852522925334
0.36235,1.0,0.45399049973972005
0.3624,1.0,0.30901699437503016
0.36245,1.0,0.15643446504043523
0.3625,1.0,9.946050849049932e-14
0.36255,1.0,-0.1564344650400142
0.3626,1.0,-0.309016994374841
0.36265,1.0,-0.45399049973934025
0.3627,1.0,-0.5877852522923726
0.36275,1.0,-0.7071067811865356
0.3628,1.0,-0.809016994374867
0.36285,1.0,-0.8910065241883546
0.3629,1.0,-0.9510565162951075
0.36295,1.0,-0.9876883405951312
0.363,1.0,-1.0
0.36305,1.0,-0.9876883405951462
0.3631,1.0,-0.9510565162952074
0.36315,1.0,-0.8910065241885013
0.3632,1.0,-0.8090169943749235
0.36325,1.0,-0.7071067811866034
0.3633,1.0,-0.5877852522924502
0.36335,1.0,-0.4539904997396284
0.3634,1.0,-0.30901699437514857
0.36345,1.0,-0.1564344650403336
0.3635,1.0,-2.2392795192843159e-13
0.36355,1.0,0.15643446504011585
0.3636,1.0,0.30901699437472263
0.36365,1.0,0.45399049973943195
0.3637,1.0,0.5877852522924558
0.36375,1.0,0.7071067811864475
0.3638,1.0,0.8090169943749275
0.36385,1.0,0.8910065241882981
0.3639,1.0,0.9510565162951392
0.36395,1.0,0.9876883405951117
0.364,1.0,1.0
0.36405,1.0,0.9876883405951656
0.3641,1.0,0.9510565162951756
0.36415,1.0,0.8910065241884546
0.3642,1.0,0.8090169943749966
0.36425,1.0,0.7071067811865307
0.3643,1.0,0.5877852522925509
0.36435,1.0,0.4539904997395367
0.3644,1.0,0.3090169943750507
0.36445,1.0,0.15643446504045655
0.3645,1.0,1.210217199231318e-13
0.36455,1.0,-0.1564344650399929
0.3646,1.0,-0.3090169943748205
0.36465,1.0,-0.45399049973932104
0.3647,1.0,-0.5877852522923551
0.36475,1.0,-0.7071067811865204
0.3648,1.0,-0.8090169943748543
0.36485,1.0,-0.8910065241883447
0.3649,1.0,-0.9510565162951008
0.36495,1.0,-0.9876883405951278
0.365,1.0,-1.0
0.36505,1.0,-0.9876883405951495
0.3651,1.0,-0.951056516295214
0.36515,1.0,-0.8910065241884079
0.3652,1.0,-0.8090169943749361
0.36525,1.0,-0.7071067811866187
0.3653,1.0,-0.5877852522924676
0.36535,1.0,-0.4539904997396476
0.3654,1.0,-0.30901699437495284
0.36545,1.0,-0.1564344650403549
0.3655,1.0,-2.4548916336106404e-13
0.36555,1.0,0.15643446504009453
0.3656,1.0,0.3090169943747021
0.36565,1.0,0.45399049973941275
0.3657,1.0,0.5877852522924383
0.36575,1.0,0.7071067811864323
0.3658,1.0,0.8090169943749148
0.36585,1.0,0.8910065241882883
0.3659,1.0,0.9510565162951325
0.36595,1.0,0.9876883405951083
0.366,1.0,1.0
0.36605,1.0,0.9876883405951691
0.3661,1.0,0.9510565162951823
0.36615,1.0,0.8910065241884644
0.3662,1.0,0.8090169943750093
0.36625,1.0,0.7071067811865459
0.3663,1.0,0.5877852522925684
0.36635,1.0,0.4539904997395559
0.3664,1.0,0.3090169943750712
0.36645,1.0,0.15643446504025327
0.3665,1.0,1.4258293135576427e-13
0.36655,1.0,-0.1564344650399716
0.3666,1.0,-0.30901699437479996
0.36665,1.0,-0.45399049973930183
0.3667,1.0,-0.5877852522925215
0.36675,1.0,-0.707106781186505
0.3668,1.0,-0.8090169943748416
0.36685,1.0,-0.8910065241883349
0.3669,1.0,-0.9510565162950941
0.36695,1.0,-0.9876883405951244
0.367,1.0,-1.0
0.36705,1.0,-0.987688340595153
0.3671,1.0,-0.9510565162952207
0.36715,1.0,-0.8910065241884177
0.3672,1.0,-0.8090169943749488
0.36725,1.0,-0.707106781186634
0.3673,1.0,-0.5877852522924851
0.36735,1.0,-0.4539904997396668
0.3674,1.0,-0.3090169943749733
0.36745,1.0,-0.1564344650403762
0.3675,1.0,-3.967669935046448e-14
0.36755,1.0,0.15643446504007325
0.3676,1.0,0.3090169943746816
0.36765,1.0,0.4539904997393935
0.3677,1.0,0.5877852522924208
0.36775,1.0,0.7071067811865779
0.3678,1.0,0.8090169943749022
0.36785,1.0,0.8910065241882784
0.3679,1.0,0.9510565162951259
0.36795,1.0,0.987688340595105
0.368,1.0,1.0
0.36805,1.0,0.9876883405951724
0.3681,1.0,0.951056516295189
0.36815,1.0,0.8910065241884743
0.3682,1.0,0.809016994375022
0.36825,1.0,0.7071067811865612
0.3683,1.0,0.5877852522925858
0.36835,1.0,0.4539904997395751
0.3684,1.0,0.30901699437509167
0.36845,1.0,0.15643446504027456
0.3685,1.0,1.6414414278839675e-13
0.36855,1.0,-0.15643446504017489
0.3686,1.0,-0.3090169943747795
0.36865,1.0,-0.4539904997392826
0.3687,1.0,-0.5877852522925041
0.36875,1.0,-0.7071067811864898
0.3688,1.0,-0.8090169943749627
0.36885,1.0,-0.8910065241883252
0.3689,1.0,-0.9510565162950875
0.36895,1.0,-0.9876883405951211
0.369,1.0,-1.0
0.36905,1.0,-0.9876883405951563
0.3691,1.0,-0.9510565162952274
0.36915,1.0,-0.8910065241884275
0.3692,1.0,-0.8090169943750951
0.36925,1.0,-0.7071067811866492
0.3693,1.0,-0.5877852522925026
0.36935,1.0,-0.453990499739686
0.3694,1.0,-0.3090169943749938
0.36945,1.0,-0.15643446504039749
0.3695,1.0,-6.123791078309695e-14
0.36955,1.0,0.15643446504005196
0.3696,1.0,0.30901699437487734
0.36965,1.0,0.4539904997393743
0.3697,1.0,0.5877852522922195
0.36975,1.0,0.7071067811865627
0.3698,1.0,0.8090169943748895
0.36985,1.0,0.8910065241883719
0.3699,1.0,0.9510565162951192
0.36995,1.0,0.9876883405951372
0.37,1.0,1.0
0.37005,1.0,0.9876883405951759
0.3701,1.0,0.9510565162951956
0.37015,1.0,0.891006524188484
0.3702,1.0,0.8090169943750346
0.37025,1.0,0.7071067811865764
0.3703,1.0,0.5877852522926033
0.37035,1.0,0.4539904997395943
0.3704,1.0,0.3090169943751122
0.37045,1.0,0.15643446504029584
0.3705,1.0,1.8570535422102922e-13
0.37055,1.0,-0.1564344650401536
0.3706,1.0,-0.309016994374759
0.37065,1.0,-0.453990499739466
0.3707,1.0,-0.5877852522923027
0.37075,1.0,-0.7071067811864746
0.3708,1.0,-0.80901699437495
0.37085,1.0,-0.8910065241883154
0.3709,1.0,-0.9510565162951511
0.37095,1.0,-0.9876883405951177
0.371,1.0,-1.0
0.37105,1.0,-0.9876883405951598
0.3711,1.0,-0.951056516295234
0.37115,1.0,-0.8910065241884373
0.3712,1.0,-0.8090169943751078
0.37125,1.0,-0.7071067811865037
0.3713,1.0,-0.58778525229252
0.37135,1.0,-0.45399049973970523
0.3714,1.0,-0.30901699437501434
0.37145,1.0,-0.1564344650404188
0.3715,1.0,-8.279912221572943e-14
0.37155,1.0,0.15643446504003067
0.3716,1.0,0.30901699437485686
0.37165,1.0,0.45399049973935507
0.3717,1.0,0.587785252292386
0.37175,1.0,0.7071067811865474
0.3718,1.0,0.8090169943748768
0.37185,1.0,0.8910065241883621
0.3719,1.0,0.9510565162951126
0.37195,1.0,0.9876883405951338
0.372,1.0,1.0
0.37205,1.0,0.9876883405951437
0.3721,1.0,0.9510565162952023
0.37215,1.0,0.8910065241884938
0.3722,1.0,0.8090169943750473
0.37225,1.0,0.7071067811865916
0.3723,1.0,0.5877852522924367
0.37235,1.0,0.45399049973961353
0.3724,1.0,0.3090169943751327
0.37245,1.0,0.15643446504031716
0.3725,1.0,2.072665656536617e-13
0.37255,1.0,-0.15643446504013228
0.3726,1.0,-0.30901699437473845
0.37265,1.0,-0.4539904997394468
0.3727,1.0,-0.5877852522922853
0.37275,1.0,-0.7071067811864593
0.3728,1.0,-0.8090169943749372
0.37285,1.0,-0.8910065241883056
0.3729,1.0,-0.9510565162951444
0.37295,1.0,-0.9876883405951143
0.373,1.0,-1.0
0.37305,1.0,-0.9876883405951631
0.3731,1.0,-0.9510565162951704
0.37315,1.0,-0.8910065241884471
0.3732,1.0,-0.8090169943751204
0.37325,1.0,-0.7071067811865189
0.3733,1.0,-0.5877852522925374
0.37335,1.0,-0.4539904997395218
0.3734,1.0,-0.3090169943750348
0.37345,1.0,-0.1564344650404401
0.3735,1.0,-1.043603336483619e-13
0.37355,1.0,0.15643446504000935
0.3736,1.0,0.3090169943748363
0.37365,1.0,0.45399049973933586
0.3737,1.0,0.5877852522923686
0.37375,1.0,0.7071067811865321
0.3738,1.0,0.8090169943748642
0.37385,1.0,0.8910065241883524
0.3739,1.0,0.9510565162951059
0.37395,1.0,0.9876883405951304
0.374,1.0,1.0
0.37405,1.0,0.987688340595147
0.3741,1.0,0.9510565162952089
0.37415,1.0,0.8910065241884003
0.3742,1.0,0.80901699437506
0.37425,1.0,0.707106781186607
0.3743,1.0,0.5877852522924542
0.37435,1.0,0.45399049973963274
0.3744,1.0,0.30901699437493696
0.37445,1.0,0.15643446504033845
0.3745,1.0,2.2882777708629417e-13
0.37455,1.0,-0.156434465040111
0.3746,1.0,-0.30901699437471797
0.37465,1.0,-0.45399049973942757
0.3747,1.0,-0.5877852522922679
0.37475,1.0,-0.7071067811864441
0.3748,1.0,-0.8090169943749246
0.37485,1.0,-0.8910065241882958
0.3749,1.0,-0.9510565162951378
0.37495,1.0,-0.9876883405951109
0.375,1.0,-1.0
0.37505,1.0,-0.9876883405951664
0.3751,1.0,-0.9510565162951771
0.37515,1.0,-0.8910065241884568
0.3752,1.0,-0.8090169943749995
0.37525,1.0,-0.7071067811866949
0.3753,1.0,-0.5877852522925548
0.37535,1.0,-0.4539904997395411
0.3754,1.0,-0.30901699437505536
0.37545,1.0,-0.1564344650402368
0.3755,1.0,-1.2592154508099438e-13
0.37555,1.0,0.15643446503998806
0.3756,1.0,0.30901699437481583
0.37565,1.0,0.45399049973931666
0.3757,1.0,0.5877852522923511
0.37575,1.0,0.7071067811863561
0.3758,1.0,0.8090169943749851
0.37585,1.0,0.8910065241883426
0.3759,1.0,0.9510565162950992
0.37595,1.0,0.987688340595127
0.376,1.0,1.0
0.37605,1.0,0.9876883405951503
0.3761,1.0,0.9510565162952156
0.37615,1.0,0.8910065241884102
0.3762,1.0,0.8090169943750727
0.37625,1.0,0.7071067811866222
0.3763,1.0,0.5877852522924716
0.37635,1.0,0.45399049973965194
0.3764,1.0,0.3090169943749575
0.37645,1.0,0.15643446504035974
0.3765,1.0,2.301531307569459e-14
0.37655,1.0,-0.1564344650400897
0.3766,1.0,-0.30901699437469743
0.37665,1.0,-0.45399049973940836
0.3767,1.0,-0.5877852522922504
0.37675,1.0,-0.7071067811864289
0.3768,1.0,-0.8090169943749119
0.37685,1.0,-0.8910065241883892
0.3769,1.0,-0.9510565162951311
0.37695,1.0,-0.9876883405951076
0.377,1.0,-1.0
0.37705,1.0,-0.9876883405951699
0.3771,1.0,-0.9510565162951837
0.37715,1.0,-0.8910065241884667
0.3772,1.0,-0.8090169943750122
0.37725,1.0,-0.7071067811867102
0.3773,1.0,-0.5877852522925723
0.37735,1.0,-0.4539904997395603
0.3774,1.0,-0.30901699437507585
0.37745,1.0,-0.1564344650402581
0.3775,1.0,-1.4748275651362686e-13
0.37755,1.0,0.15643446504019135
0.3776,1.0,0.3090169943747953
0.37765,1.0,0.45399049973929745
0.3777,1.0,0.5877852522923337
0.37775,1.0,0.7071067811863408
0.3778,1.0,0.8090169943749724
0.37785,1.0,0.8910065241883327
0.3779,1.0,0.9510565162951629
0.37795,1.0,0.9876883405951237
0.378,1.0,1.0
0.37805,1.0,0.9876883405951538
0.3781,1.0,0.9510565162952223
0.37815,1.0,0.89100652418842
0.3782,1.0,0.8090169943750853
0.37825,1.0,0.7071067811866375
0.3783,1.0,0.587785252292489
0.37835,1.0,0.45399049973967115
0.3784,1.0,0.309016994374978
0.37845,1.0,0.15643446504038103
0.3785,1.0,4.4576524508327066e-14
0.37855,1.0,-0.15643446504006842
0.3786,1.0,-0.3090169943748932
0.37865,1.0,-0.45399049973938915
0.3787,1.0,-0.587785252292417
0.37875,1.0,-0.7071067811864136
0.3788,1.0,-0.8090169943748993
0.37885,1.0,-0.8910065241883794
0.3789,1.0,-0.9510565162951244
0.37895,1.0,-0.9876883405951398
0.379,1.0,-1.0
0.37905,1.0,-0.9876883405951732
0.3791,1.0,-0.9510565162951904
0.37915,1.0,-0.8910065241884765
0.3792,1.0,-0.8090169943750248
0.37925,1.0,-0.7071067811867254
0.3793,1.0,-0.5877852522925897
0.37935,1.0,-0.4539904997395795
0.3794,1.0,-0.30901699437509633
0.37945,1.0,-0.15643446504027939
0.3795,1.0,-1.6904396794625933e-13
0.37955,1.0,0.15643446504017006
0.3796,1.0,0.3090169943747748
0.37965,1.0,0.45399049973948086
0.3797,1.0,0.5877852522923163
0.37975,1.0,0.7071067811864864
0.3798,1.0,0.8090169943749598
0.37985,1.0,0.8910065241883229
0.3799,1.0,0.9510565162951562
0.37995,1.0,0.9876883405951203
0.38,1.0,1.0
0.38005,1.0,0.9876883405951571
0.3801,1.0,0.9510565162952289
0.38015,1.0,0.8910065241884297
0.3802,1.0,0.809016994375098
0.38025,1.0,0.7071067811866527
0.3803,1.0,0.5877852522925064
0.38035,1.0,0.45399049973969036
0.3804,1.0,0.30901699437499847
0.38045,1.0,0.15643446504040234
0.3805,1.0,6.613773594095954e-14
0.38055,1.0,-0.1564344650400471
0.3806,1.0,-0.3090169943748727
0.38065,1.0,-0.45399049973936995
0.3807,1.0,-0.5877852522923995
0.38075,1.0,-0.7071067811863984
0.3808,1.0,-0.8090169943748866
0.38085,1.0,-0.8910065241883697
0.3809,1.0,-0.9510565162951178
0.38095,1.0,-0.9876883405951364
0.381,1.0,-1.0
0.38105,1.0,-0.987688340595141
0.3811,1.0,-0.951056516295197
0.38115,1.0,-0.8910065241884862
0.3812,1.0,-0.8090169943750375
0.38125,1.0,-0.7071067811867406
0.3813,1.0,-0.5877852522926071
0.38135,1.0,-0.4539904997395987
0.3814,1.0,-0.30901699437511687
0.38145,1.0,-0.1564344650403007
0.3815,1.0,-1.906051793788918e-13
0.38155,1.0,0.15643446504014874
0.3816,1.0,0.30901699437475433
0.38165,1.0,0.4539904997394616
0.3817,1.0,0.5877852522922988
0.38175,1.0,0.7071067811864711
0.3818,1.0,0.8090169943748134
0.38185,1.0,0.8910065241883132
0.3819,1.0,0.9510565162951495
0.38195,1.0,0.9876883405951169
0.382,1.0,1.0
0.38205,1.0,0.9876883405951604
0.3821,1.0,0.9510565162951653
0.38215,1.0,0.8910065241884395
0.3822,1.0,0.8090169943751107
0.38225,1.0,0.7071067811866679
0.3823,1.0,0.5877852522927078
0.38235,1.0,0.453990499739507
0.3824,1.0,0.309016994375019
0.38245,1.0,0.15643446504042363
0.3825,1.0,8.769894737359202e-14
0.38255,1.0,-0.1564344650400258
0.3826,1.0,-0.3090169943748522
0.38265,1.0,-0.45399049973935074
0.3827,1.0,-0.587785252292382
0.38275,1.0,-0.7071067811863831
0.3828,1.0,-0.809016994374874
0.38285,1.0,-0.8910065241883599
0.3829,1.0,-0.9510565162951111
0.38295,1.0,-0.987688340595133
0.383,1.0,-1.0
0.38305,1.0,-0.9876883405951443
0.3831,1.0,-0.9510565162952037
0.38315,1.0,-0.8910065241883928
0.3832,1.0,-0.8090169943750501
0.38325,1.0,-0.707106781186756
0.3833,1.0,-0.5877852522926247
0.38335,1.0,-0.4539904997396179
0.3834,1.0,-0.30901699437492114
0.38345,1.0,-0.156434465040322
0.3835,1.0,-2.1216639081152429e-13
0.38355,1.0,0.15643446504012745
0.3836,1.0,0.3090169943747338
0.38365,1.0,0.4539904997394424
0.3837,1.0,0.5877852522922813
0.38375,1.0,0.7071067811864559
0.3838,1.0,0.8090169943748008
0.38385,1.0,0.8910065241883034
0.3839,1.0,0.9510565162951429
0.38395,1.0,0.9876883405951136
0.384,1.0,1.0
0.38405,1.0,0.9876883405951639
0.3841,1.0,0.951056516295172
0.38415,1.0,0.8910065241884493
0.3842,1.0,0.8090169943749896
0.38425,1.0,0.7071067811866831
0.3843,1.0,0.5877852522927254
0.38435,1.0,0.4539904997395262
0.3844,1.0,0.3090169943750395
0.38445,1.0,0.15643446504022035
0.3845,1.0,1.092601588062245e-13
0.38455,1.0,-0.1564344650402291
0.3846,1.0,-0.30901699437483166
0.38465,1.0,-0.45399049973933153
0.3847,1.0,-0.5877852522923646
0.38475,1.0,-0.7071067811863678
0.3848,1.0,-0.8090169943748613
0.38485,1.0,-0.8910065241883501
0.3849,1.0,-0.9510565162951045
0.38495,1.0,-0.9876883405951297
0.385,1.0,-1.0
0.38505,1.0,-0.9876883405951478
0.3851,1.0,-0.9510565162952104
0.38515,1.0,-0.8910065241884025
0.3852,1.0,-0.8090169943750629
0.38525,1.0,-0.7071067811866104
0.3853,1.0,-0.5877852522926421
0.38535,1.0,-0.4539904997396371
0.3854,1.0,-0.3090169943749416
0.38545,1.0,-0.15643446504034328
0.3855,1.0,-6.3539268009247044e-15
0.38555,1.0,0.15643446504010616
0.3856,1.0,0.3090169943749295
0.38565,1.0,0.4539904997394232
0.3857,1.0,0.5877852522922639
0.38575,1.0,0.7071067811864407
0.3858,1.0,0.8090169943747881
0.38585,1.0,0.8910065241883968
0.3859,1.0,0.9510565162951362
0.38595,1.0,0.9876883405951102
0.386,1.0,1.0
0.38605,1.0,0.9876883405951672
0.3861,1.0,0.9510565162951786
0.38615,1.0,0.891006524188459
0.3862,1.0,0.8090169943750024
0.38625,1.0,0.7071067811866985
0.3863,1.0,0.5877852522925588
0.38635,1.0,0.4539904997395454
0.3864,1.0,0.30901699437506003
0.38645,1.0,0.15643446504024164
0.3865,1.0,1.3082137023885697e-13
0.38655,1.0,-0.1564344650402078
0.3866,1.0,-0.30901699437481117
0.38665,1.0,-0.4539904997395149
0.3867,1.0,-0.5877852522923471
0.38675,1.0,-0.7071067811863526
0.3868,1.0,-0.8090169943748485
0.38685,1.0,-0.8910065241883403
0.3869,1.0,-0.9510565162951681
0.38695,1.0,-0.9876883405951263
0.387,1.0,-1.0
0.38705,1.0,-0.9876883405951511
0.3871,1.0,-0.951056516295217
0.38715,1.0,-0.8910065241884124
0.3872,1.0,-0.8090169943750756
0.38725,1.0,-0.7071067811866256
0.3873,1.0,-0.5877852522926595
0.38735,1.0,-0.45399049973965633
0.3874,1.0,-0.30901699437496216
0.38745,1.0,-0.15643446504036457
0.3875,1.0,-2.791513823355718e-14
0.38755,1.0,0.15643446504008487
0.3876,1.0,0.30901699437490904
0.38765,1.0,0.453990499739404
0.3877,1.0,0.5877852522924304
0.38775,1.0,0.7071067811864254
0.3878,1.0,0.8090169943747755
0.38785,1.0,0.8910065241882839
0.3879,1.0,0.9510565162951296
0.38795,1.0,0.9876883405951424
0.388,1.0,1.0
0.38805,1.0,0.9876883405951706
0.3881,1.0,0.9510565162951853
0.38815,1.0,0.8910065241884689
0.3882,1.0,0.8090169943750151
0.38825,1.0,0.7071067811867137
0.3883,1.0,0.5877852522925763
0.38835,1.0,0.45399049973976724
0.3884,1.0,0.3090169943750805
0.38845,1.0,0.15643446504026295
0.3885,1.0,1.5238258167148945e-13
0.38855,1.0,-0.15643446504018652
0.3886,1.0,-0.3090169943747907
0.38865,1.0,-0.4539904997394957
0.3887,1.0,-0.5877852522923297
0.38875,1.0,-0.7071067811864982
0.3888,1.0,-0.8090169943748359
0.38885,1.0,-0.8910065241882273
0.3889,1.0,-0.9510565162951614
0.38895,1.0,-0.9876883405951229
0.389,1.0,-1.0
0.38905,1.0,-0.9876883405951545
0.3891,1.0,-0.9510565162952237
0.38915,1.0,-0.8910065241884222
0.3892,1.0,-0.8090169943750882
0.38925,1.0,-0.7071067811866409
0.3893,1.0,-0.587785252292677
0.38935,1.0,-0.45399049973967553
0.3894,1.0,-0.30901699437498265
0.38945,1.0,-0.15643446504038588
0.3895,1.0,-4.9476349666189654e-14
0.38955,1.0,0.15643446504006356
0.3896,1.0,0.30901699437488855
0.38965,1.0,0.45399049973938477
0.3897,1.0,0.587785252292413
0.38975,1.0,0.7071067811864101
0.3898,1.0,0.8090169943748964
0.38985,1.0,0.891006524188274
0.3899,1.0,0.9510565162951229
0.38995,1.0,0.987688340595139
0.39,1.0,1.0
0.39005,1.0,0.9876883405951384
0.3901,1.0,0.951056516295192
0.39015,1.0,0.8910065241884787
0.3902,1.0,0.8090169943750277
0.39025,1.0,0.7071067811867289
0.3903,1.0,0.5877852522925937
0.39035,1.0,0.45399049973978645
0.3904,1.0,0.3090169943748848
0.39045,1.0,0.15643446504028424
0.3905,1.0,1.7394379310412192e-13
0.39055,1.0,-0.1564344650401652
0.3906,1.0,-0.30901699437477015
0.39065,1.0,-0.45399049973947647
0.3907,1.0,-0.5877852522923123
0.39075,1.0,-0.707106781186483
0.3908,1.0,-0.8090169943748232
0.39085,1.0,-0.8910065241883207
0.3909,1.0,-0.9510565162951548
0.39095,1.0,-0.9876883405951196
0.391,1.0,-1.0
0.39105,1.0,-0.9876883405951579
0.3911,1.0,-0.9510565162951601
0.39115,1.0,-0.891006524188432
0.3912,1.0,-0.8090169943751009
0.39125,1.0,-0.7071067811866562
0.3913,1.0,-0.5877852522926944
0.39135,1.0,-0.45399049973969474
0.3914,1.0,-0.30901699437500313
0.39145,1.0,-0.1564344650401826
0.3915,1.0,-7.103756109882213e-14
0.39155,1.0,0.15643446504004227
0.3916,1.0,0.309016994374868
0.39165,1.0,0.45399049973936556
0.3917,1.0,0.5877852522923955
0.39175,1.0,0.7071067811863949
0.3918,1.0,0.8090169943748837
0.39185,1.0,0.8910065241882642
0.3919,1.0,0.9510565162951162
0.39195,1.0,0.9876883405951357
0.392,1.0,1.0
0.39205,1.0,0.9876883405951418
0.3921,1.0,0.9510565162951986
0.39215,1.0,0.8910065241883852
0.3922,1.0,0.8090169943750404
0.39225,1.0,0.7071067811867441
0.3923,1.0,0.5877852522926111
0.39235,1.0,0.45399049973980565
0.3924,1.0,0.30901699437490526
0.39245,1.0,0.15643446504030553
0.3925,1.0,-3.1868670906477656e-14
0.39255,1.0,-0.1564344650401439
0.3926,1.0,-0.30901699437474967
0.39265,1.0,-0.45399049973945726
0.3927,1.0,-0.5877852522922948
0.39275,1.0,-0.7071067811864676
0.3928,1.0,-0.8090169943748106
0.39285,1.0,-0.8910065241883109
0.3929,1.0,-0.9510565162951481
0.39295,1.0,-0.9876883405951161
0.393,1.0,-1.0
0.39305,1.0,-0.9876883405951612
0.3931,1.0,-0.9510565162951669
0.39315,1.0,-0.8910065241884417
0.3932,1.0,-0.8090169943749799
0.39325,1.0,-0.7071067811866714
0.3933,1.0,-0.5877852522925279
0.39335,1.0,-0.45399049973971395
0.3934,1.0,-0.30901699437502367
0.39345,1.0,-0.1564344650402039
0.3935,1.0,-9.25987725314546e-14
0.39355,1.0,0.15643446504024555
0.3936,1.0,0.30901699437484753
0.39365,1.0,0.45399049973934635
0.3937,1.0,0.5877852522923781
0.39375,1.0,0.7071067811863796
0.3938,1.0,0.8090169943748711
0.39385,1.0,0.8910065241882544
0.3939,1.0,0.9510565162951096
0.39395,1.0,0.9876883405951322
0.394,1.0,1.0
0.39405,1.0,0.9876883405951451
0.3941,1.0,0.9510565162952053
0.39415,1.0,0.891006524188395
0.3942,1.0,0.809016994375053
0.39425,1.0,0.7071067811865986
0.3943,1.0,0.5877852522926286
0.39435,1.0,0.45399049973962224
0.3944,1.0,0.309016994375142
0.39445,1.0,0.15643446504032682
0.3945,1.0,-1.0307459473845183e-14
0.39455,1.0,-0.15643446504012262
0.3946,1.0,-0.3090169943749454
0.39465,1.0,-0.45399049973943806
0.3947,1.0,-0.5877852522922774
0.39475,1.0,-0.7071067811864524
0.3948,1.0,-0.8090169943747979
0.39485,1.0,-0.8910065241883012
0.3949,1.0,-0.9510565162950712
0.39495,1.0,-0.9876883405951128
0.395,1.0,-1.0
0.39505,1.0,-0.9876883405951646
0.3951,1.0,-0.9510565162951735
0.39515,1.0,-0.8910065241884515
0.3952,1.0,-0.8090169943749925
0.39525,1.0,-0.7071067811866867
0.3953,1.0,-0.5877852522925453
0.39535,1.0,-0.45399049973973316
0.3954,1.0,-0.30901699437504415
0.39545,1.0,-0.15643446504022518
0.3955,1.0,-1.1415998396408708e-13
0.39555,1.0,0.15643446504022426
0.3956,1.0,0.309016994374827
0.39565,1.0,0.4539904997395297
0.3957,1.0,0.5877852522923607
0.39575,1.0,0.7071067811863644
0.3958,1.0,0.8090169943748584
0.39585,1.0,0.8910065241882447
0.3959,1.0,0.9510565162951029
0.39595,1.0,0.9876883405951289
0.396,1.0,1.0
0.39605,1.0,0.9876883405951485
0.3961,1.0,0.9510565162952119
0.39615,1.0,0.8910065241884048
0.3962,1.0,0.8090169943750657
0.39625,1.0,0.7071067811866139
0.3963,1.0,0.587785252292646
0.39635,1.0,0.45399049973964145
0.3964,1.0,0.30901699437516256
0.39645,1.0,0.15643446504034814
0.3965,1.0,1.1253751958787294e-14
0.39655,1.0,-0.15643446504010133
0.3966,1.0,-0.30901699437492486
0.39665,1.0,-0.45399049973941885
0.3967,1.0,-0.5877852522924438
0.39675,1.0,-0.7071067811864372
0.3968,1.0,-0.8090169943747852
0.39685,1.0,-0.8910065241882914
0.3969,1.0,-0.9510565162950645
0.39695,1.0,-0.987688340595145
0.397,1.0,-1.0
0.39705,1.0,-0.987688340595168
0.3971,1.0,-0.9510565162951802
0.39715,1.0,-0.8910065241884613
0.3972,1.0,-0.8090169943750052
0.39725,1.0,-0.7071067811867019
0.3973,1.0,-0.5877852522925628
0.39735,1.0,-0.45399049973975236
0.3974,1.0,-0.3090169943750647
0.39745,1.0,-0.1564344650402465
0.3975,1.0,-1.3572119539671956e-13
0.39755,1.0,0.15643446504020295
0.3976,1.0,0.3090169943748065
0.39765,1.0,0.4539904997395105
0.3977,1.0,0.5877852522923432
0.39775,1.0,0.7071067811865099
0.3978,1.0,0.8090169943748458
0.39785,1.0,0.8910065241882349
0.3979,1.0,0.9510565162950962
0.39795,1.0,0.9876883405951256
0.398,1.0,1.0
0.39805,1.0,0.9876883405951519
0.3981,1.0,0.9510565162952186
0.39815,1.0,0.8910065241884146
0.3982,1.0,0.8090169943750785
0.39825,1.0,0.7071067811866291
0.3983,1.0,0.5877852522926634
0.39835,1.0,0.4539904997396607
0.3984,1.0,0.30901699437518304
0.39845,1.0,0.15643446504036942
0.3985,1.0,3.281496339141977e-14
0.39855,1.0,-0.15643446504008002
0.3986,1.0,-0.3090169943749044
0.39865,1.0,-0.45399049973939964
0.3987,1.0,-0.5877852522924264
0.39875,1.0,-0.7071067811864219
0.3988,1.0,-0.8090169943749062
0.39885,1.0,-0.8910065241882815
0.3989,1.0,-0.9510565162950578
0.39895,1.0,-0.9876883405951417
0.399,1.0,-1.0
0.39905,1.0,-0.9876883405951358
0.3991,1.0,-0.9510565162951868
0.39915,1.0,-0.8910065241883679
0.3992,1.0,-0.809016994375018
0.39925,1.0,-0.7071067811867171
0.3993,1.0,-0.5877852522925803
0.39935,1.0,-0.45399049973977157
0.3994,1.0,-0.3090169943750852
0.39945,1.0,-0.15643446504026778
0.3995,1.0,-1.5728240682935203e-13
0.39955,1.0,0.15643446504018166
0.3996,1.0,0.309016994374786
0.39965,1.0,0.4539904997394913
0.3997,1.0,0.5877852522923257
0.39975,1.0,0.7071067811864947
0.3998,1.0,0.809016994374833
0.39985,1.0,0.8910065241883283
0.3999,1.0,0.9510565162950896
0.39995,1.0,0.9876883405951221
0.4,1.0,1.0
0.40005,1.0,0.9876883405951552
0.4001,1.0,0.951056516295155
0.40015,1.0,0.8910065241884244
0.4002,1.0,0.8090169943749574
0.40025,1.0,0.7071067811866444
0.4003,1.0,0.587785252292681
0.40035,1.0,0.4539904997396799
0.4004,1.0,0.3090169943752035
0.40045,1.0,0.1564344650403907
0.4005,1.0,5.437617482405225e-14
0.40055,1.0,-0.15643446504005873
0.4006,1.0,-0.3090169943748839
0.40065,1.0,-0.45399049973938044
0.4007,1.0,-0.587785252292409
0.40075,1.0,-0.7071067811864067
0.4008,1.0,-0.8090169943748935
0.40085,1.0,-0.8910065241882718
0.4009,1.0,-0.9510565162951213
0.40095,1.0,-0.9876883405951027
0.401,1.0,-1.0
0.40105,1.0,-0.9876883405951391
0.4011,1.0,-0.9510565162951935
0.40115,1.0,-0.8910065241883777
0.4012,1.0,-0.8090169943750306
0.40125,1.0,-0.7071067811865716
0.4013,1.0,-0.5877852522925977
0.40135,1.0,-0.4539904997397908
0.4014,1.0,-0.30901699437510566
0.40145,1.0,-0.15643446504051364
0.4015,1.0,4.8530057181247544e-14
0.40155,1.0,0.15643446504016037
0.4016,1.0,0.3090169943747655
0.40165,1.0,0.4539904997394721
0.4017,1.0,0.5877852522923083
0.40175,1.0,0.7071067811864795
0.4018,1.0,0.8090169943748203
0.40185,1.0,0.8910065241883185
0.4019,1.0,0.9510565162950829
0.40195,1.0,0.9876883405951188
0.402,1.0,1.0
0.40205,1.0,0.9876883405951586
0.4021,1.0,0.9510565162951616
0.40215,1.0,0.8910065241884342
0.4022,1.0,0.8090169943749701
0.40225,1.0,0.7071067811866596
0.4023,1.0,0.5877852522925144
0.40235,1.0,0.4539904997396991
0.4024,1.0,0.30901699437522406
0.40245,1.0,0.156434465040412
0.4025,1.0,7.593738625668472e-14
0.40255,1.0,-0.156434465040262
0.4026,1.0,-0.30901699437486335
0.40265,1.0,-0.4539904997393612
0.4027,1.0,-0.5877852522923915
0.40275,1.0,-0.7071067811863915
0.4028,1.0,-0.8090169943748808
0.40285,1.0,-0.891006524188262
0.4029,1.0,-0.9510565162951147
0.40295,1.0,-0.9876883405950992
0.403,1.0,-1.0
0.40305,1.0,-0.9876883405951425
0.4031,1.0,-0.9510565162952002
0.40315,1.0,-0.8910065241883874
0.4032,1.0,-0.8090169943750433
0.40325,1.0,-0.7071067811865869
0.4033,1.0,-0.5877852522926151
0.40335,1.0,-0.4539904997396074
0.4034,1.0,-0.3090169943751262
0.40345,1.0,-0.15643446504053496
0.4035,1.0,2.6968845748615068e-14
0.40355,1.0,0.15643446504013908
0.4036,1.0,0.3090169943749612
0.40365,1.0,0.4539904997394529
0.4037,1.0,0.5877852522922908
0.40375,1.0,0.7071067811864642
0.4038,1.0,0.8090169943748077
0.40385,1.0,0.8910065241883087
0.4039,1.0,0.9510565162950763
0.40395,1.0,0.9876883405951153
0.404,1.0,1.0
0.40405,1.0,0.987688340595162
0.4041,1.0,0.9510565162951683
0.40415,1.0,0.891006524188444
0.4042,1.0,0.8090169943749828
0.40425,1.0,0.7071067811866748
0.4043,1.0,0.5877852522925319
0.40435,1.0,0.45399049973971833
0.4044,1.0,0.30901699437502833
0.40445,1.0,0.15643446504043332
0.4045,1.0,9.749859768931719e-14
0.40455,1.0,-0.15643446504024072
0.4046,1.0,-0.30901699437484287
0.40465,1.0,-0.4539904997395446
0.4047,1.0,-0.5877852522923741
0.40475,1.0,-0.7071067811863762
0.4048,1.0,-0.8090169943748682
0.40485,1.0,-0.8910065241882522
0.4049,1.0,-0.951056516295108
0.40495,1.0,-0.9876883405950959
0.405,1.0,-1.0
0.40505,1.0,-0.9876883405951459
0.4051,1.0,-0.9510565162952068
0.40515,1.0,-0.8910065241883972
0.4052,1.0,-0.8090169943750559
0.40525,1.0,-0.7071067811866021
0.4053,1.0,-0.5877852522926326
0.40535,1.0,-0.45399049973962663
0.4054,1.0,-0.3090169943751467
0.40545,1.0,-0.15643446504033168
0.4055,1.0,5.407634315982593e-15
0.40555,1.0,0.15643446504011776
0.4056,1.0,0.30901699437494073
0.40565,1.0,0.4539904997394337
0.4057,1.0,0.5877852522924574
0.40575,1.0,0.707106781186449
0.4058,1.0,0.809016994374795
0.40585,1.0,0.891006524188299
0.4059,1.0,0.9510565162950696
0.40595,1.0,0.987688340595112
0.406,1.0,1.0
0.40605,1.0,0.9876883405951298
0.4061,1.0,0.951056516295175
0.40615,1.0,0.8910065241884537
0.4062,1.0,0.8090169943749954
0.40625,1.0,0.7071067811866901
0.4063,1.0,0.5877852522925493
0.40635,1.0,0.45399049973973754
0.4064,1.0,0.3090169943750488
0.40645,1.0,0.1564344650404546
0.4065,1.0,1.1905980912194967e-13
0.40655,1.0,-0.1564344650402194
0.4066,1.0,-0.30901699437482233
0.40665,1.0,-0.4539904997395254
0.4067,1.0,-0.5877852522923567
0.40675,1.0,-0.7071067811865217
0.4068,1.0,-0.8090169943748555
0.40685,1.0,-0.8910065241882424
0.4069,1.0,-0.9510565162951014
0.40695,1.0,-0.9876883405950926
0.407,1.0,-1.0
0.40705,1.0,-0.9876883405951493
0.4071,1.0,-0.9510565162951432
0.40715,1.0,-0.891006524188407
0.4072,1.0,-0.8090169943750686
0.40725,1.0,-0.7071067811866174
0.4073,1.0,-0.58778525229265
0.40735,1.0,-0.45399049973964584
0.4074,1.0,-0.3090169943751672
0.40745,1.0,-0.15643446504035297
0.4075,1.0,-2.4352725255988196e-13
0.40755,1.0,0.15643446504009648
0.4076,1.0,0.30901699437492025
0.40765,1.0,0.45399049973941447
0.4077,1.0,0.5877852522924399
0.40775,1.0,0.7071067811864338
0.4078,1.0,0.8090169943749159
0.40785,1.0,0.8910065241882892
0.4079,1.0,0.9510565162951332
0.40795,1.0,0.9876883405951087
0.408,1.0,1.0
0.40805,1.0,0.9876883405951332
0.4081,1.0,0.9510565162951816
0.40815,1.0,0.8910065241883603
0.4082,1.0,0.8090169943750082
0.40825,1.0,0.7071067811867053
0.4083,1.0,0.5877852522925667
0.40835,1.0,0.45399049973975675
0.4084,1.0,0.3090169943750693
0.40845,1.0,0.1564344650404759
0.4085,1.0,1.4062102055458214e-13
0.40855,1.0,-0.15643446504019812
0.4086,1.0,-0.30901699437480185
0.40865,1.0,-0.45399049973950617
0.4087,1.0,-0.5877852522923392
0.40875,1.0,-0.7071067811865065
0.4088,1.0,-0.8090169943748429
0.40885,1.0,-0.8910065241883358
0.4089,1.0,-0.9510565162950947
0.40895,1.0,-0.9876883405951248
0.409,1.0,-1.0
0.40905,1.0,-0.9876883405951526
0.4091,1.0,-0.9510565162951499
0.40915,1.0,-0.8910065241884169
0.4092,1.0,-0.8090169943749477
0.40925,1.0,-0.7071067811866326
0.4093,1.0,-0.5877852522926674
0.40935,1.0,-0.45399049973966504
0.4094,1.0,-0.3090169943751877
0.40945,1.0,-0.15643446504037425
0.4095,1.0,-2.6508846399251444e-13
0.40955,1.0,0.1564344650400752
0.4096,1.0,0.3090169943748997
0.40965,1.0,0.45399049973939526
0.4097,1.0,0.5877852522924225
0.40975,1.0,0.7071067811864185
0.4098,1.0,0.8090169943749033
0.40985,1.0,0.8910065241882793
0.4099,1.0,0.9510565162951266
0.40995,1.0,0.9876883405951052
0.41,1.0,1.0
0.41005,1.0,0.9876883405951365
0.4101,1.0,0.9510565162951883
0.41015,1.0,0.8910065241883701
0.4102,1.0,0.8090169943750208
0.41025,1.0,0.7071067811865598
0.4103,1.0,0.5877852522925842
0.41035,1.0,0.45399049973977595
0.4104,1.0,0.30901699437508984
0.41045,1.0,0.15643446504049718
0.4105,1.0,1.6218223198721462e-13
0.41055,1.0,-0.15643446504017683
0.4106,1.0,-0.30901699437478136
0.41065,1.0,-0.45399049973948696
0.4107,1.0,-0.5877852522923218
0.41075,1.0,-0.7071067811864913
0.4108,1.0,-0.8090169943748301
0.41085,1.0,-0.891006524188326
0.4109,1.0,-0.951056516295088
0.41095,1.0,-0.9876883405951213
0.411,1.0,-1.0
0.41105,1.0,-0.987688340595156
0.4111,1.0,-0.9510565162951565
0.41115,1.0,-0.8910065241884266
0.4112,1.0,-0.8090169943749603
0.41125,1.0,-0.7071067811866478
0.4113,1.0,-0.5877852522925009
0.41135,1.0,-0.45399049973968425
0.4114,1.0,-0.3090169943752082
0.41145,1.0,-0.15643446504039554
0.4115,1.0,-2.866496754251469e-13
0.41155,1.0,0.15643446504027847
0.4116,1.0,0.30901699437487923
0.41165,1.0,0.45399049973937605
0.4117,1.0,0.5877852522924051
0.41175,1.0,0.7071067811864032
0.4118,1.0,0.8090169943748906
0.41185,1.0,0.8910065241882695
0.4119,1.0,0.9510565162951199
0.41195,1.0,0.9876883405951019
0.412,1.0,1.0
0.41205,1.0,0.9876883405951399
0.4121,1.0,0.9510565162951949
0.41215,1.0,0.8910065241883799
0.4122,1.0,0.8090169943750335
0.41225,1.0,0.7071067811865751
0.4123,1.0,0.5877852522926016
0.41235,1.0,0.4539904997395926
0.4124,1.0,0.3090169943751103
0.41245,1.0,0.1564344650405185
0.4125,1.0,1.837434434198471e-13
0.41255,1.0,-0.15643446503993094
0.4126,1.0,-0.3090169943749771
0.41265,1.0,-0.45399049973946776
0.4127,1.0,-0.5877852522923044
0.41275,1.0,-0.707106781186476
0.4128,1.0,-0.8090169943748174
0.41285,1.0,-0.8910065241883163
0.4129,1.0,-0.9510565162950814
0.41295,1.0,-0.987688340595118
0.413,1.0,-1.0
0.41305,1.0,-0.9876883405951594
0.4131,1.0,-0.9510565162951632
0.41315,1.0,-0.8910065241884364
0.4132,1.0,-0.809016994374973
0.41325,1.0,-0.707106781186663
0.4133,1.0,-0.5877852522925184
0.41335,1.0,-0.45399049973970346
0.4134,1.0,-0.30901699437501245
0.41345,1.0,-0.15643446504041686
0.4135,1.0,-3.082108868577794e-13
0.41355,1.0,0.15643446504003258
0.4136,1.0,0.3090169943748587
0.41365,1.0,0.4539904997395594
0.4137,1.0,0.5877852522923875
0.41375,1.0,0.707106781186388
0.4138,1.0,0.809016994374878
0.41385,1.0,0.8910065241882598
0.4139,1.0,0.9510565162951132
0.41395,1.0,0.9876883405950986
0.414,1.0,1.0
0.41405,1.0,0.9876883405951788
0.4141,1.0,0.9510565162952016
0.41415,1.0,0.8910065241883897
0.4142,1.0,0.8090169943750462
0.41425,1.0,0.7071067811865903
0.4143,1.0,0.5877852522926191
0.41435,1.0,0.4539904997396118
0.4144,1.0,0.30901699437513086
0.41445,1.0,0.15643446504031522
0.4145,1.0,2.0530465485247957e-13
0.41455,1.0,-0.15643446503990965
0.4146,1.0,-0.30901699437495656
0.41465,1.0,-0.4539904997394485
0.4147,1.0,-0.5877852522924708
0.41475,1.0,-0.7071067811864608
0.4148,1.0,-0.8090169943749385
0.41485,1.0,-0.8910065241883065
0.4149,1.0,-0.9510565162950747
0.41495,1.0,-0.9876883405951147
0.415,1.0,-1.0
0.41505,1.0,-0.9876883405951628
0.4151,1.0,-0.9510565162951699
0.41515,1.0,-0.8910065241884462
0.4152,1.0,-0.8090169943749856
0.41525,1.0,-0.7071067811866784
0.4153,1.0,-0.5877852522925359
0.41535,1.0,-0.45399049973972266
0.4154,1.0,-0.309016994375033
0.41545,1.0,-0.15643446504043815
0.4155,1.0,-1.0239842284717979e-13
0.41555,1.0,0.1564344650400113
0.4156,1.0,0.3090169943748382
0.41565,1.0,0.4539904997395402
0.4157,1.0,0.5877852522923701
0.41575,1.0,0.7071067811865335
0.4158,1.0,0.8090169943748653
0.41585,1.0,0.8910065241883532
0.4159,1.0,0.9510565162951066
0.41595,1.0,0.9876883405950951
0.416,1.0,1.0
0.41605,1.0,0.9876883405951823
0.4161,1.0,0.951056516295138
0.41615,1.0,0.8910065241883994
0.4162,1.0,0.8090169943750588
0.41625,1.0,0.7071067811866055
0.4163,1.0,0.5877852522926366
0.41635,1.0,0.453990499739631
0.4164,1.0,0.30901699437515134
0.41645,1.0,0.1564344650403365
0.4165,1.0,2.2686586628511205e-13
0.41655,1.0,-0.15643446504011294
0.4166,1.0,-0.30901699437493607
0.41665,1.0,-0.4539904997394293
0.4167,1.0,-0.5877852522924534
0.41675,1.0,-0.7071067811864455
0.4168,1.0,-0.8090169943749258
0.41685,1.0,-0.8910065241882967
0.4169,1.0,-0.9510565162951383
0.41695,1.0,-0.9876883405951112
0.417,1.0,-1.0
0.41705,1.0,-0.9876883405951662
0.4171,1.0,-0.9510565162951765
0.41715,1.0,-0.8910065241883528
0.4172,1.0,-0.8090169943749983
0.41725,1.0,-0.7071067811866936
0.4173,1.0,-0.5877852522925533
0.41735,1.0,-0.4539904997397419
0.4174,1.0,-0.3090169943750535
0.41745,1.0,-0.15643446504045944
0.4175,1.0,-1.2395963427981226e-13
0.41755,1.0,0.15643446503999
0.4176,1.0,0.30901699437481767
0.41765,1.0,0.453990499739521
0.4177,1.0,0.5877852522923527
0.41775,1.0,0.7071067811865183
0.4178,1.0,0.8090169943748526
0.41785,1.0,0.8910065241883435
0.4179,1.0,0.9510565162950999
0.41795,1.0,0.9876883405951273
0.418,1.0,1.0
0.41805,1.0,0.9876883405951856
0.4181,1.0,0.9510565162951446
0.41815,1.0,0.8910065241884093
0.4182,1.0,0.8090169943749378
0.41825,1.0,0.7071067811866208
0.4183,1.0,0.587785252292654
0.41835,1.0,0.4539904997396502
0.4184,1.0,0.3090169943751718
0.41845,1.0,0.1564344650403578
0.4185,1.0,2.484270777177445e-13
0.41855,1.0,-0.15643446504009165
0.4186,1.0,-0.3090169943749156
0.41865,1.0,-0.4539904997394101
0.4187,1.0,-0.587785252292436
0.41875,1.0,-0.7071067811864302
0.4188,1.0,-0.8090169943749131
0.41885,1.0,-0.891006524188287
0.4189,1.0,-0.9510565162951317
0.41895,1.0,-0.9876883405951079
0.419,1.0,-1.0
0.41905,1.0,-0.9876883405951695
0.4191,1.0,-0.9510565162952535
0.41915,1.0,-0.8910065241883626
0.4192,1.0,-0.8090169943750111
0.41925,1.0,-0.707106781186548
0.4193,1.0,-0.5877852522925707
0.41935,1.0,-0.45399049973976113
0.4194,1.0,-0.30901699437507396
0.41945,1.0,-0.15643446504048075
0.4195,1.0,-1.4552084571244473e-13
0.41955,1.0,0.15643446503996872
0.4196,1.0,0.3090169943747972
0.41965,1.0,0.4539904997395018
0.4197,1.0,0.5877852522923352
0.41975,1.0,0.7071067811865029
0.4198,1.0,0.80901699437484
0.41985,1.0,0.8910065241883336
0.4199,1.0,0.9510565162950932
0.41995,1.0,0.987688340595124
0.42,1.0,1.0
0.42005,1.0,0.9876883405951534
0.4201,1.0,0.9510565162952216
0.42015,1.0,0.8910065241884191
0.4202,1.0,0.8090169943749506
0.42025,1.0,0.7071067811866361
0.4203,1.0,0.5877852522924875
0.42035,1.0,0.45399049973966943
0.4204,1.0,0.30901699437519237
0.42045,1.0,0.1564344650403791
0.4205,1.0,2.69988289150377e-13
0.42055,1.0,-0.15643446504007036
0.4206,1.0,-0.30901699437467883
0.42065,1.0,-0.4539904997395935
0.4207,1.0,-0.5877852522924185
0.42075,1.0,-0.707106781186415
0.4208,1.0,-0.8090169943749004
0.42085,1.0,-0.8910065241882771
0.4209,1.0,-0.951056516295125
0.42095,1.0,-0.9876883405951045
0.421,1.0,-1.0
0.42105,1.0,-0.9876883405951729
0.4211,1.0,-0.9510565162951898
0.42115,1.0,-0.8910065241883723
0.4212,1.0,-0.8090169943750237
0.42125,1.0,-0.7071067811865632
0.4213,1.0,-0.5877852522925882
0.42135,1.0,-0.4539904997395777
0.4214,1.0,-0.3090169943750945
0.42145,1.0,-0.15643446504050204
0.4215,1.0,-1.670820571450772e-13
0.42155,1.0,0.1564344650399474
0.4216,1.0,0.3090169943747767
0.42165,1.0,0.4539904997394826
0.4217,1.0,0.5877852522925018
0.42175,1.0,0.7071067811864877
0.4218,1.0,0.8090169943748273
0.42185,1.0,0.8910065241883238
0.4219,1.0,0.9510565162950866
0.42195,1.0,0.9876883405951206
0.422,1.0,1.0
0.42205,1.0,0.9876883405951568
0.4221,1.0,0.9510565162952282
0.42215,1.0,0.8910065241884289
0.4222,1.0,0.8090169943749632
0.42225,1.0,0.7071067811866513
0.4223,1.0,0.5877852522925049
0.42235,1.0,0.45399049973968864
0.4224,1.0,0.30901699437499663
0.42245,1.0,0.1564344650404004
0.4225,1.0,6.417582513977743e-14
0.42255,1.0,-0.15643446504004904
0.4226,1.0,-0.3090169943746583
0.42265,1.0,-0.4539904997395743
0.4227,1.0,-0.5877852522924011
0.42275,1.0,-0.7071067811865606
0.4228,1.0,-0.8090169943748877
0.42285,1.0,-0.8910065241882673
0.4229,1.0,-0.9510565162951183
0.42295,1.0,-0.9876883405951011
0.423,1.0,-1.0
0.42305,1.0,-0.9876883405951763
0.4231,1.0,-0.9510565162951965
0.42315,1.0,-0.8910065241883821
0.4232,1.0,-0.8090169943750364
0.42325,1.0,-0.7071067811865785
0.4233,1.0,-0.5877852522926056
0.42335,1.0,-0.45399049973959693
0.4234,1.0,-0.309016994375115
0.42345,1.0,-0.15643446504029876
0.4235,1.0,-1.8864326857770968e-13
0.42355,1.0,0.15643446504015068
0.4236,1.0,0.30901699437475616
0.42365,1.0,0.45399049973946337
0.4237,1.0,0.5877852522924844
0.42375,1.0,0.7071067811864725
0.4238,1.0,0.8090169943749482
0.42385,1.0,0.891006524188314
0.4239,1.0,0.9510565162950799
0.42395,1.0,0.9876883405951172
0.424,1.0,1.0
0.42405,1.0,0.9876883405951602
0.4241,1.0,0.9510565162952349
0.42415,1.0,0.8910065241884386
0.4242,1.0,0.8090169943749759
0.42425,1.0,0.7071067811866665
0.4243,1.0,0.5877852522925223
0.42435,1.0,0.45399049973970784
0.4244,1.0,0.3090169943750171
0.42445,1.0,0.1564344650404217
0.4245,1.0,8.57370365724099e-14
0.42455,1.0,-0.15643446504002775
0.4246,1.0,-0.309016994374854
0.42465,1.0,-0.4539904997395551
0.4247,1.0,-0.5877852522923837
0.42475,1.0,-0.7071067811865454
0.4248,1.0,-0.8090169943748751
0.42485,1.0,-0.8910065241883608
0.4249,1.0,-0.9510565162951117
0.42495,1.0,-0.9876883405950978
0.425,1.0,-1.0
0.42505,1.0,-0.9876883405951796
0.4251,1.0,-0.9510565162952032
0.42515,1.0,-0.8910065241884951
0.4252,1.0,-0.809016994375049
0.42525,1.0,-0.7071067811865938
0.4253,1.0,-0.587785252292623
0.42535,1.0,-0.45399049973961614
0.4254,1.0,-0.3090169943751355
0.42545,1.0,-0.15643446504032005
0.4255,1.0,-2.1020448001034216e-13
0.42555,1.0,0.1564344650401294
0.4256,1.0,0.3090169943747357
0.42565,1.0,0.45399049973944416
0.4257,1.0,0.5877852522924669
0.42575,1.0,0.7071067811864573
0.4258,1.0,0.8090169943749356
0.42585,1.0,0.8910065241883043
0.4259,1.0,0.9510565162951435
0.42595,1.0,0.9876883405951139
0.426,1.0,1.0
0.42605,1.0,0.9876883405951635
0.4261,1.0,0.9510565162952416
0.42615,1.0,0.8910065241884484
0.4262,1.0,0.8090169943749885
0.42625,1.0,0.7071067811866818
0.4263,1.0,0.5877852522925398
0.42635,1.0,0.45399049973972705
0.4264,1.0,0.30901699437503766
0.42645,1.0,0.15643446504044298
0.4265,1.0,1.0729824800504238e-13
0.42655,1.0,-0.15643446504000647
0.4266,1.0,-0.30901699437483354
0.42665,1.0,-0.45399049973933325
0.4267,1.0,-0.5877852522923662
0.42675,1.0,-0.70710678118653
0.4268,1.0,-0.8090169943748624
0.42685,1.0,-0.891006524188351
0.4269,1.0,-0.951056516295105
0.42695,1.0,-0.98768834059513
0.427,1.0,-1.0
0.42705,1.0,-0.987688340595183
0.4271,1.0,-0.9510565162952098
0.42715,1.0,-0.8910065241885049
0.4272,1.0,-0.809016994374928
0.42725,1.0,-0.707106781186609
0.4273,1.0,-0.5877852522926404
0.42735,1.0,-0.45399049973963534
0.4274,1.0,-0.309016994375156
0.42745,1.0,-0.15643446504034134
0.4275,1.0,-2.3176569144297466e-13
0.42755,1.0,0.1564344650401081
0.4276,1.0,0.30901699437471514
0.42765,1.0,0.45399049973942496
0.4277,1.0,0.5877852522924494
0.42775,1.0,0.707106781186442
0.4278,1.0,0.8090169943749229
0.42785,1.0,0.8910065241882945
0.4279,1.0,0.9510565162951369
0.42795,1.0,0.9876883405951105
0.428,1.0,1.0
0.42805,1.0,0.9876883405951669
0.4281,1.0,0.9510565162952482
0.42815,1.0,0.8910065241884582
0.4282,1.0,0.8090169943750012
0.42825,1.0,0.7071067811865362
0.4283,1.0,0.5877852522925573
0.42835,1.0,0.45399049973974626
0.4284,1.0,0.30901699437505814
0.42845,1.0,0.1564344650404643
0.4285,1.0,1.2885945943767484e-13
0.42855,1.0,-0.15643446503998515
0.4286,1.0,-0.30901699437481306
0.42865,1.0,-0.45399049973931405
0.4287,1.0,-0.5877852522923488
0.42875,1.0,-0.7071067811865148
0.4288,1.0,-0.8090169943748498
0.42885,1.0,-0.8910065241883413
0.4289,1.0,-0.9510565162950984
0.42895,1.0,-0.9876883405951266
0.429,1.0,-1.0
0.42905,1.0,-0.9876883405951508
0.4291,1.0,-0.9510565162952165
0.42915,1.0,-0.8910065241885147
0.4292,1.0,-0.8090169943749408
0.42925,1.0,-0.7071067811866243
0.4293,1.0,-0.587785252292474
0.42935,1.0,-0.45399049973965455
0.4294,1.0,-0.3090169943749603
0.42945,1.0,-0.15643446504036265
0.4295,1.0,-2.5332690287560714e-13
0.42955,1.0,0.1564344650400868
0.4296,1.0,0.30901699437469465
0.42965,1.0,0.45399049973940575
0.4297,1.0,0.587785252292432
0.42975,1.0,0.7071067811864268
0.4298,1.0,0.8090169943749103
0.42985,1.0,0.8910065241882847
0.4299,1.0,0.9510565162951302
0.42995,1.0,0.9876883405951071
0.43,1.0,1.0
0.43005,1.0,0.9876883405951703
0.4301,1.0,0.9510565162951846
0.43015,1.0,0.891006524188468
0.4302,1.0,0.8090169943750138
0.43025,1.0,0.7071067811865515
0.4303,1.0,0.5877852522925747
0.43035,1.0,0.4539904997395629
0.4304,1.0,0.3090169943750786
0.43045,1.0,0.156434465040261
0.4305,1.0,1.5042067087030732e-13
0.43055,1.0,-0.15643446503996386
0.4306,1.0,-0.3090169943747925
0.43065,1.0,-0.45399049973929484
0.4307,1.0,-0.5877852522925152
0.43075,1.0,-0.7071067811864995
0.4308,1.0,-0.8090169943748371
0.43085,1.0,-0.8910065241883314
0.4309,1.0,-0.9510565162950917
0.43095,1.0,-0.9876883405951232
0.431,1.0,-1.0
0.43105,1.0,-0.9876883405951542
0.4311,1.0,-0.9510565162952231
0.43115,1.0,-0.8910065241884213
0.4312,1.0,-0.8090169943749534
0.43125,1.0,-0.7071067811866395
0.4313,1.0,-0.5877852522924915
0.43135,1.0,-0.45399049973967376
0.4314,1.0,-0.30901699437498076
0.43145,1.0,-0.15643446504038394
0.4315,1.0,-4.751443886500754e-14
0.43155,1.0,0.1564344650400655
0.4316,1.0,0.30901699437467417
0.43165,1.0,0.45399049973938654
0.4317,1.0,0.5877852522922306
0.43175,1.0,0.7071067811865723
0.4318,1.0,0.8090169943748976
0.43185,1.0,0.8910065241882749
0.4319,1.0,0.9510565162951236
0.43195,1.0,0.9876883405951038
0.432,1.0,1.0
0.43205,1.0,0.9876883405951736
0.4321,1.0,0.9510565162951913
0.43215,1.0,0.8910065241884778
0.4322,1.0,0.8090169943750265
0.43225,1.0,0.7071067811865668
0.4323,1.0,0.5877852522925922
0.43235,1.0,0.4539904997395821
0.4324,1.0,0.30901699437509916
0.43245,1.0,0.1564344650402823
0.4325,1.0,1.719818823029398e-13
0.43255,1.0,-0.15643446504016714
0.4326,1.0,-0.30901699437477204
0.43265,1.0,-0.45399049973927563
0.4327,1.0,-0.5877852522923138
0.43275,1.0,-0.7071067811864843
0.4328,1.0,-0.809016994374958
0.43285,1.0,-0.8910065241883216
0.4329,1.0,-0.951056516295085
0.43295,1.0,-0.9876883405951199
0.433,1.0,-1.0
0.43305,1.0,-0.9876883405951575
0.4331,1.0,-0.9510565162952298
0.43315,1.0,-0.8910065241884311
0.4332,1.0,-0.8090169943750998
0.43325,1.0,-0.7071067811866547
0.4333,1.0,-0.5877852522925089
0.43335,1.0,-0.453990499739693
0.4334,1.0,-0.3090169943750013
0.43345,1.0,-0.15643446504040523
0.4335,1.0,-6.907565029764002e-14
0.43355,1.0,0.1564344650400442
0.4336,1.0,0.3090169943748699
0.43365,1.0,0.45399049973936734
0.4337,1.0,0.5877852522922131
0.43375,1.0,0.707106781186557
0.4338,1.0,0.8090169943748848
0.43385,1.0,0.8910065241883683
0.4339,1.0,0.9510565162951169
0.43395,1.0,0.9876883405951004
0.434,1.0,1.0
0.43405,1.0,0.9876883405951771
0.4341,1.0,0.951056516295198
0.43415,1.0,0.8910065241884876
0.4342,1.0,0.8090169943750393
0.43425,1.0,0.707106781186582
0.4343,1.0,0.5877852522926096
0.43435,1.0,0.4539904997396013
0.4344,1.0,0.30901699437511965
0.43445,1.0,0.1564344650403036
0.4345,1.0,1.9354309373557227e-13
0.43455,1.0,-0.15643446504014585
0.4346,1.0,-0.3090169943747515
0.43465,1.0,-0.453990499739459
0.4347,1.0,-0.5877852522922964
0.43475,1.0,-0.7071067811864691
0.4348,1.0,-0.8090169943749453
0.43485,1.0,-0.8910065241883118
0.4349,1.0,-0.9510565162951486
0.43495,1.0,-0.9876883405951165
0.435,1.0,-1.0
0.43505,1.0,-0.987688340595161
0.4351,1.0,-0.9510565162952365
0.43515,1.0,-0.8910065241884408
0.4352,1.0,-0.8090169943751124
0.43525,1.0,-0.7071067811865093
0.4353,1.0,-0.5877852522925263
0.43535,1.0,-0.4539904997397122
0.4354,1.0,-0.3090169943750218
0.43545,1.0,-0.15643446504042652
0.4355,1.0,-9.063686173027249e-14
0.43555,1.0,0.15643446504002292
0.4356,1.0,0.30901699437484936
0.43565,1.0,0.45399049973934813
0.4357,1.0,0.5877852522923797
0.43575,1.0,0.7071067811865418
0.4358,1.0,0.8090169943748722
0.43585,1.0,0.8910065241883586
0.4359,1.0,0.9510565162951102
0.43595,1.0,0.9876883405951326
0.436,1.0,1.0
0.43605,1.0,0.9876883405951804
0.4361,1.0,0.9510565162952046
0.43615,1.0,0.8910065241884974
0.4362,1.0,0.8090169943750519
0.43625,1.0,0.7071067811865972
0.4363,1.0,0.587785252292443
0.43635,1.0,0.4539904997396205
0.4364,1.0,0.3090169943751402
0.43645,1.0,0.15643446504032488
0.4365,1.0,2.1510430516820475e-13
0.43655,1.0,-0.15643446504012457
0.4366,1.0,-0.309016994374731
0.43665,1.0,-0.4539904997394398
0.4367,1.0,-0.587785252292279
0.43675,1.0,-0.7071067811864538
0.4368,1.0,-0.8090169943749327
0.43685,1.0,-0.8910065241883021
0.4369,1.0,-0.951056516295142
0.43695,1.0,-0.9876883405951131
0.437,1.0,-1.0
0.43705,1.0,-0.9876883405951643
0.4371,1.0,-0.9510565162952431
0.43715,1.0,-0.8910065241884506
0.4372,1.0,-0.8090169943751251
0.43725,1.0,-0.7071067811865245
0.4373,1.0,-0.5877852522925437
0.43735,1.0,-0.4539904997395288
0.4374,1.0,-0.3090169943750423
0.43745,1.0,-0.15643446504044783
0.4375,1.0,-1.1219807316290497e-13
0.43755,1.0,0.1564344650400016
0.4376,1.0,0.3090169943748289
0.43765,1.0,0.45399049973932887
0.4377,1.0,0.5877852522923622
0.43775,1.0,0.7071067811863658
0.4378,1.0,0.8090169943748595
0.43785,1.0,0.8910065241883488
0.4379,1.0,0.9510565162951036
0.43795,1.0,0.9876883405951292
0.438,1.0,1.0
0.43805,1.0,0.9876883405951482
0.4381,1.0,0.9510565162952113
0.43815,1.0,0.8910065241884039
0.4382,1.0,0.8090169943750646
0.43825,1.0,0.7071067811867733
0.4383,1.0,0.5877852522924605
0.43835,1.0,0.45399049973963973
0.4384,1.0,0.3090169943749444
0.43845,1.0,0.1564344650403462
0.4385,1.0,2.366655166008372e-13
0.43855,1.0,-0.15643446504010325
0.4386,1.0,-0.30901699437471053
0.43865,1.0,-0.45399049973942057
0.4387,1.0,-0.5877852522922615
0.43875,1.0,-0.7071067811864385
0.4388,1.0,-0.80901699437492
0.43885,1.0,-0.8910065241882923
0.4389,1.0,-0.9510565162951353
0.43895,1.0,-0.9876883405951097
0.439,1.0,-1.0
0.43905,1.0,-0.9876883405951676
0.4391,1.0,-0.9510565162951795
0.43915,1.0,-0.8910065241884604
0.4392,1.0,-0.8090169943750041
0.43925,1.0,-0.7071067811867005
0.4393,1.0,-0.5877852522925612
0.43935,1.0,-0.453990499739548
0.4394,1.0,-0.3090169943750628
0.43945,1.0,-0.15643446504024455
0.4395,1.0,-1.3375928459553743e-13
0.43955,1.0,0.15643446503998032
0.4396,1.0,0.3090169943748084
0.43965,1.0,0.45399049973930966
0.4397,1.0,0.5877852522923448
0.43975,1.0,0.7071067811863505
0.4398,1.0,0.8090169943748469
0.43985,1.0,0.8910065241883389
0.4399,1.0,0.9510565162950968
0.43995,1.0,0.9876883405951258
0.44,1.0,1.0
0.44005,1.0,0.9876883405951515
0.4401,1.0,0.951056516295218
0.44015,1.0,0.8910065241884138
0.4402,1.0,0.8090169943750772
0.44025,1.0,0.7071067811866277
0.4403,1.0,0.5877852522924779
0.44035,1.0,0.45399049973965894
0.4404,1.0,0.30901699437496494
0.44045,1.0,0.15643446504036748
0.4405,1.0,3.085305259023765e-14
0.44055,1.0,-0.15643446504008196
0.4406,1.0,-0.30901699437469
0.44065,1.0,-0.45399049973940137
0.4407,1.0,-0.5877852522922441
0.44075,1.0,-0.7071067811864233
0.4408,1.0,-0.8090169943749074
0.44085,1.0,-0.8910065241882825
0.4409,1.0,-0.9510565162951287
0.44095,1.0,-0.9876883405951064
0.441,1.0,-1.0
0.44105,1.0,-0.9876883405951711
0.4411,1.0,-0.9510565162951862
0.44115,1.0,-0.8910065241884703
0.4412,1.0,-0.8090169943750167
0.44125,1.0,-0.7071067811867158
0.4413,1.0,-0.5877852522925786
0.44135,1.0,-0.45399049973956723
0.4414,1.0,-0.3090169943750833
0.44145,1.0,-0.15643446504026584
0.4415,1.0,-1.553204960281699e-13
0.44155,1.0,0.1564344650401836
0.4416,1.0,0.30901699437478786
0.44165,1.0,0.45399049973929045
0.4417,1.0,0.5877852522923274
0.44175,1.0,0.7071067811863353
0.4418,1.0,0.8090169943749679
0.44185,1.0,0.8910065241883292
0.4419,1.0,0.9510565162950901
0.44195,1.0,0.9876883405951224
0.442,1.0,1.0
0.44205,1.0,0.987688340595155
0.4421,1.0,0.9510565162952247
0.44215,1.0,0.8910065241884235
0.4422,1.0,0.8090169943750899
0.44225,1.0,0.7071067811866429
0.4423,1.0,0.5877852522924953
0.44235,1.0,0.45399049973967814
0.4424,1.0,0.3090169943749854
0.44245,1.0,0.15643446504038877
0.4425,1.0,5.241426402287013e-14
0.44255,1.0,-0.15643446504006067
0.4426,1.0,-0.3090169943748857
0.44265,1.0,-0.45399049973938216
0.4427,1.0,-0.5877852522922267
0.44275,1.0,-0.707106781186408
0.4428,1.0,-0.8090169943748946
0.44285,1.0,-0.8910065241883759
0.4429,1.0,-0.951056516295122
0.44295,1.0,-0.987688340595103
0.443,1.0,-1.0
0.44305,1.0,-0.9876883405951744
0.4431,1.0,-0.9510565162951928
0.44315,1.0,-0.89100652418848
0.4432,1.0,-0.8090169943750295
0.44325,1.0,-0.707106781186731
0.4433,1.0,-0.587785252292596
0.44335,1.0,-0.45399049973958644
0.4434,1.0,-0.3090169943751038
0.44345,1.0,-0.15643446504028713
0.4435,1.0,-1.7688170746080238e-13
0.44355,1.0,0.1564344650401623
0.4436,1.0,0.3090169943747674
0.44365,1.0,0.45399049973947386
0.4437,1.0,0.5877852522923099
0.44375,1.0,0.7071067811863201
0.4438,1.0,0.8090169943748216
0.44385,1.0,0.8910065241883194
0.4439,1.0,0.9510565162951538
0.44395,1.0,0.9876883405951191
0.444,1.0,1.0
0.44405,1.0,0.9876883405951583
0.4441,1.0,0.9510565162952314
0.44415,1.0,0.8910065241884333
0.4442,1.0,0.8090169943751025
0.44425,1.0,0.7071067811866583
0.4443,1.0,0.5877852522926967
0.44435,1.0,0.45399049973969735
0.4444,1.0,0.30901699437500596
0.44445,1.0,0.1564344650404101
0.4445,1.0,7.39754754555026e-14
0.44455,1.0,-0.15643446504003938
0.4446,1.0,-0.30901699437486524
0.44465,1.0,-0.45399049973936295
0.4447,1.0,-0.5877852522923932
0.44475,1.0,-0.7071067811863928
0.4448,1.0,-0.8090169943747484
0.44485,1.0,-0.8910065241883661
0.4449,1.0,-0.9510565162951153
0.44495,1.0,-0.9876883405951352
0.445,1.0,-1.0
0.44505,1.0,-0.9876883405951422
0.4451,1.0,-0.9510565162951995
0.44515,1.0,-0.8910065241884898
0.4452,1.0,-0.8090169943750422
0.44525,1.0,-0.7071067811867462
0.4453,1.0,-0.5877852522926136
0.44535,1.0,-0.4539904997396057
0.4454,1.0,-0.3090169943751243
0.44545,1.0,-0.15643446504030845
0.4455,1.0,-1.9844291889343486e-13
0.44555,1.0,0.156434465040141
0.4456,1.0,0.30901699437474683
0.44565,1.0,0.45399049973945466
0.4457,1.0,0.5877852522922924
0.44575,1.0,0.7071067811864655
0.4458,1.0,0.8090169943748089
0.44585,1.0,0.8910065241883096
0.4459,1.0,0.9510565162951471
0.44595,1.0,0.9876883405951157
0.446,1.0,1.0
0.44605,1.0,0.9876883405951616
0.4461,1.0,0.9510565162951677
0.44615,1.0,0.8910065241884431
0.4462,1.0,0.8090169943751153
0.44625,1.0,0.7071067811866735
0.4463,1.0,0.5877852522927143
0.44635,1.0,0.453990499739514
0.4464,1.0,0.30901699437502644
0.44645,1.0,0.15643446504043138
0.4465,1.0,9.553668688813508e-14
0.44655,1.0,-0.15643446504001807
0.4466,1.0,-0.3090169943748447
0.44665,1.0,-0.45399049973934374
0.4467,1.0,-0.5877852522923757
0.44675,1.0,-0.7071067811863776
0.4468,1.0,-0.8090169943748693
0.44685,1.0,-0.8910065241883564
0.4469,1.0,-0.9510565162951087
0.44695,1.0,-0.9876883405951318
0.447,1.0,-1.0
0.44705,1.0,-0.9876883405951455
0.4471,1.0,-0.9510565162952062
0.44715,1.0,-0.8910065241883963
0.4472,1.0,-0.8090169943750548
0.44725,1.0,-0.7071067811867615
0.4473,1.0,-0.587785252292631
0.44735,1.0,-0.4539904997396249
0.4474,1.0,-0.3090169943749286
0.44745,1.0,-0.15643446504032973
0.4475,1.0,-2.2000413032606736e-13
0.44755,1.0,0.1564344650401197
0.4476,1.0,0.30901699437472635
0.44765,1.0,0.45399049973943545
0.4477,1.0,0.587785252292275
0.44775,1.0,0.7071067811864503
0.4478,1.0,0.8090169943747961
0.44785,1.0,0.8910065241882998
0.4479,1.0,0.9510565162951404
0.44795,1.0,0.9876883405951123
0.448,1.0,1.0
0.44805,1.0,0.9876883405951651
0.4481,1.0,0.9510565162951744
0.44815,1.0,0.8910065241884528
0.4482,1.0,0.8090169943749943
0.44825,1.0,0.7071067811866887
0.4483,1.0,0.5877852522927317
0.44835,1.0,0.4539904997395332
0.4484,1.0,0.3090169943750469
0.44845,1.0,0.1564344650402281
0.4485,1.0,1.1709789832076757e-13
0.44855,1.0,-0.15643446503999678
0.4486,1.0,-0.3090169943748242
0.44865,1.0,-0.45399049973932454
0.4487,1.0,-0.5877852522923582
0.44875,1.0,-0.7071067811863623
0.4488,1.0,-0.8090169943748566
0.44885,1.0,-0.8910065241883466
0.4489,1.0,-0.951056516295102
0.44895,1.0,-0.9876883405951284
0.449,1.0,-1.0
0.44905,1.0,-0.987688340595149
0.4491,1.0,-0.9510565162952128
0.44915,1.0,-0.8910065241884061
0.4492,1.0,-0.8090169943750675
0.44925,1.0,-0.707106781186616
0.4493,1.0,-0.5877852522926484
0.44935,1.0,-0.4539904997396441
0.4494,1.0,-0.30901699437494906
0.44945,1.0,-0.15643446504035102
0.4495,1.0,-1.4191666315467764e-14
0.44955,1.0,0.15643446504009842
0.4496,1.0,0.30901699437470587
0.44965,1.0,0.4539904997394162
0.4497,1.0,0.5877852522922575
0.44975,1.0,0.7071067811864351
0.4498,1.0,0.8090169943747835
0.44985,1.0,0.8910065241882901
0.4499,1.0,0.9510565162951338
0.44995,1.0,0.987688340595109
0.45,1.0,1.0
0.45005,1.0,0.9876883405951684
0.4501,1.0,0.9510565162951811
0.45015,1.0,0.8910065241884626
0.4502,1.0,0.809016994375007
0.45025,1.0,0.707106781186704
0.4503,1.0,0.5877852522925652
0.45035,1.0,0.45399049973975497
0.4504,1.0,0.30901699437506747
0.45045,1.0,0.15643446504024938
0.4505,1.0,1.3865910975340004e-13
0.45055,1.0,-0.15643446504020006
0.4506,1.0,-0.30901699437480373
0.45065,1.0,-0.45399049973930533
0.4507,1.0,-0.5877852522923408
0.45075,1.0,-0.7071067811863471
0.4508,1.0,-0.809016994374844
0.45085,1.0,-0.8910065241882336
0.4509,1.0,-0.9510565162951656
0.45095,1.0,-0.987688340595125
0.451,1.0,-1.0
0.45105,1.0,-0.9876883405951523
0.4511,1.0,-0.9510565162952195
0.45115,1.0,-0.891006524188416
0.4512,1.0,-0.8090169943750801
0.45125,1.0,-0.7071067811866312
0.4513,1.0,-0.5877852522926659
0.45135,1.0,-0.4539904997396633
0.4514,1.0,-0.3090169943749696
0.45145,1.0,-0.1564344650403723
0.4515,1.0,-3.575287774810024e-14
0.45155,1.0,0.15643446504007713
0.4516,1.0,0.3090169943749016
0.45165,1.0,0.453990499739397
0.4517,1.0,0.5877852522922401
0.45175,1.0,0.7071067811864199
0.4518,1.0,0.8090169943747708
0.45185,1.0,0.8910065241882802
0.4519,1.0,0.9510565162951271
0.45195,1.0,0.9876883405951411
0.452,1.0,1.0
0.45205,1.0,0.9876883405951719
0.4521,1.0,0.9510565162951877
0.45215,1.0,0.8910065241884725
0.4522,1.0,0.8090169943750196
0.45225,1.0,0.7071067811867192
0.4523,1.0,0.5877852522925826
0.45235,1.0,0.45399049973977423
0.4524,1.0,0.30901699437508795
0.45245,1.0,0.15643446504027067
0.4525,1.0,1.6022032118603252e-13
0.45255,1.0,-0.15643446504017877
0.4526,1.0,-0.3090169943747832
0.45265,1.0,-0.4539904997394887
0.4527,1.0,-0.5877852522923234
0.45275,1.0,-0.7071067811864926
0.4528,1.0,-0.8090169943748313
0.45285,1.0,-0.8910065241882237
0.4529,1.0,-0.951056516295159
0.45295,1.0,-0.9876883405951217
0.453,1.0,-1.0
0.45305,1.0,-0.9876883405951558
0.4531,1.0,-0.9510565162952261
0.45315,1.0,-0.8910065241884257
0.4532,1.0,-0.8090169943750928
0.45325,1.0,-0.7071067811866464
0.4533,1.0,-0.5877852522926833
0.45335,1.0,-0.45399049973968253
0.4534,1.0,-0.3090169943749901
0.45345,1.0,-0.15643446504039363
0.4535,1.0,-5.731408918073272e-14
0.45355,1.0,0.15643446504005581
0.4536,1.0,0.30901699437488106
0.45365,1.0,0.4539904997393778
0.4537,1.0,0.5877852522924066
0.45375,1.0,0.7071067811864046
0.4538,1.0,0.8090169943748918
0.45385,1.0,0.8910065241882704
0.4539,1.0,0.9510565162951204
0.45395,1.0,0.9876883405951378
0.454,1.0,1.0
0.45405,1.0,0.9876883405951397
0.4541,1.0,0.9510565162951944
0.45415,1.0,0.8910065241884823
0.4542,1.0,0.8090169943750323
0.45425,1.0,0.7071067811867344
0.4543,1.0,0.5877852522926
0.45435,1.0,0.45399049973979344
0.4544,1.0,0.3090169943751085
0.45445,1.0,0.156434465040292
0.4545,1.0,1.81781532618665e-13
0.45455,1.0,-0.15643446504015746
0.4546,1.0,-0.3090169943747627
0.45465,1.0,-0.4539904997394695
0.4547,1.0,-0.5877852522923059
0.45475,1.0,-0.7071067811864774
0.4548,1.0,-0.8090169943748187
0.45485,1.0,-0.8910065241883172
0.4549,1.0,-0.9510565162951523
0.45495,1.0,-0.9876883405951183
0.455,1.0,-1.0
0.45505,1.0,-0.9876883405951591
0.4551,1.0,-0.9510565162951625
0.45515,1.0,-0.8910065241884355
0.4552,1.0,-0.8090169943751054
0.45525,1.0,-0.7071067811866617
0.4553,1.0,-0.5877852522927007
0.45535,1.0,-0.45399049973970174
0.4554,1.0,-0.3090169943750106
0.45545,1.0,-0.15643446504041492
0.4555,1.0,-7.887530061336519e-14
0.45555,1.0,0.15643446504003453
0.4556,1.0,0.3090169943748606
0.45565,1.0,0.45399049973935857
0.4557,1.0,0.5877852522923892
0.45575,1.0,0.7071067811863894
0.4558,1.0,0.8090169943748791
0.45585,1.0,0.8910065241882607
0.4559,1.0,0.9510565162951138
0.45595,1.0,0.9876883405951344
0.456,1.0,1.0
0.45605,1.0,0.987688340595143
0.4561,1.0,0.951056516295201
0.45615,1.0,0.8910065241883888
0.4562,1.0,0.809016994375045
0.45625,1.0,0.7071067811867497
0.4563,1.0,0.5877852522926175
0.45635,1.0,0.45399049973981265
0.4564,1.0,0.309016994375129
0.45645,1.0,0.15643446504031328
0.4565,1.0,2.0334274405129747e-13
0.45655,1.0,-0.15643446504013617
0.4566,1.0,-0.30901699437474217
0.45665,1.0,-0.45399049973945027
0.4567,1.0,-0.5877852522922885
0.45675,1.0,-0.7071067811864621
0.4568,1.0,-0.809016994374806
0.45685,1.0,-0.8910065241883074
0.4569,1.0,-0.9510565162950754
0.45695,1.0,-0.9876883405951149
0.457,1.0,-1.0
0.45705,1.0,-0.9876883405951624
0.4571,1.0,-0.9510565162951692
0.45715,1.0,-0.8910065241884453
0.4572,1.0,-0.8090169943749845
0.45725,1.0,-0.7071067811866769
0.4573,1.0,-0.5877852522927182
0.45735,1.0,-0.45399049973972094
0.4574,1.0,-0.3090169943752474
0.45745,1.0,-0.15643446504021163
0.4575,1.0,-1.0043651204599767e-13
0.45755,1.0,0.15643446504001324
0.4576,1.0,0.3090169943748401
0.45765,1.0,0.45399049973933936
0.4577,1.0,0.5877852522923718
0.45775,1.0,0.7071067811863742
0.4578,1.0,0.8090169943748664
0.45785,1.0,0.8910065241882509
0.4579,1.0,0.9510565162951071
0.45795,1.0,0.987688340595131
0.458,1.0,1.0
0.45805,1.0,0.9876883405951463
0.4581,1.0,0.9510565162952077
0.45815,1.0,0.8910065241883985
0.4582,1.0,0.8090169943750577
0.45825,1.0,0.7071067811866042
0.4583,1.0,0.5877852522926349
0.45835,1.0,0.45399049973983185
0.4584,1.0,0.30901699437514946
0.45845,1.0,0.15643446504033456
0.4585,1.0,-2.4697199593021222e-15
0.45855,1.0,-0.15643446504011488
0.4586,1.0,-0.30901699437493796
0.45865,1.0,-0.45399049973943106
0.4587,1.0,-0.5877852522922711
0.45875,1.0,-0.7071067811864469
0.4588,1.0,-0.8090169943747932
0.45885,1.0,-0.8910065241882976
0.4589,1.0,-0.9510565162950687
0.45895,1.0,-0.9876883405951116
0.459,1.0,-1.0
0.45905,1.0,-0.9876883405951659
0.4591,1.0,-0.9510565162951758
0.45915,1.0,-0.891006524188455
0.4592,1.0,-0.8090169943749972
0.45925,1.0,-0.7071067811866921
0.4593,1.0,-0.5877852522925517
0.45935,1.0,-0.45399049973974015
0.4594,1.0,-0.30901699437526786
0.45945,1.0,-0.15643446504023292
0.4595,1.0,-1.2199772347863016e-13
0.45955,1.0,0.15643446504021652
0.4596,1.0,0.30901699437481955
0.45965,1.0,0.45399049973952277
0.4597,1.0,0.5877852522923543
0.45975,1.0,0.7071067811863588
0.4598,1.0,0.8090169943748537
0.45985,1.0,0.8910065241882411
0.4599,1.0,0.9510565162951005
0.45995,1.0,0.9876883405951277
0.46,1.0,1.0
0.46005,1.0,0.9876883405951498
0.4601,1.0,0.9510565162952144
0.46015,1.0,0.8910065241884083
0.4602,1.0,0.8090169943750704
0.46025,1.0,0.7071067811866194
0.4603,1.0,0.5877852522926523
0.46035,1.0,0.45399049973964845
0.4604,1.0,0.30901699437517
0.46045,1.0,0.15643446504035585
0.4605,1.0,1.9091491473330355e-14
0.46055,1.0,-0.1564344650400936
0.4606,1.0,-0.3090169943749174
0.46065,1.0,-0.45399049973941186
0.4607,1.0,-0.5877852522924375
0.46075,1.0,-0.7071067811864317
0.4608,1.0,-0.8090169943747806
0.46085,1.0,-0.8910065241882879
0.4609,1.0,-0.951056516295062
0.46095,1.0,-0.9876883405951438
0.461,1.0,-1.0
0.46105,1.0,-0.9876883405951692
0.4611,1.0,-0.9510565162951825
0.46115,1.0,-0.8910065241884648
0.4612,1.0,-0.8090169943750098
0.46125,1.0,-0.7071067811867074
0.4613,1.0,-0.5877852522925692
0.46135,1.0,-0.45399049973975936
0.4614,1.0,-0.30901699437507213
0.46145,1.0,-0.15643446504025424
0.4615,1.0,-1.4355893491126263e-13
0.46155,1.0,0.15643446504019523
0.4616,1.0,0.30901699437479907
0.46165,1.0,0.45399049973950356
0.4617,1.0,0.5877852522923368
0.46175,1.0,0.7071067811865044
0.4618,1.0,0.8090169943748411
0.46185,1.0,0.8910065241882313
0.4619,1.0,0.9510565162950938
0.46195,1.0,0.9876883405951243
0.462,1.0,1.0
0.46205,1.0,0.9876883405951531
0.4621,1.0,0.951056516295221
0.46215,1.0,0.8910065241884182
0.4622,1.0,0.809016994375083
0.46225,1.0,0.7071067811866347
0.4623,1.0,0.5877852522926699
0.46235,1.0,0.45399049973966765
0.4624,1.0,0.3090169943751905
0.46245,1.0,0.15643446504037717
0.4625,1.0,4.065270290596283e-14
0.46255,1.0,-0.15643446504007227
0.4626,1.0,-0.30901699437489694
0.46265,1.0,-0.45399049973939265
0.4627,1.0,-0.5877852522924201
0.46275,1.0,-0.7071067811864163
0.4628,1.0,-0.8090169943749016
0.46285,1.0,-0.891006524188278
0.4629,1.0,-0.9510565162950554
0.46295,1.0,-0.9876883405951048
0.463,1.0,-1.0
0.46305,1.0,-0.987688340595137
0.4631,1.0,-0.9510565162951892
0.46315,1.0,-0.8910065241884747
0.4632,1.0,-0.8090169943750225
0.46325,1.0,-0.7071067811867227
0.4633,1.0,-0.5877852522925866
0.46335,1.0,-0.45399049973977856
0.4634,1.0,-0.3090169943750926
0.46345,1.0,-0.1564344650405001
0.4635,1.0,-1.651201463438951e-13
0.46355,1.0,0.15643446504017391
0.4636,1.0,0.30901699437477853
0.46365,1.0,0.45399049973948435
0.4637,1.0,0.5877852522923194
0.46375,1.0,0.7071067811864892
0.4638,1.0,0.8090169943748284
0.46385,1.0,0.8910065241883247
0.4639,1.0,0.9510565162950871
0.46395,1.0,0.9876883405950854
0.464,1.0,1.0
0.46405,1.0,0.9876883405951565
0.4641,1.0,0.9510565162951574
0.46415,1.0,0.891006524188428
0.4642,1.0,0.8090169943750957
0.46425,1.0,0.7071067811866498
0.4643,1.0,0.5877852522926873
0.46435,1.0,0.45399049973968686
0.4644,1.0,0.309016994375211
0.46445,1.0,0.15643446504039846
0.4645,1.0,6.22139143385953e-14
0.46455,1.0,-0.15643446504005099
0.4646,1.0,-0.3090169943748764
0.46465,1.0,-0.45399049973937344
0.4647,1.0,-0.5877852522924026
0.46475,1.0,-0.7071067811864011
0.4648,1.0,-0.8090169943748889
0.46485,1.0,-0.8910065241882682
0.4649,1.0,-0.951056516295119
0.46495,1.0,-0.9876883405951015
0.465,1.0,-1.0
0.46505,1.0,-0.9876883405951404
0.4651,1.0,-0.9510565162951958
0.46515,1.0,-0.8910065241883812
0.4652,1.0,-0.8090169943750352
0.46525,1.0,-0.7071067811867379
0.4653,1.0,-0.587785252292604
0.46535,1.0,-0.45399049973979777
0.4654,1.0,-0.30901699437511315
0.46545,1.0,-0.1564344650405214
0.4655,1.0,4.069231766670448e-14
0.46555,1.0,0.15643446504015263
0.4656,1.0,0.30901699437475805
0.46565,1.0,0.4539904997394651
0.4657,1.0,0.5877852522923019
0.46575,1.0,0.707106781186474
0.4658,1.0,0.8090169943748158
0.46585,1.0,0.8910065241883149
0.4659,1.0,0.9510565162950805
0.46595,1.0,0.9876883405951176
0.466,1.0,1.0
0.46605,1.0,0.9876883405951599
0.4661,1.0,0.9510565162951641
0.46615,1.0,0.8910065241884377
0.4662,1.0,0.8090169943749748
0.46625,1.0,0.7071067811866651
0.4663,1.0,0.5877852522927047
0.46635,1.0,0.45399049973970607
0.4664,1.0,0.3090169943752315
0.46645,1.0,0.15643446504041975
0.4665,1.0,8.377512577122778e-14
0.46655,1.0,-0.15643446504025427
0.4666,1.0,-0.3090169943748559
0.46665,1.0,-0.45399049973935424
0.4667,1.0,-0.5877852522923852
0.46675,1.0,-0.7071067811863859
0.4668,1.0,-0.8090169943748763
0.46685,1.0,-0.8910065241882584
0.4669,1.0,-0.9510565162951123
0.46695,1.0,-0.987688340595098
0.467,1.0,-1.0
0.46705,1.0,-0.9876883405951438
0.4671,1.0,-0.9510565162952025
0.46715,1.0,-0.891006524188391
0.4672,1.0,-0.8090169943750479
0.46725,1.0,-0.7071067811865924
0.4673,1.0,-0.5877852522926215
0.46735,1.0,-0.4539904997396144
0.4674,1.0,-0.30901699437513364
0.46745,1.0,-0.15643446504054268
0.4675,1.0,1.913110623407201e-14
0.46755,1.0,0.15643446504013134
0.4676,1.0,0.3090169943749538
0.46765,1.0,0.4539904997394459
0.4677,1.0,0.5877852522922845
0.46775,1.0,0.7071067811864586
0.4678,1.0,0.809016994374803
0.46785,1.0,0.8910065241883052
0.4679,1.0,0.9510565162950738
0.46795,1.0,0.9876883405951141
0.468,1.0,1.0
0.46805,1.0,0.9876883405951632
0.4681,1.0,0.9510565162951707
0.46815,1.0,0.8910065241884475
0.4682,1.0,0.8090169943749874
0.46825,1.0,0.7071067811866804
0.4683,1.0,0.5877852522925382
0.46835,1.0,0.45399049973972533
0.4684,1.0,0.30901699437503577
0.46845,1.0,0.15643446504044106
0.4685,1.0,1.0533633720386026e-13
0.46855,1.0,-0.15643446504023298
0.4686,1.0,-0.30901699437483543
0.46865,1.0,-0.4539904997395376
0.4687,1.0,-0.5877852522923678
0.46875,1.0,-0.7071067811863706
0.4688,1.0,-0.8090169943748635
0.46885,1.0,-0.8910065241882487
0.4689,1.0,-0.9510565162951057
0.46895,1.0,-0.9876883405950947
0.469,1.0,-1.0
0.46905,1.0,-0.9876883405951471
0.4691,1.0,-0.9510565162952092
0.46915,1.0,-0.8910065241884008
0.4692,1.0,-0.8090169943750606
0.46925,1.0,-0.7071067811866076
0.4693,1.0,-0.5877852522926389
0.46935,1.0,-0.4539904997396336
0.4694,1.0,-0.3090169943751541
0.46945,1.0,-0.15643446504033942
0.4695,1.0,-2.2980378064179254e-13
0.46955,1.0,0.15643446504011002
0.4696,1.0,0.3090169943749333
0.46965,1.0,0.4539904997394267
0.4697,1.0,0.587785252292451
0.46975,1.0,0.7071067811864434
0.4698,1.0,0.8090169943747904
0.46985,1.0,0.8910065241882954
0.4699,1.0,0.9510565162950672
0.46995,1.0,0.9876883405951108
0.47,1.0,1.0
0.47005,1.0,0.9876883405951666
0.4701,1.0,0.9510565162951774
0.47015,1.0,0.8910065241884573
0.4702,1.0,0.8090169943750001
0.47025,1.0,0.7071067811866957
0.4703,1.0,0.5877852522925556
0.47035,1.0,0.45399049973974454
0.4704,1.0,0.30901699437505625
0.47045,1.0,0.15643446504046235
0.4705,1.0,1.2689754863649274e-13
0.47055,1.0,-0.15643446504021166
0.4706,1.0,-0.3090169943748149
0.47065,1.0,-0.4539904997395184
0.4707,1.0,-0.5877852522923503
0.47075,1.0,-0.7071067811865162
0.4708,1.0,-0.8090169943748509
0.47085,1.0,-0.8910065241882389
0.4709,1.0,-0.951056516295099
0.47095,1.0,-0.9876883405950914
0.471,1.0,-1.0
0.47105,1.0,-0.9876883405951505
0.4711,1.0,-0.9510565162952158
0.47115,1.0,-0.8910065241884106
0.4712,1.0,-0.8090169943750732
0.47125,1.0,-0.7071067811866228
0.4713,1.0,-0.5877852522926563
0.47135,1.0,-0.45399049973965283
0.4714,1.0,-0.30901699437517466
0.47145,1.0,-0.1564344650403607
0.4715,1.0,-2.51364992074425e-13
0.47155,1.0,0.15643446504008873
0.4716,1.0,0.30901699437491276
0.47165,1.0,0.45399049973940747
0.4717,1.0,0.5877852522924336
0.47175,1.0,0.7071067811864282
0.4718,1.0,0.8090169943749114
0.47185,1.0,0.8910065241882856
0.4719,1.0,0.9510565162950605
0.47195,1.0,0.9876883405951075
0.472,1.0,1.0
0.47205,1.0,0.9876883405951344
0.4721,1.0,0.9510565162951841
0.47215,1.0,0.891006524188467
0.4722,1.0,0.8090169943750127
0.47225,1.0,0.7071067811867109
0.4723,1.0,0.5877852522925731
0.47235,1.0,0.45399049973976374
0.4724,1.0,0.3090169943750768
0.47245,1.0,0.15643446504048364
0.4725,1.0,1.4845876006912522e-13
0.47255,1.0,-0.15643446504019037
0.4726,1.0,-0.3090169943747944
0.47265,1.0,-0.4539904997394992
0.4727,1.0,-0.5877852522923329
0.47275,1.0,-0.7071067811865009
0.4728,1.0,-0.8090169943748382
0.47285,1.0,-0.8910065241883323
0.4729,1.0,-0.9510565162950924
0.47295,1.0,-0.9876883405950879
0.473,1.0,-1.0
0.47305,1.0,-0.9876883405951539
0.4731,1.0,-0.9510565162951523
0.47315,1.0,-0.8910065241884204
0.4732,1.0,-0.8090169943750859
0.47325,1.0,-0.7071067811866382
0.4733,1.0,-0.5877852522926738
0.47335,1.0,-0.45399049973967204
0.4734,1.0,-0.30901699437519514
0.47345,1.0,-0.156434465040382
0.4735,1.0,-2.729262035070575e-13
0.47355,1.0,0.15643446504006744
0.4736,1.0,0.3090169943748923
0.47365,1.0,0.45399049973938826
0.4737,1.0,0.5877852522924162
0.47375,1.0,0.7071067811864129
0.4738,1.0,0.8090169943748987
0.47385,1.0,0.8910065241882758
0.4739,1.0,0.9510565162951241
0.47395,1.0,0.987688340595104
0.474,1.0,1.0
0.47405,1.0,0.9876883405951378
0.4741,1.0,0.9510565162951907
0.47415,1.0,0.8910065241883737
0.4742,1.0,0.8090169943750254
0.47425,1.0,0.7071067811865653
0.4743,1.0,0.5877852522925905
0.47435,1.0,0.45399049973978295
0.4744,1.0,0.3090169943750973
0.47445,1.0,0.15643446504050493
0.4745,1.0,1.700199715017577e-13
0.47455,1.0,-0.15643446504016909
0.4746,1.0,-0.30901699437477387
0.47465,1.0,-0.45399049973947997
0.4747,1.0,-0.5877852522923155
0.47475,1.0,-0.7071067811864856
0.4748,1.0,-0.8090169943748255
0.47485,1.0,-0.8910065241883225
0.4749,1.0,-0.9510565162950857
0.47495,1.0,-0.9876883405951201
0.475,1.0,-1.0
0.47505,1.0,-0.9876883405951928
0.4751,1.0,-0.951056516295159
0.47515,1.0,-0.8910065241884302
0.4752,1.0,-0.8090169943749649
0.47525,1.0,-0.7071067811866534
0.4753,1.0,-0.5877852522925073
0.47535,1.0,-0.45399049973969124
0.4754,1.0,-0.3090169943752157
0.47545,1.0,-0.1564344650404033
0.4755,1.0,-2.9448741493968996e-13
0.47555,1.0,0.15643446504004616
0.4756,1.0,0.30901699437487173
0.47565,1.0,0.45399049973936906
0.4757,1.0,0.5877852522923986
0.47575,1.0,0.7071067811863977
0.4758,1.0,0.8090169943748861
0.47585,1.0,0.891006524188266
0.4759,1.0,0.9510565162951174
0.47595,1.0,0.9876883405951007
0.476,1.0,1.0
0.47605,1.0,0.9876883405951767
0.4761,1.0,0.9510565162951974
0.47615,1.0,0.8910065241883834
0.4762,1.0,0.809016994375038
0.47625,1.0,0.7071067811865805
0.4763,1.0,0.587785252292608
0.47635,1.0,0.45399049973959954
0.4764,1.0,0.3090169943751178
0.47645,1.0,0.15643446504052624
0.4765,1.0,1.9158118293439017e-13
0.47655,1.0,-0.15643446503992323
0.4766,1.0,-0.3090169943749696
0.47665,1.0,-0.45399049973946076
0.4767,1.0,-0.5877852522922979
0.47675,1.0,-0.7071067811864704
0.4768,1.0,-0.8090169943748129
0.47685,1.0,-0.8910065241883127
0.4769,1.0,-0.951056516295079
0.47695,1.0,-0.9876883405951168
0.477,1.0,-1.0
0.47705,1.0,-0.9876883405951606
0.4771,1.0,-0.9510565162951656
0.47715,1.0,-0.89100652418844
0.4772,1.0,-0.8090169943749776
0.47725,1.0,-0.7071067811866686
0.4773,1.0,-0.5877852522925248
0.47735,1.0,-0.45399049973971045
0.4774,1.0,-0.30901699437501995
0.47745,1.0,-0.1564344650404246
0.4775,1.0,-3.1604862637232244e-13
0.47755,1.0,0.15643446504002484
0.4776,1.0,0.30901699437485125
0.47765,1.0,0.45399049973955247
0.4777,1.0,0.5877852522923812
0.47775,1.0,0.7071067811863825
0.4778,1.0,0.8090169943748734
0.47785,1.0,0.8910065241882562
0.4779,1.0,0.9510565162951108
0.47795,1.0,0.9876883405950974
0.478,1.0,1.0
0.47805,1.0,0.9876883405951801
0.4781,1.0,0.951056516295204
0.47815,1.0,0.8910065241883932
0.4782,1.0,0.8090169943750507
0.47825,1.0,0.7071067811865959
0.4783,1.0,0.5877852522926255
0.47835,1.0,0.45399049973961875
0.4784,1.0,0.3090169943751383
0.47845,1.0,0.15643446504032296
0.4785,1.0,2.1314239436702265e-13
0.47855,1.0,-0.1564344650399019
0.4786,1.0,-0.3090169943749491
0.47865,1.0,-0.45399049973944156
0.4787,1.0,-0.5877852522924645
0.47875,1.0,-0.7071067811864552
0.4788,1.0,-0.8090169943748002
0.47885,1.0,-0.891006524188303
0.4789,1.0,-0.9510565162950724
0.47895,1.0,-0.9876883405951135
0.479,1.0,-1.0
0.47905,1.0,-0.987688340595164
0.4791,1.0,-0.9510565162951723
0.47915,1.0,-0.8910065241884497
0.4792,1.0,-0.8090169943749903
0.47925,1.0,-0.7071067811866839
0.4793,1.0,-0.5877852522925422
0.47935,1.0,-0.45399049973972966
0.4794,1.0,-0.30901699437504043
0.47945,1.0,-0.1564344650404459
0.4795,1.0,-1.1023616236172284e-13
0.47955,1.0,0.15643446504000355
0.4796,1.0,0.30901699437483077
0.47965,1.0,0.4539904997395332
0.4797,1.0,0.5877852522923638
0.47975,1.0,0.7071067811865279
0.4798,1.0,0.8090169943748607
0.47985,1.0,0.8910065241882464
0.4799,1.0,0.9510565162951041
0.47995,1.0,0.9876883405950939
0.48,1.0,1.0
0.48005,1.0,0.9876883405951835
0.4801,1.0,0.9510565162951404
0.48015,1.0,0.891006524188403
0.4802,1.0,0.8090169943750635
0.48025,1.0,0.7071067811866111
0.4803,1.0,0.5877852522926429
0.48035,1.0,0.453990499739638
0.4804,1.0,0.3090169943751588
0.48045,1.0,0.15643446504034425
0.4805,1.0,2.347036057996551e-13
0.48055,1.0,-0.1564344650401052
0.4806,1.0,-0.30901699437492863
0.48065,1.0,-0.45399049973942235
0.4807,1.0,-0.587785252292447
0.48075,1.0,-0.70710678118644
0.4808,1.0,-0.8090169943749211
0.48085,1.0,-0.8910065241882932
0.4809,1.0,-0.9510565162950657
0.48095,1.0,-0.98768834059511
0.481,1.0,-1.0
0.48105,1.0,-0.9876883405951674
0.4811,1.0,-0.951056516295179
0.48115,1.0,-0.8910065241883564
0.4812,1.0,-0.809016994375003
0.48125,1.0,-0.7071067811866991
0.4813,1.0,-0.5877852522925596
0.48135,1.0,-0.45399049973974887
0.4814,1.0,-0.3090169943750609
0.48145,1.0,-0.15643446504046718
0.4815,1.0,-1.3179737379435533e-13
0.48155,1.0,0.15643446503998226
0.4816,1.0,0.3090169943748102
0.48165,1.0,0.453990499739514
0.4817,1.0,0.5877852522923463
0.48175,1.0,0.7071067811865127
0.4818,1.0,0.809016994374848
0.48185,1.0,0.8910065241883399
0.4819,1.0,0.9510565162950975
0.48195,1.0,0.9876883405950906
0.482,1.0,1.0
0.48205,1.0,0.9876883405951868
0.4821,1.0,0.9510565162952174
0.48215,1.0,0.8910065241884129
0.4822,1.0,0.8090169943749425
0.48225,1.0,0.7071067811866263
0.4823,1.0,0.5877852522926603
0.48235,1.0,0.4539904997396572
0.4824,1.0,0.3090169943751793
0.48245,1.0,0.15643446504036554
0.4825,1.0,2.5626481723228757e-13
0.48255,1.0,-0.1564344650400839
0.4826,1.0,-0.3090169943746919
0.48265,1.0,-0.45399049973940314
0.4827,1.0,-0.5877852522924296
0.48275,1.0,-0.7071067811864247
0.4828,1.0,-0.8090169943749085
0.48285,1.0,-0.8910065241882834
0.4829,1.0,-0.9510565162951292
0.48295,1.0,-0.9876883405951067
0.483,1.0,-1.0
0.48305,1.0,-0.9876883405951707
0.4831,1.0,-0.9510565162952559
0.48315,1.0,-0.8910065241883661
0.4832,1.0,-0.8090169943750156
0.48325,1.0,-0.7071067811865536
0.4833,1.0,-0.587785252292577
0.48335,1.0,-0.45399049973976807
0.4834,1.0,-0.30901699437508146
0.48345,1.0,-0.15643446504048847
0.4835,1.0,-1.533585852269878e-13
0.48355,1.0,0.15643446503996097
0.4836,1.0,0.30901699437478974
0.48365,1.0,0.4539904997394948
0.4837,1.0,0.5877852522923289
0.48375,1.0,0.7071067811864975
0.4838,1.0,0.8090169943748353
0.48385,1.0,0.89100652418833
0.4839,1.0,0.9510565162950908
0.48395,1.0,0.9876883405951228
0.484,1.0,1.0
0.48405,1.0,0.9876883405951546
0.4841,1.0,0.951056516295224
0.48415,1.0,0.8910065241884226
0.4842,1.0,0.8090169943749551
0.48425,1.0,0.7071067811866416
0.4843,1.0,0.5877852522924938
0.48435,1.0,0.4539904997396764
0.4844,1.0,0.3090169943751998
0.48445,1.0,0.15643446504038683
0.4845,1.0,2.7782602866492005e-13
0.48455,1.0,-0.15643446504006261
0.4846,1.0,-0.30901699437467134
0.48465,1.0,-0.4539904997393839
0.4847,1.0,-0.5877852522924122
0.48475,1.0,-0.7071067811864095
0.4848,1.0,-0.8090169943748958
0.48485,1.0,-0.8910065241882735
0.4849,1.0,-0.9510565162951226
0.48495,1.0,-0.9876883405951032
0.485,1.0,-1.0
0.48505,1.0,-0.9876883405951741
0.4851,1.0,-0.9510565162951923
0.48515,1.0,-0.8910065241883759
0.4852,1.0,-0.8090169943750283
0.48525,1.0,-0.7071067811865688
0.4853,1.0,-0.5877852522925945
0.48535,1.0,-0.4539904997395847
0.4854,1.0,-0.30901699437510194
0.48545,1.0,-0.15643446504050978
0.4855,1.0,-1.7491979665962028e-13
0.48555,1.0,0.15643446503993966
0.4856,1.0,0.3090169943747692
0.48565,1.0,0.4539904997394756
0.4857,1.0,0.5877852522923115
0.48575,1.0,0.7071067811864822
0.4858,1.0,0.8090169943748227
0.48585,1.0,0.8910065241883203
0.4859,1.0,0.9510565162950841
0.48595,1.0,0.9876883405951193
0.486,1.0,1.0
0.48605,1.0,0.987688340595158
0.4861,1.0,0.9510565162952307
0.48615,1.0,0.8910065241884324
0.4862,1.0,0.8090169943749678
0.48625,1.0,0.7071067811866568
0.4863,1.0,0.5877852522925112
0.48635,1.0,0.45399049973969563
0.4864,1.0,0.3090169943750041
0.48645,1.0,0.15643446504040814
0.4865,1.0,2.9938724009755253e-13
0.48655,1.0,-0.1564344650400413
0.4866,1.0,-0.30901699437465086
0.48665,1.0,-0.4539904997395673
0.4867,1.0,-0.5877852522923948
0.48675,1.0,-0.7071067811863943
0.4868,1.0,-0.8090169943748832
0.48685,1.0,-0.8910065241882638
0.4869,1.0,-0.9510565162951159
0.48695,1.0,-0.9876883405950999
0.487,1.0,-1.0
0.48705,1.0,-0.9876883405951775
0.4871,1.0,-0.9510565162951989
0.48715,1.0,-0.8910065241883857
0.4872,1.0,-0.8090169943750409
0.48725,1.0,-0.7071067811865841
0.4873,1.0,-0.5877852522926119
0.48735,1.0,-0.4539904997396039
0.4874,1.0,-0.3090169943751225
0.48745,1.0,-0.1564344650403065
0.4875,1.0,-1.9648100809225276e-13
0.48755,1.0,0.15643446503991837
0.4876,1.0,0.3090169943747487
0.48765,1.0,0.4539904997392538
0.4877,1.0,0.587785252292478
0.48775,1.0,0.707106781186467
0.4878,1.0,0.80901699437481
0.48785,1.0,0.8910065241883105
0.4879,1.0,0.9510565162950775
0.48795,1.0,0.987688340595116
0.488,1.0,1.0
0.48805,1.0,0.9876883405951614
0.4881,1.0,0.9510565162952374
0.48815,1.0,0.8910065241884422
0.4882,1.0,0.8090169943749804
0.48825,1.0,0.707106781186672
0.4883,1.0,0.5877852522925286
0.48835,1.0,0.45399049973971484
0.4884,1.0,0.30901699437502456
0.48845,1.0,0.15643446504042943
0.4885,1.0,9.357477608695297e-14
0.48855,1.0,-0.15643446504002
0.4886,1.0,-0.30901699437463037
0.48865,1.0,-0.45399049973934547
0.4887,1.0,-0.5877852522923773
0.48875,1.0,-0.7071067811865398
0.4888,1.0,-0.8090169943748705
0.48885,1.0,-0.8910065241883572
0.4889,1.0,-0.9510565162951092
0.48895,1.0,-0.9876883405950966
0.489,1.0,-1.0
0.48905,1.0,-0.9876883405951808
0.4891,1.0,-0.9510565162952056
0.48915,1.0,-0.8910065241884987
0.4892,1.0,-0.8090169943750536
0.48925,1.0,-0.7071067811865993
0.4893,1.0,-0.5877852522926293
0.48935,1.0,-0.45399049973962313
0.4894,1.0,-0.30901699437514296
0.48945,1.0,-0.1564344650403278
0.4895,1.0,-2.1804221952488523e-13
0.48955,1.0,0.15643446504012165
0.4896,1.0,0.30901699437472824
0.48965,1.0,0.4539904997392346
0.4897,1.0,0.5877852522924606
0.48975,1.0,0.7071067811864518
0.4898,1.0,0.809016994374931
0.48985,1.0,0.8910065241883007
0.4899,1.0,0.9510565162951411
0.48995,1.0,0.9876883405951127
0.49,1.0,1.0
0.49005,1.0,0.9876883405951647
0.4901,1.0,0.951056516295244
0.49015,1.0,0.8910065241884519
0.4902,1.0,0.8090169943749932
0.49025,1.0,0.7071067811866873
0.4903,1.0,0.5877852522925462
0.49035,1.0,0.45399049973973404
0.4904,1.0,0.3090169943750451
0.49045,1.0,0.15643446504045072
0.4905,1.0,1.1513598751958544e-13
0.49055,1.0,-0.15643446503999872
0.4906,1.0,-0.3090169943748261
0.49065,1.0,-0.45399049973932626
0.4907,1.0,-0.5877852522923599
0.49075,1.0,-0.7071067811865245
0.4908,1.0,-0.8090169943748577
0.49085,1.0,-0.8910065241883475
0.4909,1.0,-0.9510565162951026
0.49095,1.0,-0.9876883405951288
0.491,1.0,-1.0
0.49105,1.0,-0.9876883405951842
0.4911,1.0,-0.9510565162952123
0.49115,1.0,-0.8910065241885085
0.4912,1.0,-0.8090169943749327
0.49125,1.0,-0.7071067811866145
0.4913,1.0,-0.5877852522926468
0.49135,1.0,-0.45399049973964234
0.4914,1.0,-0.30901699437516345
0.49145,1.0,-0.15643446504034908
0.4915,1.0,-2.396034309575177e-13
0.49155,1.0,0.15643446504010036
0.4916,1.0,0.3090169943747077
0.49165,1.0,0.45399049973941796
0.4917,1.0,0.587785252292443
0.49175,1.0,0.7071067811864364
0.4918,1.0,0.8090169943749183
0.49185,1.0,0.891006524188291
0.4919,1.0,0.9510565162951344
0.49195,1.0,0.9876883405951092
0.492,1.0,1.0
0.49205,1.0,0.9876883405951681
0.4921,1.0,0.9510565162952507
0.49215,1.0,0.8910065241884617
0.4922,1.0,0.8090169943750058
0.49225,1.0,0.7071067811865418
0.4923,1.0,0.5877852522925636
0.49235,1.0,0.45399049973975325
0.4924,1.0,0.3090169943750656
0.49245,1.0,0.15643446504047204
0.4925,1.0,1.3669719895221792e-13
0.49255,1.0,-0.15643446503997743
0.4926,1.0,-0.30901699437480556
0.49265,1.0,-0.45399049973930705
0.4927,1.0,-0.5877852522923424
0.49275,1.0,-0.7071067811865093
0.4928,1.0,-0.8090169943748451
0.49285,1.0,-0.8910065241883376
0.4929,1.0,-0.9510565162950959
0.49295,1.0,-0.9876883405951253
0.493,1.0,-1.0
0.49305,1.0,-0.987688340595152
0.4931,1.0,-0.9510565162952189
0.49315,1.0,-0.8910065241885182
0.4932,1.0,-0.8090169943749453
0.49325,1.0,-0.7071067811866298
0.4933,1.0,-0.5877852522924804
0.49335,1.0,-0.45399049973966155
0.4934,1.0,-0.309016994375184
0.49345,1.0,-0.1564344650403704
0.4935,1.0,-2.611646423901502e-13
0.49355,1.0,0.15643446504007907
0.4936,1.0,0.3090169943746872
0.49365,1.0,0.45399049973939876
0.4937,1.0,0.5877852522924256
0.49375,1.0,0.7071067811864212
0.4938,1.0,0.8090169943749056
0.49385,1.0,0.8910065241882811
0.4939,1.0,0.9510565162951278
0.49395,1.0,0.9876883405951059
0.494,1.0,1.0
0.49405,1.0,0.9876883405951715
0.4941,1.0,0.9510565162951871
0.49415,1.0,0.8910065241884716
0.4942,1.0,0.8090169943751522
0.49425,1.0,0.707106781186557
0.4943,1.0,0.587785252292581
0.49435,1.0,0.45399049973956984
0.4944,1.0,0.3090169943750861
0.49445,1.0,0.15643446504049333
0.4945,1.0,1.582584103848504e-13
0.49455,1.0,-0.15643446503995612
0.4946,1.0,-0.3090169943747851
0.49465,1.0,-0.45399049973928784
0.4947,1.0,-0.5877852522923249
0.49475,1.0,-0.7071067811864941
0.4948,1.0,-0.8090169943748324
0.49485,1.0,-0.8910065241883278
0.4949,1.0,-0.9510565162950892
0.49495,1.0,-0.987688340595122
0.495,1.0,-1.0
0.49505,1.0,-0.9876883405951554
0.4951,1.0,-0.9510565162952256
0.49515,1.0,-0.8910065241884249
0.4952,1.0,-0.8090169943750917
0.49525,1.0,-0.707106781186645
0.4953,1.0,-0.5877852522924978
0.49535,1.0,-0.45399049973968075
0.4954,1.0,-0.30901699437498825
0.49545,1.0,-0.15643446504039168
0.4955,1.0,-2.8272585382278266e-13
0.49555,1.0,0.15643446504005776
0.4956,1.0,0.3090169943746667
0.49565,1.0,0.45399049973937955
0.4957,1.0,0.5877852522922242
0.49575,1.0,0.7071067811865668
0.4958,1.0,0.8090169943748929
0.49585,1.0,0.8910065241882713
0.4959,1.0,0.9510565162951211
0.49595,1.0,0.9876883405951025
0.496,1.0,1.0
0.49605,1.0,0.9876883405951749
0.4961,1.0,0.9510565162951937
0.49615,1.0,0.8910065241884814
0.4962,1.0,0.8090169943750312
0.49625,1.0,0.7071067811865723
0.4963,1.0,0.5877852522925985
0.49635,1.0,0.4539904997395891
0.4964,1.0,0.3090169943751066
0.49645,1.0,0.15643446504029004
0.4965,1.0,1.7981962181748287e-13
0.49655,1.0,-0.15643446503993483
0.4966,1.0,-0.30901699437476454
0.49665,1.0,-0.45399049973926864
0.4967,1.0,-0.5877852522923075
0.49675,1.0,-0.7071067811864787
0.4968,1.0,-0.8090169943749534
0.49685,1.0,-0.891006524188318
0.4969,1.0,-0.9510565162950826
0.49695,1.0,-0.9876883405951187
0.497,1.0,-1.0
0.49705,1.0,-0.9876883405951588
0.4971,1.0,-0.9510565162952322
0.49715,1.0,-0.8910065241884346
0.4972,1.0,-0.8090169943751043
0.49725,1.0,-0.7071067811866603
0.4973,1.0,-0.5877852522925152
0.49735,1.0,-0.45399049973969996
0.4974,1.0,-0.30901699437500874
0.49745,1.0,-0.15643446504041297
0.4975,1.0,-7.691338981218308e-14
0.49755,1.0,0.15643446504003647
0.4976,1.0,0.30901699437486246
0.49765,1.0,0.45399049973936034
0.4977,1.0,0.5877852522922068
0.49775,1.0,0.7071067811865515
0.4978,1.0,0.8090169943748803
0.49785,1.0,0.8910065241883648
0.4979,1.0,0.9510565162951145
0.49795,1.0,0.9876883405950991
0.498,1.0,1.0
0.49805,1.0,0.9876883405951783
0.4981,1.0,0.9510565162952004
0.49815,1.0,0.8910065241884911
0.4982,1.0,0.8090169943750438
0.49825,1.0,0.7071067811865875
0.4983,1.0,0.5877852522926159
0.49835,1.0,0.4539904997396083
0.4984,1.0,0.3090169943751271
0.49845,1.0,0.15643446504031133
0.4985,1.0,2.0138083325011535e-13
0.49855,1.0,-0.1564344650401381
0.4986,1.0,-0.30901699437474406
0.49865,1.0,-0.45399049973945205
0.4987,1.0,-0.5877852522922901
0.49875,1.0,-0.7071067811864635
0.4988,1.0,-0.8090169943749408
0.49885,1.0,-0.8910065241883083
0.4989,1.0,-0.9510565162951462
0.49895,1.0,-0.9876883405951152
0.499,1.0,-1.0
0.49905,1.0,-0.9876883405951622
0.4991,1.0,-0.9510565162952389
0.49915,1.0,-0.8910065241884444
0.4992,1.0,-0.809016994375117
0.49925,1.0,-0.7071067811866755
0.4993,1.0,-0.5877852522925326
0.49935,1.0,-0.45399049973971917
0.4994,1.0,-0.3090169943750292
0.49945,1.0,-0.15643446504043426
0.4995,1.0,-9.847460124481555e-14
0.49955,1.0,0.15643446504001518
0.4996,1.0,0.3090169943748419
0.49965,1.0,0.45399049973934114
0.4997,1.0,0.5877852522923733
0.49975,1.0,0.7071067811865362
0.4998,1.0,0.8090169943748676
0.49985,1.0,0.891006524188355
0.4999,1.0,0.9510565162951078
0.49995,1.0,0.9876883405951313
0.5,1.0,1.0
0.50005,1.0,0.9876883405951816
0.5001,1.0,0.951056516295207
0.50015,1.0,0.8910065241885009
0.5002,1.0,0.8090169943750565
0.50025,1.0,0.7071067811867635
0.5003,1.0,0.5877852522926333
0.50035,1.0,0.4539904997398301
0.5004,1.0,0.3090169943751476
0.50045,1.0,0.15643446504055722
0.5005,1.0,2.2294204468274782e-13
0.50055,1.0,-0.15643446504011682
0.5006,1.0,-0.3090169943749398
0.50065,1.0,-0.4539904997394328
0.5007,1.0,-0.5877852522924566
0.50075,1.0,-0.7071067811864483
0.5008,1.0,-0.809016994374928
0.50085,1.0,-0.8910065241882985
0.5009,1.0,-0.9510565162951395
0.50095,1.0,-0.9876883405951119
0.501,1.0,-1.0
0.50105,1.0,-0.9876883405951655
0.5011,1.0,-0.9510565162952456
0.50115,1.0,-0.8910065241884542
0.5012,1.0,-0.8090169943751296
0.50125,1.0,-0.7071067811866908
0.5013,1.0,-0.587785252292734
0.50135,1.0,-0.45399049973973843
0.5014,1.0,-0.309016994375266
0.50145,1.0,-0.15643446504045558
0.5015,1.0,-3.474094881206801e-13
0.50155,1.0,0.15643446504021846
0.5016,1.0,0.30901699437503766
0.50165,1.0,0.4539904997395245
0.5017,1.0,0.5877852522923559
0.50175,1.0,0.707106781186521
0.5018,1.0,0.809016994374855
0.50185,1.0,0.8910065241883453
0.5019,1.0,0.9510565162951011
0.50195,1.0,0.987688340595128
0.502,1.0,1.0
0.50205,1.0,0.9876883405951494
0.5021,1.0,0.9510565162952137
0.50215,1.0,0.8910065241885107
0.5022,1.0,0.8090169943750691
0.50225,1.0,0.7071067811867788
0.5023,1.0,0.5877852522926508
0.50235,1.0,0.4539904997398493
0.5024,1.0,0.3090169943751681
0.50245,1.0,0.1564344650405785
0.5025,1.0,2.4450325611538027e-13
0.50255,1.0,-0.1564344650403201
0.5026,1.0,-0.3090169943749193
0.50265,1.0,-0.4539904997396162
0.5027,1.0,-0.5877852522924392
0.50275,1.0,-0.707106781186433
0.5028,1.0,-0.8090169943749154
0.50285,1.0,-0.8910065241882887
0.5029,1.0,-0.9510565162951329
0.50295,1.0,-0.9876883405951085
0.503,1.0,-1.0
0.50305,1.0,-0.9876883405951689
0.5031,1.0,-0.951056516295182
0.50315,1.0,-0.8910065241884639
0.5032,1.0,-0.8090169943751424
0.50325,1.0,-0.707106781186706
0.5033,1.0,-0.5877852522927515
0.50335,1.0,-0.45399049973975764
0.5034,1.0,-0.3090169943752865
0.50345,1.0,-0.15643446504047687
0.5035,1.0,-3.6897069955331257e-13
0.50355,1.0,0.15643446504019715
0.5036,1.0,0.3090169943750172
0.50365,1.0,0.4539904997395053
0.5037,1.0,0.5877852522925224
0.50375,1.0,0.7071067811865057
0.5038,1.0,0.8090169943748422
0.50385,1.0,0.8910065241883354
0.5039,1.0,0.9510565162950945
0.50395,1.0,0.9876883405951246
0.504,1.0,1.0
0.50405,1.0,0.9876883405951528
0.5041,1.0,0.9510565162952204
0.50415,1.0,0.8910065241884173
0.5042,1.0,0.8090169943750819
0.50425,1.0,0.707106781186794
0.5043,1.0,0.5877852522926682
0.50435,1.0,0.4539904997398685
0.5044,1.0,0.30901699437518865
0.50445,1.0,0.1564344650405998
0.5045,1.0,2.6606446754801275e-13
0.50455,1.0,-0.1564344650402988
0.5046,1.0,-0.30901699437489877
0.50465,1.0,-0.453990499739597
0.5047,1.0,-0.5877852522924217
0.50475,1.0,-0.7071067811865785
0.5048,1.0,-0.8090169943749027
0.50485,1.0,-0.8910065241882789
0.5049,1.0,-0.9510565162951262
0.50495,1.0,-0.9876883405951051
0.505,1.0,-1.0
0.50505,1.0,-0.9876883405951723
0.5051,1.0,-0.9510565162951886
0.50515,1.0,-0.8910065241884738
0.5052,1.0,-0.8090169943750214
0.50525,1.0,-0.7071067811867213
0.5053,1.0,-0.5877852522927689
0.50535,1.0,-0.45399049973977684
0.5054,1.0,-0.309016994375307
0.50545,1.0,-0.15643446504049816
0.5055,1.0,-3.9053191098594504e-13
0.50555,1.0,0.15643446504017586
0.5056,1.0,0.30901699437499663
0.50565,1.0,0.4539904997394861
0.5057,1.0,0.5877852522925049
0.50575,1.0,0.7071067811864905
0.5058,1.0,0.8090169943749632
0.50585,1.0,0.8910065241883256
0.5059,1.0,0.9510565162950878
0.50595,1.0,0.9876883405951212
0.506,1.0,1.0
0.50605,1.0,0.9876883405951562
0.5061,1.0,0.951056516295227
0.50615,1.0,0.8910065241884271
0.5062,1.0,0.8090169943750946
0.50625,1.0,0.7071067811866485
0.5063,1.0,0.5877852522926856
0.50635,1.0,0.45399049973968514
0.5064,1.0,0.30901699437520913
0.50645,1.0,0.15643446504062108
0.5065,1.0,2.876256789806452e-13
0.50655,1.0,-0.15643446503982836
0.5066,1.0,-0.3090169943748783
0.50665,1.0,-0.4539904997395778
0.5067,1.0,-0.5877852522924042
0.50675,1.0,-0.7071067811865633
0.5068,1.0,-0.80901699437489
0.50685,1.0,-0.8910065241883723
0.5069,1.0,-0.9510565162951196
0.50695,1.0,-0.9876883405951018
0.507,1.0,-1.0
0.50705,1.0,-0.9876883405951756
0.5071,1.0,-0.9510565162951953
0.50715,1.0,-0.8910065241884836
0.5072,1.0,-0.809016994375034
0.50725,1.0,-0.7071067811867365
0.5073,1.0,-0.5877852522926025
0.50735,1.0,-0.45399049973979605
0.5074,1.0,-0.30901699437511126
0.50745,1.0,-0.15643446504051944
0.5075,1.0,-4.120931224185775e-13
0.50755,1.0,0.15643446503993
0.5076,1.0,0.30901699437497615
0.50765,1.0,0.45399049973946687
0.5077,1.0,0.5877852522924875
0.50775,1.0,0.7071067811864753
0.5078,1.0,0.8090169943749506
0.50785,1.0,0.8910065241883158
0.5079,1.0,0.9510565162951513
0.50795,1.0,0.9876883405951179
0.508,1.0,1.0
0.50805,1.0,0.9876883405951595
0.5081,1.0,0.9510565162952337
0.50815,1.0,0.8910065241884368
0.5082,1.0,0.8090169943751072
0.50825,1.0,0.7071067811866638
0.5083,1.0,0.5877852522927032
0.50835,1.0,0.45399049973970435
0.5084,1.0,0.3090169943752296
0.50845,1.0,0.1564344650404178
0.5085,1.0,3.091868904132777e-13
0.50855,1.0,-0.15643446503980704
0.5086,1.0,-0.3090169943748578
0.50865,1.0,-0.4539904997395586
0.5087,1.0,-0.5877852522923868
0.50875,1.0,-0.707106781186548
0.5088,1.0,-0.8090169943748774
0.50885,1.0,-0.8910065241883626
0.5089,1.0,-0.9510565162951129
0.50895,1.0,-0.987688340595134
0.509,1.0,-1.0
0.50905,1.0,-0.9876883405951791
0.5091,1.0,-0.9510565162952019
0.50915,1.0,-0.8910065241884934
0.5092,1.0,-0.8090169943750467
0.50925,1.0,-0.7071067811867517
0.5093,1.0,-0.5877852522926199
0.50935,1.0,-0.45399049973981526
0.5094,1.0,-0.30901699437513175
0.50945,1.0,-0.15643446504054076
0.5095,1.0,-2.0628065840797793e-13
0.50955,1.0,0.15643446503990868
0.5096,1.0,0.30901699437495567
0.50965,1.0,0.45399049973944766
0.5097,1.0,0.58778525229247
0.50975,1.0,0.7071067811864601
0.5098,1.0,0.8090169943749379
0.50985,1.0,0.8910065241883061
0.5099,1.0,0.9510565162951446
0.50995,1.0,0.9876883405951145
0.51,1.0,1.0
0.51005,1.0,0.987688340595163
0.5101,1.0,0.9510565162952404
0.51015,1.0,0.8910065241884466
0.5102,1.0,0.8090169943751199
0.51025,1.0,0.707106781186679
0.5103,1.0,0.5877852522927206
0.51035,1.0,0.45399049973972355
0.5104,1.0,0.30901699437525015
0.51045,1.0,0.15643446504043912
0.5105,1.0,3.307481018459102e-13
0.51055,1.0,-0.15643446504001032
0.5106,1.0,-0.30901699437505353
0.51065,1.0,-0.45399049973953937
0.5107,1.0,-0.5877852522923693
0.51075,1.0,-0.7071067811865328
0.5108,1.0,-0.8090169943748647
0.51085,1.0,-0.8910065241883528
0.5109,1.0,-0.9510565162951062
0.51095,1.0,-0.9876883405951306
0.511,1.0,-1.0
0.51105,1.0,-0.9876883405951469
0.5111,1.0,-0.9510565162952086
0.51115,1.0,-0.8910065241885031
0.5112,1.0,-0.8090169943750594
0.51125,1.0,-0.7071067811867671
0.5113,1.0,-0.5877852522926373
0.51135,1.0,-0.45399049973983446
0.5114,1.0,-0.3090169943751523
0.51145,1.0,-0.15643446504056205
0.5115,1.0,-2.278418698406104e-13
0.51155,1.0,0.1564344650398874
0.5116,1.0,0.30901699437493513
0.51165,1.0,0.453990499739631
0.5117,1.0,0.5877852522924526
0.51175,1.0,0.7071067811864448
0.5118,1.0,0.8090169943749252
0.51185,1.0,0.8910065241882963
0.5119,1.0,0.9510565162951381
0.51195,1.0,0.9876883405951111
0.512,1.0,1.0
0.51205,1.0,0.9876883405951663
0.5121,1.0,0.9510565162951768
0.51215,1.0,0.8910065241884564
0.5122,1.0,0.809016994374999
0.51225,1.0,0.7071067811866942
0.5123,1.0,0.587785252292738
0.51235,1.0,0.45399049973974276
0.5124,1.0,0.30901699437527064
0.51245,1.0,0.1564344650404604
0.5125,1.0,3.5230931327854265e-13
0.51255,1.0,-0.15643446503998903
0.5126,1.0,-0.3090169943746005
0.51265,1.0,-0.45399049973952016
0.5127,1.0,-0.5877852522925359
0.51275,1.0,-0.7071067811865176
0.5128,1.0,-0.8090169943748521
0.51285,1.0,-0.891006524188343
0.5129,1.0,-0.9510565162950996
0.51295,1.0,-0.9876883405951272
0.513,1.0,-1.0
0.51305,1.0,-0.9876883405951502
0.5131,1.0,-0.9510565162952153
0.51315,1.0,-0.8910065241884098
0.5132,1.0,-0.809016994375072
0.51325,1.0,-0.7071067811866215
0.5133,1.0,-0.5877852522926548
0.51335,1.0,-0.45399049973985367
0.5134,1.0,-0.30901699437517277
0.51345,1.0,-0.15643446504058334
0.5135,1.0,-2.494030812732429e-13
0.51355,1.0,0.1564344650398661
0.5136,1.0,0.3090169943746984
0.51365,1.0,0.4539904997396118
0.5137,1.0,0.5877852522924352
0.51375,1.0,0.7071067811865903
0.5138,1.0,0.8090169943749125
0.51385,1.0,0.8910065241882865
0.5139,1.0,0.9510565162951314
0.51395,1.0,0.9876883405951077
0.514,1.0,1.0
0.51405,1.0,0.9876883405951696
0.5141,1.0,0.9510565162951835
0.51415,1.0,0.8910065241884662
0.5142,1.0,0.8090169943750116
0.51425,1.0,0.7071067811867096
0.5143,1.0,0.5877852522925715
0.51435,1.0,0.45399049973976197
0.5144,1.0,0.3090169943752912
0.51445,1.0,0.1564344650404817
0.5145,1.0,3.7387052471117513e-13
0.51455,1.0,-0.15643446503996775
0.5146,1.0,-0.30901699437458
0.51465,1.0,-0.4539904997395009
0.5147,1.0,-0.5877852522925184
0.51475,1.0,-0.7071067811865023
0.5148,1.0,-0.809016994374973
0.51485,1.0,-0.8910065241883331
0.5149,1.0,-0.9510565162950929
0.51495,1.0,-0.9876883405951238
0.515,1.0,-1.0
0.51505,1.0,-0.9876883405951535
0.5151,1.0,-0.9510565162952219
0.51515,1.0,-0.8910065241884195
0.5152,1.0,-0.8090169943750848
0.51525,1.0,-0.7071067811866367
0.5153,1.0,-0.5877852522926722
0.51535,1.0,-0.4539904997396703
0.5154,1.0,-0.3090169943751933
0.51545,1.0,-0.15643446504060463
0.5155,1.0,-2.7096429270587536e-13
0.51555,1.0,0.15643446503984482
0.5156,1.0,0.3090169943746779
0.51565,1.0,0.4539904997395926
0.5157,1.0,0.5877852522924177
0.51575,1.0,0.7071067811865751
0.5158,1.0,0.8090169943748998
0.51585,1.0,0.8910065241883799
0.5159,1.0,0.9510565162951247
0.51595,1.0,0.9876883405951044
0.516,1.0,1.0
0.51605,1.0,0.9876883405951731
0.5161,1.0,0.9510565162951902
0.51615,1.0,0.891006524188476
0.5162,1.0,0.8090169943750243
0.51625,1.0,0.7071067811867248
0.5163,1.0,0.5877852522925889
0.51635,1.0,0.4539904997397812
0.5164,1.0,0.30901699437509544
0.51645,1.0,0.15643446504050298
0.5165,1.0,3.954317361438076e-13
0.51655,1.0,-0.15643446503994646
0.5166,1.0,-0.3090169943745595
0.51665,1.0,-0.4539904997394817
0.5167,1.0,-0.587785252292501
0.51675,1.0,-0.7071067811864871
0.5168,1.0,-0.8090169943749603
0.51685,1.0,-0.8910065241883234
0.5169,1.0,-0.9510565162951565
0.51695,1.0,-0.9876883405951205
0.517,1.0,-1.0
0.51705,1.0,-0.987688340595157
0.5171,1.0,-0.9510565162952286
0.51715,1.0,-0.8910065241884293
0.5172,1.0,-0.8090169943750974
0.51725,1.0,-0.7071067811866519
0.5173,1.0,-0.5877852522926896
0.51735,1.0,-0.4539904997396895
0.5174,1.0,-0.3090169943752138
0.51745,1.0,-0.15643446504040137
0.5175,1.0,-2.9252550413850784e-13
0.51755,1.0,0.1564344650398235
0.5176,1.0,0.3090169943746574
0.51765,1.0,0.4539904997395734
0.5177,1.0,0.5877852522924003
0.51775,1.0,0.7071067811865599
0.5178,1.0,0.8090169943748872
0.51785,1.0,0.8910065241883701
0.5179,1.0,0.951056516295118
0.51795,1.0,0.9876883405951365
0.518,1.0,1.0
0.51805,1.0,0.9876883405951409
0.5181,1.0,0.9510565162951968
0.51815,1.0,0.8910065241884858
0.5182,1.0,0.8090169943750369
0.51825,1.0,0.70710678118674
0.5183,1.0,0.5877852522926064
0.51835,1.0,0.4539904997398004
0.5184,1.0,0.3090169943751159
0.51845,1.0,0.1564344650405243
0.5185,1.0,1.8961927213320805e-13
0.51855,1.0,-0.15643446503992514
0.5186,1.0,-0.309016994374539
0.51865,1.0,-0.4539904997394625
0.5187,1.0,-0.5877852522924836
0.51875,1.0,-0.7071067811864719
0.5188,1.0,-0.8090169943749477
0.51885,1.0,-0.8910065241883136
0.5189,1.0,-0.9510565162951499
0.51895,1.0,-0.9876883405951171
0.519,1.0,-1.0
0.51905,1.0,-0.9876883405951603
0.5191,1.0,-0.951056516295165
0.51915,1.0,-0.8910065241884391
0.5192,1.0,-0.8090169943751101
0.51925,1.0,-0.7071067811866673
0.5193,1.0,-0.5877852522927071
0.51935,1.0,-0.45399049973970873
0.5194,1.0,-0.3090169943752343
0.51945,1.0,-0.15643446504042266
0.5195,1.0,-3.140867155711403e-13
0.51955,1.0,0.15643446504002678
0.5196,1.0,0.30901699437463687
0.51965,1.0,0.453990499739149
0.5197,1.0,0.5877852522923829
0.51975,1.0,0.7071067811865446
0.5198,1.0,0.8090169943748745
0.51985,1.0,0.8910065241883603
0.5199,1.0,0.9510565162951113
0.51995,1.0,0.9876883405951332
0.52,1.0,1.0
0.52005,1.0,0.9876883405951442
0.5201,1.0,0.9510565162952035
0.52015,1.0,0.8910065241883923
0.5202,1.0,0.8090169943750496
0.52025,1.0,0.7071067811867552
0.5203,1.0,0.5877852522926238
0.52035,1.0,0.45399049973981964
0.5204,1.0,0.3090169943751364
0.52045,1.0,0.1564344650405456
0.5205,1.0,2.1118048356584052e-13
0.52055,1.0,-0.15643446503990385
0.5206,1.0,-0.30901699437473473
0.52065,1.0,-0.4539904997392407
0.5207,1.0,-0.5877852522924661
0.52075,1.0,-0.7071067811864566
0.5208,1.0,-0.809016994374935
0.52085,1.0,-0.8910065241883038
0.5209,1.0,-0.9510565162951432
0.52095,1.0,-0.9876883405951137
0.521,1.0,-1.0
0.52105,1.0,-0.9876883405951636
0.5211,1.0,-0.9510565162951716
0.52115,1.0,-0.8910065241884488
0.5212,1.0,-0.8090169943749891
0.52125,1.0,-0.7071067811866825
0.5213,1.0,-0.5877852522927245
0.52135,1.0,-0.45399049973972794
0.5214,1.0,-0.3090169943752548
0.52145,1.0,-0.15643446504044395
0.5215,1.0,-3.356479270037728e-13
0.52155,1.0,0.1564344650400055
0.5216,1.0,0.3090169943746164
0.52165,1.0,0.45399049973933236
0.5217,1.0,0.5877852522925493
0.52175,1.0,0.7071067811865294
0.5218,1.0,0.8090169943748619
0.52185,1.0,0.8910065241883506
0.5219,1.0,0.9510565162951047
0.52195,1.0,0.9876883405951298
0.522,1.0,1.0
0.52205,1.0,0.9876883405951475
0.5221,1.0,0.9510565162952102
0.52215,1.0,0.8910065241884021
0.5222,1.0,0.8090169943750622
0.52225,1.0,0.7071067811866097
0.5223,1.0,0.5877852522926412
0.52235,1.0,0.45399049973983885
0.5224,1.0,0.30901699437515695
0.52245,1.0,0.15643446504056688
0.5225,1.0,2.32741694998473e-13
0.52255,1.0,-0.15643446503988256
0.5226,1.0,-0.30901699437471425
0.52265,1.0,-0.4539904997392215
0.5227,1.0,-0.5877852522924486
0.52275,1.0,-0.7071067811866021
0.5228,1.0,-0.8090169943749224
0.52285,1.0,-0.8910065241882941
0.5229,1.0,-0.9510565162951365
0.52295,1.0,-0.9876883405951103
0.523,1.0,-1.0
0.52305,1.0,-0.9876883405951671
0.5231,1.0,-0.9510565162951783
0.52315,1.0,-0.8910065241884586
0.5232,1.0,-0.8090169943750017
0.52325,1.0,-0.7071067811866977
0.5233,1.0,-0.5877852522925581
0.52335,1.0,-0.45399049973974714
0.5234,1.0,-0.3090169943752753
0.52345,1.0,-0.15643446504046524
0.5235,1.0,-3.5720913843640527e-13
0.52355,1.0,0.1564344650399842
0.5236,1.0,0.30901699437459584
0.52365,1.0,0.45399049973931316
0.5237,1.0,0.5877852522925319
0.52375,1.0,0.7071067811865142
0.5238,1.0,0.8090169943749828
0.52385,1.0,0.8910065241883408
0.5239,1.0,0.951056516295098
0.52395,1.0,0.9876883405951264
0.524,1.0,1.0
0.52405,1.0,0.987688340595151
0.5241,1.0,0.9510565162952168
0.52415,1.0,0.891006524188412
0.5242,1.0,0.8090169943750749
0.52425,1.0,0.707106781186625
0.5243,1.0,0.5877852522926588
0.52435,1.0,0.45399049973965544
0.5244,1.0,0.30901699437517743
0.52445,1.0,0.1564344650405882
0.5245,1.0,2.543029064311055e-13
0.52455,1.0,-0.15643446503986128
0.5246,1.0,-0.3090169943746937
0.52465,1.0,-0.45399049973920225
0.5247,1.0,-0.5877852522924312
0.52475,1.0,-0.7071067811865869
0.5248,1.0,-0.8090169943749097
0.52485,1.0,-0.8910065241883874
0.5249,1.0,-0.9510565162951299
0.52495,1.0,-0.9876883405951425
0.525,1.0,-1.0
0.52505,1.0,-0.9876883405951704
0.5251,1.0,-0.951056516295185
0.52515,1.0,-0.8910065241884685
0.5252,1.0,-0.8090169943750145
0.52525,1.0,-0.707106781186713
0.5253,1.0,-0.5877852522925755
0.52535,1.0,-0.45399049973976635
0.5254,1.0,-0.30901699437507957
0.52545,1.0,-0.15643446504048655
0.5255,1.0,-3.7877034986903774e-13
0.52555,1.0,0.1564344650399629
0.5256,1.0,0.30901699437457536
0.52565,1.0,0.45399049973929395
0.5257,1.0,0.5877852522921465
0.52575,1.0,0.7071067811864988
0.5258,1.0,0.8090169943749701
0.52585,1.0,0.8910065241883309
0.5259,1.0,0.9510565162951616
0.52595,1.0,0.9876883405951231
0.526,1.0,1.0
0.52605,1.0,0.9876883405951543
0.5261,1.0,0.9510565162952235
0.52615,1.0,0.8910065241884217
0.5262,1.0,0.8090169943750877
0.52625,1.0,0.7071067811866402
0.5263,1.0,0.5877852522926762
0.52635,1.0,0.45399049973967465
0.5264,1.0,0.309016994375198
0.52645,1.0,0.1564344650403849
0.5265,1.0,2.7586411786373797e-13
0.52655,1.0,-0.15643446503983996
0.5266,1.0,-0.3090169943746732
0.52665,1.0,-0.45399049973918304
0.5267,1.0,-0.5877852522922298
0.52675,1.0,-0.7071067811865716
0.5268,1.0,-0.8090169943748969
0.52685,1.0,-0.8910065241883777
0.5269,1.0,-0.9510565162951232
0.52695,1.0,-0.9876883405951392
0.527,1.0,-1.0
0.52705,1.0,-0.9876883405951382
0.5271,1.0,-0.9510565162951916
0.52715,1.0,-0.8910065241884783
0.5272,1.0,-0.8090169943750272
0.52725,1.0,-0.7071067811867282
0.5273,1.0,-0.5877852522925929
0.52735,1.0,-0.45399049973978556
0.5274,1.0,-0.3090169943751001
0.52745,1.0,-0.15643446504050784
0.5275,1.0,-1.7295788585843816e-13
0.52755,1.0,0.1564344650399416
0.5276,1.0,0.3090169943745549
0.52765,1.0,0.45399049973927474
0.5277,1.0,0.5877852522921291
0.52775,1.0,0.7071067811864836
0.5278,1.0,0.8090169943749574
0.52785,1.0,0.8910065241883212
0.5279,1.0,0.951056516295155
0.52795,1.0,0.9876883405951197
0.528,1.0,1.0
0.52805,1.0,0.9876883405951578
0.5281,1.0,0.9510565162951599
0.52815,1.0,0.8910065241884315
0.5282,1.0,0.8090169943751003
0.52825,1.0,0.7071067811866554
0.5283,1.0,0.5877852522926936
0.52835,1.0,0.45399049973969385
0.5284,1.0,0.30901699437521846
0.52845,1.0,0.1564344650404062
0.5285,1.0,2.9742532929637045e-13
0.52855,1.0,-0.15643446504004324
0.5286,1.0,-0.30901699437465274
0.52865,1.0,-0.45399049973916383
0.5287,1.0,-0.5877852522922123
0.52875,1.0,-0.7071067811865563
0.5288,1.0,-0.8090169943748843
0.52885,1.0,-0.8910065241883679
0.5289,1.0,-0.9510565162951166
0.52895,1.0,-0.9876883405951358
0.529,1.0,-1.0
0.52905,1.0,-0.9876883405951417
0.5291,1.0,-0.9510565162951983
0.52915,1.0,-0.8910065241883848
0.5292,1.0,-0.8090169943750398
0.52925,1.0,-0.7071067811867434
0.5293,1.0,-0.5877852522926104
0.52935,1.0,-0.45399049973980476
0.5294,1.0,-0.3090169943751206
0.52945,1.0,-0.15643446504052913
0.5295,1.0,-1.9451909729107063e-13
0.52955,1.0,0.1564344650399203
0.5296,1.0,0.3090169943747506
0.52965,1.0,0.45399049973925554
0.5297,1.0,0.5877852522922956
0.52975,1.0,0.7071067811864684
0.5298,1.0,0.8090169943749448
0.52985,1.0,0.8910065241883114
0.5299,1.0,0.9510565162951483
0.52995,1.0,0.9876883405951163
0.53,1.0,1.0
0.53005,1.0,0.9876883405951611
0.5301,1.0,0.9510565162951665
0.53015,1.0,0.8910065241884413
0.5302,1.0,0.8090169943749793
0.53025,1.0,0.7071067811866707
0.5303,1.0,0.5877852522927111
0.53035,1.0,0.45399049973971306
0.5304,1.0,0.30901699437523894
0.53045,1.0,0.1564344650404275
0.5305,1.0,3.1898654072900293e-13
0.53055,1.0,-0.15643446504002195
0.5306,1.0,-0.3090169943746322
0.53065,1.0,-0.45399049973934724
0.5307,1.0,-0.5877852522921949
0.53075,1.0,-0.7071067811865411
0.5308,1.0,-0.8090169943750053
0.53085,1.0,-0.8910065241883581
0.5309,1.0,-0.9510565162951099
0.53095,1.0,-0.9876883405951324
0.531,1.0,-1.0
0.53105,1.0,-0.987688340595145
0.5311,1.0,-0.9510565162952049
0.53115,1.0,-0.8910065241883945
0.5312,1.0,-0.8090169943750525
0.53125,1.0,-0.707106781186598
0.5313,1.0,-0.5877852522926278
0.53135,1.0,-0.45399049973982397
0.5314,1.0,-0.3090169943751411
0.53145,1.0,-0.15643446504055042
0.5315,1.0,-2.160803087237031e-13
0.53155,1.0,0.15643446503989902
0.5316,1.0,0.30901699437473007
0.53165,1.0,0.45399049973923633
0.5317,1.0,0.5877852522922782
0.53175,1.0,0.7071067811862923
0.5318,1.0,0.8090169943749321
0.53185,1.0,0.8910065241884049
0.5319,1.0,0.9510565162951417
0.53195,1.0,0.9876883405951129
0.532,1.0,1.0
0.53205,1.0,0.9876883405951644
0.5321,1.0,0.9510565162951732
0.53215,1.0,0.891006524188451
0.5322,1.0,0.809016994374992
0.53225,1.0,0.7071067811866859
0.5323,1.0,0.5877852522925445
0.53235,1.0,0.45399049973973227
0.5324,1.0,0.3090169943752595
0.53245,1.0,0.15643446504044878
0.5325,1.0,3.405477521616354e-13
0.53255,1.0,-0.15643446504000066
0.5326,1.0,-0.3090169943746117
0.53265,1.0,-0.45399049973932804
0.5327,1.0,-0.5877852522921775
0.53275,1.0,-0.7071067811863652
0.5328,1.0,-0.8090169943749926
0.53285,1.0,-0.8910065241883484
0.5329,1.0,-0.9510565162951735
0.53295,1.0,-0.987688340595129
0.533,1.0,-1.0
0.53305,1.0,-0.9876883405951483
0.5331,1.0,-0.9510565162952116
0.53315,1.0,-0.8910065241884043
0.5332,1.0,-0.8090169943750651
0.53325,1.0,-0.7071067811866132
0.5333,1.0,-0.5877852522926452
0.53335,1.0,-0.4539904997396406
0.5334,1.0,-0.3090169943751616
0.53345,1.0,-0.15643446504057174
0.5335,1.0,-2.376415201563356e-13
0.53355,1.0,0.1564344650398777
0.5336,1.0,0.3090169943747096
0.53365,1.0,0.4539904997392171
0.5337,1.0,0.5877852522922608
0.53375,1.0,0.7071067811862771
0.5338,1.0,0.8090169943749195
0.53385,1.0,0.891006524188395
0.5339,1.0,0.951056516295135
0.53395,1.0,0.9876883405951451
0.534,1.0,1.0
0.53405,1.0,0.9876883405951679
0.5341,1.0,0.9510565162951798
0.53415,1.0,0.8910065241884608
0.5342,1.0,0.8090169943750046
0.53425,1.0,0.7071067811867012
0.5343,1.0,0.587785252292562
0.53435,1.0,0.4539904997397515
0.5344,1.0,0.30901699437506375
0.53445,1.0,0.1564344650404701
0.5345,1.0,3.621089635942679e-13
0.53455,1.0,-0.15643446503997935
0.5346,1.0,-0.3090169943745912
0.53465,1.0,-0.45399049973930883
0.5347,1.0,-0.58778525229216
0.53475,1.0,-0.7071067811863498
0.5348,1.0,-0.8090169943749799
0.53485,1.0,-0.8910065241883385
0.5349,1.0,-0.9510565162951669
0.53495,1.0,-0.9876883405951257
0.535,1.0,-1.0
0.53505,1.0,-0.9876883405951518
0.5351,1.0,-0.9510565162952183
0.53515,1.0,-0.8910065241884142
0.5352,1.0,-0.8090169943750778
0.53525,1.0,-0.7071067811866284
0.5353,1.0,-0.5877852522926627
0.53535,1.0,-0.4539904997396598
0.5354,1.0,-0.3090169943751821
0.53545,1.0,-0.15643446504036845
0.5355,1.0,-2.5920273158896806e-13
0.53555,1.0,0.156434465040081
0.5356,1.0,0.30901699437468905
0.53565,1.0,0.4539904997391979
0.5357,1.0,0.5877852522922433
0.53575,1.0,0.7071067811862619
0.5358,1.0,0.8090169943749068
0.53585,1.0,0.8910065241883852
0.5359,1.0,0.9510565162951283
0.53595,1.0,0.9876883405951418
0.536,1.0,1.0
0.53605,1.0,0.9876883405951357
0.5361,1.0,0.9510565162951865
0.53615,1.0,0.8910065241884707
0.5362,1.0,0.8090169943750173
0.53625,1.0,0.7071067811867164
0.5363,1.0,0.5877852522925794
0.53635,1.0,0.45399049973977074
0.5364,1.0,0.30901699437508423
0.53645,1.0,0.15643446504049138
0.5365,1.0,1.5629649958366827e-13
0.53655,1.0,-0.15643446503995806
0.5366,1.0,-0.3090169943747869
0.53665,1.0,-0.4539904997392896
0.5367,1.0,-0.5877852522921426
0.53675,1.0,-0.7071067811863346
0.5368,1.0,-0.8090169943749672
0.53685,1.0,-0.8910065241883287
0.5369,1.0,-0.9510565162951602
0.53695,1.0,-0.9876883405951223
0.537,1.0,-1.0
0.53705,1.0,-0.9876883405951551
0.5371,1.0,-0.9510565162951546
0.53715,1.0,-0.891006524188424
0.5372,1.0,-0.8090169943750906
0.53725,1.0,-0.7071067811866437
0.5373,1.0,-0.5877852522926801
0.53735,1.0,-0.45399049973967903
0.5374,1.0,-0.30901699437520264
0.53745,1.0,-0.15643446504038974
0.5375,1.0,-2.8076394302160054e-13
0.53755,1.0,0.1564344650400597
0.5376,1.0,0.30901699437466856
0.53765,1.0,0.45399049973938127
0.5377,1.0,0.5877852522922259
0.53775,1.0,0.7071067811862466
0.5378,1.0,0.8090169943747605
0.53785,1.0,0.8910065241883754
0.5379,1.0,0.9510565162951217
0.53795,1.0,0.9876883405951384
0.538,1.0,1.0
0.53805,1.0,0.987688340595139
0.5381,1.0,0.9510565162951932
0.53815,1.0,0.8910065241883772
0.5382,1.0,0.80901699437503
0.53825,1.0,0.7071067811867316
0.5383,1.0,0.5877852522925968
0.53835,1.0,0.45399049973978994
0.5384,1.0,0.3090169943751047
0.53845,1.0,0.15643446504051267
0.5385,1.0,1.7785771101630074e-13
0.53855,1.0,-0.15643446503993677
0.5386,1.0,-0.30901699437476643
0.53865,1.0,-0.4539904997392704
0.5387,1.0,-0.587785252292309
0.53875,1.0,-0.7071067811863194
0.5388,1.0,-0.8090169943746873
0.53885,1.0,-0.8910065241883189
0.5389,1.0,-0.9510565162951535
0.53895,1.0,-0.9876883405951189
0.539,1.0,-1.0
0.53905,1.0,-0.9876883405951584
0.5391,1.0,-0.9510565162951613
0.53915,1.0,-0.8910065241884337
0.5392,1.0,-0.8090169943749695
0.53925,1.0,-0.7071067811866589
0.5393,1.0,-0.5877852522926976
0.53935,1.0,-0.45399049973969824
0.5394,1.0,-0.3090169943752231
0.53945,1.0,-0.15643446504041103
0.5395,1.0,-3.02325154454233e-13
0.53955,1.0,0.1564344650400384
0.5396,1.0,0.3090169943746481
0.53965,1.0,0.45399049973936206
0.5397,1.0,0.5877852522922085
0.53975,1.0,0.7071067811863921
0.5398,1.0,0.8090169943747477
0.53985,1.0,0.8910065241883657
0.5399,1.0,0.951056516295115
0.53995,1.0,0.987688340595135
0.54,1.0,1.0
0.54005,1.0,0.9876883405951423
0.5401,1.0,0.9510565162951998
0.54015,1.0,0.891006524188387
0.5402,1.0,0.8090169943750427
0.54025,1.0,0.7071067811865861
0.5403,1.0,0.5877852522926144
0.54035,1.0,0.45399049973980915
0.5404,1.0,0.30901699437512525
0.54045,1.0,0.15643446504053396
0.5405,1.0,1.9941892244893322e-13
0.54055,1.0,-0.15643446503991548
0.5406,1.0,-0.30901699437474595
0.54065,1.0,-0.45399049973925115
0.5407,1.0,-0.5877852522922916
0.54075,1.0,-0.7071067811863041
0.5408,1.0,-0.8090169943748082
0.54085,1.0,-0.8910065241884124
0.5409,1.0,-0.9510565162951469
0.54095,1.0,-0.9876883405951156
0.541,1.0,-1.0
0.54105,1.0,-0.9876883405951619
0.5411,1.0,-0.951056516295168
0.54115,1.0,-0.8910065241884435
0.5412,1.0,-0.8090169943749822
0.54125,1.0,-0.7071067811866741
0.5413,1.0,-0.5877852522925311
0.54135,1.0,-0.45399049973971745
0.5414,1.0,-0.3090169943752436
0.54145,1.0,-0.15643446504043235
0.5415,1.0,-3.238863658868655e-13
0.54155,1.0,0.15643446504001712
0.5416,1.0,0.30901699437462754
0.54165,1.0,0.45399049973934286
0.5417,1.0,0.5877852522921909
0.54175,1.0,0.7071067811863769
0.5418,1.0,0.8090169943747351
0.54185,1.0,0.8910065241883559
0.5419,1.0,0.9510565162951786
0.54195,1.0,0.9876883405951317
0.542,1.0,1.0
0.54205,1.0,0.9876883405951458
0.5421,1.0,0.9510565162952065
0.54215,1.0,0.8910065241883968
0.5422,1.0,0.8090169943750554
0.54225,1.0,0.7071067811866014
0.5423,1.0,0.5877852522926318
0.54235,1.0,0.45399049973962574
0.5424,1.0,0.30901699437514574
0.54245,1.0,0.1564344650403307
0.5425,1.0,2.209801338815657e-13
0.54255,1.0,-0.15643446503989417
0.5426,1.0,-0.3090169943747254
0.54265,1.0,-0.45399049973923195
0.5427,1.0,-0.5877852522922742
0.54275,1.0,-0.7071067811862889
0.5428,1.0,-0.8090169943747956
0.54285,1.0,-0.8910065241884026
0.5429,1.0,-0.9510565162951402
0.54295,1.0,-0.9876883405951478
0.543,1.0,-1.0
0.54305,1.0,-0.9876883405951652
0.5431,1.0,-0.9510565162951746
0.54315,1.0,-0.8910065241884533
0.5432,1.0,-0.8090169943749949
0.54325,1.0,-0.7071067811866895
0.5433,1.0,-0.5877852522925485
0.54335,1.0,-0.45399049973973665
0.5434,1.0,-0.30901699437504787
0.54345,1.0,-0.15643446504045364
0.5435,1.0,-1.180739018762659e-13
0.54355,1.0,0.1564344650399958
0.5436,1.0,0.30901699437460706
0.54365,1.0,0.45399049973932365
0.5437,1.0,0.5877852522921735
0.54375,1.0,0.7071067811863616
0.5438,1.0,0.8090169943747224
0.54385,1.0,0.8910065241882429
0.5439,1.0,0.951056516295172
0.54395,1.0,0.9876883405951283
0.544,1.0,1.0
0.54405,1.0,0.9876883405951491
0.5441,1.0,0.9510565162952132
0.54415,1.0,0.8910065241884065
0.5442,1.0,0.809016994375068
0.54425,1.0,0.7071067811866166
0.5443,1.0,0.5877852522926492
0.54435,1.0,0.45399049973964495
0.5444,1.0,0.3090169943751663
0.54445,1.0,0.156434465040352
0.5445,1.0,2.425413453141982e-13
0.54455,1.0,-0.15643446504009745
0.5446,1.0,-0.3090169943747049
0.54465,1.0,-0.45399049973921274
0.5447,1.0,-0.5877852522922568
0.54475,1.0,-0.7071067811862737
0.5448,1.0,-0.8090169943747829
0.54485,1.0,-0.8910065241881864
0.5449,1.0,-0.9510565162951335
0.54495,1.0,-0.9876883405951444
0.545,1.0,-1.0
0.54505,1.0,-0.987688340595133
0.5451,1.0,-0.9510565162951813
0.54515,1.0,-0.891006524188463
0.5452,1.0,-0.8090169943750075
0.54525,1.0,-0.7071067811867047
0.5453,1.0,-0.587785252292566
0.54535,1.0,-0.45399049973975586
0.5454,1.0,-0.3090169943750684
0.54545,1.0,-0.15643446504047492
0.5455,1.0,-1.3963511330889838e-13
0.54555,1.0,0.15643446503997452
0.5456,1.0,0.3090169943748028
0.54565,1.0,0.45399049973930444
0.5457,1.0,0.5877852522921561
0.54575,1.0,0.7071067811863464
0.5458,1.0,0.8090169943747098
0.54585,1.0,0.8910065241882331
0.5459,1.0,0.9510565162951653
0.54595,1.0,0.9876883405951249
0.546,1.0,1.0
0.54605,1.0,0.9876883405951525
0.5461,1.0,0.9510565162951495
0.54615,1.0,0.8910065241884164
0.5462,1.0,0.8090169943750807
0.54625,1.0,0.7071067811866318
0.5463,1.0,0.5877852522926666
0.54635,1.0,0.45399049973966416
0.5464,1.0,0.30901699437518676
0.54645,1.0,0.15643446504037328
0.5465,1.0,2.6410255674683067e-13
0.54655,1.0,-0.15643446504007616
0.5466,1.0,-0.3090169943746844
0.54665,1.0,-0.45399049973939615
0.5467,1.0,-0.5877852522922393
0.54675,1.0,-0.7071067811862584
0.5468,1.0,-0.8090169943747703
0.54685,1.0,-0.8910065241881766
0.5469,1.0,-0.9510565162951269
0.54695,1.0,-0.987688340595141
0.547,1.0,-1.0
0.54705,1.0,-0.9876883405951364
0.5471,1.0,-0.951056516295188
0.54715,1.0,-0.8910065241883697
0.5472,1.0,-0.8090169943750203
0.54725,1.0,-0.7071067811867199
0.5473,1.0,-0.5877852522925834
0.54735,1.0,-0.45399049973977507
0.5474,1.0,-0.3090169943750889
0.54745,1.0,-0.1564344650404962
0.5475,1.0,-1.6119632474153086e-13
0.54755,1.0,0.15643446503995323
0.5476,1.0,0.3090169943747823
0.54765,1.0,0.45399049973928524
0.5477,1.0,0.5877852522923226
0.54775,1.0,0.7071067811863312
0.5478,1.0,0.8090169943746971
0.54785,1.0,0.8910065241882232
0.5479,1.0,0.9510565162951586
0.54795,1.0,0.9876883405951216
0.548,1.0,1.0
0.54805,1.0,0.9876883405951559
0.5481,1.0,0.9510565162951562
0.54815,1.0,0.8910065241884262
0.5482,1.0,0.8090169943749598
0.54825,1.0,0.7071067811866472
0.5483,1.0,0.5877852522925001
0.54835,1.0,0.45399049973968336
0.5484,1.0,0.30901699437520724
0.54845,1.0,0.15643446504039457
0.5485,1.0,2.8566376817946315e-13
0.54855,1.0,-0.15643446504005487
0.5486,1.0,-0.3090169943746639
0.54865,1.0,-0.45399049973937694
0.5487,1.0,-0.5877852522922219
0.54875,1.0,-0.7071067811864039
0.5488,1.0,-0.8090169943747576
0.54885,1.0,-0.8910065241881668
0.5489,1.0,-0.9510565162951202
0.54895,1.0,-0.9876883405951377
0.549,1.0,-1.0
0.54905,1.0,-0.9876883405951398
0.5491,1.0,-0.9510565162951946
0.54915,1.0,-0.8910065241883794
0.5492,1.0,-0.8090169943750329
0.54925,1.0,-0.7071067811865743
0.5493,1.0,-0.5877852522926008
0.54935,1.0,-0.4539904997395917
0.5494,1.0,-0.3090169943751094
0.54945,1.0,-0.15643446504051753
0.5495,1.0,-1.8275753617416333e-13
0.54955,1.0,0.1564344650399319
0.5496,1.0,0.30901699437476177
0.54965,1.0,0.45399049973926603
0.5497,1.0,0.5877852522923052
0.54975,1.0,0.7071067811863159
0.5498,1.0,0.8090169943748181
0.54985,1.0,0.8910065241882135
0.5499,1.0,0.951056516295152
0.54995,1.0,0.9876883405951181
0.55,1.0,1.0
0.55005,1.0,0.9876883405951592
0.5501,1.0,0.9510565162951629
0.55015,1.0,0.891006524188436
0.5502,1.0,0.8090169943749724
0.55025,1.0,0.7071067811866624
0.5503,1.0,0.5877852522925175
0.55035,1.0,0.4539904997397026
0.5504,1.0,0.3090169943750115
0.55045,1.0,0.1564344650404159
0.5505,1.0,3.0722497961209563e-13
0.55055,1.0,-0.15643446504003355
0.5506,1.0,-0.3090169943746434
0.55065,1.0,-0.45399049973935773
0.5507,1.0,-0.5877852522922045
0.55075,1.0,-0.7071067811863887
0.5508,1.0,-0.809016994374745
0.55085,1.0,-0.8910065241882602
0.5509,1.0,-0.9510565162950433
0.55095,1.0,-0.9876883405951342
0.551,1.0,-1.0
0.55105,1.0,-0.9876883405951431
0.5511,1.0,-0.9510565162952014
0.55115,1.0,-0.8910065241883892
0.5512,1.0,-0.8090169943750456
0.55125,1.0,-0.7071067811865897
0.5513,1.0,-0.5877852522926182
0.55135,1.0,-0.4539904997396109
0.5514,1.0,-0.3090169943751299
0.55145,1.0,-0.15643446504031425
0.5515,1.0,-2.043187476067958e-13
0.55155,1.0,0.15643446503991063
0.5516,1.0,0.3090169943747413
0.55165,1.0,0.4539904997392468
0.5517,1.0,0.5877852522922877
0.55175,1.0,0.7071067811863007
0.5518,1.0,0.8090169943748053
0.55185,1.0,0.8910065241882037
0.5519,1.0,0.951056516295075
0.55195,1.0,0.9876883405951503
0.552,1.0,1.0
0.55205,1.0,0.9876883405951626
0.5521,1.0,0.9510565162951695
0.55215,1.0,0.8910065241884457
0.5522,1.0,0.8090169943749851
0.55225,1.0,0.7071067811866776
0.5523,1.0,0.5877852522925351
0.55235,1.0,0.45399049973972183
0.5524,1.0,0.30901699437503205
0.55245,1.0,0.15643446504043718
0.5525,1.0,1.0141251560149602e-13
0.55255,1.0,-0.15643446504001227
0.5526,1.0,-0.3090169943746229
0.55265,1.0,-0.45399049973933847
0.5527,1.0,-0.587785252292187
0.55275,1.0,-0.7071067811863734
0.5528,1.0,-0.8090169943747322
0.55285,1.0,-0.8910065241882504
0.5529,1.0,-0.9510565162950366
0.55295,1.0,-0.9876883405951309
0.553,1.0,-1.0
0.55305,1.0,-0.9876883405951465
0.5531,1.0,-0.951056516295208
0.55315,1.0,-0.891006524188399
0.5532,1.0,-0.8090169943750583
0.55325,1.0,-0.7071067811866049
0.5533,1.0,-0.5877852522926357
0.55335,1.0,-0.4539904997396301
0.5534,1.0,-0.3090169943751504
0.55345,1.0,-0.15643446504033554
0.5535,1.0,-2.2587995903942828e-13
0.55355,1.0,0.1564344650401139
0.5536,1.0,0.30901699437472074
0.55365,1.0,0.4539904997392276
0.5537,1.0,0.5877852522922702
0.55375,1.0,0.7071067811862854
0.5538,1.0,0.8090169943747927
0.55385,1.0,0.8910065241881939
0.5539,1.0,0.9510565162950684
0.55395,1.0,0.987688340595147
0.554,1.0,1.0
0.55405,1.0,0.9876883405951304
0.5541,1.0,0.9510565162951762
0.55415,1.0,0.8910065241883524
0.5542,1.0,0.8090169943749977
0.55425,1.0,0.7071067811866929
0.5543,1.0,0.5877852522925525
0.55435,1.0,0.45399049973974104
0.5544,1.0,0.30901699437505253
0.55445,1.0,0.15643446504045846
0.5545,1.0,1.229737270341285e-13
0.55455,1.0,-0.15643446503999098
0.5546,1.0,-0.3090169943748186
0.55465,1.0,-0.45399049973931926
0.5547,1.0,-0.5877852522921696
0.55475,1.0,-0.7071067811863582
0.5548,1.0,-0.8090169943747195
0.55485,1.0,-0.8910065241882407
0.5549,1.0,-0.95105651629503
0.55495,1.0,-0.9876883405951276
0.555,1.0,-1.0
0.55505,1.0,-0.9876883405951499
0.5551,1.0,-0.9510565162951444
0.55515,1.0,-0.8910065241884088
0.5552,1.0,-0.8090169943749372
0.55525,1.0,-0.7071067811866201
0.5553,1.0,-0.5877852522926532
0.55535,1.0,-0.45399049973964933
0.5554,1.0,-0.30901699437517094
0.55545,1.0,-0.15643446504035682
0.5555,1.0,-2.4744117047206076e-13
0.55555,1.0,0.15643446504009262
0.5556,1.0,0.30901699437470026
0.55565,1.0,0.45399049973941097
0.5557,1.0,0.5877852522922528
0.55575,1.0,0.7071067811862701
0.5558,1.0,0.80901699437478
0.55585,1.0,0.8910065241881842
0.5559,1.0,0.9510565162950617
0.55595,1.0,0.9876883405951437
0.556,1.0,1.0
0.55605,1.0,0.9876883405951338
0.5561,1.0,0.9510565162951828
0.55615,1.0,0.8910065241883621
0.5562,1.0,0.8090169943750104
0.55625,1.0,0.7071067811865474
0.5563,1.0,0.58778525229257
0.55635,1.0,0.45399049973976024
0.5564,1.0,0.3090169943750731
0.55645,1.0,0.15643446504047975
0.5565,1.0,1.4453493846676097e-13
0.55655,1.0,-0.1564344650399697
0.5566,1.0,-0.3090169943747981
0.55665,1.0,-0.45399049973930006
0.5567,1.0,-0.587785252292336
0.55675,1.0,-0.707106781186343
0.5568,1.0,-0.8090169943747069
0.55685,1.0,-0.8910065241882309
0.5569,1.0,-0.9510565162950233
0.55695,1.0,-0.9876883405950886
0.557,1.0,-1.0
0.55705,1.0,-0.9876883405951533
0.5571,1.0,-0.9510565162951511
0.55715,1.0,-0.8910065241884186
0.5572,1.0,-0.8090169943749499
0.55725,1.0,-0.7071067811866354
0.5573,1.0,-0.5877852522924867
0.55735,1.0,-0.45399049973966854
0.5574,1.0,-0.3090169943751914
0.55745,1.0,-0.1564344650403781
0.5575,1.0,-2.6900238190469324e-13
0.55755,1.0,0.15643446504007133
0.5576,1.0,0.3090169943746798
0.55765,1.0,0.45399049973939176
0.5577,1.0,0.5877852522922353
0.55775,1.0,0.7071067811864157
0.5578,1.0,0.8090169943747674
0.55785,1.0,0.8910065241881744
0.5579,1.0,0.951056516295055
0.55795,1.0,0.987688340595069
0.558,1.0,1.0
0.55805,1.0,0.9876883405951372
0.5581,1.0,0.9510565162951895
0.55815,1.0,0.8910065241883719
0.5582,1.0,0.8090169943750231
0.55825,1.0,0.7071067811865626
0.5583,1.0,0.5877852522925874
0.55835,1.0,0.45399049973957684
0.5584,1.0,0.30901699437509356
0.55845,1.0,0.15643446504050107
0.5585,1.0,1.6609614989939344e-13
0.55855,1.0,-0.15643446503994837
0.5586,1.0,-0.30901699437477764
0.55865,1.0,-0.45399049973928085
0.5587,1.0,-0.5877852522923186
0.55875,1.0,-0.7071067811863276
0.5588,1.0,-0.8090169943748279
0.55885,1.0,-0.891006524188221
0.5589,1.0,-0.9510565162950869
0.55895,1.0,-0.9876883405950851
0.559,1.0,-1.0
0.55905,1.0,-0.9876883405951566
0.5591,1.0,-0.9510565162951578
0.55915,1.0,-0.8910065241884284
0.5592,1.0,-0.8090169943749627
0.55925,1.0,-0.7071067811866506
0.5593,1.0,-0.5877852522925041
0.55935,1.0,-0.45399049973968775
0.5594,1.0,-0.3090169943749957
0.55945,1.0,-0.15643446504039943
0.5595,1.0,-2.905635933373257e-13
0.55955,1.0,0.15643446504005
0.5596,1.0,0.30901699437465924
0.55965,1.0,0.45399049973937255
0.5597,1.0,0.5877852522922179
0.55975,1.0,0.7071067811864005
0.5598,1.0,0.8090169943747547
0.55985,1.0,0.8910065241882678
0.5599,1.0,0.9510565162950484
0.55995,1.0,0.9876883405951012
0.56,1.0,1.0
0.56005,1.0,0.9876883405951405
0.5601,1.0,0.9510565162951962
0.56015,1.0,0.8910065241883817
0.5602,1.0,0.8090169943750358
0.56025,1.0,0.7071067811865779
0.5603,1.0,0.5877852522926048
0.56035,1.0,0.45399049973959604
0.5604,1.0,0.30901699437511404
0.56045,1.0,0.1564344650402978
0.5605,1.0,1.8765736133202592e-13
0.56055,1.0,-0.15643446503992708
0.5606,1.0,-0.3090169943747571
0.56065,1.0,-0.45399049973926164
0.5607,1.0,-0.5877852522923012
0.56075,1.0,-0.7071067811863124
0.5608,1.0,-0.8090169943748151
0.56085,1.0,-0.8910065241882112
0.5609,1.0,-0.9510565162950801
0.56095,1.0,-0.9876883405950818
0.561,1.0,-1.0
0.56105,1.0,-0.9876883405951244
0.5611,1.0,-0.9510565162951644
0.56115,1.0,-0.8910065241884382
0.5612,1.0,-0.8090169943749753
0.56125,1.0,-0.7071067811866658
0.5613,1.0,-0.5877852522925215
0.56135,1.0,-0.45399049973970695
0.5614,1.0,-0.3090169943750162
0.56145,1.0,-0.15643446504042072
0.5615,1.0,-8.475112932672614e-14
0.56155,1.0,0.15643446504002873
0.5616,1.0,0.30901699437463875
0.56165,1.0,0.45399049973935335
0.5617,1.0,0.5877852522922005
0.56175,1.0,0.7071067811863851
0.5618,1.0,0.8090169943747421
0.56185,1.0,0.891006524188258
0.5619,1.0,0.9510565162950417
0.56195,1.0,0.9876883405950979
0.562,1.0,1.0
0.56205,1.0,0.9876883405951439
0.5621,1.0,0.9510565162951325
0.56215,1.0,0.8910065241883914
0.5622,1.0,0.8090169943750485
0.56225,1.0,0.7071067811865931
0.5623,1.0,0.5877852522926222
0.56235,1.0,0.45399049973961525
0.5624,1.0,0.3090169943751346
0.56245,1.0,0.15643446504031908
0.5625,1.0,2.092185727646584e-13
0.56255,1.0,-0.15643446504013037
0.5626,1.0,-0.3090169943747366
0.56265,1.0,-0.45399049973924244
0.5627,1.0,-0.5877852522922837
0.56275,1.0,-0.7071067811862972
0.5628,1.0,-0.8090169943748025
0.56285,1.0,-0.8910065241882015
0.5629,1.0,-0.9510565162950735
0.56295,1.0,-0.9876883405950785
0.563,1.0,-1.0
0.56305,1.0,-0.9876883405951278
0.5631,1.0,-0.9510565162951711
0.56315,1.0,-0.8910065241883447
0.5632,1.0,-0.809016994374988
0.56325,1.0,-0.7071067811866811
0.5633,1.0,-0.587785252292539
0.56335,1.0,-0.45399049973972616
0.5634,1.0,-0.3090169943750367
0.56345,1.0,-0.156434465040442
0.5635,1.0,-1.0631234075935862e-13
0.56355,1.0,0.15643446504000744
0.5636,1.0,0.3090169943748345
0.56365,1.0,0.45399049973933414
0.5637,1.0,0.587785252292183
0.56375,1.0,0.7071067811863699
0.5638,1.0,0.8090169943747293
0.56385,1.0,0.8910065241882482
0.5639,1.0,0.9510565162950351
0.56395,1.0,0.9876883405950946
0.564,1.0,1.0
0.56405,1.0,0.9876883405951473
0.5641,1.0,0.9510565162951392
0.56415,1.0,0.8910065241884012
0.5642,1.0,0.8090169943749275
0.56425,1.0,0.7071067811866083
0.5643,1.0,0.5877852522926397
0.56435,1.0,0.4539904997396345
0.5644,1.0,0.30901699437515506
0.56445,1.0,0.15643446504034036
0.5645,1.0,2.307797841972909e-13
0.56455,1.0,-0.15643446504010908
0.5646,1.0,-0.3090169943747161
0.56465,1.0,-0.45399049973942585
0.5647,1.0,-0.5877852522922663
0.56475,1.0,-0.7071067811862819
0.5648,1.0,-0.8090169943747898
0.56485,1.0,-0.8910065241881917
0.5649,1.0,-0.9510565162950668
0.56495,1.0,-0.987688340595075
0.565,1.0,-1.0
0.56505,1.0,-0.9876883405951312
0.5651,1.0,-0.9510565162951777
0.56515,1.0,-0.8910065241883546
0.5652,1.0,-0.8090169943750006
0.56525,1.0,-0.7071067811865356
0.5653,1.0,-0.5877852522925564
0.56535,1.0,-0.45399049973974537
0.5654,1.0,-0.3090169943750572
0.56545,1.0,-0.15643446504046332
0.5655,1.0,-1.2787355219199108e-13
0.56555,1.0,0.15643446503998615
0.5656,1.0,0.30901699437481395
0.56565,1.0,0.45399049973931493
0.5657,1.0,0.5877852522923496
0.56575,1.0,0.7071067811863547
0.5658,1.0,0.8090169943748503
0.56585,1.0,0.8910065241882384
0.5659,1.0,0.9510565162950284
0.56595,1.0,0.9876883405950911
0.566,1.0,1.0
0.56605,1.0,0.9876883405951506
0.5661,1.0,0.9510565162951459
0.56615,1.0,0.8910065241884111
0.5662,1.0,0.8090169943749401
0.56625,1.0,0.7071067811866236
0.5663,1.0,0.5877852522924731
0.56635,1.0,0.4539904997396537
0.5664,1.0,0.3090169943751756
0.56645,1.0,0.15643446504036168
0.5665,1.0,2.5234099562992337e-13
0.56655,1.0,-0.1564344650400878
0.5666,1.0,-0.3090169943746956
0.56665,1.0,-0.45399049973940664
0.5667,1.0,-0.5877852522922489
0.56675,1.0,-0.7071067811864274
0.5668,1.0,-0.8090169943747771
0.56685,1.0,-0.8910065241882852
0.5669,1.0,-0.9510565162950602
0.56695,1.0,-0.9876883405950717
0.567,1.0,-1.0
0.56705,1.0,-0.9876883405951346
0.5671,1.0,-0.9510565162951844
0.56715,1.0,-0.8910065241883643
0.5672,1.0,-0.8090169943750133
0.56725,1.0,-0.7071067811865508
0.5673,1.0,-0.5877852522925738
0.56735,1.0,-0.453990499739562
0.5674,1.0,-0.3090169943750777
0.56745,1.0,-0.1564344650404846
0.5675,1.0,-1.4943476362462356e-13
0.56755,1.0,0.15643446503996483
0.5676,1.0,0.30901699437479346
0.56765,1.0,0.4539904997392957
0.5677,1.0,0.5877852522923321
0.56775,1.0,0.7071067811863395
0.5678,1.0,0.8090169943748377
0.56785,1.0,0.8910065241882287
0.5679,1.0,0.951056516295092
0.56795,1.0,0.9876883405950878
0.568,1.0,1.0
0.56805,1.0,0.987688340595154
0.5681,1.0,0.9510565162951525
0.56815,1.0,0.8910065241884209
0.5682,1.0,0.8090169943749528
0.56825,1.0,0.7071067811866388
0.5683,1.0,0.5877852522924907
0.56835,1.0,0.4539904997396729
0.5684,1.0,0.3090169943749798
0.56845,1.0,0.15643446504038297
0.5685,1.0,2.7390220706255585e-13
0.56855,1.0,-0.15643446504006647
0.5686,1.0,-0.3090169943746751
0.56865,1.0,-0.4539904997393874
0.5687,1.0,-0.5877852522922314
0.56875,1.0,-0.7071067811864122
0.5688,1.0,-0.8090169943747645
0.56885,1.0,-0.8910065241882753
0.5689,1.0,-0.9510565162950535
0.56895,1.0,-0.9876883405951039
0.569,1.0,-1.0
0.56905,1.0,-0.987688340595209
0.5691,1.0,-0.9510565162951911
0.56915,1.0,-0.8910065241883741
0.5692,1.0,-0.8090169943750259
0.56925,1.0,-0.707106781186566
0.5693,1.0,-0.5877852522925914
0.56935,1.0,-0.4539904997395812
0.5694,1.0,-0.3090169943750982
0.56945,1.0,-0.15643446504028133
0.5695,1.0,-1.7099597505725603e-13
0.56955,1.0,0.15643446503994354
0.5696,1.0,0.309016994374773
0.56965,1.0,0.4539904997392765
0.5697,1.0,0.5877852522923146
0.56975,1.0,0.7071067811863242
0.5698,1.0,0.809016994374825
0.56985,1.0,0.8910065241882188
0.5699,1.0,0.9510565162950854
0.56995,1.0,0.9876883405950845
0.57,1.0,1.0
0.57005,1.0,0.987688340595193
0.5701,1.0,0.9510565162951592
0.57015,1.0,0.8910065241884306
0.5702,1.0,0.8090169943749655
0.57025,1.0,0.707106781186654
0.5703,1.0,0.5877852522925081
0.57035,1.0,0.45399049973969213
0.5704,1.0,0.30901699437500035
0.57045,1.0,0.15643446504040426
0.5705,1.0,6.808974305195625e-14
0.57055,1.0,-0.15643446504004518
0.5706,1.0,-0.3090169943746546
0.57065,1.0,-0.45399049973936817
0.5707,1.0,-0.5877852522922139
0.57075,1.0,-0.707106781186397
0.5708,1.0,-0.8090169943747518
0.57085,1.0,-0.8910065241882655
0.5709,1.0,-0.9510565162950468
0.57095,1.0,-0.9876883405951006
0.571,1.0,-1.0
0.57105,1.0,-0.9876883405951769
0.5711,1.0,-0.9510565162951274
0.57115,1.0,-0.8910065241883839
0.5712,1.0,-0.8090169943750386
0.57125,1.0,-0.7071067811865813
0.5713,1.0,-0.5877852522926088
0.57135,1.0,-0.45399049973960043
0.5714,1.0,-0.3090169943751187
0.57145,1.0,-0.15643446504030262
0.5715,1.0,-1.925571864898885e-13
0.57155,1.0,0.15643446504014683
0.5716,1.0,0.30901699437475244
0.57165,1.0,0.4539904997394599
0.5717,1.0,0.5877852522922972
0.57175,1.0,0.707106781186309
0.5718,1.0,0.8090169943748123
0.57185,1.0,0.891006524188209
0.5719,1.0,0.9510565162950787
0.57195,1.0,0.987688340595081
0.572,1.0,1.0
0.57205,1.0,0.9876883405951964
0.5721,1.0,0.9510565162951659
0.57215,1.0,0.8910065241883371
0.5722,1.0,0.8090169943749782
0.57225,1.0,0.7071067811866693
0.5723,1.0,0.5877852522925255
0.57235,1.0,0.45399049973971134
0.5724,1.0,0.30901699437502084
0.57245,1.0,0.15643446504042555
0.5725,1.0,8.965095448458873e-14
0.57255,1.0,-0.1564344650400239
0.5726,1.0,-0.3090169943748503
0.57265,1.0,-0.45399049973934896
0.5727,1.0,-0.5877852522923804
0.57275,1.0,-0.7071067811863817
0.5728,1.0,-0.8090169943747392
0.57285,1.0,-0.8910065241882558
0.5729,1.0,-0.9510565162950402
0.57295,1.0,-0.9876883405950971
0.573,1.0,-1.0
0.57305,1.0,-0.9876883405951803
0.5731,1.0,-0.9510565162951341
0.57315,1.0,-0.8910065241883937
0.5732,1.0,-0.8090169943749177
0.57325,1.0,-0.7071067811865965
0.5733,1.0,-0.5877852522926262
0.57335,1.0,-0.45399049973961964
0.5734,1.0,-0.30901699437513924
0.57345,1.0,-0.1564344650403239
0.5735,1.0,-2.1411839792252098e-13
0.57355,1.0,0.15643446504012554
0.5736,1.0,0.30901699437473196
0.57365,1.0,0.45399049973944067
0.5737,1.0,0.5877852522922797
0.57375,1.0,0.7071067811864545
0.5738,1.0,0.8090169943747996
0.57385,1.0,0.8910065241881993
0.5739,1.0,0.951056516295072
0.57395,1.0,0.9876883405950777
0.574,1.0,1.0
0.57405,1.0,0.9876883405951997
0.5741,1.0,0.9510565162951725
0.57415,1.0,0.8910065241883469
0.5742,1.0,0.8090169943749909
0.57425,1.0,0.7071067811865238
0.5743,1.0,0.587785252292543
0.57435,1.0,0.45399049973973055
0.5744,1.0,0.3090169943750414
0.57445,1.0,0.15643446504044686
0.5745,1.0,1.112121659172212e-13
0.57455,1.0,-0.15643446504000258
0.5746,1.0,-0.3090169943748298
0.57465,1.0,-0.45399049973932976
0.5747,1.0,-0.587785252292363
0.57475,1.0,-0.7071067811863665
0.5748,1.0,-0.8090169943748601
0.57485,1.0,-0.891006524188246
0.5749,1.0,-0.9510565162950335
0.57495,1.0,-0.9876883405950938
0.575,1.0,-1.0
0.57505,1.0,-0.9876883405951836
0.5751,1.0,-0.9510565162952813
0.57515,1.0,-0.8910065241884034
0.5752,1.0,-0.8090169943749304
0.57525,1.0,-0.7071067811866117
0.5753,1.0,-0.5877852522924597
0.57535,1.0,-0.45399049973963884
0.5754,1.0,-0.3090169943751597
0.57545,1.0,-0.15643446504034522
0.5755,1.0,-2.3567960935515346e-13
0.57555,1.0,0.15643446504010422
0.5756,1.0,0.3090169943747114
0.57565,1.0,0.45399049973942146
0.5757,1.0,0.5877852522922623
0.57575,1.0,0.7071067811864392
0.5758,1.0,0.8090169943747869
0.57585,1.0,0.8910065241882927
0.5759,1.0,0.9510565162950654
0.57595,1.0,0.9876883405950743
0.576,1.0,1.0
0.57605,1.0,0.987688340595203
0.5761,1.0,0.9510565162952495
0.57615,1.0,0.8910065241883568
0.5762,1.0,0.8090169943750035
0.57625,1.0,0.707106781186539
0.5763,1.0,0.5877852522925604
0.57635,1.0,0.45399049973954714
0.5764,1.0,0.30901699437506186
0.57645,1.0,0.15643446504046815
0.5765,1.0,1.3277337734985367e-13
0.57655,1.0,-0.1564344650399813
0.5766,1.0,-0.3090169943748093
0.57665,1.0,-0.45399049973931055
0.5767,1.0,-0.5877852522923456
0.57675,1.0,-0.7071067811863513
0.5768,1.0,-0.8090169943748474
0.57685,1.0,-0.8910065241882362
0.5769,1.0,-0.9510565162950971
0.57695,1.0,-0.9876883405950904
0.577,1.0,-1.0
0.57705,1.0,-0.987688340595187
0.5771,1.0,-0.951056516295288
0.57715,1.0,-0.8910065241884133
0.5772,1.0,-0.809016994374943
0.57725,1.0,-0.7071067811866271
0.5773,1.0,-0.5877852522924771
0.57735,1.0,-0.45399049973965805
0.5774,1.0,-0.309016994374964
0.57745,1.0,-0.1564344650403665
0.5775,1.0,-2.5724082078778594e-13
0.57755,1.0,0.15643446504008293
0.5776,1.0,0.30901699437469093
0.57765,1.0,0.45399049973940225
0.5777,1.0,0.5877852522922449
0.57775,1.0,0.707106781186424
0.5778,1.0,0.8090169943747743
0.57785,1.0,0.891006524188283
0.5779,1.0,0.9510565162950587
0.57795,1.0,0.9876883405951065
0.578,1.0,1.0
0.57805,1.0,0.9876883405952065
0.5781,1.0,0.9510565162952561
0.57815,1.0,0.8910065241883666
0.5782,1.0,0.8090169943750162
0.57825,1.0,0.7071067811865542
0.5783,1.0,0.5877852522925778
0.57835,1.0,0.4539904997395664
0.5784,1.0,0.30901699437508234
0.57845,1.0,0.15643446504026487
0.5785,1.0,1.5433458878248614e-13
0.57855,1.0,-0.15643446504018457
0.5786,1.0,-0.3090169943747888
0.57865,1.0,-0.45399049973929134
0.5787,1.0,-0.5877852522923281
0.57875,1.0,-0.707106781186336
0.5788,1.0,-0.8090169943748348
0.57885,1.0,-0.8910065241882265
0.5789,1.0,-0.9510565162950905
0.57895,1.0,-0.987688340595087
0.579,1.0,-1.0
0.57905,1.0,-0.9876883405951904
0.5791,1.0,-0.9510565162952946
0.57915,1.0,-0.8910065241884231
0.5792,1.0,-0.8090169943749557
0.57925,1.0,-0.7071067811866423
0.5793,1.0,-0.5877852522924946
0.57935,1.0,-0.45399049973967726
0.5794,1.0,-0.3090169943749845
0.57945,1.0,-0.1564344650403878
0.5795,1.0,-5.1428356777186364e-14
0.57955,1.0,0.15643446504006164
0.5796,1.0,0.30901699437488667
0.57965,1.0,0.45399049973938305
0.5797,1.0,0.5877852522922274
0.57975,1.0,0.7071067811864088
0.5798,1.0,0.8090169943747616
0.57985,1.0,0.8910065241882731
0.5799,1.0,0.9510565162950521
0.57995,1.0,0.9876883405951031
0.58,1.0,1.0
0.58005,1.0,0.9876883405951743
0.5801,1.0,0.9510565162952628
0.58015,1.0,0.8910065241883763
0.5802,1.0,0.8090169943750288
0.58025,1.0,0.7071067811865696
0.5803,1.0,0.5877852522925953
0.58035,1.0,0.4539904997395856
0.5804,1.0,0.3090169943751029
0.58045,1.0,0.15643446504028616
0.5805,1.0,1.7589580021511862e-13
0.58055,1.0,-0.15643446504016328
0.5806,1.0,-0.3090169943747683
0.58065,1.0,-0.45399049973947475
0.5807,1.0,-0.5877852522923107
0.58075,1.0,-0.7071067811863208
0.5808,1.0,-0.8090169943748221
0.58085,1.0,-0.8910065241882166
0.5809,1.0,-0.9510565162950838
0.58095,1.0,-0.9876883405950837
0.581,1.0,-1.0
0.58105,1.0,-0.9876883405951937
0.5811,1.0,-0.951056516295231
0.58115,1.0,-0.8910065241883296
0.5812,1.0,-0.8090169943749683
0.58125,1.0,-0.7071067811866575
0.5813,1.0,-0.587785252292512
0.58135,1.0,-0.45399049973969646
0.5814,1.0,-0.309016994375005
0.58145,1.0,-0.1564344650404091
0.5815,1.0,-7.298956820981884e-14
0.58155,1.0,0.15643446504004035
0.5816,1.0,0.3090169943748662
0.58165,1.0,0.45399049973936384
0.5817,1.0,0.587785252292394
0.58175,1.0,0.7071067811863935
0.5818,1.0,0.8090169943747489
0.58185,1.0,0.8910065241882633
0.5819,1.0,0.9510565162950454
0.58195,1.0,0.9876883405950998
0.582,1.0,1.0
0.58205,1.0,0.9876883405951776
0.5821,1.0,0.9510565162952694
0.58215,1.0,0.8910065241884894
0.5822,1.0,0.8090169943749079
0.58225,1.0,0.7071067811865848
0.5823,1.0,0.5877852522926127
0.58235,1.0,0.4539904997396048
0.5824,1.0,0.30901699437512337
0.58245,1.0,0.15643446504030747
0.5825,1.0,1.974570116477511e-13
0.58255,1.0,-0.156434465040142
0.5826,1.0,-0.3090169943747478
0.58265,1.0,-0.4539904997394555
0.5827,1.0,-0.5877852522922933
0.58275,1.0,-0.7071067811864663
0.5828,1.0,-0.8090169943748095
0.58285,1.0,-0.8910065241882068
0.5829,1.0,-0.9510565162950771
0.58295,1.0,-0.9876883405950803
0.583,1.0,-1.0
0.58305,1.0,-0.9876883405951971
0.5831,1.0,-0.9510565162952377
0.58315,1.0,-0.8910065241885459
0.5832,1.0,-0.8090169943749811
0.58325,1.0,-0.7071067811865119
0.5833,1.0,-0.5877852522925295
0.58335,1.0,-0.4539904997397157
0.5834,1.0,-0.3090169943750255
0.58345,1.0,-0.1564344650404304
0.5835,1.0,-9.455077964245132e-14
0.58355,1.0,0.15643446504001904
0.5836,1.0,0.30901699437484564
0.58365,1.0,0.45399049973934463
0.5837,1.0,0.5877852522923765
0.58375,1.0,0.7071067811863783
0.5838,1.0,0.8090169943748698
0.58385,1.0,0.8910065241882535
0.5839,1.0,0.9510565162950387
0.58395,1.0,0.9876883405950964
0.584,1.0,1.0
0.58405,1.0,0.987688340595181
0.5841,1.0,0.9510565162952761
0.58415,1.0,0.8910065241884991
0.5842,1.0,0.8090169943749206
0.58425,1.0,0.7071067811866
0.5843,1.0,0.5877852522924463
0.58435,1.0,0.453990499739624
0.5844,1.0,0.30901699437492763
0.58445,1.0,0.15643446504032876
0.5845,1.0,2.1901822308038357e-13
0.58455,1.0,-0.15643446504012068
0.5846,1.0,-0.3090169943747273
0.58465,1.0,-0.4539904997394363
0.5847,1.0,-0.5877852522922757
0.58475,1.0,-0.7071067811864511
0.5848,1.0,-0.8090169943747968
0.58485,1.0,-0.8910065241883003
0.5849,1.0,-0.9510565162950705
0.58495,1.0,-0.9876883405950769
0.585,1.0,-1.0
0.58505,1.0,-0.9876883405952005
0.5851,1.0,-0.9510565162952443
0.58515,1.0,-0.8910065241885556
0.5852,1.0,-0.8090169943749937
0.58525,1.0,-0.7071067811865273
0.5853,1.0,-0.587785252292547
0.58535,1.0,-0.4539904997395323
0.5854,1.0,-0.30901699437504604
0.58545,1.0,-0.15643446504022712
0.5855,1.0,-1.1611199107508378e-13
0.58555,1.0,0.15643446503999775
0.5856,1.0,0.30901699437482516
0.58565,1.0,0.4539904997393254
0.5857,1.0,0.587785252292359
0.58575,1.0,0.707106781186363
0.5858,1.0,0.8090169943748572
0.58585,1.0,0.8910065241882438
0.5859,1.0,0.9510565162951023
0.58595,1.0,0.987688340595093
0.586,1.0,1.0
0.58605,1.0,0.9876883405951844
0.5861,1.0,0.9510565162952828
0.58615,1.0,0.8910065241885089
0.5862,1.0,0.8090169943749332
0.58625,1.0,0.7071067811866152
0.5863,1.0,0.5877852522924637
0.58635,1.0,0.4539904997396432
0.5864,1.0,0.3090169943749482
0.58645,1.0,0.15643446504035005
0.5865,1.0,1.3205759069783998e-14
0.58655,1.0,-0.1564344650400994
0.5866,1.0,-0.30901699437470675
0.58665,1.0,-0.4539904997394171
0.5867,1.0,-0.5877852522922583
0.58675,1.0,-0.7071067811864358
0.5868,1.0,-0.809016994374784
0.58685,1.0,-0.8910065241882905
0.5869,1.0,-0.9510565162950638
0.58695,1.0,-0.9876883405951091
0.587,1.0,-1.0
0.58705,1.0,-0.9876883405952038
0.5871,1.0,-0.951056516295251
0.58715,1.0,-0.8910065241885654
0.5872,1.0,-0.8090169943750064
0.58725,1.0,-0.7071067811865425
0.5873,1.0,-0.5877852522925644
0.58735,1.0,-0.4539904997395515
0.5874,1.0,-0.3090169943750665
0.58745,1.0,-0.1564344650402484
0.5875,1.0,-1.3767320250771626e-13
0.58755,1.0,0.15643446504020103
0.5876,1.0,0.3090169943748047
0.58765,1.0,0.45399049973930616
0.5877,1.0,0.5877852522923416
0.58775,1.0,0.7071067811863478
0.5878,1.0,0.8090169943748445
0.58785,1.0,0.891006524188234
0.5879,1.0,0.9510565162950957
0.58795,1.0,0.9876883405950897
0.588,1.0,1.0
0.58805,1.0,0.9876883405951877
0.5881,1.0,0.9510565162952894
0.58815,1.0,0.8910065241885187
0.5882,1.0,0.8090169943752132
0.58825,1.0,0.7071067811866305
0.5883,1.0,0.5877852522924811
0.58835,1.0,0.45399049973966243
0.5884,1.0,0.30901699437496866
0.58845,1.0,0.15643446504037134
0.5885,1.0,3.4766970502416476e-14
0.58855,1.0,-0.1564344650400781
0.5886,1.0,-0.30901699437490254
0.58865,1.0,-0.45399049973939787
0.5887,1.0,-0.5877852522922409
0.58875,1.0,-0.7071067811864206
0.5888,1.0,-0.8090169943747714
0.58885,1.0,-0.8910065241882806
0.5889,1.0,-0.9510565162950572
0.58895,1.0,-0.9876883405951057
0.589,1.0,-1.0
0.58905,1.0,-0.9876883405951716
0.5891,1.0,-0.9510565162952577
0.58915,1.0,-0.891006524188472
0.5892,1.0,-0.8090169943751527
0.58925,1.0,-0.7071067811865577
0.5893,1.0,-0.5877852522925818
0.58935,1.0,-0.45399049973957073
0.5894,1.0,-0.309016994375087
0.58945,1.0,-0.1564344650402697
0.5895,1.0,-1.5923441394034873e-13
0.58955,1.0,0.15643446504017974
0.5896,1.0,0.30901699437478414
0.58965,1.0,0.4539904997394896
0.5897,1.0,0.5877852522923241
0.58975,1.0,0.7071067811863325
0.5898,1.0,0.8090169943748319
0.58985,1.0,0.8910065241882242
0.5899,1.0,0.951056516295089
0.58995,1.0,0.9876883405950863
0.59,1.0,1.0
0.59005,1.0,0.9876883405951912
0.5901,1.0,0.9510565162952258
0.59015,1.0,0.8910065241885285
0.5902,1.0,0.8090169943750922
0.59025,1.0,0.707106781186485
0.5903,1.0,0.5877852522924986
0.59035,1.0,0.45399049973968164
0.5904,1.0,0.30901699437498914
0.59045,1.0,0.15643446504039266
0.5905,1.0,5.632818193504895e-14
0.59055,1.0,-0.1564344650400568
0.5906,1.0,-0.309016994374882
0.59065,1.0,-0.45399049973937866
0.5907,1.0,-0.5877852522924074
0.59075,1.0,-0.7071067811864054
0.5908,1.0,-0.8090169943747587
0.59085,1.0,-0.8910065241882709
0.5909,1.0,-0.9510565162950505
0.59095,1.0,-0.9876883405951024
0.591,1.0,-1.0
0.59105,1.0,-0.9876883405951751
0.5911,1.0,-0.9510565162952643
0.59115,1.0,-0.8910065241884818
0.5912,1.0,-0.8090169943751654
0.59125,1.0,-0.707106781186573
0.5913,1.0,-0.5877852522924153
0.59135,1.0,-0.45399049973958994
0.5914,1.0,-0.30901699437510755
0.59145,1.0,-0.15643446504029102
0.5915,1.0,-1.807956253729812e-13
0.59155,1.0,0.15643446504015843
0.5916,1.0,0.30901699437476365
0.59165,1.0,0.45399049973947037
0.5917,1.0,0.5877852522923067
0.59175,1.0,0.7071067811864781
0.5918,1.0,0.8090169943748192
0.59185,1.0,0.8910065241882144
0.5919,1.0,0.9510565162950824
0.59195,1.0,0.9876883405950829
0.592,1.0,1.0
0.59205,1.0,0.9876883405951945
0.5921,1.0,0.9510565162952325
0.59215,1.0,0.8910065241885383
0.5922,1.0,0.8090169943751049
0.59225,1.0,0.7071067811865002
0.5923,1.0,0.587785252292516
0.59235,1.0,0.45399049973949823
0.5924,1.0,0.3090169943750097
0.59245,1.0,0.15643446504041394
0.5925,1.0,7.788939336768143e-14
0.59255,1.0,-0.1564344650400355
0.5926,1.0,-0.3090169943748615
0.59265,1.0,-0.45399049973935945
0.5927,1.0,-0.58778525229239
0.59275,1.0,-0.70710678118639
0.5928,1.0,-0.8090169943748797
0.59285,1.0,-0.8910065241882611
0.5929,1.0,-0.9510565162950438
0.59295,1.0,-0.987688340595099
0.593,1.0,-1.0
0.59305,1.0,-0.9876883405951784
0.5931,1.0,-0.951056516295271
0.59315,1.0,-0.8910065241884916
0.5932,1.0,-0.809016994375178
0.59325,1.0,-0.7071067811865882
0.5933,1.0,-0.5877852522924327
0.59335,1.0,-0.45399049973960914
0.5934,1.0,-0.3090169943749118
0.59345,1.0,-0.1564344650403123
0.5935,1.0,-2.0235683680561368e-13
0.59355,1.0,0.15643446504013714
0.5936,1.0,0.3090169943747431
0.59365,1.0,0.45399049973945116
0.5937,1.0,0.5877852522922893
0.59375,1.0,0.7071067811864629
0.5938,1.0,0.8090169943748066
0.59385,1.0,0.8910065241883078
0.5939,1.0,0.9510565162950757
0.59395,1.0,0.9876883405950795
0.594,1.0,1.0
0.59405,1.0,0.9876883405951978
0.5941,1.0,0.9510565162952391
0.59415,1.0,0.8910065241885481
0.5942,1.0,0.8090169943751175
0.59425,1.0,0.707106781186837
0.5943,1.0,0.5877852522925334
0.59435,1.0,0.4539904997395175
0.5944,1.0,0.30901699437503016
0.59445,1.0,0.15643446504021066
0.5945,1.0,9.94506048003139e-14
0.59455,1.0,-0.1564344650400142
0.5946,1.0,-0.309016994374841
0.59465,1.0,-0.45399049973934025
0.5947,1.0,-0.5877852522923726
0.59475,1.0,-0.7071067811863748
0.5948,1.0,-0.809016994374867
0.59485,1.0,-0.8910065241882513
0.5949,1.0,-0.9510565162951075
0.59495,1.0,-0.9876883405950956
0.595,1.0,-1.0
0.59505,1.0,-0.9876883405951817
0.5951,1.0,-0.9510565162952777
0.59515,1.0,-0.8910065241885013
0.5952,1.0,-0.8090169943751907
0.59525,1.0,-0.7071067811867642
0.5953,1.0,-0.5877852522924502
0.59535,1.0,-0.45399049973962835
0.5954,1.0,-0.3090169943749323
0.59545,1.0,-0.1564344650403336
0.5955,1.0,3.4556272049858883e-15
0.59555,1.0,0.15643446504011585
0.5956,1.0,0.30901699437472263
0.59565,1.0,0.45399049973943195
0.5957,1.0,0.5877852522922719
0.59575,1.0,0.7071067811864475
0.5958,1.0,0.8090169943747939
0.59585,1.0,0.8910065241882981
0.5959,1.0,0.951056516295069
0.59595,1.0,0.9876883405951117
0.596,1.0,1.0
0.59605,1.0,0.9876883405951656
0.5961,1.0,0.9510565162952459
0.59615,1.0,0.8910065241885579
0.5962,1.0,0.8090169943751302
0.59625,1.0,0.7071067811868522
0.5963,1.0,0.5877852522925509
0.59635,1.0,0.4539904997395367
0.5964,1.0,0.3090169943750507
0.59645,1.0,0.15643446504023195
0.5965,1.0,1.210118162329464e-13
0.59655,1.0,-0.1564344650402175
0.5966,1.0,-0.3090169943748205
0.59665,1.0,-0.45399049973932104
0.5967,1.0,-0.5877852522923551
0.59675,1.0,-0.7071067811863596
0.5968,1.0,-0.8090169943748543
0.59685,1.0,-0.8910065241882416
0.5969,1.0,-0.9510565162951008
0.59695,1.0,-0.9876883405950923
0.597,1.0,-1.0
0.59705,1.0,-0.9876883405951852
0.5971,1.0,-0.951056516295214
0.59715,1.0,-0.8910065241885111
0.5972,1.0,-0.8090169943752034
0.59725,1.0,-0.7071067811867795
0.5973,1.0,-0.5877852522924676
0.59735,1.0,-0.45399049973964756
0.5974,1.0,-0.3090169943749528
0.59745,1.0,-0.15643446504035488
0.5975,1.0,-1.8105584227646588e-14
0.59755,1.0,0.15643446504009456
0.5976,1.0,0.30901699437491836
0.59765,1.0,0.45399049973941275
0.5977,1.0,0.5877852522922544
0.59775,1.0,0.7071067811864323
0.5978,1.0,0.8090169943747811
0.59785,1.0,0.8910065241882883
0.5979,1.0,0.9510565162950624
0.59795,1.0,0.9876883405951083
0.598,1.0,1.0
0.59805,1.0,0.9876883405951691
0.5981,1.0,0.9510565162952526
0.59815,1.0,0.8910065241884644
0.5982,1.0,0.809016994375143
0.59825,1.0,0.7071067811868675
0.5983,1.0,0.5877852522925684
0.59835,1.0,0.4539904997395559
0.5984,1.0,0.3090169943750712
0.59845,1.0,0.15643446504025324
0.5985,1.0,1.4257302766557887e-13
0.59855,1.0,-0.1564344650401962
0.5986,1.0,-0.3090169943748
0.59865,1.0,-0.4539904997395044
0.5987,1.0,-0.5877852522923377
0.59875,1.0,-0.7071067811863443
0.5988,1.0,-0.8090169943748416
0.59885,1.0,-0.8910065241882318
0.5989,1.0,-0.9510565162950941
0.59895,1.0,-0.9876883405950889
0.599,1.0,-1.0
0.59905,1.0,-0.9876883405951885
0.5991,1.0,-0.9510565162952207
0.59915,1.0,-0.8910065241885209
0.5992,1.0,-0.8090169943750825
0.59925,1.0,-0.7071067811867947
0.5993,1.0,-0.5877852522924851
0.59935,1.0,-0.4539904997396668
0.5994,1.0,-0.3090169943749733
0.59945,1.0,-0.1564344650403762
0.5995,1.0,-3.9666795660279063e-14
0.59955,1.0,0.15643446504007325
0.5996,1.0,0.3090169943748979
0.59965,1.0,0.45399049973939354
0.5997,1.0,0.5877852522924208
0.59975,1.0,0.7071067811864171
0.5998,1.0,0.8090169943747685
0.59985,1.0,0.8910065241882784
0.5999,1.0,0.9510565162950557
0.59995,1.0,0.987688340595105
0.6,1.0,1.0
0.60005,1.0,0.9876883405951724
0.6001,1.0,0.9510565162952591
0.60015,1.0,0.8910065241884743
0.6002,1.0,0.8090169943751556
0.60025,1.0,0.707106781186722
0.6003,1.0,0.5877852522927697
0.60035,1.0,0.4539904997395751
0.6004,1.0,0.30901699437509167
0.60045,1.0,0.15643446504027456
0.6005,1.0,1.6413423909821134e-13
0.60055,1.0,-0.15643446504017489
0.6006,1.0,-0.3090169943747795
0.60065,1.0,-0.4539904997394852
0.6007,1.0,-0.5877852522923201
0.60075,1.0,-0.7071067811864898
0.6008,1.0,-0.809016994374829
0.60085,1.0,-0.8910065241882219
0.6009,1.0,-0.9510565162950875
0.60095,1.0,-0.9876883405950855
0.601,1.0,-1.0
0.60105,1.0,-0.987688340595192
0.6011,1.0,-0.9510565162952274
0.60115,1.0,-0.8910065241885308
0.6012,1.0,-0.8090169943750951
0.60125,1.0,-0.7071067811868099
0.6013,1.0,-0.5877852522926865
0.60135,1.0,-0.4539904997394834
0.6014,1.0,-0.3090169943749938
0.60145,1.0,-0.15643446504039749
0.6015,1.0,-6.122800709291154e-14
0.60155,1.0,0.15643446504005196
0.6016,1.0,0.30901699437487734
0.60165,1.0,0.45399049973937433
0.6017,1.0,0.5877852522924034
0.60175,1.0,0.7071067811864018
0.6018,1.0,0.8090169943748895
0.60185,1.0,0.8910065241882686
0.6019,1.0,0.9510565162951192
0.60195,1.0,0.9876883405951016
0.602,1.0,1.0
0.60205,1.0,0.9876883405951759
0.6021,1.0,0.9510565162952659
0.60215,1.0,0.891006524188484
0.6022,1.0,0.8090169943751683
0.60225,1.0,0.7071067811867372
0.6023,1.0,0.5877852522927872
0.60235,1.0,0.4539904997395943
0.6024,1.0,0.30901699437489594
0.60245,1.0,0.15643446504029584
0.6025,1.0,1.8569545053084382e-13
0.60255,1.0,-0.1564344650401536
0.6026,1.0,-0.309016994374759
0.60265,1.0,-0.453990499739466
0.6027,1.0,-0.5877852522923027
0.60275,1.0,-0.7071067811864746
0.6028,1.0,-0.8090169943748163
0.60285,1.0,-0.8910065241883154
0.6029,1.0,-0.9510565162950808
0.60295,1.0,-0.9876883405951177
0.603,1.0,-1.0
0.60305,1.0,-0.9876883405951953
0.6031,1.0,-0.951056516295234
0.60315,1.0,-0.8910065241885405
0.6032,1.0,-0.8090169943751078
0.60325,1.0,-0.7071067811868252
0.6033,1.0,-0.587785252292704
0.60335,1.0,-0.4539904997395026
0.6034,1.0,-0.30901699437501434
0.60345,1.0,-0.1564344650401942
0.6035,1.0,-8.278921852554402e-14
0.60355,1.0,0.15643446504003067
0.6036,1.0,0.30901699437485686
0.60365,1.0,0.45399049973935507
0.6037,1.0,0.587785252292386
0.60375,1.0,0.7071067811863866
0.6038,1.0,0.8090169943748768
0.60385,1.0,0.8910065241882589
0.6039,1.0,0.9510565162951126
0.60395,1.0,0.9876883405950982
0.604,1.0,1.0
0.60405,1.0,0.9876883405951792
0.6041,1.0,0.9510565162952725
0.60415,1.0,0.8910065241884938
0.6042,1.0,0.8090169943751809
0.60425,1.0,0.7071067811867525
0.6043,1.0,0.5877852522928046
0.60435,1.0,0.45399049973961353
0.6044,1.0,0.3090169943749165
0.60445,1.0,0.15643446504031713
0.6045,1.0,-2.0117013479755777e-14
0.60455,1.0,-0.1564344650401323
0.6046,1.0,-0.30901699437473845
0.60465,1.0,-0.4539904997394468
0.6047,1.0,-0.5877852522922853
0.60475,1.0,-0.7071067811864593
0.6048,1.0,-0.8090169943748037
0.60485,1.0,-0.8910065241883056
0.6049,1.0,-0.9510565162950742
0.60495,1.0,-0.9876883405951143
0.605,1.0,-1.0
0.60505,1.0,-0.9876883405951631
0.6051,1.0,-0.9510565162952407
0.60515,1.0,-0.8910065241885503
0.6052,1.0,-0.8090169943751204
0.60525,1.0,-0.7071067811868404
0.6053,1.0,-0.5877852522927214
0.60535,1.0,-0.4539904997395218
0.6054,1.0,-0.3090169943750348
0.60545,1.0,-0.1564344650402155
0.6055,1.0,-1.0435042995817649e-13
0.60555,1.0,0.15643446504023395
0.6056,1.0,0.3090169943748363
0.60565,1.0,0.45399049973933586
0.6057,1.0,0.5877852522923686
0.60575,1.0,0.7071067811863714
0.6058,1.0,0.8090169943748642
0.60585,1.0,0.8910065241882491
0.6059,1.0,0.9510565162951059
0.60595,1.0,0.9876883405950948
0.606,1.0,1.0
0.60605,1.0,0.9876883405951825
0.6061,1.0,0.9510565162952089
0.60615,1.0,0.8910065241885036
0.6062,1.0,0.8090169943751936
0.60625,1.0,0.7071067811867677
0.6063,1.0,0.5877852522928221
0.60635,1.0,0.45399049973983535
0.6064,1.0,0.30901699437493696
0.60645,1.0,0.15643446504033845
0.6065,1.0,1.444197952876701e-15
0.60655,1.0,-0.15643446504011102
0.6066,1.0,-0.30901699437493424
0.60665,1.0,-0.45399049973942757
0.6067,1.0,-0.5877852522922679
0.60675,1.0,-0.7071067811864441
0.6068,1.0,-0.809016994374791
0.60685,1.0,-0.8910065241882958
0.6069,1.0,-0.9510565162950675
0.60695,1.0,-0.9876883405951109
0.607,1.0,-1.0
0.60705,1.0,-0.9876883405951664
0.6071,1.0,-0.9510565162952473
0.60715,1.0,-0.8910065241884568
0.6072,1.0,-0.8090169943751331
0.60725,1.0,-0.7071067811868557
0.6073,1.0,-0.5877852522927388
0.60735,1.0,-0.4539904997399462
0.6074,1.0,-0.3090169943750553
0.60745,1.0,-0.1564344650402368
0.6075,1.0,-1.2591164139080898e-13
0.60755,1.0,0.15643446504021266
0.6076,1.0,0.30901699437481583
0.60765,1.0,0.45399049973951927
0.6077,1.0,0.5877852522923511
0.60775,1.0,0.7071067811865169
0.6078,1.0,0.8090169943748515
0.60785,1.0,0.8910065241882393
0.6079,1.0,0.9510565162950992
0.60795,1.0,0.9876883405950915
0.608,1.0,1.0
0.60805,1.0,0.987688340595186
0.6081,1.0,0.9510565162952156
0.60815,1.0,0.8910065241885133
0.6082,1.0,0.8090169943750727
0.60825,1.0,0.7071067811867829
0.6083,1.0,0.5877852522928395
0.60835,1.0,0.45399049973985456
0.6084,1.0,0.30901699437495744
0.60845,1.0,0.15643446504035974
0.6085,1.0,2.3005409385509178e-14
0.60855,1.0,-0.1564344650400897
0.6086,1.0,-0.3090169943749137
0.60865,1.0,-0.45399049973940836
0.6087,1.0,-0.5877852522924344
0.60875,1.0,-0.7071067811864289
0.6088,1.0,-0.8090169943749119
0.60885,1.0,-0.8910065241882861
0.6089,1.0,-0.9510565162950608
0.60895,1.0,-0.9876883405951076
0.609,1.0,-1.0
0.60905,1.0,-0.9876883405951699
0.6091,1.0,-0.951056516295254
0.60915,1.0,-0.8910065241884666
0.6092,1.0,-0.8090169943751458
0.60925,1.0,-0.7071067811867102
0.6093,1.0,-0.5877852522927562
0.60935,1.0,-0.4539904997399654
0.6094,1.0,-0.30901699437507585
0.60945,1.0,-0.1564344650402581
0.6095,1.0,-1.4747285282344146e-13
0.60955,1.0,0.15643446504019135
0.6096,1.0,0.30901699437479535
0.60965,1.0,0.45399049973950006
0.6097,1.0,0.5877852522923337
0.60975,1.0,0.7071067811865016
0.6098,1.0,0.8090169943748388
0.60985,1.0,0.8910065241883327
0.6099,1.0,0.9510565162950926
0.60995,1.0,0.9876883405950881
0.61,1.0,1.0
0.61005,1.0,0.9876883405951893
0.6101,1.0,0.9510565162952223
0.61015,1.0,0.8910065241885231
0.6102,1.0,0.8090169943750853
0.61025,1.0,0.7071067811867983
0.6103,1.0,0.587785252292673
0.61035,1.0,0.45399049973987377
0.6104,1.0,0.309016994374978
0.61045,1.0,0.15643446504038103
0.6105,1.0,4.456662081814165e-14
0.61055,1.0,-0.15643446504006842
0.6106,1.0,-0.3090169943748932
0.61065,1.0,-0.45399049973938915
0.6107,1.0,-0.587785252292417
0.61075,1.0,-0.7071067811864136
0.6108,1.0,-0.8090169943748993
0.61085,1.0,-0.8910065241882762
0.6109,1.0,-0.9510565162951244
0.61095,1.0,-0.9876883405951042
0.611,1.0,-1.0
0.61105,1.0,-0.9876883405951732
0.6111,1.0,-0.9510565162952607
0.61115,1.0,-0.8910065241884765
0.6112,1.0,-0.8090169943751585
0.61125,1.0,-0.7071067811867254
0.6113,1.0,-0.5877852522927737
0.61135,1.0,-0.45399049973978206
0.6114,1.0,-0.3090169943748801
0.61145,1.0,-0.15643446504027939
0.6115,1.0,-1.6903406425607393e-13
0.61155,1.0,0.15643446504017006
0.6116,1.0,0.3090169943747748
0.61165,1.0,0.45399049973948086
0.6117,1.0,0.5877852522923163
0.61175,1.0,0.7071067811864864
0.6118,1.0,0.8090169943748261
0.61185,1.0,0.8910065241883229
0.6119,1.0,0.9510565162950859
0.61195,1.0,0.9876883405951203
0.612,1.0,1.0
0.61205,1.0,0.9876883405951926
0.6121,1.0,0.9510565162952289
0.61215,1.0,0.891006524188533
0.6122,1.0,0.809016994375098
0.61225,1.0,0.7071067811868135
0.6123,1.0,0.5877852522926904
0.61235,1.0,0.45399049973989297
0.6124,1.0,0.30901699437499847
0.61245,1.0,0.15643446504017774
0.6125,1.0,6.612783225077413e-14
0.61255,1.0,-0.15643446504004713
0.6126,1.0,-0.3090169943748727
0.61265,1.0,-0.45399049973936995
0.6127,1.0,-0.5877852522923995
0.61275,1.0,-0.7071067811863984
0.6128,1.0,-0.8090169943748866
0.61285,1.0,-0.8910065241882664
0.6129,1.0,-0.9510565162951178
0.61295,1.0,-0.9876883405951008
0.613,1.0,-1.0
0.61305,1.0,-0.9876883405951765
0.6131,1.0,-0.9510565162952673
0.61315,1.0,-0.8910065241884862
0.6132,1.0,-0.8090169943751712
0.61325,1.0,-0.7071067811867406
0.6133,1.0,-0.5877852522927911
0.61335,1.0,-0.45399049973980127
0.6134,1.0,-0.3090169943753331
0.61345,1.0,-0.15643446504030067
0.6135,1.0,3.6778399754525665e-14
0.61355,1.0,0.15643446504014877
0.6136,1.0,0.30901699437475433
0.61365,1.0,0.45399049973946165
0.6137,1.0,0.5877852522922988
0.61375,1.0,0.7071067811864712
0.6138,1.0,0.8090169943748134
0.61385,1.0,0.8910065241883132
0.6139,1.0,0.9510565162950793
0.61395,1.0,0.9876883405951169
0.614,1.0,1.0
0.61405,1.0,0.9876883405951604
0.6141,1.0,0.9510565162952356
0.61415,1.0,0.8910065241885428
0.6142,1.0,0.8090169943751107
0.61425,1.0,0.7071067811868287
0.6143,1.0,0.5877852522927078
0.61435,1.0,0.4539904997399122
0.6144,1.0,0.3090169943752352
0.61445,1.0,0.15643446504019903
0.6145,1.0,8.76890436834066e-14
0.61455,1.0,-0.1564344650402504
0.6146,1.0,-0.3090169943748522
0.61465,1.0,-0.4539904997395533
0.6147,1.0,-0.5877852522923821
0.61475,1.0,-0.7071067811863831
0.6148,1.0,-0.809016994374874
0.61485,1.0,-0.8910065241882567
0.6149,1.0,-0.9510565162951111
0.61495,1.0,-0.9876883405950975
0.615,1.0,-1.0
0.61505,1.0,-0.98768834059518
0.6151,1.0,-0.9510565162952037
0.61515,1.0,-0.891006524188496
0.6152,1.0,-0.8090169943751838
0.61525,1.0,-0.707106781186756
0.6153,1.0,-0.5877852522928085
0.61535,1.0,-0.4539904997398205
0.6154,1.0,-0.3090169943753536
0.61545,1.0,-0.156434465040322
0.6155,1.0,1.5217188321893186e-14
0.61555,1.0,0.15643446504012745
0.6156,1.0,0.30901699437495006
0.61565,1.0,0.45399049973944244
0.6157,1.0,0.5877852522924653
0.61575,1.0,0.7071067811864559
0.6158,1.0,0.8090169943748008
0.61585,1.0,0.8910065241883034
0.6159,1.0,0.9510565162950726
0.61595,1.0,0.9876883405951136
0.616,1.0,1.0
0.61605,1.0,0.9876883405951639
0.6161,1.0,0.9510565162952422
0.61615,1.0,0.8910065241884493
0.6162,1.0,0.8090169943751233
0.61625,1.0,0.707106781186844
0.6163,1.0,0.5877852522927254
0.61635,1.0,0.4539904997399314
0.6164,1.0,0.30901699437525576
0.61645,1.0,0.15643446504022035
0.6165,1.0,1.0925025511603908e-13
0.61655,1.0,-0.1564344650402291
0.6166,1.0,-0.30901699437483166
0.61665,1.0,-0.4539904997395341
0.6167,1.0,-0.5877852522923646
0.61675,1.0,-0.7071067811865287
0.6168,1.0,-0.8090169943748613
0.61685,1.0,-0.8910065241882469
0.6169,1.0,-0.9510565162951045
0.61695,1.0,-0.9876883405950941
0.617,1.0,-1.0
0.61705,1.0,-0.9876883405951833
0.6171,1.0,-0.9510565162952104
0.61715,1.0,-0.8910065241885058
0.6172,1.0,-0.8090169943750628
0.61725,1.0,-0.7071067811867712
0.6173,1.0,-0.587785252292826
0.61735,1.0,-0.4539904997398397
0.6174,1.0,-0.3090169943753741
0.61745,1.0,-0.15643446504034328
0.6175,1.0,-6.344023110739291e-15
0.61755,1.0,0.15643446504010616
0.6176,1.0,0.3090169943749296
0.61765,1.0,0.4539904997394232
0.6177,1.0,0.5877852522924478
0.61775,1.0,0.7071067811864407
0.6178,1.0,0.8090169943749217
0.61785,1.0,0.8910065241882936
0.6179,1.0,0.9510565162950659
0.61795,1.0,0.9876883405951102
0.618,1.0,1.0
0.61805,1.0,0.9876883405951672
0.6181,1.0,0.9510565162952489
0.61815,1.0,0.891006524188459
0.6182,1.0,0.809016994375136
0.61825,1.0,0.7071067811866985
0.6183,1.0,0.5877852522927428
0.61835,1.0,0.45399049973974803
0.6184,1.0,0.30901699437527624
0.61845,1.0,0.15643446504024164
0.6185,1.0,1.3081146654867157e-13
0.61855,1.0,-0.1564344650402078
0.6186,1.0,-0.30901699437481117
0.61865,1.0,-0.4539904997395149
0.6187,1.0,-0.5877852522923471
0.61875,1.0,-0.7071067811865134
0.6188,1.0,-0.8090169943748485
0.61885,1.0,-0.8910065241883404
0.6189,1.0,-0.9510565162950978
0.61895,1.0,-0.9876883405950907
0.619,1.0,-1.0
0.61905,1.0,-0.9876883405951867
0.6191,1.0,-0.951056516295217
0.61915,1.0,-0.8910065241885156
0.6192,1.0,-0.8090169943750756
0.61925,1.0,-0.7071067811867864
0.6193,1.0,-0.5877852522926595
0.61935,1.0,-0.4539904997398589
0.6194,1.0,-0.3090169943751784
0.61945,1.0,-0.15643446504058914
0.6195,1.0,-2.7905234543371766e-14
0.61955,1.0,0.15643446504008487
0.6196,1.0,0.30901699437490904
0.61965,1.0,0.453990499739404
0.6197,1.0,0.5877852522924304
0.61975,1.0,0.7071067811864254
0.6198,1.0,0.809016994374909
0.61985,1.0,0.8910065241882839
0.6199,1.0,0.9510565162951296
0.61995,1.0,0.9876883405951068
0.62,1.0,1.0
0.62005,1.0,0.9876883405951706
0.6201,1.0,0.9510565162952556
0.62015,1.0,0.8910065241884689
0.6202,1.0,0.8090169943751487
0.62025,1.0,0.7071067811867137
0.6203,1.0,0.5877852522927602
0.62035,1.0,0.45399049973976724
0.6204,1.0,0.3090169943752967
0.62045,1.0,0.1564344650404875
0.6205,1.0,-7.500099746192803e-14
0.62055,1.0,-0.15643446504018652
0.6206,1.0,-0.3090169943747907
0.62065,1.0,-0.4539904997394957
0.6207,1.0,-0.5877852522923297
0.62075,1.0,-0.7071067811864982
0.6208,1.0,-0.8090169943748359
0.62085,1.0,-0.8910065241883305
0.6209,1.0,-0.9510565162950911
0.62095,1.0,-0.9876883405951229
0.621,1.0,-1.0
0.62105,1.0,-0.9876883405951901
0.6211,1.0,-0.9510565162952237
0.62115,1.0,-0.8910065241885253
0.6212,1.0,-0.8090169943750882
0.62125,1.0,-0.7071067811868017
0.6213,1.0,-0.587785252292677
0.62135,1.0,-0.4539904997398781
0.6214,1.0,-0.30901699437519886
0.62145,1.0,-0.15643446504061045
0.6215,1.0,-4.9466445976004245e-14
0.62155,1.0,0.15643446504028816
0.6216,1.0,0.30901699437488855
0.62165,1.0,0.45399049973938477
0.6217,1.0,0.587785252292413
0.62175,1.0,0.7071067811864101
0.6218,1.0,0.8090169943748964
0.62185,1.0,0.891006524188274
0.6219,1.0,0.9510565162951229
0.62195,1.0,0.9876883405951035
0.622,1.0,1.0
0.62205,1.0,0.987688340595174
0.6221,1.0,0.9510565162952622
0.62215,1.0,0.8910065241884787
0.6222,1.0,0.8090169943751614
0.62225,1.0,0.7071067811867289
0.6223,1.0,0.5877852522927777
0.62235,1.0,0.45399049973978645
0.6224,1.0,0.30901699437531727
0.62245,1.0,0.1564344650405088
0.6225,1.0,-5.343978602929555e-14
0.62255,1.0,-0.15643446504016523
0.6226,1.0,-0.3090169943749864
0.62265,1.0,-0.45399049973947647
0.6227,1.0,-0.5877852522923123
0.62275,1.0,-0.7071067811864828
0.6228,1.0,-0.8090169943748232
0.62285,1.0,-0.8910065241883207
0.6229,1.0,-0.9510565162950845
0.62295,1.0,-0.9876883405951196
0.623,1.0,-1.0
0.62305,1.0,-0.9876883405951579
0.6231,1.0,-0.9510565162952304
0.62315,1.0,-0.8910065241885352
0.6232,1.0,-0.8090169943751009
0.62325,1.0,-0.7071067811868169
0.6233,1.0,-0.5877852522926944
0.62335,1.0,-0.45399049973989736
0.6234,1.0,-0.3090169943752194
0.62345,1.0,-0.15643446504063174
0.6235,1.0,-7.102765740863671e-14
0.62355,1.0,0.15643446504026687
0.6236,1.0,0.309016994374868
0.62365,1.0,0.4539904997395682
0.6237,1.0,0.5877852522923955
0.62375,1.0,0.7071067811863949
0.6238,1.0,0.8090169943748837
0.62385,1.0,0.8910065241882642
0.6239,1.0,0.9510565162951162
0.62395,1.0,0.9876883405951
0.624,1.0,1.0
0.62405,1.0,0.9876883405951773
0.6241,1.0,0.9510565162951986
0.62415,1.0,0.8910065241884885
0.6242,1.0,0.809016994375174
0.62425,1.0,0.7071067811867441
0.6243,1.0,0.5877852522927951
0.62435,1.0,0.45399049973980565
0.6244,1.0,0.30901699437533775
0.62445,1.0,0.1564344650405301
0.6245,1.0,-3.187857459666307e-14
0.62455,1.0,-0.1564344650401439
0.6246,1.0,-0.3090169943749659
0.62465,1.0,-0.45399049973945726
0.6247,1.0,-0.5877852522924788
0.62475,1.0,-0.7071067811864676
0.6248,1.0,-0.8090169943748106
0.62485,1.0,-0.8910065241883109
0.6249,1.0,-0.9510565162950778
0.62495,1.0,-0.9876883405951161
0.625,1.0,-1.0
0.62505,1.0,-0.9876883405951612
0.6251,1.0,-0.951056516295237
0.62515,1.0,-0.8910065241884417
0.6252,1.0,-0.8090169943751135
0.62525,1.0,-0.7071067811866714
0.6253,1.0,-0.5877852522927118
0.62535,1.0,-0.45399049973991656
0.6254,1.0,-0.3090169943752399
0.62545,1.0,-0.15643446504065303
0.6255,1.0,-3.1996254428450124e-13
0.62555,1.0,0.15643446504024555
0.6256,1.0,0.30901699437484753
0.62565,1.0,0.45399049973954897
0.6257,1.0,0.5877852522923781
0.62575,1.0,0.7071067811865405
0.6258,1.0,0.8090169943748711
0.62585,1.0,0.8910065241882544
0.6259,1.0,0.9510565162951096
0.62595,1.0,0.9876883405950967
0.626,1.0,1.0
0.62605,1.0,0.9876883405951807
0.6261,1.0,0.9510565162952053
0.62615,1.0,0.8910065241884982
0.6262,1.0,0.809016994375053
0.62625,1.0,0.7071067811867594
0.6263,1.0,0.5877852522926286
0.62635,1.0,0.45399049973982486
0.6264,1.0,0.3090169943753583
0.62645,1.0,0.1564344650405514
0.6265,1.0,4.4442998772243353e-13
0.62655,1.0,-0.15643446504012262
0.6266,1.0,-0.3090169943749454
0.62665,1.0,-0.45399049973943806
0.6267,1.0,-0.5877852522924614
0.62675,1.0,-0.7071067811864524
0.6268,1.0,-0.8090169943749316
0.62685,1.0,-0.8910065241883012
0.6269,1.0,-0.9510565162950712
0.62695,1.0,-0.9876883405951128
0.627,1.0,-1.0
0.62705,1.0,-0.9876883405951646
0.6271,1.0,-0.9510565162952437
0.62715,1.0,-0.8910065241884515
0.6272,1.0,-0.8090169943751262
0.62725,1.0,-0.7071067811866867
0.6273,1.0,-0.5877852522927293
0.62735,1.0,-0.45399049973973316
0.6274,1.0,-0.30901699437526037
0.62745,1.0,-0.15643446504067432
0.6275,1.0,-3.415237557171337e-13
0.62755,1.0,0.15643446504022426
0.6276,1.0,0.30901699437482705
0.62765,1.0,0.45399049973952976
0.6277,1.0,0.5877852522923607
0.62775,1.0,0.7071067811865251
0.6278,1.0,0.8090169943748584
0.62785,1.0,0.8910065241883479
0.6279,1.0,0.9510565162951029
0.62795,1.0,0.9876883405950934
0.628,1.0,1.0
0.62805,1.0,0.9876883405951841
0.6281,1.0,0.9510565162952119
0.62815,1.0,0.891006524188508
0.6282,1.0,0.8090169943750657
0.62825,1.0,0.7071067811867746
0.6283,1.0,0.587785252292646
0.62835,1.0,0.45399049973984407
0.6284,1.0,0.3090169943751625
0.62845,1.0,0.15643446504057268
0.6285,1.0,4.65991199155066e-13
0.62855,1.0,-0.15643446504010133
0.6286,1.0,-0.3090169943749249
0.62865,1.0,-0.45399049973941885
0.6287,1.0,-0.5877852522924439
0.62875,1.0,-0.7071067811864372
0.6288,1.0,-0.8090169943749189
0.62885,1.0,-0.8910065241882914
0.6289,1.0,-0.9510565162951347
0.62895,1.0,-0.9876883405951095
0.629,1.0,-1.0
0.62905,1.0,-0.987688340595168
0.6291,1.0,-0.9510565162952503
0.62915,1.0,-0.8910065241884613
0.6292,1.0,-0.8090169943751389
0.62925,1.0,-0.7071067811867019
0.6293,1.0,-0.5877852522927467
0.62935,1.0,-0.45399049973975236
0.6294,1.0,-0.3090169943752809
0.62945,1.0,-0.15643446504047104
0.6295,1.0,-3.630849671497662e-13
0.62955,1.0,0.15643446504020297
0.6296,1.0,0.3090169943748065
0.62965,1.0,0.45399049973951056
0.6297,1.0,0.5877852522923432
0.62975,1.0,0.7071067811865099
0.6298,1.0,0.8090169943748458
0.62985,1.0,0.891006524188338
0.6299,1.0,0.9510565162950962
0.62995,1.0,0.9876883405951256
0.63,1.0,1.0
0.63005,1.0,0.9876883405951874
0.6301,1.0,0.9510565162952186
0.63015,1.0,0.8910065241885178
0.6302,1.0,0.8090169943750785
0.63025,1.0,0.7071067811867898
0.6303,1.0,0.5877852522926634
0.63035,1.0,0.4539904997398633
0.6304,1.0,0.30901699437518304
0.63045,1.0,0.156434465040594
0.6305,1.0,2.601787351444664e-13
0.63055,1.0,-0.15643446504030462
0.6306,1.0,-0.3090169943749044
0.63065,1.0,-0.45399049973939964
0.6307,1.0,-0.5877852522924264
0.63075,1.0,-0.7071067811864219
0.6308,1.0,-0.8090169943749062
0.63085,1.0,-0.8910065241882816
0.6309,1.0,-0.951056516295128
0.63095,1.0,-0.987688340595106
0.631,1.0,-1.0
0.63105,1.0,-0.9876883405951713
0.6311,1.0,-0.9510565162951868
0.63115,1.0,-0.8910065241884711
0.6312,1.0,-0.8090169943751515
0.63125,1.0,-0.7071067811867171
0.6313,1.0,-0.5877852522927641
0.63135,1.0,-0.45399049973977157
0.6314,1.0,-0.3090169943753014
0.63145,1.0,-0.15643446504049235
0.6315,1.0,-3.8464617858239866e-13
0.63155,1.0,0.1564344650399571
0.6316,1.0,0.30901699437500224
0.63165,1.0,0.45399049973949135
0.6317,1.0,0.5877852522923257
0.63175,1.0,0.7071067811864947
0.6318,1.0,0.809016994374833
0.63185,1.0,0.8910065241883283
0.6319,1.0,0.9510565162950896
0.63195,1.0,0.9876883405951221
0.632,1.0,1.0
0.63205,1.0,0.9876883405951552
0.6321,1.0,0.9510565162952253
0.63215,1.0,0.8910065241884244
0.6322,1.0,0.8090169943750911
0.63225,1.0,0.7071067811868051
0.6323,1.0,0.587785252292681
0.63235,1.0,0.4539904997398825
0.6324,1.0,0.3090169943752035
0.63245,1.0,0.15643446504061528
0.6325,1.0,2.817399465770989e-13
0.63255,1.0,-0.15643446503983416
0.6326,1.0,-0.3090169943748839
0.63265,1.0,-0.453990499739583
0.6327,1.0,-0.587785252292409
0.63275,1.0,-0.7071067811864067
0.6328,1.0,-0.8090169943748935
0.63285,1.0,-0.8910065241882718
0.6329,1.0,-0.9510565162951213
0.63295,1.0,-0.9876883405951027
0.633,1.0,-1.0
0.63305,1.0,-0.9876883405951747
0.6331,1.0,-0.9510565162951935
0.63315,1.0,-0.8910065241884809
0.6332,1.0,-0.8090169943750306
0.63325,1.0,-0.7071067811867324
0.6333,1.0,-0.5877852522927817
0.63335,1.0,-0.4539904997397908
0.6334,1.0,-0.30901699437532193
0.63345,1.0,-0.15643446504051364
0.6335,1.0,-4.0620739001503114e-13
0.63355,1.0,0.1564344650399358
0.6336,1.0,0.30901699437498176
0.63365,1.0,0.4539904997394721
0.6337,1.0,0.5877852522924922
0.63375,1.0,0.7071067811864794
0.6338,1.0,0.8090169943748203
0.63385,1.0,0.8910065241883185
0.6339,1.0,0.9510565162950829
0.63395,1.0,0.9876883405951188
0.634,1.0,1.0
0.63405,1.0,0.9876883405951586
0.6341,1.0,0.9510565162952319
0.63415,1.0,0.8910065241884342
0.6342,1.0,0.8090169943751038
0.63425,1.0,0.7071067811866596
0.6343,1.0,0.5877852522926984
0.63435,1.0,0.4539904997399017
0.6344,1.0,0.30901699437522406
0.63445,1.0,0.15643446504063657
0.6345,1.0,3.0330115800973137e-13
0.63455,1.0,-0.15643446503981287
0.6346,1.0,-0.30901699437486335
0.63465,1.0,-0.4539904997395638
0.6347,1.0,-0.5877852522923915
0.63475,1.0,-0.7071067811865522
0.6348,1.0,-0.8090169943748808
0.63485,1.0,-0.891006524188262
0.6349,1.0,-0.9510565162951147
0.63495,1.0,-0.9876883405950994
0.635,1.0,-1.0
0.63505,1.0,-0.9876883405951781
0.6351,1.0,-0.9510565162952002
0.63515,1.0,-0.8910065241884907
0.6352,1.0,-0.8090169943750433
0.63525,1.0,-0.7071067811867476
0.6353,1.0,-0.5877852522926151
0.63535,1.0,-0.45399049973981
0.6354,1.0,-0.3090169943753424
0.63545,1.0,-0.15643446504053493
0.6355,1.0,-4.277686014476636e-13
0.63555,1.0,0.1564344650399145
0.6356,1.0,0.3090169943749612
0.63565,1.0,0.4539904997394529
0.6357,1.0,0.5877852522924748
0.63575,1.0,0.7071067811864642
0.6358,1.0,0.8090169943749413
0.63585,1.0,0.8910065241883087
0.6359,1.0,0.9510565162950763
0.63595,1.0,0.9876883405951153
0.636,1.0,1.0
0.63605,1.0,0.987688340595162
0.6361,1.0,0.9510565162952386
0.63615,1.0,0.891006524188444
0.6362,1.0,0.8090169943751164
0.63625,1.0,0.7071067811866748
0.6363,1.0,0.5877852522927158
0.63635,1.0,0.45399049973971833
0.6364,1.0,0.30901699437524455
0.63645,1.0,0.15643446504065786
0.6365,1.0,3.2486236944236385e-13
0.63655,1.0,-0.15643446503979158
0.6366,1.0,-0.30901699437484287
0.63665,1.0,-0.4539904997395446
0.6367,1.0,-0.5877852522923741
0.63675,1.0,-0.707106781186537
0.6368,1.0,-0.8090169943748682
0.63685,1.0,-0.8910065241883555
0.6369,1.0,-0.951056516295108
0.63695,1.0,-0.9876883405950959
0.637,1.0,-1.0
0.63705,1.0,-0.9876883405951815
0.6371,1.0,-0.9510565162952068
0.63715,1.0,-0.8910065241885005
0.6372,1.0,-0.8090169943750559
0.63725,1.0,-0.7071067811867628
0.6373,1.0,-0.5877852522926326
0.63735,1.0,-0.4539904997398292
0.6374,1.0,-0.3090169943751467
0.63745,1.0,-0.15643446504055622
0.6375,1.0,-4.493298128802961e-13
0.63755,1.0,0.15643446503989322
0.6376,1.0,0.30901699437450825
0.63765,1.0,0.4539904997394337
0.6377,1.0,0.5877852522924574
0.63775,1.0,0.707106781186449
0.6378,1.0,0.8090169943749287
0.63785,1.0,0.891006524188299
0.6379,1.0,0.9510565162951399
0.63795,1.0,0.987688340595112
0.638,1.0,1.0
0.63805,1.0,0.9876883405951654
0.6381,1.0,0.9510565162952452
0.63815,1.0,0.8910065241884537
0.6382,1.0,0.8090169943751291
0.63825,1.0,0.7071067811866901
0.6383,1.0,0.5877852522927333
0.63835,1.0,0.45399049973973754
0.6384,1.0,0.30901699437526503
0.63845,1.0,0.1564344650404546
0.6385,1.0,3.4642358087499633e-13
0.63855,1.0,-0.15643446503977027
0.6386,1.0,-0.3090169943746061
0.63865,1.0,-0.4539904997395254
0.6387,1.0,-0.5877852522923567
0.63875,1.0,-0.7071067811865217
0.6388,1.0,-0.8090169943748555
0.63885,1.0,-0.8910065241883457
0.6389,1.0,-0.9510565162951014
0.63895,1.0,-0.9876883405951281
0.639,1.0,-1.0
0.63905,1.0,-0.9876883405951493
0.6391,1.0,-0.9510565162952135
0.63915,1.0,-0.8910065241885102
0.6392,1.0,-0.8090169943750686
0.63925,1.0,-0.7071067811867782
0.6393,1.0,-0.58778525229265
0.63935,1.0,-0.45399049973984845
0.6394,1.0,-0.30901699437516716
0.63945,1.0,-0.15643446504057754
0.6395,1.0,-2.435173488696965e-13
0.63955,1.0,0.1564344650398719
0.6396,1.0,0.30901699437448776
0.63965,1.0,0.45399049973941447
0.6397,1.0,0.5877852522924399
0.63975,1.0,0.7071067811864338
0.6398,1.0,0.809016994374916
0.63985,1.0,0.8910065241882892
0.6399,1.0,0.9510565162951332
0.63995,1.0,0.9876883405951087
0.64,1.0,1.0
0.64005,1.0,0.9876883405951687
0.6401,1.0,0.9510565162951816
0.64015,1.0,0.8910065241884635
0.6402,1.0,0.8090169943751417
0.64025,1.0,0.7071067811867053
0.6403,1.0,0.5877852522927507
0.64035,1.0,0.45399049973975675
0.6404,1.0,0.30901699437528557
0.64045,1.0,0.1564344650404759
0.6405,1.0,3.679847923076288e-13
0.64055,1.0,-0.15643446503997355
0.6406,1.0,-0.30901699437458563
0.64065,1.0,-0.45399049973950617
0.6407,1.0,-0.5877852522923392
0.64075,1.0,-0.7071067811865065
0.6408,1.0,-0.8090169943748429
0.64085,1.0,-0.8910065241883358
0.6409,1.0,-0.9510565162950947
0.64095,1.0,-0.9876883405951248
0.641,1.0,-1.0
0.64105,1.0,-0.9876883405951526
0.6411,1.0,-0.9510565162952201
0.64115,1.0,-0.8910065241884169
0.6412,1.0,-0.8090169943750812
0.64125,1.0,-0.7071067811867934
0.6413,1.0,-0.5877852522926674
0.64135,1.0,-0.45399049973986766
0.6414,1.0,-0.3090169943751877
0.64145,1.0,-0.15643446504059882
0.6415,1.0,-2.65078560302329e-13
0.64155,1.0,0.15643446503985062
0.6416,1.0,0.3090169943746835
0.64165,1.0,0.4539904997395979
0.6417,1.0,0.5877852522924225
0.64175,1.0,0.7071067811864185
0.6418,1.0,0.8090169943749033
0.64185,1.0,0.8910065241882793
0.6419,1.0,0.9510565162951266
0.64195,1.0,0.9876883405951052
0.642,1.0,1.0
0.64205,1.0,0.9876883405951721
0.6421,1.0,0.9510565162951883
0.64215,1.0,0.8910065241884734
0.6422,1.0,0.8090169943750208
0.64225,1.0,0.7071067811867205
0.6423,1.0,0.5877852522927681
0.64235,1.0,0.45399049973977595
0.6424,1.0,0.30901699437530605
0.64245,1.0,0.15643446504049718
0.6425,1.0,3.895460037402613e-13
0.64255,1.0,-0.15643446503995226
0.6426,1.0,-0.3090169943745651
0.64265,1.0,-0.45399049973948696
0.6427,1.0,-0.5877852522925058
0.64275,1.0,-0.7071067811864913
0.6428,1.0,-0.8090169943748301
0.64285,1.0,-0.891006524188326
0.6429,1.0,-0.951056516295088
0.64295,1.0,-0.9876883405951213
0.643,1.0,-1.0
0.64305,1.0,-0.987688340595156
0.6431,1.0,-0.9510565162952268
0.64315,1.0,-0.8910065241884266
0.6432,1.0,-0.809016994375094
0.64325,1.0,-0.7071067811866478
0.6433,1.0,-0.5877852522926849
0.64335,1.0,-0.45399049973988687
0.6434,1.0,-0.3090169943752082
0.64345,1.0,-0.1564344650406201
0.6435,1.0,-2.8663977173496146e-13
0.64355,1.0,0.15643446503982933
0.6436,1.0,0.30901699437466296
0.64365,1.0,0.45399049973957867
0.6437,1.0,0.5877852522924051
0.64375,1.0,0.707106781186564
0.6438,1.0,0.8090169943748906
0.64385,1.0,0.8910065241883728
0.6439,1.0,0.9510565162951199
0.64395,1.0,0.9876883405951019
0.644,1.0,1.0
0.64405,1.0,0.9876883405951755
0.6441,1.0,0.9510565162951949
0.64415,1.0,0.8910065241884831
0.6442,1.0,0.8090169943750335
0.64425,1.0,0.7071067811867359
0.6443,1.0,0.5877852522926016
0.64435,1.0,0.45399049973979516
0.6444,1.0,0.3090169943753266
0.64445,1.0,0.15643446504051847
0.6445,1.0,4.1110721517289375e-13
0.64455,1.0,-0.15643446503993097
0.6446,1.0,-0.3090169943745446
0.64465,1.0,-0.45399049973926514
0.6447,1.0,-0.5877852522924882
0.64475,1.0,-0.707106781186476
0.6448,1.0,-0.8090169943749511
0.64485,1.0,-0.8910065241883163
0.6449,1.0,-0.9510565162951516
0.64495,1.0,-0.987688340595118
0.645,1.0,-1.0
0.64505,1.0,-0.9876883405951594
0.6451,1.0,-0.9510565162952335
0.64515,1.0,-0.8910065241884364
0.6452,1.0,-0.8090169943751067
0.64525,1.0,-0.707106781186663
0.6453,1.0,-0.5877852522927023
0.64535,1.0,-0.45399049973970346
0.6454,1.0,-0.3090169943752287
0.64545,1.0,-0.15643446504064143
0.6455,1.0,-3.0820098316759394e-13
0.64555,1.0,0.15643446503980804
0.6456,1.0,0.3090169943746425
0.64565,1.0,0.45399049973915423
0.6457,1.0,0.5877852522923876
0.64575,1.0,0.7071067811865488
0.6458,1.0,0.809016994374878
0.64585,1.0,0.891006524188363
0.6459,1.0,0.9510565162951132
0.64595,1.0,0.9876883405951341
0.646,1.0,1.0
0.64605,1.0,0.9876883405951788
0.6461,1.0,0.9510565162952016
0.64615,1.0,0.8910065241884929
0.6462,1.0,0.8090169943750462
0.64625,1.0,0.7071067811867511
0.6463,1.0,0.587785252292619
0.64635,1.0,0.45399049973981437
0.6464,1.0,0.30901699437513086
0.64645,1.0,0.1564344650405398
0.6465,1.0,4.3266842660552623e-13
0.64655,1.0,-0.15643446503990968
0.6466,1.0,-0.30901699437452407
0.64665,1.0,-0.45399049973924593
0.6467,1.0,-0.5877852522924708
0.64675,1.0,-0.7071067811864608
0.6468,1.0,-0.8090169943749385
0.64685,1.0,-0.8910065241883065
0.6469,1.0,-0.951056516295145
0.64695,1.0,-0.9876883405951147
0.647,1.0,-1.0
0.64705,1.0,-0.9876883405951628
0.6471,1.0,-0.9510565162952401
0.64715,1.0,-0.8910065241884462
0.6472,1.0,-0.8090169943751193
0.64725,1.0,-0.7071067811866784
0.6473,1.0,-0.5877852522927198
0.64735,1.0,-0.45399049973972266
0.6474,1.0,-0.3090169943752492
0.64745,1.0,-0.15643446504043815
0.6475,1.0,-3.297621946002264e-13
0.64755,1.0,0.15643446503978672
0.6476,1.0,0.309016994374622
0.64765,1.0,0.453990499739135
0.6477,1.0,0.5877852522923701
0.64775,1.0,0.7071067811865335
0.6478,1.0,0.8090169943748653
0.64785,1.0,0.8910065241883532
0.6479,1.0,0.9510565162951066
0.64795,1.0,0.9876883405951308
0.648,1.0,1.0
0.64805,1.0,0.9876883405951467
0.6481,1.0,0.9510565162952083
0.64815,1.0,0.8910065241885027
0.6482,1.0,0.8090169943750588
0.64825,1.0,0.7071067811867663
0.6483,1.0,0.5877852522926366
0.64835,1.0,0.4539904997398336
0.6484,1.0,0.30901699437515134
0.64845,1.0,0.15643446504056108
0.6485,1.0,2.2685596259492665e-13
0.64855,1.0,-0.15643446503988837
0.6486,1.0,-0.30901699437471986
0.64865,1.0,-0.4539904997392267
0.6487,1.0,-0.5877852522924534
0.64875,1.0,-0.7071067811864455
0.6488,1.0,-0.8090169943749258
0.64885,1.0,-0.8910065241882967
0.6489,1.0,-0.9510565162951383
0.64895,1.0,-0.9876883405951112
0.649,1.0,-1.0
0.64905,1.0,-0.9876883405951662
0.6491,1.0,-0.9510565162951765
0.64915,1.0,-0.8910065241884559
0.6492,1.0,-0.809016994375132
0.64925,1.0,-0.7071067811866936
0.6493,1.0,-0.5877852522927373
0.64935,1.0,-0.45399049973974187
0.6494,1.0,-0.3090169943752697
0.64945,1.0,-0.15643446504045944
0.6495,1.0,-3.513234060328589e-13
0.64955,1.0,0.15643446503999
0.6496,1.0,0.30901699437460145
0.64965,1.0,0.45399049973931843
0.6497,1.0,0.5877852522923527
0.64975,1.0,0.7071067811865183
0.6498,1.0,0.8090169943748526
0.64985,1.0,0.8910065241883435
0.6499,1.0,0.9510565162950999
0.64995,1.0,0.9876883405951273
0.65,1.0,1.0
0.65005,1.0,0.9876883405951501
0.6501,1.0,0.9510565162952149
0.65015,1.0,0.8910065241884092
0.6502,1.0,0.8090169943750715
0.65025,1.0,0.7071067811867816
0.6503,1.0,0.587785252292654
0.65035,1.0,0.4539904997398528
0.6504,1.0,0.3090169943751718
0.65045,1.0,0.15643446504058237
0.6505,1.0,2.484171740275591e-13
0.65055,1.0,-0.15643446503986708
0.6506,1.0,-0.3090169943746993
0.65065,1.0,-0.4539904997392075
0.6507,1.0,-0.587785252292252
0.65075,1.0,-0.707106781186591
0.6508,1.0,-0.8090169943749131
0.65085,1.0,-0.891006524188287
0.6509,1.0,-0.9510565162951317
0.65095,1.0,-0.9876883405951079
0.651,1.0,-1.0
0.65105,1.0,-0.9876883405951695
0.6511,1.0,-0.9510565162951832
0.65115,1.0,-0.8910065241884657
0.6512,1.0,-0.8090169943750111
0.65125,1.0,-0.7071067811867088
0.6513,1.0,-0.5877852522927547
0.65135,1.0,-0.4539904997397611
0.6514,1.0,-0.30901699437529023
0.65145,1.0,-0.15643446504048072
0.6515,1.0,-3.7288461746549136e-13
0.65155,1.0,0.15643446503996872
0.6516,1.0,0.30901699437458097
0.65165,1.0,0.4539904997392992
0.6517,1.0,0.5877852522921513
0.65175,1.0,0.7071067811865029
0.6518,1.0,0.8090169943749737
0.65185,1.0,0.8910065241883336
0.6519,1.0,0.9510565162951635
0.65195,1.0,0.9876883405950884
0.652,1.0,1.0
0.65205,1.0,0.9876883405951534
0.6521,1.0,0.9510565162951513
0.65215,1.0,0.8910065241885222
0.6522,1.0,0.8090169943750841
0.65225,1.0,0.7071067811866361
0.6523,1.0,0.5877852522924875
0.65235,1.0,0.453990499739872
0.6524,1.0,0.30901699437519237
0.65245,1.0,0.15643446504037908
0.6525,1.0,4.973520609034237e-13
0.65255,1.0,-0.1564344650398458
0.6526,1.0,-0.30901699437467883
0.65265,1.0,-0.4539904997393909
0.6527,1.0,-0.5877852522920506
0.65275,1.0,-0.7071067811865758
0.6528,1.0,-0.809016994375034
0.65285,1.0,-0.8910065241882771
0.6529,1.0,-0.951056516295125
0.65295,1.0,-0.9876883405951401
0.653,1.0,-1.0
0.65305,1.0,-0.9876883405951729
0.6531,1.0,-0.9510565162951898
0.65315,1.0,-0.8910065241883723
0.6532,1.0,-0.8090169943751573
0.65325,1.0,-0.707106781186724
0.6533,1.0,-0.5877852522925882
0.65335,1.0,-0.4539904997395777
0.6534,1.0,-0.3090169943753107
0.65345,1.0,-0.156434465040502
0.6535,1.0,-1.670721534548918e-13
0.65355,1.0,0.15643446503972286
0.6536,1.0,0.3090169943745604
0.65365,1.0,0.45399049973928
0.6537,1.0,0.5877852522923178
0.65375,1.0,0.7071067811864877
0.6538,1.0,0.8090169943749609
0.65385,1.0,0.8910065241884271
0.6539,1.0,0.9510565162950866
0.65395,1.0,0.9876883405951206
0.654,1.0,1.0
0.65405,1.0,0.9876883405951924
0.6541,1.0,0.9510565162952282
0.65415,1.0,0.8910065241884289
0.6542,1.0,0.8090169943749632
0.65425,1.0,0.707106781186812
0.6543,1.0,0.5877852522926889
0.65435,1.0,0.45399049973968864
0.6544,1.0,0.30901699437499663
0.65445,1.0,0.15643446504062497
0.6545,1.0,2.9153959689282407e-13
0.65455,1.0,-0.15643446504004907
0.6546,1.0,-0.3090169943744421
0.65465,1.0,-0.4539904997391691
0.6547,1.0,-0.5877852522922171
0.65475,1.0,-0.7071067811863998
0.6548,1.0,-0.8090169943748877
0.65485,1.0,-0.8910065241883706
0.6549,1.0,-0.9510565162951886
0.65495,1.0,-0.9876883405951011
0.655,1.0,-1.0
0.65505,1.0,-0.9876883405951407
0.6551,1.0,-0.9510565162952668
0.65515,1.0,-0.8910065241884854
0.6552,1.0,-0.8090169943750364
0.65525,1.0,-0.7071067811865785
0.6553,1.0,-0.5877852522927896
0.65535,1.0,-0.45399049973979955
0.6554,1.0,-0.309016994375115
0.65545,1.0,-0.15643446504029876
0.6555,1.0,-4.160070403307563e-13
0.65555,1.0,0.1564344650399261
0.6556,1.0,0.30901699437475616
0.65565,1.0,0.4539904997390582
0.6557,1.0,0.5877852522921164
0.65575,1.0,0.7071067811866333
0.6558,1.0,0.8090169943748146
0.65585,1.0,0.891006524188314
0.6559,1.0,0.9510565162951502
0.65595,1.0,0.9876883405951528
0.656,1.0,1.0
0.65605,1.0,0.9876883405951602
0.6561,1.0,0.9510565162951646
0.65615,1.0,0.8910065241885419
0.6562,1.0,0.8090169943751095
0.65625,1.0,0.7071067811866665
0.6563,1.0,0.5877852522925223
0.65635,1.0,0.4539904997399104
0.6564,1.0,0.3090169943752334
0.65645,1.0,0.1564344650404217
0.6565,1.0,8.572713288222449e-14
0.65655,1.0,-0.15643446503980318
0.6566,1.0,-0.3090169943746378
0.65665,1.0,-0.45399049973935246
0.6567,1.0,-0.5877852522920157
0.65675,1.0,-0.7071067811862237
0.6568,1.0,-0.8090169943750087
0.65685,1.0,-0.8910065241882575
0.6569,1.0,-0.9510565162951117
0.65695,1.0,-0.9876883405951333
0.657,1.0,-1.0
0.65705,1.0,-0.9876883405951796
0.6571,1.0,-0.9510565162952032
0.65715,1.0,-0.8910065241883919
0.6572,1.0,-0.8090169943751827
0.65725,1.0,-0.7071067811867545
0.6573,1.0,-0.587785252292623
0.65735,1.0,-0.45399049973961614
0.6574,1.0,-0.30901699437535174
0.65745,1.0,-0.15643446504054462
0.6575,1.0,-2.1019457632015676e-13
0.65755,1.0,0.1564344650401294
0.6576,1.0,0.30901699437451946
0.65765,1.0,0.45399049973924155
0.6577,1.0,0.587785252292283
0.65775,1.0,0.7071067811861357
0.6578,1.0,0.8090169943749356
0.65785,1.0,0.8910065241884075
0.6579,1.0,0.9510565162950733
0.65795,1.0,0.9876883405951139
0.658,1.0,1.0
0.65805,1.0,0.987688340595128
0.6581,1.0,0.9510565162952416
0.65815,1.0,0.8910065241884484
0.6582,1.0,0.8090169943749885
0.65825,1.0,0.7071067811868426
0.6583,1.0,0.5877852522927237
0.65835,1.0,0.45399049973972705
0.6584,1.0,0.3090169943750376
0.65845,1.0,0.15643446504066755
0.6585,1.0,3.34662019758089e-13
0.65855,1.0,-0.15643446504000647
0.6586,1.0,-0.30901699437483354
0.65865,1.0,-0.4539904997391307
0.6587,1.0,-0.5877852522921823
0.65875,1.0,-0.7071067811863693
0.6588,1.0,-0.8090169943748624
0.65885,1.0,-0.891006524188351
0.6589,1.0,-0.9510565162951753
0.65895,1.0,-0.9876883405950944
0.659,1.0,-1.0
0.65905,1.0,-0.9876883405951474
0.6591,1.0,-0.9510565162951395
0.65915,1.0,-0.8910065241885049
0.6592,1.0,-0.8090169943750617
0.65925,1.0,-0.707106781186609
0.6593,1.0,-0.5877852522928244
0.65935,1.0,-0.45399049973983796
0.6594,1.0,-0.309016994375156
0.65945,1.0,-0.15643446504034134
0.6595,1.0,-4.591294631960213e-13
0.65955,1.0,0.15643446503988354
0.6596,1.0,0.3090169943747152
0.65965,1.0,0.45399049973942496
0.6597,1.0,0.5877852522920816
0.65975,1.0,0.7071067811862812
0.6598,1.0,0.8090169943747892
0.65985,1.0,0.8910065241882945
0.6599,1.0,0.9510565162951369
0.65995,1.0,0.9876883405951461
0.66,1.0,1.0
0.66005,1.0,0.9876883405951669
0.6601,1.0,0.951056516295178
0.66015,1.0,0.891006524188355
0.6602,1.0,0.8090169943751349
0.66025,1.0,0.707106781186697
0.6603,1.0,0.5877852522925572
0.66035,1.0,0.45399049973994887
0.6604,1.0,0.30901699437527436
0.66045,1.0,0.15643446504046427
0.6605,1.0,1.2884955574748944e-13
0.66055,1.0,-0.1564344650397606
0.6606,1.0,-0.3090169943745968
0.66065,1.0,-0.45399049973931405
0.6607,1.0,-0.5877852522923488
0.66075,1.0,-0.7071067811861933
0.6608,1.0,-0.8090169943749834
0.66085,1.0,-0.891006524188238
0.6609,1.0,-0.9510565162950984
0.66095,1.0,-0.9876883405951266
0.661,1.0,-1.0
0.66105,1.0,-0.9876883405951864
0.6611,1.0,-0.9510565162952165
0.66115,1.0,-0.8910065241884115
0.6612,1.0,-0.8090169943749407
0.66125,1.0,-0.707106781186785
0.6613,1.0,-0.5877852522926579
0.66135,1.0,-0.45399049973965455
0.6614,1.0,-0.30901699437539276
0.66145,1.0,-0.1564344650405872
0.6615,1.0,-2.533169991854217e-13
0.66155,1.0,0.15643446504008682
0.6616,1.0,0.30901699437447844
0.66165,1.0,0.45399049973920313
0.6617,1.0,0.5877852522922481
0.66175,1.0,0.7071067811864268
0.6618,1.0,0.8090169943749103
0.66185,1.0,0.8910065241883879
0.6619,1.0,0.9510565162952004
0.66195,1.0,0.9876883405951071
0.662,1.0,1.0
0.66205,1.0,0.9876883405951347
0.6621,1.0,0.9510565162952549
0.66215,1.0,0.8910065241884679
0.6622,1.0,0.8090169943750138
0.66225,1.0,0.7071067811865515
0.6623,1.0,0.5877852522927586
0.66235,1.0,0.45399049973976546
0.6624,1.0,0.3090169943750786
0.66245,1.0,0.15643446504071015
0.6625,1.0,3.77784442623354e-13
0.66255,1.0,-0.1564344650399639
0.6626,1.0,-0.3090169943747925
0.66265,1.0,-0.4539904997390922
0.6627,1.0,-0.5877852522921474
0.66275,1.0,-0.7071067811863387
0.6628,1.0,-0.8090169943748371
0.66285,1.0,-0.8910065241883314
0.6629,1.0,-0.951056516295162
0.66295,1.0,-0.9876883405951588
0.663,1.0,-1.0
0.66305,1.0,-0.9876883405951542
0.6631,1.0,-0.9510565162951529
0.66315,1.0,-0.8910065241885244
0.6632,1.0,-0.809016994375087
0.66325,1.0,-0.7071067811866395
0.6633,1.0,-0.5877852522924915
0.66335,1.0,-0.4539904997398764
0.6634,1.0,-0.30901699437519703
0.66345,1.0,-0.15643446504038394
0.6635,1.0,-5.022518860612862e-13
0.66355,1.0,0.15643446503984093
0.6636,1.0,0.30901699437467417
0.66365,1.0,0.45399049973938654
0.6637,1.0,0.5877852522920467
0.66375,1.0,0.7071067811862508
0.6638,1.0,0.8090169943747639
0.66385,1.0,0.8910065241882749
0.6639,1.0,0.9510565162951236
0.66395,1.0,0.9876883405951393
0.664,1.0,1.0
0.66405,1.0,0.9876883405951736
0.6641,1.0,0.9510565162951913
0.66415,1.0,0.8910065241883746
0.6642,1.0,0.8090169943751602
0.66425,1.0,0.7071067811867275
0.6643,1.0,0.5877852522925922
0.66435,1.0,0.4539904997395821
0.6644,1.0,0.3090169943753154
0.66445,1.0,0.15643446504050687
0.6645,1.0,1.719719786127544e-13
0.66455,1.0,-0.156434465039718
0.6646,1.0,-0.30901699437455576
0.66465,1.0,-0.45399049973927563
0.6647,1.0,-0.5877852522923138
0.66475,1.0,-0.7071067811861628
0.6648,1.0,-0.8090169943746908
0.66485,1.0,-0.8910065241884249
0.6649,1.0,-0.951056516295085
0.66495,1.0,-0.9876883405951199
0.665,1.0,-1.0
0.66505,1.0,-0.987688340595122
0.6651,1.0,-0.9510565162952298
0.66515,1.0,-0.8910065241884311
0.6652,1.0,-0.8090169943749661
0.66525,1.0,-0.7071067811868156
0.6653,1.0,-0.5877852522926929
0.66535,1.0,-0.45399049973969297
0.6654,1.0,-0.3090169943750013
0.66545,1.0,-0.1564344650406298
0.6655,1.0,-2.9643942205068664e-13
0.66555,1.0,0.1564344650400442
0.6656,1.0,0.3090169943744374
0.66565,1.0,0.4539904997391647
0.6657,1.0,0.5877852522922131
0.66575,1.0,0.7071067811863962
0.6658,1.0,0.8090169943746176
0.66585,1.0,0.8910065241883683
0.6659,1.0,0.9510565162951871
0.66595,1.0,0.9876883405951004
0.666,1.0,1.0
0.66605,1.0,0.9876883405951414
0.6661,1.0,0.9510565162951278
0.66615,1.0,0.8910065241884876
0.6662,1.0,0.8090169943750393
0.66625,1.0,0.707106781186582
0.6663,1.0,0.5877852522927935
0.66635,1.0,0.4539904997398039
0.6664,1.0,0.30901699437511965
0.66645,1.0,0.1564344650403036
0.6665,1.0,4.2090686548861893e-13
0.66655,1.0,-0.15643446503992128
0.6666,1.0,-0.30901699437475155
0.66665,1.0,-0.45399049973945904
0.6667,1.0,-0.5877852522921124
0.66675,1.0,-0.7071067811863083
0.6668,1.0,-0.8090169943748117
0.66685,1.0,-0.8910065241883118
0.6669,1.0,-0.9510565162951486
0.66695,1.0,-0.9876883405951521
0.667,1.0,-1.0
0.66705,1.0,-0.987688340595161
0.6671,1.0,-0.9510565162951662
0.66715,1.0,-0.8910065241883376
0.6672,1.0,-0.8090169943751124
0.66725,1.0,-0.70710678118667
0.6673,1.0,-0.5877852522925263
0.66735,1.0,-0.4539904997399148
0.6674,1.0,-0.309016994375238
0.66745,1.0,-0.15643446504042652
0.6675,1.0,-9.062695804008708e-14
0.66755,1.0,0.15643446503979835
0.6676,1.0,0.30901699437463315
0.66765,1.0,0.45399049973934813
0.6677,1.0,0.5877852522923797
0.66775,1.0,0.7071067811862203
0.6678,1.0,0.8090169943747386
0.66785,1.0,0.8910065241882553
0.6679,1.0,0.9510565162951102
0.66795,1.0,0.9876883405951326
0.668,1.0,1.0
0.66805,1.0,0.9876883405951804
0.6681,1.0,0.9510565162952046
0.66815,1.0,0.8910065241883941
0.6682,1.0,0.8090169943749183
0.66825,1.0,0.707106781186758
0.6683,1.0,0.587785252292627
0.66835,1.0,0.4539904997396205
0.6684,1.0,0.3090169943753564
0.66845,1.0,0.15643446504054945
0.6685,1.0,2.1509440147801934e-13
0.66855,1.0,-0.15643446504012457
0.6686,1.0,-0.3090169943745148
0.66865,1.0,-0.4539904997392372
0.6687,1.0,-0.587785252292279
0.66875,1.0,-0.7071067811864538
0.6688,1.0,-0.8090169943746653
0.66885,1.0,-0.8910065241881988
0.6689,1.0,-0.9510565162950717
0.66895,1.0,-0.9876883405951131
0.669,1.0,-1.0
0.66905,1.0,-0.9876883405951288
0.6691,1.0,-0.9510565162952431
0.66915,1.0,-0.8910065241884506
0.6692,1.0,-0.8090169943749914
0.66925,1.0,-0.7071067811865245
0.6693,1.0,-0.5877852522927277
0.66935,1.0,-0.45399049973973143
0.6694,1.0,-0.30901699437504226
0.66945,1.0,-0.15643446504067238
0.6695,1.0,-3.395618449159516e-13
0.66955,1.0,0.15643446504000164
0.6696,1.0,0.3090169943748289
0.66965,1.0,0.4539904997391263
0.6697,1.0,0.5877852522921783
0.66975,1.0,0.7071067811863658
0.6698,1.0,0.8090169943748595
0.66985,1.0,0.8910065241881423
0.6699,1.0,0.9510565162951737
0.66995,1.0,0.9876883405950936
0.67,1.0,1.0
0.67005,1.0,0.9876883405951482
0.6701,1.0,0.9510565162951411
0.67015,1.0,0.8910065241885071
0.6702,1.0,0.8090169943750646
0.67025,1.0,0.7071067811866125
0.6703,1.0,0.5877852522924605
0.67035,1.0,0.4539904997398423
0.6704,1.0,0.30901699437516067
0.67045,1.0,0.15643446504034617
0.6705,1.0,4.640292883538839e-13
0.67055,1.0,-0.1564344650398787
0.6706,1.0,-0.30901699437471053
0.67065,1.0,-0.45399049973942057
0.6707,1.0,-0.5877852522920776
0.67075,1.0,-0.7071067811862778
0.6708,1.0,-0.8090169943747864
0.67085,1.0,-0.8910065241882923
0.6709,1.0,-0.9510565162951353
0.67095,1.0,-0.9876883405951453
0.671,1.0,-1.0
0.67105,1.0,-0.9876883405951676
0.6711,1.0,-0.9510565162951795
0.67115,1.0,-0.8910065241883572
0.6712,1.0,-0.8090169943751377
0.67125,1.0,-0.7071067811867005
0.6713,1.0,-0.5877852522925612
0.67135,1.0,-0.453990499739548
0.6714,1.0,-0.309016994375279
0.67145,1.0,-0.15643446504046912
0.6715,1.0,-1.3374938090535203e-13
0.67155,1.0,0.15643446503975575
0.6716,1.0,0.3090169943745921
0.67165,1.0,0.4539904997393097
0.6717,1.0,0.5877852522923448
0.67175,1.0,0.7071067811861897
0.6718,1.0,0.8090169943747132
0.67185,1.0,0.8910065241882358
0.6719,1.0,0.9510565162950968
0.67195,1.0,0.9876883405951258
0.672,1.0,1.0
0.67205,1.0,0.9876883405951872
0.6721,1.0,0.951056516295218
0.67215,1.0,0.8910065241884138
0.6722,1.0,0.8090169943749436
0.67225,1.0,0.7071067811867885
0.6723,1.0,0.5877852522926619
0.67235,1.0,0.45399049973965894
0.6724,1.0,0.30901699437496494
0.67245,1.0,0.15643446504059205
0.6725,1.0,2.582168243432843e-13
0.67255,1.0,-0.15643446504008196
0.6726,1.0,-0.3090169943744738
0.67265,1.0,-0.4539904997391988
0.6727,1.0,-0.5877852522922441
0.67275,1.0,-0.7071067811864233
0.6728,1.0,-0.80901699437464
0.67285,1.0,-0.8910065241881793
0.6729,1.0,-0.9510565162951989
0.67295,1.0,-0.9876883405951064
0.673,1.0,-1.0
0.67305,1.0,-0.9876883405951354
0.6731,1.0,-0.9510565162952564
0.67315,1.0,-0.8910065241884703
0.6732,1.0,-0.8090169943750167
0.67325,1.0,-0.707106781186555
0.6733,1.0,-0.5877852522927626
0.67335,1.0,-0.45399049973976985
0.6734,1.0,-0.3090169943750833
0.67345,1.0,-0.15643446504026584
0.6735,1.0,-3.826842677812166e-13
0.67355,1.0,0.15643446503995903
0.6736,1.0,0.30901699437478786
0.67365,1.0,0.4539904997390879
0.6737,1.0,0.5877852522921434
0.67375,1.0,0.7071067811863353
0.6738,1.0,0.8090169943748342
0.67385,1.0,0.8910065241881228
0.6739,1.0,0.9510565162951604
0.67395,1.0,0.987688340595158
0.674,1.0,1.0
0.67405,1.0,0.987688340595155
0.6741,1.0,0.9510565162951544
0.67415,1.0,0.8910065241885268
0.6742,1.0,0.8090169943750899
0.67425,1.0,0.7071067811866429
0.6743,1.0,0.5877852522924953
0.67435,1.0,0.45399049973988076
0.6744,1.0,0.3090169943752017
0.67445,1.0,0.15643446504038877
0.6745,1.0,5.240436033268471e-14
0.67455,1.0,-0.1564344650398361
0.6746,1.0,-0.3090169943746695
0.67465,1.0,-0.45399049973938216
0.6747,1.0,-0.5877852522920427
0.67475,1.0,-0.7071067811862473
0.6748,1.0,-0.809016994374761
0.67485,1.0,-0.8910065241882726
0.6749,1.0,-0.951056516295122
0.67495,1.0,-0.9876883405951385
0.675,1.0,-1.0
0.67505,1.0,-0.9876883405951744
0.6751,1.0,-0.9510565162951928
0.67515,1.0,-0.8910065241883768
0.6752,1.0,-0.8090169943751631
0.67525,1.0,-0.707106781186731
0.6753,1.0,-0.587785252292596
0.67535,1.0,-0.45399049973958644
0.6754,1.0,-0.30901699437532004
0.67545,1.0,-0.1564344650405117
0.6755,1.0,-1.7687180377061698e-13
0.67555,1.0,0.1564344650401623
0.6756,1.0,0.3090169943745511
0.67565,1.0,0.45399049973927125
0.6757,1.0,0.5877852522923099
0.67575,1.0,0.7071067811861593
0.6758,1.0,0.8090169943746879
0.67585,1.0,0.8910065241882161
0.6759,1.0,0.9510565162950835
0.67595,1.0,0.9876883405951191
0.676,1.0,1.0
0.67605,1.0,0.9876883405951228
0.6761,1.0,0.9510565162952314
0.67615,1.0,0.8910065241884333
0.6762,1.0,0.809016994374969
0.67625,1.0,0.707106781186819
0.6763,1.0,0.5877852522926967
0.67635,1.0,0.45399049973969735
0.6764,1.0,0.30901699437500596
0.67645,1.0,0.15643446504063463
0.6765,1.0,3.0133924720854925e-13
0.67655,1.0,-0.15643446504003938
0.6766,1.0,-0.30901699437486524
0.67665,1.0,-0.4539904997391604
0.6767,1.0,-0.5877852522922092
0.67675,1.0,-0.7071067811863928
0.6768,1.0,-0.8090169943746147
0.67685,1.0,-0.8910065241881596
0.6769,1.0,-0.9510565162950451
0.67695,1.0,-0.9876883405950996
0.677,1.0,-1.0
0.67705,1.0,-0.9876883405951422
0.6771,1.0,-0.9510565162951292
0.67715,1.0,-0.8910065241884898
0.6772,1.0,-0.8090169943750422
0.67725,1.0,-0.7071067811865854
0.6773,1.0,-0.5877852522927974
0.67735,1.0,-0.45399049973980826
0.6774,1.0,-0.3090169943751243
0.67745,1.0,-0.15643446504030842
0.6775,1.0,-4.2580669064648154e-13
0.67755,1.0,0.15643446503991645
0.6776,1.0,0.3090169943747469
0.67765,1.0,0.45399049973945466
0.6777,1.0,0.5877852522921085
0.67775,1.0,0.7071067811863048
0.6778,1.0,0.8090169943748089
0.67785,1.0,0.8910065241881031
0.6779,1.0,0.9510565162950066
0.67795,1.0,0.9876883405951513
0.678,1.0,1.0
0.67805,1.0,0.9876883405951616
0.6781,1.0,0.9510565162951677
0.67815,1.0,0.8910065241883398
0.6782,1.0,0.8090169943751153
0.67825,1.0,0.7071067811866735
0.6783,1.0,0.5877852522925303
0.67835,1.0,0.4539904997399192
0.6784,1.0,0.30901699437524266
0.67845,1.0,0.15643446504043135
0.6785,1.0,9.552678319794966e-14
0.67855,1.0,-0.1564344650397935
0.6786,1.0,-0.3090169943746285
0.67865,1.0,-0.45399049973934374
0.6787,1.0,-0.5877852522923757
0.67875,1.0,-0.7071067811862168
0.6788,1.0,-0.8090169943747357
0.67885,1.0,-0.8910065241882531
0.6789,1.0,-0.9510565162949681
0.67895,1.0,-0.9876883405951318
0.679,1.0,-1.0
0.67905,1.0,-0.9876883405951812
0.6791,1.0,-0.9510565162952062
0.67915,1.0,-0.8910065241883963
0.6792,1.0,-0.8090169943749211
0.67925,1.0,-0.7071067811867615
0.6793,1.0,-0.587785252292631
0.67935,1.0,-0.45399049973962485
0.6794,1.0,-0.3090169943749286
0.67945,1.0,-0.1564344650405543
0.6795,1.0,-2.1999422663588193e-13
0.67955,1.0,0.15643446504011974
0.6796,1.0,0.30901699437451013
0.67965,1.0,0.45399049973923283
0.6797,1.0,0.587785252292275
0.67975,1.0,0.7071067811864503
0.6798,1.0,0.8090169943746626
0.67985,1.0,0.8910065241881966
0.6799,1.0,0.9510565162950702
0.67995,1.0,0.9876883405951123
0.68,1.0,1.0
0.68005,1.0,0.9876883405951294
0.6801,1.0,0.9510565162952447
0.68015,1.0,0.8910065241884528
0.6802,1.0,0.8090169943749943
0.68025,1.0,0.7071067811865279
0.6803,1.0,0.5877852522927317
0.68035,1.0,0.45399049973973576
0.6804,1.0,0.3090169943750469
0.68045,1.0,0.1564344650402281
0.6805,1.0,3.444616700738142e-13
0.68055,1.0,-0.15643446503999678
0.6806,1.0,-0.3090169943748242
0.68065,1.0,-0.4539904997391219
0.6807,1.0,-0.5877852522921743
0.68075,1.0,-0.7071067811863624
0.6808,1.0,-0.8090169943748566
0.68085,1.0,-0.8910065241881401
0.6809,1.0,-0.9510565162950317
0.68095,1.0,-0.987688340595164
0.681,1.0,-1.0
0.68105,1.0,-0.987688340595149
0.6811,1.0,-0.9510565162951425
0.68115,1.0,-0.8910065241885093
0.6812,1.0,-0.8090169943750675
0.68125,1.0,-0.707106781186616
0.6813,1.0,-0.5877852522924645
0.68135,1.0,-0.4539904997398467
0.6814,1.0,-0.30901699437516533
0.68145,1.0,-0.15643446504035102
0.6815,1.0,-1.418176262528235e-14
0.68155,1.0,0.15643446503987385
0.6816,1.0,0.30901699437470587
0.68165,1.0,0.45399049973941624
0.6817,1.0,0.5877852522920736
0.68175,1.0,0.7071067811862743
0.6818,1.0,0.8090169943747835
0.68185,1.0,0.8910065241882901
0.6819,1.0,0.9510565162949933
0.68195,1.0,0.9876883405950734
0.682,1.0,1.0
0.68205,1.0,0.9876883405951684
0.6821,1.0,0.9510565162951811
0.68215,1.0,0.8910065241883595
0.6822,1.0,0.8090169943751406
0.68225,1.0,0.7071067811867039
0.6823,1.0,0.5877852522925652
0.68235,1.0,0.4539904997395524
0.6824,1.0,0.3090169943752837
0.68245,1.0,0.15643446504047395
0.6825,1.0,1.3864920606321462e-13
0.68255,1.0,-0.15643446504020006
0.6826,1.0,-0.30901699437458746
0.68265,1.0,-0.45399049973930533
0.6827,1.0,-0.5877852522923408
0.68275,1.0,-0.7071067811861863
0.6828,1.0,-0.8090169943747103
0.68285,1.0,-0.8910065241882336
0.6829,1.0,-0.9510565162950954
0.68295,1.0,-0.987688340595054
0.683,1.0,-1.0
0.68305,1.0,-0.9876883405951168
0.6831,1.0,-0.9510565162952195
0.68315,1.0,-0.891006524188416
0.6832,1.0,-0.8090169943749465
0.68325,1.0,-0.7071067811867919
0.6833,1.0,-0.5877852522926659
0.68335,1.0,-0.4539904997396633
0.6834,1.0,-0.3090169943749696
0.68345,1.0,-0.15643446504059688
0.6835,1.0,-2.631166495011469e-13
0.68355,1.0,0.15643446504007713
0.6836,1.0,0.3090169943749016
0.68365,1.0,0.4539904997391944
0.6837,1.0,0.5877852522922401
0.68375,1.0,0.7071067811864199
0.6838,1.0,0.8090169943746371
0.68385,1.0,0.891006524188177
0.6839,1.0,0.9510565162950568
0.68395,1.0,0.9876883405951056
0.684,1.0,1.0
0.68405,1.0,0.9876883405951362
0.6841,1.0,0.9510565162951174
0.68415,1.0,0.8910065241884725
0.6842,1.0,0.8090169943750196
0.68425,1.0,0.7071067811865585
0.6843,1.0,0.5877852522927666
0.68435,1.0,0.4539904997397742
0.6844,1.0,0.30901699437508795
0.68445,1.0,0.15643446504027067
0.6845,1.0,3.8758409293907915e-13
0.68455,1.0,-0.1564344650399542
0.6846,1.0,-0.3090169943747832
0.68465,1.0,-0.4539904997394887
0.6847,1.0,-0.5877852522921394
0.68475,1.0,-0.7071067811863319
0.6848,1.0,-0.8090169943748313
0.68485,1.0,-0.8910065241881205
0.6849,1.0,-0.9510565162950184
0.68495,1.0,-0.9876883405950861
0.685,1.0,-1.0
0.68505,1.0,-0.9876883405951558
0.6851,1.0,-0.9510565162951559
0.68515,1.0,-0.8910065241883225
0.6852,1.0,-0.8090169943750928
0.68525,1.0,-0.7071067811866464
0.6853,1.0,-0.5877852522924993
0.68535,1.0,-0.4539904997398851
0.6854,1.0,-0.30901699437520636
0.68545,1.0,-0.1564344650403936
0.6855,1.0,-5.73041854905473e-14
0.68555,1.0,0.15643446503983127
0.6856,1.0,0.30901699437466484
0.68565,1.0,0.4539904997393778
0.6857,1.0,0.5877852522924066
0.68575,1.0,0.7071067811862438
0.6858,1.0,0.8090169943747582
0.68585,1.0,0.8910065241882704
0.6859,1.0,0.95105651629498
0.68595,1.0,0.9876883405950666
0.686,1.0,1.0
0.68605,1.0,0.9876883405951752
0.6861,1.0,0.9510565162951944
0.68615,1.0,0.891006524188379
0.6862,1.0,0.8090169943748987
0.68625,1.0,0.7071067811867344
0.6863,1.0,0.5877852522926
0.68635,1.0,0.4539904997395908
0.6864,1.0,0.3090169943753247
0.68645,1.0,0.15643446504051653
0.6865,1.0,1.8177162892847957e-13
0.68655,1.0,-0.15643446504015748
0.6866,1.0,-0.30901699437454644
0.68665,1.0,-0.4539904997392669
0.6867,1.0,-0.5877852522923059
0.68675,1.0,-0.7071067811864774
0.6868,1.0,-0.809016994374685
0.68685,1.0,-0.8910065241882139
0.6869,1.0,-0.951056516295082
0.68695,1.0,-0.9876883405950472
0.687,1.0,-1.0
0.68705,1.0,-0.9876883405951236
0.6871,1.0,-0.9510565162952328
0.68715,1.0,-0.8910065241884355
0.6872,1.0,-0.8090169943749719
0.68725,1.0,-0.7071067811865009
0.6873,1.0,-0.5877852522927007
0.68735,1.0,-0.45399049973970174
0.6874,1.0,-0.30901699437501057
0.68745,1.0,-0.1564344650406395
0.6875,1.0,-3.0623907236641186e-13
0.68755,1.0,0.15643446504003455
0.6876,1.0,0.3090169943748606
0.68765,1.0,0.453990499739156
0.6877,1.0,0.5877852522922052
0.68775,1.0,0.7071067811863894
0.6878,1.0,0.8090169943748791
0.68785,1.0,0.8910065241881574
0.6879,1.0,0.9510565162950435
0.68795,1.0,0.9876883405950988
0.688,1.0,1.0
0.68805,1.0,0.987688340595143
0.6881,1.0,0.9510565162951308
0.68815,1.0,0.891006524188492
0.6882,1.0,0.809016994375045
0.68825,1.0,0.7071067811865889
0.6883,1.0,0.5877852522924335
0.68835,1.0,0.45399049973981265
0.6884,1.0,0.309016994375129
0.68845,1.0,0.15643446504031328
0.6885,1.0,4.307065158043441e-13
0.68855,1.0,-0.1564344650399116
0.6886,1.0,-0.3090169943747422
0.68865,1.0,-0.45399049973945027
0.6887,1.0,-0.5877852522921045
0.68875,1.0,-0.7071067811863013
0.6888,1.0,-0.809016994374806
0.68885,1.0,-0.8910065241883074
0.6889,1.0,-0.9510565162950051
0.68895,1.0,-0.9876883405950794
0.689,1.0,-1.0
0.68905,1.0,-0.9876883405951624
0.6891,1.0,-0.9510565162951692
0.68915,1.0,-0.891006524188342
0.6892,1.0,-0.8090169943751181
0.68925,1.0,-0.7071067811866769
0.6893,1.0,-0.5877852522925342
0.68935,1.0,-0.4539904997395183
0.6894,1.0,-0.3090169943752473
0.68945,1.0,-0.1564344650404362
0.6895,1.0,-1.0042660835581225e-13
0.68955,1.0,0.15643446503978867
0.6896,1.0,0.3090169943746238
0.68965,1.0,0.45399049973933936
0.6897,1.0,0.5877852522923718
0.68975,1.0,0.7071067811862134
0.6898,1.0,0.8090169943747328
0.68985,1.0,0.8910065241882509
0.6899,1.0,0.9510565162951071
0.68995,1.0,0.9876883405950599
0.69,1.0,1.0
0.69005,1.0,0.987688340595182
0.6901,1.0,0.9510565162952077
0.69015,1.0,0.8910065241883985
0.6902,1.0,0.809016994374924
0.69025,1.0,0.707106781186765
0.6903,1.0,0.5877852522926349
0.69035,1.0,0.45399049973962924
0.6904,1.0,0.30901699437493324
0.69045,1.0,0.15643446504055913
0.6905,1.0,2.2489405179374452e-13
0.69055,1.0,-0.15643446504011488
0.6906,1.0,-0.30901699437450547
0.69065,1.0,-0.4539904997392285
0.6907,1.0,-0.5877852522922711
0.69075,1.0,-0.7071067811864469
0.6908,1.0,-0.8090169943746597
0.69085,1.0,-0.8910065241881944
0.6909,1.0,-0.9510565162950687
0.69095,1.0,-0.9876883405951116
0.691,1.0,-1.0
0.69105,1.0,-0.9876883405951302
0.6911,1.0,-0.9510565162952461
0.69115,1.0,-0.891006524188455
0.6912,1.0,-0.8090169943749972
0.69125,1.0,-0.7071067811865314
0.6913,1.0,-0.5877852522927356
0.69135,1.0,-0.45399049973974015
0.6914,1.0,-0.3090169943750516
0.69145,1.0,-0.15643446504023292
0.6915,1.0,-3.493614952316768e-13
0.69155,1.0,0.15643446503999195
0.6916,1.0,0.30901699437481955
0.69165,1.0,0.4539904997391176
0.6917,1.0,0.5877852522921704
0.69175,1.0,0.7071067811863588
0.6918,1.0,0.8090169943748537
0.69185,1.0,0.8910065241881379
0.6919,1.0,0.9510565162950302
0.69195,1.0,0.9876883405950921
0.692,1.0,1.0
0.69205,1.0,0.9876883405951498
0.6921,1.0,0.9510565162951441
0.69215,1.0,0.8910065241883052
0.6922,1.0,0.8090169943750704
0.69225,1.0,0.7071067811866194
0.6923,1.0,0.5877852522924685
0.69235,1.0,0.45399049973985106
0.6924,1.0,0.30901699437517
0.69245,1.0,0.15643446504035585
0.6925,1.0,1.908158778314494e-14
0.69255,1.0,-0.15643446503986902
0.6926,1.0,-0.3090169943747012
0.69265,1.0,-0.45399049973941186
0.6927,1.0,-0.5877852522920697
0.69275,1.0,-0.7071067811862709
0.6928,1.0,-0.8090169943747806
0.69285,1.0,-0.8910065241882879
0.6929,1.0,-0.9510565162949918
0.69295,1.0,-0.9876883405950726
0.693,1.0,-1.0
0.69305,1.0,-0.9876883405951692
0.6931,1.0,-0.9510565162951825
0.69315,1.0,-0.8910065241883617
0.6932,1.0,-0.8090169943748762
0.69325,1.0,-0.7071067811867074
0.6933,1.0,-0.5877852522925691
0.69335,1.0,-0.45399049973955674
0.6934,1.0,-0.30901699437528835
0.69345,1.0,-0.15643446504047878
0.6935,1.0,-1.435490312210772e-13
0.69355,1.0,0.15643446504019523
0.6936,1.0,0.3090169943745828
0.69365,1.0,0.45399049973930095
0.6937,1.0,0.5877852522923368
0.69375,1.0,0.7071067811861829
0.6938,1.0,0.8090169943747074
0.69385,1.0,0.8910065241882313
0.6939,1.0,0.9510565162950938
0.69395,1.0,0.9876883405950532
0.694,1.0,1.0
0.69405,1.0,0.9876883405951887
0.6941,1.0,0.951056516295221
0.69415,1.0,0.8910065241884182
0.6942,1.0,0.8090169943749493
0.69425,1.0,0.7071067811864739
0.6943,1.0,0.5877852522926699
0.69435,1.0,0.45399049973966765
0.6944,1.0,0.30901699437497426
0.69445,1.0,0.15643446504060174
0.6945,1.0,2.6801647465900947e-13
0.69455,1.0,-0.1564344650400723
0.6946,1.0,-0.30901699437489694
0.69465,1.0,-0.45399049973919003
0.6947,1.0,-0.5877852522922362
0.69475,1.0,-0.7071067811864163
0.6948,1.0,-0.8090169943746343
0.69485,1.0,-0.8910065241881748
0.6949,1.0,-0.9510565162950554
0.69495,1.0,-0.9876883405951048
0.695,1.0,-1.0
0.69505,1.0,-0.9876883405952082
0.6951,1.0,-0.9510565162951189
0.69515,1.0,-0.8910065241884747
0.6952,1.0,-0.8090169943750225
0.69525,1.0,-0.7071067811865619
0.6953,1.0,-0.5877852522924026
0.69535,1.0,-0.45399049973977856
0.6954,1.0,-0.3090169943750926
0.69545,1.0,-0.1564344650402755
0.6955,1.0,-3.9248391809694176e-13
0.69555,1.0,0.15643446503994934
0.6956,1.0,0.30901699437477853
0.69565,1.0,0.45399049973948435
0.6957,1.0,0.5877852522921354
0.69575,1.0,0.7071067811863284
0.6958,1.0,0.8090169943748284
0.69585,1.0,0.8910065241881183
0.6959,1.0,0.9510565162950169
0.69595,1.0,0.9876883405950854
0.696,1.0,1.0
0.69605,1.0,0.9876883405952276
0.6961,1.0,0.9510565162951574
0.69615,1.0,0.8910065241883247
0.6962,1.0,0.8090169943750957
0.69625,1.0,0.7071067811866498
0.6963,1.0,0.5877852522925033
0.69635,1.0,0.4539904997394843
0.6964,1.0,0.309016994375211
0.69645,1.0,0.15643446504039846
0.6965,1.0,6.220401064840989e-14
0.69655,1.0,-0.15643446503982641
0.6966,1.0,-0.3090169943746602
0.69665,1.0,-0.45399049973937344
0.6967,1.0,-0.5877852522924026
0.69675,1.0,-0.7071067811862404
0.6968,1.0,-0.8090169943747553
0.69685,1.0,-0.8910065241882682
0.6969,1.0,-0.951056516295119
0.69695,1.0,-0.9876883405950658
0.697,1.0,-1.0
0.69705,1.0,-0.987688340595176
0.6971,1.0,-0.9510565162951958
0.69715,1.0,-0.8910065241883812
0.6972,1.0,-0.8090169943749016
0.69725,1.0,-0.7071067811867379
0.6973,1.0,-0.587785252292604
0.69735,1.0,-0.4539904997395952
0.6974,1.0,-0.3090169943748969
0.69745,1.0,-0.1564344650405214
0.6975,1.0,-1.8667145408634216e-13
0.69755,1.0,0.15643446504015263
0.6976,1.0,0.30901699437454183
0.69765,1.0,0.45399049973926253
0.6977,1.0,0.5877852522923019
0.69775,1.0,0.707106781186474
0.6978,1.0,0.8090169943746821
0.69785,1.0,0.8910065241882117
0.6979,1.0,0.9510565162950805
0.69795,1.0,0.9876883405951176
0.698,1.0,1.0
0.69805,1.0,0.9876883405951954
0.6981,1.0,0.9510565162952344
0.69815,1.0,0.8910065241884377
0.6982,1.0,0.8090169943749747
0.69825,1.0,0.7071067811865044
0.6983,1.0,0.5877852522927047
0.69835,1.0,0.45399049973970607
0.6984,1.0,0.30901699437501523
0.69845,1.0,0.15643446504019518
0.6985,1.0,3.111388975242744e-13
0.69855,1.0,-0.1564344650400297
0.6986,1.0,-0.3090169943748559
0.69865,1.0,-0.4539904997391516
0.6987,1.0,-0.5877852522922012
0.69875,1.0,-0.7071067811863859
0.6988,1.0,-0.8090169943748763
0.69885,1.0,-0.8910065241881552
0.6989,1.0,-0.9510565162950421
0.69895,1.0,-0.987688340595098
0.699,1.0,-1.0
0.69905,1.0,-0.9876883405952149
0.6991,1.0,-0.9510565162951323
0.69915,1.0,-0.8910065241884942
0.6992,1.0,-0.8090169943750479
0.69925,1.0,-0.7071067811865924
0.6993,1.0,-0.5877852522924375
0.69935,1.0,-0.453990499739817
0.6994,1.0,-0.30901699437513364
0.69945,1.0,-0.1564344650403181
0.6995,1.0,1.914100992425742e-14
0.69955,1.0,0.15643446503990677
0.6996,1.0,0.30901699437473756
0.69965,1.0,0.45399049973944594
0.6997,1.0,0.5877852522921005
0.69975,1.0,0.7071067811862979
0.6998,1.0,0.8090169943748031
0.69985,1.0,0.8910065241883052
0.6999,1.0,0.9510565162950035
0.69995,1.0,0.9876883405950786
0.7,1.0,1.0
0.70005,1.0,0.9876883405951632
0.7001,1.0,0.9510565162953113
0.70015,1.0,0.8910065241883443
0.7002,1.0,0.809016994375121
0.70025,1.0,0.7071067811866804
0.7003,1.0,0.5877852522925382
0.70035,1.0,0.4539904997395227
0.7004,1.0,0.309016994375252
0.70045,1.0,0.15643446504044103
0.7005,1.0,1.0532643351367484e-13
0.70055,1.0,-0.15643446504023298
0.7006,1.0,-0.30901699437461916
0.70065,1.0,-0.45399049973933503
0.7007,1.0,-0.5877852522923678
0.70075,1.0,-0.7071067811862098
0.7008,1.0,-0.80901699437473
0.70085,1.0,-0.8910065241882487
0.7009,1.0,-0.9510565162951057
0.70095,1.0,-0.9876883405950592
0.701,1.0,-1.0
0.70105,1.0,-0.9876883405951827
0.7011,1.0,-0.9510565162952092
0.70115,1.0,-0.8910065241884008
0.7012,1.0,-0.8090169943749269
0.70125,1.0,-0.7071067811867684
0.7013,1.0,-0.5877852522926389
0.70135,1.0,-0.4539904997396336
0.7014,1.0,-0.3090169943749379
0.70145,1.0,-0.15643446504056396
0.7015,1.0,-2.2979387695160713e-13
0.70155,1.0,0.15643446504011005
0.7016,1.0,0.3090169943749333
0.70165,1.0,0.4539904997392241
0.7017,1.0,0.5877852522922671
0.70175,1.0,0.7071067811864434
0.7018,1.0,0.8090169943746568
0.70185,1.0,0.8910065241881922
0.7019,1.0,0.9510565162950672
0.70195,1.0,0.9876883405951108
0.702,1.0,1.0
0.70205,1.0,0.9876883405952022
0.7021,1.0,0.9510565162952477
0.70215,1.0,0.8910065241884573
0.7022,1.0,0.8090169943750001
0.70225,1.0,0.7071067811865348
0.7023,1.0,0.5877852522927396
0.70235,1.0,0.45399049973974454
0.7024,1.0,0.30901699437505625
0.70245,1.0,0.15643446504023775
0.7025,1.0,3.542613203895394e-13
0.70255,1.0,-0.15643446503998712
0.7026,1.0,-0.3090169943748149
0.70265,1.0,-0.4539904997395184
0.7027,1.0,-0.5877852522921664
0.70275,1.0,-0.7071067811863554
0.7028,1.0,-0.8090169943748509
0.70285,1.0,-0.8910065241881356
0.7029,1.0,-0.9510565162950287
0.70295,1.0,-0.9876883405950914
0.703,1.0,-1.0
0.70305,1.0,-0.9876883405952216
0.7031,1.0,-0.9510565162952861
0.70315,1.0,-0.8910065241883074
0.7032,1.0,-0.8090169943750732
0.70325,1.0,-0.7071067811866228
0.7033,1.0,-0.5877852522924724
0.70335,1.0,-0.4539904997398554
0.7034,1.0,-0.30901699437517466
0.70345,1.0,-0.15643446504036068
0.7035,1.0,-2.398141294100753e-14
0.70355,1.0,0.15643446503986416
0.7036,1.0,0.30901699437469654
0.70365,1.0,0.45399049973940747
0.7037,1.0,0.5877852522924336
0.70375,1.0,0.7071067811862675
0.7038,1.0,0.8090169943747777
0.70385,1.0,0.8910065241882856
0.7039,1.0,0.9510565162949902
0.70395,1.0,0.9876883405950718
0.704,1.0,1.0
0.70405,1.0,0.98768834059517
0.7041,1.0,0.9510565162953246
0.70415,1.0,0.8910065241883639
0.7042,1.0,0.8090169943748791
0.70425,1.0,0.7071067811867109
0.7043,1.0,0.5877852522925731
0.70435,1.0,0.4539904997395611
0.7044,1.0,0.309016994375293
0.70445,1.0,0.15643446504048364
0.7045,1.0,1.484488563789398e-13
0.70455,1.0,-0.1564344650401904
0.7046,1.0,-0.30901699437457814
0.70465,1.0,-0.4539904997392966
0.7047,1.0,-0.5877852522923329
0.70475,1.0,-0.7071067811865009
0.7048,1.0,-0.8090169943747045
0.70485,1.0,-0.8910065241882291
0.7049,1.0,-0.9510565162950924
0.70495,1.0,-0.9876883405950524
0.705,1.0,-1.0
0.70505,1.0,-0.9876883405951894
0.7051,1.0,-0.9510565162952225
0.70515,1.0,-0.8910065241884204
0.7052,1.0,-0.8090169943749522
0.70525,1.0,-0.7071067811864773
0.7053,1.0,-0.5877852522926738
0.70535,1.0,-0.45399049973967204
0.7054,1.0,-0.3090169943749789
0.70545,1.0,-0.15643446504060657
0.7055,1.0,-2.729162998168721e-13
0.70555,1.0,0.15643446504006744
0.7056,1.0,0.3090169943748923
0.70565,1.0,0.4539904997391857
0.7057,1.0,0.5877852522922322
0.70575,1.0,0.7071067811864129
0.7058,1.0,0.8090169943748987
0.70585,1.0,0.8910065241881726
0.7059,1.0,0.9510565162950538
0.70595,1.0,0.987688340595104
0.706,1.0,1.0
0.70605,1.0,0.9876883405952089
0.7061,1.0,0.951056516295261
0.70615,1.0,0.8910065241884769
0.7062,1.0,0.8090169943750254
0.70625,1.0,0.7071067811865653
0.7063,1.0,0.5877852522924065
0.70635,1.0,0.45399049973978295
0.7064,1.0,0.3090169943750973
0.70645,1.0,0.15643446504028036
0.7065,1.0,3.9738374325480433e-13
0.70655,1.0,-0.15643446503994451
0.7066,1.0,-0.3090169943747739
0.70665,1.0,-0.45399049973947997
0.7067,1.0,-0.5877852522921315
0.70675,1.0,-0.707106781186325
0.7068,1.0,-0.8090169943748255
0.70685,1.0,-0.8910065241883225
0.7069,1.0,-0.9510565162950154
0.70695,1.0,-0.9876883405950846
0.707,1.0,-1.0
0.70705,1.0,-0.9876883405952284
0.7071,1.0,-0.9510565162952994
0.70715,1.0,-0.8910065241885334
0.7072,1.0,-0.8090169943750986
0.70725,1.0,-0.7071067811866534
0.7073,1.0,-0.5877852522925073
0.70735,1.0,-0.45399049973948863
0.7074,1.0,-0.3090169943752156
0.70745,1.0,-0.1564344650404033
0.7075,1.0,-6.710383580627249e-14
0.70755,1.0,0.15643446503982159
0.7076,1.0,0.3090169943746555
0.70765,1.0,0.45399049973936906
0.7077,1.0,0.5877852522923988
0.70775,1.0,0.7071067811862369
0.7078,1.0,0.8090169943747524
0.70785,1.0,0.891006524188266
0.7079,1.0,0.9510565162951174
0.70795,1.0,0.9876883405950652
0.708,1.0,1.0
0.70805,1.0,0.9876883405951767
0.7081,1.0,0.9510565162953379
0.70815,1.0,0.8910065241885899
0.7082,1.0,0.8090169943749044
0.70825,1.0,0.7071067811867413
0.7083,1.0,0.5877852522926079
0.70835,1.0,0.45399049973959954
0.7084,1.0,0.30901699437490154
0.70845,1.0,0.15643446504052622
0.7085,1.0,1.9157127924420474e-13
0.70855,1.0,-0.1564344650401478
0.7086,1.0,-0.30901699437496966
0.70865,1.0,-0.45399049973925815
0.7087,1.0,-0.587785252292298
0.70875,1.0,-0.7071067811864704
0.7088,1.0,-0.8090169943746792
0.70885,1.0,-0.8910065241882095
0.7089,1.0,-0.951056516295079
0.70895,1.0,-0.9876883405951168
0.709,1.0,-1.0
0.70905,1.0,-0.9876883405951962
0.7091,1.0,-0.9510565162952358
0.70915,1.0,-0.8910065241886463
0.7092,1.0,-0.8090169943749776
0.70925,1.0,-0.7071067811865078
0.7093,1.0,-0.5877852522927086
0.70935,1.0,-0.45399049973971045
0.7094,1.0,-0.3090169943750199
0.70945,1.0,-0.1564344650402
0.7095,1.0,-3.1603872268213704e-13
0.70955,1.0,0.15643446504002487
0.7096,1.0,0.30901699437485125
0.70965,1.0,0.45399049973955247
0.7097,1.0,0.5877852522921974
0.70975,1.0,0.7071067811863825
0.7098,1.0,0.8090169943748734
0.70985,1.0,0.891006524188153
0.7099,1.0,0.9510565162950405
0.70995,1.0,0.9876883405950974
0.71,1.0,1.0
0.71005,1.0,0.9876883405952157
0.7101,1.0,0.9510565162952743
0.71015,1.0,0.8910065241884965
0.7102,1.0,0.8090169943750507
0.71025,1.0,0.7071067811865959
0.7103,1.0,0.5877852522924415
0.71035,1.0,0.45399049973982136
0.7104,1.0,0.3090169943751383
0.71045,1.0,0.15643446504032293
0.7105,1.0,-1.4241184766394834e-14
0.71055,1.0,-0.15643446503990194
0.7106,1.0,-0.3090169943747329
0.71065,1.0,-0.45399049973944156
0.7107,1.0,-0.5877852522924645
0.71075,1.0,-0.7071067811862944
0.7108,1.0,-0.8090169943748002
0.71085,1.0,-0.891006524188303
0.7109,1.0,-0.9510565162950021
0.71095,1.0,-0.9876883405950778
0.711,1.0,-1.0
0.71105,1.0,-0.987688340595164
0.7111,1.0,-0.9510565162953127
0.71115,1.0,-0.891006524188553
0.7112,1.0,-0.8090169943748566
0.71125,1.0,-0.7071067811866838
0.7113,1.0,-0.5877852522925422
0.71135,1.0,-0.4539904997395271
0.7114,1.0,-0.30901699437525665
0.71145,1.0,-0.1564344650404459
0.7115,1.0,-1.1022625867153744e-13
0.71155,1.0,0.15643446504022815
0.7116,1.0,0.3090169943746145
0.71165,1.0,0.45399049973933064
0.7117,1.0,0.5877852522923638
0.71175,1.0,0.7071067811865279
0.7118,1.0,0.8090169943747271
0.71185,1.0,0.8910065241882464
0.7119,1.0,0.9510565162951041
0.71195,1.0,0.9876883405950584
0.712,1.0,1.0
0.71205,1.0,0.9876883405951835
0.7121,1.0,0.9510565162952107
0.71215,1.0,0.8910065241886095
0.7122,1.0,0.8090169943749298
0.71225,1.0,0.7071067811864503
0.7123,1.0,0.5877852522926429
0.71235,1.0,0.45399049973963795
0.7124,1.0,0.30901699437494257
0.71245,1.0,0.15643446504056882
0.7125,1.0,2.346937021094697e-13
0.71255,1.0,-0.1564344650401052
0.7126,1.0,-0.30901699437492863
0.71265,1.0,-0.45399049973921973
0.7127,1.0,-0.5877852522922631
0.71275,1.0,-0.70710678118644
0.7128,1.0,-0.8090169943749211
0.71285,1.0,-0.8910065241881899
0.7129,1.0,-0.9510565162950657
0.71295,1.0,-0.98768834059511
0.713,1.0,-1.0
0.71305,1.0,-0.9876883405952029
0.7131,1.0,-0.9510565162952491
0.71315,1.0,-0.8910065241884595
0.7132,1.0,-0.8090169943752702
0.71325,1.0,-0.7071067811865384
0.7133,1.0,-0.5877852522923757
0.71335,1.0,-0.45399049973974887
0.7134,1.0,-0.3090169943750609
0.71345,1.0,-0.1564344650402426
0.7135,1.0,-3.59161145547402e-13
0.71355,1.0,0.15643446503998226
0.7136,1.0,0.3090169943748102
0.71365,1.0,0.45399049973951405
0.7137,1.0,0.5877852522921624
0.71375,1.0,0.707106781186352
0.7138,1.0,0.809016994374848
0.71385,1.0,0.8910065241883399
0.7139,1.0,0.9510565162950272
0.71395,1.0,0.9876883405950906
0.714,1.0,1.0
0.71405,1.0,0.9876883405952224
0.7141,1.0,0.9510565162952876
0.71415,1.0,0.891006524188516
0.7142,1.0,0.8090169943750761
0.71425,1.0,0.7071067811866263
0.7143,1.0,0.5877852522924764
0.71435,1.0,0.4539904997394546
0.7144,1.0,0.3090169943751793
0.71445,1.0,0.15643446504036554
0.7145,1.0,2.888123809887012e-14
0.71455,1.0,-0.15643446503985933
0.7146,1.0,-0.3090169943746919
0.71465,1.0,-0.45399049973940314
0.7147,1.0,-0.5877852522924296
0.71475,1.0,-0.7071067811862639
0.7148,1.0,-0.8090169943747748
0.71485,1.0,-0.8910065241882834
0.7149,1.0,-0.9510565162951292
0.71495,1.0,-0.987688340595071
0.715,1.0,-1.0
0.71505,1.0,-0.9876883405951707
0.7151,1.0,-0.9510565162953261
0.71515,1.0,-0.8910065241885725
0.7152,1.0,-0.8090169943751493
0.71525,1.0,-0.7071067811867143
0.7153,1.0,-0.587785252292577
0.71535,1.0,-0.4539904997395655
0.7154,1.0,-0.3090169943748652
0.71545,1.0,-0.15643446504048847
0.7155,1.0,-1.5334868153680238e-13
0.71555,1.0,0.15643446504018554
0.7156,1.0,0.3090169943745735
0.71565,1.0,0.45399049973929223
0.7157,1.0,0.5877852522923289
0.71575,1.0,0.7071067811864975
0.7158,1.0,0.8090169943747016
0.71585,1.0,0.8910065241882269
0.7159,1.0,0.9510565162950908
0.71595,1.0,0.9876883405951228
0.716,1.0,1.0
0.71605,1.0,0.9876883405951902
0.7161,1.0,0.951056516295224
0.71615,1.0,0.891006524188629
0.7162,1.0,0.8090169943752225
0.71625,1.0,0.7071067811864808
0.7163,1.0,0.5877852522926778
0.71635,1.0,0.4539904997396764
0.7164,1.0,0.30901699437498353
0.71645,1.0,0.15643446504016226
0.7165,1.0,2.7781612497473465e-13
0.71655,1.0,-0.15643446504006261
0.7166,1.0,-0.3090169943748876
0.71665,1.0,-0.4539904997391813
0.7167,1.0,-0.5877852522922282
0.71675,1.0,-0.7071067811864095
0.7168,1.0,-0.8090169943748958
0.71685,1.0,-0.8910065241881704
0.7169,1.0,-0.9510565162950524
0.71695,1.0,-0.9876883405951032
0.717,1.0,-1.0
0.71705,1.0,-0.9876883405952097
0.7171,1.0,-0.9510565162952624
0.71715,1.0,-0.8910065241884791
0.7172,1.0,-0.8090169943752956
0.71725,1.0,-0.7071067811865688
0.7173,1.0,-0.5877852522924105
0.71735,1.0,-0.4539904997397873
0.7174,1.0,-0.30901699437510194
0.71745,1.0,-0.1564344650402852
0.7175,1.0,5.24637824737972e-14
0.71755,1.0,0.15643446503993969
0.7176,1.0,0.30901699437476926
0.71765,1.0,0.4539904997394756
0.7177,1.0,0.5877852522921275
0.71775,1.0,0.7071067811863214
0.7178,1.0,0.8090169943748227
0.71785,1.0,0.8910065241883203
0.7179,1.0,0.9510565162950139
0.71795,1.0,0.9876883405950838
0.718,1.0,1.0
0.71805,1.0,0.987688340595158
0.7181,1.0,0.951056516295301
0.71815,1.0,0.8910065241885357
0.7182,1.0,0.8090169943751014
0.71825,1.0,0.7071067811866568
0.7183,1.0,0.5877852522925112
0.71835,1.0,0.453990499739493
0.7184,1.0,0.3090169943752203
0.71845,1.0,0.15643446504040812
0.7185,1.0,7.200366096413508e-14
0.71855,1.0,-0.1564344650402659
0.7186,1.0,-0.30901699437465086
0.71865,1.0,-0.45399049973936473
0.7187,1.0,-0.5877852522923948
0.71875,1.0,-0.7071067811862335
0.7188,1.0,-0.8090169943747495
0.71885,1.0,-0.8910065241882638
0.7189,1.0,-0.9510565162951159
0.71895,1.0,-0.9876883405950644
0.719,1.0,-1.0
0.71905,1.0,-0.9876883405951775
0.7191,1.0,-0.9510565162951989
0.71915,1.0,-0.8910065241885922
0.7192,1.0,-0.8090169943751746
0.71925,1.0,-0.7071067811867449
0.7193,1.0,-0.5877852522926119
0.71935,1.0,-0.4539904997396039
0.7194,1.0,-0.3090169943749062
0.71945,1.0,-0.15643446504053107
0.7195,1.0,-1.9647110440206733e-13
0.71955,1.0,0.15643446504014297
0.7196,1.0,0.309016994374965
0.71965,1.0,0.4539904997392538
0.7197,1.0,0.5877852522922941
0.71975,1.0,0.707106781186467
0.7198,1.0,0.8090169943746763
0.71985,1.0,0.8910065241882072
0.7199,1.0,0.9510565162950775
0.71995,1.0,0.987688340595116
0.72,1.0,1.0
0.72005,1.0,0.987688340595197
0.7201,1.0,0.9510565162952374
0.72015,1.0,0.8910065241884422
0.7202,1.0,0.8090169943752478
0.72025,1.0,0.7071067811868328
0.7203,1.0,0.5877852522927126
0.72035,1.0,0.45399049973971484
0.7204,1.0,0.30901699437502456
0.72045,1.0,0.15643446504020483
0.7205,1.0,3.209385478399996e-13
0.72055,1.0,-0.15643446504002
0.7206,1.0,-0.3090169943748466
0.72065,1.0,-0.4539904997395481
0.7207,1.0,-0.5877852522921934
0.72075,1.0,-0.7071067811863789
0.7208,1.0,-0.8090169943748705
0.72085,1.0,-0.8910065241881507
0.7209,1.0,-0.9510565162950391
0.72095,1.0,-0.9876883405950966
0.721,1.0,-1.0
0.72105,1.0,-0.9876883405952164
0.7211,1.0,-0.9510565162952759
0.72115,1.0,-0.8910065241884987
0.7212,1.0,-0.8090169943750536
0.72125,1.0,-0.7071067811869208
0.7213,1.0,-0.5877852522924454
0.72135,1.0,-0.4539904997394205
0.7214,1.0,-0.30901699437514296
0.72145,1.0,-0.1564344650403278
0.7215,1.0,9.341359608532243e-15
0.72155,1.0,0.15643446503989708
0.7216,1.0,0.30901699437472824
0.72165,1.0,0.45399049973943717
0.7217,1.0,0.5877852522924606
0.72175,1.0,0.707106781186291
0.7218,1.0,0.8090169943747973
0.72185,1.0,0.8910065241883007
0.7219,1.0,0.9510565162950005
0.72195,1.0,0.987688340595077
0.722,1.0,1.0
0.72205,1.0,0.9876883405951647
0.7221,1.0,0.9510565162953143
0.72215,1.0,0.8910065241885552
0.7222,1.0,0.8090169943751268
0.72225,1.0,0.7071067811866873
0.7223,1.0,0.5877852522925461
0.72235,1.0,0.45399049973953143
0.7224,1.0,0.3090169943748288
0.72245,1.0,0.15643446504045072
0.7225,1.0,1.1512608382940002e-13
0.72255,1.0,-0.1564344650402233
0.7226,1.0,-0.30901699437460983
0.72265,1.0,-0.45399049973932626
0.7227,1.0,-0.5877852522923599
0.72275,1.0,-0.7071067811865245
0.7228,1.0,-0.8090169943747242
0.72285,1.0,-0.8910065241882442
0.7229,1.0,-0.9510565162951026
0.72295,1.0,-0.9876883405950576
0.723,1.0,-1.0
0.72305,1.0,-0.9876883405951842
0.7231,1.0,-0.9510565162952123
0.72315,1.0,-0.8910065241886117
0.7232,1.0,-0.8090169943751999
0.72325,1.0,-0.7071067811867754
0.7233,1.0,-0.5877852522926468
0.72335,1.0,-0.45399049973964234
0.7234,1.0,-0.30901699437494723
0.72345,1.0,-0.1564344650401245
0.7235,1.0,-2.395935272673323e-13
0.72355,1.0,0.15643446504010036
0.7236,1.0,0.30901699437492397
0.72365,1.0,0.4539904997392154
0.7237,1.0,0.5877852522922592
0.72375,1.0,0.7071067811864364
0.7238,1.0,0.8090169943749183
0.72385,1.0,0.8910065241881877
0.7239,1.0,0.9510565162950642
0.72395,1.0,0.9876883405951092
0.724,1.0,1.0
0.72405,1.0,0.9876883405952037
0.7241,1.0,0.9510565162952507
0.72415,1.0,0.8910065241884617
0.7242,1.0,0.8090169943752731
0.72425,1.0,0.7071067811868633
0.7243,1.0,0.5877852522923797
0.72435,1.0,0.45399049973975325
0.7244,1.0,0.3090169943750656
0.72445,1.0,0.15643446504024744
0.7245,1.0,-9.068638018119956e-14
0.72455,1.0,-0.15643446503997743
0.7246,1.0,-0.30901699437480556
0.72465,1.0,-0.45399049973950967
0.7247,1.0,-0.5877852522921585
0.72475,1.0,-0.7071067811863485
0.7248,1.0,-0.8090169943748451
0.72485,1.0,-0.8910065241883376
0.7249,1.0,-0.9510565162950256
0.72495,1.0,-0.9876883405950898
0.725,1.0,-1.0
0.72505,1.0,-0.9876883405952231
0.7251,1.0,-0.9510565162952892
0.72515,1.0,-0.8910065241885182
0.7252,1.0,-0.809016994375079
0.72525,1.0,-0.7071067811869514
0.7253,1.0,-0.5877852522928482
0.72535,1.0,-0.453990499739459
0.7254,1.0,-0.309016994375184
0.72545,1.0,-0.15643446504037037
0.7255,1.0,-3.3781063256732705e-14
0.72555,1.0,0.15643446504030364
0.7256,1.0,0.3090169943746872
0.72565,1.0,0.45399049973939876
0.7257,1.0,0.5877852522924256
0.72575,1.0,0.7071067811862605
0.7258,1.0,0.809016994374772
0.72585,1.0,0.8910065241882812
0.7259,1.0,0.9510565162951278
0.72595,1.0,0.9876883405950704
0.726,1.0,1.0
0.72605,1.0,0.9876883405951715
0.7261,1.0,0.9510565162951871
0.72615,1.0,0.8910065241885747
0.7262,1.0,0.8090169943751522
0.72625,1.0,0.7071067811867178
0.7263,1.0,0.5877852522929489
0.72635,1.0,0.45399049973956984
0.7264,1.0,0.30901699437486985
0.72645,1.0,0.1564344650404933
0.7265,1.0,1.5824850669466497e-13
0.72655,1.0,-0.15643446504018071
0.7266,1.0,-0.30901699437500135
0.72665,1.0,-0.45399049973928784
0.7267,1.0,-0.5877852522923249
0.72675,1.0,-0.7071067811864941
0.7268,1.0,-0.8090169943746988
0.72685,1.0,-0.8910065241882247
0.7269,1.0,-0.9510565162950892
0.72695,1.0,-0.987688340595122
0.727,1.0,-1.0
0.72705,1.0,-0.987688340595191
0.7271,1.0,-0.9510565162952256
0.72715,1.0,-0.8910065241884249
0.7272,1.0,-0.8090169943752253
0.72725,1.0,-0.7071067811868058
0.7273,1.0,-0.5877852522926817
0.72735,1.0,-0.45399049973968075
0.7274,1.0,-0.3090169943749882
0.72745,1.0,-0.1564344650401671
0.7275,1.0,-2.8271595013259726e-13
0.72755,1.0,0.15643446504005779
0.7276,1.0,0.30901699437488295
0.72765,1.0,0.45399049973958217
0.7277,1.0,0.5877852522922242
0.72775,1.0,0.707106781186406
0.7278,1.0,0.8090169943748929
0.72785,1.0,0.8910065241881682
0.7279,1.0,0.9510565162950508
0.72795,1.0,0.9876883405951026
0.728,1.0,1.0
0.72805,1.0,0.9876883405952105
0.7281,1.0,0.951056516295264
0.72815,1.0,0.8910065241884814
0.7282,1.0,0.8090169943750312
0.72825,1.0,0.7071067811868939
0.7283,1.0,0.5877852522927824
0.72835,1.0,0.45399049973979166
0.7284,1.0,0.3090169943751066
0.72845,1.0,0.15643446504029004
0.7285,1.0,-4.7563957315934604e-14
0.72855,1.0,-0.15643446503993483
0.7286,1.0,-0.3090169943747646
0.72865,1.0,-0.45399049973947125
0.7287,1.0,-0.5877852522924915
0.72875,1.0,-0.707106781186318
0.7288,1.0,-0.8090169943748198
0.72885,1.0,-0.891006524188318
0.7289,1.0,-0.9510565162950123
0.72895,1.0,-0.987688340595083
0.729,1.0,-1.0
0.72905,1.0,-0.9876883405951588
0.7291,1.0,-0.9510565162953025
0.72915,1.0,-0.8910065241885379
0.7292,1.0,-0.8090169943751043
0.72925,1.0,-0.7071067811866603
0.7293,1.0,-0.5877852522928831
0.72935,1.0,-0.4539904997394974
0.7294,1.0,-0.30901699437522495
0.72945,1.0,-0.15643446504041297
0.7295,1.0,-7.690348612199766e-14
0.72955,1.0,0.15643446504026104
0.7296,1.0,0.3090169943746462
0.72965,1.0,0.45399049973936034
0.7297,1.0,0.5877852522923908
0.72975,1.0,0.7071067811865516
0.7298,1.0,0.8090169943747466
0.72985,1.0,0.8910065241882615
0.7299,1.0,0.9510565162951145
0.72995,1.0,0.9876883405950636
0.73,1.0,1.0
0.73005,1.0,0.9876883405951783
0.7301,1.0,0.9510565162952004
0.73015,1.0,0.8910065241885944
0.7302,1.0,0.8090169943751775
0.73025,1.0,0.7071067811867483
0.7303,1.0,0.5877852522926159
0.73035,1.0,0.45399049973960826
0.7304,1.0,0.30901699437491087
0.73045,1.0,0.1564344650405359
0.7305,1.0,2.0137092955992992e-13
0.73055,1.0,-0.1564344650401381
0.7306,1.0,-0.30901699437496033
0.73065,1.0,-0.45399049973924943
0.7307,1.0,-0.5877852522922901
0.73075,1.0,-0.7071067811864635
0.7308,1.0,-0.8090169943749408
0.73085,1.0,-0.891006524188205
0.7309,1.0,-0.9510565162950759
0.73095,1.0,-0.9876883405951152
0.731,1.0,-1.0
0.73105,1.0,-0.9876883405951977
0.7311,1.0,-0.9510565162952389
0.73115,1.0,-0.8910065241884444
0.7312,1.0,-0.8090169943752507
0.73125,1.0,-0.7071067811868363
0.7313,1.0,-0.5877852522927166
0.73135,1.0,-0.45399049973971917
0.7314,1.0,-0.3090169943750292
0.73145,1.0,-0.1564344650402097
0.7315,1.0,-3.258383729978622e-13
0.73155,1.0,0.15643446504001518
0.7316,1.0,0.3090169943748419
0.73165,1.0,0.4539904997395437
0.7317,1.0,0.5877852522921894
0.73175,1.0,0.7071067811863755
0.7318,1.0,0.8090169943748676
0.73185,1.0,0.891006524188355
0.7319,1.0,0.9510565162950375
0.73195,1.0,0.9876883405950958
0.732,1.0,1.0
0.73205,1.0,0.9876883405952172
0.7321,1.0,0.9510565162952773
0.73215,1.0,0.8910065241885009
0.7322,1.0,0.8090169943750565
0.73225,1.0,0.7071067811869243
0.7323,1.0,0.5877852522928173
0.73235,1.0,0.4539904997398301
0.7324,1.0,0.3090169943751476
0.73245,1.0,0.15643446504033262
0.7325,1.0,-4.441534450669655e-15
0.73255,1.0,-0.15643446503989225
0.7326,1.0,-0.3090169943747236
0.73265,1.0,-0.45399049973943284
0.7327,1.0,-0.5877852522924566
0.73275,1.0,-0.7071067811862874
0.7328,1.0,-0.8090169943747945
0.73285,1.0,-0.8910065241882985
0.7329,1.0,-0.9510565162951395
0.73295,1.0,-0.9876883405950763
0.733,1.0,-1.0
0.73305,1.0,-0.9876883405951655
0.7331,1.0,-0.9510565162953158
0.73315,1.0,-0.8910065241885574
0.7332,1.0,-0.8090169943751296
0.73325,1.0,-0.7071067811866908
0.7333,1.0,-0.587785252292918
0.73335,1.0,-0.453990499739941
0.7334,1.0,-0.3090169943748335
0.73345,1.0,-0.15643446504045555
0.7335,1.0,-1.200259089872626e-13
0.73355,1.0,0.15643446504021846
0.7336,1.0,0.30901699437460517
0.73365,1.0,0.45399049973932193
0.7337,1.0,0.5877852522923559
0.73375,1.0,0.707106781186521
0.7338,1.0,0.8090169943747213
0.73385,1.0,0.891006524188242
0.7339,1.0,0.9510565162951011
0.73395,1.0,0.987688340595128
0.734,1.0,1.0
0.73405,1.0,0.987688340595185
0.7341,1.0,0.9510565162952137
0.73415,1.0,0.8910065241886139
0.7342,1.0,0.8090169943752028
0.73425,1.0,0.7071067811867788
0.7343,1.0,0.5877852522926508
0.73435,1.0,0.4539904997400519
0.7344,1.0,0.3090169943749519
0.73445,1.0,0.15643446504012934
0.7345,1.0,2.4449335242519487e-13
0.73455,1.0,-0.15643446504009553
0.7346,1.0,-0.3090169943749193
0.73465,1.0,-0.453990499739211
0.7347,1.0,-0.5877852522922552
0.73475,1.0,-0.707106781186433
0.7348,1.0,-0.8090169943749155
0.73485,1.0,-0.8910065241881855
0.7349,1.0,-0.9510565162950626
0.73495,1.0,-0.9876883405951085
0.735,1.0,-1.0
0.73505,1.0,-0.9876883405952045
0.7351,1.0,-0.9510565162952522
0.73515,1.0,-0.8910065241884639
0.7352,1.0,-0.809016994375276
0.73525,1.0,-0.7071067811868669
0.7353,1.0,-0.5877852522927515
0.73535,1.0,-0.4539904997397576
0.7354,1.0,-0.30901699437507024
0.73545,1.0,-0.15643446504025227
0.7355,1.0,8.578655502333697e-14
0.73555,1.0,0.1564344650399726
0.7356,1.0,0.3090169943748009
0.73565,1.0,0.4539904997395053
0.7357,1.0,0.5877852522921545
0.73575,1.0,0.7071067811863451
0.7358,1.0,0.8090169943748422
0.73585,1.0,0.8910065241883354
0.7359,1.0,0.9510565162950242
0.73595,1.0,0.987688340595089
0.736,1.0,1.0
0.73605,1.0,0.9876883405951528
0.7361,1.0,0.9510565162952906
0.73615,1.0,0.8910065241885204
0.7362,1.0,0.8090169943750819
0.73625,1.0,0.7071067811869548
0.7363,1.0,0.5877852522928522
0.73635,1.0,0.4539904997398685
0.7364,1.0,0.3090169943751886
0.73645,1.0,0.15643446504037523
0.7365,1.0,3.86808884145953e-14
0.73655,1.0,-0.15643446504029881
0.7366,1.0,-0.30901699437468255
0.73665,1.0,-0.45399049973939437
0.7367,1.0,-0.5877852522924217
0.73675,1.0,-0.707106781186257
0.7368,1.0,-0.8090169943747691
0.73685,1.0,-0.8910065241882789
0.7369,1.0,-0.9510565162951262
0.73695,1.0,-0.9876883405950696
0.737,1.0,-1.0
0.73705,1.0,-0.9876883405951723
0.7371,1.0,-0.9510565162951886
0.73715,1.0,-0.891006524188577
0.7372,1.0,-0.8090169943751551
0.73725,1.0,-0.7071067811867212
0.7373,1.0,-0.5877852522929529
0.73735,1.0,-0.4539904997399794
0.7374,1.0,-0.3090169943748745
0.73745,1.0,-0.15643446504049816
0.7375,1.0,-1.6314833185252755e-13
0.73755,1.0,0.15643446504017586
0.7376,1.0,0.3090169943749967
0.73765,1.0,0.4539904997392835
0.7377,1.0,0.587785252292321
0.73775,1.0,0.7071067811864906
0.7378,1.0,0.809016994374696
0.73785,1.0,0.8910065241882225
0.7379,1.0,0.9510565162950878
0.73795,1.0,0.9876883405951212
0.738,1.0,1.0
0.73805,1.0,0.9876883405951917
0.7381,1.0,0.951056516295227
0.73815,1.0,0.8910065241884271
0.7382,1.0,0.8090169943752282
0.73825,1.0,0.7071067811868093
0.7383,1.0,0.5877852522926856
0.73835,1.0,0.4539904997400903
0.7384,1.0,0.30901699437542535
0.73845,1.0,0.15643446504017194
0.7385,1.0,2.876157752904598e-13
0.73855,1.0,-0.15643446504005293
0.7386,1.0,-0.3090169943748783
0.73865,1.0,-0.4539904997395778
0.7387,1.0,-0.5877852522922203
0.73875,1.0,-0.7071067811864026
0.7388,1.0,-0.80901699437489
0.73885,1.0,-0.8910065241883723
0.7389,1.0,-0.9510565162950493
0.73895,1.0,-0.9876883405951018
0.739,1.0,-1.0
0.73905,1.0,-0.9876883405952113
0.7391,1.0,-0.9510565162952656
0.73915,1.0,-0.8910065241884836
0.7392,1.0,-0.809016994375034
0.73925,1.0,-0.7071067811868973
0.7393,1.0,-0.5877852522927863
0.73935,1.0,-0.45399049973979605
0.7394,1.0,-0.30901699437554375
0.73945,1.0,-0.15643446504029487
0.7395,1.0,4.2664132158072017e-14
0.73955,1.0,0.15643446503993
0.7396,1.0,0.30901699437475993
0.73965,1.0,0.45399049973946687
0.7397,1.0,0.5877852522924875
0.73975,1.0,0.7071067811863145
0.7398,1.0,0.8090169943748169
0.73985,1.0,0.8910065241883158
0.7399,1.0,0.9510565162951514
0.73995,1.0,0.9876883405950823
0.74,1.0,1.0
0.74005,1.0,0.9876883405951595
0.7401,1.0,0.951056516295304
0.74015,1.0,0.8910065241885401
0.7402,1.0,0.8090169943751072
0.74025,1.0,0.7071067811866638
0.7403,1.0,0.587785252292887
0.74035,1.0,0.4539904997399069
0.7404,1.0,0.3090169943752296
0.74045,1.0,0.1564344650404178
0.7405,1.0,8.180331127986025e-14
0.74055,1.0,-0.1564344650402562
0.7406,1.0,-0.30901699437464153
0.74065,1.0,-0.45399049973935596
0.7407,1.0,-0.5877852522923868
0.74075,1.0,-0.707106781186548
0.7408,1.0,-0.8090169943747437
0.74085,1.0,-0.8910065241882593
0.7409,1.0,-0.9510565162951129
0.74095,1.0,-0.987688340595134
0.741,1.0,-1.0
0.74105,1.0,-0.9876883405951791
0.7411,1.0,-0.9510565162952019
0.74115,1.0,-0.8910065241885966
0.7412,1.0,-0.8090169943751804
0.74125,1.0,-0.7071067811867517
0.7413,1.0,-0.5877852522926199
0.74135,1.0,-0.4539904997400178
0.7414,1.0,-0.309016994375348
0.74145,1.0,-0.1564344650400916
0.7415,1.0,-2.062707547177925e-13
0.74155,1.0,0.15643446504013328
0.7416,1.0,0.30901699437495567
0.74165,1.0,0.45399049973924505
0.7417,1.0,0.5877852522922861
0.74175,1.0,0.7071067811864601
0.7418,1.0,0.8090169943749379
0.74185,1.0,0.8910065241882028
0.7419,1.0,0.9510565162950745
0.74195,1.0,0.9876883405951145
0.742,1.0,1.0
0.74205,1.0,0.9876883405951985
0.7421,1.0,0.9510565162952404
0.74215,1.0,0.8910065241884466
0.7422,1.0,0.8090169943752535
0.74225,1.0,0.7071067811868398
0.7423,1.0,0.5877852522927206
0.74235,1.0,0.45399049973972355
0.7424,1.0,0.30901699437546637
0.74245,1.0,0.15643446504021452
0.7425,1.0,-1.2400915273073935e-13
0.74255,1.0,-0.15643446504001035
0.7426,1.0,-0.30901699437483726
0.74265,1.0,-0.45399049973953937
0.7427,1.0,-0.5877852522921854
0.74275,1.0,-0.707106781186372
0.7428,1.0,-0.8090169943748647
0.74285,1.0,-0.8910065241883528
0.7429,1.0,-0.951056516295036
0.74295,1.0,-0.987688340595095
0.743,1.0,-1.0
0.74305,1.0,-0.9876883405951469
0.7431,1.0,-0.9510565162952789
0.74315,1.0,-0.8910065241885031
0.7432,1.0,-0.8090169943750594
0.74325,1.0,-0.7071067811869278
0.7433,1.0,-0.5877852522928213
0.74335,1.0,-0.45399049973983446
0.7434,1.0,-0.3090169943751523
0.74345,1.0,-0.15643446504033745
0.7435,1.0,-4.582907071929351e-16
0.74355,1.0,0.15643446504033656
0.7436,1.0,0.3090169943747189
0.74365,1.0,0.45399049973942845
0.7437,1.0,0.5877852522924526
0.74375,1.0,0.707106781186284
0.7438,1.0,0.8090169943747916
0.74385,1.0,0.8910065241882963
0.7439,1.0,0.9510565162951381
0.74395,1.0,0.9876883405950755
0.744,1.0,1.0
0.74405,1.0,0.9876883405951663
0.7441,1.0,0.9510565162951767
0.74415,1.0,0.8910065241885596
0.7442,1.0,0.8090169943751325
0.74425,1.0,0.7071067811866942
0.7443,1.0,0.587785252292922
0.74435,1.0,0.4539904997399454
0.7444,1.0,0.30901699437527064
0.74445,1.0,0.1564344650404604
0.7445,1.0,1.2492573414512522e-13
0.74455,1.0,-0.15643446504021363
0.7446,1.0,-0.309016994375033
0.74465,1.0,-0.45399049973931754
0.7447,1.0,-0.5877852522923519
0.74475,1.0,-0.7071067811865176
0.7448,1.0,-0.8090169943747184
0.74485,1.0,-0.8910065241882398
0.7449,1.0,-0.9510565162950996
0.74495,1.0,-0.9876883405951272
0.745,1.0,-1.0
0.74505,1.0,-0.9876883405951857
0.7451,1.0,-0.9510565162952153
0.74515,1.0,-0.8910065241884096
0.7452,1.0,-0.8090169943752057
0.74525,1.0,-0.7071067811867823
0.7453,1.0,-0.5877852522926548
0.74535,1.0,-0.45399049974005623
0.7454,1.0,-0.30901699437538904
0.74545,1.0,-0.15643446504058334
0.7455,1.0,-2.493931775830575e-13
0.74555,1.0,0.15643446504009068
0.7456,1.0,0.30901699437491464
0.74565,1.0,0.4539904997396118
0.7457,1.0,0.5877852522922512
0.74575,1.0,0.7071067811864296
0.7458,1.0,0.8090169943749125
0.74585,1.0,0.8910065241881833
0.7459,1.0,0.9510565162950612
0.74595,1.0,0.9876883405951077
0.746,1.0,1.0
0.74605,1.0,0.9876883405952053
0.7461,1.0,0.9510565162952537
0.74615,1.0,0.8910065241884662
0.7462,1.0,0.8090169943750116
0.74625,1.0,0.7071067811868703
0.7463,1.0,0.5877852522927555
0.74635,1.0,0.45399049973976197
0.7464,1.0,0.3090169943755074
0.74645,1.0,0.15643446504070627
0.7465,1.0,-8.088672986547438e-14
0.74655,1.0,-0.15643446503996775
0.7466,1.0,-0.3090169943747963
0.74665,1.0,-0.45399049973950095
0.7467,1.0,-0.5877852522925184
0.74675,1.0,-0.7071067811863415
0.7468,1.0,-0.8090169943748394
0.74685,1.0,-0.8910065241883331
0.7469,1.0,-0.9510565162950226
0.74695,1.0,-0.9876883405950883
0.747,1.0,-1.0
0.74705,1.0,-0.9876883405951535
0.7471,1.0,-0.9510565162952922
0.74715,1.0,-0.8910065241885227
0.7472,1.0,-0.8090169943750848
0.74725,1.0,-0.7071067811866367
0.7473,1.0,-0.5877852522928562
0.74735,1.0,-0.4539904997398729
0.7474,1.0,-0.30901699437519325
0.74745,1.0,-0.1564344650408292
0.7475,1.0,-4.358071357245789e-14
0.74755,1.0,0.15643446504029396
0.7476,1.0,0.3090169943746779
0.74765,1.0,0.45399049973939004
0.7477,1.0,0.5877852522924177
0.74775,1.0,0.7071067811865751
0.7478,1.0,0.8090169943747662
0.74785,1.0,0.8910065241882766
0.7479,1.0,0.9510565162951247
0.74795,1.0,0.9876883405950688
0.748,1.0,1.0
0.74805,1.0,0.9876883405951731
0.7481,1.0,0.9510565162951902
0.74815,1.0,0.8910065241885792
0.7482,1.0,0.809016994375158
0.74825,1.0,0.7071067811867248
0.7483,1.0,0.5877852522925889
0.74835,1.0,0.4539904997399838
0.7484,1.0,0.30901699437531166
0.74845,1.0,0.15643446504050298
0.7485,1.0,1.6804815701039017e-13
0.74855,1.0,-0.15643446504017103
0.7486,1.0,-0.309016994374992
0.74865,1.0,-0.45399049973927913
0.7487,1.0,-0.587785252292317
0.74875,1.0,-0.7071067811864871
0.7488,1.0,-0.8090169943749603
0.74885,1.0,-0.8910065241882201
0.7489,1.0,-0.9510565162950863
0.74895,1.0,-0.9876883405951205
0.749,1.0,-1.0
0.74905,1.0,-0.9876883405951925
0.7491,1.0,-0.9510565162952286
0.74915,1.0,-0.8910065241884293
0.7492,1.0,-0.809016994375231
0.74925,1.0,-0.7071067811868127
0.7493,1.0,-0.5877852522926896
0.74935,1.0,-0.4539904997396895
0.7494,1.0,-0.30901699437543
0.74945,1.0,-0.15643446504062591
0.7495,1.0,-2.9251560044832243e-13
0.74955,1.0,0.1564344650400481
0.7496,1.0,0.3090169943748736
0.74965,1.0,0.4539904997395734
0.7497,1.0,0.5877852522922163
0.74975,1.0,0.707106781186399
0.7498,1.0,0.8090169943748872
0.74985,1.0,0.8910065241883701
0.7499,1.0,0.9510565162950478
0.74995,1.0,0.987688340595101
0.75,1.0,1.0
0.75005,1.0,0.9876883405952119
0.7501,1.0,0.951056516295267
0.75015,1.0,0.8910065241884858
0.7502,1.0,0.8090169943750369
0.75025,1.0,0.7071067811869007
0.7503,1.0,0.5877852522927903
0.75035,1.0,0.4539904997398004
0.7504,1.0,0.3090169943751159
0.75045,1.0,0.15643446504074887
0.7505,1.0,4.169830438862547e-13
0.75055,1.0,-0.15643446503992517
0.7506,1.0,-0.30901699437475527
0.75065,1.0,-0.4539904997394625
0.7507,1.0,-0.5877852522924836
0.75075,1.0,-0.7071067811863111
0.7508,1.0,-0.809016994374814
0.75085,1.0,-0.8910065241883136
0.7509,1.0,-0.9510565162951499
0.75095,1.0,-0.9876883405950815
0.751,1.0,-1.0
0.75105,1.0,-0.9876883405951603
0.7511,1.0,-0.9510565162953055
0.75115,1.0,-0.8910065241885423
0.7512,1.0,-0.8090169943751101
0.75125,1.0,-0.7071067811866673
0.7513,1.0,-0.587785252292891
0.75135,1.0,-0.4539904997399113
0.7514,1.0,-0.3090169943752343
0.75145,1.0,-0.15643446504042263
0.7515,1.0,-5.414504873241869e-13
0.75155,1.0,0.15643446504025138
0.7516,1.0,0.30901699437506935
0.75165,1.0,0.4539904997393516
0.7517,1.0,0.5877852522923829
0.75175,1.0,0.7071067811865446
0.7518,1.0,0.8090169943747408
0.75185,1.0,0.8910065241882571
0.7519,1.0,0.9510565162951113
0.75195,1.0,0.9876883405951332
0.752,1.0,1.0
0.75205,1.0,0.9876883405951797
0.7521,1.0,0.9510565162952035
0.75215,1.0,0.8910065241885988
0.7522,1.0,0.8090169943751833
0.75225,1.0,0.7071067811867552
0.7523,1.0,0.5877852522926238
0.75235,1.0,0.4539904997400222
0.7524,1.0,0.3090169943753527
0.75245,1.0,0.1564344650405456
0.7525,1.0,2.1117057987565512e-13
0.75255,1.0,-0.15643446504012845
0.7526,1.0,-0.309016994374951
0.75265,1.0,-0.4539904997396459
0.7527,1.0,-0.5877852522922822
0.75275,1.0,-0.7071067811864566
0.7528,1.0,-0.809016994374935
0.75285,1.0,-0.8910065241882006
0.7529,1.0,-0.9510565162950729
0.75295,1.0,-0.9876883405951137
0.753,1.0,-1.0
0.75305,1.0,-0.9876883405951993
0.7531,1.0,-0.9510565162952419
0.75315,1.0,-0.8910065241884488
0.7532,1.0,-0.8090169943752564
0.75325,1.0,-0.7071067811868432
0.7533,1.0,-0.5877852522927245
0.75335,1.0,-0.45399049973972794
0.7534,1.0,-0.30901699437547103
0.75345,1.0,-0.15643446504066852
0.7535,1.0,-3.356380233135874e-13
0.75355,1.0,0.1564344650400055
0.7536,1.0,0.3090169943748326
0.75365,1.0,0.453990499739535
0.7537,1.0,0.5877852522925493
0.75375,1.0,0.7071067811863686
0.7538,1.0,0.8090169943748619
0.75385,1.0,0.8910065241883506
0.7539,1.0,0.9510565162950345
0.75395,1.0,0.9876883405950942
0.754,1.0,1.0
0.75405,1.0,0.9876883405951475
0.7541,1.0,0.9510565162952803
0.75415,1.0,0.8910065241885053
0.7542,1.0,0.8090169943750622
0.75425,1.0,0.7071067811869313
0.7543,1.0,0.5877852522928252
0.75435,1.0,0.4539904997398388
0.7544,1.0,0.30901699437515695
0.75445,1.0,0.15643446504079145
0.7545,1.0,4.601054667515197e-13
0.75455,1.0,-0.1564344650403317
0.7546,1.0,-0.30901699437471425
0.75465,1.0,-0.45399049973942407
0.7547,1.0,-0.5877852522924486
0.75475,1.0,-0.7071067811866021
0.7548,1.0,-0.8090169943747887
0.75485,1.0,-0.8910065241882941
0.7549,1.0,-0.9510565162951365
0.75495,1.0,-0.9876883405950748
0.755,1.0,-1.0
0.75505,1.0,-0.9876883405951671
0.7551,1.0,-0.9510565162951783
0.75515,1.0,-0.8910065241885619
0.7552,1.0,-0.8090169943751354
0.75525,1.0,-0.7071067811866977
0.7553,1.0,-0.5877852522929259
0.75535,1.0,-0.4539904997399497
0.7554,1.0,-0.3090169943752753
0.75545,1.0,-0.15643446504046524
0.7555,1.0,-5.845729101894519e-13
0.75555,1.0,0.15643446504020878
0.7556,1.0,0.3090169943750284
0.75565,1.0,0.45399049973931316
0.7557,1.0,0.5877852522923479
0.75575,1.0,0.7071067811865142
0.7558,1.0,0.8090169943749829
0.75585,1.0,0.8910065241882376
0.7559,1.0,0.951056516295098
0.75595,1.0,0.9876883405951264
0.756,1.0,1.0
0.75605,1.0,0.9876883405951865
0.7561,1.0,0.9510565162952168
0.75615,1.0,0.891006524188412
0.7562,1.0,0.8090169943752086
0.75625,1.0,0.7071067811867857
0.7563,1.0,0.5877852522926588
0.75635,1.0,0.45399049973965544
0.7564,1.0,0.3090169943753937
0.75645,1.0,0.15643446504058817
0.7565,1.0,2.5429300274092005e-13
0.75655,1.0,-0.1564344650396367
0.7566,1.0,-0.30901699437491
0.75665,1.0,-0.4539904997396075
0.7567,1.0,-0.5877852522922473
0.75675,1.0,-0.7071067811864261
0.7568,1.0,-0.8090169943749097
0.75685,1.0,-0.8910065241883874
0.7569,1.0,-0.9510565162950596
0.75695,1.0,-0.987688340595107
0.757,1.0,-1.0
0.75705,1.0,-0.987688340595206
0.7571,1.0,-0.9510565162952552
0.75715,1.0,-0.8910065241884684
0.7572,1.0,-0.8090169943750145
0.75725,1.0,-0.7071067811868738
0.7573,1.0,-0.5877852522927594
0.75735,1.0,-0.45399049973976635
0.7574,1.0,-0.30901699437507957
0.75745,1.0,-0.1564344650407111
0.7575,1.0,-3.7876044617885234e-13
0.75755,1.0,0.15643446503996292
0.7576,1.0,0.30901699437479163
0.75765,1.0,0.45399049973949657
0.7577,1.0,0.5877852522925144
0.75775,1.0,0.7071067811863381
0.7578,1.0,0.8090169943748365
0.75785,1.0,0.8910065241883309
0.7579,1.0,0.9510565162951616
0.75795,1.0,0.9876883405950875
0.758,1.0,1.0
0.75805,1.0,0.9876883405951543
0.7581,1.0,0.9510565162952936
0.75815,1.0,0.8910065241885249
0.7582,1.0,0.8090169943750876
0.75825,1.0,0.7071067811866402
0.7583,1.0,0.5877852522928602
0.75835,1.0,0.45399049973987726
0.7584,1.0,0.3090169943751979
0.75845,1.0,0.15643446504038488
0.7585,1.0,5.032278896167846e-13
0.75855,1.0,-0.15643446503984
0.7586,1.0,-0.3090169943746732
0.75865,1.0,-0.45399049973938566
0.7587,1.0,-0.5877852522924137
0.75875,1.0,-0.7071067811865717
0.7588,1.0,-0.8090169943747634
0.75885,1.0,-0.8910065241882744
0.7589,1.0,-0.9510565162951232
0.75895,1.0,-0.9876883405951392
0.759,1.0,-1.0
0.75905,1.0,-0.9876883405951739
0.7591,1.0,-0.9510565162951916
0.75915,1.0,-0.8910065241885814
0.7592,1.0,-0.8090169943751608
0.75925,1.0,-0.7071067811867282
0.7593,1.0,-0.5877852522925929
0.75935,1.0,-0.4539904997399881
0.7594,1.0,-0.3090169943753163
0.75945,1.0,-0.15643446504050784
0.7595,1.0,-1.7294798216825275e-13
0.75955,1.0,0.15643446503971703
0.7596,1.0,0.30901699437498736
0.75965,1.0,0.45399049973927474
0.7597,1.0,0.587785252292313
0.75975,1.0,0.7071067811864836
0.7598,1.0,0.8090169943749574
0.75985,1.0,0.8910065241882179
0.7599,1.0,0.9510565162950847
0.75995,1.0,0.9876883405951197
0.76,1.0,1.0
0.76005,1.0,0.9876883405951933
0.7601,1.0,0.9510565162952301
0.76015,1.0,0.8910065241884315
0.7602,1.0,0.8090169943752339
0.76025,1.0,0.7071067811868162
0.7603,1.0,0.5877852522926936
0.76035,1.0,0.45399049973969385
0.7604,1.0,0.3090169943754347
0.76045,1.0,0.15643446504063077
0.7605,1.0,2.97415425606185e-13
0.76055,1.0,-0.15643446504004327
0.7606,1.0,-0.30901699437486896
0.76065,1.0,-0.45399049973956906
0.7607,1.0,-0.5877852522922123
0.76075,1.0,-0.7071067811863956
0.7608,1.0,-0.8090169943748843
0.76085,1.0,-0.8910065241883679
0.7609,1.0,-0.9510565162950463
0.76095,1.0,-0.9876883405951002
0.761,1.0,-1.0
0.76105,1.0,-0.9876883405951417
0.7611,1.0,-0.9510565162952686
0.76115,1.0,-0.891006524188488
0.7612,1.0,-0.8090169943750398
0.76125,1.0,-0.7071067811869042
0.7613,1.0,-0.5877852522927943
0.76135,1.0,-0.45399049973980476
0.7614,1.0,-0.3090169943751206
0.76145,1.0,-0.1564344650407537
0.7615,1.0,-4.218828690441173e-13
0.76155,1.0,0.1564344650399203
0.7616,1.0,0.3090169943747506
0.76165,1.0,0.45399049973945815
0.7617,1.0,0.5877852522924796
0.76175,1.0,0.7071067811863077
0.7618,1.0,0.8090169943748111
0.76185,1.0,0.8910065241883114
0.7619,1.0,0.9510565162951483
0.76195,1.0,0.9876883405950807
0.762,1.0,1.0
0.76205,1.0,0.9876883405951611
0.7621,1.0,0.9510565162951665
0.76215,1.0,0.8910065241885445
0.7622,1.0,0.809016994375113
0.76225,1.0,0.7071067811866707
0.7623,1.0,0.587785252292895
0.76235,1.0,0.4539904997399157
0.7624,1.0,0.30901699437523894
0.76245,1.0,0.1564344650404275
0.7625,1.0,5.463503124820496e-13
0.76255,1.0,-0.15643446503979738
0.7626,1.0,-0.3090169943746322
0.76265,1.0,-0.45399049973934724
0.7627,1.0,-0.5877852522923789
0.76275,1.0,-0.7071067811865411
0.7628,1.0,-0.809016994374738
0.76285,1.0,-0.8910065241882549
0.7629,1.0,-0.9510565162951099
0.76295,1.0,-0.9876883405951324
0.763,1.0,-1.0
0.76305,1.0,-0.9876883405951805
0.7631,1.0,-0.9510565162952049
0.76315,1.0,-0.8910065241883945
0.7632,1.0,-0.8090169943751861
0.76325,1.0,-0.7071067811867587
0.7633,1.0,-0.5877852522926278
0.76335,1.0,-0.4539904997400266
0.7634,1.0,-0.30901699437535735
0.76345,1.0,-0.15643446504055042
0.7635,1.0,-2.160704050335177e-13
0.76355,1.0,0.15643446503967445
0.7636,1.0,0.30901699437451385
0.76365,1.0,0.4539904997396415
0.7637,1.0,0.5877852522922782
0.76375,1.0,0.7071067811864531
0.7638,1.0,0.8090169943749321
0.76385,1.0,0.8910065241881984
0.7639,1.0,0.9510565162950714
0.76395,1.0,0.9876883405951129
0.764,1.0,1.0
0.76405,1.0,0.9876883405952
0.7641,1.0,0.9510565162952435
0.76415,1.0,0.891006524188451
0.7642,1.0,0.809016994374992
0.76425,1.0,0.7071067811868467
0.7643,1.0,0.5877852522927285
0.76435,1.0,0.45399049973973227
0.7644,1.0,0.3090169943754757
0.76445,1.0,0.15643446504067335
0.7645,1.0,3.4053784847144995e-13
0.76455,1.0,-0.15643446504000066
0.7646,1.0,-0.30901699437439545
0.76465,1.0,-0.4539904997395306
0.7647,1.0,-0.5877852522925454
0.76475,1.0,-0.7071067811863652
0.7648,1.0,-0.809016994374859
0.76485,1.0,-0.8910065241883484
0.7649,1.0,-0.951056516295033
0.76495,1.0,-0.9876883405950935
0.765,1.0,-1.0
0.76505,1.0,-0.9876883405951483
0.7651,1.0,-0.9510565162952819
0.76515,1.0,-0.8910065241885076
0.7652,1.0,-0.8090169943750651
0.76525,1.0,-0.7071067811866132
0.7653,1.0,-0.5877852522928292
0.76535,1.0,-0.4539904997398432
0.7654,1.0,-0.3090169943751616
0.76545,1.0,-0.15643446504079628
0.7655,1.0,-4.650052919093822e-13
0.76555,1.0,0.15643446503987773
0.7656,1.0,0.3090169943747096
0.76565,1.0,0.45399049973941974
0.7657,1.0,0.5877852522924447
0.76575,1.0,0.7071067811865986
0.7658,1.0,0.8090169943747858
0.76585,1.0,0.8910065241882918
0.7659,1.0,0.951056516295135
0.76595,1.0,0.987688340595074
0.766,1.0,1.0
0.76605,1.0,0.9876883405951679
0.7661,1.0,0.9510565162951798
0.76615,1.0,0.8910065241885641
0.7662,1.0,0.8090169943751383
0.76625,1.0,0.7071067811867011
0.7663,1.0,0.587785252292562
0.76635,1.0,0.4539904997399541
0.7664,1.0,0.30901699437527996
0.76645,1.0,0.15643446504047007
0.7665,1.0,5.894727353473145e-13
0.76655,1.0,-0.1564344650397548
0.7666,1.0,-0.30901699437459124
0.76665,1.0,-0.45399049973930883
0.7667,1.0,-0.587785252292344
0.76675,1.0,-0.7071067811865106
0.7668,1.0,-0.8090169943749799
0.76685,1.0,-0.8910065241882353
0.7669,1.0,-0.9510565162950966
0.76695,1.0,-0.9876883405951257
0.767,1.0,-1.0
0.76705,1.0,-0.9876883405951873
0.7671,1.0,-0.9510565162952183
0.76715,1.0,-0.8910065241884142
0.7672,1.0,-0.8090169943752115
0.76725,1.0,-0.7071067811867892
0.7673,1.0,-0.5877852522926627
0.76735,1.0,-0.4539904997396598
0.7674,1.0,-0.3090169943753983
0.76745,1.0,-0.15643446504059302
0.7675,1.0,-2.5919282789878266e-13
0.76755,1.0,0.15643446503963185
0.7676,1.0,0.30901699437447283
0.76765,1.0,0.4539904997396031
0.7677,1.0,0.5877852522922433
0.76775,1.0,0.7071067811864227
0.7678,1.0,0.8090169943749068
0.76785,1.0,0.8910065241883852
0.7679,1.0,0.951056516295058
0.76795,1.0,0.9876883405951062
0.768,1.0,1.0
0.76805,1.0,0.9876883405951357
0.7681,1.0,0.9510565162952568
0.76815,1.0,0.8910065241884707
0.7682,1.0,0.8090169943750173
0.76825,1.0,0.7071067811868772
0.7683,1.0,0.5877852522927633
0.76835,1.0,0.4539904997397707
0.7684,1.0,0.30901699437508423
0.76845,1.0,0.15643446504071595
0.7685,1.0,3.836602713367149e-13
0.76855,1.0,-0.15643446503995806
0.7686,1.0,-0.3090169943743545
0.76865,1.0,-0.4539904997394922
0.7687,1.0,-0.5877852522925104
0.76875,1.0,-0.7071067811863346
0.7688,1.0,-0.8090169943748337
0.76885,1.0,-0.8910065241883287
0.7689,1.0,-0.9510565162951602
0.76895,1.0,-0.9876883405950867
0.769,1.0,-1.0
0.76905,1.0,-0.9876883405951551
0.7691,1.0,-0.9510565162951546
0.76915,1.0,-0.8910065241885272
0.7692,1.0,-0.8090169943750906
0.76925,1.0,-0.7071067811866436
0.7693,1.0,-0.587785252292864
0.76935,1.0,-0.4539904997398816
0.7694,1.0,-0.3090169943752026
0.76945,1.0,-0.15643446504038974
0.7695,1.0,-5.081277147746472e-13
0.76955,1.0,0.15643446503983513
0.7696,1.0,0.30901699437466856
0.76965,1.0,0.4539904997389761
0.7697,1.0,0.5877852522924099
0.76975,1.0,0.7071067811865681
0.7698,1.0,0.8090169943747605
0.76985,1.0,0.8910065241882722
0.7699,1.0,0.9510565162951217
0.76995,1.0,0.9876883405951384
0.77,1.0,1.0
0.77005,1.0,0.9876883405951745
0.7701,1.0,0.9510565162951932
0.77015,1.0,0.8910065241883772
0.7702,1.0,0.8090169943751636
0.77025,1.0,0.7071067811867316
0.7703,1.0,0.5877852522925968
0.77035,1.0,0.4539904997399925
0.7704,1.0,0.309016994375321
0.77045,1.0,0.15643446504051267
0.7705,1.0,1.7784780732611534e-13
0.77055,1.0,-0.1564344650397122
0.7706,1.0,-0.3090169943745502
0.77065,1.0,-0.4539904997392704
0.7707,1.0,-0.587785252292309
0.77075,1.0,-0.7071067811864802
0.7708,1.0,-0.8090169943749546
0.77085,1.0,-0.8910065241882157
0.7709,1.0,-0.9510565162950833
0.77095,1.0,-0.9876883405951189
0.771,1.0,-1.0
0.77105,1.0,-0.9876883405951941
0.7711,1.0,-0.9510565162952316
0.77115,1.0,-0.8910065241884337
0.7712,1.0,-0.8090169943749695
0.77125,1.0,-0.7071067811868197
0.7713,1.0,-0.5877852522926976
0.77135,1.0,-0.45399049973969824
0.7714,1.0,-0.30901699437543934
0.77145,1.0,-0.1564344650406356
0.7715,1.0,-3.023152507640476e-13
0.77155,1.0,0.1564344650400384
0.7716,1.0,0.3090169943744318
0.77165,1.0,0.4539904997391595
0.7717,1.0,0.5877852522925763
0.77175,1.0,0.7071067811863921
0.7718,1.0,0.8090169943748814
0.77185,1.0,0.8910065241883657
0.7719,1.0,0.9510565162950447
0.77195,1.0,0.9876883405950995
0.772,1.0,1.0
0.77205,1.0,0.9876883405951423
0.7721,1.0,0.9510565162952701
0.77215,1.0,0.8910065241884902
0.7722,1.0,0.8090169943750427
0.77225,1.0,0.7071067811865861
0.7723,1.0,0.5877852522927982
0.77235,1.0,0.45399049973980915
0.7724,1.0,0.30901699437512525
0.77245,1.0,0.15643446504075853
0.7725,1.0,4.2678269420197985e-13
0.77255,1.0,-0.15643446503991548
0.7726,1.0,-0.30901699437474595
0.77265,1.0,-0.4539904997390486
0.7727,1.0,-0.5877852522924756
0.77275,1.0,-0.7071067811866257
0.7728,1.0,-0.8090169943748082
0.77285,1.0,-0.8910065241883092
0.7729,1.0,-0.9510565162951469
0.77295,1.0,-0.98768834059508
0.773,1.0,-1.0
0.77305,1.0,-0.9876883405951619
0.7731,1.0,-0.951056516295168
0.77315,1.0,-0.8910065241885468
0.7732,1.0,-0.8090169943751159
0.77325,1.0,-0.7071067811866741
0.7733,1.0,-0.5877852522925311
0.77335,1.0,-0.45399049973992
0.7734,1.0,-0.3090169943752436
0.77345,1.0,-0.15643446504043232
0.7735,1.0,-5.512501376399121e-13
0.77355,1.0,0.15643446503979255
0.7736,1.0,0.30901699437462754
0.77365,1.0,0.45399049973934286
0.7737,1.0,0.5877852522923749
0.77375,1.0,0.7071067811865377
0.7738,1.0,0.8090169943750024
0.77385,1.0,0.8910065241882527
0.7739,1.0,0.9510565162951083
0.77395,1.0,0.9876883405951317
0.774,1.0,1.0
0.77405,1.0,0.9876883405951813
0.7741,1.0,0.9510565162952065
0.77415,1.0,0.8910065241883968
0.7742,1.0,0.809016994375189
0.77425,1.0,0.7071067811867622
0.7743,1.0,0.5877852522926318
0.77435,1.0,0.45399049973962574
0.7744,1.0,0.309016994375362
0.77445,1.0,0.15643446504055525
0.7745,1.0,2.209702301913803e-13
0.77455,1.0,-0.15643446503966962
0.7746,1.0,-0.3090169943745092
0.77465,1.0,-0.453990499739232
0.7747,1.0,-0.5877852522922742
0.77475,1.0,-0.7071067811864497
0.7748,1.0,-0.8090169943749292
0.77485,1.0,-0.8910065241884026
0.7749,1.0,-0.9510565162950699
0.77495,1.0,-0.9876883405951122
0.775,1.0,-1.0
0.77505,1.0,-0.9876883405952008
0.7751,1.0,-0.9510565162952449
0.77515,1.0,-0.8910065241884533
0.7752,1.0,-0.8090169943749949
0.77525,1.0,-0.7071067811868502
0.7753,1.0,-0.5877852522927325
0.77535,1.0,-0.45399049973973665
0.7754,1.0,-0.30901699437504787
0.77545,1.0,-0.1564344650406782
0.7755,1.0,-3.4543767362931256e-13
0.77555,1.0,0.15643446503999583
0.7756,1.0,0.3090169943743908
0.77565,1.0,0.4539904997391211
0.7757,1.0,0.5877852522921735
0.77575,1.0,0.7071067811863616
0.7758,1.0,0.8090169943748561
0.77585,1.0,0.8910065241883461
0.7759,1.0,0.951056516295172
0.77595,1.0,0.9876883405950927
0.776,1.0,1.0
0.77605,1.0,0.9876883405951491
0.7761,1.0,0.9510565162952834
0.77615,1.0,0.8910065241885098
0.7762,1.0,0.809016994375068
0.77625,1.0,0.7071067811866166
0.7763,1.0,0.5877852522928332
0.77635,1.0,0.45399049973984756
0.7764,1.0,0.3090169943751662
0.77645,1.0,0.156434465040352
0.7765,1.0,4.699051170672448e-13
0.77655,1.0,-0.15643446503987288
0.7766,1.0,-0.3090169943747049
0.77665,1.0,-0.4539904997390102
0.7767,1.0,-0.5877852522920728
0.77675,1.0,-0.7071067811865952
0.7768,1.0,-0.8090169943747829
0.77685,1.0,-0.8910065241882896
0.7769,1.0,-0.9510565162951335
0.77695,1.0,-0.9876883405951444
0.777,1.0,-1.0
0.77705,1.0,-0.9876883405951686
0.7771,1.0,-0.9510565162951813
0.77715,1.0,-0.8910065241885663
0.7772,1.0,-0.8090169943751412
0.77725,1.0,-0.7071067811867047
0.7773,1.0,-0.587785252292566
0.77735,1.0,-0.4539904997399584
0.7774,1.0,-0.3090169943752846
0.77745,1.0,-0.15643446504047492
0.7775,1.0,-1.3962520961871298e-13
0.77755,1.0,0.15643446503974995
0.7776,1.0,0.3090169943745866
0.77765,1.0,0.45399049973930444
0.7777,1.0,0.5877852522919721
0.77775,1.0,0.7071067811865072
0.7778,1.0,0.8090169943749771
0.77785,1.0,0.8910065241882331
0.7779,1.0,0.951056516295095
0.77795,1.0,0.9876883405951249
0.778,1.0,1.0
0.77805,1.0,0.9876883405951881
0.7781,1.0,0.9510565162952198
0.77815,1.0,0.8910065241884164
0.7782,1.0,0.8090169943752143
0.77825,1.0,0.7071067811867926
0.7783,1.0,0.5877852522926666
0.77835,1.0,0.45399049973966416
0.7784,1.0,0.309016994375403
0.77845,1.0,0.15643446504059785
0.7785,1.0,2.640926530566452e-13
0.77855,1.0,-0.15643446504007616
0.7786,1.0,-0.30901699437446817
0.77865,1.0,-0.45399049973919353
0.7787,1.0,-0.5877852522922393
0.77875,1.0,-0.7071067811864191
0.7788,1.0,-0.8090169943749039
0.77885,1.0,-0.891006524188383
0.7789,1.0,-0.9510565162950566
0.77895,1.0,-0.9876883405951055
0.779,1.0,-1.0
0.77905,1.0,-0.9876883405951364
0.7791,1.0,-0.9510565162952582
0.77915,1.0,-0.8910065241884729
0.7792,1.0,-0.8090169943750202
0.77925,1.0,-0.7071067811868806
0.7793,1.0,-0.5877852522927673
0.77935,1.0,-0.45399049973977507
0.7794,1.0,-0.3090169943750889
0.77945,1.0,-0.15643446504072078
0.7795,1.0,-3.885600964945775e-13
0.77955,1.0,0.15643446503995323
0.7796,1.0,0.3090169943747823
0.77965,1.0,0.4539904997390827
0.7797,1.0,0.5877852522921386
0.77975,1.0,0.7071067811863312
0.7798,1.0,0.8090169943748308
0.77985,1.0,0.8910065241883265
0.7799,1.0,0.9510565162951586
0.77995,1.0,0.9876883405950859
0.78,1.0,1.0
0.78005,1.0,0.9876883405951559
0.7801,1.0,0.9510565162951562
0.78015,1.0,0.8910065241885294
0.7802,1.0,0.8090169943750933
0.78025,1.0,0.7071067811866472
0.7803,1.0,0.587785252292868
0.78035,1.0,0.453990499739886
0.7804,1.0,0.30901699437520724
0.78045,1.0,0.15643446504039457
0.7805,1.0,5.130275399325098e-13
0.78055,1.0,-0.1564344650398303
0.7806,1.0,-0.3090169943746639
0.78065,1.0,-0.45399049973937694
0.7807,1.0,-0.5877852522920379
0.78075,1.0,-0.7071067811865647
0.7808,1.0,-0.8090169943750248
0.78085,1.0,-0.89100652418827
0.7809,1.0,-0.9510565162951202
0.78095,1.0,-0.9876883405951377
0.781,1.0,-1.0
0.78105,1.0,-0.9876883405951753
0.7811,1.0,-0.9510565162951946
0.78115,1.0,-0.8910065241883794
0.7812,1.0,-0.8090169943751665
0.78125,1.0,-0.7071067811867352
0.7813,1.0,-0.5877852522926008
0.78135,1.0,-0.4539904997399969
0.7814,1.0,-0.30901699437532565
0.78145,1.0,-0.1564344650405175
0.7815,1.0,-1.8274763248397793e-13
0.78155,1.0,0.15643446503970737
0.7816,1.0,0.30901699437454555
0.78165,1.0,0.45399049973926603
0.7817,1.0,0.5877852522923052
0.78175,1.0,0.7071067811861551
0.7818,1.0,0.8090169943749517
0.78185,1.0,0.89100652418842
0.7819,1.0,0.9510565162950817
0.78195,1.0,0.9876883405951181
0.782,1.0,1.0
0.78205,1.0,0.9876883405951948
0.7821,1.0,0.9510565162952331
0.78215,1.0,0.891006524188436
0.7822,1.0,0.8090169943749724
0.78225,1.0,0.7071067811868231
0.7823,1.0,0.5877852522927015
0.78235,1.0,0.45399049973970257
0.7824,1.0,0.309016994375444
0.78245,1.0,0.15643446504064043
0.7825,1.0,3.0721507592191017e-13
0.78255,1.0,-0.15643446504003358
0.7826,1.0,-0.30901699437442715
0.78265,1.0,-0.4539904997391551
0.7827,1.0,-0.5877852522922045
0.78275,1.0,-0.7071067811863887
0.7828,1.0,-0.8090169943748785
0.78285,1.0,-0.8910065241883635
0.7829,1.0,-0.9510565162951837
0.78295,1.0,-0.9876883405950987
0.783,1.0,-1.0
0.78305,1.0,-0.9876883405951431
0.7831,1.0,-0.9510565162952715
0.78315,1.0,-0.8910065241884925
0.7832,1.0,-0.8090169943750456
0.78325,1.0,-0.7071067811865897
0.7833,1.0,-0.5877852522928022
0.78335,1.0,-0.4539904997398135
0.7834,1.0,-0.3090169943751299
0.78345,1.0,-0.1564344650407634
0.7835,1.0,-4.3168251935984247e-13
0.78355,1.0,0.15643446503991065
0.7836,1.0,0.3090169943747413
0.78365,1.0,0.4539904997390442
0.7837,1.0,0.5877852522921038
0.78375,1.0,0.7071067811863007
0.7838,1.0,0.8090169943748053
0.78385,1.0,0.891006524188307
0.7839,1.0,0.9510565162951453
0.78395,1.0,0.9876883405951503
0.784,1.0,1.0
0.78405,1.0,0.9876883405951626
0.7841,1.0,0.9510565162951695
0.78415,1.0,0.891006524188549
0.7842,1.0,0.8090169943751188
0.78425,1.0,0.7071067811866776
0.7843,1.0,0.587785252292535
0.78435,1.0,0.4539904997399244
0.7844,1.0,0.30901699437524827
0.78445,1.0,0.15643446504043718
0.7845,1.0,5.561499627977747e-13
0.78455,1.0,-0.1564344650397877
0.7846,1.0,-0.3090169943746229
0.78465,1.0,-0.4539904997393385
0.7847,1.0,-0.5877852522920031
0.78475,1.0,-0.7071067811862126
0.7848,1.0,-0.8090169943749995
0.78485,1.0,-0.8910065241882504
0.7849,1.0,-0.9510565162951069
0.78495,1.0,-0.9876883405951309
0.785,1.0,-1.0
0.78505,1.0,-0.9876883405951821
0.7851,1.0,-0.9510565162952079
0.78515,1.0,-0.891006524188399
0.7852,1.0,-0.8090169943751919
0.78525,1.0,-0.7071067811867656
0.7853,1.0,-0.5877852522926357
0.78535,1.0,-0.4539904997396301
0.7854,1.0,-0.30901699437536667
0.78545,1.0,-0.1564344650405601
0.7855,1.0,-2.2587005534924288e-13
0.78555,1.0,0.1564344650401139
0.7856,1.0,0.30901699437450453
0.78565,1.0,0.4539904997392276
0.7857,1.0,0.5877852522922703
0.78575,1.0,0.7071067811861247
0.7858,1.0,0.8090169943749264
0.78585,1.0,0.8910065241884004
0.7859,1.0,0.9510565162950684
0.78595,1.0,0.9876883405951115
0.786,1.0,1.0
0.78605,1.0,0.9876883405951304
0.7861,1.0,0.9510565162952465
0.78615,1.0,0.8910065241884555
0.7862,1.0,0.8090169943749977
0.78625,1.0,0.7071067811868537
0.7863,1.0,0.5877852522927364
0.78635,1.0,0.45399049973974104
0.7864,1.0,0.30901699437505253
0.78645,1.0,0.15643446504068304
0.7865,1.0,3.503374987871751e-13
0.78655,1.0,-0.15643446503999098
0.7866,1.0,-0.30901699437481867
0.78665,1.0,-0.4539904997391167
0.7867,1.0,-0.5877852522921696
0.78675,1.0,-0.7071067811863582
0.7868,1.0,-0.8090169943748532
0.78685,1.0,-0.8910065241883439
0.7869,1.0,-0.9510565162951704
0.78695,1.0,-0.9876883405950919
0.787,1.0,-1.0
0.78705,1.0,-0.9876883405951499
0.7871,1.0,-0.9510565162951444
0.78715,1.0,-0.891006524188512
0.7872,1.0,-0.8090169943750709
0.78725,1.0,-0.7071067811866201
0.7873,1.0,-0.5877852522928371
0.78735,1.0,-0.4539904997398519
0.7874,1.0,-0.3090169943751709
0.78745,1.0,-0.15643446504035682
0.7875,1.0,-4.748049422251074e-13
0.78755,1.0,0.15643446503986805
0.7876,1.0,0.30901699437470026
0.78765,1.0,0.45399049973941097
0.7877,1.0,0.5877852522920689
0.78775,1.0,0.7071067811862701
0.7878,1.0,0.80901699437478
0.78785,1.0,0.8910065241882874
0.7879,1.0,0.951056516295132
0.78795,1.0,0.9876883405951437
0.788,1.0,1.0
0.78805,1.0,0.9876883405951694
0.7881,1.0,0.9510565162951828
0.78815,1.0,0.8910065241883621
0.7882,1.0,0.8090169943751441
0.78825,1.0,0.7071067811867081
0.7883,1.0,0.58778525229257
0.78835,1.0,0.4539904997399628
0.7884,1.0,0.3090169943752893
0.78845,1.0,0.15643446504047975
0.7885,1.0,1.4452503477657557e-13
0.78855,1.0,-0.15643446503974512
0.7886,1.0,-0.3090169943745819
0.78865,1.0,-0.45399049973930006
0.7887,1.0,-0.587785252292336
0.78875,1.0,-0.7071067811861822
0.7888,1.0,-0.8090169943747069
0.78885,1.0,-0.8910065241882309
0.7889,1.0,-0.9510565162950936
0.78895,1.0,-0.9876883405951241
0.789,1.0,-1.0
0.78905,1.0,-0.9876883405951888
0.7891,1.0,-0.9510565162952214
0.78915,1.0,-0.8910065241884186
0.7892,1.0,-0.8090169943749499
0.78925,1.0,-0.7071067811867962
0.7893,1.0,-0.5877852522926706
0.78935,1.0,-0.45399049973966854
0.7894,1.0,-0.30901699437540764
0.78945,1.0,-0.15643446504060268
0.7895,1.0,-2.6899247821450783e-13
0.78955,1.0,0.15643446504007133
0.7896,1.0,0.3090169943744635
0.78965,1.0,0.4539904997391892
0.7897,1.0,0.5877852522922353
0.78975,1.0,0.7071067811864157
0.7898,1.0,0.8090169943746337
0.78985,1.0,0.8910065241883808
0.7899,1.0,0.951056516295055
0.78995,1.0,0.9876883405951047
0.79,1.0,1.0
0.79005,1.0,0.9876883405951372
0.7901,1.0,0.9510565162952598
0.79015,1.0,0.8910065241884751
0.7902,1.0,0.8090169943750231
0.79025,1.0,0.7071067811865626
0.7903,1.0,0.5877852522927713
0.79035,1.0,0.45399049973977945
0.7904,1.0,0.30901699437509356
0.79045,1.0,0.1564344650407256
0.7905,1.0,3.934599216524401e-13
0.79055,1.0,-0.1564344650399484
0.7906,1.0,-0.30901699437477764
0.79065,1.0,-0.4539904997390783
0.7907,1.0,-0.5877852522921346
0.79075,1.0,-0.7071067811863276
0.7908,1.0,-0.8090169943748279
0.79085,1.0,-0.8910065241883243
0.7909,1.0,-0.9510565162951571
0.79095,1.0,-0.9876883405950851
0.791,1.0,-1.0
0.79105,1.0,-0.9876883405951566
0.7911,1.0,-0.9510565162951578
0.79115,1.0,-0.8910065241885315
0.7912,1.0,-0.8090169943750962
0.79125,1.0,-0.7071067811866506
0.7913,1.0,-0.5877852522925041
0.79135,1.0,-0.45399049973989036
0.7914,1.0,-0.3090169943752119
0.79145,1.0,-0.1564344650403994
0.7915,1.0,-5.179273650903723e-13
0.79155,1.0,0.15643446503982547
0.7916,1.0,0.30901699437465924
0.79165,1.0,0.45399049973937255
0.7917,1.0,0.5877852522920339
0.79175,1.0,0.7071067811862397
0.7918,1.0,0.8090169943747547
0.79185,1.0,0.8910065241882678
0.7919,1.0,0.9510565162951187
0.79195,1.0,0.9876883405951369
0.792,1.0,1.0
0.79205,1.0,0.9876883405951761
0.7921,1.0,0.9510565162951962
0.79215,1.0,0.8910065241883817
0.7922,1.0,0.8090169943751694
0.79225,1.0,0.7071067811867385
0.7923,1.0,0.5877852522926048
0.79235,1.0,0.45399049973959604
0.7924,1.0,0.3090169943753303
0.79245,1.0,0.15643446504052236
0.7925,1.0,1.8764745764184052e-13
0.79255,1.0,-0.1564344650397025
0.7926,1.0,-0.3090169943745409
0.79265,1.0,-0.45399049973926164
0.7927,1.0,-0.5877852522923012
0.79275,1.0,-0.7071067811861517
0.7928,1.0,-0.8090169943746816
0.79285,1.0,-0.8910065241884177
0.7929,1.0,-0.9510565162950801
0.79295,1.0,-0.9876883405951173
0.793,1.0,-1.0
0.79305,1.0,-0.9876883405951956
0.7931,1.0,-0.9510565162952347
0.79315,1.0,-0.8910065241884382
0.7932,1.0,-0.8090169943749753
0.79325,1.0,-0.7071067811868266
0.7933,1.0,-0.5877852522927055
0.79335,1.0,-0.45399049973970695
0.7934,1.0,-0.3090169943750162
0.79345,1.0,-0.1564344650406453
0.7935,1.0,-3.121149010797728e-13
0.79355,1.0,0.15643446504002873
0.7936,1.0,0.3090169943744225
0.79365,1.0,0.4539904997391508
0.7937,1.0,0.5877852522922005
0.79375,1.0,0.7071067811863853
0.7938,1.0,0.8090169943746084
0.79385,1.0,0.8910065241881547
0.7939,1.0,0.9510565162951823
0.79395,1.0,0.9876883405950979
0.794,1.0,1.0
0.79405,1.0,0.9876883405951439
0.7941,1.0,0.9510565162952731
0.79415,1.0,0.8910065241884947
0.7942,1.0,0.8090169943750485
0.79425,1.0,0.7071067811865931
0.7943,1.0,0.5877852522928062
0.79435,1.0,0.45399049973981787
0.7944,1.0,0.3090169943751346
0.79445,1.0,0.15643446504031908
0.7945,1.0,4.3658234451770503e-13
0.79455,1.0,-0.1564344650399058
0.7946,1.0,-0.3090169943747366
0.79465,1.0,-0.4539904997390399
0.7947,1.0,-0.5877852522920998
0.79475,1.0,-0.7071067811862972
0.7948,1.0,-0.8090169943748026
0.79485,1.0,-0.8910065241880982
0.7949,1.0,-0.9510565162951438
0.79495,1.0,-0.9876883405951495
0.795,1.0,-1.0
0.79505,1.0,-0.9876883405951634
0.7951,1.0,-0.9510565162951711
0.79515,1.0,-0.8910065241885512
0.7952,1.0,-0.8090169943751216
0.79525,1.0,-0.707106781186681
0.7953,1.0,-0.587785252292539
0.79535,1.0,-0.4539904997399288
0.7954,1.0,-0.30901699437525293
0.79545,1.0,-0.156434465040442
0.7955,1.0,-1.063024370691732e-13
0.79555,1.0,0.15643446503978287
0.7956,1.0,0.3090169943746182
0.79565,1.0,0.45399049973933414
0.7957,1.0,0.5877852522919991
0.79575,1.0,0.7071067811862092
0.7958,1.0,0.8090169943747293
0.79585,1.0,0.8910065241882482
0.7959,1.0,0.9510565162951053
0.79595,1.0,0.9876883405951301
0.796,1.0,1.0
0.79605,1.0,0.9876883405951828
0.7961,1.0,0.9510565162952095
0.79615,1.0,0.8910065241884012
0.7962,1.0,0.8090169943751948
0.79625,1.0,0.7071067811867691
0.7963,1.0,0.5877852522926397
0.79635,1.0,0.45399049973963446
0.7964,1.0,0.30901699437537133
0.79645,1.0,0.15643446504056494
0.7965,1.0,2.3076988050710544e-13
0.79655,1.0,-0.15643446504010908
0.7966,1.0,-0.30901699437449986
0.79665,1.0,-0.45399049973922323
0.7967,1.0,-0.5877852522922663
0.79675,1.0,-0.7071067811861211
0.7968,1.0,-0.8090169943746562
0.79685,1.0,-0.8910065241881917
0.7969,1.0,-0.9510565162950668
0.79695,1.0,-0.9876883405951107
0.797,1.0,-1.0
0.79705,1.0,-0.9876883405951312
0.7971,1.0,-0.951056516295248
0.79715,1.0,-0.8910065241884577
0.7972,1.0,-0.8090169943750006
0.79725,1.0,-0.7071067811868571
0.7973,1.0,-0.5877852522927404
0.79735,1.0,-0.45399049973974537
0.7974,1.0,-0.3090169943750572
0.79745,1.0,-0.15643446504068786
0.7975,1.0,-3.5523732394503774e-13
0.79755,1.0,0.15643446503998615
0.7976,1.0,0.309016994374814
0.79765,1.0,0.4539904997391123
0.7977,1.0,0.5877852522921656
0.79775,1.0,0.7071067811863547
0.7978,1.0,0.8090169943745831
0.79785,1.0,0.8910065241881352
0.7979,1.0,0.951056516295169
0.79795,1.0,0.9876883405950911
0.798,1.0,1.0
0.79805,1.0,0.9876883405951506
0.7981,1.0,0.9510565162951459
0.79815,1.0,0.8910065241885142
0.7982,1.0,0.8090169943750738
0.79825,1.0,0.7071067811866236
0.7983,1.0,0.5877852522924731
0.79835,1.0,0.4539904997398563
0.7984,1.0,0.30901699437517555
0.79845,1.0,0.15643446504036165
0.7985,1.0,4.7970476738297e-13
0.79855,1.0,-0.15643446503986322
0.7986,1.0,-0.3090169943746956
0.79865,1.0,-0.45399049973940664
0.7987,1.0,-0.5877852522920649
0.79875,1.0,-0.7071067811862667
0.7988,1.0,-0.8090169943747771
0.79885,1.0,-0.8910065241880787
0.7989,1.0,-0.9510565162951304
0.79895,1.0,-0.9876883405951429
0.799,1.0,-1.0
0.79905,1.0,-0.9876883405951701
0.7991,1.0,-0.9510565162951844
0.79915,1.0,-0.8910065241883643
0.7992,1.0,-0.809016994375147
0.79925,1.0,-0.7071067811867116
0.7993,1.0,-0.5877852522925738
0.79935,1.0,-0.453990499739562
0.7994,1.0,-0.30901699437529395
0.79945,1.0,-0.15643446504048458
0.7995,1.0,-1.4942485993443815e-13
0.79955,1.0,0.1564344650397403
0.7996,1.0,0.30901699437457725
0.79965,1.0,0.4539904997392957
0.7997,1.0,0.5877852522923321
0.79975,1.0,0.7071067811861786
0.7998,1.0,0.809016994374704
0.79985,1.0,0.8910065241882287
0.7999,1.0,0.951056516295092
0.79995,1.0,0.9876883405951233
0.8,1.0,1.0
0.80005,1.0,0.9876883405951896
0.8001,1.0,0.9510565162952228
0.80015,1.0,0.8910065241884209
0.8002,1.0,0.8090169943749528
0.80025,1.0,0.7071067811867996
0.8003,1.0,0.5877852522926745
0.80035,1.0,0.45399049973967287
0.8004,1.0,0.3090169943749798
0.80045,1.0,0.15643446504060754
0.8005,1.0,2.738923033723704e-13
0.80055,1.0,-0.1564344650400665
0.8006,1.0,-0.30901699437445884
0.80065,1.0,-0.4539904997391848
0.8007,1.0,-0.5877852522922314
0.80075,1.0,-0.7071067811864122
0.8008,1.0,-0.8090169943746308
0.80085,1.0,-0.8910065241881722
0.8009,1.0,-0.9510565162950535
0.80095,1.0,-0.9876883405951039
0.801,1.0,-1.0
0.80105,1.0,-0.9876883405951379
0.8011,1.0,-0.9510565162952613
0.80115,1.0,-0.8910065241884774
0.8012,1.0,-0.8090169943750259
0.80125,1.0,-0.707106781186566
0.8013,1.0,-0.5877852522927752
0.80135,1.0,-0.4539904997397838
0.8014,1.0,-0.3090169943750982
0.80145,1.0,-0.15643446504028133
0.8015,1.0,-3.983597468103027e-13
0.80155,1.0,0.15643446503994354
0.8016,1.0,0.309016994374773
0.80165,1.0,0.4539904997390739
0.8017,1.0,0.5877852522921307
0.80175,1.0,0.7071067811863242
0.8018,1.0,0.809016994374825
0.80185,1.0,0.8910065241881157
0.8019,1.0,0.9510565162950151
0.80195,1.0,0.9876883405951555
0.802,1.0,1.0
0.80205,1.0,0.9876883405951574
0.8021,1.0,0.9510565162951592
0.80215,1.0,0.8910065241885339
0.8022,1.0,0.8090169943750991
0.80225,1.0,0.707106781186654
0.8023,1.0,0.5877852522925081
0.80235,1.0,0.4539904997398947
0.8024,1.0,0.30901699437521657
0.80245,1.0,0.15643446504040426
0.8025,1.0,6.807983936177084e-14
0.80255,1.0,-0.1564344650398206
0.8026,1.0,-0.3090169943746546
0.80265,1.0,-0.4539904997393682
0.8027,1.0,-0.58778525229203
0.80275,1.0,-0.7071067811862362
0.8028,1.0,-0.8090169943747518
0.80285,1.0,-0.8910065241882655
0.8029,1.0,-0.9510565162949767
0.80295,1.0,-0.9876883405951361
0.803,1.0,-1.0
0.80305,1.0,-0.9876883405951769
0.8031,1.0,-0.9510565162951977
0.80315,1.0,-0.8910065241883839
0.8032,1.0,-0.8090169943751723
0.80325,1.0,-0.7071067811867421
0.8033,1.0,-0.5877852522926088
0.80335,1.0,-0.45399049973960043
0.8034,1.0,-0.309016994375335
0.80345,1.0,-0.1564344650405272
0.8035,1.0,-1.925472827997031e-13
0.80355,1.0,0.15643446504014683
0.8036,1.0,0.3090169943745362
0.80365,1.0,0.4539904997392573
0.8037,1.0,0.5877852522922972
0.80375,1.0,0.7071067811861482
0.8038,1.0,0.8090169943746787
0.80385,1.0,0.891006524188209
0.8039,1.0,0.9510565162950787
0.80395,1.0,0.9876883405951167
0.804,1.0,1.0
0.80405,1.0,0.9876883405951252
0.8041,1.0,0.9510565162952361
0.80415,1.0,0.8910065241884404
0.8042,1.0,0.8090169943749782
0.80425,1.0,0.70710678118683
0.8043,1.0,0.5877852522927095
0.80435,1.0,0.45399049973971134
0.8044,1.0,0.30901699437502084
0.80445,1.0,0.15643446504065012
0.8045,1.0,3.1701472623763535e-13
0.80455,1.0,-0.1564344650400239
0.8046,1.0,-0.3090169943748503
0.80465,1.0,-0.4539904997391464
0.8047,1.0,-0.5877852522921965
0.80475,1.0,-0.7071067811863817
0.8048,1.0,-0.8090169943746055
0.80485,1.0,-0.8910065241881525
0.8049,1.0,-0.9510565162950402
0.80495,1.0,-0.9876883405950971
0.805,1.0,-1.0
0.80505,1.0,-0.9876883405951447
0.8051,1.0,-0.9510565162951341
0.80515,1.0,-0.8910065241884969
0.8052,1.0,-0.8090169943750514
0.80525,1.0,-0.7071067811865965
0.8053,1.0,-0.5877852522928102
0.80535,1.0,-0.4539904997398222
0.8054,1.0,-0.30901699437513924
0.80545,1.0,-0.1564344650403239
0.8055,1.0,-4.4148216967556764e-13
0.80555,1.0,0.15643446503990097
0.8056,1.0,0.30901699437473196
0.80565,1.0,0.45399049973944067
0.8057,1.0,0.5877852522920958
0.80575,1.0,0.7071067811862938
0.8058,1.0,0.8090169943747996
0.80585,1.0,0.891006524188096
0.8059,1.0,0.9510565162950018
0.80595,1.0,0.9876883405951489
0.806,1.0,1.0
0.80605,1.0,0.9876883405951642
0.8061,1.0,0.9510565162951725
0.80615,1.0,0.8910065241883469
0.8062,1.0,0.8090169943751245
0.80625,1.0,0.7071067811866846
0.8063,1.0,0.587785252292543
0.80635,1.0,0.4539904997399331
0.8064,1.0,0.3090169943752576
0.80645,1.0,0.15643446504044684
0.8065,1.0,1.1120226222703579e-13
0.80655,1.0,-0.15643446503977804
0.8066,1.0,-0.3090169943746136
0.80665,1.0,-0.45399049973932976
0.8067,1.0,-0.587785252292363
0.80675,1.0,-0.7071067811862057
0.8068,1.0,-0.8090169943747265
0.80685,1.0,-0.891006524188246
0.8069,1.0,-0.9510565162949633
0.80695,1.0,-0.9876883405950582
0.807,1.0,-1.0
0.80705,1.0,-0.9876883405951836
0.8071,1.0,-0.951056516295211
0.80715,1.0,-0.8910065241884034
0.8072,1.0,-0.8090169943749304
0.80725,1.0,-0.7071067811867725
0.8073,1.0,-0.5877852522926437
0.80735,1.0,-0.45399049973963884
0.8074,1.0,-0.30901699437537594
0.80745,1.0,-0.15643446504056976
0.8075,1.0,-2.3566970566496806e-13
0.80755,1.0,0.15643446504010425
0.8076,1.0,0.3090169943744952
0.80765,1.0,0.4539904997392189
0.8077,1.0,0.5877852522922623
0.80775,1.0,0.7071067811864392
0.8078,1.0,0.8090169943746532
0.80785,1.0,0.8910065241881895
0.8079,1.0,0.9510565162950654
0.80795,1.0,0.9876883405950387
0.808,1.0,1.0
0.80805,1.0,0.987688340595132
0.8081,1.0,0.9510565162952495
0.80815,1.0,0.8910065241884599
0.8082,1.0,0.8090169943750035
0.80825,1.0,0.707106781186539
0.8083,1.0,0.5877852522927444
0.80835,1.0,0.45399049973974975
0.8084,1.0,0.30901699437506186
0.80845,1.0,0.15643446504069272
0.8085,1.0,3.601371491029003e-13
0.80855,1.0,-0.15643446503998132
0.8086,1.0,-0.30901699437480934
0.80865,1.0,-0.453990499739108
0.8087,1.0,-0.5877852522921616
0.80875,1.0,-0.7071067811863513
0.8088,1.0,-0.8090169943748474
0.80885,1.0,-0.891006524188133
0.8089,1.0,-0.9510565162950269
0.80895,1.0,-0.9876883405950904
0.809,1.0,-1.0
0.80905,1.0,-0.9876883405951514
0.8091,1.0,-0.9510565162951474
0.80915,1.0,-0.8910065241885164
0.8092,1.0,-0.8090169943750767
0.80925,1.0,-0.7071067811866271
0.8093,1.0,-0.5877852522924771
0.80935,1.0,-0.45399049973986066
0.8094,1.0,-0.3090169943751802
0.80945,1.0,-0.1564344650403665
0.8095,1.0,-4.846045925408326e-13
0.80955,1.0,0.15643446503985836
0.8096,1.0,0.30901699437469093
0.80965,1.0,0.45399049973940225
0.8097,1.0,0.5877852522920609
0.80975,1.0,0.7071067811862632
0.8098,1.0,0.8090169943747743
0.80985,1.0,0.891006524188283
0.8099,1.0,0.9510565162949884
0.80995,1.0,0.9876883405950709
0.81,1.0,1.0
0.81005,1.0,0.9876883405951709
0.8101,1.0,0.9510565162951858
0.81015,1.0,0.8910065241883666
0.8102,1.0,0.8090169943751498
0.81025,1.0,0.7071067811867151
0.8103,1.0,0.5877852522925778
0.81035,1.0,0.45399049973956634
0.8104,1.0,0.3090169943752986
0.81045,1.0,0.15643446504048944
0.8105,1.0,1.5432468509230074e-13
0.81055,1.0,-0.15643446503973543
0.8106,1.0,-0.3090169943745726
0.81065,1.0,-0.45399049973929134
0.8107,1.0,-0.5877852522923281
0.81075,1.0,-0.7071067811861752
0.8108,1.0,-0.8090169943747011
0.81085,1.0,-0.8910065241882265
0.8109,1.0,-0.9510565162950905
0.81095,1.0,-0.9876883405950515
0.811,1.0,-1.0
0.81105,1.0,-0.9876883405951192
0.8111,1.0,-0.9510565162952244
0.81115,1.0,-0.8910065241884231
0.8112,1.0,-0.8090169943749557
0.81125,1.0,-0.707106781186803
0.8113,1.0,-0.5877852522926785
0.81135,1.0,-0.45399049973967726
0.8114,1.0,-0.3090169943749845
0.81145,1.0,-0.15643446504061237
0.8115,1.0,-2.78792128530233e-13
0.81155,1.0,0.15643446504006164
0.8116,1.0,0.3090169943744542
0.81165,1.0,0.45399049973918043
0.8117,1.0,0.5877852522922274
0.81175,1.0,0.7071067811864088
0.8118,1.0,0.8090169943746279
0.81185,1.0,0.89100652418817
0.8119,1.0,0.9510565162950521
0.81195,1.0,0.9876883405951031
0.812,1.0,1.0
0.81205,1.0,0.9876883405951387
0.8121,1.0,0.9510565162951222
0.81215,1.0,0.8910065241884796
0.8122,1.0,0.8090169943750288
0.81225,1.0,0.7071067811865694
0.8123,1.0,0.5877852522927792
0.81235,1.0,0.45399049973978817
0.8124,1.0,0.3090169943751029
0.81245,1.0,0.15643446504028616
0.8125,1.0,4.0325957196816525e-13
0.81255,1.0,-0.1564344650399387
0.8126,1.0,-0.3090169943747683
0.81265,1.0,-0.4539904997390696
0.8127,1.0,-0.5877852522921267
0.81275,1.0,-0.7071067811863208
0.8128,1.0,-0.8090169943748221
0.81285,1.0,-0.8910065241881134
0.8129,1.0,-0.9510565162950135
0.81295,1.0,-0.9876883405950837
0.813,1.0,-1.0
0.81305,1.0,-0.9876883405951582
0.8131,1.0,-0.9510565162951607
0.81315,1.0,-0.8910065241883296
0.8132,1.0,-0.809016994375102
0.81325,1.0,-0.7071067811866575
0.8133,1.0,-0.587785252292512
0.81335,1.0,-0.4539904997398991
0.8134,1.0,-0.30901699437522123
0.81345,1.0,-0.1564344650404091
0.8135,1.0,-7.297966451963342e-14
0.81355,1.0,0.15643446503981578
0.8136,1.0,0.3090169943746499
0.81365,1.0,0.45399049973936384
0.8137,1.0,0.587785252292026
0.81375,1.0,0.7071067811862327
0.8138,1.0,0.8090169943747489
0.81385,1.0,0.8910065241882633
0.8139,1.0,0.9510565162949751
0.81395,1.0,0.9876883405950642
0.814,1.0,1.0
0.81405,1.0,0.9876883405951776
0.8141,1.0,0.9510565162951992
0.81415,1.0,0.8910065241883861
0.8142,1.0,0.8090169943749079
0.81425,1.0,0.7071067811867455
0.8143,1.0,0.5877852522926127
0.81435,1.0,0.4539904997396048
0.8144,1.0,0.30901699437533964
0.81445,1.0,0.15643446504053202
0.8145,1.0,1.974471079575657e-13
0.81455,1.0,-0.156434465040142
0.8146,1.0,-0.30901699437453156
0.81465,1.0,-0.45399049973925293
0.8147,1.0,-0.5877852522922933
0.81475,1.0,-0.7071067811861448
0.8148,1.0,-0.8090169943746758
0.81485,1.0,-0.8910065241882068
0.8149,1.0,-0.9510565162950771
0.81495,1.0,-0.9876883405950447
0.815,1.0,-1.0
0.81505,1.0,-0.987688340595126
0.8151,1.0,-0.9510565162952377
0.81515,1.0,-0.8910065241884426
0.8152,1.0,-0.8090169943749811
0.81525,1.0,-0.7071067811865119
0.8153,1.0,-0.5877852522927134
0.81535,1.0,-0.45399049973971567
0.8154,1.0,-0.3090169943750255
0.81545,1.0,-0.15643446504065497
0.8155,1.0,-3.2191455139549796e-13
0.81555,1.0,0.15643446504001907
0.8156,1.0,0.3090169943748457
0.81565,1.0,0.453990499739142
0.8157,1.0,0.5877852522921926
0.81575,1.0,0.7071067811863783
0.8158,1.0,0.80901699437487
0.81585,1.0,0.8910065241881503
0.8159,1.0,0.9510565162950387
0.81595,1.0,0.9876883405950964
0.816,1.0,1.0
0.81605,1.0,0.9876883405951454
0.8161,1.0,0.9510565162951357
0.81615,1.0,0.8910065241884991
0.8162,1.0,0.8090169943750541
0.81625,1.0,0.7071067811866
0.8163,1.0,0.5877852522924463
0.81635,1.0,0.4539904997398266
0.8164,1.0,0.30901699437514385
0.81645,1.0,0.15643446504032874
0.8165,1.0,4.463819948334302e-13
0.81655,1.0,-0.15643446503989614
0.8166,1.0,-0.3090169943747273
0.81665,1.0,-0.45399049973943634
0.8167,1.0,-0.5877852522920919
0.81675,1.0,-0.7071067811862903
0.8168,1.0,-0.8090169943747968
0.81685,1.0,-0.8910065241883003
0.8169,1.0,-0.9510565162950002
0.81695,1.0,-0.9876883405950769
0.817,1.0,-1.0
0.81705,1.0,-0.9876883405951649
0.8171,1.0,-0.9510565162951741
0.81715,1.0,-0.8910065241883491
0.8172,1.0,-0.8090169943751274
0.81725,1.0,-0.707106781186688
0.8173,1.0,-0.587785252292547
0.81735,1.0,-0.4539904997395323
0.8174,1.0,-0.30901699437526226
0.81745,1.0,-0.1564344650404517
0.8175,1.0,-1.1610208738489838e-13
0.81755,1.0,0.15643446503977318
0.8176,1.0,0.30901699437460894
0.81765,1.0,0.4539904997393254
0.8177,1.0,0.587785252292359
0.81775,1.0,0.7071067811862023
0.8178,1.0,0.8090169943747236
0.81785,1.0,0.8910065241882438
0.8179,1.0,0.9510565162951023
0.81795,1.0,0.9876883405950575
0.818,1.0,1.0
0.81805,1.0,0.9876883405951844
0.8181,1.0,0.9510565162952125
0.81815,1.0,0.8910065241884056
0.8182,1.0,0.8090169943749332
0.81825,1.0,0.7071067811867761
0.8183,1.0,0.5877852522926477
0.81835,1.0,0.4539904997396432
0.8184,1.0,0.3090169943749481
0.81845,1.0,0.15643446504057462
0.8185,1.0,2.405695308228306e-13
0.81855,1.0,-0.1564344650400994
0.8186,1.0,-0.30901699437449054
0.81865,1.0,-0.4539904997392145
0.8187,1.0,-0.5877852522922584
0.81875,1.0,-0.7071067811864358
0.8188,1.0,-0.8090169943746505
0.81885,1.0,-0.8910065241881873
0.8189,1.0,-0.9510565162950638
0.81895,1.0,-0.9876883405951091
0.819,1.0,-1.0
0.81905,1.0,-0.9876883405952038
0.8191,1.0,-0.951056516295251
0.81915,1.0,-0.8910065241884622
0.8192,1.0,-0.8090169943750064
0.81925,1.0,-0.7071067811865425
0.8193,1.0,-0.5877852522927483
0.81935,1.0,-0.4539904997397541
0.8194,1.0,-0.3090169943750665
0.81945,1.0,-0.1564344650402484
0.8195,1.0,-3.650369742607629e-13
0.81955,1.0,0.15643446503997646
0.8196,1.0,0.3090169943748047
0.81965,1.0,0.4539904997391036
0.8197,1.0,0.5877852522921576
0.81975,1.0,0.7071067811863478
0.8198,1.0,0.8090169943748445
0.81985,1.0,0.8910065241881308
0.8199,1.0,0.9510565162950254
0.81995,1.0,0.9876883405950897
0.82,1.0,1.0
0.82005,1.0,0.9876883405952234
0.8201,1.0,0.951056516295149
0.82015,1.0,0.8910065241885187
0.8202,1.0,0.8090169943750796
0.82025,1.0,0.7071067811866305
0.8203,1.0,0.5877852522924811
0.82035,1.0,0.453990499739865
0.8204,1.0,0.3090169943751849
0.82045,1.0,0.15643446504037134
0.8205,1.0,3.475706681223106e-14
0.82055,1.0,-0.15643446503985353
0.8206,1.0,-0.30901699437468627
0.82065,1.0,-0.45399049973939787
0.8207,1.0,-0.587785252292057
0.82075,1.0,-0.7071067811862598
0.8208,1.0,-0.8090169943747714
0.82085,1.0,-0.8910065241882807
0.8209,1.0,-0.9510565162949869
0.82095,1.0,-0.9876883405950702
0.821,1.0,-1.0
0.82105,1.0,-0.9876883405951716
0.8211,1.0,-0.9510565162951874
0.82115,1.0,-0.8910065241883688
0.8212,1.0,-0.8090169943751527
0.82125,1.0,-0.7071067811867184
0.8213,1.0,-0.5877852522925818
0.82135,1.0,-0.45399049973957073
0.8214,1.0,-0.3090169943753033
0.82145,1.0,-0.15643446504049427
0.8215,1.0,-1.5922451025016333e-13
0.82155,1.0,0.15643446504017974
0.8216,1.0,0.3090169943745679
0.82165,1.0,0.453990499739287
0.8217,1.0,0.5877852522923241
0.82175,1.0,0.7071067811861718
0.8218,1.0,0.8090169943746982
0.82185,1.0,0.8910065241882242
0.8219,1.0,0.951056516295089
0.82195,1.0,0.9876883405950507
0.822,1.0,1.0
0.82205,1.0,0.9876883405951912
0.8221,1.0,0.9510565162952258
0.82215,1.0,0.8910065241884253
0.8222,1.0,0.8090169943749586
0.82225,1.0,0.7071067811868065
0.8223,1.0,0.5877852522926825
0.82235,1.0,0.45399049973968164
0.8224,1.0,0.30901699437498914
0.82245,1.0,0.1564344650406172
0.8225,1.0,2.836919536880956e-13
0.82255,1.0,-0.1564344650400568
0.8226,1.0,-0.309016994374882
0.82265,1.0,-0.4539904997391761
0.8227,1.0,-0.5877852522922234
0.82275,1.0,-0.7071067811864054
0.8228,1.0,-0.809016994374625
0.82285,1.0,-0.8910065241881677
0.8229,1.0,-0.9510565162950505
0.82295,1.0,-0.9876883405951024
0.823,1.0,-1.0
0.82305,1.0,-0.9876883405952106
0.8231,1.0,-0.9510565162951238
0.82315,1.0,-0.8910065241884818
0.8232,1.0,-0.8090169943750317
0.82325,1.0,-0.707106781186573
0.8233,1.0,-0.5877852522927832
0.82335,1.0,-0.45399049973979255
0.8234,1.0,-0.30901699437510755
0.82345,1.0,-0.156434465040291
0.8235,1.0,-4.0815939712602786e-13
0.82355,1.0,0.15643446503993388
0.8236,1.0,0.30901699437476365
0.82365,1.0,0.45399049973947037
0.8237,1.0,0.5877852522921228
0.82375,1.0,0.7071067811863173
0.8238,1.0,0.8090169943748192
0.82385,1.0,0.8910065241881112
0.8239,1.0,0.9510565162950121
0.82395,1.0,0.9876883405950829
0.824,1.0,1.0
0.82405,1.0,0.98768834059523
0.8241,1.0,0.9510565162951623
0.82415,1.0,0.8910065241883318
0.8242,1.0,0.8090169943751049
0.82425,1.0,0.707106781186661
0.8243,1.0,0.587785252292516
0.82435,1.0,0.45399049973990346
0.8244,1.0,0.3090169943752259
0.82445,1.0,0.15643446504041392
0.8245,1.0,7.787948967749601e-14
0.82455,1.0,-0.15643446503981093
0.8246,1.0,-0.30901699437464525
0.82465,1.0,-0.45399049973935945
0.8247,1.0,-0.58778525229239
0.82475,1.0,-0.7071067811862293
0.8248,1.0,-0.8090169943747461
0.82485,1.0,-0.8910065241882611
0.8249,1.0,-0.9510565162949736
0.82495,1.0,-0.9876883405950634
0.825,1.0,-1.0
0.82505,1.0,-0.9876883405951784
0.8251,1.0,-0.9510565162953413
0.82515,1.0,-0.8910065241883883
0.8252,1.0,-0.8090169943749108
0.82525,1.0,-0.707106781186749
0.8253,1.0,-0.5877852522926167
0.82535,1.0,-0.45399049973960914
0.8254,1.0,-0.3090169943753443
0.82545,1.0,-0.15643446504053687
0.8255,1.0,-2.0234693311542828e-13
0.82555,1.0,0.15643446504013717
0.8256,1.0,0.3090169943745269
0.82565,1.0,0.45399049973924854
0.8257,1.0,0.5877852522922893
0.82575,1.0,0.7071067811864629
0.8258,1.0,0.8090169943746729
0.82585,1.0,0.8910065241882046
0.8259,1.0,0.9510565162950757
0.82595,1.0,0.987688340595044
0.826,1.0,1.0
0.82605,1.0,0.9876883405951978
0.8261,1.0,0.9510565162952391
0.82615,1.0,0.8910065241884448
0.8262,1.0,0.809016994374984
0.82625,1.0,0.7071067811865155
0.8263,1.0,0.5877852522927174
0.82635,1.0,0.45399049973972005
0.8264,1.0,0.30901699437503016
0.82645,1.0,0.1564344650406598
0.8265,1.0,3.2681437655336057e-13
0.82655,1.0,-0.1564344650400142
0.8266,1.0,-0.30901699437484104
0.82665,1.0,-0.4539904997391377
0.8267,1.0,-0.5877852522921886
0.82675,1.0,-0.7071067811863748
0.8268,1.0,-0.8090169943748671
0.82685,1.0,-0.8910065241881481
0.8269,1.0,-0.9510565162950372
0.82695,1.0,-0.9876883405950956
0.827,1.0,-1.0
0.82705,1.0,-0.9876883405952174
0.8271,1.0,-0.9510565162952777
0.82715,1.0,-0.8910065241885013
0.8272,1.0,-0.8090169943750571
0.82725,1.0,-0.7071067811866034
0.8273,1.0,-0.5877852522924502
0.82735,1.0,-0.45399049973983097
0.8274,1.0,-0.3090169943751485
0.82745,1.0,-0.1564344650403336
0.8275,1.0,-4.512818199912928e-13
0.82755,1.0,0.15643446503989128
0.8276,1.0,0.30901699437472263
0.82765,1.0,0.45399049973943195
0.8277,1.0,0.5877852522920879
0.82775,1.0,0.7071067811862868
0.8278,1.0,0.8090169943747939
0.82785,1.0,0.8910065241882981
0.8279,1.0,0.9510565162949988
0.82795,1.0,0.9876883405950762
0.828,1.0,1.0
0.82805,1.0,0.9876883405952368
0.8281,1.0,0.9510565162953161
0.82815,1.0,0.8910065241883514
0.8282,1.0,0.8090169943751302
0.82825,1.0,0.7071067811866915
0.8283,1.0,0.5877852522925509
0.82835,1.0,0.45399049973953665
0.8284,1.0,0.3090169943752669
0.82845,1.0,0.15643446504045652
0.8285,1.0,1.2100191254276096e-13
0.82855,1.0,-0.1564344650402175
0.8286,1.0,-0.3090169943746043
0.82865,1.0,-0.45399049973932104
0.8287,1.0,-0.5877852522923551
0.82875,1.0,-0.7071067811861989
0.8288,1.0,-0.8090169943747207
0.82885,1.0,-0.8910065241882416
0.8289,1.0,-0.9510565162951008
0.82895,1.0,-0.9876883405950567
0.829,1.0,-1.0
0.82905,1.0,-0.9876883405951852
0.8291,1.0,-0.9510565162953546
0.82915,1.0,-0.8910065241884079
0.8292,1.0,-0.8090169943749361
0.82925,1.0,-0.7071067811867795
0.8293,1.0,-0.5877852522926515
0.82935,1.0,-0.45399049973964756
0.8294,1.0,-0.3090169943749528
0.82945,1.0,-0.15643446504057945
0.8295,1.0,-2.4546935598069323e-13
0.82955,1.0,0.15643446504009456
0.8296,1.0,0.30901699437491836
0.82965,1.0,0.45399049973921013
0.8297,1.0,0.5877852522922544
0.82975,1.0,0.7071067811864323
0.8298,1.0,0.8090169943746476
0.82985,1.0,0.891006524188185
0.8299,1.0,0.9510565162950624
0.82995,1.0,0.9876883405951083
0.83,1.0,1.0
0.83005,1.0,0.9876883405952046
0.8301,1.0,0.9510565162952525
0.83015,1.0,0.8910065241884644
0.8302,1.0,0.8090169943750093
0.83025,1.0,0.7071067811865459
0.8303,1.0,0.5877852522927522
0.83035,1.0,0.45399049973975847
0.8304,1.0,0.3090169943750712
0.83045,1.0,0.15643446504025324
0.8305,1.0,3.699367994186255e-13
0.83055,1.0,-0.15643446503997163
0.8306,1.0,-0.3090169943748
0.83065,1.0,-0.45399049973950445
0.8307,1.0,-0.5877852522921537
0.83075,1.0,-0.7071067811863443
0.8308,1.0,-0.8090169943748416
0.83085,1.0,-0.8910065241881285
0.8309,1.0,-0.9510565162950239
0.83095,1.0,-0.9876883405950889
0.831,1.0,-1.0
0.83105,1.0,-0.9876883405952241
0.8311,1.0,-0.951056516295291
0.83115,1.0,-0.8910065241883145
0.8312,1.0,-0.8090169943750825
0.83125,1.0,-0.707106781186634
0.8313,1.0,-0.587785252292485
0.83135,1.0,-0.4539904997398694
0.8314,1.0,-0.30901699437518954
0.83145,1.0,-0.15643446504037617
0.8315,1.0,-3.965689197009365e-14
0.83155,1.0,0.1564344650398487
0.8316,1.0,0.3090169943746816
0.83165,1.0,0.45399049973939354
0.8317,1.0,0.587785252292421
0.83175,1.0,0.7071067811862564
0.8318,1.0,0.8090169943747685
0.83185,1.0,0.8910065241882784
0.8319,1.0,0.9510565162949854
0.83195,1.0,0.9876883405950694
0.832,1.0,1.0
0.83205,1.0,0.9876883405951724
0.8321,1.0,0.9510565162953294
0.83215,1.0,0.8910065241885774
0.8322,1.0,0.8090169943748883
0.83225,1.0,0.707106781186722
0.8323,1.0,0.5877852522925857
0.83235,1.0,0.4539904997395751
0.8324,1.0,0.30901699437530794
0.83245,1.0,0.15643446504049913
0.8325,1.0,1.6412433540802592e-13
0.83255,1.0,-0.1564344650401749
0.8326,1.0,-0.30901699437456326
0.83265,1.0,-0.4539904997392826
0.8327,1.0,-0.5877852522923201
0.83275,1.0,-0.7071067811864898
0.8328,1.0,-0.8090169943746953
0.83285,1.0,-0.891006524188222
0.8329,1.0,-0.9510565162950875
0.83295,1.0,-0.98768834059505
0.833,1.0,-1.0
0.83305,1.0,-0.987688340595192
0.8331,1.0,-0.9510565162952274
0.83315,1.0,-0.8910065241886339
0.8332,1.0,-0.8090169943749614
0.83325,1.0,-0.7071067811864884
0.8333,1.0,-0.5877852522926865
0.83335,1.0,-0.45399049973968597
0.8334,1.0,-0.3090169943749938
0.83345,1.0,-0.15643446504062206
0.8335,1.0,-2.885917788459582e-13
0.83355,1.0,0.15643446504005198
0.8336,1.0,0.30901699437487734
0.83365,1.0,0.4539904997391717
0.8337,1.0,0.5877852522922196
0.83375,1.0,0.7071067811864018
0.8338,1.0,0.8090169943748895
0.83385,1.0,0.8910065241881655
0.8339,1.0,0.9510565162950491
0.83395,1.0,0.9876883405951016
0.834,1.0,1.0
0.83405,1.0,0.9876883405952114
0.8341,1.0,0.9510565162952659
0.83415,1.0,0.891006524188484
0.8342,1.0,0.8090169943750346
0.83425,1.0,0.7071067811865764
0.8343,1.0,0.5877852522924193
0.83435,1.0,0.4539904997397969
0.8344,1.0,0.3090169943751122
0.83445,1.0,0.15643446504029584
0.8345,1.0,4.130592222838905e-13
0.83455,1.0,-0.15643446503992903
0.8346,1.0,-0.309016994374759
0.83465,1.0,-0.453990499739466
0.8347,1.0,-0.5877852522921189
0.83475,1.0,-0.7071067811863139
0.8348,1.0,-0.8090169943748163
0.83485,1.0,-0.8910065241883154
0.8349,1.0,-0.9510565162950105
0.83495,1.0,-0.9876883405950821
0.835,1.0,-1.0
0.83505,1.0,-0.9876883405952308
0.8351,1.0,-0.9510565162953043
0.83515,1.0,-0.8910065241885405
0.8352,1.0,-0.8090169943751078
0.83525,1.0,-0.7071067811866645
0.8353,1.0,-0.58778525229252
0.83535,1.0,-0.4539904997395026
0.8354,1.0,-0.30901699437523056
0.83545,1.0,-0.15643446504041877
0.8355,1.0,-8.27793148353586e-14
0.83555,1.0,0.1564344650398061
0.8356,1.0,0.3090169943746406
0.83565,1.0,0.4539904997393551
0.8357,1.0,0.587785252292386
0.83575,1.0,0.7071067811862258
0.8358,1.0,0.8090169943747432
0.83585,1.0,0.8910065241882589
0.8359,1.0,0.9510565162951126
0.83595,1.0,0.9876883405950626
0.836,1.0,1.0
0.83605,1.0,0.9876883405951792
0.8361,1.0,0.9510565162953427
0.83615,1.0,0.891006524188597
0.8362,1.0,0.8090169943749137
0.83625,1.0,0.7071067811867524
0.8363,1.0,0.5877852522926207
0.83635,1.0,0.45399049973961353
0.8364,1.0,0.3090169943749164
0.83645,1.0,0.1564344650405417
0.8365,1.0,2.0724675827329087e-13
0.83655,1.0,-0.1564344650401323
0.8366,1.0,-0.30901699437452224
0.83665,1.0,-0.4539904997392442
0.8367,1.0,-0.5877852522922853
0.83675,1.0,-0.7071067811864593
0.8368,1.0,-0.80901699437467
0.83685,1.0,-0.8910065241882024
0.8369,1.0,-0.9510565162950742
0.83695,1.0,-0.9876883405951143
0.837,1.0,-1.0
0.83705,1.0,-0.9876883405951986
0.8371,1.0,-0.9510565162952407
0.83715,1.0,-0.8910065241886536
0.8372,1.0,-0.8090169943749868
0.83725,1.0,-0.7071067811865189
0.8373,1.0,-0.5877852522927214
0.83735,1.0,-0.45399049973972444
0.8374,1.0,-0.3090169943750348
0.83745,1.0,-0.1564344650402155
0.8375,1.0,-3.3171420171122314e-13
0.83755,1.0,0.15643446504000938
0.8376,1.0,0.3090169943748364
0.83765,1.0,0.4539904997391333
0.8377,1.0,0.5877852522921846
0.83775,1.0,0.7071067811863714
0.8378,1.0,0.8090169943748642
0.83785,1.0,0.8910065241881459
0.8379,1.0,0.9510565162950357
0.83795,1.0,0.9876883405950948
0.838,1.0,1.0
0.83805,1.0,0.9876883405952182
0.8381,1.0,0.9510565162952791
0.83815,1.0,0.8910065241885036
0.8382,1.0,0.8090169943753273
0.83825,1.0,0.707106781186607
0.8383,1.0,0.5877852522924542
0.83835,1.0,0.4539904997398353
0.8384,1.0,0.3090169943751532
0.83845,1.0,0.15643446504033842
0.8385,1.0,1.4342942626912874e-15
0.83855,1.0,-0.15643446503988645
0.8386,1.0,-0.30901699437471797
0.83865,1.0,-0.45399049973942757
0.8387,1.0,-0.5877852522920839
0.83875,1.0,-0.7071067811862833
0.8388,1.0,-0.809016994374791
0.83885,1.0,-0.8910065241882958
0.8389,1.0,-0.9510565162949972
0.83895,1.0,-0.9876883405950754
0.839,1.0,-1.0
0.83905,1.0,-0.9876883405951664
0.8391,1.0,-0.9510565162953176
0.83915,1.0,-0.8910065241885601
0.8392,1.0,-0.8090169943751331
0.83925,1.0,-0.7071067811866949
0.8393,1.0,-0.5877852522925548
0.83935,1.0,-0.45399049973954103
0.8394,1.0,-0.3090169943752716
0.83945,1.0,-0.15643446504046135
0.8395,1.0,-1.2590173770062355e-13
0.83955,1.0,0.15643446504021266
0.8396,1.0,0.3090169943745996
0.83965,1.0,0.45399049973931666
0.8397,1.0,0.5877852522923511
0.83975,1.0,0.7071067811861953
0.8398,1.0,0.8090169943747179
0.83985,1.0,0.8910065241882393
0.8399,1.0,0.9510565162950992
0.83995,1.0,0.987688340595056
0.84,1.0,1.0
0.84005,1.0,0.987688340595186
0.8401,1.0,0.9510565162952156
0.84015,1.0,0.8910065241886166
0.8402,1.0,0.8090169943752062
0.84025,1.0,0.7071067811864614
0.8403,1.0,0.5877852522926555
0.84035,1.0,0.45399049973965194
0.8404,1.0,0.30901699437495744
0.84045,1.0,0.1564344650405843
0.8405,1.0,2.5036918113855584e-13
0.84055,1.0,-0.15643446504008973
0.8406,1.0,-0.3090169943749137
0.84065,1.0,-0.4539904997392058
0.8407,1.0,-0.5877852522922504
0.84075,1.0,-0.7071067811864289
0.8408,1.0,-0.8090169943746447
0.84085,1.0,-0.8910065241881828
0.8409,1.0,-0.9510565162950608
0.84095,1.0,-0.9876883405951076
0.841,1.0,-1.0
0.84105,1.0,-0.9876883405952054
0.8411,1.0,-0.951056516295254
0.84115,1.0,-0.8910065241884666
0.8412,1.0,-0.8090169943752794
0.84125,1.0,-0.7071067811865495
0.8413,1.0,-0.5877852522923883
0.84135,1.0,-0.45399049973976285
0.8414,1.0,-0.30901699437507585
0.84145,1.0,-0.15643446504025807
0.8415,1.0,-3.748366245764881e-13
0.84155,1.0,0.15643446503996677
0.8416,1.0,0.30901699437479535
0.84165,1.0,0.45399049973950006
0.8417,1.0,0.5877852522921497
0.84175,1.0,0.7071067811863408
0.8418,1.0,0.8090169943748388
0.84185,1.0,0.8910065241881263
0.8419,1.0,0.9510565162950223
0.84195,1.0,0.9876883405950881
0.842,1.0,1.0
0.84205,1.0,0.9876883405952248
0.8421,1.0,0.9510565162952925
0.84215,1.0,0.8910065241885231
0.8422,1.0,0.8090169943750853
0.84225,1.0,0.7071067811866374
0.8423,1.0,0.587785252292489
0.84235,1.0,0.45399049973946853
0.8424,1.0,0.3090169943751942
0.84245,1.0,0.15643446504038103
0.8425,1.0,4.455671712795624e-14
0.84255,1.0,-0.15643446503984385
0.8426,1.0,-0.30901699437467695
0.84265,1.0,-0.45399049973938915
0.8427,1.0,-0.587785252292417
0.84275,1.0,-0.7071067811862528
0.8428,1.0,-0.8090169943747656
0.84285,1.0,-0.8910065241882762
0.8429,1.0,-0.9510565162949839
0.84295,1.0,-0.9876883405950686
0.843,1.0,-1.0
0.84305,1.0,-0.9876883405951732
0.8431,1.0,-0.951056516295331
0.84315,1.0,-0.8910065241885796
0.8432,1.0,-0.8090169943751585
0.84325,1.0,-0.7071067811867254
0.8433,1.0,-0.5877852522925897
0.84335,1.0,-0.45399049973957945
0.8434,1.0,-0.3090169943748801
0.84345,1.0,-0.15643446504050396
0.8435,1.0,-1.690241605658885e-13
0.84355,1.0,0.15643446504017006
0.8436,1.0,0.3090169943745586
0.84365,1.0,0.45399049973927824
0.8437,1.0,0.5877852522923163
0.84375,1.0,0.7071067811864864
0.8438,1.0,0.8090169943746924
0.84385,1.0,0.8910065241882197
0.8439,1.0,0.9510565162950859
0.84395,1.0,0.9876883405950492
0.844,1.0,1.0
0.84405,1.0,0.9876883405951926
0.8441,1.0,0.9510565162952289
0.84415,1.0,0.8910065241886361
0.8442,1.0,0.8090169943752317
0.84425,1.0,0.7071067811868135
0.8443,1.0,0.5877852522926904
0.84435,1.0,0.45399049973969036
0.8444,1.0,0.30901699437499847
0.84445,1.0,0.15643446504017774
0.8445,1.0,2.934916040038208e-13
0.84455,1.0,-0.15643446504004713
0.8446,1.0,-0.3090169943748727
0.84465,1.0,-0.4539904997391674
0.8447,1.0,-0.5877852522922156
0.84475,1.0,-0.7071067811863984
0.8448,1.0,-0.8090169943748866
0.84485,1.0,-0.8910065241881632
0.8449,1.0,-0.9510565162950475
0.84495,1.0,-0.9876883405951008
0.845,1.0,-1.0
0.84505,1.0,-0.9876883405952122
0.8451,1.0,-0.9510565162952673
0.84515,1.0,-0.8910065241884862
0.8452,1.0,-0.8090169943753048
0.84525,1.0,-0.7071067811869014
0.8453,1.0,-0.5877852522924232
0.84535,1.0,-0.45399049973980127
0.8454,1.0,-0.30901699437511687
0.84545,1.0,-0.15643446504030067
0.8455,1.0,3.6788303444711074e-14
0.84555,1.0,0.1564344650399242
0.8456,1.0,0.30901699437475433
0.84565,1.0,0.45399049973946165
0.8457,1.0,0.5877852522921149
0.84575,1.0,0.7071067811863103
0.8458,1.0,0.8090169943748134
0.84585,1.0,0.8910065241883132
0.8459,1.0,0.951056516295009
0.84595,1.0,0.9876883405950814
0.846,1.0,1.0
0.84605,1.0,0.9876883405951604
0.8461,1.0,0.9510565162953059
0.84615,1.0,0.8910065241885428
0.8462,1.0,0.8090169943751107
0.84625,1.0,0.7071067811869894
0.8463,1.0,0.5877852522925239
0.84635,1.0,0.453990499739507
0.8464,1.0,0.3090169943752352
0.84645,1.0,0.1564344650404236
0.8465,1.0,8.767913999322119e-14
0.84655,1.0,-0.1564344650402504
0.8466,1.0,-0.309016994374636
0.84665,1.0,-0.45399049973935074
0.8467,1.0,-0.5877852522923821
0.84675,1.0,-0.7071067811862224
0.8468,1.0,-0.8090169943747403
0.84685,1.0,-0.8910065241882567
0.8469,1.0,-0.9510565162951111
0.84695,1.0,-0.9876883405950619
0.847,1.0,-1.0
0.84705,1.0,-0.98768834059518
0.8471,1.0,-0.9510565162952037
0.84715,1.0,-0.8910065241885993
0.8472,1.0,-0.8090169943751838
0.84725,1.0,-0.707106781186756
0.8473,1.0,-0.5877852522926246
0.84735,1.0,-0.45399049973961786
0.8474,1.0,-0.3090169943749211
0.84745,1.0,-0.15643446504054653
0.8475,1.0,-2.1214658343115346e-13
0.84755,1.0,0.15643446504012748
0.8476,1.0,0.30901699437495006
0.84765,1.0,0.45399049973923983
0.8477,1.0,0.5877852522922814
0.84775,1.0,0.7071067811864559
0.8478,1.0,0.8090169943746671
0.84785,1.0,0.8910065241882001
0.8479,1.0,0.9510565162950726
0.84795,1.0,0.9876883405951136
0.848,1.0,1.0
0.84805,1.0,0.9876883405951994
0.8481,1.0,0.9510565162952422
0.84815,1.0,0.8910065241884493
0.8482,1.0,0.809016994375257
0.84825,1.0,0.7071067811868439
0.8483,1.0,0.5877852522927253
0.84835,1.0,0.45399049973972877
0.8484,1.0,0.3090169943750395
0.84845,1.0,0.15643446504022032
0.8485,1.0,3.3661402686908575e-13
0.84855,1.0,-0.15643446504000455
0.8486,1.0,-0.3090169943748317
0.84865,1.0,-0.4539904997395341
0.8487,1.0,-0.5877852522921807
0.84875,1.0,-0.7071067811863679
0.8488,1.0,-0.8090169943748613
0.84885,1.0,-0.8910065241881436
0.8489,1.0,-0.9510565162950342
0.84895,1.0,-0.9876883405950941
0.849,1.0,-1.0
0.84905,1.0,-0.9876883405952189
0.8491,1.0,-0.9510565162952807
0.84915,1.0,-0.8910065241885058
0.8492,1.0,-0.8090169943750628
0.84925,1.0,-0.7071067811869319
0.8493,1.0,-0.5877852522924581
0.84935,1.0,-0.4539904997398397
0.8494,1.0,-0.30901699437515784
0.84945,1.0,-0.15643446504034328
0.8495,1.0,-6.334119420553877e-15
0.84955,1.0,0.1564344650398816
0.8496,1.0,0.3090169943747133
0.84965,1.0,0.45399049973942324
0.8497,1.0,0.5877852522924478
0.84975,1.0,0.7071067811862799
0.8498,1.0,0.8090169943747881
0.84985,1.0,0.8910065241882936
0.8499,1.0,0.9510565162949957
0.84995,1.0,0.9876883405950746
0.85,1.0,1.0
0.85005,1.0,0.9876883405951672
0.8501,1.0,0.9510565162953192
0.85015,1.0,0.8910065241885623
0.8502,1.0,0.809016994375136
0.85025,1.0,0.7071067811866983
0.8503,1.0,0.5877852522929267
0.85035,1.0,0.4539904997395454
0.8504,1.0,0.30901699437527624
0.85045,1.0,0.1564344650404662
0.8505,1.0,1.3080156285848614e-13
0.85055,1.0,-0.15643446504020783
0.8506,1.0,-0.30901699437459496
0.85065,1.0,-0.4539904997393123
0.8507,1.0,-0.5877852522923471
0.85075,1.0,-0.7071067811865134
0.8508,1.0,-0.809016994374715
0.85085,1.0,-0.8910065241882371
0.8509,1.0,-0.9510565162950978
0.85095,1.0,-0.9876883405950552
0.851,1.0,-1.0
0.85105,1.0,-0.9876883405951867
0.8511,1.0,-0.951056516295217
0.85115,1.0,-0.8910065241886188
0.8512,1.0,-0.8090169943752091
0.85125,1.0,-0.7071067811867864
0.8513,1.0,-0.5877852522926595
0.85135,1.0,-0.45399049973965633
0.8514,1.0,-0.3090169943749621
0.85145,1.0,-0.15643446504058914
0.8515,1.0,-2.552690062964184e-13
0.85155,1.0,0.15643446504008487
0.8516,1.0,0.30901699437490904
0.85165,1.0,0.4539904997392014
0.8517,1.0,0.5877852522922464
0.85175,1.0,0.7071067811864254
0.8518,1.0,0.809016994374909
0.85185,1.0,0.8910065241881806
0.8519,1.0,0.9510565162950593
0.85195,1.0,0.9876883405951068
0.852,1.0,1.0
0.85205,1.0,0.9876883405952062
0.8521,1.0,0.9510565162952556
0.85215,1.0,0.8910065241884688
0.8522,1.0,0.8090169943752823
0.85225,1.0,0.7071067811868744
0.8523,1.0,0.5877852522927602
0.85235,1.0,0.4539904997397672
0.8524,1.0,0.3090169943750805
0.85245,1.0,0.15643446504026293
0.8525,1.0,3.797364497343507e-13
0.85255,1.0,-0.15643446503996195
0.8526,1.0,-0.3090169943747907
0.85265,1.0,-0.4539904997394957
0.8527,1.0,-0.5877852522921457
0.85275,1.0,-0.7071067811863374
0.8528,1.0,-0.809016994374836
0.85285,1.0,-0.8910065241883305
0.8529,1.0,-0.9510565162950209
0.85295,1.0,-0.9876883405950874
0.853,1.0,-1.0
0.85305,1.0,-0.9876883405952256
0.8531,1.0,-0.951056516295294
0.85315,1.0,-0.8910065241885253
0.8532,1.0,-0.8090169943750882
0.85325,1.0,-0.7071067811869625
0.8533,1.0,-0.5877852522928609
0.85335,1.0,-0.4539904997394729
0.8534,1.0,-0.30901699437519886
0.85345,1.0,-0.15643446504038586
0.8535,1.0,-4.945654228581883e-14
0.85355,1.0,0.15643446503983902
0.8536,1.0,0.3090169943746723
0.85365,1.0,0.45399049973938477
0.8537,1.0,0.587785252292413
0.85375,1.0,0.7071067811862494
0.8538,1.0,0.8090169943747627
0.85385,1.0,0.891006524188274
0.8539,1.0,0.9510565162951229
0.85395,1.0,0.9876883405950678
0.854,1.0,1.0
0.85405,1.0,0.987688340595174
0.8541,1.0,0.9510565162953325
0.85415,1.0,0.8910065241885818
0.8542,1.0,0.8090169943751614
0.85425,1.0,0.7071067811867289
0.8543,1.0,0.5877852522929616
0.85435,1.0,0.45399049973958383
0.8544,1.0,0.3090169943748848
0.85445,1.0,0.15643446504050879
0.8545,1.0,1.739239857237511e-13
0.85455,1.0,-0.15643446504016523
0.8546,1.0,-0.30901699437455393
0.85465,1.0,-0.4539904997392739
0.8547,1.0,-0.5877852522923123
0.85475,1.0,-0.707106781186483
0.8548,1.0,-0.8090169943746897
0.85485,1.0,-0.8910065241882175
0.8549,1.0,-0.9510565162950845
0.85495,1.0,-0.9876883405951196
0.855,1.0,-1.0
0.85505,1.0,-0.9876883405951934
0.8551,1.0,-0.9510565162952304
0.85515,1.0,-0.8910065241886383
0.8552,1.0,-0.8090169943752346
0.85525,1.0,-0.7071067811868169
0.8553,1.0,-0.5877852522926944
0.85535,1.0,-0.45399049973969474
0.8554,1.0,-0.30901699437500313
0.85545,1.0,-0.15643446504018257
0.8555,1.0,-2.9839142916168336e-13
0.85555,1.0,0.1564344650400423
0.8556,1.0,0.30901699437486807
0.85565,1.0,0.453990499739163
0.8557,1.0,0.5877852522922116
0.85575,1.0,0.7071067811863949
0.8558,1.0,0.8090169943748837
0.85585,1.0,0.891006524188161
0.8559,1.0,0.951056516295046
0.85595,1.0,0.9876883405951
0.856,1.0,1.0
0.85605,1.0,0.9876883405952129
0.8561,1.0,0.9510565162952689
0.85615,1.0,0.8910065241884885
0.8562,1.0,0.8090169943753077
0.85625,1.0,0.707106781186905
0.8563,1.0,0.5877852522927951
0.85635,1.0,0.45399049973980565
0.8564,1.0,0.3090169943751215
0.85645,1.0,0.1564344650403055
0.8565,1.0,-3.1888478286848486e-14
0.85655,1.0,-0.15643446503991937
0.8566,1.0,-0.30901699437474967
0.85665,1.0,-0.45399049973945726
0.8567,1.0,-0.5877852522921109
0.85675,1.0,-0.7071067811863069
0.8568,1.0,-0.8090169943748106
0.85685,1.0,-0.8910065241883109
0.8569,1.0,-0.9510565162950075
0.85695,1.0,-0.9876883405950806
0.857,1.0,-1.0
0.85705,1.0,-0.9876883405951612
0.8571,1.0,-0.9510565162953073
0.85715,1.0,-0.891006524188545
0.8572,1.0,-0.8090169943751135
0.85725,1.0,-0.7071067811869929
0.8573,1.0,-0.5877852522928958
0.85735,1.0,-0.4539904997399165
0.8574,1.0,-0.3090169943752399
0.85745,1.0,-0.15643446504042846
0.8575,1.0,-9.257896515108379e-14
0.85755,1.0,0.15643446504024558
0.8576,1.0,0.3090169943746313
0.85765,1.0,0.45399049973934635
0.8577,1.0,0.5877852522923781
0.85775,1.0,0.7071067811865405
0.8578,1.0,0.8090169943747374
0.85785,1.0,0.8910065241882544
0.8579,1.0,0.9510565162951096
0.85795,1.0,0.9876883405950612
0.858,1.0,1.0
0.85805,1.0,0.9876883405951807
0.8581,1.0,0.9510565162952053
0.85815,1.0,0.8910065241886015
0.8582,1.0,0.8090169943751867
0.85825,1.0,0.7071067811867594
0.8583,1.0,0.5877852522929965
0.85835,1.0,0.4539904997400274
0.8584,1.0,0.30901699437492575
0.85845,1.0,0.1564344650405514
0.8585,1.0,2.1704640858901604e-13
0.85855,1.0,-0.15643446504012262
0.8586,1.0,-0.3090169943749454
0.85865,1.0,-0.45399049973923544
0.8587,1.0,-0.5877852522922774
0.85875,1.0,-0.7071067811864524
0.8588,1.0,-0.8090169943749316
0.85885,1.0,-0.8910065241881979
0.8589,1.0,-0.9510565162950712
0.85895,1.0,-0.9876883405951128
0.859,1.0,-1.0
0.85905,1.0,-0.9876883405952002
0.8591,1.0,-0.9510565162952437
0.85915,1.0,-0.8910065241884515
0.8592,1.0,-0.8090169943752599
0.85925,1.0,-0.7071067811868474
0.8593,1.0,-0.5877852522927293
0.85935,1.0,-0.45399049974013833
0.8594,1.0,-0.30901699437504415
0.85945,1.0,-0.15643446504022518
0.8595,1.0,-3.415138520269483e-13
0.85955,1.0,0.1564344650399997
0.8596,1.0,0.30901699437482705
0.85965,1.0,0.45399049973952976
0.8597,1.0,0.5877852522921767
0.85975,1.0,0.7071067811863644
0.8598,1.0,0.8090169943748584
0.85985,1.0,0.8910065241883479
0.8599,1.0,0.9510565162950326
0.85995,1.0,0.9876883405950934
0.86,1.0,1.0
0.86005,1.0,0.9876883405952196
0.8601,1.0,0.9510565162952822
0.86015,1.0,0.891006524188508
0.8602,1.0,0.8090169943750657
0.86025,1.0,0.7071067811869354
0.8603,1.0,0.58778525229283
0.86035,1.0,0.45399049973984407
0.8604,1.0,0.3090169943751625
0.86045,1.0,0.1564344650403481
0.8605,1.0,1.1233944578416466e-14
0.86055,1.0,-0.15643446503987676
0.8606,1.0,-0.30901699437470864
0.86065,1.0,-0.45399049973941885
0.8607,1.0,-0.5877852522924439
0.86075,1.0,-0.7071067811862765
0.8608,1.0,-0.8090169943747852
0.86085,1.0,-0.8910065241882914
0.8609,1.0,-0.9510565162951348
0.86095,1.0,-0.9876883405950738
0.861,1.0,-1.0
0.86105,1.0,-0.987688340595168
0.8611,1.0,-0.9510565162953206
0.86115,1.0,-0.8910065241885645
0.8612,1.0,-0.8090169943751389
0.86125,1.0,-0.7071067811867019
0.8613,1.0,-0.5877852522929307
0.86135,1.0,-0.453990499739955
0.8614,1.0,-0.3090169943748484
0.86145,1.0,-0.15643446504047104
0.8615,1.0,-1.3570138801634873e-13
0.86155,1.0,0.15643446504020297
0.8616,1.0,0.3090169943745903
0.86165,1.0,0.45399049973930794
0.8617,1.0,0.5877852522923432
0.86175,1.0,0.7071067811865099
0.8618,1.0,0.8090169943747121
0.86185,1.0,0.8910065241882349
0.8619,1.0,0.9510565162950962
0.86195,1.0,0.9876883405951256
0.862,1.0,1.0
0.86205,1.0,0.9876883405951874
0.8621,1.0,0.9510565162952186
0.86215,1.0,0.891006524188621
0.8622,1.0,0.809016994375212
0.86225,1.0,0.7071067811867898
0.8623,1.0,0.5877852522926634
0.86235,1.0,0.45399049974006583
0.8624,1.0,0.30901699437496677
0.86245,1.0,0.15643446504014483
0.8625,1.0,2.60168831454281e-13
0.86255,1.0,-0.15643446504008005
0.8626,1.0,-0.3090169943749044
0.86265,1.0,-0.45399049973919703
0.8627,1.0,-0.5877852522922425
0.86275,1.0,-0.707106781186422
0.8628,1.0,-0.8090169943749062
0.86285,1.0,-0.8910065241881784
0.8629,1.0,-0.9510565162950578
0.86295,1.0,-0.987688340595106
0.863,1.0,-1.0
0.86305,1.0,-0.9876883405952069
0.8631,1.0,-0.951056516295257
0.86315,1.0,-0.8910065241884711
0.8632,1.0,-0.8090169943752852
0.86325,1.0,-0.7071067811868779
0.8633,1.0,-0.5877852522927641
0.86335,1.0,-0.45399049973977157
0.8634,1.0,-0.30901699437551766
0.86345,1.0,-0.15643446504026776
0.8635,1.0,7.011107599425084e-14
0.86355,1.0,0.15643446503995712
0.8636,1.0,0.309016994374786
0.86365,1.0,0.45399049973949135
0.8637,1.0,0.5877852522921418
0.86375,1.0,0.707106781186334
0.8638,1.0,0.809016994374833
0.86385,1.0,0.8910065241883283
0.8639,1.0,0.9510565162950193
0.86395,1.0,0.9876883405950866
0.864,1.0,1.0
0.86405,1.0,0.9876883405951552
0.8641,1.0,0.9510565162952955
0.86415,1.0,0.8910065241885275
0.8642,1.0,0.8090169943750911
0.86425,1.0,0.7071067811869659
0.8643,1.0,0.5877852522928648
0.86435,1.0,0.4539904997398825
0.8644,1.0,0.3090169943752035
0.86445,1.0,0.15643446504039069
0.8645,1.0,5.435636744368142e-14
0.86455,1.0,-0.15643446504028333
0.8646,1.0,-0.3090169943746676
0.86465,1.0,-0.45399049973938044
0.8647,1.0,-0.587785252292409
0.86475,1.0,-0.7071067811862459
0.8648,1.0,-0.8090169943747599
0.86485,1.0,-0.8910065241882718
0.8649,1.0,-0.9510565162951214
0.86495,1.0,-0.9876883405950672
0.865,1.0,-1.0
0.86505,1.0,-0.9876883405951747
0.8651,1.0,-0.9510565162951935
0.86515,1.0,-0.8910065241885841
0.8652,1.0,-0.8090169943751643
0.86525,1.0,-0.7071067811867324
0.8653,1.0,-0.5877852522929655
0.86535,1.0,-0.4539904997399934
0.8654,1.0,-0.30901699437532193
0.86545,1.0,-0.15643446504051364
0.8655,1.0,-1.7882381088161368e-13
0.86555,1.0,0.1564344650401604
0.8656,1.0,0.30901699437498176
0.86565,1.0,0.4539904997392695
0.8657,1.0,0.5877852522923083
0.86575,1.0,0.7071067811864794
0.8658,1.0,0.8090169943746867
0.86585,1.0,0.8910065241882152
0.8659,1.0,0.9510565162950829
0.86595,1.0,0.9876883405951188
0.866,1.0,1.0
0.86605,1.0,0.9876883405951942
0.8661,1.0,0.9510565162952319
0.86615,1.0,0.8910065241884342
0.8662,1.0,0.8090169943752374
0.86625,1.0,0.7071067811868204
0.8663,1.0,0.5877852522926984
0.86635,1.0,0.4539904997401043
0.8664,1.0,0.3090169943754403
0.86645,1.0,0.15643446504018743
0.8665,1.0,3.0329125431954597e-13
0.86655,1.0,-0.15643446504003744
0.8666,1.0,-0.3090169943748634
0.86665,1.0,-0.4539904997395638
0.8667,1.0,-0.5877852522922076
0.86675,1.0,-0.7071067811863915
0.8668,1.0,-0.8090169943748808
0.86685,1.0,-0.8910065241881587
0.8669,1.0,-0.9510565162950445
0.86695,1.0,-0.9876883405950994
0.867,1.0,-1.0
0.86705,1.0,-0.9876883405952137
0.8671,1.0,-0.9510565162952703
0.86715,1.0,-0.8910065241884907
0.8672,1.0,-0.8090169943750433
0.86725,1.0,-0.7071067811869084
0.8673,1.0,-0.5877852522927991
0.86735,1.0,-0.45399049973981
0.8674,1.0,-0.30901699437555863
0.86745,1.0,-0.15643446504031036
0.8675,1.0,2.6988653128985896e-14
0.86755,1.0,0.1564344650399145
0.8676,1.0,0.309016994374745
0.86765,1.0,0.45399049973945294
0.8677,1.0,0.5877852522924748
0.86775,1.0,0.7071067811863034
0.8678,1.0,0.8090169943748077
0.86785,1.0,0.8910065241883087
0.8679,1.0,0.951056516295006
0.86795,1.0,0.9876883405950798
0.868,1.0,1.0
0.86805,1.0,0.987688340595162
0.8681,1.0,0.9510565162953089
0.86815,1.0,0.8910065241885472
0.8682,1.0,0.8090169943751164
0.86825,1.0,0.7071067811866748
0.8683,1.0,0.5877852522928998
0.86835,1.0,0.4539904997399209
0.8684,1.0,0.30901699437524455
0.86845,1.0,0.1564344650404333
0.8685,1.0,9.747879030894638e-14
0.86855,1.0,-0.15643446504024072
0.8686,1.0,-0.30901699437462665
0.86865,1.0,-0.453990499739342
0.8687,1.0,-0.5877852522923741
0.86875,1.0,-0.707106781186537
0.8688,1.0,-0.8090169943747345
0.86885,1.0,-0.8910065241882522
0.8689,1.0,-0.951056516295108
0.86895,1.0,-0.9876883405950604
0.869,1.0,-1.0
0.86905,1.0,-0.9876883405951815
0.8691,1.0,-0.9510565162952068
0.86915,1.0,-0.8910065241886037
0.8692,1.0,-0.8090169943751896
0.86925,1.0,-0.7071067811867628
0.8693,1.0,-0.5877852522926326
0.86935,1.0,-0.4539904997400318
0.8694,1.0,-0.3090169943753629
0.86945,1.0,-0.15643446504055622
0.8695,1.0,-2.2194623374687863e-13
0.86955,1.0,0.1564344650401178
0.8696,1.0,0.30901699437494073
0.86965,1.0,0.4539904997392311
0.8697,1.0,0.5877852522922734
0.86975,1.0,0.707106781186449
0.8698,1.0,0.8090169943749287
0.86985,1.0,0.8910065241881957
0.8699,1.0,0.9510565162950696
0.86995,1.0,0.987688340595112
0.87,1.0,1.0
0.87005,1.0,0.9876883405952009
0.8701,1.0,0.9510565162952452
0.87015,1.0,0.8910065241884537
0.8702,1.0,0.8090169943752628
0.87025,1.0,0.7071067811868509
0.8703,1.0,0.5877852522927333
0.87035,1.0,0.45399049973973754
0.8704,1.0,0.3090169943754813
0.87045,1.0,0.15643446504067915
0.8705,1.0,-1.0833367370165321e-13
0.87055,1.0,-0.15643446503999486
0.8706,1.0,-0.3090169943748224
0.87065,1.0,-0.4539904997395254
0.8707,1.0,-0.5877852522921727
0.87075,1.0,-0.7071067811863609
0.8708,1.0,-0.8090169943748555
0.87085,1.0,-0.8910065241883457
0.8709,1.0,-0.9510565162950312
0.87095,1.0,-0.9876883405950926
0.871,1.0,-1.0
0.87105,1.0,-0.9876883405952204
0.8711,1.0,-0.9510565162952836
0.87115,1.0,-0.8910065241885102
0.8712,1.0,-0.8090169943750686
0.87125,1.0,-0.7071067811869389
0.8713,1.0,-0.587785252292834
0.87135,1.0,-0.4539904997398484
0.8714,1.0,-0.30901699437516716
0.87145,1.0,-0.1564344650408021
0.8715,1.0,-1.6133769736279056e-14
0.87155,1.0,0.15643446504032107
0.8716,1.0,0.309016994374704
0.87165,1.0,0.45399049973941447
0.8717,1.0,0.5877852522924399
0.87175,1.0,0.7071067811862729
0.8718,1.0,0.8090169943747824
0.87185,1.0,0.8910065241882892
0.8719,1.0,0.9510565162951332
0.87195,1.0,0.987688340595073
0.872,1.0,1.0
0.87205,1.0,0.9876883405951687
0.8721,1.0,0.9510565162953222
0.87215,1.0,0.8910065241885667
0.8722,1.0,0.8090169943751417
0.87225,1.0,0.7071067811867053
0.8723,1.0,0.5877852522929347
0.87235,1.0,0.4539904997399593
0.8724,1.0,0.30901699437528557
0.87245,1.0,0.15643446504047587
0.8725,1.0,1.4060121317421131e-13
0.87255,1.0,-0.15643446504019815
0.8726,1.0,-0.3090169943750181
0.87265,1.0,-0.4539904997393036
0.8727,1.0,-0.5877852522923392
0.87275,1.0,-0.7071067811865065
0.8728,1.0,-0.8090169943747092
0.87285,1.0,-0.8910065241882327
0.8729,1.0,-0.9510565162950947
0.87295,1.0,-0.9876883405951248
0.873,1.0,-1.0
0.87305,1.0,-0.9876883405951882
0.8731,1.0,-0.9510565162952201
0.87315,1.0,-0.8910065241886233
0.8732,1.0,-0.8090169943752149
0.87325,1.0,-0.7071067811867934
0.8733,1.0,-0.5877852522926674
0.87335,1.0,-0.4539904997400702
0.8734,1.0,-0.3090169943754039
0.87345,1.0,-0.15643446504059882
0.8735,1.0,-2.650686566121436e-13
0.87355,1.0,0.15643446504007522
0.8736,1.0,0.3090169943748997
0.87365,1.0,0.4539904997395979
0.8737,1.0,0.5877852522922385
0.87375,1.0,0.7071067811864185
0.8738,1.0,0.8090169943749034
0.87385,1.0,0.8910065241881762
0.8739,1.0,0.9510565162950563
0.87395,1.0,0.9876883405951052
0.874,1.0,1.0
0.87405,1.0,0.9876883405952077
0.8741,1.0,0.9510565162952586
0.87415,1.0,0.8910065241884734
0.8742,1.0,0.8090169943752881
0.87425,1.0,0.7071067811868813
0.8743,1.0,0.5877852522927681
0.87435,1.0,0.45399049973977595
0.8744,1.0,0.3090169943755223
0.87445,1.0,0.15643446504072175
0.8745,1.0,-6.521125083638826e-14
0.87455,1.0,-0.15643446503995226
0.8746,1.0,-0.30901699437478136
0.87465,1.0,-0.45399049973948696
0.8747,1.0,-0.5877852522925058
0.87475,1.0,-0.7071067811863305
0.8748,1.0,-0.8090169943748301
0.87485,1.0,-0.891006524188326
0.8749,1.0,-0.9510565162950179
0.87495,1.0,-0.9876883405950858
0.875,1.0,-1.0
0.87505,1.0,-0.987688340595156
0.8751,1.0,-0.951056516295297
0.87515,1.0,-0.8910065241885299
0.8752,1.0,-0.809016994375094
0.87525,1.0,-0.7071067811866478
0.8753,1.0,-0.5877852522928688
0.87535,1.0,-0.45399049973988687
0.8754,1.0,-0.3090169943752082
0.87545,1.0,-0.15643446504084468
0.8755,1.0,-5.140035434880082e-13
0.87555,1.0,0.15643446504027847
0.8756,1.0,0.309016994374663
0.87565,1.0,0.45399049973937605
0.8757,1.0,0.5877852522924051
0.87575,1.0,0.707106781186564
0.8758,1.0,0.809016994374757
0.87585,1.0,0.8910065241882695
0.8759,1.0,0.9510565162951199
0.87595,1.0,0.9876883405950664
0.876,1.0,1.0
0.87605,1.0,0.9876883405951755
0.8761,1.0,0.9510565162951949
0.87615,1.0,0.8910065241885864
0.8762,1.0,0.809016994375167
0.87625,1.0,0.7071067811867359
0.8763,1.0,0.5877852522926016
0.87635,1.0,0.4539904997399977
0.8764,1.0,0.30901699437532654
0.87645,1.0,0.15643446504051847
0.8765,1.0,6.384709869259404e-13
0.87655,1.0,-0.15643446504015554
0.8766,1.0,-0.3090169943749771
0.87665,1.0,-0.45399049973926514
0.8767,1.0,-0.5877852522923044
0.87675,1.0,-0.707106781186476
0.8768,1.0,-0.8090169943749511
0.87685,1.0,-0.891006524188213
0.8769,1.0,-0.9510565162950814
0.87695,1.0,-0.987688340595118
0.877,1.0,-1.0
0.87705,1.0,-0.987688340595195
0.8771,1.0,-0.9510565162952335
0.87715,1.0,-0.8910065241884364
0.8772,1.0,-0.8090169943752403
0.87725,1.0,-0.7071067811868239
0.8773,1.0,-0.5877852522927023
0.87735,1.0,-0.45399049973970346
0.8774,1.0,-0.30901699437544494
0.87745,1.0,-0.1564344650406414
0.8775,1.0,-3.0819107947740853e-13
0.87755,1.0,0.1564344650400326
0.8776,1.0,0.30901699437485874
0.87765,1.0,0.45399049973955946
0.8777,1.0,0.5877852522922037
0.87775,1.0,0.707106781186388
0.8778,1.0,0.809016994374878
0.87785,1.0,0.891006524188363
0.8779,1.0,0.951056516295043
0.87795,1.0,0.9876883405950986
0.878,1.0,1.0
0.87805,1.0,0.9876883405952144
0.8781,1.0,0.9510565162952719
0.87815,1.0,0.8910065241884929
0.8782,1.0,0.8090169943750462
0.87825,1.0,0.7071067811869118
0.8783,1.0,0.587785252292803
0.87835,1.0,0.45399049973981437
0.8784,1.0,0.3090169943751308
0.87845,1.0,0.15643446504076433
0.8785,1.0,4.3265852291534083e-13
0.87855,1.0,-0.15643446503990968
0.8786,1.0,-0.30901699437474034
0.87865,1.0,-0.45399049973944855
0.8787,1.0,-0.5877852522924709
0.87875,1.0,-0.7071067811863
0.8788,1.0,-0.8090169943748048
0.87885,1.0,-0.8910065241883065
0.8789,1.0,-0.951056516295145
0.87895,1.0,-0.987688340595079
0.879,1.0,-1.0
0.87905,1.0,-0.9876883405951628
0.8791,1.0,-0.9510565162953104
0.87915,1.0,-0.8910065241885494
0.8792,1.0,-0.8090169943751193
0.87925,1.0,-0.7071067811866782
0.8793,1.0,-0.5877852522929037
0.87935,1.0,-0.4539904997399253
0.8794,1.0,-0.3090169943752492
0.87945,1.0,-0.15643446504043812
0.8795,1.0,-5.571259663532731e-13
0.87955,1.0,0.1564344650402359
0.8796,1.0,0.309016994374622
0.87965,1.0,0.45399049973933764
0.8797,1.0,0.5877852522923701
0.87975,1.0,0.7071067811865335
0.8798,1.0,0.8090169943747316
0.87985,1.0,0.89100652418825
0.8799,1.0,0.9510565162951066
0.87995,1.0,0.9876883405951308
0.88,1.0,1.0
0.88005,1.0,0.9876883405951823
0.8801,1.0,0.9510565162952083
0.88015,1.0,0.8910065241886059
0.8802,1.0,0.8090169943751925
0.88025,1.0,0.7071067811867663
0.8803,1.0,0.5877852522926366
0.88035,1.0,0.45399049974003614
0.8804,1.0,0.30901699437536756
0.88045,1.0,0.15643446504056105
0.8805,1.0,2.2684605890474122e-13
0.88055,1.0,-0.15643446504011296
0.8806,1.0,-0.30901699437493607
0.88065,1.0,-0.4539904997392267
0.8807,1.0,-0.5877852522922695
0.88075,1.0,-0.7071067811864455
0.8808,1.0,-0.8090169943749258
0.88085,1.0,-0.8910065241881935
0.8809,1.0,-0.951056516295068
0.88095,1.0,-0.9876883405951112
0.881,1.0,-1.0
0.88105,1.0,-0.9876883405952017
0.8811,1.0,-0.9510565162952468
0.88115,1.0,-0.8910065241884559
0.8812,1.0,-0.8090169943752656
0.88125,1.0,-0.7071067811868543
0.8813,1.0,-0.5877852522927371
0.88135,1.0,-0.45399049973974187
0.8814,1.0,-0.30901699437548596
0.88145,1.0,-0.156434465040684
0.8815,1.0,-3.513135023426735e-13
0.88155,1.0,0.15643446503999003
0.8816,1.0,0.3090169943748177
0.88165,1.0,0.453990499739521
0.8817,1.0,0.5877852522921688
0.88175,1.0,0.7071067811863575
0.8818,1.0,0.8090169943748526
0.88185,1.0,0.8910065241883435
0.8819,1.0,0.9510565162950296
0.88195,1.0,0.9876883405950918
0.882,1.0,1.0
0.88205,1.0,0.9876883405951501
0.8821,1.0,0.9510565162952852
0.88215,1.0,0.8910065241885124
0.8822,1.0,0.8090169943750715
0.88225,1.0,0.7071067811869424
0.8823,1.0,0.587785252292838
0.88235,1.0,0.4539904997398528
0.8824,1.0,0.3090169943751718
0.88245,1.0,0.15643446504080694
0.8825,1.0,4.757809457806058e-13
0.88255,1.0,-0.15643446503986708
0.8826,1.0,-0.3090169943746993
0.88265,1.0,-0.45399049973941014
0.8827,1.0,-0.587785252292436
0.88275,1.0,-0.7071067811862695
0.8828,1.0,-0.8090169943747795
0.88285,1.0,-0.891006524188287
0.8829,1.0,-0.9510565162951317
0.88295,1.0,-0.9876883405950723
0.883,1.0,-1.0
0.88305,1.0,-0.9876883405951695
0.8831,1.0,-0.9510565162951832
0.88315,1.0,-0.891006524188569
0.8832,1.0,-0.8090169943751446
0.88325,1.0,-0.7071067811867088
0.8833,1.0,-0.5877852522929385
0.88335,1.0,-0.4539904997399637
0.8834,1.0,-0.30901699437529023
0.88345,1.0,-0.15643446504048072
0.8835,1.0,-6.002483892185381e-13
0.88355,1.0,0.15643446503974415
0.8836,1.0,0.30901699437501345
0.88365,1.0,0.4539904997392992
0.8837,1.0,0.5877852522923352
0.88375,1.0,0.707106781186503
0.8838,1.0,0.8090169943747063
0.88385,1.0,0.8910065241882305
0.8839,1.0,0.9510565162950932
0.88395,1.0,0.987688340595124
0.884,1.0,1.0
0.88405,1.0,0.987688340595189
0.8841,1.0,0.9510565162952216
0.88415,1.0,0.8910065241884191
0.8842,1.0,0.8090169943752178
0.88425,1.0,0.7071067811867968
0.8843,1.0,0.5877852522926714
0.88435,1.0,0.4539904997400746
0.8844,1.0,0.3090169943754086
0.88445,1.0,0.15643446504060365
0.8845,1.0,2.699684817700062e-13
0.88455,1.0,-0.15643446503962122
0.8846,1.0,-0.30901699437489505
0.88465,1.0,-0.4539904997395935
0.8847,1.0,-0.5877852522922346
0.88475,1.0,-0.707106781186415
0.8848,1.0,-0.8090169943749005
0.88485,1.0,-0.8910065241881739
0.8849,1.0,-0.9510565162950547
0.88495,1.0,-0.9876883405951045
0.885,1.0,-1.0
0.88505,1.0,-0.9876883405952085
0.8851,1.0,-0.9510565162952601
0.88515,1.0,-0.8910065241884756
0.8852,1.0,-0.8090169943750236
0.88525,1.0,-0.7071067811868849
0.8853,1.0,-0.5877852522927721
0.88535,1.0,-0.4539904997397803
0.8854,1.0,-0.309016994375527
0.88545,1.0,-0.15643446504072658
0.8855,1.0,-3.9443592520793844e-13
0.88555,1.0,0.15643446503994743
0.8856,1.0,0.3090169943747767
0.88565,1.0,0.4539904997394826
0.8857,1.0,0.5877852522925018
0.88575,1.0,0.707106781186327
0.8858,1.0,0.8090169943748273
0.88585,1.0,0.8910065241883238
0.8859,1.0,0.9510565162950163
0.88595,1.0,0.987688340595085
0.886,1.0,1.0
0.88605,1.0,0.9876883405951568
0.8861,1.0,0.9510565162952985
0.88615,1.0,0.891006524188532
0.8862,1.0,0.8090169943750969
0.88625,1.0,0.7071067811866513
0.8863,1.0,0.5877852522928728
0.88635,1.0,0.4539904997398912
0.8864,1.0,0.30901699437521285
0.88645,1.0,0.1564344650408495
0.8865,1.0,5.189033686458707e-13
0.88655,1.0,-0.1564344650398245
0.8866,1.0,-0.30901699437465835
0.88665,1.0,-0.4539904997393717
0.8867,1.0,-0.5877852522924011
0.88675,1.0,-0.7071067811865606
0.8868,1.0,-0.8090169943747542
0.88685,1.0,-0.8910065241882673
0.8869,1.0,-0.9510565162951183
0.88695,1.0,-0.9876883405950656
0.887,1.0,-1.0
0.88705,1.0,-0.9876883405951763
0.8871,1.0,-0.9510565162951965
0.88715,1.0,-0.8910065241885885
0.8872,1.0,-0.8090169943751699
0.88725,1.0,-0.7071067811867393
0.8873,1.0,-0.5877852522926056
0.88735,1.0,-0.4539904997400021
0.8874,1.0,-0.3090169943753312
0.88745,1.0,-0.1564344650405233
0.8875,1.0,-6.43370812083803e-13
0.88755,1.0,0.15643446503970157
0.8876,1.0,0.30901699437453994
0.88765,1.0,0.4539904997392608
0.8877,1.0,0.5877852522923004
0.88775,1.0,0.7071067811864725
0.8878,1.0,0.8090169943749482
0.88785,1.0,0.8910065241882108
0.8879,1.0,0.9510565162950799
0.88795,1.0,0.9876883405951172
0.888,1.0,1.0
0.88805,1.0,0.9876883405951957
0.8881,1.0,0.9510565162952349
0.88815,1.0,0.8910065241884386
0.8882,1.0,0.8090169943752431
0.88825,1.0,0.7071067811868272
0.8883,1.0,0.5877852522927063
0.88835,1.0,0.45399049973970784
0.8884,1.0,0.3090169943754496
0.88845,1.0,0.15643446504064626
0.8885,1.0,3.1309090463527115e-13
0.88855,1.0,-0.1564344650395786
0.8886,1.0,-0.3090169943744216
0.88865,1.0,-0.4539904997395551
0.8887,1.0,-0.5877852522921997
0.88875,1.0,-0.7071067811863845
0.8888,1.0,-0.8090169943748751
0.88885,1.0,-0.8910065241883608
0.8889,1.0,-0.9510565162950414
0.88895,1.0,-0.9876883405950978
0.889,1.0,-1.0
0.88905,1.0,-0.9876883405951441
0.8891,1.0,-0.9510565162952734
0.88915,1.0,-0.8910065241884951
0.8892,1.0,-0.809016994375049
0.88925,1.0,-0.7071067811869153
0.8893,1.0,-0.587785252292807
0.88935,1.0,-0.45399049973981875
0.8894,1.0,-0.30901699437513547
0.88945,1.0,-0.1564344650407692
0.8895,1.0,-4.375583480732034e-13
0.88955,1.0,0.15643446503990482
0.8896,1.0,0.3090169943743032
0.88965,1.0,0.45399049973944416
0.8897,1.0,0.5877852522924669
0.88975,1.0,0.7071067811862966
0.8898,1.0,0.8090169943748019
0.88985,1.0,0.8910065241883043
0.8899,1.0,0.9510565162951435
0.88995,1.0,0.9876883405950783
0.89,1.0,1.0
0.89005,1.0,0.9876883405951635
0.8901,1.0,0.9510565162951713
0.89015,1.0,0.8910065241885516
0.8902,1.0,0.8090169943751222
0.89025,1.0,0.7071067811866818
0.8903,1.0,0.5877852522929077
0.89035,1.0,0.4539904997399296
0.8904,1.0,0.3090169943752539
0.89045,1.0,0.15643446504044298
0.8905,1.0,5.620257915111357e-13
0.89055,1.0,-0.1564344650397819
0.8906,1.0,-0.3090169943746173
0.89065,1.0,-0.45399049973933325
0.8907,1.0,-0.5877852522923662
0.89075,1.0,-0.70710678118653
0.8908,1.0,-0.8090169943747287
0.89085,1.0,-0.8910065241882478
0.8909,1.0,-0.951056516295105
0.89095,1.0,-0.98768834059513
0.891,1.0,-1.0
0.89105,1.0,-0.987688340595183
0.8911,1.0,-0.9510565162952098
0.89115,1.0,-0.8910065241884016
0.8912,1.0,-0.8090169943751954
0.89125,1.0,-0.7071067811867697
0.8913,1.0,-0.5877852522926404
0.89135,1.0,-0.4539904997400405
0.8914,1.0,-0.3090169943753722
0.89145,1.0,-0.1564344650405659
0.8915,1.0,-2.317458840626038e-13
0.89155,1.0,0.15643446503965897
0.8916,1.0,0.3090169943744989
0.89165,1.0,0.4539904997396276
0.8917,1.0,0.5877852522922655
0.89175,1.0,0.707106781186442
0.8918,1.0,0.8090169943749229
0.89185,1.0,0.8910065241881913
0.8919,1.0,0.9510565162950666
0.89195,1.0,0.9876883405951105
0.892,1.0,1.0
0.89205,1.0,0.9876883405952025
0.8921,1.0,0.9510565162952482
0.89215,1.0,0.8910065241884582
0.8922,1.0,0.8090169943750012
0.89225,1.0,0.7071067811868578
0.8923,1.0,0.5877852522927411
0.89235,1.0,0.45399049973974626
0.8924,1.0,0.30901699437549063
0.89245,1.0,0.15643446504068884
0.8925,1.0,3.562133275005361e-13
0.89255,1.0,-0.15643446503998518
0.8926,1.0,-0.30901699437438057
0.89265,1.0,-0.45399049973951666
0.8927,1.0,-0.5877852522925326
0.89275,1.0,-0.7071067811863541
0.8928,1.0,-0.8090169943748498
0.89285,1.0,-0.8910065241883413
0.8929,1.0,-0.9510565162950281
0.89295,1.0,-0.987688340595091
0.893,1.0,-1.0
0.89305,1.0,-0.9876883405951508
0.8931,1.0,-0.9510565162952868
0.89315,1.0,-0.8910065241885147
0.8932,1.0,-0.8090169943750743
0.89325,1.0,-0.7071067811866243
0.8933,1.0,-0.5877852522928418
0.89335,1.0,-0.45399049973985717
0.8934,1.0,-0.3090169943751765
0.89345,1.0,-0.15643446504081177
0.8935,1.0,-4.806807709384683e-13
0.89355,1.0,0.15643446503986225
0.8936,1.0,0.30901699437469465
0.89365,1.0,0.45399049973940575
0.8937,1.0,0.5877852522924321
0.89375,1.0,0.7071067811865875
0.8938,1.0,0.8090169943747766
0.89385,1.0,0.8910065241882847
0.8939,1.0,0.9510565162951302
0.89395,1.0,0.9876883405950716
0.894,1.0,1.0
0.89405,1.0,0.9876883405951703
0.8941,1.0,0.9510565162951846
0.89415,1.0,0.8910065241885712
0.8942,1.0,0.8090169943751475
0.89425,1.0,0.7071067811867123
0.8943,1.0,0.5877852522925746
0.89435,1.0,0.4539904997399681
0.8944,1.0,0.3090169943752949
0.89445,1.0,0.15643446504048555
0.8945,1.0,6.051482143764006e-13
0.89455,1.0,-0.15643446503973932
0.8946,1.0,-0.3090169943745763
0.89465,1.0,-0.45399049973929484
0.8947,1.0,-0.5877852522923314
0.89475,1.0,-0.7071067811864995
0.8948,1.0,-0.8090169943749708
0.89485,1.0,-0.8910065241882282
0.8949,1.0,-0.9510565162950917
0.89495,1.0,-0.9876883405951232
0.895,1.0,-1.0
0.89505,1.0,-0.9876883405951897
0.8951,1.0,-0.9510565162952231
0.89515,1.0,-0.8910065241884213
0.8952,1.0,-0.8090169943752207
0.89525,1.0,-0.7071067811868003
0.8953,1.0,-0.5877852522926753
0.89535,1.0,-0.45399049973967376
0.8954,1.0,-0.30901699437541325
0.89545,1.0,-0.15643446504060848
0.8955,1.0,-2.7486830692786876e-13
0.89555,1.0,0.1564344650396164
0.8956,1.0,0.30901699437445795
0.89565,1.0,0.45399049973918393
0.8957,1.0,0.5877852522922307
0.89575,1.0,0.7071067811864116
0.8958,1.0,0.8090169943748976
0.89585,1.0,0.8910065241883781
0.8959,1.0,0.9510565162950533
0.89595,1.0,0.9876883405951038
0.896,1.0,1.0
0.89605,1.0,0.9876883405952093
0.8961,1.0,0.9510565162952616
0.89615,1.0,0.8910065241884778
0.8962,1.0,0.8090169943750266
0.89625,1.0,0.7071067811868883
0.8963,1.0,0.587785252292776
0.89635,1.0,0.45399049973978467
0.8964,1.0,0.3090169943750991
0.89645,1.0,0.15643446504073144
0.8965,1.0,3.9933575036580105e-13
0.89655,1.0,-0.1564344650399426
0.8966,1.0,-0.30901699437433955
0.89665,1.0,-0.4539904997390731
0.8967,1.0,-0.5877852522924978
0.89675,1.0,-0.7071067811863235
0.8968,1.0,-0.8090169943748244
0.89685,1.0,-0.8910065241883216
0.8969,1.0,-0.9510565162951553
0.89695,1.0,-0.9876883405950843
0.897,1.0,-1.0
0.89705,1.0,-0.9876883405951575
0.8971,1.0,-0.9510565162953001
0.89715,1.0,-0.8910065241885343
0.8972,1.0,-0.8090169943750997
0.89725,1.0,-0.7071067811866547
0.8973,1.0,-0.5877852522928767
0.89735,1.0,-0.4539904997398956
0.8974,1.0,-0.3090169943752175
0.89745,1.0,-0.1564344650404052
0.8975,1.0,-5.238031938037333e-13
0.89755,1.0,0.15643446503981964
0.8976,1.0,0.3090169943746537
0.89765,1.0,0.45399049973896216
0.8977,1.0,0.5877852522923971
0.89775,1.0,0.7071067811865571
0.8978,1.0,0.8090169943747513
0.89785,1.0,0.8910065241882651
0.8979,1.0,0.9510565162951169
0.89795,1.0,0.987688340595136
0.898,1.0,1.0
0.89805,1.0,0.9876883405951771
0.8981,1.0,0.9510565162951979
0.89815,1.0,0.8910065241885907
0.8982,1.0,0.8090169943751728
0.89825,1.0,0.7071067811867427
0.8983,1.0,0.5877852522926096
0.89835,1.0,0.4539904997400065
0.8984,1.0,0.30901699437533586
0.89845,1.0,0.15643446504052816
0.8985,1.0,1.9352328635520147e-13
0.89855,1.0,-0.1564344650396967
0.8986,1.0,-0.3090169943745353
0.89865,1.0,-0.4539904997392564
0.8987,1.0,-0.5877852522922964
0.89875,1.0,-0.7071067811864691
0.8988,1.0,-0.8090169943749453
0.89885,1.0,-0.8910065241882086
0.8989,1.0,-0.9510565162950784
0.89895,1.0,-0.9876883405951165
0.899,1.0,-1.0
0.89905,1.0,-0.9876883405951965
0.8991,1.0,-0.9510565162952365
0.89915,1.0,-0.8910065241884408
0.8992,1.0,-0.809016994375246
0.89925,1.0,-0.7071067811868308
0.8993,1.0,-0.5877852522927103
0.89935,1.0,-0.45399049973971217
0.8994,1.0,-0.30901699437545427
0.89945,1.0,-0.1564344650406511
0.8995,1.0,-3.179907297931337e-13
0.89955,1.0,0.15643446504002292
0.8996,1.0,0.30901699437441693
0.89965,1.0,0.4539904997391455
0.8997,1.0,0.5877852522921957
0.89975,1.0,0.707106781186381
0.8998,1.0,0.8090169943748722
0.89985,1.0,0.8910065241883586
0.8999,1.0,0.95105651629504
0.89995,1.0,0.987688340595097
0.9,1.0,1.0
0.90005,1.0,0.9876883405951449
0.9001,1.0,0.9510565162952749
0.90015,1.0,0.8910065241884974
0.9002,1.0,0.8090169943750519
0.90025,1.0,0.7071067811869187
0.9003,1.0,0.587785252292811
0.90035,1.0,0.4539904997398231
0.9004,1.0,0.30901699437514013
0.90045,1.0,0.15643446504077402
0.9005,1.0,4.42458173231066e-13
0.90055,1.0,-0.1564344650399
0.9006,1.0,-0.309016994374731
0.90065,1.0,-0.4539904997390346
0.9007,1.0,-0.587785252292095
0.90075,1.0,-0.7071067811866146
0.9008,1.0,-0.809016994374799
0.90085,1.0,-0.8910065241883021
0.9009,1.0,-0.951056516295142
0.90095,1.0,-0.9876883405950775
0.901,1.0,-1.0
0.90105,1.0,-0.9876883405951643
0.9011,1.0,-0.9510565162951728
0.90115,1.0,-0.8910065241885539
0.9012,1.0,-0.8090169943751251
0.90125,1.0,-0.7071067811866852
0.9013,1.0,-0.5877852522929117
0.90135,1.0,-0.453990499739934
0.9014,1.0,-0.30901699437525854
0.90145,1.0,-0.1564344650404478
0.9015,1.0,-5.669256166689982e-13
0.90155,1.0,0.15643446503977707
0.9016,1.0,0.30901699437461266
0.90165,1.0,0.4539904997393289
0.9017,1.0,0.5877852522919943
0.90175,1.0,0.7071067811865266
0.9018,1.0,0.8090169943749932
0.90185,1.0,0.8910065241882456
0.9019,1.0,0.9510565162951036
0.90195,1.0,0.9876883405951292
0.902,1.0,1.0
0.90205,1.0,0.9876883405951837
0.9021,1.0,0.9510565162952113
0.90215,1.0,0.8910065241884039
0.9022,1.0,0.8090169943751983
0.90225,1.0,0.7071067811867733
0.9023,1.0,0.5877852522926444
0.90235,1.0,0.4539904997400449
0.9024,1.0,0.3090169943753769
0.90245,1.0,0.15643446504057074
0.9025,1.0,2.366457092204664e-13
0.90255,1.0,-0.15643446503965414
0.9026,1.0,-0.30901699437449426
0.90265,1.0,-0.453990499739218
0.9027,1.0,-0.5877852522922615
0.90275,1.0,-0.7071067811864385
0.9028,1.0,-0.80901699437492
0.90285,1.0,-0.8910065241883955
0.9029,1.0,-0.951056516295065
0.90295,1.0,-0.9876883405951097
0.903,1.0,-1.0
0.90305,1.0,-0.9876883405952033
0.9031,1.0,-0.9510565162952498
0.90315,1.0,-0.8910065241884604
0.9032,1.0,-0.8090169943750041
0.90325,1.0,-0.7071067811868612
0.9033,1.0,-0.5877852522927451
0.90335,1.0,-0.4539904997397506
0.9034,1.0,-0.3090169943754953
0.90345,1.0,-0.15643446504069367
0.9035,1.0,-3.6111315265839866e-13
0.90355,1.0,0.15643446503998035
0.9036,1.0,0.3090169943743759
0.90365,1.0,0.4539904997391071
0.9037,1.0,0.5877852522921608
0.90375,1.0,0.7071067811863505
0.9038,1.0,0.8090169943748469
0.90385,1.0,0.891006524188339
0.9039,1.0,0.9510565162951671
0.90395,1.0,0.9876883405950903
0.904,1.0,1.0
0.90405,1.0,0.9876883405951515
0.9041,1.0,0.9510565162952882
0.90415,1.0,0.8910065241885169
0.9042,1.0,0.8090169943750772
0.90425,1.0,0.7071067811866277
0.9043,1.0,0.5877852522928458
0.90435,1.0,0.4539904997398615
0.9044,1.0,0.30901699437518115
0.90445,1.0,0.15643446504036745
0.9045,1.0,4.855805960963309e-13
0.90455,1.0,-0.15643446503985742
0.9046,1.0,-0.30901699437469
0.90465,1.0,-0.4539904997389962
0.9047,1.0,-0.5877852522920601
0.90475,1.0,-0.7071067811865841
0.9048,1.0,-0.8090169943747737
0.90485,1.0,-0.8910065241882825
0.9049,1.0,-0.9510565162951287
0.90495,1.0,-0.9876883405951419
0.905,1.0,-1.0
0.90505,1.0,-0.9876883405951711
0.9051,1.0,-0.9510565162951862
0.90515,1.0,-0.8910065241885734
0.9052,1.0,-0.8090169943751504
0.90525,1.0,-0.7071067811867158
0.9053,1.0,-0.5877852522925786
0.90535,1.0,-0.4539904997399724
0.9054,1.0,-0.3090169943752995
0.90545,1.0,-0.1564344650404904
0.9055,1.0,-1.553006886477991e-13
0.90555,1.0,0.15643446503973446
0.9056,1.0,0.30901699437457164
0.90565,1.0,0.4539904997392905
0.9057,1.0,0.5877852522919594
0.90575,1.0,0.7071067811864961
0.9058,1.0,0.8090169943749679
0.90585,1.0,0.891006524188226
0.9059,1.0,0.9510565162950902
0.90595,1.0,0.9876883405951224
0.906,1.0,1.0
0.90605,1.0,0.9876883405951905
0.9061,1.0,0.9510565162952246
0.90615,1.0,0.8910065241884235
0.9062,1.0,0.8090169943752236
0.90625,1.0,0.7071067811868038
0.9063,1.0,0.5877852522926793
0.90635,1.0,0.45399049973967814
0.9064,1.0,0.3090169943754179
0.90645,1.0,0.15643446504061334
0.9065,1.0,2.7976813208573137e-13
0.90655,1.0,-0.15643446504006067
0.9066,1.0,-0.3090169943744533
0.90665,1.0,-0.4539904997391796
0.9067,1.0,-0.5877852522922267
0.90675,1.0,-0.7071067811860865
0.9068,1.0,-0.8090169943748947
0.90685,1.0,-0.8910065241883759
0.9069,1.0,-0.9510565162950517
0.90695,1.0,-0.987688340595103
0.907,1.0,-1.0
0.90705,1.0,-0.9876883405951389
0.9071,1.0,-0.9510565162952631
0.90715,1.0,-0.89100652418848
0.9072,1.0,-0.8090169943750294
0.90725,1.0,-0.7071067811868917
0.9073,1.0,-0.58778525229278
0.90735,1.0,-0.45399049973978906
0.9074,1.0,-0.30901699437510377
0.90745,1.0,-0.15643446504073627
0.9075,1.0,-4.042355755236636e-13
0.90755,1.0,0.15643446503993774
0.9076,1.0,0.3090169943747674
0.90765,1.0,0.4539904997390687
0.9077,1.0,0.587785252292126
0.90775,1.0,0.7071067811863201
0.9078,1.0,0.8090169943748216
0.90785,1.0,0.8910065241883194
0.9079,1.0,0.9510565162951538
0.90795,1.0,0.9876883405950835
0.908,1.0,1.0
0.90805,1.0,0.9876883405951583
0.9081,1.0,0.9510565162951611
0.90815,1.0,0.8910065241885365
0.9082,1.0,0.8090169943751025
0.90825,1.0,0.7071067811866583
0.9083,1.0,0.5877852522928807
0.90835,1.0,0.4539904997398999
0.9084,1.0,0.3090169943752222
0.90845,1.0,0.15643446504041006
0.9085,1.0,5.287030189615959e-13
0.90855,1.0,-0.1564344650398148
0.9086,1.0,-0.309016994374649
0.90865,1.0,-0.45399049973936295
0.9087,1.0,-0.5877852522920253
0.90875,1.0,-0.707106781186232
0.9088,1.0,-0.8090169943747484
0.90885,1.0,-0.8910065241882629
0.9089,1.0,-0.9510565162951153
0.90895,1.0,-0.9876883405951352
0.909,1.0,-1.0
0.90905,1.0,-0.9876883405951777
0.9091,1.0,-0.9510565162951995
0.90915,1.0,-0.8910065241883866
0.9092,1.0,-0.8090169943751757
0.90925,1.0,-0.7071067811867462
0.9093,1.0,-0.5877852522926135
0.90935,1.0,-0.4539904997400108
0.9094,1.0,-0.3090169943753405
0.90945,1.0,-0.156434465040533
0.9095,1.0,-1.9842311151306405e-13
0.90955,1.0,0.15643446503969188
0.9096,1.0,0.3090169943745306
0.90965,1.0,0.45399049973925204
0.9097,1.0,0.5877852522922925
0.90975,1.0,0.707106781186144
0.9098,1.0,0.8090169943749425
0.90985,1.0,0.8910065241882064
0.9099,1.0,0.9510565162950768
0.90995,1.0,0.9876883405951157
0.91,1.0,1.0
0.91005,1.0,0.9876883405951973
0.9101,1.0,0.951056516295238
0.91015,1.0,0.8910065241884431
0.9102,1.0,0.8090169943749816
0.91025,1.0,0.7071067811868342
0.9103,1.0,0.5877852522927142
0.91035,1.0,0.45399049973971656
0.9104,1.0,0.30901699437545893
0.91045,1.0,0.15643446504065592
0.9105,1.0,3.228905549509963e-13
0.91055,1.0,-0.1564344650400181
0.9106,1.0,-0.30901699437441227
0.91065,1.0,-0.4539904997391412
0.9107,1.0,-0.5877852522921918
0.91075,1.0,-0.7071067811863776
0.9108,1.0,-0.8090169943748693
0.91085,1.0,-0.8910065241883564
0.9109,1.0,-0.9510565162950384
0.91095,1.0,-0.9876883405950962
0.911,1.0,-1.0
0.91105,1.0,-0.9876883405951455
0.9111,1.0,-0.9510565162952764
0.91115,1.0,-0.8910065241884996
0.9112,1.0,-0.8090169943750548
0.91125,1.0,-0.7071067811866008
0.9113,1.0,-0.5877852522928149
0.91135,1.0,-0.45399049973982747
0.9114,1.0,-0.3090169943751448
0.91145,1.0,-0.15643446504077885
0.9115,1.0,-4.4735799838892856e-13
0.91155,1.0,0.15643446503989517
0.9116,1.0,0.30901699437472635
0.91165,1.0,0.4539904997390303
0.9117,1.0,0.5877852522920911
0.91175,1.0,0.7071067811862896
0.9118,1.0,0.8090169943747961
0.91185,1.0,0.8910065241882998
0.9119,1.0,0.9510565162951404
0.91195,1.0,0.9876883405950768
0.912,1.0,1.0
0.91205,1.0,0.9876883405951651
0.9121,1.0,0.9510565162951744
0.91215,1.0,0.8910065241885561
0.9122,1.0,0.809016994375128
0.91225,1.0,0.7071067811866887
0.9123,1.0,0.5877852522925477
0.91235,1.0,0.4539904997399384
0.9124,1.0,0.3090169943752632
0.91245,1.0,0.15643446504045264
0.9125,1.0,5.718254418268608e-13
0.91255,1.0,-0.15643446503977224
0.9126,1.0,-0.309016994374608
0.91265,1.0,-0.45399049973932454
0.9127,1.0,-0.5877852522919904
0.91275,1.0,-0.7071067811862015
0.9128,1.0,-0.8090169943747231
0.91285,1.0,-0.8910065241882433
0.9129,1.0,-0.951056516295102
0.91295,1.0,-0.9876883405951284
0.913,1.0,-1.0
0.91305,1.0,-0.9876883405951845
0.9131,1.0,-0.9510565162952128
0.91315,1.0,-0.8910065241884061
0.9132,1.0,-0.8090169943752011
0.91325,1.0,-0.7071067811867767
0.9133,1.0,-0.5877852522926484
0.91335,1.0,-0.45399049973964406
0.9134,1.0,-0.30901699437538155
0.91345,1.0,-0.1564344650405756
0.9135,1.0,-2.41545534378329e-13
0.91355,1.0,0.15643446503964928
0.9136,1.0,0.3090169943744896
0.91365,1.0,0.4539904997392136
0.9137,1.0,0.5877852522922575
0.91375,1.0,0.7071067811861136
0.9138,1.0,0.8090169943746498
0.91385,1.0,0.8910065241883932
0.9139,1.0,0.9510565162950635
0.91395,1.0,0.987688340595109
0.914,1.0,1.0
0.91405,1.0,0.987688340595204
0.9141,1.0,0.9510565162952513
0.91415,1.0,0.8910065241884626
0.9142,1.0,0.809016994375007
0.91425,1.0,0.7071067811868648
0.9143,1.0,0.5877852522927491
0.91435,1.0,0.45399049973975497
0.9144,1.0,0.30901699437506747
0.91445,1.0,0.15643446504069852
0.9145,1.0,3.6601297781626127e-13
0.91455,1.0,-0.1564344650399755
0.9146,1.0,-0.30901699437437125
0.91465,1.0,-0.4539904997391027
0.9147,1.0,-0.5877852522921568
0.91475,1.0,-0.7071067811863471
0.9148,1.0,-0.8090169943745767
0.91485,1.0,-0.8910065241883367
0.9149,1.0,-0.9510565162951656
0.91495,1.0,-0.9876883405950895
0.915,1.0,-1.0
0.91505,1.0,-0.9876883405951523
0.9151,1.0,-0.9510565162952898
0.91515,1.0,-0.8910065241885191
0.9152,1.0,-0.8090169943750801
0.91525,1.0,-0.7071067811866312
0.9153,1.0,-0.5877852522928498
0.91535,1.0,-0.4539904997398659
0.9154,1.0,-0.3090169943751858
0.91545,1.0,-0.1564344650403723
0.9155,1.0,-4.904804212541936e-13
0.91555,1.0,0.15643446503985256
0.9156,1.0,0.3090169943746854
0.91565,1.0,0.45399049973899186
0.9157,1.0,0.5877852522920561
0.91575,1.0,0.707106781186259
0.9158,1.0,0.8090169943747708
0.91585,1.0,0.8910065241882803
0.9159,1.0,0.9510565162951271
0.91595,1.0,0.9876883405951412
0.916,1.0,1.0
0.91605,1.0,0.9876883405951719
0.9161,1.0,0.9510565162951877
0.91615,1.0,0.8910065241885756
0.9162,1.0,0.8090169943751533
0.91625,1.0,0.7071067811867192
0.9163,1.0,0.5877852522925826
0.91635,1.0,0.4539904997399768
0.9164,1.0,0.30901699437530417
0.91645,1.0,0.15643446504049524
0.9165,1.0,1.602005138056617e-13
0.91655,1.0,-0.15643446503972963
0.9166,1.0,-0.309016994374567
0.91665,1.0,-0.4539904997392861
0.9167,1.0,-0.5877852522919554
0.91675,1.0,-0.7071067811861711
0.9168,1.0,-0.8090169943746977
0.91685,1.0,-0.8910065241882238
0.9169,1.0,-0.9510565162950887
0.91695,1.0,-0.9876883405951217
0.917,1.0,-1.0
0.91705,1.0,-0.9876883405951913
0.9171,1.0,-0.9510565162952261
0.91715,1.0,-0.8910065241884257
0.9172,1.0,-0.8090169943749591
0.91725,1.0,-0.7071067811868071
0.9173,1.0,-0.5877852522926833
0.91735,1.0,-0.45399049973968253
0.9174,1.0,-0.30901699437542257
0.91745,1.0,-0.15643446504061817
0.9175,1.0,-2.8466795724359393e-13
0.91755,1.0,0.15643446504005584
0.9176,1.0,0.30901699437444863
0.91765,1.0,0.4539904997391752
0.9177,1.0,0.5877852522922227
0.91775,1.0,0.707106781186083
0.9178,1.0,0.8090169943746245
0.91785,1.0,0.8910065241883737
0.9179,1.0,0.9510565162950502
0.91795,1.0,0.9876883405951022
0.918,1.0,1.0
0.91805,1.0,0.9876883405951397
0.9181,1.0,0.9510565162952647
0.91815,1.0,0.8910065241884823
0.9182,1.0,0.8090169943750323
0.91825,1.0,0.7071067811865737
0.9183,1.0,0.587785252292784
0.91835,1.0,0.4539904997397934
0.9184,1.0,0.30901699437510843
0.91845,1.0,0.1564344650407411
0.9185,1.0,4.0913540068152623e-13
0.91855,1.0,-0.1564344650399329
0.9186,1.0,-0.3090169943747627
0.91865,1.0,-0.4539904997390643
0.9187,1.0,-0.587785252292122
0.91875,1.0,-0.7071067811863166
0.9188,1.0,-0.8090169943745513
0.91885,1.0,-0.8910065241881108
0.9189,1.0,-0.9510565162951523
0.91895,1.0,-0.9876883405950827
0.919,1.0,-1.0
0.91905,1.0,-0.9876883405951591
0.9191,1.0,-0.9510565162951625
0.91915,1.0,-0.8910065241885388
0.9192,1.0,-0.8090169943751054
0.91925,1.0,-0.7071067811866617
0.9193,1.0,-0.5877852522925168
0.91935,1.0,-0.4539904997399043
0.9194,1.0,-0.30901699437522684
0.91945,1.0,-0.1564344650404149
0.9195,1.0,-5.336028441194585e-13
0.91955,1.0,0.15643446503980998
0.9196,1.0,0.30901699437464436
0.91965,1.0,0.4539904997393586
0.9197,1.0,0.5877852522920213
0.91975,1.0,0.7071067811862286
0.9198,1.0,0.8090169943747455
0.91985,1.0,0.8910065241880543
0.9199,1.0,0.9510565162951138
0.91995,1.0,0.9876883405951344
0.92,1.0,1.0
0.92005,1.0,0.9876883405951785
0.9201,1.0,0.951056516295201
0.92015,1.0,0.8910065241883888
0.9202,1.0,0.8090169943751786
0.92025,1.0,0.7071067811867496
0.9203,1.0,0.5877852522926175
0.92035,1.0,0.45399049973961003
0.9204,1.0,0.3090169943753452
0.92045,1.0,0.15643446504053782
0.9205,1.0,2.0332293667092664e-13
0.92055,1.0,-0.15643446503968705
0.9206,1.0,-0.30901699437452596
0.92065,1.0,-0.4539904997392477
0.9207,1.0,-0.5877852522922885
0.92075,1.0,-0.7071067811861406
0.9208,1.0,-0.8090169943746723
0.92085,1.0,-0.8910065241882041
0.9209,1.0,-0.9510565162950754
0.92095,1.0,-0.9876883405951149
0.921,1.0,-1.0
0.92105,1.0,-0.987688340595198
0.9211,1.0,-0.9510565162952395
0.92115,1.0,-0.8910065241884453
0.9212,1.0,-0.8090169943749845
0.92125,1.0,-0.7071067811868377
0.9213,1.0,-0.5877852522927182
0.92135,1.0,-0.45399049973972094
0.9214,1.0,-0.3090169943750311
0.92145,1.0,-0.15643446504066078
0.9215,1.0,-3.277903801088589e-13
0.92155,1.0,0.15643446504001327
0.9216,1.0,0.3090169943744076
0.92165,1.0,0.4539904997391368
0.9217,1.0,0.5877852522921878
0.92175,1.0,0.7071067811863742
0.9218,1.0,0.8090169943745992
0.92185,1.0,0.8910065241881476
0.9219,1.0,0.9510565162951774
0.92195,1.0,0.9876883405950955
0.922,1.0,1.0
0.92205,1.0,0.9876883405951463
0.9221,1.0,0.951056516295278
0.92215,1.0,0.8910065241885018
0.9222,1.0,0.8090169943750577
0.92225,1.0,0.7071067811866042
0.9223,1.0,0.5877852522928189
0.92235,1.0,0.4539904997398318
0.9224,1.0,0.30901699437514946
0.92245,1.0,0.15643446504033456
0.9225,1.0,4.522578235467912e-13
0.92255,1.0,-0.1564344650398903
0.9226,1.0,-0.3090169943747217
0.92265,1.0,-0.4539904997390259
0.9227,1.0,-0.5877852522920871
0.92275,1.0,-0.7071067811862861
0.9228,1.0,-0.8090169943747932
0.92285,1.0,-0.8910065241880911
0.9229,1.0,-0.951056516295139
0.92295,1.0,-0.9876883405951471
0.923,1.0,-1.0
0.92305,1.0,-0.9876883405951659
0.9231,1.0,-0.9510565162951758
0.92315,1.0,-0.8910065241885583
0.9232,1.0,-0.8090169943751309
0.92325,1.0,-0.7071067811866921
0.9233,1.0,-0.5877852522925516
0.92335,1.0,-0.4539904997399427
0.9234,1.0,-0.30901699437526786
0.92345,1.0,-0.1564344650404575
0.9235,1.0,-1.2197791609825933e-13
0.92355,1.0,0.15643446503976738
0.9236,1.0,0.30901699437460334
0.92365,1.0,0.45399049973932015
0.9237,1.0,0.5877852522919864
0.92375,1.0,0.7071067811861981
0.9238,1.0,0.8090169943747201
0.92385,1.0,0.8910065241882411
0.9239,1.0,0.9510565162951005
0.92395,1.0,0.9876883405951277
0.924,1.0,1.0
0.92405,1.0,0.9876883405951853
0.9241,1.0,0.9510565162952144
0.92415,1.0,0.8910065241884083
0.9242,1.0,0.809016994375204
0.92425,1.0,0.7071067811867802
0.9243,1.0,0.5877852522926523
0.92435,1.0,0.45399049973964845
0.9244,1.0,0.3090169943753862
0.92445,1.0,0.15643446504058042
0.9245,1.0,2.464453595361916e-13
0.92455,1.0,-0.1564344650400936
0.9246,1.0,-0.30901699437448493
0.92465,1.0,-0.4539904997392093
0.9247,1.0,-0.5877852522922536
0.92475,1.0,-0.7071067811861101
0.9248,1.0,-0.809016994374647
0.92485,1.0,-0.8910065241881846
0.9249,1.0,-0.951056516295062
0.92495,1.0,-0.9876883405951082
0.925,1.0,-1.0
0.92505,1.0,-0.9876883405951337
0.9251,1.0,-0.9510565162952528
0.92515,1.0,-0.8910065241884648
0.9252,1.0,-0.8090169943750098
0.92525,1.0,-0.7071067811868682
0.9253,1.0,-0.587785252292753
0.92535,1.0,-0.45399049973975936
0.9254,1.0,-0.3090169943750721
0.92545,1.0,-0.15643446504070335
0.9255,1.0,-3.7091280297412384e-13
0.92555,1.0,0.15643446503997066
0.9256,1.0,0.30901699437479907
0.92565,1.0,0.4539904997390984
0.9257,1.0,0.587785252292153
0.92575,1.0,0.7071067811863436
0.9258,1.0,0.8090169943745738
0.92585,1.0,0.8910065241881281
0.9259,1.0,0.9510565162950235
0.92595,1.0,0.9876883405950887
0.926,1.0,1.0
0.92605,1.0,0.9876883405951531
0.9261,1.0,0.9510565162951508
0.92615,1.0,0.8910065241885213
0.9262,1.0,0.809016994375083
0.92625,1.0,0.7071067811866346
0.9263,1.0,0.5877852522928537
0.92635,1.0,0.45399049973987027
0.9264,1.0,0.3090169943751905
0.92645,1.0,0.15643446504037714
0.9265,1.0,4.953802464120561e-13
0.92655,1.0,-0.15643446503984773
0.9266,1.0,-0.3090169943746807
0.92665,1.0,-0.45399049973939265
0.9267,1.0,-0.5877852522920523
0.92675,1.0,-0.7071067811862556
0.9268,1.0,-0.8090169943747679
0.92685,1.0,-0.8910065241880716
0.9269,1.0,-0.9510565162949851
0.92695,1.0,-0.9876883405951404
0.927,1.0,-1.0
0.92705,1.0,-0.9876883405951725
0.9271,1.0,-0.9510565162951892
0.92715,1.0,-0.8910065241883715
0.9272,1.0,-0.8090169943751562
0.92725,1.0,-0.7071067811867227
0.9273,1.0,-0.5877852522925866
0.92735,1.0,-0.4539904997399811
0.9274,1.0,-0.30901699437530883
0.92745,1.0,-0.15643446504050007
0.9275,1.0,-1.6510033896352428e-13
0.92755,1.0,0.1564344650397248
0.9276,1.0,0.3090169943745623
0.92765,1.0,0.45399049973928174
0.9277,1.0,0.5877852522923194
0.92775,1.0,0.7071067811861677
0.9278,1.0,0.8090169943746948
0.92785,1.0,0.8910065241882216
0.9279,1.0,0.9510565162949467
0.92795,1.0,0.9876883405951209
0.928,1.0,1.0
0.92805,1.0,0.9876883405951921
0.9281,1.0,0.9510565162952277
0.92815,1.0,0.891006524188428
0.9282,1.0,0.809016994374962
0.92825,1.0,0.7071067811868107
0.9283,1.0,0.5877852522926873
0.92835,1.0,0.45399049973968686
0.9284,1.0,0.30901699437542723
0.92845,1.0,0.156434465040623
0.9285,1.0,2.8956778240145655e-13
0.92855,1.0,-0.156434465040051
0.9286,1.0,-0.30901699437444397
0.92865,1.0,-0.4539904997391708
0.9287,1.0,-0.5877852522922187
0.92875,1.0,-0.7071067811864011
0.9288,1.0,-0.8090169943746216
0.92885,1.0,-0.8910065241881651
0.9289,1.0,-0.9510565162950487
0.92895,1.0,-0.9876883405951015
0.929,1.0,-1.0
0.92905,1.0,-0.9876883405951404
0.9291,1.0,-0.9510565162952661
0.92915,1.0,-0.8910065241884845
0.9292,1.0,-0.8090169943750352
0.92925,1.0,-0.7071067811865771
0.9293,1.0,-0.587785252292788
0.92935,1.0,-0.45399049973979777
0.9294,1.0,-0.3090169943751131
0.92945,1.0,-0.15643446504074596
0.9295,1.0,-4.140352258393888e-13
0.92955,1.0,0.15643446503992808
0.9296,1.0,0.30901699437475805
0.92965,1.0,0.45399049973905997
0.9297,1.0,0.587785252292118
0.92975,1.0,0.7071067811863132
0.9298,1.0,0.8090169943748158
0.92985,1.0,0.8910065241881086
0.9299,1.0,0.9510565162950102
0.92995,1.0,0.9876883405951531
0.93,1.0,1.0
0.93005,1.0,0.9876883405951599
0.9301,1.0,0.9510565162951641
0.93015,1.0,0.891006524188541
0.9302,1.0,0.8090169943751083
0.93025,1.0,0.7071067811866651
0.9303,1.0,0.5877852522925208
0.93035,1.0,0.4539904997399087
0.9304,1.0,0.3090169943752315
0.93045,1.0,0.15643446504041975
0.9305,1.0,5.385026692773211e-13
0.93055,1.0,-0.15643446503980513
0.9306,1.0,-0.3090169943746397
0.93065,1.0,-0.45399049973935424
0.9307,1.0,-0.5877852522920173
0.93075,1.0,-0.7071067811862252
0.9308,1.0,-0.8090169943747426
0.93085,1.0,-0.8910065241882584
0.9309,1.0,-0.9510565162949718
0.93095,1.0,-0.9876883405951337
0.931,1.0,-1.0
0.93105,1.0,-0.9876883405951793
0.9311,1.0,-0.9510565162952025
0.93115,1.0,-0.891006524188391
0.9312,1.0,-0.8090169943751815
0.93125,1.0,-0.7071067811867532
0.9313,1.0,-0.5877852522926215
0.93135,1.0,-0.45399049973961436
0.9314,1.0,-0.30901699437534985
0.93145,1.0,-0.15643446504054268
0.9315,1.0,-2.0822276182878923e-13
0.93155,1.0,0.1564344650396822
0.9316,1.0,0.3090169943745213
0.93165,1.0,0.4539904997392433
0.9317,1.0,0.5877852522922845
0.93175,1.0,0.7071067811861371
0.9318,1.0,0.8090169943746695
0.93185,1.0,0.8910065241882019
0.9319,1.0,0.9510565162950738
0.93195,1.0,0.9876883405950431
0.932,1.0,1.0
0.93205,1.0,0.9876883405951277
0.9321,1.0,0.951056516295241
0.93215,1.0,0.8910065241884475
0.9322,1.0,0.8090169943749874
0.93225,1.0,0.7071067811868411
0.9323,1.0,0.5877852522927222
0.93235,1.0,0.4539904997397253
0.9324,1.0,0.30901699437503577
0.93245,1.0,0.1564344650406656
0.9325,1.0,3.326902052667215e-13
0.93255,1.0,-0.1564344650400084
0.9326,1.0,-0.30901699437440294
0.93265,1.0,-0.4539904997391324
0.9327,1.0,-0.5877852522921838
0.93275,1.0,-0.7071067811863707
0.9328,1.0,-0.8090169943745963
0.93285,1.0,-0.8910065241881454
0.9329,1.0,-0.9510565162950354
0.93295,1.0,-0.9876883405950947
0.933,1.0,-1.0
0.93305,1.0,-0.9876883405951471
0.9331,1.0,-0.9510565162951389
0.93315,1.0,-0.891006524188504
0.9332,1.0,-0.8090169943750606
0.93325,1.0,-0.7071067811866076
0.9333,1.0,-0.5877852522928229
0.93335,1.0,-0.4539904997398362
0.9334,1.0,-0.3090169943751541
0.93345,1.0,-0.1564344650403394
0.9335,1.0,-4.571576487046537e-13
0.93355,1.0,0.15643446503988548
0.9336,1.0,0.309016994374717
0.93365,1.0,0.4539904997390215
0.9337,1.0,0.5877852522920831
0.93375,1.0,0.7071067811862827
0.9338,1.0,0.8090169943747905
0.93385,1.0,0.8910065241880889
0.9339,1.0,0.9510565162949969
0.93395,1.0,0.9876883405950753
0.934,1.0,1.0
0.93405,1.0,0.9876883405951666
0.9341,1.0,0.9510565162951774
0.93415,1.0,0.891006524188354
0.9342,1.0,0.8090169943751337
0.93425,1.0,0.7071067811866957
0.9343,1.0,0.5877852522925556
0.93435,1.0,0.4539904997399471
0.9344,1.0,0.3090169943752725
0.93445,1.0,0.15643446504046232
0.9345,1.0,1.2687774125612191e-13
0.93455,1.0,-0.15643446503976255
0.9346,1.0,-0.3090169943745987
0.93465,1.0,-0.4539904997393158
0.9347,1.0,-0.5877852522923503
0.93475,1.0,-0.7071067811861946
0.9348,1.0,-0.8090169943747172
0.93485,1.0,-0.8910065241882389
0.9349,1.0,-0.9510565162949585
0.93495,1.0,-0.9876883405950557
0.935,1.0,-1.0
0.93505,1.0,-0.9876883405951861
0.9351,1.0,-0.9510565162952158
0.93515,1.0,-0.8910065241884105
0.9352,1.0,-0.8090169943749396
0.93525,1.0,-0.7071067811867836
0.9353,1.0,-0.5877852522926563
0.93535,1.0,-0.45399049973965283
0.9354,1.0,-0.3090169943753909
0.93545,1.0,-0.15643446504058525
0.9355,1.0,-2.5134518469405416e-13
0.93555,1.0,0.15643446504008876
0.9356,1.0,0.30901699437448027
0.93565,1.0,0.4539904997392049
0.9357,1.0,0.5877852522922496
0.93575,1.0,0.7071067811864281
0.9358,1.0,0.8090169943746441
0.93585,1.0,0.8910065241881824
0.9359,1.0,0.9510565162950605
0.93595,1.0,0.9876883405950363
0.936,1.0,1.0
0.93605,1.0,0.9876883405951344
0.9361,1.0,0.9510565162952543
0.93615,1.0,0.891006524188467
0.9362,1.0,0.8090169943750127
0.93625,1.0,0.7071067811865501
0.9363,1.0,0.587785252292757
0.93635,1.0,0.4539904997397637
0.9364,1.0,0.30901699437507674
0.93645,1.0,0.15643446504070818
0.9365,1.0,3.7581262813198645e-13
0.93655,1.0,-0.15643446503996583
0.9366,1.0,-0.3090169943747944
0.93665,1.0,-0.453990499739094
0.9367,1.0,-0.587785252292149
0.93675,1.0,-0.7071067811863402
0.9368,1.0,-0.8090169943748382
0.93685,1.0,-0.8910065241881259
0.9369,1.0,-0.9510565162950221
0.93695,1.0,-0.9876883405950879
0.937,1.0,-1.0
0.93705,1.0,-0.9876883405951539
0.9371,1.0,-0.9510565162951523
0.93715,1.0,-0.8910065241885236
0.9372,1.0,-0.8090169943750859
0.93725,1.0,-0.7071067811866381
0.9373,1.0,-0.5877852522924898
0.93735,1.0,-0.4539904997398746
0.9374,1.0,-0.30901699437519514
0.93745,1.0,-0.15643446504038197
0.9375,1.0,-5.002800715699187e-13
0.93755,1.0,0.1564344650398429
0.9376,1.0,0.30901699437467606
0.93765,1.0,0.45399049973938826
0.9377,1.0,0.5877852522920483
0.93775,1.0,0.7071067811862521
0.9378,1.0,0.809016994374765
0.93785,1.0,0.8910065241882758
0.9379,1.0,0.9510565162949836
0.93795,1.0,0.9876883405950685
0.938,1.0,1.0
0.93805,1.0,0.9876883405951733
0.9381,1.0,0.9510565162951907
0.93815,1.0,0.8910065241883737
0.9382,1.0,0.8090169943751591
0.93825,1.0,0.7071067811867261
0.9383,1.0,0.5877852522925905
0.93835,1.0,0.45399049973958033
0.9384,1.0,0.3090169943753135
0.93845,1.0,0.15643446504050493
0.9385,1.0,1.7000016412138687e-13
0.93855,1.0,-0.15643446503971994
0.9386,1.0,-0.30901699437455765
0.93865,1.0,-0.4539904997392774
0.9387,1.0,-0.5877852522923155
0.93875,1.0,-0.7071067811861641
0.9388,1.0,-0.8090169943746919
0.93885,1.0,-0.8910065241882192
0.9389,1.0,-0.9510565162950857
0.93895,1.0,-0.9876883405950491
0.939,1.0,-1.0
0.93905,1.0,-0.9876883405951928
0.9391,1.0,-0.9510565162952291
0.93915,1.0,-0.8910065241884302
0.9392,1.0,-0.8090169943749649
0.93925,1.0,-0.7071067811868141
0.9393,1.0,-0.5877852522926912
0.93935,1.0,-0.45399049973969124
0.9394,1.0,-0.3090169943749994
0.93945,1.0,-0.15643446504062786
0.9395,1.0,-2.944676075593191e-13
0.93955,1.0,0.15643446504004616
0.9396,1.0,0.3090169943744393
0.93965,1.0,0.4539904997391665
0.9397,1.0,0.5877852522922148
0.93975,1.0,0.7071067811863977
0.9398,1.0,0.8090169943746187
0.93985,1.0,0.8910065241881628
0.9399,1.0,0.9510565162950472
0.93995,1.0,0.9876883405951007
0.94,1.0,1.0
0.94005,1.0,0.9876883405951411
0.9401,1.0,0.9510565162952677
0.94015,1.0,0.8910065241884867
0.9402,1.0,0.809016994375038
0.94025,1.0,0.7071067811865805
0.9403,1.0,0.5877852522927919
0.94035,1.0,0.45399049973980216
0.9404,1.0,0.30901699437511776
0.94045,1.0,0.15643446504030165
0.9405,1.0,4.189350509972514e-13
0.94055,1.0,-0.15643446503992323
0.9406,1.0,-0.3090169943747534
0.94065,1.0,-0.4539904997390556
0.9407,1.0,-0.5877852522921141
0.94075,1.0,-0.7071067811863097
0.9408,1.0,-0.8090169943748129
0.94085,1.0,-0.8910065241881063
0.9409,1.0,-0.9510565162950088
0.94095,1.0,-0.9876883405950813
0.941,1.0,-1.0
0.94105,1.0,-0.9876883405951606
0.9411,1.0,-0.9510565162951656
0.94115,1.0,-0.8910065241885432
0.9412,1.0,-0.8090169943751112
0.94125,1.0,-0.7071067811866686
0.9413,1.0,-0.5877852522925248
0.94135,1.0,-0.453990499739913
0.9414,1.0,-0.30901699437523616
0.94145,1.0,-0.15643446504042458
0.9415,1.0,-8.865514354871955e-14
0.94155,1.0,0.1564344650398003
0.9416,1.0,0.30901699437463503
0.94165,1.0,0.45399049973934985
0.9417,1.0,0.5877852522920134
0.94175,1.0,0.7071067811862216
0.9418,1.0,0.8090169943747397
0.94185,1.0,0.8910065241882562
0.9419,1.0,0.9510565162949702
0.94195,1.0,0.9876883405950617
0.942,1.0,1.0
0.94205,1.0,0.9876883405951801
0.9421,1.0,0.951056516295204
0.94215,1.0,0.8910065241883932
0.9422,1.0,0.8090169943751844
0.94225,1.0,0.7071067811867566
0.9423,1.0,0.5877852522926255
0.94235,1.0,0.45399049973961875
0.9424,1.0,0.3090169943753545
0.94245,1.0,0.1564344650405475
0.9425,1.0,2.1312258698665182e-13
0.94255,1.0,-0.1564344650401265
0.9426,1.0,-0.30901699437451663
0.94265,1.0,-0.45399049973923894
0.9427,1.0,-0.5877852522922806
0.94275,1.0,-0.7071067811861337
0.9428,1.0,-0.8090169943746666
0.94285,1.0,-0.8910065241881997
0.9429,1.0,-0.9510565162950724
0.94295,1.0,-0.9876883405950423
0.943,1.0,-1.0
0.94305,1.0,-0.9876883405951284
0.9431,1.0,-0.9510565162952425
0.94315,1.0,-0.8910065241884497
0.9432,1.0,-0.8090169943749902
0.94325,1.0,-0.7071067811868447
0.9433,1.0,-0.5877852522927262
0.94335,1.0,-0.45399049973972966
0.9434,1.0,-0.30901699437504043
0.94345,1.0,-0.15643446504067043
0.9435,1.0,-3.3759003042458406e-13
0.94355,1.0,0.15643446504000358
0.9436,1.0,0.30901699437483077
0.94365,1.0,0.4539904997391281
0.9437,1.0,0.5877852522921798
0.94375,1.0,0.7071067811863672
0.9438,1.0,0.8090169943745934
0.94385,1.0,0.8910065241881432
0.9439,1.0,0.9510565162950338
0.94395,1.0,0.9876883405950939
0.944,1.0,1.0
0.94405,1.0,0.987688340595219
0.9441,1.0,0.9510565162951404
0.94415,1.0,0.8910065241885062
0.9442,1.0,0.8090169943750635
0.94425,1.0,0.7071067811866111
0.9443,1.0,0.5877852522928269
0.94435,1.0,0.45399049973984057
0.9444,1.0,0.3090169943751588
0.94445,1.0,0.15643446504034422
0.9445,1.0,4.620574738625163e-13
0.94455,1.0,-0.15643446503988065
0.9446,1.0,-0.3090169943747124
0.94465,1.0,-0.45399049973942235
0.9447,1.0,-0.5877852522920792
0.94475,1.0,-0.7071067811862792
0.9448,1.0,-0.8090169943747876
0.94485,1.0,-0.8910065241880867
0.9449,1.0,-0.9510565162949954
0.94495,1.0,-0.9876883405950745
0.945,1.0,-1.0
0.94505,1.0,-0.9876883405952385
0.9451,1.0,-0.951056516295179
0.94515,1.0,-0.8910065241883564
0.9452,1.0,-0.8090169943751366
0.94525,1.0,-0.7071067811866991
0.9453,1.0,-0.5877852522925596
0.94535,1.0,-0.4539904997399515
0.9454,1.0,-0.3090169943752772
0.94545,1.0,-0.15643446504046715
0.9455,1.0,-1.317775664139845e-13
0.94555,1.0,0.1564344650397577
0.9456,1.0,0.309016994374594
0.94565,1.0,0.45399049973931144
0.9457,1.0,0.5877852522923463
0.94575,1.0,0.7071067811861912
0.9458,1.0,0.8090169943747144
0.94585,1.0,0.8910065241882367
0.9459,1.0,0.9510565162949569
0.94595,1.0,0.987688340595055
0.946,1.0,1.0
0.94605,1.0,0.9876883405951868
0.9461,1.0,0.9510565162952174
0.94615,1.0,0.8910065241884129
0.9462,1.0,0.8090169943749425
0.94625,1.0,0.7071067811867872
0.9463,1.0,0.5877852522926603
0.94635,1.0,0.45399049973965716
0.9464,1.0,0.30901699437539554
0.94645,1.0,0.1564344650405901
0.9465,1.0,2.5624500985191677e-13
0.94655,1.0,-0.15643446504008393
0.9466,1.0,-0.30901699437447566
0.94665,1.0,-0.4539904997392005
0.9467,1.0,-0.5877852522922457
0.94675,1.0,-0.7071067811864248
0.9468,1.0,-0.8090169943746413
0.94685,1.0,-0.8910065241881802
0.9469,1.0,-0.951056516295059
0.94695,1.0,-0.9876883405950355
0.947,1.0,-1.0
0.94705,1.0,-0.9876883405952063
0.9471,1.0,-0.9510565162952558
0.94715,1.0,-0.8910065241884693
0.9472,1.0,-0.8090169943750156
0.94725,1.0,-0.7071067811865536
0.9473,1.0,-0.587785252292761
0.94735,1.0,-0.45399049973976807
0.9474,1.0,-0.3090169943750814
0.94745,1.0,-0.1564344650402639
0.9475,1.0,-3.80712453289849e-13
0.94755,1.0,0.15643446503996097
0.9476,1.0,0.30901699437478974
0.94765,1.0,0.45399049973908967
0.9477,1.0,0.587785252292145
0.94775,1.0,0.7071067811863367
0.9478,1.0,0.8090169943748353
0.94785,1.0,0.8910065241881236
0.9479,1.0,0.9510565162950205
0.94795,1.0,0.9876883405950871
0.948,1.0,1.0
0.94805,1.0,0.9876883405952258
0.9481,1.0,0.9510565162951538
0.94815,1.0,0.8910065241885258
0.9482,1.0,0.8090169943750888
0.94825,1.0,0.7071067811866416
0.9483,1.0,0.5877852522924938
0.94835,1.0,0.453990499739879
0.9484,1.0,0.3090169943751998
0.94845,1.0,0.15643446504038683
0.9485,1.0,5.043254584131718e-14
0.94855,1.0,-0.15643446503983804
0.9486,1.0,-0.3090169943746714
0.94865,1.0,-0.45399049973938393
0.9487,1.0,-0.5877852522920443
0.94875,1.0,-0.7071067811862487
0.9488,1.0,-0.8090169943747622
0.94885,1.0,-0.8910065241882735
0.9489,1.0,-0.9510565162949821
0.94895,1.0,-0.9876883405950677
0.949,1.0,-1.0
0.94905,1.0,-0.9876883405952452
0.9491,1.0,-0.9510565162951923
0.94915,1.0,-0.8910065241883759
0.9492,1.0,-0.809016994375162
0.94925,1.0,-0.7071067811867295
0.9493,1.0,-0.5877852522925945
0.94935,1.0,-0.4539904997395847
0.9494,1.0,-0.30901699437531815
0.94945,1.0,-0.15643446504050976
0.9495,1.0,-1.7489998927924945e-13
0.94955,1.0,0.15643446504016426
0.9496,1.0,0.309016994374553
0.94965,1.0,0.453990499739273
0.9497,1.0,0.5877852522923115
0.94975,1.0,0.7071067811861607
0.9498,1.0,0.809016994374689
0.94985,1.0,0.891006524188217
0.9499,1.0,0.9510565162950841
0.94995,1.0,0.9876883405950483
0.95,1.0,1.0
0.95005,0.9999975326009292,0.9876859035738997
0.9501,0.9999901304280685,0.9510471297746728
0.95015,0.9999777935544749,0.8909867381005905
0.9502,0.9999605221019081,0.8089850560845092
0.95025,0.9999383162408303,0.7070631641824195
0.9503,0.9999111761904045,0.5877330429673625
0.95035,0.9998791022184921,0.45393561329545135
0.9504,0.99984209464165,0.30896819893577104
0.95045,0.9998001538251282,0.1564032022111762
0.9505,0.9997532801828657,2.9929357283892575e-13
0.95055,0.9997014741774864,-0.15638776531269577
0.9506,0.9996447363202946,-0.308907211860354
0.95065,0.99958306717127,-0.4538012161958893
0.9507,0.9995164673390624,-0.5875010389251101
0.95075,0.9994449374809851,-0.7067142927152164
0.9508,0.9993684783030088,-0.8085060825894337
0.95085,0.9992870905597548,-0.8903713172257467
0.9509,0.9992007750544876,-0.9502964082026306
0.95095,0.999109532639106,-0.9868088363650643
0.951,0.9990133642141359,-0.9990133642141359
0.95105,0.9989122707287208,-0.9866140030762465
0.9511,0.9988062531806128,-0.9499211956038841
0.95115,0.9986953126161617,-0.8898440392174626
0.9512,0.9985794501303069,-0.807867745389102
0.95125,0.9984586668665638,-0.7060168940758638
0.9513,0.9983329640170149,-0.5868053931269558
0.95135,0.9982023428222961,-0.4531743804593399
0.9514,0.9980668045715861,-0.30841960413429426
0.95145,0.9979263506025928,-0.15611007480614192
0.9515,0.99778098230154,-4.2289437906370114e-13
0.95155,0.9976307011031541,0.15606382503447064
0.9516,0.9974755084906501,0.3082368835962049
0.95165,0.9973154059957161,0.452771719565854
0.9517,0.9971503951984995,0.5861102966149273
0.95175,0.9969804777275899,0.7049716565115419
0.9518,0.9968056552600042,0.8064327151942616
0.95185,0.9966259295211698,0.8880002053783959
0.9519,0.9964413022849069,0.9476719936435437
0.95195,0.9962517753734119,0.9839862628334681
0.952,0.996057350657239,0.996057350657239
0.95205,0.9958580300552816,0.9835973651737382
0.9521,0.9956538155347534,0.9469230492386134
0.95215,0.9954447091111691,0.886947730286815
0.9522,0.9952307128483253,0.8051585600183544
0.95225,0.9950118288582785,0.7035796115466412
0.9523,0.9947880593013253,0.5847217504140244
0.95235,0.9945594063859807,0.451520521926207
0.9524,0.9943258723689569,0.3072635925089944
0.95245,0.9940874595551401,0.15550953993890784
0.9525,0.9938441702975688,9.297906025140813e-14
0.95255,0.9935960069974095,-0.15543265982031662
0.9526,0.993342972103934,-0.30695985962272
0.95265,0.9930850681144945,-0.45085118635698135
0.9527,0.992822297574499,-0.5835663046613246
0.95275,0.9925546630773869,-0.7018421329600223
0.9528,0.9922821672646027,-0.8027731365320587
0.95285,0.99200481282557,-0.8838827602537306
0.9529,0.9917226024976651,-0.9431842434624095
0.95295,0.9914355390661898,-0.9792293223872547
0.953,0.9911436253643446,-0.9911436253643446
0.95305,0.9908468642731997,-0.9786478951579349
0.9531,0.9905452587216673,-0.9420645229927012
0.95315,0.9902388116864719,-0.8823092417172104
0.9532,0.9899275261921231,-0.8008681918889513
0.95325,0.9896114053108827,-0.6997609354350844
0.9533,0.9892904521627357,-0.5814903380151629
0.95335,0.9889646699153607,-0.44898056471970604
0.9534,0.9886340617840965,-0.30550472630962466
0.95345,0.9882986310319122,-0.1546039676457874
0.9535,0.9879583809693736,-2.1539706931733195e-13
0.95355,0.9876133149546116,0.15449676059142586
0.9536,0.9872634363932885,0.3050811797701062
0.95365,0.9869087487385644,0.44804719603684356
0.9537,0.9865492554910633,0.5798791030375723
0.95375,0.9861849601988384,0.6973380728606896
0.9538,0.9858158664573371,0.7975417892881697
0.95385,0.9854419779093657,0.8780352315261665
0.9539,0.9850632982450531,0.9368508687590725
0.95395,0.9846798312018149,0.9725567884971261
0.954,0.9842915805643158,0.9842915805643158
0.95405,0.9838985501644331,0.9717851263259323
0.9541,0.9835007438812179,0.9353647912494522
0.95415,0.983098165640857,0.875946879503703
0.9542,0.9826908194166364,0.7950135731243464
0.95425,0.9822787092288987,0.6945759363109025
0.9543,0.9818618391450045,0.5771239088384503
0.95435,0.9814402132792934,0.4455645328913376
0.9544,0.9810138357930427,0.3031499469771
0.95445,0.9805827108944258,0.15339693180690467
0.9545,0.9801468428384714,3.3569035065333915e-13
0.95455,0.9797062359270212,-0.15325982091359436
0.9546,0.9792608945086878,-0.30260825832987837
0.95465,0.9788108229788111,-0.44437081467421335
0.9547,0.9783560257794153,-0.5750632434443241
0.95475,0.9778965073991652,-0.6914772516804109
0.9548,0.9774322723733215,-0.790759319200452
0.95485,0.976963325283697,-0.870480696720315
0.9549,0.9764896707586097,-0.9286968644697664
0.95495,0.9760113134728385,-0.9639949946060251
0.955,0.975528258147577,-0.975528258147577
0.95505,0.9750405095503862,-0.9630361428909385
0.9551,0.9745480724951477,-0.9268502947895176
0.95515,0.9740509518420154,-0.8678857529832624
0.9552,0.9735491524973716,-0.7876178092298166
0.95525,0.9730426794137721,-0.6880450769974712
0.9553,0.972531537589902,-0.5716396951846574
0.95535,0.9720157320705245,-0.44128590795768863
0.9554,0.9714952679464319,-0.30020854775050043
0.95545,0.970970150354395,-0.1518931960408371
0.9555,0.9704403844771124,-4.5315422079573055e-13
0.95555,0.9699059755431596,0.15172672242307303
0.9556,0.9693669288269369,0.2995508547923413
0.95565,0.9688232496486178,0.4398365512671429
0.9557,0.9682749433740961,0.569137731879238
0.95575,0.9677220154149337,0.6842827994031493
0.9558,0.9671644712283062,0.7824524935792022
0.95585,0.9666023163169495,0.8612489701339161
0.9559,0.9660355562291056,0.9187544107243499
0.95595,0.9654641965584683,0.9535777302027896
0.956,0.9648882429441261,0.9648882429441261
0.95605,0.9643077010705092,0.9524354730935413
0.9561,0.9637225766673312,0.9165546364403824
0.95615,0.9631328755095325,0.8581576757392876
0.9562,0.9625386034172283,0.7787100879066503
0.95625,0.9619397662556428,0.6801941318125166
0.9563,0.961336369935057,0.5650593407402946
0.95635,0.9607284204107487,0.4361615756962649
0.9564,0.9601159236829349,0.29669213698834795
0.95645,0.9594988857967103,0.15009869490653732
0.9565,0.9588773128419903,1.3105684995666523e-13
0.95655,0.9582512109534487,-0.14990351555919812
0.9566,0.9576205863104587,-0.29592103533288994
0.95665,0.9569854451370305,-0.4344623004810037
0.9567,0.9563457937017514,-0.5621259536297044
0.95675,0.9557016383177228,-0.6757831092452111
0.9568,0.955052985342498,-0.7726540956703832
0.95685,0.9543998411780202,-0.8503764851738308
0.9569,0.9537422122705588,-0.9070627458456155
0.95695,0.9530801051106452,-0.9413461074708931
0.957,0.9524135262330102,-0.9524135262330102
0.95705,0.9517424822165179,-0.9400249529343775
0.9571,0.951066979684102,-0.9045184484619114
0.95715,0.9503870253026998,-0.846801040048922
0.9572,0.9497026257831848,-0.7683255638611056
0.95725,0.9490137878803072,-0.6710540848499277
0.9573,0.9483205183926173,-0.5574088151577147
0.95735,0.9476228241624054,-0.43021175950619983
0.9574,0.9469207120756313,-0.2926145923570158
0.95745,0.9462141890618585,-0.14802051047971218
0.9575,0.9455032620941837,-2.4691329338079375e-13
0.95755,0.9447879381891686,0.1477973956869419
0.9576,0.9440682244067722,0.29173312519062433
0.95765,0.9433441278502781,0.42826927202878395
0.9577,0.9426156556662277,0.5540555809803905
0.95775,0.9418828150443468,0.6660117256008133
0.9578,0.9411456132174768,0.7614027952740791
0.95785,0.940404057461502,0.8379061505712325
0.9579,0.9396581550952785,0.8936680114931564
0.95795,0.9389079134805612,0.9273483990372288
0.958,0.9381533400219324,0.9381533400219324
0.95805,0.9373944421667271,0.9258535610668245
0.9581,0.9366312274049609,0.890789232189113
0.95815,0.9358637032692553,0.8338606653642835
0.9582,0.935091877334762,0.7565052200658626
0.95825,0.9343157572190949,0.6606610076990749
0.9583,0.9335353505822443,0.5487183115661992
0.95835,0.9327506651265088,0.4234599405933889
0.9584,0.9319617085964171,0.28799200606313463
0.95845,0.9311684887786515,0.14566684440444383
0.9585,0.9303710135019714,3.5876248631820185e-13
0.95855,0.929569290637136,-0.1454166746983919
0.9586,0.9287633280968259,-0.28700365213400353
0.95865,0.9279531338355664,-0.4212819069644591
0.9587,0.9271387158496476,-0.5449584640054967
0.95875,0.9263200821770461,-0.6550072116564708
0.9588,0.9254972408973461,-0.7487429961329711
0.95885,0.9246702001316585,-0.8238871810396436
0.9589,0.9238389680425421,-0.8786230705641255
0.95895,0.9230035528339215,-0.9116398474619052
0.959,0.9221639627510081,-0.9221639627510081
0.95905,0.9213202060802168,-0.9099772255002215
0.9591,0.9204722911490854,-0.8754211705665984
0.95915,0.9196202263261917,-0.8193876214323674
0.9592,0.91876402002107,-0.7432957060174227
0.95925,0.9179036806841343,-0.6490559170879323
0.9593,0.9170392168065846,-0.5390221274127729
0.95935,0.916170636920331,-0.4159327653024683
0.9594,0.9152979495979057,-0.2828426213425322
0.95945,0.9144211634523804,-0.14304698552628567
0.9595,0.9135402871372804,-5.0548350090577215e-14
0.95955,0.9126553293464995,0.14277074821207245
0.9596,0.9117662988142134,0.2817512812316825
0.95965,0.9108732043147951,0.4135277812260838
0.9597,0.909976054662726,0.5348705048696459
0.95975,0.9090748587125118,0.6428129972015449
0.9598,0.908169625358592,0.7347246606900593
0.95985,0.907260363535255,0.808374903047335
0.9599,0.9063470822165474,0.8619872985669899
0.95995,0.9054297904161873,0.8942824472215033
0.96,0.9045084971874744,0.9045084971874744
0.96005,0.9035832116232008,0.8924586028777779
0.9601,0.9026539428555618,0.8584749143124584
0.96015,0.9017207000560645,0.8034390267458512
0.9602,0.9007834924354373,0.7287491536326407
0.96025,0.8998423292435443,0.6362846130069751
0.9603,0.8988972197692846,0.5283585291072043
0.96035,0.897948173340507,0.4076599399551079
0.9604,0.896995199323917,0.27718676046417046
0.96045,0.8960383071249829,0.140171273230905
0.9605,0.8950775061878449,1.6093476951940752e-13
0.96055,0.8941128059952197,-0.13987005849141804
0.9606,0.8931442160683092,-0.27599674119244105
0.96065,0.8921717459667049,-0.4050374968046802
0.9607,0.891195405288294,-0.5238315161391252
0.96075,0.8902152036691648,-0.6294772072294825
0.9608,0.8892311507835118,-0.71940311291122
0.96085,0.8882432563435396,-0.7914305364682788
0.9609,0.8872515300993673,-0.8438263492937859
0.96095,0.8862559818389326,-0.8753447000449299
0.961,0.8852566213878952,-0.8852566213878952
0.96105,0.884253458609539,-0.873366831199617
0.9611,0.8832465034046757,-0.8400173425579959
0.96115,0.8822357657115467,-0.7860778231215495
0.9612,0.8812212555057228,-0.712922971508578
0.96125,0.8802029828000144,-0.622397497958474
0.9613,0.8791809576443599,-0.516769600999927
0.96135,0.8781551901257351,-0.3986741136141937
0.9614,0.8771256903680512,-0.27104674452663974
0.96145,0.876092468532055,-0.1370510566409436
0.9615,0.8750555348152291,-2.662507480666101e-13
0.96155,0.8740148994516909,0.13672605323274656
0.9616,0.8729705727120908,0.2697627425571926
0.96165,0.8719225649035123,0.39584456097439374
0.9617,0.8708708863693696,0.5118850636585577
0.96175,0.8698155474893048,0.6150524720110405
0.9618,0.8687565586790872,0.7028388199457872
0.96185,0.8676939303905082,0.7731209529764085
0.9619,0.8666276731112803,0.8242118957140946
0.96195,0.8655577973649327,0.8549013445685194
0.962,0.8644843137107064,0.8644843137107064
0.96205,0.8634072327434521,0.8527772569662858
0.9621,0.8623265650935241,0.820121298906714
0.96215,0.861242321426676,0.7673725272984099
0.9622,0.8601545124439522,0.6958796183555375
0.96225,0.8590631488815932,0.6074493780416775
0.9623,0.8579682415109144,0.504301079295387
0.96235,0.8568698011382098,0.38901074923068824
0.9624,0.8557678386046419,0.2644468053685053
0.96245,0.8546623647861362,0.1336986498254066
0.9625,0.8535533905932733,3.6594795797068547e-13
0.96255,0.8524409269711803,-0.13335114038886461
0.9626,0.8513249848994242,-0.26307388806974447
0.96265,0.8502055753919029,-0.38598525405343836
0.9627,0.8490827094967363,-0.49907829461840414
0.96275,0.8479563982961571,-0.5995957193855261
0.9628,0.8468266529064026,-0.6850971534908158
0.96285,0.8456934844776035,-0.7535184121329139
0.9629,0.8445569041936746,-0.803221347115331
0.96295,0.8434169232722047,-0.8330330613765315
0.963,0.842273552964345,-0.842273552964345
0.96305,0.8411268045546989,-0.8307711378208016
0.9631,0.8399766893612106,-0.79886530395314
0.96315,0.8388232187350522,-0.7473969605337687
0.9632,0.8376664040605133,-0.6776863565020488
0.96325,0.8365062567548854,-0.5914992466564618
0.9633,0.8353427882683588,-0.49100217155306497
0.96335,0.8341760100838954,-0.37870798368870373
0.9634,0.833005933717125,-0.2574129899340109
0.96345,0.8318325707162284,-0.13012728320320238
0.9635,0.8306559326618254,-8.178205862249809e-14
0.96355,0.829476031166858,0.12975863919891611
0.9636,0.8282928778764778,0.25595657558329804
0.96365,0.8271064844679303,0.37549848622124526
0.9637,0.8259168626504393,0.4854617514855139
0.96375,0.8247240241650917,0.58316795009432
0.9638,0.8235279807847224,0.6662481317979498
0.96385,0.8223287443137959,0.7327002762111249
0.9639,0.8211263265882927,0.7809375436031452
0.96395,0.8199207394755896,0.8098261545921198
0.964,0.8187119948743455,0.8187119948743455
0.96405,0.8175001047143811,0.8074353218617343
0.9641,0.8162850809565633,0.7763332453984149
0.96415,0.8150669355926856,0.7262299572634957
0.9642,0.8138456806453513,0.658414986440933
0.96425,0.8126213281678513,0.574610051684482
0.9643,0.811393890244055,0.4769253624858031
0.96435,0.810163378988277,0.36780647729763305
0.9644,0.8089298065451662,0.24997305747888193
0.96445,0.807693185089585,0.12635105132639296
0.9645,0.8064535268264874,1.7977642448055307e-13
0.96455,0.8052108439908008,-0.12596272762420188
0.9646,0.8039651488473022,-0.2484388938786467
0.96465,0.8027164536905005,-0.364425643959853
0.9647,0.8014647708445122,-0.47108917253421007
0.96475,0.800210112662942,-0.565833997037938
0.9648,0.7989524915287596,-0.6463661433447437
0.96485,0.7976919198541778,-0.7107487048822794
0.9649,0.7964284100805299,-0.7574484291696096
0.96495,0.7951619746781479,-0.7853722112741922
0.965,0.7938926261462372,-0.7938926261462372
0.96505,0.792620377012756,-0.7828619048936716
0.9651,0.7913452398342891,-0.7526140469836246
0.96515,0.7900672271959258,-0.7039550539792148
0.9652,0.7887863517111351,-0.6381415634655718
0.96525,0.7875026260216378,-0.5568484470621
0.9653,0.7862160627972941,-0.4621262068279075
0.96535,0.7849266747359608,-0.3563492533224299
0.9654,0.7836344745633772,-0.24215637001824616
0.96545,0.7823394750330376,-0.12238485725664837
0.9655,0.7810416889260646,-2.7132582296089753e-13
0.96555,0.779741129051083,0.121978386392787
0.9656,0.7784378082440937,0.24055051181131343
0.96565,0.7771317393683468,0.3528104267189668
0.9657,0.775822935314215,0.4560172797677192
0.96575,0.7745114089990659,0.5476622694094421
0.9658,0.7731971733671347,0.6255296532566129
0.96585,0.7718802413893965,0.6877503309698677
0.9659,0.7705606260634382,0.7328467046180115
0.96595,0.7692383404133307,0.7597677399649654
0.966,0.7679133974894989,0.7679133974894989
0.96605,0.7665858103685951,0.7571478669668001
0.9661,0.7652555921533681,0.727801317548867
0.96615,0.7639227559725343,0.6806601595475956
0.9662,0.7625873149806492,0.6169460975144029
0.96625,0.7612492823579728,0.5382845297287692
0.9663,0.7599086713103534,0.44666311008538934
0.96635,0.7585654950690774,0.34438152819181667
0.9664,0.7572197668907521,0.23399377644604566
0.96645,0.7558715000571714,0.11824435375069345
0.9665,0.7545207078751849,1.2909678255695822e-14
0.96655,0.7531674036765656,-0.11782133987961209
0.9666,0.7518116008178799,-0.23232256122077533
0.96665,0.7504533126803546,-0.34069867445485263
0.9667,0.7490925526697452,-0.4403055550610978
0.96675,0.7477293342162038,-0.5287244827161742
0.9668,0.7463636707741459,-0.6038208936402287
0.96685,0.7449955758221185,-0.6637959185489185
0.9669,0.7436250628626666,-0.7072294617158124
0.96695,0.7422521454221995,-0.733113789815185
0.967,0.7408768370508583,-0.7408768370508583
0.96705,0.7394991513223814,-0.7303946896411386
0.9671,0.7381191018339706,-0.7019929816012485
0.96715,0.7367367022061574,-0.6564372082748557
0.9672,0.7353519660826675,-0.5949122374080512
0.96725,0.7339649071302851,-0.5189915629848955
0.9673,0.7325755390387279,-0.4305970980372423
0.96735,0.7311838755204946,-0.3319505330490539
0.9674,0.7297899303107427,-0.22551749078997546
0.96745,0.7283937171671488,-0.11394588148388732
0.9675,0.7269952498697726,-1.0292596405228223e-13
0.96755,0.7255945422209218,0.11350799404841666
0.9676,0.7241916080450157,0.22378751406936806
0.96765,0.7227864611884478,0.32813818671974554
0.9677,0.7213791155194507,0.4240160054140243
0.96775,0.7199695849279574,0.509095375750361
0.9678,0.7185578833254666,0.5813255390522215
0.96785,0.7171440246449025,0.6389800047412145
0.9679,0.71572802284048,0.6806978000174427
0.96795,0.7143098918875648,0.7055155517890609
0.968,0.712889645782537,0.712889645782537
0.96805,0.7114672985426526,0.702707955485334
0.9681,0.7100428642059041,0.6752908928519474
0.96815,0.7086163568308838,0.6313817970830913
0.9682,0.7071877904966435,0.5721269407264441
0.96825,0.7057571793025528,0.49904568735609917
0.9683,0.704324537368173,0.4139915758928684
0.96835,0.7028898788330986,0.3191053273533917
0.9684,0.7014532178568301,0.21676096507677034
0.96845,0.7000145686186314,0.10950640456248183
0.9685,0.6985739453173894,1.8585186788393375e-13
0.96855,0.6971313621714748,-0.10905537170395291
0.9686,0.6956868334186007,-0.2149790542892069
0.96865,0.6942403733156828,-0.3151785340207099
0.9687,0.692791996138698,-0.40721291823642763
0.96875,0.6913417161825448,-0.48885241562973325
0.9688,0.6898895477609007,-0.5581323683800005
0.96885,0.6884355052060815,-0.6134005266214014
0.9689,0.6869796028689006,-0.6533564278702576
0.96895,0.685521855118526,-0.6770819435236951
0.969,0.6840622763423397,-0.6840622763423397
0.96905,0.6826008809457947,-0.674196931390179
0.9691,0.6811376833522739,-0.6478004322464368
0.96915,0.6796726980029466,-0.6055928082334077
0.9692,0.6782059393566268,-0.5486801306257675
0.96925,0.67673742188963,-0.47852562010108535
0.9693,0.6752671600956279,-0.3969120780618302
0.96935,0.6737951684855172,-0.30589660526298706
0.9694,0.6723214615872574,-0.20775875731356228
0.96945,0.6708460539457405,-0.10494344357338041
0.9695,0.6693689601226447,-2.613966807057697e-13
0.96955,0.6678901946962896,0.10448104531274299
0.9696,0.6664097722614927,0.20593194484622837
0.96965,0.664927707429426,0.3018708621865159
0.9697,0.663444014827471,0.38996260763707336
0.96975,0.6619587090990746,0.46807549206930466
0.9698,0.6604718049036048,0.5343329144724331
0.96985,0.6589833169162057,0.5871584347034663
0.9699,0.6574932598276528,0.6253132491791423
0.96995,0.656001648344208,0.6479251794807318
0.97,0.6545084971874744,0.6545084971874744
0.97005,0.6530138210942513,0.6449741373423298
0.9701,0.651517634816388,0.6196300920734257
0.97015,0.6500199531206394,0.5791720190832124
0.9702,0.6485207907885188,0.5246643409534869
0.97025,0.6470201626161535,0.4575123445505782
0.9703,0.6455180834141343,0.37942600951894906
0.97035,0.6440145680073831,0.29237649556943973
0.9704,0.6425096312349867,0.19854639510135957
0.97045,0.6410032879500636,0.10027500643960342
0.9705,0.6394955530196137,3.8518221591033657e-14
0.97055,0.6379864413243721,-0.09980306765124199
0.9706,0.636475967758662,-0.19668189054848606
0.97065,0.6349641472302477,-0.2882676905176464
0.9707,0.6334509946601876,-0.3723331527112128
0.97075,0.6319365249826863,-0.4468466020945263
0.9708,0.6304207531449484,-0.5100211029007964
0.97085,0.6289036941070301,-0.5603572945354672
0.9709,0.6273853628416914,-0.5966789375586804
0.97095,0.6258657743342491,-0.6181603280874406
0.971,0.6243449435824281,-0.6243449435824281
0.97105,0.622822885596214,-0.6151549023592235
0.9711,0.6212996153977048,-0.5908910477957732
0.97115,0.6197751480209621,-0.5522237004166244
0.9712,0.6182494985118637,-0.5001743510600227
0.97125,0.6167226819279543,-0.4360887905029273
0.9713,0.6151947133382936,-0.3616023797886241
0.97135,0.6136656078233217,-0.2785983559687112
0.9714,0.6121353804746892,-0.18916023542508598
0.97145,0.6106040463951223,-0.09551951734939748
0.9715,0.6090716206982703,-1.124953088304976e-13
0.97155,0.6075381185085558,0.09503990056038797
0.9716,0.6060035549610266,0.18726539713434504
0.97165,0.6044679452012054,0.27442270451826145
0.9717,0.6029313043849402,0.3543941288628298
0.97175,0.6013936476782561,0.42524952643576486
0.9718,0.5998549902572036,0.4852928812785377
0.97185,0.5983153473077103,0.5331028779731062
0.9719,0.5967747340254305,0.5675664995551495
0.97195,0.5952331656155955,0.5879048576140041
0.972,0.5936906572928631,0.5936906572928631
0.97205,0.5921472242811676,0.5848569093383174
0.9721,0.5906028818135696,0.5616967192915391
0.97215,0.5890576451321062,0.5248542049359053
0.9722,0.5875115294876394,0.4753068117468907
0.97225,0.5859645501397064,0.41433950693887345
0.9723,0.5844167223563652,0.3435115305943107
0.97235,0.5828680614140583,0.26461656248368104
0.9724,0.5813185825974405,0.17963732116860404
0.97245,0.5797683011992419,0.09069574404562543
0.9725,0.5782172325201144,1.7876573513760384e-13
0.97255,0.5766653918684795,-0.09021034208404581
0.9726,0.5751127945603779,-0.17771962720157305
0.97265,0.573559455919318,-0.2603905440229281
0.9727,0.5720053912761257,-0.3362163332237378
0.97275,0.5704506159687911,-0.4033694988834838
0.9728,0.568895145342319,-0.46024584059930196
0.97285,0.5673389947485764,-0.5055027457473316
0.9729,0.5657821795461415,-0.5380908286609697
0.97295,0.5642247151001519,-0.5572781725800112
0.973,0.5626666167821528,-0.5626666167821528
0.97305,0.5611078999699455,-0.5541997306161811
0.9731,0.5595485800474359,-0.5321623232378807
0.97315,0.5579886724044819,-0.49717154753566933
0.9732,0.5564281924367422,-0.45015986383086204
0.97325,0.5548671555455241,-0.39235032834413347
0.9733,0.5533055771376282,-0.3252248582526527
0.97335,0.5517434726252097,-0.2504862948653
0.9734,0.550180857425606,-0.17001523492439363
0.97345,0.5486177469611984,-0.08582272375749861
0.9735,0.547054156659256,-2.372215701768408e-13
0.97355,0.545490101951784,0.0853334522833926
0.9736,0.5439255982753708,0.168082253542537
0.97365,0.5423606610710362,0.24622658755865692
0.9737,0.5407953057840784,0.3178715052486791
0.97375,0.5392295478639223,0.38129286991060163
0.9738,0.5376634027639663,0.43497883008943383
0.97385,0.5360968859414305,0.4776658229708487
0.9739,0.5345300128572033,0.5083682518830955
0.97395,0.5329627989756895,0.5264011425192074
0.974,0.5313952597646573,0.5313952597646573
0.97405,0.5298274106950861,0.5233043560712991
0.9741,0.5282592672410132,0.5024044184029516
0.97415,0.5266908448793814,0.46928497901790833
0.9742,0.525122159089886,0.4248327508266731
0.97425,0.5235532253548228,0.3702080359607211
0.9743,0.5219840591589308,0.30681453190541447
0.97435,0.5204146759892534,0.236263318824142
0.9744,0.5188450913349658,0.1603319506706833
0.97445,0.5172753206872349,0.08091968807032918
0.9745,0.5157053795390631,5.3300533030014267e-14
0.97455,0.5141352833851356,-0.08042847801443234
0.9746,0.5125650477216679,-0.15839131046843402
0.97465,0.5109946880462519,-0.2319867337902644
0.9747,0.5094242198577037,-0.29943204359290376
0.97475,0.50785365865591,-0.3591067658858214
0.9748,0.5062830199416762,-0.40959156709617695
0.97485,0.5047123192165721,-0.4497019692601482
0.9749,0.5031415719827798,-0.47851607065318597
0.97495,0.5015707937429402,-0.49539562496291145
0.975,0.5000000000000007,-0.5000000000000007
0.97505,0.49842920625706105,-0.49229271563221055
0.9751,0.4968584280172216,-0.47254044564204223
0.97515,0.49528768078342916,-0.44130455492827925
0.9752,0.49371698005832504,-0.3994254272787832
0.97525,0.49214634134409124,-0.34800001530066427
0.9753,0.49057578014229747,-0.28835320869977815
0.97535,0.48900531195374575,-0.2220037659492156
0.9754,0.4874349522783298,-0.15062568390633985
0.97545,0.48586471661486214,-0.07600598702573022
0.9755,0.4842946204609347,-1.103329992718091e-13
0.97555,0.4827246793127629,0.07551477696995168
0.9756,0.48115490866503197,0.14868504370420654
0.97565,0.47958532401074444,0.21772718091523643
0.9757,0.47801594084106713,0.2809707203869928
0.97575,0.47644677464517843,0.3368987452260156
0.9758,0.4748778409101152,0.3841842435482284
0.97585,0.47330915512061994,0.4217215451704739
0.9759,0.4717407327589879,0.44865209789224564
0.97595,0.470172589304915,0.4643839845238782
0.976,0.46860474023534393,0.46860474023534393
0.97605,0.4670372010243118,0.4612871980759302
0.9761,0.46546998714279797,0.44268826441202286
0.97615,0.4639031140585708,0.413340701217624
0.9762,0.46233659723603493,0.374038164285585
0.97625,0.4607704521360789,0.3258139112759546
0.9763,0.45920469421592286,0.26991374704371585
0.97635,0.4576393389289617,0.20776391218092483
0.9764,0.456074401724627,0.14093474083234533
0.97645,0.4545098980482136,0.07110101275666442
0.9765,0.4529458433407416,1.5956806734914062e-13
0.97655,0.45138225303879936,-0.07061174128266956
0.9766,0.44981914257439176,-0.13900175945059573
0.97665,0.44825652737478805,-0.20350420487438192
0.9767,0.44669442286236954,-0.26256039403966225
0.97675,0.4451328444544771,-0.31475645284253256
0.9768,0.443571807563259,-0.35885713054424806
0.97685,0.44201132759551937,-0.3938349766526675
0.9769,0.44045141995256537,-0.41889419305728576
0.97695,0.43889210003005574,-0.4334886099789807
0.977,0.4373333832178484,-0.4373333832178484
0.97705,0.43577528489984935,-0.43041016801514204
0.9771,0.4342178204538597,-0.41296568763417957
0.97715,0.43266100525142487,-0.38550377844098
0.9772,0.4311048546576821,-0.3487711537757755
0.97725,0.42954938403121,-0.303737282303143
0.9773,0.4279946087238755,-0.25156891906873796
0.97735,0.42644054408067966,-0.19359995571652286
0.9774,0.42488720543961994,-0.13129736717341792
0.97745,0.42333460813151835,-0.06622412295612397
0.9775,0.4217827674798834,-9.28326934521011e-15
0.97755,0.42023169880075595,0.06573872099469041
0.9776,0.4186814174025574,0.12937967320627683
0.97765,0.41713193858593955,0.18937393725589927
0.9777,0.4155832776436327,0.24427372169827977
0.97775,0.41403544986029484,0.29276727424772186
0.9778,0.41248847051236176,0.33371018262816055
0.97785,0.41094235486789493,0.36615231925259245
0.9779,0.40939711818643154,0.38935979700359624
0.97795,0.4078527757188336,0.4028314312568289
0.978,0.4063093427071382,0.4063093427071382
0.97805,0.40476683438440575,0.39978348298109356
0.9781,0.40322526597457076,0.3834900167400307
0.97815,0.401684652692291,0.35790364621525084
0.9782,0.4001450097427977,0.32372411309633137
0.97825,0.3986063523217452,0.2818572547509329
0.9783,0.397068695615061,0.23339112342972698
0.97835,0.3955320547987924,0.17956779522111854
0.9784,0.39399644503897113,0.12175159724049243
0.97845,0.39246188149144196,0.061394564479894644
0.9785,0.39092837930172747,5.726203259001987e-14
0.97855,0.3893959536048754,-0.06091494769099424
0.9786,0.38786461952530854,-0.11985675894995089
0.97865,0.38633439217667614,-0.17539214377076728
0.9787,0.38480528666170416,-0.22618287250387387
0.97875,0.38327731807204696,-0.27101799068372034
0.9788,0.3817505014881375,-0.30884264331496963
0.97885,0.38022485197903916,-0.33878282377182795
0.9789,0.37870038460229644,-0.3601654684994719
0.97895,0.3771771144037872,-0.37253343823590696
0.979,0.37565505641757313,-0.37565505641757313
0.97905,0.3741342256657522,-0.36952801250767287
0.9791,0.37261463715830967,-0.35437757873639014
0.97915,0.37109630589297105,-0.33064922965293525
0.9792,0.36957924685505267,-0.2989958914741316
0.97925,0.3680634750173149,-0.2602601790919208
0.9793,0.36654900533981366,-0.21545209958142528
0.97935,0.36503585276975015,-0.16572280922183558
0.9794,0.3635240322413359,-0.11233510382628986
0.97945,0.3620135586756258,-0.05663139738886706
0.9795,0.3605044469803842,-9.767669184465584e-14
0.97955,0.35899671204993433,0.05615945860067531
0.9796,0.35749036876501117,0.1104705992737363
0.97965,0.3559854319926146,0.16161400417019764
0.9797,0.3544819165858635,0.20835924277345633
0.97975,0.35297983738384764,0.24959443663619646
0.9798,0.35147920921148235,0.2843526534215401
0.97985,0.3499800468793618,0.31183450510519417
0.9799,0.3484823651836131,0.33142642422178803
0.97995,0.34698617890574995,0.3427142032528562
0.98,0.34549150281252683,0.34549150281252683
0.98005,0.3439983516557932,0.3397631611143974
0.9801,0.3425067401723484,0.3257432671159596
0.98015,0.3410166830837955,0.3038480894847757
0.9802,0.3395281950963963,0.2746840799025541
0.98025,0.3380412909009266,0.23903128911721383
0.9803,0.33655598517253027,0.19782264465527843
0.98035,0.3350722925705719,0.15211963755306812
0.9804,0.3335902277385052,0.10308504952865645
0.98045,0.33210980530370826,0.05195341972731662
0.9805,0.3306310398773531,1.3073545718696497e-13
0.98055,0.32915394605425735,-0.05149102146678514
0.9806,0.32767853841274064,-0.10125823706142462
0.98065,0.32620483151448076,-0.14809389447669258
0.9807,0.32473283990436996,-0.19087317423073097
0.98075,0.323262578110371,-0.22858116108561782
0.9808,0.32179406064337446,-0.2603368637493735
0.98085,0.3203273019970546,-0.285413715955019
0.9809,0.31886231664772735,-0.3032560840487459
0.98095,0.31739911905420637,-0.3134914092049909
0.981,0.3159377236576615,-0.3159377236576615
0.98105,0.3144781448814751,-0.3106063970714498
0.9811,0.3130203971311005,-0.29770008842487544
0.98115,0.31156449479391957,-0.27760599756688636
0.9812,0.31011045223910055,-0.25088462599477934
0.98125,0.3086582838174563,-0.21825436555685682
0.9813,0.3072080038613031,-0.18057233405600612
0.98135,0.30575962668431855,-0.1388119657186966
0.9814,0.3043131665813973,-0.09403794008578714
0.98145,0.30286863782852325,-0.0473790933362201
0.9815,0.3014260546826085,-1.9632488218455364e-14
0.98155,0.2999854313813666,0.04692806047788477
0.9816,0.29854678214316777,0.09225602929810735
0.98165,0.2971101211668993,0.13488517238618564
0.9817,0.295675462631825,0.17379367639971943
0.98175,0.29424282069744523,0.20806109383052995
0.9818,0.2928122095033577,0.23689005364863705
0.98185,0.2913836431691173,0.25962472710542944
0.9819,0.289957135794097,0.27576562344324435
0.98195,0.28853270145734866,0.2849803851098201
0.982,0.2871103542174641,0.2871103542174641
0.98205,0.28569010811243645,0.2821727888060289
0.9821,0.2842719771595212,0.2703587162777219
0.98215,0.28285597535509854,0.25202651944711957
0.9822,0.28144211667453456,0.22769145532261803
0.98225,0.2800304150720436,0.19801140543597953
0.9823,0.27862088448055056,0.16376924687849206
0.98235,0.27721353881155336,0.12585231301975183
0.9824,0.2758083919549824,0.08522948030530292
0.98245,0.2744054577790762,0.042926470991869956
0.9825,0.2730047501302255,5.1761554499672824e-14
0.98255,0.27160628283284927,-0.042488583556500384
0.9826,0.2702100696892552,-0.08349950358510837
0.98265,0.26881612447950337,-0.12203996669042083
0.9827,0.26742446096127026,-0.15718815425525245
0.98275,0.26603509286971294,-0.18811521820174681
0.9828,0.26464803391733355,-0.21410475696696965
0.98285,0.26326329779384383,-0.23456931591361854
0.9829,0.26188089816603055,-0.24906353469401152
0.98295,0.2605008486776197,-0.2572936509540179
0.983,0.2591231629491427,-0.2591231629491427
0.98305,0.2577478545778016,-0.2545745507799207
0.9831,0.25637493713733456,-0.24382705457924334
0.98315,0.2550044241778825,-0.22721060563946208
0.9832,0.2536363292258552,-0.20519610073467118
0.98325,0.2522706657837974,-0.17838229847023906
0.9833,0.25090744733025583,-0.14747969723113352
0.98335,0.24954668731964647,-0.11329182528473623
0.9834,0.2481883991821181,-0.07669443315400533
0.98345,0.24683259632343246,-0.038613125160339316
0.9835,0.24547929212481318,-7.709692230249879e-14
0.98355,0.24412849994282654,0.03819011128958028
0.9836,0.24278023310924596,0.07502321792904539
0.98365,0.24143450493092072,0.10960897154786274
0.9837,0.24009132868964467,0.14112214220701205
0.98375,0.23875071764202516,0.1688222514577916
0.9838,0.23741268501935192,0.19207089686082487
0.98385,0.23607724402746677,0.21034636464083176
0.9839,0.23474440784663303,0.22325519874636113
0.98395,0.23341418963140592,0.23054047362839275
0.984,0.232086602510502,0.232086602510502
0.98405,0.2307616595866704,0.22792060063015646
0.9841,0.22943937393656272,0.21820981167707595
0.98415,0.22811975861060452,0.20325619321835336
0.9842,0.22680282663286638,0.18348734111834764
0.98425,0.22548859100093516,0.15944451177704427
0.9843,0.22417706468578608,0.13176797252459585
0.98435,0.22286826063165427,0.10118007302030908
0.9844,0.22156219175590458,0.06846648256357726
0.98445,0.22025887094891522,0.03445607864727865
0.9845,0.2189583110739336,-3.5499709349225865e-15
0.98455,0.21766052496696048,-0.034049607783511106
0.9846,0.21636552543662096,-0.06686062435673483
0.98465,0.21507332526403744,-0.09764124641724418
0.9847,0.21378393720270406,-0.12565904546468948
0.98475,0.21249737397836033,-0.15025833412437892
0.9848,0.2112136482888659,-0.1708754309095947
0.98485,0.20993277280407519,-0.1870514702093719
0.9849,0.208654760165712,-0.19844246931157133
0.98495,0.2073796229872451,-0.20482643570150505
0.985,0.20610737385376376,-0.20610737385376376
0.98505,0.2048380253218532,-0.2023161293209313
0.9851,0.20357158991947094,-0.19360808712550992
0.98515,0.20230808014582324,-0.180257819305989
0.9852,0.20104750847124142,-0.16265085103001076
0.98525,0.199789887337059,-0.14127278414862196
0.9853,0.19853522915548877,-0.11669607975818937
0.98535,0.19728354630950057,-0.08956485577951588
0.9854,0.19603485115269592,-0.06057810049600654
0.98545,0.19478915600919755,-0.03047173741597839
0.9855,0.19354647317351065,-2.095226587643056e-14
0.98555,0.19230681491041335,0.030083413714101056
0.9856,0.191070193454832,0.059043936895988684
0.98565,0.18983662101172127,0.0861840224419376
0.9857,0.18860610975594322,0.11085988980677865
0.98575,0.18737867183214696,0.1324967295021762
0.9858,0.1861543193546495,0.1506020079341718
0.98585,0.18493306440731527,0.16477656692504325
0.9859,0.18371491904343779,0.17472327089688913
0.98595,0.18249989528561983,0.18025301873342583
0.986,0.18128800512565546,0.18128800512565546
0.98605,0.18007926052441114,0.17786218600296333
0.9861,0.17887367341170834,0.1701189726918665
0.98615,0.17767125568620495,0.15830624797719103
0.9862,0.17647201921527866,0.14276886257686658
0.98625,0.17527597583490906,0.12393883109199272
0.9863,0.1740831373495617,0.1023235008069707
0.98635,0.17289351553207066,0.07849201351821737
0.9864,0.17170712212352046,0.053060418791381174
0.98645,0.17052396883314036,0.026675825841006612
0.9865,0.16934406733817298,3.9410071007866615e-14
0.98655,0.16816742928376988,-0.02630718183717659
0.9866,0.1669940662828734,-0.05160400444118146
0.98665,0.1658239899161028,-0.07528251605076314
0.9867,0.16465721173163944,-0.09678308073942254
0.98675,0.16349374324511295,-0.1156075345301743
0.9868,0.16233359593948749,-0.13133063787299387
0.98685,0.16117678126494872,-0.14360956365472227
0.9869,0.16002331063879038,-0.1521912123421312
0.98695,0.15887319544530193,-0.1569172027744129
0.987,0.15772644703565586,-0.15772644703565586
0.98705,0.15658307672779626,-0.15465527921856836
0.9871,0.15544309580632626,-0.1478351691797132
0.98715,0.15430651552239744,-0.13748811205524378
0.9872,0.15317334709359826,-0.12391984088406272
0.98725,0.15204360170384373,-0.10751106180086169
0.9873,0.15091729050326463,-0.08870695767379842
0.98735,0.14979442460809794,-0.06800524568611896
0.9874,0.14867501510057413,-0.04594310630504593
0.98745,0.14755907302881816,-0.02308332465109697
0.9875,0.14644660940672527,-5.230916644941256e-14
0.98755,0.14533763521386212,0.02273581521485689
0.9876,0.14423216139535655,0.04457018900657589
0.98765,0.14313019886178868,0.06497975050907971
0.9877,0.1420317584890839,0.08348417299700589
0.98775,0.1409368511184052,0.09965740314487581
0.9878,0.1398454875560463,0.11313737601947796
0.98785,0.13875767857332494,0.12363399689003261
0.9879,0.13767343490647665,0.13093521738852398
0.98795,0.13659276725654868,0.13491108362891202
0.988,0.13551568628929445,0.13551568628929445
0.98805,0.1344422026350683,0.1327869960265972
0.9881,0.13337232688872047,0.12684462058098273
0.98815,0.13230606960949265,0.11788557121179778
0.9882,0.13124344132091376,0.10617817442888716
0.98825,0.13018445251069594,0.0920543091754231
0.9883,0.12912911363063134,0.07590018863373178
0.98835,0.1280774350964885,0.05814593876485404
0.9884,0.12702942728791006,0.039254251817765054
0.98845,0.1259851005483077,0.019708411807330933
0.9885,0.12494446518476926,3.3621835410698148e-15
0.98855,0.12390753146794342,-0.019383408399597506
0.9886,0.12287430963194734,-0.037970249848329855
0.98865,0.12184480987426344,-0.05531638612546963
0.9887,0.12081904235563856,-0.07101565129273894
0.98875,0.11979701719998415,-0.08470928322799645
0.9888,0.11877874449427578,-0.09609402286636846
0.98885,0.11776423428845406,-0.10492870106705023
0.9889,0.11675349659532502,-0.11103917373720872
0.98895,0.11574654139046175,-0.11432150939556392
0.989,0.11474337861210554,-0.11474337861210554
0.98905,0.11374401816106805,-0.11234364055013223
0.9891,0.11274846990063347,-0.10723016700132483
0.98915,0.11175674365646121,-0.09957598771997671
0.9892,0.11076884921648888,-0.08961388146351781
0.98925,0.10978479633083588,-0.07762957395673621
0.9893,0.10880459471170673,-0.06395373615325198
0.98935,0.10782825403329588,-0.048953002934664314
0.9894,0.1068557839316916,-0.03302025318218736
0.98945,0.10588719400477892,-0.016564406548775803
0.9895,0.1049224938121539,-1.5882838395877884e-14
0.98955,0.10396169287501567,0.016263191809575347
0.9896,0.10300480067608164,0.03183023391107498
0.98965,0.10205182665949147,0.04633055978445034
0.9897,0.101102780230714,0.05942672318536627
0.98975,0.10015767075645438,0.07082216817973358
0.9898,0.09921650756456146,0.08026784074223649
0.98985,0.09827929994393603,0.08756749744269873
0.9899,0.09734605714443895,0.09258160198285299
0.98995,0.0964167883767999,0.09522973771738578
0.99,0.09549150281252644,0.09549150281252644
0.99005,0.09457020958381351,0.0934058933735761
0.9901,0.09365291778345336,0.08906921772801414
0.99015,0.09273963646474576,0.08263162114097007
0.9902,0.09183037464140859,0.0742923336847429
0.99025,0.09092514128748891,0.06429378398475138
0.9903,0.09002394533727459,0.05291474742245204
0.99035,0.0891267956852057,0.04046271851335853
0.9904,0.08823370118578722,0.027265713143050384
0.99045,0.08734467065349927,0.013663716827789147
0.9905,0.0864597128627182,2.3849419879206407e-14
0.99055,0.08557883654761828,-0.01338747951407779
0.9906,0.08470205040209305,-0.026174373032645196
0.99065,0.08382936307966771,-0.038057734437355765
0.9907,0.08296078319341399,-0.048763124879701816
0.99075,0.08209631931586453,-0.05805086409869274
0.9908,0.0812359799789289,-0.06572128835765235
0.99085,0.080379773673809,-0.07161890275613243
0.9909,0.07952770885091537,-0.07563534572867882
0.99095,0.07867979391978391,-0.07771111509499609
0.991,0.07783603724899257,-0.07783603724899257
0.99105,0.07699644716607912,-0.0760484931331914
0.9911,0.07616103195745871,-0.07243344573091279
0.99115,0.0753297998683421,-0.06711934314850518
0.9912,0.07450275910265453,-0.06027399824189617
0.99125,0.07367991782295447,-0.05209956952990383
0.9913,0.07286128415035309,-0.042826788286690995
0.99135,0.07204686616443423,-0.03270859277467694
0.9914,0.07123667190317468,-0.022013342240834986
0.99145,0.07043070936286289,-0.011017790341587124
0.9915,0.0696289864980274,3.790295446099516e-15
0.99155,0.06883151122134734,0.01076762063580221
0.9916,0.06803829140358175,0.021024988311929657
0.99165,0.06724933487349,0.030530559146363188
0.9917,0.06646464941775454,0.03906694072652277
0.99175,0.06568424278090401,0.046445773487466
0.9918,0.06490812266523693,0.05251177430914237
0.99185,0.06413629673074539,0.05714585882437224
0.9919,0.06336877259503987,0.0602672841061296
0.99195,0.0626055578332736,0.06183477952837557
0.992,0.061846659978068264,0.061846659978068264
0.99205,0.06109208651943937,0.06033994155788522
0.9921,0.06034184490472211,0.057388504801916325
0.99215,0.059595942538498536,0.05310037361696723
0.9922,0.058854386782523804,0.04761419910058704
0.99225,0.05811718495565382,0.041095055585640576
0.9923,0.057384344333772985,0.033729671311888115
0.99235,0.0566558721497224,0.025721227710452155
0.9924,0.05593177559322848,0.01728386918388867
0.99245,0.055212061810830215,0.008637069353155065
0.9925,0.054496737905815384,3.8165071822867136e-15
0.99255,0.053785810938140444,-0.008413954560864988
0.9926,0.05307928792436756,-0.016402402017934862
0.99265,0.052377175837593715,-0.02377874023344584
0.9927,0.05167948160738167,-0.03037643713493509
0.99275,0.0509862121196919,-0.03605269633683393
0.9928,0.05029737421681424,-0.04069143051382913
0.99285,0.049612974697300805,-0.04420548413968231
0.9929,0.04893302031589852,-0.046538067833436614
0.99295,0.048257517783482584,-0.04766338766080473
0.993,0.04758647376699032,-0.04758647376699032
0.99305,0.04691989488935522,-0.04634223312416739
0.9931,0.046257787729441724,-0.04399377044949212
0.99315,0.04560015882198026,-0.040630039014420354
0.9932,0.044947014657502504,-0.03636289870434954
0.99325,0.0442983616822778,-0.03132367194100163
0.9933,0.04365420629824912,-0.025659298662666082
0.99335,0.043014554862969956,-0.019528199258333694
0.9934,0.042379413689541845,-0.013095959041731223
0.99345,0.04174878904655033,-0.006530949480587002
0.9935,0.04112268715800882,-7.998333451452568e-15
0.99355,0.04050111420328878,0.006335770133921295
0.9936,0.039884076317064365,0.012324857386921028
0.99365,0.03927157958925037,0.017828924043273724
0.9937,0.03866363006494222,0.02272591155225805
0.99375,0.03806023374435635,0.02691264937417643
0.9938,0.037461396582770756,0.030306906468471013
0.99385,0.03686712449046653,0.03284884844906455
0.9939,0.036277423332669256,0.0345018798549302
0.99395,0.03569229892949133,0.03525286750169414
0.994,0.035111757055874326,0.035111757055874326
0.99405,0.03453580344153229,0.0341106103922889
0.9941,0.03396444377089469,0.032302105570652564
0.99415,0.03339768368305096,0.029757554054380256
0.9942,0.03283552877169427,0.02656450079559803
0.99425,0.0322779845850667,0.022823981783144678
0.9943,0.03172505662590425,0.018647520412857672
0.99435,0.031176750351382676,0.014153948472297128
0.9944,0.030633071173063464,0.009466139582389472
0.99445,0.03009402445684073,0.004707742616826179
0.9945,0.029559615522886717,9.428534002376692e-15
0.99455,0.029029849645604178,-0.004541268999502361
0.9946,0.02850473205356735,-0.008808446624653785
0.99465,0.027984267929474782,-0.012704591782147714
0.9947,0.027468462410097316,-0.016145557107797723
0.99475,0.026957320586227074,-0.019061704189136375
0.9948,0.02645084750262766,-0.02139918514524391
0.99485,0.02594904815798388,-0.023120771205236174
0.9949,0.025451927504852645,-0.024206221505759056
0.99495,0.024959490449614097,-0.024652197704278515
0.995,0.024471741852423234,-0.024471741852423234
0.99505,0.023988686527161796,-0.023693345989071253
0.9951,0.023510329241390737,-0.022359651825272015
0.99515,0.02303667471630344,-0.020525827467834577
0.9952,0.022567727626678746,-0.018257675174410477
0.99525,0.022103492600835217,-0.01562952950596548
0.9953,0.021643974220585116,-0.012722008847865736
0.99535,0.021189177021189276,-0.009619685064925314
0.9954,0.02073910549131247,-0.0064087360449633325
0.99545,0.02029376407297906,-0.003174644126420178
0.9955,0.019853157161528023,2.246022234010386e-16
0.99555,0.019417289105573665,0.0030375332337554757
0.9956,0.0189861642069567,0.005867047397938842
0.99565,0.018559786720705906,0.008425966848390677
0.9957,0.018138160854994922,0.010661343454274452
0.99575,0.01772129077110074,0.012530844875619392
0.9958,0.017309180583362893,0.014003421250642868
0.99585,0.016901834359142553,0.015059644684746017
0.9959,0.01649925611878239,0.01569172504578816
0.99595,0.016101449835567272,0.01590321426926632
0.996,0.015708419435684462,0.015708419435684462
0.99605,0.01532016879818543,0.015131552097917582
0.9961,0.014936701754947213,0.014205647536002194
0.99615,0.01455802209063467,0.012971292662036588
0.9962,0.014184133542663235,0.011475205086500814
0.99625,0.013815039801161944,0.009768708325765575
0.9963,0.013450744508936963,0.00790614925471302
0.99635,0.013091251261435843,0.005943303702400311
0.9964,0.01273656360671177,0.003935814604415385
0.99645,0.012386685045388646,0.0019377044487054631
0.9965,0.01204161903062595,1.3625606030574264e-15
0.99655,0.011701368968087378,-0.0018304973947610413
0.9966,0.011365938215902982,-0.0035122680657258764
0.99665,0.011035330084638861,-0.005009935019913638
0.9967,0.010709547837263744,-0.006294914277463184
0.99675,0.010388594689116959,-0.007345845751672931
0.9968,0.010072473807876459,-0.008148802485966358
0.99685,0.009761188313527736,-0.008697282471183265
0.9969,0.009454741278332901,-0.0089919933026428
0.99695,0.009153135726800543,-0.009040445437244969
0.997,0.008856374635655695,-0.008856374635655695
0.99705,0.008564460933810414,-0.008459018207807487
0.9971,0.008277397502335249,-0.007872272832561648
0.99715,0.007995187174430263,-0.007123763934526469
0.9972,0.007717832735397445,-0.0062438578426817605
0.99725,0.007445336922613177,-0.005264648226200045
0.9973,0.007177702425501142,-0.00421894763105472
0.99735,0.006914931885505793,-0.003139313382369152
0.9974,0.006657027896066203,-0.002057134751915423
0.99745,0.006403993002590647,-0.0010018052194838323
0.9975,0.006155829702430893,-1.4627587974487863e-15
0.99755,0.005912540444859504,0.000924925101519565
0.9976,0.005674127631042802,0.0017534018662445651
0.99765,0.00544059361401894,0.002469977813706452
0.9977,0.005211940698674367,0.003063501878502614
0.99775,0.0049881711417211205,0.0035271696400295005
0.9978,0.004769287151674295,0.003858434356758459
0.99785,0.00455529088883061,0.004058793901523086
0.9979,0.00434618446524665,0.0041334670566932075
0.99795,0.004141969944718549,0.004090975421493881
0.998,0.003942649342761062,0.003942649342761062
0.99805,0.003748224626588137,0.0037020777616129127
0.9981,0.0035586977150932064,0.0033845226514644115
0.99815,0.003374070478830371,0.0030063188097095447
0.9982,0.003194344739995858,0.0025842791805499084
0.99825,0.0030195222724102577,0.0021351246747660564
0.9983,0.002849604801500649,0.0016749556771846793
0.99835,0.0026845940042839467,0.0012187801736032095
0.9984,0.0025244915093500797,0.0007801107785458214
0.99845,0.002369298896846006,0.0003706400054496129
0.9985,0.0022190176984598353,8.034822460590255e-16
0.99855,0.002073649397407007,-0.00032439023416384075
0.9986,0.0019331954284136366,-0.0005973902408275002
0.99865,0.0017976571777036932,-0.0008161192804660194
0.9987,0.0016670359829849546,-0.0009798591658389205
0.99875,0.0015413331334359626,-0.0010898871107197742
0.9988,0.0014205498696929775,-0.0011492489859385921
0.99885,0.0013046873838381545,-0.0011624849710260108
0.9989,0.0011937468193873868,-0.001135320691384836
0.99895,0.0010877292712792586,-0.0010743375189665176
0.999,0.0009866357858642205,-0.0009866357858642205
0.99905,0.0008904673608940983,-0.0008795042300356993
0.9991,0.0007992249455124889,-0.0007601080924153995
0.99915,0.0007129094402451575,-0.0006352069624140193
0.9992,0.0006315216969912663,-0.0005109117851825228
0.99925,0.0005550625190150482,-0.0003924884711782509
0.9993,0.0004835326609377022,-0.00028421336710109877
0.99935,0.00041693282873001003,-0.0001892835432730917
0.9994,0.00035526367970545314,-0.0001097825145132465
0.99945,0.0002985258225136067,-4.669972734578612e-05
0.9995,0.0002467198171341445,-7.847972038565408e-18
0.99955,0.00019984617487167622,3.126282945631227e-05
0.9996,0.00015790535834997455,4.879543923296735e-05
0.99965,0.00012089778150797814,5.488644424419185e-05
0.9997,8.882380959546188e-05,5.220932533264308e-05
0.99975,6.168375916970614e-05,4.361700439795948e-05
0.9998,3.947789809194413e-05,3.1938290458578235e-05
0.99985,2.2206445525085883e-05,1.97860878418832e-05
0.9999,9.869571931442334e-06,9.386520698441727e-06
0.99995,2.467399070893439e-06,2.4370212939165597e-06
1.0,0.0,0.0
