t_sobre_T,p_Pa,p2_Pa2,media_p2_Pa2,rms_Pa
0.0,0.0,0.0,0.019983347210657785,0.14136246747513212
0.0016666666666666668,0.002094356823249159,4.386330503090308e-06,0.019983347210657785,0.14136246747513212
0.0033333333333333335,0.004188483976671392,1.7543398022832996e-05,0.019983347210657785,0.14136246747513212
0.005,0.006282151815625659,3.946543143456876e-05,0.019983347210657785,0.14136246747513212
0.006666666666666667,0.008375130745839926,7.014281500991323e-05,0.019983347210657785,0.14136246747513212
0.008333333333333333,0.010467191248588767,0.00010956209263453326,0.019983347210657785,0.14136246747513212
0.01,0.012558103905862676,0.0001577059737104434,0.019983347210657785,0.14136246747513212
0.011666666666666667,0.014647639425526339,0.00021455334074023356,0.019983347210657785,0.14136246747513212
0.013333333333333334,0.0167355686664631,0.00028007925858990147,0.019983347210657785,0.14136246747513212
0.015000000000000001,0.018821662663702866,0.0003542549854262265,0.019983347210657785,0.14136246747513212
0.016666666666666666,0.02090569265353069,0.00043704798532388713,0.019983347210657785,0.14136246747513212
0.018333333333333333,0.02298743009857332,0.0005284219425367945,0.019983347210657785,0.14136246747513212
0.02,0.02506664671286085,0.0006283367774273777,0.019983347210657785,0.14136246747513212
0.021666666666666667,0.027143114486860877,0.0007367486640468368,0.019983347210657785,0.14136246747513212
0.023333333333333334,0.029216605712482326,0.000853610049358655,0.019983347210657785,0.14136246747513212
0.025,0.03128689300804618,0.0009788696740969287,0.019983347210657785,0.14136246747513212
0.02666666666666667,0.03335374934322046,0.0011124725952503794,0.019983347210657785,0.14136246747513212
0.028333333333333335,0.03541694806391666,0.0012543602101621702,0.019983347210657785,0.14136246747513212
0.030000000000000002,0.037476262917144926,0.0014044702822349718,0.019983347210657785,0.14136246747513212
0.03166666666666667,0.039531468075825235,0.0015627369682299898,0.019983347210657785,0.14136246747513212
0.03333333333333333,0.04158233816355186,0.0017290908471479817,0.019983347210657785,0.14136246747513212
0.035,0.04362864827930851,0.0019034589506796097,0.019983347210657785,0.14136246747513212
0.03666666666666667,0.045670174022131145,0.0020857647952117423,0.019983347210657785,0.14136246747513212
0.03833333333333334,0.04770669151571619,0.002275928415375707,0.019983347210657785,0.14136246747513212
0.04,0.04973797743297096,0.0024738663991227287,0.019983347210657785,0.14136246747513212
0.04166666666666667,0.05176380902050416,0.0026794919243112282,0.019983347210657785,0.14136246747513212
0.043333333333333335,0.05378396412305314,0.0028927147967898674,0.019983347210657785,0.14136246747513212
0.045000000000000005,0.05579822120784586,0.0031134414899596998,0.019983347210657785,0.14136246747513212
0.04666666666666667,0.05780635938889433,0.0033415751857980114,0.019983347210657785,0.14136246747513212
0.04833333333333334,0.05980815845121734,0.0035770158173259203,0.019983347210657785,0.14136246747513212
0.05,0.06180339887498948,0.003819660112501051,0.019983347210657785,0.14136246747513212
0.05166666666666667,0.063791861859614,0.004069401639516075,0.019983347210657785,0.14136246747513212
0.05333333333333334,0.06577332934771665,0.004326130853483204,0.019983347210657785,0.14136246747513212
0.055,0.06774758404905827,0.004589735144484215,0.019983347210657785,0.14136246747513212
0.05666666666666667,0.06971440946436304,0.004860098886964871,0.019983347210657785,0.14136246747513212
0.058333333333333334,0.07167358990906006,0.005137103490452116,0.019983347210657785,0.14136246747513212
0.060000000000000005,0.0736249105369356,0.00542062745157177,0.019983347210657785,0.14136246747513212
0.06166666666666667,0.07556815736369343,0.005710546407343934,0.019983347210657785,0.14136246747513212
0.06333333333333334,0.0775031172904206,0.0060067331897326924,0.019983347210657785,0.14136246747513212
0.065,0.07942957812695613,0.006309057881426227,0.019983347210657785,0.14136246747513212
0.06666666666666667,0.08134732861516003,0.006617387872822834,0.019983347210657785,0.14136246747513212
0.06833333333333334,0.08325615845208025,0.006931587920197893,0.019983347210657785,0.14136246747513212
0.07,0.08515585831301455,0.007251520205026209,0.019983347210657785,0.14136246747513212
0.07166666666666667,0.08704621987446551,0.007577044394433794,0.019983347210657785,0.14136246747513212
0.07333333333333333,0.0889270358369855,0.007908017702752504,0.019983347210657785,0.14136246747513212
0.07500000000000001,0.09079809994790937,0.008244294954150539,0.019983347210657785,0.14136246747513212
0.07666666666666667,0.09265920702397236,0.008585728646311368,0.019983347210657785,0.14136246747513212
0.07833333333333334,0.09451015297381081,0.00893216901513312,0.019983347210657785,0.14136246747513212
0.08,0.09635073482034306,0.00928346410042007,0.019983347210657785,0.14136246747513212
0.08166666666666667,0.09818075072302816,0.009639459812537395,0.019983347210657785,0.14136246747513212
0.08333333333333334,0.1,0.010000000000000002,0.019983347210657785,0.14136246747513212
0.085,0.10180828315007427,0.010364926517965696,0.019983347210657785,0.14136246747513212
0.08666666666666667,0.10360540187462604,0.010734079297602764,0.019983347210657785,0.14136246747513212
0.08833333333333333,0.10539115909933552,0.011107296416301453,0.019983347210657785,0.14136246747513212
0.09000000000000001,0.10716535899579933,0.01148441416869855,0.019983347210657785,0.14136246747513212
0.09166666666666667,0.10892780700300542,0.011865267138483996,0.019983347210657785,0.14136246747513212
0.09333333333333334,0.11067830984866883,0.012249688270957943,0.019983347210657785,0.14136246747513212
0.095,0.11241667557042612,0.01263750894630644,0.019983347210657785,0.14136246747513212
0.09666666666666668,0.11414271353688635,0.013028559053563697,0.019983347210657785,0.14136246747513212
0.09833333333333334,0.11585623446853577,0.013422667065228336,0.019983347210657785,0.14136246747513212
0.1,0.11755705045849463,0.013819660112501051,0.019983347210657785,0.14136246747513212
0.10166666666666667,0.11924497499312317,0.01421936406111057,0.019983347210657785,0.14136246747513212
0.10333333333333335,0.12091982297247497,0.014621603587694687,0.019983347210657785,0.14136246747513212
0.10500000000000001,0.12258141073059531,0.015026202256702906,0.019983347210657785,0.14136246747513212
0.10666666666666667,0.12422955605566209,0.015432982597786889,0.019983347210657785,0.14136246747513212
0.10833333333333334,0.1258640782099675,0.01584176618364482,0.019983347210657785,0.14136246747513212
0.11,0.12748479794973794,0.016252373708285507,0.019983347210657785,0.14136246747513212
0.11166666666666668,0.12909153754479014,0.016664625065677962,0.019983347210657785,0.14136246747513212
0.11333333333333334,0.13068412079802108,0.017078339428751765,0.019983347210657785,0.14136246747513212
0.115,0.13226237306473038,0.017493335328713916,0.019983347210657785,0.14136246747513212
0.11666666666666667,0.13382612127177165,0.017909430734646934,0.019983347210657785,0.14136246747513212
0.11833333333333335,0.13537519393653216,0.018326443133353694,0.019983347210657785,0.14136246747513212
0.12000000000000001,0.13690942118573776,0.01874418960941374,0.019983347210657785,0.14136246747513212
0.12166666666666667,0.13842863477408138,0.01916248692541601,0.019983347210657785,0.14136246747513212
0.12333333333333334,0.13993266810267307,0.01958115160233286,0.019983347210657785,0.14136246747513212
0.125,0.14142135623730953,0.020000000000000007,0.019983347210657785,0.14136246747513212
0.12666666666666668,0.14289453592656068,0.020418848397667142,0.019983347210657785,0.14136246747513212
0.12833333333333335,0.14435204561967246,0.020837513074584,0.019983347210657785,0.14136246747513212
0.13,0.14579372548428232,0.02125581039058627,0.019983347210657785,0.14136246747513212
0.13166666666666668,0.14721941742394687,0.02167355686664631,0.019983347210657785,0.14136246747513212
0.13333333333333333,0.14862896509547882,0.022090569265353063,0.019983347210657785,0.14136246747513212
0.135,0.15002221392609194,0.022506664671286095,0.019983347210657785,0.14136246747513212
0.1366666666666667,0.1513990111303513,0.02292166057124824,0.019983347210657785,0.14136246747513212
0.13833333333333334,0.15275920572692844,0.02333537493432205,0.019983347210657785,0.14136246747513212
0.14,0.15410264855515787,0.0237476262917145,0.019983347210657785,0.14136246747513212
0.14166666666666666,0.15542919229139418,0.02415823381635519,0.019983347210657785,0.14136246747513212
0.14333333333333334,0.15673869146516797,0.02456701740221312,0.019983347210657785,0.14136246747513212
0.14500000000000002,0.1580310024751381,0.024973797743297103,0.019983347210657785,0.14136246747513212
0.14666666666666667,0.15930598360483927,0.02537839641230532,0.019983347210657785,0.14136246747513212
0.14833333333333334,0.16056349503822293,0.025780635938889438,0.019983347210657785,0.14136246747513212
0.15000000000000002,0.1618033988749895,0.026180339887498957,0.019983347210657785,0.14136246747513212
0.15166666666666667,0.16302555914571085,0.026577332934771665,0.019983347210657785,0.14136246747513212
0.15333333333333335,0.16422984182674083,0.02697144094643631,0.019983347210657785,0.14136246747513212
0.155,0.16541611485491237,0.02736249105369356,0.019983347210657785,0.14136246747513212
0.15666666666666668,0.16658424814201991,0.027750311729042066,0.019983347210657785,0.14136246747513212
0.15833333333333335,0.16773411358908483,0.02813473286151601,0.019983347210657785,0.14136246747513212
0.16,0.16886558510040303,0.028515585831301458,0.019983347210657785,0.14136246747513212
0.16166666666666668,0.1699785385973728,0.028892703583698557,0.019983347210657785,0.14136246747513212
0.16333333333333333,0.17107285203210132,0.02926592070239723,0.019983347210657785,0.14136246747513212
0.165,0.17214840540078874,0.02963507348203431,0.019983347210657785,0.14136246747513212
0.16666666666666669,0.17320508075688776,0.03000000000000001,0.019983347210657785,0.14136246747513212
0.16833333333333333,0.1742427622240379,0.030360540187462606,0.019983347210657785,0.14136246747513212
0.17,0.17526133600877275,0.030716535899579945,0.019983347210657785,0.14136246747513212
0.1716666666666667,0.17626069041299847,0.03106783098486689,0.019983347210657785,0.14136246747513212
0.17333333333333334,0.17724071584624296,0.03141427135368864,0.019983347210657785,0.14136246747513212
0.17500000000000002,0.17820130483767357,0.031755705045849465,0.019983347210657785,0.14136246747513212
0.17666666666666667,0.1791423520478826,0.0320919822972475,0.019983347210657785,0.14136246747513212
0.17833333333333334,0.18006375428043872,0.03242295560556621,0.019983347210657785,0.14136246747513212
0.18000000000000002,0.18096541049320392,0.0327484797949738,0.019983347210657785,0.14136246747513212
0.18166666666666667,0.1818472218094137,0.03306841207980211,0.019983347210657785,0.14136246747513212
0.18333333333333335,0.1827090915285202,0.03338261212717717,0.019983347210657785,0.14136246747513212
0.18500000000000003,0.18355092513679624,0.03369094211857378,0.019983347210657785,0.14136246747513212
0.18666666666666668,0.18437263031770013,0.03399326681026731,0.019983347210657785,0.14136246747513212
0.18833333333333335,0.18517411696199895,0.03428945359265607,0.019983347210657785,0.14136246747513212
0.19,0.18595529717765027,0.03457937254842823,0.019983347210657785,0.14136246747513212
0.19166666666666668,0.18671608529944037,0.03486289650954789,0.019983347210657785,0.14136246747513212
0.19333333333333336,0.1874563978983783,0.03513990111303513,0.019983347210657785,0.14136246747513212
0.195,0.1881761537908451,0.03541026485551579,0.019983347210657785,0.14136246747513212
0.19666666666666668,0.18887527404749624,0.03567386914651681,0.019983347210657785,0.14136246747513212
0.19833333333333333,0.18955368200191713,0.03593059836048392,0.019983347210657785,0.14136246747513212
0.2,0.1902113032590307,0.03618033988749895,0.019983347210657785,0.14136246747513212
0.2016666666666667,0.1908480657032554,0.0364229841826741,0.019983347210657785,0.14136246747513212
0.20333333333333334,0.19146389950641346,0.03665842481420199,0.019983347210657785,0.14136246747513212
0.20500000000000002,0.19205873713538862,0.03688655851004031,0.019983347210657785,0.14136246747513212
0.2066666666666667,0.19263251335953166,0.03710728520321014,0.019983347210657785,0.14136246747513212
0.20833333333333334,0.19318516525781368,0.037320508075688784,0.019983347210657785,0.14136246747513212
0.21000000000000002,0.19371663222572622,0.03752613360087727,0.019983347210657785,0.14136246747513212
0.21166666666666667,0.19422685598192724,0.037724071584624305,0.019983347210657785,0.14136246747513212
0.21333333333333335,0.19471578057463207,0.03791423520478826,0.019983347210657785,0.14136246747513212
0.21500000000000002,0.1951833523877495,0.0380965410493204,0.019983347210657785,0.14136246747513212
0.21666666666666667,0.19562952014676116,0.03827090915285203,0.019983347210657785,0.14136246747513212
0.21833333333333335,0.19605423492434437,0.03843726303177001,0.019983347210657785,0.14136246747513212
0.22,0.19645745014573773,0.038595529717765024,0.019983347210657785,0.14136246747513212
0.22166666666666668,0.1968391215938484,0.03874563978983783,0.019983347210657785,0.14136246747513212
0.22333333333333336,0.19719920741410102,0.038887527404749635,0.019983347210657785,0.14136246747513212
0.225,0.19753766811902757,0.039021130325903076,0.019983347210657785,0.14136246747513212
0.22666666666666668,0.19785446659259767,0.03914638995064135,0.019983347210657785,0.14136246747513212
0.22833333333333336,0.19814956809428874,0.039263251335953174,0.019983347210657785,0.14136246747513212
0.23,0.1984229402628956,0.03937166322257263,0.019983347210657785,0.14136246747513212
0.2316666666666667,0.1986745531200793,0.039471578057463215,0.019983347210657785,0.14136246747513212
0.23333333333333334,0.19890437907365466,0.039562952014676106,0.019983347210657785,0.14136246747513212
0.23500000000000001,0.199112392920616,0.03964574501457377,0.019983347210657785,0.14136246747513212
0.2366666666666667,0.19929857184990088,0.039719920741410106,0.019983347210657785,0.14136246747513212
0.23833333333333334,0.19946289544489162,0.03978544665925977,0.019983347210657785,0.14136246747513212
0.24000000000000002,0.19960534568565433,0.03984229402628956,0.019983347210657785,0.14136246747513212
0.24166666666666667,0.19972590695091477,0.03989043790736547,0.019983347210657785,0.14136246747513212
0.24333333333333335,0.1998245660197717,0.0399298571849901,0.019983347210657785,0.14136246747513212
0.24500000000000002,0.19990131207314632,0.03996053456856544,0.019983347210657785,0.14136246747513212
0.24666666666666667,0.19995613669496912,0.039982456601977176,0.019983347210657785,0.14136246747513212
0.24833333333333335,0.19998903387310243,0.039995613669496916,0.019983347210657785,0.14136246747513212
0.25,0.2,0.04000000000000001,0.019983347210657785,0.14136246747513212
0.2516666666666667,0.19998903387310243,0.039995613669496916,0.019983347210657785,0.14136246747513212
0.25333333333333335,0.19995613669496912,0.039982456601977176,0.019983347210657785,0.14136246747513212
0.255,0.19990131207314632,0.03996053456856544,0.019983347210657785,0.14136246747513212
0.2566666666666667,0.1998245660197717,0.0399298571849901,0.019983347210657785,0.14136246747513212
0.25833333333333336,0.19972590695091477,0.03989043790736547,0.019983347210657785,0.14136246747513212
0.26,0.19960534568565433,0.03984229402628956,0.019983347210657785,0.14136246747513212
0.26166666666666666,0.19946289544489162,0.03978544665925977,0.019983347210657785,0.14136246747513212
0.26333333333333336,0.19929857184990088,0.039719920741410106,0.019983347210657785,0.14136246747513212
0.265,0.199112392920616,0.03964574501457377,0.019983347210657785,0.14136246747513212
0.26666666666666666,0.19890437907365469,0.03956295201467612,0.019983347210657785,0.14136246747513212
0.26833333333333337,0.1986745531200793,0.039471578057463215,0.019983347210657785,0.14136246747513212
0.27,0.19842294026289556,0.03937166322257262,0.019983347210657785,0.14136246747513212
0.27166666666666667,0.19814956809428874,0.039263251335953174,0.019983347210657785,0.14136246747513212
0.2733333333333334,0.19785446659259767,0.03914638995064135,0.019983347210657785,0.14136246747513212
0.275,0.19753766811902754,0.03902113032590307,0.019983347210657785,0.14136246747513212
0.27666666666666667,0.19719920741410102,0.038887527404749635,0.019983347210657785,0.14136246747513212
0.2783333333333334,0.1968391215938484,0.03874563978983783,0.019983347210657785,0.14136246747513212
0.28,0.19645745014573773,0.038595529717765024,0.019983347210657785,0.14136246747513212
0.2816666666666667,0.19605423492434437,0.03843726303177001,0.019983347210657785,0.14136246747513212
0.2833333333333333,0.19562952014676116,0.03827090915285203,0.019983347210657785,0.14136246747513212
0.28500000000000003,0.1951833523877495,0.0380965410493204,0.019983347210657785,0.14136246747513212
0.2866666666666667,0.19471578057463207,0.03791423520478826,0.019983347210657785,0.14136246747513212
0.28833333333333333,0.19422685598192724,0.037724071584624305,0.019983347210657785,0.14136246747513212
0.29000000000000004,0.19371663222572622,0.03752613360087727,0.019983347210657785,0.14136246747513212
0.2916666666666667,0.19318516525781368,0.037320508075688784,0.019983347210657785,0.14136246747513212
0.29333333333333333,0.19263251335953166,0.03710728520321014,0.019983347210657785,0.14136246747513212
0.29500000000000004,0.19205873713538862,0.03688655851004031,0.019983347210657785,0.14136246747513212
0.2966666666666667,0.19146389950641346,0.03665842481420199,0.019983347210657785,0.14136246747513212
0.29833333333333334,0.1908480657032554,0.0364229841826741,0.019983347210657785,0.14136246747513212
0.30000000000000004,0.1902113032590307,0.03618033988749895,0.019983347210657785,0.14136246747513212
0.3016666666666667,0.18955368200191713,0.03593059836048392,0.019983347210657785,0.14136246747513212
0.30333333333333334,0.18887527404749624,0.03567386914651681,0.019983347210657785,0.14136246747513212
0.305,0.1881761537908451,0.03541026485551579,0.019983347210657785,0.14136246747513212
0.3066666666666667,0.1874563978983783,0.03513990111303513,0.019983347210657785,0.14136246747513212
0.30833333333333335,0.18671608529944037,0.03486289650954789,0.019983347210657785,0.14136246747513212
0.31,0.1859552971776503,0.03457937254842824,0.019983347210657785,0.14136246747513212
0.3116666666666667,0.18517411696199892,0.03428945359265606,0.019983347210657785,0.14136246747513212
0.31333333333333335,0.18437263031770013,0.03399326681026731,0.019983347210657785,0.14136246747513212
0.315,0.18355092513679627,0.03369094211857379,0.019983347210657785,0.14136246747513212
0.3166666666666667,0.1827090915285202,0.03338261212717717,0.019983347210657785,0.14136246747513212
0.31833333333333336,0.18184722180941373,0.033068412079802115,0.019983347210657785,0.14136246747513212
0.32,0.18096541049320392,0.0327484797949738,0.019983347210657785,0.14136246747513212
0.3216666666666667,0.1800637542804387,0.032422955605566205,0.019983347210657785,0.14136246747513212
0.32333333333333336,0.17914235204788256,0.032091982297247496,0.019983347210657785,0.14136246747513212
0.325,0.1782013048376736,0.03175570504584947,0.019983347210657785,0.14136246747513212
0.32666666666666666,0.17724071584624299,0.03141427135368865,0.019983347210657785,0.14136246747513212
0.32833333333333337,0.17626069041299847,0.03106783098486689,0.019983347210657785,0.14136246747513212
0.33,0.1752613360087727,0.030716535899579924,0.019983347210657785,0.14136246747513212
0.33166666666666667,0.1742427622240379,0.030360540187462606,0.019983347210657785,0.14136246747513212
0.33333333333333337,0.17320508075688773,0.03,0.019983347210657785,0.14136246747513212
0.335,0.17214840540078874,0.02963507348203431,0.019983347210657785,0.14136246747513212
0.33666666666666667,0.17107285203210135,0.029265920702397242,0.019983347210657785,0.14136246747513212
0.3383333333333334,0.16997853859737277,0.028892703583698547,0.019983347210657785,0.14136246747513212
0.34,0.168865585100403,0.028515585831301447,0.019983347210657785,0.14136246747513212
0.3416666666666667,0.16773411358908483,0.02813473286151601,0.019983347210657785,0.14136246747513212
0.3433333333333334,0.1665842481420199,0.027750311729042056,0.019983347210657785,0.14136246747513212
0.34500000000000003,0.16541611485491237,0.02736249105369356,0.019983347210657785,0.14136246747513212
0.3466666666666667,0.16422984182674083,0.02697144094643631,0.019983347210657785,0.14136246747513212
0.34833333333333333,0.1630255591457109,0.026577332934771682,0.019983347210657785,0.14136246747513212
0.35000000000000003,0.1618033988749895,0.026180339887498957,0.019983347210657785,0.14136246747513212
0.3516666666666667,0.1605634950382229,0.025780635938889428,0.019983347210657785,0.14136246747513212
0.35333333333333333,0.15930598360483927,0.02537839641230532,0.019983347210657785,0.14136246747513212
0.35500000000000004,0.15803100247513807,0.024973797743297096,0.019983347210657785,0.14136246747513212
0.3566666666666667,0.15673869146516797,0.02456701740221312,0.019983347210657785,0.14136246747513212
0.35833333333333334,0.1554291922913942,0.024158233816355196,0.019983347210657785,0.14136246747513212
0.36000000000000004,0.15410264855515787,0.0237476262917145,0.019983347210657785,0.14136246747513212
0.3616666666666667,0.15275920572692842,0.02333537493432204,0.019983347210657785,0.14136246747513212
0.36333333333333334,0.15139901113035129,0.022921660571248233,0.019983347210657785,0.14136246747513212
0.36500000000000005,0.15002221392609189,0.022506664671286078,0.019983347210657785,0.14136246747513212
0.3666666666666667,0.14862896509547885,0.02209056926535307,0.019983347210657785,0.14136246747513212
0.36833333333333335,0.1472194174239469,0.02167355686664632,0.019983347210657785,0.14136246747513212
0.37000000000000005,0.1457937254842823,0.021255810390586265,0.019983347210657785,0.14136246747513212
0.3716666666666667,0.14435204561967238,0.020837513074583976,0.019983347210657785,0.14136246747513212
0.37333333333333335,0.14289453592656065,0.02041884839766713,0.019983347210657785,0.14136246747513212
0.375,0.14142135623730953,0.020000000000000007,0.019983347210657785,0.14136246747513212
0.3766666666666667,0.13993266810267307,0.01958115160233286,0.019983347210657785,0.14136246747513212
0.37833333333333335,0.13842863477408138,0.01916248692541601,0.019983347210657785,0.14136246747513212
0.38,0.13690942118573776,0.01874418960941374,0.019983347210657785,0.14136246747513212
0.3816666666666667,0.13537519393653216,0.018326443133353694,0.019983347210657785,0.14136246747513212
0.38333333333333336,0.1338261212717716,0.01790943073464692,0.019983347210657785,0.14136246747513212
0.385,0.13226237306473038,0.017493335328713916,0.019983347210657785,0.14136246747513212
0.3866666666666667,0.13068412079802105,0.017078339428751758,0.019983347210657785,0.14136246747513212
0.38833333333333336,0.1290915375447901,0.016664625065677955,0.019983347210657785,0.14136246747513212
0.39,0.12748479794973797,0.016252373708285514,0.019983347210657785,0.14136246747513212
0.3916666666666667,0.12586407820996748,0.01584176618364481,0.019983347210657785,0.14136246747513212
0.39333333333333337,0.12422955605566202,0.015432982597786872,0.019983347210657785,0.14136246747513212
0.395,0.12258141073059528,0.0150262022567029,0.019983347210657785,0.14136246747513212
0.39666666666666667,0.120919822972475,0.014621603587694692,0.019983347210657785,0.14136246747513212
0.3983333333333334,0.11924497499312314,0.014219364061110564,0.019983347210657785,0.14136246747513212
0.4,0.11755705045849466,0.013819660112501058,0.019983347210657785,0.14136246747513212
0.40166666666666667,0.11585623446853575,0.013422667065228332,0.019983347210657785,0.14136246747513212
0.4033333333333334,0.11414271353688628,0.013028559053563682,0.019983347210657785,0.14136246747513212
0.405,0.1124166755704261,0.012637508946306436,0.019983347210657785,0.14136246747513212
0.4066666666666667,0.11067830984866883,0.012249688270957943,0.019983347210657785,0.14136246747513212
0.4083333333333334,0.10892780700300538,0.011865267138483987,0.019983347210657785,0.14136246747513212
0.41000000000000003,0.10716535899579933,0.01148441416869855,0.019983347210657785,0.14136246747513212
0.4116666666666667,0.10539115909933555,0.01110729641630146,0.019983347210657785,0.14136246747513212
0.4133333333333334,0.10360540187462604,0.010734079297602764,0.019983347210657785,0.14136246747513212
0.41500000000000004,0.10180828315007423,0.010364926517965688,0.019983347210657785,0.14136246747513212
0.4166666666666667,0.09999999999999999,0.009999999999999998,0.019983347210657785,0.14136246747513212
0.41833333333333333,0.0981807507230282,0.009639459812537403,0.019983347210657785,0.14136246747513212
0.42000000000000004,0.09635073482034305,0.009283464100420066,0.019983347210657785,0.14136246747513212
0.4216666666666667,0.09451015297381082,0.008932169015133122,0.019983347210657785,0.14136246747513212
0.42333333333333334,0.09265920702397233,0.008585728646311363,0.019983347210657785,0.14136246747513212
0.42500000000000004,0.0907980999479093,0.008244294954150527,0.019983347210657785,0.14136246747513212
0.4266666666666667,0.08892703583698547,0.007908017702752498,0.019983347210657785,0.14136246747513212
0.42833333333333334,0.08704621987446552,0.007577044394433796,0.019983347210657785,0.14136246747513212
0.43000000000000005,0.0851558583130145,0.007251520205026202,0.019983347210657785,0.14136246747513212
0.4316666666666667,0.08325615845208025,0.006931587920197893,0.019983347210657785,0.14136246747513212
0.43333333333333335,0.08134732861516002,0.006617387872822832,0.019983347210657785,0.14136246747513212
0.43500000000000005,0.07942957812695606,0.006309057881426216,0.019983347210657785,0.14136246747513212
0.4366666666666667,0.07750311729042056,0.006006733189732686,0.019983347210657785,0.14136246747513212
0.43833333333333335,0.07556815736369343,0.005710546407343934,0.019983347210657785,0.14136246747513212
0.44,0.07362491053693564,0.005420627451571776,0.019983347210657785,0.14136246747513212
0.4416666666666667,0.07167358990906005,0.005137103490452114,0.019983347210657785,0.14136246747513212
0.44333333333333336,0.06971440946436307,0.004860098886964875,0.019983347210657785,0.14136246747513212
0.445,0.06774758404905827,0.004589735144484215,0.019983347210657785,0.14136246747513212
0.4466666666666667,0.0657733293477166,0.004326130853483197,0.019983347210657785,0.14136246747513212
0.44833333333333336,0.06379186185961398,0.004069401639516073,0.019983347210657785,0.14136246747513212
0.45,0.06180339887498951,0.0038196601125010544,0.019983347210657785,0.14136246747513212
0.4516666666666667,0.059808158451217314,0.003577015817325917,0.019983347210657785,0.14136246747513212
0.45333333333333337,0.057806359388894335,0.0033415751857980122,0.019983347210657785,0.14136246747513212
0.455,0.055798221207845826,0.003113441489959696,0.019983347210657785,0.14136246747513212
0.4566666666666667,0.053783964123053064,0.002892714796789859,0.019983347210657785,0.14136246747513212
0.45833333333333337,0.05176380902050412,0.002679491924311224,0.019983347210657785,0.14136246747513212
0.46,0.04973797743297097,0.002473866399122729,0.019983347210657785,0.14136246747513212
0.46166666666666667,0.04770669151571622,0.0022759284153757104,0.019983347210657785,0.14136246747513212
0.4633333333333334,0.04567017402213115,0.002085764795211743,0.019983347210657785,0.14136246747513212
0.465,0.043628648279308464,0.0019034589506796054,0.019983347210657785,0.14136246747513212
0.4666666666666667,0.04158233816355186,0.0017290908471479817,0.019983347210657785,0.14136246747513212
0.4683333333333334,0.03953146807582518,0.0015627369682299852,0.019983347210657785,0.14136246747513212
0.47000000000000003,0.03747626291714492,0.0014044702822349714,0.019983347210657785,0.14136246747513212
0.4716666666666667,0.03541694806391669,0.001254360210162172,0.019983347210657785,0.14136246747513212
0.4733333333333334,0.03335374934322043,0.0011124725952503774,0.019983347210657785,0.14136246747513212
0.47500000000000003,0.0312868930080462,0.00097886967409693,0.019983347210657785,0.14136246747513212
0.4766666666666667,0.0292166057124823,0.0008536100493586533,0.019983347210657785,0.14136246747513212
0.4783333333333334,0.02714311448686081,0.0007367486640468332,0.019983347210657785,0.14136246747513212
0.48000000000000004,0.02506664671286082,0.0006283367774273762,0.019983347210657785,0.14136246747513212
0.4816666666666667,0.022987430098573333,0.0005284219425367952,0.019983347210657785,0.14136246747513212
0.48333333333333334,0.020905692653530747,0.00043704798532388946,0.019983347210657785,0.14136246747513212
0.48500000000000004,0.018821662663702873,0.00035425498542622676,0.019983347210657785,0.14136246747513212
0.4866666666666667,0.016735568666463058,0.00028007925858990006,0.019983347210657785,0.14136246747513212
0.48833333333333334,0.014647639425526339,0.00021455334074023356,0.019983347210657785,0.14136246747513212
0.49000000000000005,0.012558103905862629,0.00015770597371044223,0.019983347210657785,0.14136246747513212
0.4916666666666667,0.010467191248588761,0.00010956209263453315,0.019983347210657785,0.14136246747513212
0.49333333333333335,0.008375130745839962,7.014281500991384e-05,0.019983347210657785,0.14136246747513212
0.49500000000000005,0.0062821518156256475,3.946543143456862e-05,0.019983347210657785,0.14136246747513212
0.4966666666666667,0.004188483976671333,1.7543398022832505e-05,0.019983347210657785,0.14136246747513212
0.49833333333333335,0.002094356823249142,4.386330503090238e-06,0.019983347210657785,0.14136246747513212
0.5,2.4492935982947065e-17,5.9990391306474315e-34,0.019983347210657785,0.14136246747513212
0.5016666666666667,-0.0020943568232491814,4.386330503090403e-06,0.019983347210657785,0.14136246747513212
0.5033333333333334,-0.004188483976671462,1.7543398022833586e-05,0.019983347210657785,0.14136246747513212
0.505,-0.006282151815625599,3.9465431434568005e-05,0.019983347210657785,0.14136246747513212
0.5066666666666667,-0.008375130745839914,7.014281500991303e-05,0.019983347210657785,0.14136246747513212
0.5083333333333334,-0.010467191248588801,0.00010956209263453399,0.019983347210657785,0.14136246747513212
0.51,-0.01255810390586267,0.00015770597371044326,0.019983347210657785,0.14136246747513212
0.5116666666666667,-0.014647639425526377,0.0002145533407402347,0.019983347210657785,0.14136246747513212
0.5133333333333334,-0.016735568666463186,0.0002800792585899044,0.019983347210657785,0.14136246747513212
0.515,-0.01882166266370282,0.0003542549854262248,0.019983347210657785,0.14136246747513212
0.5166666666666667,-0.020905692653530702,0.00043704798532388756,0.019983347210657785,0.14136246747513212
0.5183333333333333,-0.022987430098573288,0.0005284219425367931,0.019983347210657785,0.14136246747513212
0.52,-0.02506664671286086,0.0006283367774273781,0.019983347210657785,0.14136246747513212
0.5216666666666667,-0.027143114486860936,0.00073674866404684,0.019983347210657785,0.14136246747513212
0.5233333333333333,-0.029216605712482253,0.0008536100493586506,0.019983347210657785,0.14136246747513212
0.525,-0.03128689300804615,0.000978869674096927,0.019983347210657785,0.14136246747513212
0.5266666666666667,-0.033353749343220475,0.0011124725952503802,0.019983347210657785,0.14136246747513212
0.5283333333333333,-0.03541694806391664,0.0012543602101621686,0.019983347210657785,0.14136246747513212
0.53,-0.037476262917144954,0.001404470282234974,0.019983347210657785,0.14136246747513212
0.5316666666666667,-0.039531468075825305,0.0015627369682299952,0.019983347210657785,0.14136246747513212
0.5333333333333333,-0.041582338163551814,0.0017290908471479776,0.019983347210657785,0.14136246747513212
0.535,-0.043628648279308506,0.001903458950679609,0.019983347210657785,0.14136246747513212
0.5366666666666667,-0.045670174022131194,0.002085764795211747,0.019983347210657785,0.14136246747513212
0.5383333333333333,-0.04770669151571618,0.002275928415375706,0.019983347210657785,0.14136246747513212
0.54,-0.04973797743297101,0.0024738663991227335,0.019983347210657785,0.14136246747513212
0.5416666666666667,-0.05176380902050424,0.002679491924311236,0.019983347210657785,0.14136246747513212
0.5433333333333333,-0.05378396412305311,0.0028927147967898643,0.019983347210657785,0.14136246747513212
0.545,-0.05579822120784586,0.0031134414899596998,0.019983347210657785,0.14136246747513212
0.5466666666666667,-0.05780635938889437,0.003341575185798016,0.019983347210657785,0.14136246747513212
0.5483333333333333,-0.05980815845121734,0.0035770158173259203,0.019983347210657785,0.14136246747513212
0.55,-0.06180339887498955,0.0038196601125010596,0.019983347210657785,0.14136246747513212
0.5516666666666667,-0.0637918618596141,0.004069401639516087,0.019983347210657785,0.14136246747513212
0.5533333333333333,-0.06577332934771662,0.004326130853483201,0.019983347210657785,0.14136246747513212
0.555,-0.0677475840490583,0.004589735144484218,0.019983347210657785,0.14136246747513212
0.5566666666666668,-0.06971440946436312,0.004860098886964883,0.019983347210657785,0.14136246747513212
0.5583333333333333,-0.07167358990906009,0.0051371034904521195,0.019983347210657785,0.14136246747513212
0.56,-0.07362491053693566,0.00542062745157178,0.019983347210657785,0.14136246747513212
0.5616666666666666,-0.07556815736369338,0.0057105464073439255,0.019983347210657785,0.14136246747513212
0.5633333333333334,-0.07750311729042059,0.006006733189732691,0.019983347210657785,0.14136246747513212
0.5650000000000001,-0.07942957812695617,0.006309057881426234,0.019983347210657785,0.14136246747513212
0.5666666666666667,-0.08134732861515998,0.006617387872822825,0.019983347210657785,0.14136246747513212
0.5683333333333334,-0.0832561584520802,0.006931587920197886,0.019983347210657785,0.14136246747513212
0.5700000000000001,-0.08515585831301453,0.007251520205026206,0.019983347210657785,0.14136246747513212
0.5716666666666667,-0.08704621987446548,0.007577044394433789,0.019983347210657785,0.14136246747513212
0.5733333333333334,-0.08892703583698552,0.007908017702752507,0.019983347210657785,0.14136246747513212
0.5750000000000001,-0.09079809994790942,0.00824429495415055,0.019983347210657785,0.14136246747513212
0.5766666666666667,-0.09265920702397229,0.008585728646311356,0.019983347210657785,0.14136246747513212
0.5783333333333334,-0.09451015297381078,0.008932169015133115,0.019983347210657785,0.14136246747513212
0.5800000000000001,-0.09635073482034308,0.009283464100420072,0.019983347210657785,0.14136246747513212
0.5816666666666667,-0.09818075072302816,0.009639459812537395,0.019983347210657785,0.14136246747513212
0.5833333333333334,-0.10000000000000003,0.010000000000000007,0.019983347210657785,0.14136246747513212
0.5850000000000001,-0.10180828315007434,0.01036492651796571,0.019983347210657785,0.14136246747513212
0.5866666666666667,-0.103605401874626,0.010734079297602755,0.019983347210657785,0.14136246747513212
0.5883333333333334,-0.1053911590993355,0.011107296416301447,0.019983347210657785,0.14136246747513212
0.5900000000000001,-0.10716535899579936,0.011484414168698555,0.019983347210657785,0.14136246747513212
0.5916666666666667,-0.10892780700300542,0.011865267138483996,0.019983347210657785,0.14136246747513212
0.5933333333333334,-0.11067830984866887,0.012249688270957954,0.019983347210657785,0.14136246747513212
0.5950000000000001,-0.11241667557042621,0.012637508946306462,0.019983347210657785,0.14136246747513212
0.5966666666666667,-0.1141427135368863,0.013028559053563689,0.019983347210657785,0.14136246747513212
0.5983333333333334,-0.11585623446853577,0.013422667065228336,0.019983347210657785,0.14136246747513212
0.6000000000000001,-0.11755705045849468,0.013819660112501065,0.019983347210657785,0.14136246747513212
0.6016666666666667,-0.11924497499312317,0.01421936406111057,0.019983347210657785,0.14136246747513212
0.6033333333333334,-0.12091982297247504,0.014621603587694702,0.019983347210657785,0.14136246747513212
0.6050000000000001,-0.12258141073059539,0.015026202256702927,0.019983347210657785,0.14136246747513212
0.6066666666666667,-0.12422955605566206,0.015432982597786882,0.019983347210657785,0.14136246747513212
0.6083333333333334,-0.12586407820996753,0.015841766183644825,0.019983347210657785,0.14136246747513212
0.61,-0.12748479794973794,0.016252373708285507,0.019983347210657785,0.14136246747513212
0.6116666666666667,-0.12909153754479016,0.01666462506567797,0.019983347210657785,0.14136246747513212
0.6133333333333334,-0.13068412079802114,0.017078339428751782,0.019983347210657785,0.14136246747513212
0.615,-0.13226237306473035,0.01749333532871391,0.019983347210657785,0.14136246747513212
0.6166666666666667,-0.13382612127177165,0.017909430734646934,0.019983347210657785,0.14136246747513212
0.6183333333333334,-0.1353751939365322,0.0183264431333537,0.019983347210657785,0.14136246747513212
0.62,-0.13690942118573776,0.01874418960941374,0.019983347210657785,0.14136246747513212
0.6216666666666667,-0.13842863477408138,0.01916248692541601,0.019983347210657785,0.14136246747513212
0.6233333333333334,-0.13993266810267316,0.019581151602332883,0.019983347210657785,0.14136246747513212
0.625,-0.1414213562373095,0.02,0.019983347210657785,0.14136246747513212
0.6266666666666667,-0.1428945359265607,0.02041884839766715,0.019983347210657785,0.14136246747513212
0.6283333333333334,-0.1443520456196725,0.020837513074584008,0.019983347210657785,0.14136246747513212
0.63,-0.14579372548428227,0.021255810390586258,0.019983347210657785,0.14136246747513212
0.6316666666666667,-0.14721941742394687,0.02167355686664631,0.019983347210657785,0.14136246747513212
0.6333333333333334,-0.14862896509547888,0.022090569265353077,0.019983347210657785,0.14136246747513212
0.635,-0.1500222139260919,0.022506664671286085,0.019983347210657785,0.14136246747513212
0.6366666666666667,-0.15139901113035126,0.022921660571248222,0.019983347210657785,0.14136246747513212
0.6383333333333334,-0.15275920572692844,0.02333537493432205,0.019983347210657785,0.14136246747513212
0.64,-0.15410264855515787,0.0237476262917145,0.019983347210657785,0.14136246747513212
0.6416666666666667,-0.15542919229139424,0.024158233816355207,0.019983347210657785,0.14136246747513212
0.6433333333333334,-0.15673869146516806,0.024567017402213145,0.019983347210657785,0.14136246747513212
0.645,-0.1580310024751381,0.024973797743297103,0.019983347210657785,0.14136246747513212
0.6466666666666667,-0.1593059836048393,0.02537839641230533,0.019983347210657785,0.14136246747513212
0.6483333333333334,-0.16056349503822298,0.025780635938889455,0.019983347210657785,0.14136246747513212
0.65,-0.16180339887498948,0.02618033988749895,0.019983347210657785,0.14136246747513212
0.6516666666666667,-0.16302555914571087,0.026577332934771675,0.019983347210657785,0.14136246747513212
0.6533333333333333,-0.16422984182674075,0.026971440946436283,0.019983347210657785,0.14136246747513212
0.655,-0.16541611485491234,0.02736249105369355,0.019983347210657785,0.14136246747513212
0.6566666666666667,-0.1665842481420199,0.027750311729042056,0.019983347210657785,0.14136246747513212
0.6583333333333333,-0.16773411358908485,0.02813473286151602,0.019983347210657785,0.14136246747513212
0.66,-0.16886558510040306,0.028515585831301468,0.019983347210657785,0.14136246747513212
0.6616666666666667,-0.16997853859737286,0.028892703583698574,0.019983347210657785,0.14136246747513212
0.6633333333333333,-0.17107285203210132,0.02926592070239723,0.019983347210657785,0.14136246747513212
0.665,-0.17214840540078877,0.02963507348203432,0.019983347210657785,0.14136246747513212
0.6666666666666667,-0.17320508075688779,0.03000000000000002,0.019983347210657785,0.14136246747513212
0.6683333333333333,-0.1742427622240379,0.030360540187462606,0.019983347210657785,0.14136246747513212
0.67,-0.17526133600877272,0.030716535899579935,0.019983347210657785,0.14136246747513212
0.6716666666666667,-0.1762606904129985,0.0310678309848669,0.019983347210657785,0.14136246747513212
0.6733333333333333,-0.1772407158462429,0.03141427135368862,0.019983347210657785,0.14136246747513212
0.675,-0.17820130483767357,0.031755705045849465,0.019983347210657785,0.14136246747513212
0.6766666666666667,-0.1791423520478826,0.0320919822972475,0.019983347210657785,0.14136246747513212
0.6783333333333333,-0.18006375428043875,0.032422955605566225,0.019983347210657785,0.14136246747513212
0.68,-0.18096541049320397,0.03274847979497382,0.019983347210657785,0.14136246747513212
0.6816666666666668,-0.1818472218094138,0.033068412079802136,0.019983347210657785,0.14136246747513212
0.6833333333333333,-0.18270909152852022,0.03338261212717718,0.019983347210657785,0.14136246747513212
0.685,-0.18355092513679627,0.03369094211857379,0.019983347210657785,0.14136246747513212
0.6866666666666668,-0.18437263031770015,0.03399326681026733,0.019983347210657785,0.14136246747513212
0.6883333333333334,-0.18517411696199895,0.03428945359265607,0.019983347210657785,0.14136246747513212
0.6900000000000001,-0.1859552971776503,0.03457937254842824,0.019983347210657785,0.14136246747513212
0.6916666666666668,-0.1867160852994404,0.0348628965095479,0.019983347210657785,0.14136246747513212
0.6933333333333334,-0.1874563978983783,0.03513990111303513,0.019983347210657785,0.14136246747513212
0.6950000000000001,-0.1881761537908451,0.03541026485551579,0.019983347210657785,0.14136246747513212
0.6966666666666667,-0.18887527404749618,0.03567386914651679,0.019983347210657785,0.14136246747513212
0.6983333333333334,-0.18955368200191713,0.03593059836048392,0.019983347210657785,0.14136246747513212
0.7000000000000001,-0.1902113032590307,0.03618033988749895,0.019983347210657785,0.14136246747513212
0.7016666666666667,-0.1908480657032554,0.0364229841826741,0.019983347210657785,0.14136246747513212
0.7033333333333334,-0.1914638995064135,0.036658424814202,0.019983347210657785,0.14136246747513212
0.7050000000000001,-0.19205873713538865,0.036886558510040315,0.019983347210657785,0.14136246747513212
0.7066666666666667,-0.19263251335953163,0.03710728520321013,0.019983347210657785,0.14136246747513212
0.7083333333333334,-0.19318516525781368,0.037320508075688784,0.019983347210657785,0.14136246747513212
0.7100000000000001,-0.19371663222572624,0.03752613360087728,0.019983347210657785,0.14136246747513212
0.7116666666666667,-0.1942268559819272,0.03772407158462429,0.019983347210657785,0.14136246747513212
0.7133333333333334,-0.19471578057463207,0.03791423520478826,0.019983347210657785,0.14136246747513212
0.7150000000000001,-0.1951833523877495,0.0380965410493204,0.019983347210657785,0.14136246747513212
0.7166666666666667,-0.19562952014676113,0.03827090915285202,0.019983347210657785,0.14136246747513212
0.7183333333333334,-0.19605423492434437,0.03843726303177001,0.019983347210657785,0.14136246747513212
0.7200000000000001,-0.19645745014573776,0.03859552971776504,0.019983347210657785,0.14136246747513212
0.7216666666666667,-0.19683912159384842,0.038745639789837846,0.019983347210657785,0.14136246747513212
0.7233333333333334,-0.19719920741410102,0.038887527404749635,0.019983347210657785,0.14136246747513212
0.7250000000000001,-0.1975376681190276,0.03902113032590309,0.019983347210657785,0.14136246747513212
0.7266666666666667,-0.19785446659259767,0.03914638995064135,0.019983347210657785,0.14136246747513212
0.7283333333333334,-0.19814956809428874,0.039263251335953174,0.019983347210657785,0.14136246747513212
0.7300000000000001,-0.1984229402628956,0.03937166322257263,0.019983347210657785,0.14136246747513212
0.7316666666666667,-0.1986745531200793,0.039471578057463215,0.019983347210657785,0.14136246747513212
0.7333333333333334,-0.19890437907365469,0.03956295201467612,0.019983347210657785,0.14136246747513212
0.7350000000000001,-0.199112392920616,0.03964574501457377,0.019983347210657785,0.14136246747513212
0.7366666666666667,-0.19929857184990085,0.03971992074141009,0.019983347210657785,0.14136246747513212
0.7383333333333334,-0.19946289544489162,0.03978544665925977,0.019983347210657785,0.14136246747513212
0.7400000000000001,-0.19960534568565433,0.03984229402628956,0.019983347210657785,0.14136246747513212
0.7416666666666667,-0.1997259069509148,0.039890437907365475,0.019983347210657785,0.14136246747513212
0.7433333333333334,-0.1998245660197717,0.0399298571849901,0.019983347210657785,0.14136246747513212
0.745,-0.19990131207314632,0.03996053456856544,0.019983347210657785,0.14136246747513212
0.7466666666666667,-0.19995613669496912,0.039982456601977176,0.019983347210657785,0.14136246747513212
0.7483333333333334,-0.19998903387310243,0.039995613669496916,0.019983347210657785,0.14136246747513212
0.75,-0.2,0.04000000000000001,0.019983347210657785,0.14136246747513212
0.7516666666666667,-0.19998903387310243,0.039995613669496916,0.019983347210657785,0.14136246747513212
0.7533333333333334,-0.19995613669496912,0.039982456601977176,0.019983347210657785,0.14136246747513212
0.755,-0.19990131207314632,0.03996053456856544,0.019983347210657785,0.14136246747513212
0.7566666666666667,-0.1998245660197717,0.0399298571849901,0.019983347210657785,0.14136246747513212
0.7583333333333334,-0.19972590695091477,0.03989043790736547,0.019983347210657785,0.14136246747513212
0.76,-0.19960534568565433,0.03984229402628956,0.019983347210657785,0.14136246747513212
0.7616666666666667,-0.19946289544489162,0.03978544665925977,0.019983347210657785,0.14136246747513212
0.7633333333333334,-0.19929857184990088,0.039719920741410106,0.019983347210657785,0.14136246747513212
0.765,-0.199112392920616,0.03964574501457377,0.019983347210657785,0.14136246747513212
0.7666666666666667,-0.19890437907365466,0.039562952014676106,0.019983347210657785,0.14136246747513212
0.7683333333333334,-0.19867455312007928,0.03947157805746321,0.019983347210657785,0.14136246747513212
0.77,-0.1984229402628956,0.03937166322257263,0.019983347210657785,0.14136246747513212
0.7716666666666667,-0.19814956809428874,0.039263251335953174,0.019983347210657785,0.14136246747513212
0.7733333333333334,-0.19785446659259764,0.03914638995064134,0.019983347210657785,0.14136246747513212
0.775,-0.19753766811902757,0.039021130325903076,0.019983347210657785,0.14136246747513212
0.7766666666666667,-0.197199207414101,0.03888752740474962,0.019983347210657785,0.14136246747513212
0.7783333333333334,-0.1968391215938484,0.03874563978983783,0.019983347210657785,0.14136246747513212
0.78,-0.19645745014573776,0.03859552971776504,0.019983347210657785,0.14136246747513212
0.7816666666666667,-0.19605423492434437,0.03843726303177001,0.019983347210657785,0.14136246747513212
0.7833333333333334,-0.19562952014676113,0.03827090915285202,0.019983347210657785,0.14136246747513212
0.785,-0.19518335238774948,0.038096541049320386,0.019983347210657785,0.14136246747513212
0.7866666666666667,-0.19471578057463204,0.03791423520478825,0.019983347210657785,0.14136246747513212
0.7883333333333333,-0.19422685598192724,0.037724071584624305,0.019983347210657785,0.14136246747513212
0.79,-0.19371663222572622,0.03752613360087727,0.019983347210657785,0.14136246747513212
0.7916666666666667,-0.19318516525781365,0.03732050807568877,0.019983347210657785,0.14136246747513212
0.7933333333333333,-0.19263251335953166,0.03710728520321014,0.019983347210657785,0.14136246747513212
0.795,-0.19205873713538862,0.03688655851004031,0.019983347210657785,0.14136246747513212
0.7966666666666667,-0.19146389950641346,0.03665842481420199,0.019983347210657785,0.14136246747513212
0.7983333333333333,-0.1908480657032554,0.0364229841826741,0.019983347210657785,0.14136246747513212
0.8,-0.19021130325903074,0.036180339887498955,0.019983347210657785,0.14136246747513212
0.8016666666666667,-0.18955368200191713,0.03593059836048392,0.019983347210657785,0.14136246747513212
0.8033333333333333,-0.1888752740474962,0.035673869146516796,0.019983347210657785,0.14136246747513212
0.805,-0.18817615379084507,0.03541026485551577,0.019983347210657785,0.14136246747513212
0.8066666666666668,-0.18745639789837826,0.03513990111303511,0.019983347210657785,0.14136246747513212
0.8083333333333333,-0.18671608529944037,0.03486289650954789,0.019983347210657785,0.14136246747513212
0.81,-0.18595529717765025,0.03457937254842822,0.019983347210657785,0.14136246747513212
0.8116666666666668,-0.18517411696199892,0.03428945359265606,0.019983347210657785,0.14136246747513212
0.8133333333333334,-0.18437263031770013,0.03399326681026731,0.019983347210657785,0.14136246747513212
0.8150000000000001,-0.18355092513679622,0.03369094211857377,0.019983347210657785,0.14136246747513212
0.8166666666666668,-0.18270909152852016,0.03338261212717716,0.019983347210657785,0.14136246747513212
0.8183333333333334,-0.18184722180941373,0.033068412079802115,0.019983347210657785,0.14136246747513212
0.8200000000000001,-0.18096541049320392,0.0327484797949738,0.019983347210657785,0.14136246747513212
0.8216666666666668,-0.1800637542804387,0.032422955605566205,0.019983347210657785,0.14136246747513212
0.8233333333333334,-0.17914235204788262,0.032091982297247516,0.019983347210657785,0.14136246747513212
0.8250000000000001,-0.1782013048376736,0.03175570504584947,0.019983347210657785,0.14136246747513212
0.8266666666666668,-0.17724071584624296,0.03141427135368864,0.019983347210657785,0.14136246747513212
0.8283333333333334,-0.1762606904129984,0.03106783098486687,0.019983347210657785,0.14136246747513212
0.8300000000000001,-0.1752613360087727,0.030716535899579924,0.019983347210657785,0.14136246747513212
0.8316666666666667,-0.1742427622240379,0.030360540187462606,0.019983347210657785,0.14136246747513212
0.8333333333333334,-0.17320508075688773,0.03,0.019983347210657785,0.14136246747513212
0.8350000000000001,-0.17214840540078868,0.029635073482034292,0.019983347210657785,0.14136246747513212
0.8366666666666667,-0.17107285203210137,0.029265920702397252,0.019983347210657785,0.14136246747513212
0.8383333333333334,-0.1699785385973728,0.028892703583698557,0.019983347210657785,0.14136246747513212
0.8400000000000001,-0.168865585100403,0.028515585831301447,0.019983347210657785,0.14136246747513212
0.8416666666666667,-0.16773411358908485,0.02813473286151602,0.019983347210657785,0.14136246747513212
0.8433333333333334,-0.16658424814201994,0.027750311729042073,0.019983347210657785,0.14136246747513212
0.8450000000000001,-0.16541611485491237,0.02736249105369356,0.019983347210657785,0.14136246747513212
0.8466666666666667,-0.1642298418267408,0.026971440946436304,0.019983347210657785,0.14136246747513212
0.8483333333333334,-0.16302555914571082,0.026577332934771658,0.019983347210657785,0.14136246747513212
0.8500000000000001,-0.1618033988749894,0.026180339887498922,0.019983347210657785,0.14136246747513212
0.8516666666666667,-0.1605634950382229,0.025780635938889428,0.019983347210657785,0.14136246747513212
0.8533333333333334,-0.15930598360483925,0.025378396412305312,0.019983347210657785,0.14136246747513212
0.8550000000000001,-0.15803100247513802,0.02497379774329708,0.019983347210657785,0.14136246747513212
0.8566666666666667,-0.15673869146516797,0.02456701740221312,0.019983347210657785,0.14136246747513212
0.8583333333333334,-0.15542919229139418,0.02415823381635519,0.019983347210657785,0.14136246747513212
0.8600000000000001,-0.15410264855515782,0.023747626291714483,0.019983347210657785,0.14136246747513212
0.8616666666666667,-0.15275920572692847,0.023335374934322056,0.019983347210657785,0.14136246747513212
0.8633333333333334,-0.1513990111303513,0.02292166057124824,0.019983347210657785,0.14136246747513212
0.8650000000000001,-0.1500222139260919,0.022506664671286085,0.019983347210657785,0.14136246747513212
0.8666666666666667,-0.14862896509547882,0.022090569265353063,0.019983347210657785,0.14136246747513212
0.8683333333333334,-0.14721941742394679,0.021673556866646286,0.019983347210657785,0.14136246747513212
0.8700000000000001,-0.14579372548428218,0.021255810390586233,0.019983347210657785,0.14136246747513212
0.8716666666666667,-0.1443520456196724,0.020837513074583983,0.019983347210657785,0.14136246747513212
0.8733333333333334,-0.14289453592656062,0.020418848397667125,0.019983347210657785,0.14136246747513212
0.8750000000000001,-0.14142135623730942,0.019999999999999976,0.019983347210657785,0.14136246747513212
0.8766666666666667,-0.1399326681026731,0.019581151602332866,0.019983347210657785,0.14136246747513212
0.8783333333333334,-0.13842863477408132,0.019162486925415997,0.019983347210657785,0.14136246747513212
0.88,-0.1369094211857378,0.018744189609413747,0.019983347210657785,0.14136246747513212
0.8816666666666667,-0.13537519393653216,0.018326443133353694,0.019983347210657785,0.14136246747513212
0.8833333333333334,-0.13382612127177163,0.017909430734646927,0.019983347210657785,0.14136246747513212
0.885,-0.13226237306473046,0.017493335328713937,0.019983347210657785,0.14136246747513212
0.8866666666666667,-0.13068412079802114,0.017078339428751782,0.019983347210657785,0.14136246747513212
0.8883333333333334,-0.12909153754479014,0.016664625065677962,0.019983347210657785,0.14136246747513212
0.89,-0.12748479794973794,0.016252373708285507,0.019983347210657785,0.14136246747513212
0.8916666666666667,-0.12586407820996745,0.015841766183644804,0.019983347210657785,0.14136246747513212
0.8933333333333334,-0.12422955605566198,0.015432982597786861,0.019983347210657785,0.14136246747513212
0.895,-0.12258141073059531,0.015026202256702906,0.019983347210657785,0.14136246747513212
0.8966666666666667,-0.12091982297247494,0.01462160358769468,0.019983347210657785,0.14136246747513212
0.8983333333333334,-0.1192449749931231,0.014219364061110554,0.019983347210657785,0.14136246747513212
0.9,-0.11755705045849468,0.013819660112501065,0.019983347210657785,0.14136246747513212
0.9016666666666667,-0.11585623446853577,0.013422667065228336,0.019983347210657785,0.14136246747513212
0.9033333333333334,-0.1141427135368863,0.013028559053563689,0.019983347210657785,0.14136246747513212
0.905,-0.11241667557042619,0.012637508946306455,0.019983347210657785,0.14136246747513212
0.9066666666666667,-0.11067830984866885,0.012249688270957947,0.019983347210657785,0.14136246747513212
0.9083333333333334,-0.1089278070030054,0.011865267138483992,0.019983347210657785,0.14136246747513212
0.91,-0.10716535899579926,0.011484414168698534,0.019983347210657785,0.14136246747513212
0.9116666666666667,-0.10539115909933541,0.01110729641630143,0.019983347210657785,0.14136246747513212
0.9133333333333334,-0.10360540187462591,0.010734079297602738,0.019983347210657785,0.14136246747513212
0.915,-0.10180828315007424,0.010364926517965691,0.019983347210657785,0.14136246747513212
0.9166666666666667,-0.09999999999999994,0.009999999999999988,0.019983347210657785,0.14136246747513212
0.9183333333333334,-0.09818075072302807,0.009639459812537375,0.019983347210657785,0.14136246747513212
0.92,-0.09635073482034306,0.00928346410042007,0.019983347210657785,0.14136246747513212
0.9216666666666667,-0.09451015297381077,0.008932169015133112,0.019983347210657785,0.14136246747513212
0.9233333333333333,-0.09265920702397243,0.008585728646311382,0.019983347210657785,0.14136246747513212
0.925,-0.0907980999479094,0.008244294954150544,0.019983347210657785,0.14136246747513212
0.9266666666666667,-0.0889270358369855,0.007908017702752504,0.019983347210657785,0.14136246747513212
0.9283333333333333,-0.08704621987446547,0.007577044394433787,0.019983347210657785,0.14136246747513212
0.93,-0.08515585831301445,0.007251520205026192,0.019983347210657785,0.14136246747513212
0.9316666666666668,-0.08325615845208012,0.006931587920197872,0.019983347210657785,0.14136246747513212
0.9333333333333333,-0.08134732861516003,0.006617387872822834,0.019983347210657785,0.14136246747513212
0.935,-0.07942957812695607,0.006309057881426218,0.019983347210657785,0.14136246747513212
0.9366666666666668,-0.0775031172904205,0.006006733189732678,0.019983347210657785,0.14136246747513212
0.9383333333333334,-0.07556815736369345,0.005710546407343936,0.019983347210657785,0.14136246747513212
0.9400000000000001,-0.07362491053693558,0.005420627451571768,0.019983347210657785,0.14136246747513212
0.9416666666666668,-0.07167358990905999,0.005137103490452106,0.019983347210657785,0.14136246747513212
0.9433333333333334,-0.06971440946436311,0.00486009888696488,0.019983347210657785,0.14136246747513212
0.9450000000000001,-0.06774758404905828,0.004589735144484216,0.019983347210657785,0.14136246747513212
0.9466666666666668,-0.06577332934771661,0.004326130853483199,0.019983347210657785,0.14136246747513212
0.9483333333333334,-0.0637918618596141,0.004069401639516087,0.019983347210657785,0.14136246747513212
0.9500000000000001,-0.061803398874989535,0.003819660112501058,0.019983347210657785,0.14136246747513212
0.9516666666666668,-0.059808158451217334,0.0035770158173259194,0.019983347210657785,0.14136246747513212
0.9533333333333334,-0.05780635938889427,0.003341575185798005,0.019983347210657785,0.14136246747513212
0.9550000000000001,-0.055798221207845757,0.003113441489959688,0.019983347210657785,0.14136246747513212
0.9566666666666668,-0.05378396412305301,0.002892714796789853,0.019983347210657785,0.14136246747513212
0.9583333333333334,-0.05176380902050414,0.002679491924311226,0.019983347210657785,0.14136246747513212
0.9600000000000001,-0.0497379774329709,0.002473866399122722,0.019983347210657785,0.14136246747513212
0.9616666666666668,-0.047706691515716076,0.002275928415375696,0.019983347210657785,0.14136246747513212
0.9633333333333334,-0.04567017402213117,0.002085764795211745,0.019983347210657785,0.14136246747513212
0.9650000000000001,-0.043628648279308485,0.0019034589506796073,0.019983347210657785,0.14136246747513212
0.9666666666666667,-0.041582338163551974,0.001729090847147991,0.019983347210657785,0.14136246747513212
0.9683333333333334,-0.03953146807582529,0.0015627369682299941,0.019983347210657785,0.14136246747513212
0.9700000000000001,-0.03747626291714494,0.001404470282234973,0.019983347210657785,0.14136246747513212
0.9716666666666667,-0.035416948063916626,0.0012543602101621676,0.019983347210657785,0.14136246747513212
0.9733333333333334,-0.03335374934322038,0.0011124725952503737,0.019983347210657785,0.14136246747513212
0.9750000000000001,-0.031286893008046046,0.0009788696740969205,0.019983347210657785,0.14136246747513212
0.9766666666666667,-0.029216605712482326,0.000853610049358655,0.019983347210657785,0.14136246747513212
0.9783333333333334,-0.027143114486860832,0.0007367486640468344,0.019983347210657785,0.14136246747513212
0.9800000000000001,-0.025066646712860758,0.0006283367774273731,0.019983347210657785,0.14136246747513212
0.9816666666666667,-0.02298743009857336,0.0005284219425367965,0.019983347210657785,0.14136246747513212
0.9833333333333334,-0.020905692653530684,0.0004370479853238868,0.019983347210657785,0.14136246747513212
0.9850000000000001,-0.018821662663702807,0.00035425498542622426,0.019983347210657785,0.14136246747513212
0.9866666666666667,-0.01673556866646317,0.0002800792585899038,0.019983347210657785,0.14136246747513212
0.9883333333333334,-0.014647639425526363,0.0002145533407402343,0.019983347210657785,0.14136246747513212
0.9900000000000001,-0.012558103905862653,0.00015770597371044282,0.019983347210657785,0.14136246747513212
0.9916666666666667,-0.010467191248588697,0.0001095620926345318,0.019983347210657785,0.14136246747513212
0.9933333333333334,-0.00837513074583981,7.014281500991129e-05,0.019983347210657785,0.14136246747513212
0.9950000000000001,-0.006282151815625495,3.94654314345667e-05,0.019983347210657785,0.14136246747513212
0.9966666666666667,-0.004188483976671358,1.7543398022832715e-05,0.019983347210657785,0.14136246747513212
0.9983333333333334,-0.0020943568232490773,4.386330503089967e-06,0.019983347210657785,0.14136246747513212
1.0,-4.898587196589413e-17,2.3996156522589726e-33,0.019983347210657785,0.14136246747513212
1.0016666666666667,0.002094356823249157,4.386330503090301e-06,0.019983347210657785,0.14136246747513212
1.0033333333333334,0.004188483976671437,1.7543398022833376e-05,0.019983347210657785,0.14136246747513212
1.0050000000000001,0.0062821518156257515,3.946543143456993e-05,0.019983347210657785,0.14136246747513212
1.0066666666666668,0.008375130745840067,7.014281500991559e-05,0.019983347210657785,0.14136246747513212
1.0083333333333333,0.0104671912485886,0.00010956209263452977,0.019983347210657785,0.14136246747513212
1.01,0.012558103905862556,0.00015770597371044038,0.019983347210657785,0.14136246747513212
1.0116666666666667,0.014647639425526266,0.00021455334074023144,0.019983347210657785,0.14136246747513212
1.0133333333333334,0.01673556866646307,0.00028007925858990055,0.019983347210657785,0.14136246747513212
1.0150000000000001,0.018821662663702887,0.00035425498542622724,0.019983347210657785,0.14136246747513212
1.0166666666666668,0.020905692653530764,0.00043704798532389017,0.019983347210657785,0.14136246747513212
1.0183333333333333,0.022987430098573264,0.000528421942536792,0.019983347210657785,0.14136246747513212
1.02,0.025066646712860838,0.0006283367774273771,0.019983347210657785,0.14136246747513212
1.0216666666666667,0.02714311448686091,0.0007367486640468385,0.019983347210657785,0.14136246747513212
1.0233333333333334,0.029216605712482403,0.0008536100493586594,0.019983347210657785,0.14136246747513212
1.0250000000000001,0.0312868930080463,0.0009788696740969367,0.019983347210657785,0.14136246747513212
1.0266666666666668,0.03335374934322063,0.0011124725952503904,0.019983347210657785,0.14136246747513212
1.0283333333333333,0.03541694806391653,0.0012543602101621608,0.019983347210657785,0.14136246747513212
1.03,0.03747626291714484,0.0014044702822349658,0.019983347210657785,0.14136246747513212
1.0316666666666667,0.039531468075825194,0.0015627369682299863,0.019983347210657785,0.14136246747513212
1.0333333333333334,0.04158233816355188,0.0017290908471479828,0.019983347210657785,0.14136246747513212
1.0350000000000001,0.04362864827930857,0.0019034589506796145,0.019983347210657785,0.14136246747513212
1.0366666666666666,0.04567017402213108,0.0020857647952117367,0.019983347210657785,0.14136246747513212
1.0383333333333333,0.04770669151571615,0.0022759284153757034,0.019983347210657785,0.14136246747513212
1.04,0.04973797743297098,0.0024738663991227304,0.019983347210657785,0.14136246747513212
1.0416666666666667,0.05176380902050422,0.002679491924311234,0.019983347210657785,0.14136246747513212
1.0433333333333334,0.05378396412305325,0.0028927147967898795,0.019983347210657785,0.14136246747513212
1.0450000000000002,0.05579822120784601,0.0031134414899597167,0.019983347210657785,0.14136246747513212
1.0466666666666666,0.05780635938889418,0.0033415751857979945,0.019983347210657785,0.14136246747513212
1.0483333333333333,0.059808158451217244,0.0035770158173259086,0.019983347210657785,0.14136246747513212
1.05,0.06180339887498944,0.0038196601125010457,0.019983347210657785,0.14136246747513212
1.0516666666666667,0.06379186185961398,0.004069401639516073,0.019983347210657785,0.14136246747513212
1.0533333333333335,0.0657733293477167,0.00432613085348321,0.019983347210657785,0.14136246747513212
1.0550000000000002,0.06774758404905837,0.004589735144484228,0.019983347210657785,0.14136246747513212
1.0566666666666666,0.06971440946436301,0.004860098886964867,0.019983347210657785,0.14136246747513212
1.0583333333333333,0.07167358990906007,0.005137103490452118,0.019983347210657785,0.14136246747513212
1.06,0.07362491053693564,0.005420627451571776,0.019983347210657785,0.14136246747513212
1.0616666666666668,0.07556815736369353,0.005710546407343949,0.019983347210657785,0.14136246747513212
1.0633333333333335,0.07750311729042074,0.006006733189732714,0.019983347210657785,0.14136246747513212
1.0650000000000002,0.07942957812695631,0.006309057881426256,0.019983347210657785,0.14136246747513212
1.0666666666666667,0.08134732861515995,0.006617387872822821,0.019983347210657785,0.14136246747513212
1.0683333333333334,0.08325615845208018,0.006931587920197881,0.019983347210657785,0.14136246747513212
1.07,0.08515585831301452,0.0072515202050262035,0.019983347210657785,0.14136246747513212
1.0716666666666668,0.08704621987446554,0.007577044394433799,0.019983347210657785,0.14136246747513212
1.0733333333333335,0.08892703583698558,0.007908017702752517,0.019983347210657785,0.14136246747513212
1.0750000000000002,0.09079809994790948,0.00824429495415056,0.019983347210657785,0.14136246747513212
1.0766666666666667,0.09265920702397235,0.008585728646311366,0.019983347210657785,0.14136246747513212
1.0783333333333334,0.09451015297381084,0.008932169015133126,0.019983347210657785,0.14136246747513212
1.08,0.09635073482034313,0.009283464100420084,0.019983347210657785,0.14136246747513212
1.0816666666666668,0.09818075072302829,0.009639459812537419,0.019983347210657785,0.14136246747513212
1.0833333333333335,0.10000000000000016,0.010000000000000031,0.019983347210657785,0.14136246747513212
1.085,0.10180828315007416,0.010364926517965674,0.019983347210657785,0.14136246747513212
1.0866666666666667,0.10360540187462597,0.01073407929760275,0.019983347210657785,0.14136246747513212
1.0883333333333334,0.10539115909933548,0.011107296416301444,0.019983347210657785,0.14136246747513212
1.09,0.10716535899579933,0.01148441416869855,0.019983347210657785,0.14136246747513212
1.0916666666666668,0.10892780700300547,0.011865267138484008,0.019983347210657785,0.14136246747513212
1.0933333333333335,0.11067830984866892,0.012249688270957963,0.019983347210657785,0.14136246747513212
1.095,0.1124166755704261,0.012637508946306436,0.019983347210657785,0.14136246747513212
1.0966666666666667,0.11414271353688638,0.013028559053563704,0.019983347210657785,0.14136246747513212
1.0983333333333334,0.11585623446853584,0.013422667065228351,0.019983347210657785,0.14136246747513212
1.1,0.11755705045849472,0.013819660112501075,0.019983347210657785,0.14136246747513212
1.1016666666666668,0.11924497499312331,0.014219364061110603,0.019983347210657785,0.14136246747513212
1.1033333333333335,0.12091982297247515,0.01462160358769473,0.019983347210657785,0.14136246747513212
1.105,0.12258141073059524,0.015026202256702889,0.019983347210657785,0.14136246747513212
1.1066666666666667,0.12422955605566205,0.015432982597786879,0.019983347210657785,0.14136246747513212
1.1083333333333334,0.1258640782099675,0.01584176618364482,0.019983347210657785,0.14136246747513212
1.11,0.127484797949738,0.01625237370828552,0.019983347210657785,0.14136246747513212
1.1116666666666668,0.1290915375447902,0.016664625065677976,0.019983347210657785,0.14136246747513212
1.1133333333333335,0.13068412079802122,0.017078339428751803,0.019983347210657785,0.14136246747513212
1.115,0.1322623730647304,0.017493335328713923,0.019983347210657785,0.14136246747513212
1.1166666666666667,0.1338261212717717,0.017909430734646948,0.019983347210657785,0.14136246747513212
1.1183333333333334,0.13537519393653225,0.018326443133353718,0.019983347210657785,0.14136246747513212
1.12,0.13690942118573787,0.01874418960941377,0.019983347210657785,0.14136246747513212
1.1216666666666668,0.13842863477408152,0.01916248692541605,0.019983347210657785,0.14136246747513212
1.1233333333333333,0.139932668102673,0.019581151602332834,0.019983347210657785,0.14136246747513212
1.125,0.14142135623730948,0.019999999999999993,0.019983347210657785,0.14136246747513212
1.1266666666666667,0.14289453592656068,0.020418848397667142,0.019983347210657785,0.14136246747513212
1.1283333333333334,0.14435204561967246,0.020837513074584,0.019983347210657785,0.14136246747513212
1.1300000000000001,0.14579372548428238,0.02125581039058629,0.019983347210657785,0.14136246747513212
1.1316666666666668,0.14721941742394695,0.021673556866646335,0.019983347210657785,0.14136246747513212
1.1333333333333333,0.14862896509547874,0.022090569265353036,0.019983347210657785,0.14136246747513212
1.135,0.15002221392609183,0.02250666467128606,0.019983347210657785,0.14136246747513212
1.1366666666666667,0.15139901113035126,0.022921660571248222,0.019983347210657785,0.14136246747513212
1.1383333333333334,0.15275920572692844,0.02333537493432205,0.019983347210657785,0.14136246747513212
1.1400000000000001,0.15410264855515787,0.0237476262917145,0.019983347210657785,0.14136246747513212
1.1416666666666668,0.15542919229139424,0.024158233816355207,0.019983347210657785,0.14136246747513212
1.1433333333333333,0.15673869146516795,0.02456701740221311,0.019983347210657785,0.14136246747513212
1.145,0.15803100247513807,0.024973797743297096,0.019983347210657785,0.14136246747513212
1.1466666666666667,0.15930598360483927,0.02537839641230532,0.019983347210657785,0.14136246747513212
1.1483333333333334,0.16056349503822298,0.025780635938889455,0.019983347210657785,0.14136246747513212
1.1500000000000001,0.16180339887498957,0.026180339887498974,0.019983347210657785,0.14136246747513212
1.1516666666666668,0.16302555914571093,0.026577332934771693,0.019983347210657785,0.14136246747513212
1.1533333333333333,0.16422984182674072,0.026971440946436276,0.019983347210657785,0.14136246747513212
1.155,0.16541611485491234,0.02736249105369355,0.019983347210657785,0.14136246747513212
1.1566666666666667,0.1665842481420199,0.027750311729042056,0.019983347210657785,0.14136246747513212
1.1583333333333334,0.16773411358908483,0.02813473286151601,0.019983347210657785,0.14136246747513212
1.1600000000000001,0.16886558510040306,0.028515585831301468,0.019983347210657785,0.14136246747513212
1.1616666666666668,0.16997853859737286,0.028892703583698574,0.019983347210657785,0.14136246747513212
1.1633333333333333,0.17107285203210132,0.02926592070239723,0.019983347210657785,0.14136246747513212
1.165,0.17214840540078874,0.02963507348203431,0.019983347210657785,0.14136246747513212
1.1666666666666667,0.17320508075688779,0.03000000000000002,0.019983347210657785,0.14136246747513212
1.1683333333333334,0.17424276222403795,0.030360540187462627,0.019983347210657785,0.14136246747513212
1.1700000000000002,0.1752613360087728,0.030716535899579962,0.019983347210657785,0.14136246747513212
1.1716666666666666,0.17626069041299838,0.03106783098486686,0.019983347210657785,0.14136246747513212
1.1733333333333333,0.1772407158462429,0.03141427135368862,0.019983347210657785,0.14136246747513212
1.175,0.17820130483767357,0.031755705045849465,0.019983347210657785,0.14136246747513212
1.1766666666666667,0.17914235204788256,0.032091982297247496,0.019983347210657785,0.14136246747513212
1.1783333333333335,0.18006375428043875,0.032422955605566225,0.019983347210657785,0.14136246747513212
1.1800000000000002,0.18096541049320394,0.032748479794973806,0.019983347210657785,0.14136246747513212
1.1816666666666666,0.1818472218094137,0.03306841207980211,0.019983347210657785,0.14136246747513212
1.1833333333333333,0.1827090915285202,0.03338261212717717,0.019983347210657785,0.14136246747513212
1.185,0.18355092513679627,0.03369094211857379,0.019983347210657785,0.14136246747513212
1.1866666666666668,0.18437263031770015,0.03399326681026733,0.019983347210657785,0.14136246747513212
1.1883333333333335,0.18517411696199904,0.0342894535926561,0.019983347210657785,0.14136246747513212
1.1900000000000002,0.18595529717765036,0.03457937254842826,0.019983347210657785,0.14136246747513212
1.1916666666666667,0.1867160852994403,0.03486289650954787,0.019983347210657785,0.14136246747513212
1.1933333333333334,0.18745639789837829,0.035139901113035124,0.019983347210657785,0.14136246747513212
1.195,0.1881761537908451,0.03541026485551579,0.019983347210657785,0.14136246747513212
1.1966666666666668,0.18887527404749624,0.03567386914651681,0.019983347210657785,0.14136246747513212
1.1983333333333335,0.18955368200191716,0.035930598360483935,0.019983347210657785,0.14136246747513212
1.2000000000000002,0.19021130325903077,0.03618033988749897,0.019983347210657785,0.14136246747513212
1.2016666666666667,0.19084806570325538,0.03642298418267408,0.019983347210657785,0.14136246747513212
1.2033333333333334,0.1914638995064135,0.036658424814202,0.019983347210657785,0.14136246747513212
1.205,0.19205873713538865,0.036886558510040315,0.019983347210657785,0.14136246747513212
1.2066666666666668,0.1926325133595317,0.037107285203210154,0.019983347210657785,0.14136246747513212
1.2083333333333335,0.1931851652578137,0.03732050807568879,0.019983347210657785,0.14136246747513212
1.2100000000000002,0.1937166322257263,0.0375261336008773,0.019983347210657785,0.14136246747513212
1.2116666666666667,0.1942268559819272,0.03772407158462429,0.019983347210657785,0.14136246747513212
1.2133333333333334,0.19471578057463204,0.03791423520478825,0.019983347210657785,0.14136246747513212
1.215,0.1951833523877495,0.0380965410493204,0.019983347210657785,0.14136246747513212
1.2166666666666668,0.19562952014676116,0.03827090915285203,0.019983347210657785,0.14136246747513212
1.2183333333333335,0.1960542349243444,0.03843726303177002,0.019983347210657785,0.14136246747513212
1.22,0.19645745014573773,0.038595529717765024,0.019983347210657785,0.14136246747513212
1.2216666666666667,0.19683912159384842,0.038745639789837846,0.019983347210657785,0.14136246747513212
1.2233333333333334,0.19719920741410102,0.038887527404749635,0.019983347210657785,0.14136246747513212
1.225,0.19753766811902757,0.039021130325903076,0.019983347210657785,0.14136246747513212
1.2266666666666668,0.1978544665925977,0.03914638995064136,0.019983347210657785,0.14136246747513212
1.2283333333333335,0.19814956809428874,0.039263251335953174,0.019983347210657785,0.14136246747513212
1.23,0.19842294026289556,0.03937166322257262,0.019983347210657785,0.14136246747513212
1.2316666666666667,0.1986745531200793,0.039471578057463215,0.019983347210657785,0.14136246747513212
1.2333333333333334,0.19890437907365466,0.039562952014676106,0.019983347210657785,0.14136246747513212
1.235,0.199112392920616,0.03964574501457377,0.019983347210657785,0.14136246747513212
1.2366666666666668,0.19929857184990088,0.039719920741410106,0.019983347210657785,0.14136246747513212
1.2383333333333335,0.19946289544489165,0.03978544665925978,0.019983347210657785,0.14136246747513212
1.24,0.19960534568565433,0.03984229402628956,0.019983347210657785,0.14136246747513212
1.2416666666666667,0.1997259069509148,0.039890437907365475,0.019983347210657785,0.14136246747513212
1.2433333333333334,0.1998245660197717,0.0399298571849901,0.019983347210657785,0.14136246747513212
1.245,0.19990131207314632,0.03996053456856544,0.019983347210657785,0.14136246747513212
1.2466666666666668,0.19995613669496912,0.039982456601977176,0.019983347210657785,0.14136246747513212
1.2483333333333335,0.19998903387310243,0.039995613669496916,0.019983347210657785,0.14136246747513212
1.25,0.2,0.04000000000000001,0.019983347210657785,0.14136246747513212
1.2516666666666667,0.19998903387310243,0.039995613669496916,0.019983347210657785,0.14136246747513212
1.2533333333333334,0.19995613669496912,0.039982456601977176,0.019983347210657785,0.14136246747513212
1.2550000000000001,0.19990131207314632,0.03996053456856544,0.019983347210657785,0.14136246747513212
1.2566666666666668,0.19982456601977167,0.039929857184990085,0.019983347210657785,0.14136246747513212
1.2583333333333333,0.1997259069509148,0.039890437907365475,0.019983347210657785,0.14136246747513212
1.26,0.19960534568565433,0.03984229402628956,0.019983347210657785,0.14136246747513212
1.2616666666666667,0.19946289544489162,0.03978544665925977,0.019983347210657785,0.14136246747513212
1.2633333333333334,0.19929857184990088,0.039719920741410106,0.019983347210657785,0.14136246747513212
1.2650000000000001,0.199112392920616,0.03964574501457377,0.019983347210657785,0.14136246747513212
1.2666666666666668,0.19890437907365466,0.039562952014676106,0.019983347210657785,0.14136246747513212
1.2683333333333333,0.1986745531200793,0.039471578057463215,0.019983347210657785,0.14136246747513212
1.27,0.1984229402628956,0.03937166322257263,0.019983347210657785,0.14136246747513212
1.2716666666666667,0.19814956809428874,0.039263251335953174,0.019983347210657785,0.14136246747513212
1.2733333333333334,0.1978544665925977,0.03914638995064136,0.019983347210657785,0.14136246747513212
1.2750000000000001,0.19753766811902754,0.03902113032590307,0.019983347210657785,0.14136246747513212
1.2766666666666668,0.19719920741410102,0.038887527404749635,0.019983347210657785,0.14136246747513212
1.2783333333333333,0.19683912159384842,0.038745639789837846,0.019983347210657785,0.14136246747513212
1.28,0.19645745014573773,0.038595529717765024,0.019983347210657785,0.14136246747513212
1.2816666666666667,0.19605423492434437,0.03843726303177001,0.019983347210657785,0.14136246747513212
1.2833333333333334,0.1956295201467611,0.03827090915285201,0.019983347210657785,0.14136246747513212
1.2850000000000001,0.19518335238774948,0.038096541049320386,0.019983347210657785,0.14136246747513212
1.2866666666666668,0.194715780574632,0.03791423520478824,0.019983347210657785,0.14136246747513212
1.2883333333333333,0.19422685598192727,0.03772407158462431,0.019983347210657785,0.14136246747513212
1.29,0.19371663222572622,0.03752613360087727,0.019983347210657785,0.14136246747513212
1.2916666666666667,0.1931851652578137,0.03732050807568879,0.019983347210657785,0.14136246747513212
1.2933333333333334,0.1926325133595316,0.03710728520321012,0.019983347210657785,0.14136246747513212
1.2950000000000002,0.19205873713538862,0.03688655851004031,0.019983347210657785,0.14136246747513212
1.2966666666666669,0.1914638995064134,0.03665842481420197,0.019983347210657785,0.14136246747513212
1.2983333333333333,0.19084806570325538,0.03642298418267408,0.019983347210657785,0.14136246747513212
1.3,0.19021130325903074,0.036180339887498955,0.019983347210657785,0.14136246747513212
1.3016666666666667,0.1895536820019171,0.035930598360483915,0.019983347210657785,0.14136246747513212
1.3033333333333335,0.1888752740474962,0.035673869146516796,0.019983347210657785,0.14136246747513212
1.3050000000000002,0.188176153790845,0.03541026485551575,0.019983347210657785,0.14136246747513212
1.3066666666666666,0.1874563978983784,0.035139901113035166,0.019983347210657785,0.14136246747513212
1.3083333333333333,0.18671608529944037,0.03486289650954789,0.019983347210657785,0.14136246747513212
1.31,0.18595529717765036,0.03457937254842826,0.019983347210657785,0.14136246747513212
1.3116666666666668,0.18517411696199892,0.03428945359265606,0.019983347210657785,0.14136246747513212
1.3133333333333335,0.18437263031770013,0.03399326681026731,0.019983347210657785,0.14136246747513212
1.3150000000000002,0.18355092513679616,0.03369094211857375,0.019983347210657785,0.14136246747513212
1.3166666666666667,0.18270909152852016,0.03338261212717716,0.019983347210657785,0.14136246747513212
1.3183333333333334,0.18184722180941376,0.03306841207980213,0.019983347210657785,0.14136246747513212
1.32,0.18096541049320386,0.03274847979497378,0.019983347210657785,0.14136246747513212
1.3216666666666668,0.18006375428043872,0.03242295560556621,0.019983347210657785,0.14136246747513212
1.3233333333333335,0.17914235204788248,0.03209198229724747,0.019983347210657785,0.14136246747513212
1.3250000000000002,0.17820130483767352,0.031755705045849444,0.019983347210657785,0.14136246747513212
1.3266666666666667,0.17724071584624296,0.03141427135368864,0.019983347210657785,0.14136246747513212
1.3283333333333334,0.17626069041299852,0.031067830984866908,0.019983347210657785,0.14136246747513212
1.33,0.1752613360087727,0.030716535899579924,0.019983347210657785,0.14136246747513212
1.3316666666666668,0.17424276222403792,0.030360540187462617,0.019983347210657785,0.14136246747513212
1.3333333333333335,0.17320508075688767,0.02999999999999998,0.019983347210657785,0.14136246747513212
1.3350000000000002,0.1721484054007887,0.0296350734820343,0.019983347210657785,0.14136246747513212
1.3366666666666667,0.17107285203210137,0.029265920702397252,0.019983347210657785,0.14136246747513212
1.3383333333333334,0.16997853859737272,0.028892703583698526,0.019983347210657785,0.14136246747513212
1.34,0.16886558510040303,0.028515585831301458,0.019983347210657785,0.14136246747513212
1.3416666666666668,0.1677341135890847,0.028134732861515965,0.019983347210657785,0.14136246747513212
1.3433333333333335,0.16658424814201986,0.027750311729042045,0.019983347210657785,0.14136246747513212
1.3450000000000002,0.1654161148549122,0.027362491053693504,0.019983347210657785,0.14136246747513212
1.3466666666666667,0.1642298418267409,0.02697144094643634,0.019983347210657785,0.14136246747513212
1.3483333333333334,0.16302555914571082,0.026577332934771658,0.019983347210657785,0.14136246747513212
1.35,0.1618033988749895,0.026180339887498957,0.019983347210657785,0.14136246747513212
1.3516666666666668,0.16056349503822281,0.025780635938889403,0.019983347210657785,0.14136246747513212
1.3533333333333335,0.15930598360483925,0.025378396412305312,0.019983347210657785,0.14136246747513212
1.355,0.15803100247513813,0.024973797743297114,0.019983347210657785,0.14136246747513212
1.3566666666666667,0.1567386914651679,0.024567017402213093,0.019983347210657785,0.14136246747513212
1.3583333333333334,0.15542919229139418,0.02415823381635519,0.019983347210657785,0.14136246747513212
1.36,0.15410264855515773,0.02374762629171446,0.019983347210657785,0.14136246747513212
1.3616666666666668,0.1527592057269284,0.023335374934322032,0.019983347210657785,0.14136246747513212
1.3633333333333335,0.1513990111303511,0.022921660571248174,0.019983347210657785,0.14136246747513212
1.365,0.15002221392609205,0.022506664671286127,0.019983347210657785,0.14136246747513212
1.3666666666666667,0.14862896509547882,0.022090569265353063,0.019983347210657785,0.14136246747513212
1.3683333333333334,0.14721941742394692,0.021673556866646328,0.019983347210657785,0.14136246747513212
1.37,0.1457937254842822,0.02125581039058624,0.019983347210657785,0.14136246747513212
1.3716666666666668,0.14435204561967244,0.020837513074583994,0.019983347210657785,0.14136246747513212
1.3733333333333335,0.1428945359265605,0.020418848397667094,0.019983347210657785,0.14136246747513212
1.375,0.14142135623730967,0.020000000000000046,0.019983347210657785,0.14136246747513212
1.3766666666666667,0.1399326681026731,0.019581151602332866,0.019983347210657785,0.14136246747513212
1.3783333333333334,0.1384286347740812,0.019162486925415965,0.019983347210657785,0.14136246747513212
1.3800000000000001,0.13690942118573768,0.01874418960941372,0.019983347210657785,0.14136246747513212
1.3816666666666668,0.13537519393653194,0.018326443133353635,0.019983347210657785,0.14136246747513212
1.3833333333333335,0.13382612127177151,0.017909430734646896,0.019983347210657785,0.14136246747513212
1.385,0.13226237306473035,0.01749333532871391,0.019983347210657785,0.14136246747513212
1.3866666666666667,0.13068412079802116,0.01707833942875179,0.019983347210657785,0.14136246747513212
1.3883333333333334,0.12909153754479002,0.016664625065677934,0.019983347210657785,0.14136246747513212
1.3900000000000001,0.12748479794973797,0.016252373708285514,0.019983347210657785,0.14136246747513212
1.3916666666666668,0.12586407820996734,0.015841766183644777,0.019983347210657785,0.14136246747513212
1.3933333333333333,0.12422955605566229,0.015432982597786938,0.019983347210657785,0.14136246747513212
1.395,0.12258141073059532,0.01502620225670291,0.019983347210657785,0.14136246747513212
1.3966666666666667,0.12091982297247511,0.01462160358769472,0.019983347210657785,0.14136246747513212
1.3983333333333334,0.11924497499312313,0.014219364061110561,0.019983347210657785,0.14136246747513212
1.4000000000000001,0.11755705045849468,0.013819660112501065,0.019983347210657785,0.14136246747513212
1.4016666666666668,0.11585623446853564,0.013422667065228306,0.019983347210657785,0.14136246747513212
1.4033333333333333,0.11414271353688632,0.013028559053563692,0.019983347210657785,0.14136246747513212
1.405,0.11241667557042621,0.012637508946306462,0.019983347210657785,0.14136246747513212
1.4066666666666667,0.11067830984866872,0.01224968827095792,0.019983347210657785,0.14136246747513212
1.4083333333333334,0.10892780700300542,0.011865267138483996,0.019983347210657785,0.14136246747513212
1.4100000000000001,0.10716535899579914,0.011484414168698508,0.019983347210657785,0.14136246747513212
1.4116666666666668,0.10539115909933544,0.011107296416301435,0.019983347210657785,0.14136246747513212
1.4133333333333333,0.10360540187462608,0.010734079297602773,0.019983347210657785,0.14136246747513212
1.415,0.10180828315007442,0.010364926517965728,0.019983347210657785,0.14136246747513212
1.4166666666666667,0.09999999999999996,0.009999999999999993,0.019983347210657785,0.14136246747513212
1.4183333333333334,0.09818075072302823,0.009639459812537408,0.019983347210657785,0.14136246747513212
1.4200000000000002,0.09635073482034294,0.009283464100420045,0.019983347210657785,0.14136246747513212
1.4216666666666669,0.0945101529738108,0.008932169015133117,0.019983347210657785,0.14136246747513212
1.4233333333333333,0.09265920702397246,0.008585728646311387,0.019983347210657785,0.14136246747513212
1.425,0.09079809994790927,0.008244294954150522,0.019983347210657785,0.14136246747513212
1.4266666666666667,0.08892703583698552,0.007908017702752507,0.019983347210657785,0.14136246747513212
1.4283333333333335,0.08704621987446531,0.00757704439443376,0.019983347210657785,0.14136246747513212
1.4300000000000002,0.08515585831301448,0.0072515202050261966,0.019983347210657785,0.14136246747513212
1.4316666666666669,0.08325615845207997,0.006931587920197846,0.019983347210657785,0.14136246747513212
1.4333333333333333,0.08134732861516021,0.006617387872822863,0.019983347210657785,0.14136246747513212
1.435,0.0794295781269561,0.006309057881426223,0.019983347210657785,0.14136246747513212
1.4366666666666668,0.07750311729042068,0.0060067331897327055,0.019983347210657785,0.14136246747513212
1.4383333333333335,0.07556815736369331,0.005710546407343915,0.019983347210657785,0.14136246747513212
1.4400000000000002,0.0736249105369356,0.00542062745157177,0.019983347210657785,0.14136246747513212
1.4416666666666667,0.07167358990906018,0.005137103490452134,0.019983347210657785,0.14136246747513212
1.4433333333333334,0.06971440946436296,0.004860098886964859,0.019983347210657785,0.14136246747513212
1.445,0.06774758404905831,0.00458973514448422,0.019983347210657785,0.14136246747513212
1.4466666666666668,0.06577332934771647,0.004326130853483181,0.019983347210657785,0.14136246747513212
1.4483333333333335,0.06379186185961394,0.004069401639516068,0.019983347210657785,0.14136246747513212
1.4500000000000002,0.061803398874989215,0.0038196601125010184,0.019983347210657785,0.14136246747513212
1.4516666666666667,0.059808158451217536,0.0035770158173259437,0.019983347210657785,0.14136246747513212
1.4533333333333334,0.05780635938889429,0.0033415751857980075,0.019983347210657785,0.14136246747513212
1.455,0.05579822120784596,0.0031134414899597106,0.019983347210657785,0.14136246747513212
1.4566666666666668,0.05378396412305303,0.0028927147967898552,0.019983347210657785,0.14136246747513212
1.4583333333333335,0.05176380902050416,0.0026794919243112282,0.019983347210657785,0.14136246747513212
1.4600000000000002,0.04973797743297076,0.0024738663991227083,0.019983347210657785,0.14136246747513212
1.4616666666666667,0.047706691515716104,0.002275928415375699,0.019983347210657785,0.14136246747513212
1.4633333333333334,0.045670174022131194,0.002085764795211747,0.019983347210657785,0.14136246747513212
1.465,0.04362864827930834,0.0019034589506795945,0.019983347210657785,0.14136246747513212
1.4666666666666668,0.04158233816355183,0.001729090847147979,0.019983347210657785,0.14136246747513212
1.4683333333333335,0.03953146807582497,0.001562736968229969,0.019983347210657785,0.14136246747513212
1.4700000000000002,0.03747626291714479,0.0014044702822349614,0.019983347210657785,0.14136246747513212
1.4716666666666667,0.035416948063916646,0.001254360210162169,0.019983347210657785,0.14136246747513212
1.4733333333333334,0.03335374934322057,0.0011124725952503867,0.019983347210657785,0.14136246747513212
1.475,0.03128689300804607,0.0009788696740969218,0.019983347210657785,0.14136246747513212
1.4766666666666668,0.029216605712482347,0.0008536100493586561,0.019983347210657785,0.14136246747513212
1.4783333333333335,0.027143114486860683,0.0007367486640468263,0.019983347210657785,0.14136246747513212
1.4800000000000002,0.025066646712860782,0.0006283367774273743,0.019983347210657785,0.14136246747513212
1.4816666666666667,0.022987430098573385,0.0005284219425367976,0.019983347210657785,0.14136246747513212
1.4833333333333334,0.020905692653530532,0.00043704798532388046,0.019983347210657785,0.14136246747513212
1.485,0.01882166266370283,0.0003542549854262252,0.019983347210657785,0.14136246747513212
1.4866666666666668,0.016735568666462843,0.0002800792585898929,0.019983347210657785,0.14136246747513212
1.4883333333333335,0.01464763942552621,0.00021455334074022982,0.019983347210657785,0.14136246747513212
1.49,0.012558103905862678,0.00015770597371044345,0.019983347210657785,0.14136246747513212
1.4916666666666667,0.0104671912485889,0.00010956209263453606,0.019983347210657785,0.14136246747513212
1.4933333333333334,0.008375130745839834,7.01428150099117e-05,0.019983347210657785,0.14136246747513212
1.495,0.006282151815625696,3.946543143456923e-05,0.019983347210657785,0.14136246747513212
1.4966666666666668,0.004188483976671205,1.7543398022831427e-05,0.019983347210657785,0.14136246747513212
1.4983333333333335,0.002094356823249102,4.38633050309007e-06,0.019983347210657785,0.14136246747513212
1.5,7.347880794884119e-17,5.399135217582687e-33,0.019983347210657785,0.14136246747513212
1.5016666666666667,-0.00209435682324931,4.386330503090943e-06,0.019983347210657785,0.14136246747513212
1.5033333333333334,-0.004188483976671413,1.7543398022833172e-05,0.019983347210657785,0.14136246747513212
1.5050000000000001,-0.006282151815625904,3.946543143457185e-05,0.019983347210657785,0.14136246747513212
1.5066666666666668,-0.008375130745840042,7.014281500991518e-05,0.019983347210657785,0.14136246747513212
1.5083333333333335,-0.010467191248589108,0.00010956209263454041,0.019983347210657785,0.14136246747513212
1.51,-0.012558103905862532,0.0001577059737104398,0.019983347210657785,0.14136246747513212
1.5116666666666667,-0.014647639425526418,0.00021455334074023592,0.019983347210657785,0.14136246747513212
1.5133333333333334,-0.01673556866646305,0.00028007925858989985,0.019983347210657785,0.14136246747513212
1.5150000000000001,-0.01882166266370304,0.000354254985426233,0.019983347210657785,0.14136246747513212
1.5166666666666668,-0.02090569265353074,0.00043704798532388914,0.019983347210657785,0.14136246747513212
1.5183333333333335,-0.02298743009857359,0.000528421942536807,0.019983347210657785,0.14136246747513212
1.52,-0.025066646712860637,0.0006283367774273669,0.019983347210657785,0.14136246747513212
1.5216666666666667,-0.027143114486860888,0.0007367486640468374,0.019983347210657785,0.14136246747513212
1.5233333333333334,-0.029216605712482205,0.0008536100493586478,0.019983347210657785,0.14136246747513212
1.5250000000000001,-0.031286893008046275,0.0009788696740969348,0.019983347210657785,0.14136246747513212
1.5266666666666668,-0.03335374934322043,0.0011124725952503774,0.019983347210657785,0.14136246747513212
1.5283333333333333,-0.03541694806391651,0.0012543602101621593,0.019983347210657785,0.14136246747513212
1.53,-0.037476262917144995,0.001404470282234977,0.019983347210657785,0.14136246747513212
1.5316666666666667,-0.03953146807582517,0.0015627369682299848,0.019983347210657785,0.14136246747513212
1.5333333333333334,-0.04158233816355203,0.0017290908471479956,0.019983347210657785,0.14136246747513212
1.5350000000000001,-0.04362864827930854,0.001903458950679612,0.019983347210657785,0.14136246747513212
1.5366666666666668,-0.0456701740221314,0.0020857647952117657,0.019983347210657785,0.14136246747513212
1.5383333333333333,-0.04770669151571596,0.002275928415375685,0.019983347210657785,0.14136246747513212
1.54,-0.04973797743297095,0.002473866399122728,0.019983347210657785,0.14136246747513212
1.5416666666666667,-0.05176380902050403,0.0026794919243112144,0.019983347210657785,0.14136246747513212
1.5433333333333334,-0.05378396412305323,0.002892714796789877,0.019983347210657785,0.14136246747513212
1.5450000000000002,-0.05579822120784581,0.003113441489959694,0.019983347210657785,0.14136246747513212
1.5466666666666669,-0.057806359388894495,0.003341575185798031,0.019983347210657785,0.14136246747513212
1.5483333333333333,-0.05980815845121739,0.003577015817325926,0.019983347210657785,0.14136246747513212
1.55,-0.06180339887498942,0.003819660112501043,0.019983347210657785,0.14136246747513212
1.5516666666666667,-0.06379186185961414,0.004069401639516092,0.019983347210657785,0.14136246747513212
1.5533333333333335,-0.06577332934771667,0.004326130853483207,0.019983347210657785,0.14136246747513212
1.5550000000000002,-0.0677475840490585,0.004589735144484247,0.019983347210657785,0.14136246747513212
1.5566666666666669,-0.06971440946436315,0.004860098886964886,0.019983347210657785,0.14136246747513212
1.5583333333333333,-0.07167358990906005,0.005137103490452114,0.019983347210657785,0.14136246747513212
1.56,-0.07362491053693546,0.0054206274515717495,0.019983347210657785,0.14136246747513212
1.5616666666666668,-0.0755681573636935,0.0057105464073439445,0.019983347210657785,0.14136246747513212
1.5633333333333335,-0.07750311729042055,0.006006733189732684,0.019983347210657785,0.14136246747513212
1.5650000000000002,-0.07942957812695628,0.006309057881426251,0.019983347210657785,0.14136246747513212
1.5666666666666669,-0.08134732861516009,0.006617387872822843,0.019983347210657785,0.14136246747513212
1.5683333333333334,-0.08325615845208016,0.006931587920197879,0.019983347210657785,0.14136246747513212
1.57,-0.08515585831301466,0.007251520205026228,0.019983347210657785,0.14136246747513212
1.5716666666666668,-0.08704621987446551,0.007577044394433794,0.019983347210657785,0.14136246747513212
1.5733333333333335,-0.0889270358369857,0.00790801770275254,0.019983347210657785,0.14136246747513212
1.5750000000000002,-0.09079809994790945,0.008244294954150555,0.019983347210657785,0.14136246747513212
1.5766666666666667,-0.09265920702397233,0.008585728646311363,0.019983347210657785,0.14136246747513212
1.5783333333333334,-0.09451015297381066,0.008932169015133091,0.019983347210657785,0.14136246747513212
1.58,-0.09635073482034312,0.00928346410042008,0.019983347210657785,0.14136246747513212
1.5816666666666668,-0.09818075072302812,0.009639459812537388,0.019983347210657785,0.14136246747513212
1.5833333333333335,-0.10000000000000014,0.01000000000000003,0.019983347210657785,0.14136246747513212
1.5850000000000002,-0.10180828315007429,0.0103649265179657,0.019983347210657785,0.14136246747513212
1.5866666666666667,-0.10360540187462595,0.010734079297602747,0.019983347210657785,0.14136246747513212
1.5883333333333334,-0.10539115909933561,0.01110729641630147,0.019983347210657785,0.14136246747513212
1.59,-0.10716535899579932,0.011484414168698547,0.019983347210657785,0.14136246747513212
1.5916666666666668,-0.1089278070030056,0.011865267138484036,0.019983347210657785,0.14136246747513212
1.5933333333333335,-0.11067830984866889,0.012249688270957957,0.019983347210657785,0.14136246747513212
1.5950000000000002,-0.1124166755704264,0.012637508946306502,0.019983347210657785,0.14136246747513212
1.5966666666666667,-0.1141427135368862,0.013028559053563663,0.019983347210657785,0.14136246747513212
1.5983333333333334,-0.11585623446853582,0.013422667065228348,0.019983347210657785,0.14136246747513212
1.6,-0.11755705045849457,0.013819660112501039,0.019983347210657785,0.14136246747513212
1.6016666666666668,-0.11924497499312328,0.014219364061110597,0.019983347210657785,0.14136246747513212
1.6033333333333335,-0.120919822972475,0.014621603587694692,0.019983347210657785,0.14136246747513212
1.6050000000000002,-0.1225814107305955,0.015026202256702955,0.019983347210657785,0.14136246747513212
1.6066666666666667,-0.12422955605566216,0.015432982597786906,0.019983347210657785,0.14136246747513212
1.6083333333333334,-0.12586407820996748,0.01584176618364481,0.019983347210657785,0.14136246747513212
1.61,-0.1274847979497381,0.01625237370828555,0.019983347210657785,0.14136246747513212
1.6116666666666668,-0.12909153754479016,0.01666462506567797,0.019983347210657785,0.14136246747513212
1.6133333333333335,-0.13068412079802133,0.01707833942875183,0.019983347210657785,0.14136246747513212
1.6150000000000002,-0.13226237306473052,0.01749333532871395,0.019983347210657785,0.14136246747513212
1.6166666666666667,-0.13382612127177168,0.01790943073464694,0.019983347210657785,0.14136246747513212
1.6183333333333334,-0.13537519393653208,0.018326443133353673,0.019983347210657785,0.14136246747513212
1.62,-0.13690942118573785,0.018744189609413764,0.019983347210657785,0.14136246747513212
1.6216666666666668,-0.13842863477408138,0.01916248692541601,0.019983347210657785,0.14136246747513212
1.6233333333333335,-0.13993266810267324,0.019581151602332904,0.019983347210657785,0.14136246747513212
1.625,-0.1414213562373096,0.020000000000000025,0.019983347210657785,0.14136246747513212
1.6266666666666667,-0.14289453592656065,0.02041884839766713,0.019983347210657785,0.14136246747513212
1.6283333333333334,-0.14435204561967258,0.020837513074584032,0.019983347210657785,0.14136246747513212
1.6300000000000001,-0.14579372548428235,0.021255810390586282,0.019983347210657785,0.14136246747513212
1.6316666666666668,-0.14721941742394706,0.02167355686664637,0.019983347210657785,0.14136246747513212
1.6333333333333335,-0.14862896509547896,0.0220905692653531,0.019983347210657785,0.14136246747513212
1.635,-0.15002221392609194,0.022506664671286095,0.019983347210657785,0.14136246747513212
1.6366666666666667,-0.15139901113035123,0.022921660571248215,0.019983347210657785,0.14136246747513212
1.6383333333333334,-0.15275920572692853,0.023335374934322074,0.019983347210657785,0.14136246747513212
1.6400000000000001,-0.15410264855515785,0.023747626291714494,0.019983347210657785,0.14136246747513212
1.6416666666666668,-0.15542919229139432,0.02415823381635523,0.019983347210657785,0.14136246747513212
1.6433333333333335,-0.15673869146516803,0.024567017402213138,0.019983347210657785,0.14136246747513212
1.645,-0.15803100247513804,0.024973797743297086,0.019983347210657785,0.14136246747513212
1.6466666666666667,-0.15930598360483916,0.025378396412305285,0.019983347210657785,0.14136246747513212
1.6483333333333334,-0.16056349503822295,0.02578063593888945,0.019983347210657785,0.14136246747513212
1.6500000000000001,-0.16180339887498946,0.02618033988749894,0.019983347210657785,0.14136246747513212
1.6516666666666668,-0.16302555914571093,0.026577332934771693,0.019983347210657785,0.14136246747513212
1.6533333333333335,-0.16422984182674083,0.02697144094643631,0.019983347210657785,0.14136246747513212
1.655,-0.1654161148549123,0.027362491053693542,0.019983347210657785,0.14136246747513212
1.6566666666666667,-0.16658424814201997,0.027750311729042083,0.019983347210657785,0.14136246747513212
1.6583333333333334,-0.1677341135890848,0.028134732861516003,0.019983347210657785,0.14136246747513212
1.6600000000000001,-0.16886558510040314,0.028515585831301496,0.019983347210657785,0.14136246747513212
1.6616666666666668,-0.16997853859737283,0.028892703583698564,0.019983347210657785,0.14136246747513212
1.6633333333333333,-0.17107285203210132,0.02926592070239723,0.019983347210657785,0.14136246747513212
1.665,-0.17214840540078866,0.029635073482034282,0.019983347210657785,0.14136246747513212
1.6666666666666667,-0.17320508075688776,0.03000000000000001,0.019983347210657785,0.14136246747513212
1.6683333333333334,-0.17424276222403787,0.030360540187462596,0.019983347210657785,0.14136246747513212
1.6700000000000002,-0.1752613360087728,0.030716535899579962,0.019983347210657785,0.14136246747513212
1.6716666666666669,-0.17626069041299844,0.03106783098486688,0.019983347210657785,0.14136246747513212
1.6733333333333333,-0.1772407158462429,0.03141427135368862,0.019983347210657785,0.14136246747513212
1.675,-0.17820130483767363,0.031755705045849486,0.019983347210657785,0.14136246747513212
1.6766666666666667,-0.17914235204788256,0.032091982297247496,0.019983347210657785,0.14136246747513212
1.6783333333333335,-0.1800637542804388,0.032422955605566246,0.019983347210657785,0.14136246747513212
1.6800000000000002,-0.18096541049320394,0.032748479794973806,0.019983347210657785,0.14136246747513212
1.6816666666666669,-0.18184722180941382,0.03306841207980215,0.019983347210657785,0.14136246747513212
1.6833333333333333,-0.1827090915285201,0.033382612127177136,0.019983347210657785,0.14136246747513212
1.685,-0.18355092513679624,0.03369094211857378,0.019983347210657785,0.14136246747513212
1.6866666666666668,-0.18437263031770007,0.03399326681026729,0.019983347210657785,0.14136246747513212
1.6883333333333335,-0.185174116961999,0.03428945359265609,0.019983347210657785,0.14136246747513212
1.6900000000000002,-0.18595529717765027,0.03457937254842823,0.019983347210657785,0.14136246747513212
1.6916666666666669,-0.18671608529944042,0.03486289650954791,0.019983347210657785,0.14136246747513212
1.6933333333333334,-0.18745639789837834,0.035139901113035145,0.019983347210657785,0.14136246747513212
1.695,-0.18817615379084507,0.03541026485551577,0.019983347210657785,0.14136246747513212
1.6966666666666668,-0.18887527404749627,0.035673869146516816,0.019983347210657785,0.14136246747513212
1.6983333333333335,-0.18955368200191716,0.035930598360483935,0.019983347210657785,0.14136246747513212
1.7000000000000002,-0.1902113032590308,0.036180339887498976,0.019983347210657785,0.14136246747513212
1.7016666666666669,-0.1908480657032554,0.0364229841826741,0.019983347210657785,0.14136246747513212
1.7033333333333334,-0.19146389950641346,0.03665842481420199,0.019983347210657785,0.14136246747513212
1.705,-0.1920587371353886,0.036886558510040295,0.019983347210657785,0.14136246747513212
1.7066666666666668,-0.1926325133595317,0.037107285203210154,0.019983347210657785,0.14136246747513212
1.7083333333333335,-0.19318516525781368,0.037320508075688784,0.019983347210657785,0.14136246747513212
1.7100000000000002,-0.1937166322257263,0.0375261336008773,0.019983347210657785,0.14136246747513212
1.7116666666666667,-0.19422685598192724,0.037724071584624305,0.019983347210657785,0.14136246747513212
1.7133333333333334,-0.19471578057463204,0.03791423520478825,0.019983347210657785,0.14136246747513212
1.715,-0.19518335238774953,0.03809654104932041,0.019983347210657785,0.14136246747513212
1.7166666666666668,-0.19562952014676116,0.03827090915285203,0.019983347210657785,0.14136246747513212
1.7183333333333335,-0.19605423492434443,0.03843726303177004,0.019983347210657785,0.14136246747513212
1.7200000000000002,-0.1964574501457378,0.038595529717765045,0.019983347210657785,0.14136246747513212
1.7216666666666667,-0.1968391215938484,0.03874563978983783,0.019983347210657785,0.14136246747513212
1.7233333333333334,-0.197199207414101,0.03888752740474962,0.019983347210657785,0.14136246747513212
1.725,-0.19753766811902757,0.039021130325903076,0.019983347210657785,0.14136246747513212
1.7266666666666668,-0.19785446659259767,0.03914638995064135,0.019983347210657785,0.14136246747513212
1.7283333333333335,-0.19814956809428874,0.039263251335953174,0.019983347210657785,0.14136246747513212
1.7300000000000002,-0.1984229402628956,0.03937166322257263,0.019983347210657785,0.14136246747513212
1.7316666666666667,-0.19867455312007928,0.03947157805746321,0.019983347210657785,0.14136246747513212
1.7333333333333334,-0.19890437907365469,0.03956295201467612,0.019983347210657785,0.14136246747513212
1.735,-0.199112392920616,0.03964574501457377,0.019983347210657785,0.14136246747513212
1.7366666666666668,-0.1992985718499009,0.03971992074141011,0.019983347210657785,0.14136246747513212
1.7383333333333335,-0.19946289544489162,0.03978544665925977,0.019983347210657785,0.14136246747513212
1.7400000000000002,-0.19960534568565436,0.039842294026289575,0.019983347210657785,0.14136246747513212
1.7416666666666667,-0.19972590695091477,0.03989043790736547,0.019983347210657785,0.14136246747513212
1.7433333333333334,-0.1998245660197717,0.0399298571849901,0.019983347210657785,0.14136246747513212
1.745,-0.19990131207314632,0.03996053456856544,0.019983347210657785,0.14136246747513212
1.7466666666666668,-0.19995613669496912,0.039982456601977176,0.019983347210657785,0.14136246747513212
1.7483333333333335,-0.19998903387310243,0.039995613669496916,0.019983347210657785,0.14136246747513212
1.7500000000000002,-0.2,0.04000000000000001,0.019983347210657785,0.14136246747513212
1.7516666666666667,-0.19998903387310243,0.039995613669496916,0.019983347210657785,0.14136246747513212
1.7533333333333334,-0.19995613669496912,0.039982456601977176,0.019983347210657785,0.14136246747513212
1.7550000000000001,-0.19990131207314632,0.03996053456856544,0.019983347210657785,0.14136246747513212
1.7566666666666668,-0.1998245660197717,0.0399298571849901,0.019983347210657785,0.14136246747513212
1.7583333333333335,-0.19972590695091477,0.03989043790736547,0.019983347210657785,0.14136246747513212
1.76,-0.19960534568565433,0.03984229402628956,0.019983347210657785,0.14136246747513212
1.7616666666666667,-0.19946289544489162,0.03978544665925977,0.019983347210657785,0.14136246747513212
1.7633333333333334,-0.19929857184990088,0.039719920741410106,0.019983347210657785,0.14136246747513212
1.7650000000000001,-0.199112392920616,0.03964574501457377,0.019983347210657785,0.14136246747513212
1.7666666666666668,-0.19890437907365466,0.039562952014676106,0.019983347210657785,0.14136246747513212
1.7683333333333335,-0.19867455312007926,0.039471578057463194,0.019983347210657785,0.14136246747513212
1.77,-0.19842294026289561,0.03937166322257264,0.019983347210657785,0.14136246747513212
1.7716666666666667,-0.19814956809428874,0.039263251335953174,0.019983347210657785,0.14136246747513212
1.7733333333333334,-0.1978544665925977,0.03914638995064136,0.019983347210657785,0.14136246747513212
1.7750000000000001,-0.19753766811902754,0.03902113032590307,0.019983347210657785,0.14136246747513212
1.7766666666666668,-0.19719920741410102,0.038887527404749635,0.019983347210657785,0.14136246747513212
1.7783333333333335,-0.19683912159384837,0.03874563978983782,0.019983347210657785,0.14136246747513212
1.78,-0.19645745014573773,0.038595529717765024,0.019983347210657785,0.14136246747513212
1.7816666666666667,-0.19605423492434437,0.03843726303177001,0.019983347210657785,0.14136246747513212
1.7833333333333334,-0.1956295201467611,0.03827090915285201,0.019983347210657785,0.14136246747513212
1.7850000000000001,-0.19518335238774948,0.038096541049320386,0.019983347210657785,0.14136246747513212
1.7866666666666668,-0.194715780574632,0.03791423520478824,0.019983347210657785,0.14136246747513212
1.7883333333333336,-0.1942268559819272,0.03772407158462429,0.019983347210657785,0.14136246747513212
1.79,-0.19371663222572624,0.03752613360087728,0.019983347210657785,0.14136246747513212
1.7916666666666667,-0.1931851652578137,0.03732050807568879,0.019983347210657785,0.14136246747513212
1.7933333333333334,-0.19263251335953163,0.03710728520321013,0.019983347210657785,0.14136246747513212
1.7950000000000002,-0.19205873713538865,0.036886558510040315,0.019983347210657785,0.14136246747513212
1.7966666666666669,-0.1914638995064134,0.03665842481420197,0.019983347210657785,0.14136246747513212
1.7983333333333333,-0.19084806570325538,0.03642298418267408,0.019983347210657785,0.14136246747513212
1.8,-0.19021130325903077,0.03618033988749897,0.019983347210657785,0.14136246747513212
1.8016666666666667,-0.1895536820019171,0.035930598360483915,0.019983347210657785,0.14136246747513212
1.8033333333333335,-0.1888752740474962,0.035673869146516796,0.019983347210657785,0.14136246747513212
1.8050000000000002,-0.18817615379084504,0.035410264855515766,0.019983347210657785,0.14136246747513212
1.8066666666666669,-0.18745639789837829,0.035139901113035124,0.019983347210657785,0.14136246747513212
1.8083333333333333,-0.1867160852994404,0.0348628965095479,0.019983347210657785,0.14136246747513212
1.81,-0.18595529717765036,0.03457937254842826,0.019983347210657785,0.14136246747513212
1.8116666666666668,-0.18517411696199892,0.03428945359265606,0.019983347210657785,0.14136246747513212
1.8133333333333335,-0.18437263031770013,0.03399326681026731,0.019983347210657785,0.14136246747513212
1.8150000000000002,-0.18355092513679616,0.03369094211857375,0.019983347210657785,0.14136246747513212
1.8166666666666669,-0.1827090915285202,0.03338261212717717,0.019983347210657785,0.14136246747513212
1.8183333333333334,-0.18184722180941376,0.03306841207980213,0.019983347210657785,0.14136246747513212
1.82,-0.18096541049320386,0.03274847979497378,0.019983347210657785,0.14136246747513212
1.8216666666666668,-0.18006375428043872,0.03242295560556621,0.019983347210657785,0.14136246747513212
1.8233333333333335,-0.17914235204788248,0.03209198229724747,0.019983347210657785,0.14136246747513212
1.8250000000000002,-0.17820130483767355,0.03175570504584945,0.019983347210657785,0.14136246747513212
1.8266666666666669,-0.1772407158462428,0.03141427135368858,0.019983347210657785,0.14136246747513212
1.8283333333333334,-0.17626069041299852,0.031067830984866908,0.019983347210657785,0.14136246747513212
1.83,-0.1752613360087727,0.030716535899579924,0.019983347210657785,0.14136246747513212
1.8316666666666668,-0.17424276222403792,0.030360540187462617,0.019983347210657785,0.14136246747513212
1.8333333333333335,-0.17320508075688767,0.02999999999999998,0.019983347210657785,0.14136246747513212
1.8350000000000002,-0.17214840540078874,0.02963507348203431,0.019983347210657785,0.14136246747513212
1.836666666666667,-0.1710728520321012,0.029265920702397193,0.019983347210657785,0.14136246747513212
1.8383333333333334,-0.16997853859737275,0.028892703583698536,0.019983347210657785,0.14136246747513212
1.84,-0.16886558510040306,0.028515585831301468,0.019983347210657785,0.14136246747513212
1.8416666666666668,-0.16773411358908472,0.028134732861515972,0.019983347210657785,0.14136246747513212
1.8433333333333335,-0.1665842481420199,0.027750311729042056,0.019983347210657785,0.14136246747513212
1.8450000000000002,-0.1654161148549122,0.027362491053693504,0.019983347210657785,0.14136246747513212
1.8466666666666667,-0.16422984182674094,0.02697144094643635,0.019983347210657785,0.14136246747513212
1.8483333333333334,-0.16302555914571082,0.026577332934771658,0.019983347210657785,0.14136246747513212
1.85,-0.16180339887498954,0.026180339887498967,0.019983347210657785,0.14136246747513212
1.8516666666666668,-0.16056349503822284,0.02578063593888941,0.019983347210657785,0.14136246747513212
1.8533333333333335,-0.15930598360483927,0.02537839641230532,0.019983347210657785,0.14136246747513212
1.8550000000000002,-0.15803100247513793,0.02497379774329705,0.019983347210657785,0.14136246747513212
1.8566666666666667,-0.15673869146516792,0.024567017402213103,0.019983347210657785,0.14136246747513212
1.8583333333333334,-0.1554291922913942,0.024158233816355196,0.019983347210657785,0.14136246747513212
1.86,-0.15410264855515773,0.02374762629171446,0.019983347210657785,0.14136246747513212
1.8616666666666668,-0.15275920572692842,0.02333537493432204,0.019983347210657785,0.14136246747513212
1.8633333333333335,-0.15139901113035112,0.02292166057124818,0.019983347210657785,0.14136246747513212
1.8650000000000002,-0.15002221392609183,0.02250666467128606,0.019983347210657785,0.14136246747513212
1.8666666666666667,-0.14862896509547882,0.022090569265353063,0.019983347210657785,0.14136246747513212
1.8683333333333334,-0.14721941742394692,0.021673556866646328,0.019983347210657785,0.14136246747513212
1.87,-0.14579372548428224,0.021255810390586247,0.019983347210657785,0.14136246747513212
1.8716666666666668,-0.14435204561967246,0.020837513074584,0.019983347210657785,0.14136246747513212
1.8733333333333335,-0.1428945359265605,0.020418848397667094,0.019983347210657785,0.14136246747513212
1.8750000000000002,-0.14142135623730945,0.019999999999999983,0.019983347210657785,0.14136246747513212
1.8766666666666667,-0.1399326681026731,0.019581151602332866,0.019983347210657785,0.14136246747513212
1.8783333333333334,-0.13842863477408124,0.019162486925415972,0.019983347210657785,0.14136246747513212
1.8800000000000001,-0.1369094211857377,0.018744189609413726,0.019983347210657785,0.14136246747513212
1.8816666666666668,-0.13537519393653194,0.018326443133353635,0.019983347210657785,0.14136246747513212
1.8833333333333335,-0.13382612127177154,0.017909430734646903,0.019983347210657785,0.14136246747513212
1.8850000000000002,-0.1322623730647301,0.017493335328713843,0.019983347210657785,0.14136246747513212
1.8866666666666667,-0.13068412079802116,0.01707833942875179,0.019983347210657785,0.14136246747513212
1.8883333333333334,-0.12909153754479005,0.01666462506567794,0.019983347210657785,0.14136246747513212
1.8900000000000001,-0.12748479794973797,0.016252373708285514,0.019983347210657785,0.14136246747513212
1.8916666666666668,-0.12586407820996734,0.015841766183644777,0.019983347210657785,0.14136246747513212
1.8933333333333335,-0.12422955605566202,0.015432982597786872,0.019983347210657785,0.14136246747513212
1.895,-0.12258141073059535,0.015026202256702917,0.019983347210657785,0.14136246747513212
1.8966666666666667,-0.12091982297247512,0.014621603587694723,0.019983347210657785,0.14136246747513212
1.8983333333333334,-0.11924497499312313,0.014219364061110561,0.019983347210657785,0.14136246747513212
1.9000000000000001,-0.1175570504584947,0.013819660112501068,0.019983347210657785,0.14136246747513212
1.9016666666666668,-0.11585623446853566,0.01342266706522831,0.019983347210657785,0.14136246747513212
1.9033333333333335,-0.11414271353688635,0.013028559053563697,0.019983347210657785,0.14136246747513212
1.905,-0.11241667557042623,0.012637508946306464,0.019983347210657785,0.14136246747513212
1.9066666666666667,-0.11067830984866874,0.012249688270957923,0.019983347210657785,0.14136246747513212
1.9083333333333334,-0.10892780700300544,0.011865267138484003,0.019983347210657785,0.14136246747513212
1.9100000000000001,-0.10716535899579915,0.01148441416869851,0.019983347210657785,0.14136246747513212
1.9116666666666668,-0.10539115909933545,0.011107296416301439,0.019983347210657785,0.14136246747513212
1.9133333333333336,-0.1036054018746258,0.010734079297602716,0.019983347210657785,0.14136246747513212
1.915,-0.10180828315007445,0.010364926517965733,0.019983347210657785,0.14136246747513212
1.9166666666666667,-0.09999999999999998,0.009999999999999995,0.019983347210657785,0.14136246747513212
1.9183333333333334,-0.09818075072302826,0.009639459812537414,0.019983347210657785,0.14136246747513212
1.9200000000000002,-0.09635073482034295,0.009283464100420049,0.019983347210657785,0.14136246747513212
1.9216666666666669,-0.09451015297381082,0.008932169015133122,0.019983347210657785,0.14136246747513212
1.9233333333333336,-0.09265920702397216,0.008585728646311333,0.019983347210657785,0.14136246747513212
1.925,-0.09079809994790929,0.008244294954150523,0.019983347210657785,0.14136246747513212
1.9266666666666667,-0.08892703583698554,0.00790801770275251,0.019983347210657785,0.14136246747513212
1.9283333333333335,-0.08704621987446534,0.007577044394433765,0.019983347210657785,0.14136246747513212
1.9300000000000002,-0.08515585831301449,0.007251520205026199,0.019983347210657785,0.14136246747513212
1.9316666666666669,-0.08325615845208,0.006931587920197851,0.019983347210657785,0.14136246747513212
1.9333333333333333,-0.08134732861516025,0.00661738787282287,0.019983347210657785,0.14136246747513212
1.935,-0.07942957812695611,0.006309057881426225,0.019983347210657785,0.14136246747513212
1.9366666666666668,-0.07750311729042071,0.00600673318973271,0.019983347210657785,0.14136246747513212
1.9383333333333335,-0.07556815736369332,0.005710546407343918,0.019983347210657785,0.14136246747513212
1.9400000000000002,-0.07362491053693562,0.005420627451571774,0.019983347210657785,0.14136246747513212
1.9416666666666669,-0.07167358990905986,0.005137103490452088,0.019983347210657785,0.14136246747513212
1.9433333333333334,-0.06971440946436298,0.004860098886964863,0.019983347210657785,0.14136246747513212
1.945,-0.06774758404905833,0.0045897351444842225,0.019983347210657785,0.14136246747513212
1.9466666666666668,-0.0657733293477165,0.004326130853483184,0.019983347210657785,0.14136246747513212
1.9483333333333335,-0.06379186185961397,0.0040694016395160714,0.019983347210657785,0.14136246747513212
1.9500000000000002,-0.061803398874989236,0.003819660112501021,0.019983347210657785,0.14136246747513212
1.9516666666666669,-0.05980815845121721,0.0035770158173259047,0.019983347210657785,0.14136246747513212
1.9533333333333334,-0.05780635938889433,0.0033415751857980114,0.019983347210657785,0.14136246747513212
1.955,-0.05579822120784598,0.0031134414899597128,0.019983347210657785,0.14136246747513212
1.9566666666666668,-0.05378396412305306,0.0028927147967898583,0.019983347210657785,0.14136246747513212
1.9583333333333335,-0.051763809020504196,0.0026794919243112317,0.019983347210657785,0.14136246747513212
1.9600000000000002,-0.04973797743297078,0.0024738663991227105,0.019983347210657785,0.14136246747513212
1.961666666666667,-0.047706691515716125,0.002275928415375701,0.019983347210657785,0.14136246747513212
1.9633333333333334,-0.04567017402213122,0.0020857647952117492,0.019983347210657785,0.14136246747513212
1.965,-0.04362864827930837,0.001903458950679597,0.019983347210657785,0.14136246747513212
1.9666666666666668,-0.04158233816355185,0.0017290908471479806,0.019983347210657785,0.14136246747513212
1.9683333333333335,-0.03953146807582499,0.0015627369682299705,0.019983347210657785,0.14136246747513212
1.9700000000000002,-0.03747626291714481,0.0014044702822349632,0.019983347210657785,0.14136246747513212
1.971666666666667,-0.03541694806391632,0.001254360210162146,0.019983347210657785,0.14136246747513212
1.9733333333333334,-0.0333537493432206,0.0011124725952503887,0.019983347210657785,0.14136246747513212
1.975,-0.031286893008046095,0.0009788696740969235,0.019983347210657785,0.14136246747513212
1.9766666666666668,-0.029216605712482375,0.0008536100493586578,0.019983347210657785,0.14136246747513212
1.9783333333333335,-0.027143114486860704,0.0007367486640468275,0.019983347210657785,0.14136246747513212
1.9800000000000002,-0.025066646712860803,0.0006283367774273753,0.019983347210657785,0.14136246747513212
1.9816666666666667,-0.022987430098573406,0.0005284219425367986,0.019983347210657785,0.14136246747513212
1.9833333333333334,-0.020905692653530556,0.00043704798532388144,0.019983347210657785,0.14136246747513212
1.985,-0.018821662663702856,0.0003542549854262261,0.019983347210657785,0.14136246747513212
1.9866666666666668,-0.016735568666462867,0.0002800792585898937,0.019983347210657785,0.14136246747513212
1.9883333333333335,-0.014647639425526236,0.00021455334074023058,0.019983347210657785,0.14136246747513212
1.9900000000000002,-0.012558103905862348,0.00015770597371043515,0.019983347210657785,0.14136246747513212
1.9916666666666667,-0.010467191248588924,0.00010956209263453656,0.019983347210657785,0.14136246747513212
1.9933333333333334,-0.008375130745839858,7.01428150099121e-05,0.019983347210657785,0.14136246747513212
1.995,-0.006282151815625721,3.9465431434569544e-05,0.019983347210657785,0.14136246747513212
1.9966666666666668,-0.004188483976671229,1.754339802283163e-05,0.019983347210657785,0.14136246747513212
1.9983333333333335,-0.0020943568232491263,4.386330503090172e-06,0.019983347210657785,0.14136246747513212
2.0,-9.797174393178826e-17,9.59846260903589e-33,0.019983347210657785,0.14136246747513212
