t_sobre_T,phi_rad,p_A,p_B,p_suma
0.0,0.0,0.0,0.0,0.0
0.0016666666666666668,0.0,0.010471784116245794,0.010471784116245794,0.020943568232491588
0.0033333333333333335,0.0,0.02094241988335696,0.02094241988335696,0.04188483976671392
0.005,0.0,0.03141075907812829,0.03141075907812829,0.06282151815625658
0.006666666666666667,0.0,0.04187565372919963,0.04187565372919963,0.08375130745839926
0.008333333333333333,0.0,0.05233595624294383,0.05233595624294383,0.10467191248588766
0.01,0.0,0.06279051952931337,0.06279051952931337,0.12558103905862675
0.011666666666666667,0.0,0.07323819712763169,0.07323819712763169,0.14647639425526338
0.013333333333333334,0.0,0.0836778433323155,0.0836778433323155,0.167355686664631
0.015000000000000001,0.0,0.09410831331851433,0.09410831331851433,0.18821662663702865
0.016666666666666666,0.0,0.10452846326765346,0.10452846326765346,0.20905692653530691
0.018333333333333333,0.0,0.1149371504928666,0.1149371504928666,0.2298743009857332
0.02,0.0,0.12533323356430426,0.12533323356430426,0.2506664671286085
0.021666666666666667,0.0,0.13571557243430438,0.13571557243430438,0.27143114486860875
0.023333333333333334,0.0,0.14608302856241162,0.14608302856241162,0.29216605712482324
0.025,0.0,0.15643446504023087,0.15643446504023087,0.31286893008046174
0.02666666666666667,0.0,0.16676874671610228,0.16676874671610228,0.33353749343220457
0.028333333333333335,0.0,0.1770847403195833,0.1770847403195833,0.3541694806391666
0.030000000000000002,0.0,0.18738131458572463,0.18738131458572463,0.37476262917144926
0.03166666666666667,0.0,0.19765734037912616,0.19765734037912616,0.3953146807582523
0.03333333333333333,0.0,0.20791169081775931,0.20791169081775931,0.41582338163551863
0.035,0.0,0.21814324139654256,0.21814324139654256,0.43628648279308513
0.03666666666666667,0.0,0.22835087011065572,0.22835087011065572,0.45670174022131144
0.03833333333333334,0.0,0.2385334575785809,0.2385334575785809,0.4770669151571618
0.04,0.0,0.2486898871648548,0.2486898871648548,0.4973797743297096
0.04166666666666667,0.0,0.2588190451025208,0.2588190451025208,0.5176380902050416
0.043333333333333335,0.0,0.2689198206152657,0.2689198206152657,0.5378396412305314
0.045000000000000005,0.0,0.2789911060392293,0.2789911060392293,0.5579822120784586
0.04666666666666667,0.0,0.2890317969444716,0.2890317969444716,0.5780635938889432
0.04833333333333334,0.0,0.2990407922560867,0.2990407922560867,0.5980815845121734
0.05,0.0,0.3090169943749474,0.3090169943749474,0.6180339887498948
0.05166666666666667,0.0,0.31895930929807,0.31895930929807,0.63791861859614
0.05333333333333334,0.0,0.32886664673858323,0.32886664673858323,0.6577332934771665
0.055,0.0,0.33873792024529137,0.33873792024529137,0.6774758404905827
0.05666666666666667,0.0,0.3485720473218152,0.3485720473218152,0.6971440946436304
0.058333333333333334,0.0,0.35836794954530027,0.35836794954530027,0.7167358990906005
0.060000000000000005,0.0,0.368124552684678,0.368124552684678,0.736249105369356
0.06166666666666667,0.0,0.3778407868184671,0.3778407868184671,0.7556815736369342
0.06333333333333334,0.0,0.387515586452103,0.387515586452103,0.775031172904206
0.065,0.0,0.3971478906347806,0.3971478906347806,0.7942957812695612
0.06666666666666667,0.0,0.40673664307580015,0.40673664307580015,0.8134732861516003
0.06833333333333334,0.0,0.4162807922604012,0.4162807922604012,0.8325615845208024
0.07,0.0,0.4257792915650727,0.4257792915650727,0.8515585831301454
0.07166666666666667,0.0,0.4352310993723275,0.4352310993723275,0.870462198744655
0.07333333333333333,0.0,0.44463517918492745,0.44463517918492745,0.8892703583698549
0.07500000000000001,0.0,0.4539904997395468,0.4539904997395468,0.9079809994790936
0.07666666666666667,0.0,0.4632960351198618,0.4632960351198618,0.9265920702397236
0.07833333333333334,0.0,0.472550764869054,0.472550764869054,0.945101529738108
0.08,0.0,0.4817536741017153,0.4817536741017153,0.9635073482034306
0.08166666666666667,0.0,0.49090375361514077,0.49090375361514077,0.9818075072302815
0.08333333333333334,0.0,0.5,0.5,1.0
0.085,0.0,0.5090414157503713,0.5090414157503713,1.0180828315007426
0.08666666666666667,0.0,0.5180270093731302,0.5180270093731302,1.0360540187462604
0.08833333333333333,0.0,0.5269557954966776,0.5269557954966776,1.0539115909933552
0.09000000000000001,0.0,0.5358267949789967,0.5358267949789967,1.0716535899579933
0.09166666666666667,0.0,0.5446390350150271,0.5446390350150271,1.0892780700300542
0.09333333333333334,0.0,0.5533915492433441,0.5533915492433441,1.1067830984866882
0.095,0.0,0.5620833778521306,0.5620833778521306,1.1241667557042612
0.09666666666666668,0.0,0.5707135676844317,0.5707135676844317,1.1414271353688634
0.09833333333333334,0.0,0.5792811723426788,0.5792811723426788,1.1585623446853577
0.1,0.0,0.5877852522924731,0.5877852522924731,1.1755705045849463
0.10166666666666667,0.0,0.5962248749656158,0.5962248749656158,1.1924497499312317
0.10333333333333335,0.0,0.6045991148623748,0.6045991148623748,1.2091982297247497
0.10500000000000001,0.0,0.6129070536529765,0.6129070536529765,1.225814107305953
0.10666666666666667,0.0,0.6211477802783104,0.6211477802783104,1.2422955605566208
0.10833333333333334,0.0,0.6293203910498375,0.6293203910498375,1.258640782099675
0.11,0.0,0.6374239897486896,0.6374239897486896,1.2748479794973793
0.11166666666666668,0.0,0.6454576877239506,0.6454576877239506,1.2909153754479012
0.11333333333333334,0.0,0.6534206039901054,0.6534206039901054,1.3068412079802108
0.115,0.0,0.6613118653236518,0.6613118653236518,1.3226237306473037
0.11666666666666667,0.0,0.6691306063588582,0.6691306063588582,1.3382612127177165
0.11833333333333335,0.0,0.6768759696826607,0.6768759696826607,1.3537519393653215
0.12000000000000001,0.0,0.6845471059286887,0.6845471059286887,1.3690942118573775
0.12166666666666667,0.0,0.6921431738704068,0.6921431738704068,1.3842863477408136
0.12333333333333334,0.0,0.6996633405133653,0.6996633405133653,1.3993266810267306
0.125,0.0,0.7071067811865476,0.7071067811865476,1.4142135623730951
0.12666666666666668,0.0,0.7144726796328034,0.7144726796328034,1.4289453592656067
0.12833333333333335,0.0,0.7217602280983623,0.7217602280983623,1.4435204561967245
0.13,0.0,0.7289686274214116,0.7289686274214116,1.457937254842823
0.13166666666666668,0.0,0.7360970871197343,0.7360970871197343,1.4721941742394686
0.13333333333333333,0.0,0.7431448254773941,0.7431448254773941,1.4862896509547883
0.135,0.0,0.7501110696304596,0.7501110696304596,1.5002221392609192
0.1366666666666667,0.0,0.7569950556517565,0.7569950556517565,1.513990111303513
0.13833333333333334,0.0,0.7637960286346421,0.7637960286346421,1.5275920572692843
0.14,0.0,0.7705132427757893,0.7705132427757893,1.5410264855515785
0.14166666666666666,0.0,0.7771459614569708,0.7771459614569708,1.5542919229139416
0.14333333333333334,0.0,0.7836934573258398,0.7836934573258398,1.5673869146516797
0.14500000000000002,0.0,0.7901550123756904,0.7901550123756904,1.5803100247513808
0.14666666666666667,0.0,0.7965299180241963,0.7965299180241963,1.5930598360483925
0.14833333333333334,0.0,0.8028174751911146,0.8028174751911146,1.6056349503822291
0.15000000000000002,0.0,0.8090169943749475,0.8090169943749475,1.618033988749895
0.15166666666666667,0.0,0.8151277957285542,0.8151277957285542,1.6302555914571084
0.15333333333333335,0.0,0.8211492091337041,0.8211492091337041,1.6422984182674083
0.155,0.0,0.8270805742745618,0.8270805742745618,1.6541611485491237
0.15666666666666668,0.0,0.8329212407100995,0.8329212407100995,1.665842481420199
0.15833333333333335,0.0,0.838670567945424,0.838670567945424,1.677341135890848
0.16,0.0,0.8443279255020151,0.8443279255020151,1.6886558510040302
0.16166666666666668,0.0,0.849892692986864,0.849892692986864,1.699785385973728
0.16333333333333333,0.0,0.8553642601605066,0.8553642601605066,1.7107285203210132
0.165,0.0,0.8607420270039436,0.8607420270039436,1.7214840540078873
0.16666666666666669,0.0,0.8660254037844387,0.8660254037844387,1.7320508075688774
0.16833333333333333,0.0,0.8712138111201894,0.8712138111201894,1.7424276222403787
0.17,0.0,0.8763066800438637,0.8763066800438637,1.7526133600877274
0.1716666666666667,0.0,0.8813034520649923,0.8813034520649923,1.7626069041299846
0.17333333333333334,0.0,0.8862035792312147,0.8862035792312147,1.7724071584624295
0.17500000000000002,0.0,0.8910065241883678,0.8910065241883678,1.7820130483767356
0.17666666666666667,0.0,0.8957117602394129,0.8957117602394129,1.7914235204788258
0.17833333333333334,0.0,0.9003187714021935,0.9003187714021935,1.800637542804387
0.18000000000000002,0.0,0.9048270524660196,0.9048270524660196,1.8096541049320392
0.18166666666666667,0.0,0.9092361090470685,0.9092361090470685,1.818472218094137
0.18333333333333335,0.0,0.9135454576426009,0.9135454576426009,1.8270909152852017
0.18500000000000003,0.0,0.9177546256839811,0.9177546256839811,1.8355092513679623
0.18666666666666668,0.0,0.9218631515885005,0.9218631515885005,1.843726303177001
0.18833333333333335,0.0,0.9258705848099947,0.9258705848099947,1.8517411696199895
0.19,0.0,0.9297764858882513,0.9297764858882513,1.8595529717765027
0.19166666666666668,0.0,0.9335804264972017,0.9335804264972017,1.8671608529944035
0.19333333333333336,0.0,0.9372819894918916,0.9372819894918916,1.8745639789837831
0.195,0.0,0.9408807689542255,0.9408807689542255,1.881761537908451
0.19666666666666668,0.0,0.9443763702374811,0.9443763702374811,1.8887527404749622
0.19833333333333333,0.0,0.9477684100095857,0.9477684100095857,1.8955368200191713
0.2,0.0,0.9510565162951535,0.9510565162951535,1.902113032590307
0.2016666666666667,0.0,0.9542403285162769,0.9542403285162769,1.9084806570325539
0.20333333333333334,0.0,0.9573194975320672,0.9573194975320672,1.9146389950641345
0.20500000000000002,0.0,0.9602936856769431,0.9602936856769431,1.9205873713538861
0.2066666666666667,0.0,0.9631625667976582,0.9631625667976582,1.9263251335953164
0.20833333333333334,0.0,0.9659258262890683,0.9659258262890683,1.9318516525781366
0.21000000000000002,0.0,0.9685831611286311,0.9685831611286311,1.9371663222572622
0.21166666666666667,0.0,0.9711342799096361,0.9711342799096361,1.9422685598192722
0.21333333333333335,0.0,0.9735789028731603,0.9735789028731603,1.9471578057463206
0.21500000000000002,0.0,0.9759167619387474,0.9759167619387474,1.9518335238774949
0.21666666666666667,0.0,0.9781476007338057,0.9781476007338057,1.9562952014676114
0.21833333333333335,0.0,0.9802711746217219,0.9802711746217219,1.9605423492434437
0.22,0.0,0.9822872507286886,0.9822872507286886,1.9645745014573772
0.22166666666666668,0.0,0.9841956079692419,0.9841956079692419,1.9683912159384838
0.22333333333333336,0.0,0.985996037070505,0.985996037070505,1.97199207414101
0.225,0.0,0.9876883405951378,0.9876883405951378,1.9753766811902755
0.22666666666666668,0.0,0.9892723329629883,0.9892723329629883,1.9785446659259767
0.22833333333333336,0.0,0.9907478404714436,0.9907478404714436,1.9814956809428872
0.23,0.0,0.9921147013144779,0.9921147013144779,1.9842294026289558
0.2316666666666667,0.0,0.9933727656003964,0.9933727656003964,1.986745531200793
0.23333333333333334,0.0,0.9945218953682733,0.9945218953682733,1.9890437907365466
0.23500000000000001,0.0,0.99556196460308,0.99556196460308,1.99112392920616
0.2366666666666667,0.0,0.9964928592495044,0.9964928592495044,1.9929857184990087
0.23833333333333334,0.0,0.9973144772244581,0.9973144772244581,1.9946289544489162
0.24000000000000002,0.0,0.9980267284282716,0.9980267284282716,1.9960534568565431
0.24166666666666667,0.0,0.9986295347545738,0.9986295347545738,1.9972590695091477
0.24333333333333335,0.0,0.9991228300988584,0.9991228300988584,1.9982456601977168
0.24500000000000002,0.0,0.9995065603657316,0.9995065603657316,1.9990131207314632
0.24666666666666667,0.0,0.9997806834748455,0.9997806834748455,1.999561366949691
0.24833333333333335,0.0,0.9999451693655121,0.9999451693655121,1.9998903387310243
0.25,0.0,1.0,1.0,2.0
0.2516666666666667,0.0,0.9999451693655121,0.9999451693655121,1.9998903387310243
0.25333333333333335,0.0,0.9997806834748455,0.9997806834748455,1.999561366949691
0.255,0.0,0.9995065603657316,0.9995065603657316,1.9990131207314632
0.2566666666666667,0.0,0.9991228300988584,0.9991228300988584,1.9982456601977168
0.25833333333333336,0.0,0.9986295347545738,0.9986295347545738,1.9972590695091477
0.26,0.0,0.9980267284282716,0.9980267284282716,1.9960534568565431
0.26166666666666666,0.0,0.9973144772244581,0.9973144772244581,1.9946289544489162
0.26333333333333336,0.0,0.9964928592495044,0.9964928592495044,1.9929857184990087
0.265,0.0,0.99556196460308,0.99556196460308,1.99112392920616
0.26666666666666666,0.0,0.9945218953682734,0.9945218953682734,1.9890437907365468
0.26833333333333337,0.0,0.9933727656003964,0.9933727656003964,1.986745531200793
0.27,0.0,0.9921147013144778,0.9921147013144778,1.9842294026289555
0.27166666666666667,0.0,0.9907478404714436,0.9907478404714436,1.9814956809428872
0.2733333333333334,0.0,0.9892723329629883,0.9892723329629883,1.9785446659259767
0.275,0.0,0.9876883405951377,0.9876883405951377,1.9753766811902753
0.27666666666666667,0.0,0.985996037070505,0.985996037070505,1.97199207414101
0.2783333333333334,0.0,0.9841956079692419,0.9841956079692419,1.9683912159384838
0.28,0.0,0.9822872507286886,0.9822872507286886,1.9645745014573772
0.2816666666666667,0.0,0.9802711746217219,0.9802711746217219,1.9605423492434437
0.2833333333333333,0.0,0.9781476007338057,0.9781476007338057,1.9562952014676114
0.28500000000000003,0.0,0.9759167619387474,0.9759167619387474,1.9518335238774949
0.2866666666666667,0.0,0.9735789028731603,0.9735789028731603,1.9471578057463206
0.28833333333333333,0.0,0.9711342799096361,0.9711342799096361,1.9422685598192722
0.29000000000000004,0.0,0.9685831611286311,0.9685831611286311,1.9371663222572622
0.2916666666666667,0.0,0.9659258262890683,0.9659258262890683,1.9318516525781366
0.29333333333333333,0.0,0.9631625667976582,0.9631625667976582,1.9263251335953164
0.29500000000000004,0.0,0.9602936856769431,0.9602936856769431,1.9205873713538861
0.2966666666666667,0.0,0.9573194975320672,0.9573194975320672,1.9146389950641345
0.29833333333333334,0.0,0.9542403285162769,0.9542403285162769,1.9084806570325539
0.30000000000000004,0.0,0.9510565162951535,0.9510565162951535,1.902113032590307
0.3016666666666667,0.0,0.9477684100095857,0.9477684100095857,1.8955368200191713
0.30333333333333334,0.0,0.9443763702374811,0.9443763702374811,1.8887527404749622
0.305,0.0,0.9408807689542255,0.9408807689542255,1.881761537908451
0.3066666666666667,0.0,0.9372819894918915,0.9372819894918915,1.874563978983783
0.30833333333333335,0.0,0.9335804264972017,0.9335804264972017,1.8671608529944035
0.31,0.0,0.9297764858882515,0.9297764858882515,1.859552971776503
0.3116666666666667,0.0,0.9258705848099946,0.9258705848099946,1.8517411696199892
0.31333333333333335,0.0,0.9218631515885005,0.9218631515885005,1.843726303177001
0.315,0.0,0.9177546256839813,0.9177546256839813,1.8355092513679625
0.3166666666666667,0.0,0.9135454576426009,0.9135454576426009,1.8270909152852017
0.31833333333333336,0.0,0.9092361090470686,0.9092361090470686,1.8184722180941373
0.32,0.0,0.9048270524660195,0.9048270524660195,1.809654104932039
0.3216666666666667,0.0,0.9003187714021934,0.9003187714021934,1.8006375428043868
0.32333333333333336,0.0,0.8957117602394128,0.8957117602394128,1.7914235204788256
0.325,0.0,0.8910065241883679,0.8910065241883679,1.7820130483767358
0.32666666666666666,0.0,0.8862035792312148,0.8862035792312148,1.7724071584624297
0.32833333333333337,0.0,0.8813034520649923,0.8813034520649923,1.7626069041299846
0.33,0.0,0.8763066800438635,0.8763066800438635,1.752613360087727
0.33166666666666667,0.0,0.8712138111201895,0.8712138111201895,1.742427622240379
0.33333333333333337,0.0,0.8660254037844386,0.8660254037844386,1.7320508075688772
0.335,0.0,0.8607420270039436,0.8607420270039436,1.7214840540078873
0.33666666666666667,0.0,0.8553642601605067,0.8553642601605067,1.7107285203210134
0.3383333333333334,0.0,0.8498926929868639,0.8498926929868639,1.6997853859737277
0.34,0.0,0.844327925502015,0.844327925502015,1.68865585100403
0.3416666666666667,0.0,0.838670567945424,0.838670567945424,1.677341135890848
0.3433333333333334,0.0,0.8329212407100993,0.8329212407100993,1.6658424814201986
0.34500000000000003,0.0,0.8270805742745617,0.8270805742745617,1.6541611485491234
0.3466666666666667,0.0,0.8211492091337041,0.8211492091337041,1.6422984182674083
0.34833333333333333,0.0,0.8151277957285544,0.8151277957285544,1.6302555914571089
0.35000000000000003,0.0,0.8090169943749475,0.8090169943749475,1.618033988749895
0.3516666666666667,0.0,0.8028174751911145,0.8028174751911145,1.605634950382229
0.35333333333333333,0.0,0.7965299180241964,0.7965299180241964,1.5930598360483927
0.35500000000000004,0.0,0.7901550123756903,0.7901550123756903,1.5803100247513806
0.3566666666666667,0.0,0.7836934573258398,0.7836934573258398,1.5673869146516797
0.35833333333333334,0.0,0.777145961456971,0.777145961456971,1.554291922913942
0.36000000000000004,0.0,0.7705132427757893,0.7705132427757893,1.5410264855515785
0.3616666666666667,0.0,0.763796028634642,0.763796028634642,1.527592057269284
0.36333333333333334,0.0,0.7569950556517564,0.7569950556517564,1.5139901113035128
0.36500000000000005,0.0,0.7501110696304594,0.7501110696304594,1.5002221392609187
0.3666666666666667,0.0,0.7431448254773942,0.7431448254773942,1.4862896509547885
0.36833333333333335,0.0,0.7360970871197344,0.7360970871197344,1.4721941742394689
0.37000000000000005,0.0,0.7289686274214114,0.7289686274214114,1.4579372548428229
0.3716666666666667,0.0,0.7217602280983619,0.7217602280983619,1.4435204561967239
0.37333333333333335,0.0,0.7144726796328033,0.7144726796328033,1.4289453592656065
0.375,0.0,0.7071067811865476,0.7071067811865476,1.4142135623730951
0.3766666666666667,0.0,0.6996633405133653,0.6996633405133653,1.3993266810267306
0.37833333333333335,0.0,0.6921431738704068,0.6921431738704068,1.3842863477408136
0.38,0.0,0.6845471059286888,0.6845471059286888,1.3690942118573777
0.3816666666666667,0.0,0.6768759696826607,0.6768759696826607,1.3537519393653215
0.38333333333333336,0.0,0.669130606358858,0.669130606358858,1.338261212717716
0.385,0.0,0.6613118653236518,0.6613118653236518,1.3226237306473037
0.3866666666666667,0.0,0.6534206039901053,0.6534206039901053,1.3068412079802105
0.38833333333333336,0.0,0.6454576877239505,0.6454576877239505,1.290915375447901
0.39,0.0,0.6374239897486899,0.6374239897486899,1.2748479794973797
0.3916666666666667,0.0,0.6293203910498374,0.6293203910498374,1.2586407820996748
0.39333333333333337,0.0,0.6211477802783101,0.6211477802783101,1.2422955605566202
0.395,0.0,0.6129070536529764,0.6129070536529764,1.2258141073059527
0.39666666666666667,0.0,0.6045991148623749,0.6045991148623749,1.2091982297247499
0.3983333333333334,0.0,0.5962248749656157,0.5962248749656157,1.1924497499312314
0.4,0.0,0.5877852522924732,0.5877852522924732,1.1755705045849465
0.40166666666666667,0.0,0.5792811723426787,0.5792811723426787,1.1585623446853575
0.4033333333333334,0.0,0.5707135676844314,0.5707135676844314,1.1414271353688628
0.405,0.0,0.5620833778521305,0.5620833778521305,1.124166755704261
0.4066666666666667,0.0,0.5533915492433441,0.5533915492433441,1.1067830984866882
0.4083333333333334,0.0,0.5446390350150269,0.5446390350150269,1.0892780700300537
0.41000000000000003,0.0,0.5358267949789967,0.5358267949789967,1.0716535899579933
0.4116666666666667,0.0,0.5269557954966777,0.5269557954966777,1.0539115909933554
0.4133333333333334,0.0,0.5180270093731302,0.5180270093731302,1.0360540187462604
0.41500000000000004,0.0,0.5090414157503711,0.5090414157503711,1.0180828315007422
0.4166666666666667,0.0,0.49999999999999994,0.49999999999999994,0.9999999999999999
0.41833333333333333,0.0,0.490903753615141,0.490903753615141,0.981807507230282
0.42000000000000004,0.0,0.4817536741017152,0.4817536741017152,0.9635073482034304
0.4216666666666667,0.0,0.4725507648690541,0.4725507648690541,0.9451015297381082
0.42333333333333334,0.0,0.4632960351198616,0.4632960351198616,0.9265920702397232
0.42500000000000004,0.0,0.45399049973954647,0.45399049973954647,0.9079809994790929
0.4266666666666667,0.0,0.44463517918492734,0.44463517918492734,0.8892703583698547
0.42833333333333334,0.0,0.43523109937232757,0.43523109937232757,0.8704621987446551
0.43000000000000005,0.0,0.4257792915650725,0.4257792915650725,0.851558583130145
0.4316666666666667,0.0,0.4162807922604012,0.4162807922604012,0.8325615845208024
0.43333333333333335,0.0,0.40673664307580004,0.40673664307580004,0.8134732861516001
0.43500000000000005,0.0,0.39714789063478023,0.39714789063478023,0.7942957812695605
0.4366666666666667,0.0,0.38751558645210277,0.38751558645210277,0.7750311729042055
0.43833333333333335,0.0,0.3778407868184671,0.3778407868184671,0.7556815736369342
0.44,0.0,0.36812455268467814,0.36812455268467814,0.7362491053693563
0.4416666666666667,0.0,0.3583679495453002,0.3583679495453002,0.7167358990906004
0.44333333333333336,0.0,0.34857204732181535,0.34857204732181535,0.6971440946436307
0.445,0.0,0.3387379202452913,0.3387379202452913,0.6774758404905826
0.4466666666666667,0.0,0.32886664673858296,0.32886664673858296,0.6577332934771659
0.44833333333333336,0.0,0.31895930929806987,0.31895930929806987,0.6379186185961397
0.45,0.0,0.3090169943749475,0.3090169943749475,0.618033988749895
0.4516666666666667,0.0,0.29904079225608654,0.29904079225608654,0.5980815845121731
0.45333333333333337,0.0,0.2890317969444717,0.2890317969444717,0.5780635938889434
0.455,0.0,0.2789911060392291,0.2789911060392291,0.5579822120784582
0.4566666666666667,0.0,0.2689198206152653,0.2689198206152653,0.5378396412305306
0.45833333333333337,0.0,0.2588190451025206,0.2588190451025206,0.5176380902050411
0.46,0.0,0.24868988716485482,0.24868988716485482,0.49737977432970965
0.46166666666666667,0.0,0.2385334575785811,0.2385334575785811,0.4770669151571622
0.4633333333333334,0.0,0.22835087011065575,0.22835087011065575,0.4567017402213115
0.465,0.0,0.21814324139654231,0.21814324139654231,0.43628648279308463
0.4666666666666667,0.0,0.20791169081775931,0.20791169081775931,0.41582338163551863
0.4683333333333334,0.0,0.19765734037912588,0.19765734037912588,0.39531468075825177
0.47000000000000003,0.0,0.18738131458572457,0.18738131458572457,0.37476262917144915
0.4716666666666667,0.0,0.17708474031958343,0.17708474031958343,0.35416948063916687
0.4733333333333334,0.0,0.16676874671610217,0.16676874671610217,0.33353749343220435
0.47500000000000003,0.0,0.15643446504023098,0.15643446504023098,0.31286893008046196
0.4766666666666667,0.0,0.14608302856241148,0.14608302856241148,0.29216605712482296
0.4783333333333334,0.0,0.13571557243430404,0.13571557243430404,0.2714311448686081
0.48000000000000004,0.0,0.1253332335643041,0.1253332335643041,0.2506664671286082
0.4816666666666667,0.0,0.11493715049286667,0.11493715049286667,0.22987430098573333
0.48333333333333334,0.0,0.10452846326765373,0.10452846326765373,0.20905692653530747
0.48500000000000004,0.0,0.09410831331851435,0.09410831331851435,0.1882166266370287
0.4866666666666667,0.0,0.08367784333231529,0.08367784333231529,0.16735568666463058
0.48833333333333334,0.0,0.07323819712763169,0.07323819712763169,0.14647639425526338
0.49000000000000005,0.0,0.06279051952931314,0.06279051952931314,0.12558103905862628
0.4916666666666667,0.0,0.05233595624294381,0.05233595624294381,0.10467191248588761
0.49333333333333335,0.0,0.04187565372919981,0.04187565372919981,0.08375130745839962
0.49500000000000005,0.0,0.031410759078128236,0.031410759078128236,0.06282151815625647
0.4966666666666667,0.0,0.020942419883356666,0.020942419883356666,0.04188483976671333
0.49833333333333335,0.0,0.010471784116245709,0.010471784116245709,0.020943568232491418
0.5,0.0,1.2246467991473532e-16,1.2246467991473532e-16,2.4492935982947064e-16
0.5016666666666667,0.0,-0.010471784116245907,-0.010471784116245907,-0.020943568232491813
0.5033333333333334,0.0,-0.02094241988335731,-0.02094241988335731,-0.04188483976671462
0.505,0.0,-0.031410759078127994,-0.031410759078127994,-0.06282151815625599
0.5066666666666667,0.0,-0.04187565372919957,-0.04187565372919957,-0.08375130745839914
0.5083333333333334,0.0,-0.052335956242944,-0.052335956242944,-0.104671912485888
0.51,0.0,-0.06279051952931335,-0.06279051952931335,-0.1255810390586267
0.5116666666666667,0.0,-0.07323819712763188,-0.07323819712763188,-0.14647639425526376
0.5133333333333334,0.0,-0.08367784333231593,-0.08367784333231593,-0.16735568666463185
0.515,0.0,-0.0941083133185141,-0.0941083133185141,-0.1882166266370282
0.5166666666666667,0.0,-0.1045284632676535,-0.1045284632676535,-0.209056926535307
0.5183333333333333,0.0,-0.11493715049286643,-0.11493715049286643,-0.22987430098573286
0.52,0.0,-0.12533323356430429,-0.12533323356430429,-0.25066646712860857
0.5216666666666667,0.0,-0.13571557243430468,-0.13571557243430468,-0.27143114486860936
0.5233333333333333,0.0,-0.14608302856241126,-0.14608302856241126,-0.2921660571248225
0.525,0.0,-0.15643446504023073,-0.15643446504023073,-0.31286893008046146
0.5266666666666667,0.0,-0.16676874671610237,-0.16676874671610237,-0.33353749343220473
0.5283333333333333,0.0,-0.17708474031958318,-0.17708474031958318,-0.35416948063916637
0.53,0.0,-0.18738131458572477,-0.18738131458572477,-0.37476262917144954
0.5316666666666667,0.0,-0.19765734037912652,-0.19765734037912652,-0.39531468075825305
0.5333333333333333,0.0,-0.20791169081775907,-0.20791169081775907,-0.41582338163551813
0.535,0.0,-0.2181432413965425,-0.2181432413965425,-0.436286482793085
0.5366666666666667,0.0,-0.22835087011065594,-0.22835087011065594,-0.4567017402213119
0.5383333333333333,0.0,-0.23853345757858088,-0.23853345757858088,-0.47706691515716176
0.54,0.0,-0.24868988716485502,-0.24868988716485502,-0.49737977432971003
0.5416666666666667,0.0,-0.2588190451025212,-0.2588190451025212,-0.5176380902050424
0.5433333333333333,0.0,-0.26891982061526554,-0.26891982061526554,-0.5378396412305311
0.545,0.0,-0.2789911060392293,-0.2789911060392293,-0.5579822120784586
0.5466666666666667,0.0,-0.28903179694447184,-0.28903179694447184,-0.5780635938889437
0.5483333333333333,0.0,-0.2990407922560867,-0.2990407922560867,-0.5980815845121734
0.55,0.0,-0.30901699437494773,-0.30901699437494773,-0.6180339887498955
0.5516666666666667,0.0,-0.3189593092980705,-0.3189593092980705,-0.637918618596141
0.5533333333333333,0.0,-0.3288666467385831,-0.3288666467385831,-0.6577332934771662
0.555,0.0,-0.3387379202452915,-0.3387379202452915,-0.677475840490583
0.5566666666666668,0.0,-0.34857204732181557,-0.34857204732181557,-0.6971440946436311
0.5583333333333333,0.0,-0.35836794954530043,-0.35836794954530043,-0.7167358990906009
0.56,0.0,-0.3681245526846783,-0.3681245526846783,-0.7362491053693566
0.5616666666666666,0.0,-0.3778407868184669,-0.3778407868184669,-0.7556815736369338
0.5633333333333334,0.0,-0.38751558645210293,-0.38751558645210293,-0.7750311729042059
0.5650000000000001,0.0,-0.3971478906347808,-0.3971478906347808,-0.7942957812695616
0.5666666666666667,0.0,-0.4067366430757998,-0.4067366430757998,-0.8134732861515996
0.5683333333333334,0.0,-0.416280792260401,-0.416280792260401,-0.832561584520802
0.5700000000000001,0.0,-0.42577929156507266,-0.42577929156507266,-0.8515585831301453
0.5716666666666667,0.0,-0.43523109937232735,-0.43523109937232735,-0.8704621987446547
0.5733333333333334,0.0,-0.44463517918492756,-0.44463517918492756,-0.8892703583698551
0.5750000000000001,0.0,-0.4539904997395471,-0.4539904997395471,-0.9079809994790942
0.5766666666666667,0.0,-0.4632960351198614,-0.4632960351198614,-0.9265920702397228
0.5783333333333334,0.0,-0.4725507648690539,-0.4725507648690539,-0.9451015297381078
0.5800000000000001,0.0,-0.4817536741017154,-0.4817536741017154,-0.9635073482034308
0.5816666666666667,0.0,-0.49090375361514077,-0.49090375361514077,-0.9818075072302815
0.5833333333333334,0.0,-0.5000000000000001,-0.5000000000000001,-1.0000000000000002
0.5850000000000001,0.0,-0.5090414157503717,-0.5090414157503717,-1.0180828315007433
0.5866666666666667,0.0,-0.51802700937313,-0.51802700937313,-1.03605401874626
0.5883333333333334,0.0,-0.5269557954966775,-0.5269557954966775,-1.053911590993355
0.5900000000000001,0.0,-0.5358267949789968,-0.5358267949789968,-1.0716535899579935
0.5916666666666667,0.0,-0.5446390350150271,-0.5446390350150271,-1.0892780700300542
0.5933333333333334,0.0,-0.5533915492433443,-0.5533915492433443,-1.1067830984866887
0.5950000000000001,0.0,-0.562083377852131,-0.562083377852131,-1.124166755704262
0.5966666666666667,0.0,-0.5707135676844315,-0.5707135676844315,-1.141427135368863
0.5983333333333334,0.0,-0.5792811723426788,-0.5792811723426788,-1.1585623446853577
0.6000000000000001,0.0,-0.5877852522924734,-0.5877852522924734,-1.1755705045849467
0.6016666666666667,0.0,-0.5962248749656158,-0.5962248749656158,-1.1924497499312317
0.6033333333333334,0.0,-0.6045991148623752,-0.6045991148623752,-1.2091982297247503
0.6050000000000001,0.0,-0.6129070536529769,-0.6129070536529769,-1.2258141073059539
0.6066666666666667,0.0,-0.6211477802783103,-0.6211477802783103,-1.2422955605566206
0.6083333333333334,0.0,-0.6293203910498376,-0.6293203910498376,-1.2586407820996752
0.61,0.0,-0.6374239897486896,-0.6374239897486896,-1.2748479794973793
0.6116666666666667,0.0,-0.6454576877239507,-0.6454576877239507,-1.2909153754479015
0.6133333333333334,0.0,-0.6534206039901057,-0.6534206039901057,-1.3068412079802114
0.615,0.0,-0.6613118653236517,-0.6613118653236517,-1.3226237306473034
0.6166666666666667,0.0,-0.6691306063588582,-0.6691306063588582,-1.3382612127177165
0.6183333333333334,0.0,-0.676875969682661,-0.676875969682661,-1.353751939365322
0.62,0.0,-0.6845471059286887,-0.6845471059286887,-1.3690942118573775
0.6216666666666667,0.0,-0.6921431738704069,-0.6921431738704069,-1.3842863477408138
0.6233333333333334,0.0,-0.6996633405133658,-0.6996633405133658,-1.3993266810267315
0.625,0.0,-0.7071067811865475,-0.7071067811865475,-1.414213562373095
0.6266666666666667,0.0,-0.7144726796328035,-0.7144726796328035,-1.428945359265607
0.6283333333333334,0.0,-0.7217602280983624,-0.7217602280983624,-1.4435204561967248
0.63,0.0,-0.7289686274214113,-0.7289686274214113,-1.4579372548428227
0.6316666666666667,0.0,-0.7360970871197343,-0.7360970871197343,-1.4721941742394686
0.6333333333333334,0.0,-0.7431448254773944,-0.7431448254773944,-1.4862896509547887
0.635,0.0,-0.7501110696304595,-0.7501110696304595,-1.500222139260919
0.6366666666666667,0.0,-0.7569950556517562,-0.7569950556517562,-1.5139901113035124
0.6383333333333334,0.0,-0.7637960286346421,-0.7637960286346421,-1.5275920572692843
0.64,0.0,-0.7705132427757894,-0.7705132427757894,-1.5410264855515787
0.6416666666666667,0.0,-0.7771459614569711,-0.7771459614569711,-1.5542919229139422
0.6433333333333334,0.0,-0.7836934573258402,-0.7836934573258402,-1.5673869146516803
0.645,0.0,-0.7901550123756904,-0.7901550123756904,-1.5803100247513808
0.6466666666666667,0.0,-0.7965299180241965,-0.7965299180241965,-1.593059836048393
0.6483333333333334,0.0,-0.8028174751911148,-0.8028174751911148,-1.6056349503822296
0.65,0.0,-0.8090169943749473,-0.8090169943749473,-1.6180339887498947
0.6516666666666667,0.0,-0.8151277957285543,-0.8151277957285543,-1.6302555914571086
0.6533333333333333,0.0,-0.8211492091337037,-0.8211492091337037,-1.6422984182674074
0.655,0.0,-0.8270805742745616,-0.8270805742745616,-1.6541611485491232
0.6566666666666667,0.0,-0.8329212407100994,-0.8329212407100994,-1.6658424814201989
0.6583333333333333,0.0,-0.8386705679454242,-0.8386705679454242,-1.6773411358908483
0.66,0.0,-0.8443279255020153,-0.8443279255020153,-1.6886558510040306
0.6616666666666667,0.0,-0.8498926929868642,-0.8498926929868642,-1.6997853859737284
0.6633333333333333,0.0,-0.8553642601605066,-0.8553642601605066,-1.7107285203210132
0.665,0.0,-0.8607420270039438,-0.8607420270039438,-1.7214840540078875
0.6666666666666667,0.0,-0.8660254037844388,-0.8660254037844388,-1.7320508075688776
0.6683333333333333,0.0,-0.8712138111201894,-0.8712138111201894,-1.7424276222403787
0.67,0.0,-0.8763066800438636,-0.8763066800438636,-1.7526133600877272
0.6716666666666667,0.0,-0.8813034520649924,-0.8813034520649924,-1.7626069041299848
0.6733333333333333,0.0,-0.8862035792312145,-0.8862035792312145,-1.772407158462429
0.675,0.0,-0.8910065241883678,-0.8910065241883678,-1.7820130483767356
0.6766666666666667,0.0,-0.8957117602394129,-0.8957117602394129,-1.7914235204788258
0.6783333333333333,0.0,-0.9003187714021936,-0.9003187714021936,-1.8006375428043873
0.68,0.0,-0.9048270524660198,-0.9048270524660198,-1.8096541049320396
0.6816666666666668,0.0,-0.9092361090470689,-0.9092361090470689,-1.8184722180941377
0.6833333333333333,0.0,-0.913545457642601,-0.913545457642601,-1.827090915285202
0.685,0.0,-0.9177546256839813,-0.9177546256839813,-1.8355092513679625
0.6866666666666668,0.0,-0.9218631515885007,-0.9218631515885007,-1.8437263031770015
0.6883333333333334,0.0,-0.9258705848099947,-0.9258705848099947,-1.8517411696199895
0.6900000000000001,0.0,-0.9297764858882515,-0.9297764858882515,-1.859552971776503
0.6916666666666668,0.0,-0.9335804264972019,-0.9335804264972019,-1.8671608529944037
0.6933333333333334,0.0,-0.9372819894918915,-0.9372819894918915,-1.874563978983783
0.6950000000000001,0.0,-0.9408807689542255,-0.9408807689542255,-1.881761537908451
0.6966666666666667,0.0,-0.9443763702374809,-0.9443763702374809,-1.8887527404749618
0.6983333333333334,0.0,-0.9477684100095856,-0.9477684100095856,-1.8955368200191711
0.7000000000000001,0.0,-0.9510565162951535,-0.9510565162951535,-1.902113032590307
0.7016666666666667,0.0,-0.9542403285162769,-0.9542403285162769,-1.9084806570325539
0.7033333333333334,0.0,-0.9573194975320674,-0.9573194975320674,-1.9146389950641347
0.7050000000000001,0.0,-0.9602936856769432,-0.9602936856769432,-1.9205873713538864
0.7066666666666667,0.0,-0.9631625667976581,-0.9631625667976581,-1.9263251335953162
0.7083333333333334,0.0,-0.9659258262890683,-0.9659258262890683,-1.9318516525781366
0.7100000000000001,0.0,-0.9685831611286312,-0.9685831611286312,-1.9371663222572624
0.7116666666666667,0.0,-0.971134279909636,-0.971134279909636,-1.942268559819272
0.7133333333333334,0.0,-0.9735789028731603,-0.9735789028731603,-1.9471578057463206
0.7150000000000001,0.0,-0.9759167619387474,-0.9759167619387474,-1.9518335238774949
0.7166666666666667,0.0,-0.9781476007338056,-0.9781476007338056,-1.9562952014676112
0.7183333333333334,0.0,-0.9802711746217218,-0.9802711746217218,-1.9605423492434435
0.7200000000000001,0.0,-0.9822872507286887,-0.9822872507286887,-1.9645745014573774
0.7216666666666667,0.0,-0.984195607969242,-0.984195607969242,-1.968391215938484
0.7233333333333334,0.0,-0.985996037070505,-0.985996037070505,-1.97199207414101
0.7250000000000001,0.0,-0.9876883405951379,-0.9876883405951379,-1.9753766811902758
0.7266666666666667,0.0,-0.9892723329629883,-0.9892723329629883,-1.9785446659259767
0.7283333333333334,0.0,-0.9907478404714436,-0.9907478404714436,-1.9814956809428872
0.7300000000000001,0.0,-0.9921147013144779,-0.9921147013144779,-1.9842294026289558
0.7316666666666667,0.0,-0.9933727656003964,-0.9933727656003964,-1.986745531200793
0.7333333333333334,0.0,-0.9945218953682734,-0.9945218953682734,-1.9890437907365468
0.7350000000000001,0.0,-0.99556196460308,-0.99556196460308,-1.99112392920616
0.7366666666666667,0.0,-0.9964928592495043,-0.9964928592495043,-1.9929857184990085
0.7383333333333334,0.0,-0.9973144772244581,-0.9973144772244581,-1.9946289544489162
0.7400000000000001,0.0,-0.9980267284282716,-0.9980267284282716,-1.9960534568565431
0.7416666666666667,0.0,-0.9986295347545739,-0.9986295347545739,-1.9972590695091479
0.7433333333333334,0.0,-0.9991228300988584,-0.9991228300988584,-1.9982456601977168
0.745,0.0,-0.9995065603657316,-0.9995065603657316,-1.9990131207314632
0.7466666666666667,0.0,-0.9997806834748455,-0.9997806834748455,-1.999561366949691
0.7483333333333334,0.0,-0.9999451693655121,-0.9999451693655121,-1.9998903387310243
0.75,0.0,-1.0,-1.0,-2.0
0.7516666666666667,0.0,-0.9999451693655121,-0.9999451693655121,-1.9998903387310243
0.7533333333333334,0.0,-0.9997806834748455,-0.9997806834748455,-1.999561366949691
0.755,0.0,-0.9995065603657316,-0.9995065603657316,-1.9990131207314632
0.7566666666666667,0.0,-0.9991228300988584,-0.9991228300988584,-1.9982456601977168
0.7583333333333334,0.0,-0.9986295347545738,-0.9986295347545738,-1.9972590695091477
0.76,0.0,-0.9980267284282716,-0.9980267284282716,-1.9960534568565431
0.7616666666666667,0.0,-0.9973144772244581,-0.9973144772244581,-1.9946289544489162
0.7633333333333334,0.0,-0.9964928592495044,-0.9964928592495044,-1.9929857184990087
0.765,0.0,-0.99556196460308,-0.99556196460308,-1.99112392920616
0.7666666666666667,0.0,-0.9945218953682733,-0.9945218953682733,-1.9890437907365466
0.7683333333333334,0.0,-0.9933727656003963,-0.9933727656003963,-1.9867455312007927
0.77,0.0,-0.9921147013144779,-0.9921147013144779,-1.9842294026289558
0.7716666666666667,0.0,-0.9907478404714436,-0.9907478404714436,-1.9814956809428872
0.7733333333333334,0.0,-0.9892723329629882,-0.9892723329629882,-1.9785446659259764
0.775,0.0,-0.9876883405951378,-0.9876883405951378,-1.9753766811902755
0.7766666666666667,0.0,-0.9859960370705049,-0.9859960370705049,-1.9719920741410097
0.7783333333333334,0.0,-0.9841956079692419,-0.9841956079692419,-1.9683912159384838
0.78,0.0,-0.9822872507286887,-0.9822872507286887,-1.9645745014573774
0.7816666666666667,0.0,-0.9802711746217219,-0.9802711746217219,-1.9605423492434437
0.7833333333333334,0.0,-0.9781476007338056,-0.9781476007338056,-1.9562952014676112
0.785,0.0,-0.9759167619387473,-0.9759167619387473,-1.9518335238774946
0.7866666666666667,0.0,-0.9735789028731602,-0.9735789028731602,-1.9471578057463204
0.7883333333333333,0.0,-0.9711342799096361,-0.9711342799096361,-1.9422685598192722
0.79,0.0,-0.9685831611286311,-0.9685831611286311,-1.9371663222572622
0.7916666666666667,0.0,-0.9659258262890682,-0.9659258262890682,-1.9318516525781364
0.7933333333333333,0.0,-0.9631625667976582,-0.9631625667976582,-1.9263251335953164
0.795,0.0,-0.9602936856769431,-0.9602936856769431,-1.9205873713538861
0.7966666666666667,0.0,-0.9573194975320672,-0.9573194975320672,-1.9146389950641345
0.7983333333333333,0.0,-0.954240328516277,-0.954240328516277,-1.908480657032554
0.8,0.0,-0.9510565162951536,-0.9510565162951536,-1.9021130325903073
0.8016666666666667,0.0,-0.9477684100095857,-0.9477684100095857,-1.8955368200191713
0.8033333333333333,0.0,-0.944376370237481,-0.944376370237481,-1.888752740474962
0.805,0.0,-0.9408807689542253,-0.9408807689542253,-1.8817615379084507
0.8066666666666668,0.0,-0.9372819894918912,-0.9372819894918912,-1.8745639789837825
0.8083333333333333,0.0,-0.9335804264972017,-0.9335804264972017,-1.8671608529944035
0.81,0.0,-0.9297764858882512,-0.9297764858882512,-1.8595529717765025
0.8116666666666668,0.0,-0.9258705848099945,-0.9258705848099945,-1.851741169619989
0.8133333333333334,0.0,-0.9218631515885005,-0.9218631515885005,-1.843726303177001
0.8150000000000001,0.0,-0.917754625683981,-0.917754625683981,-1.835509251367962
0.8166666666666668,0.0,-0.9135454576426008,-0.9135454576426008,-1.8270909152852015
0.8183333333333334,0.0,-0.9092361090470686,-0.9092361090470686,-1.8184722180941373
0.8200000000000001,0.0,-0.9048270524660196,-0.9048270524660196,-1.8096541049320392
0.8216666666666668,0.0,-0.9003187714021934,-0.9003187714021934,-1.8006375428043868
0.8233333333333334,0.0,-0.895711760239413,-0.895711760239413,-1.791423520478826
0.8250000000000001,0.0,-0.891006524188368,-0.891006524188368,-1.782013048376736
0.8266666666666668,0.0,-0.8862035792312147,-0.8862035792312147,-1.7724071584624295
0.8283333333333334,0.0,-0.881303452064992,-0.881303452064992,-1.762606904129984
0.8300000000000001,0.0,-0.8763066800438634,-0.8763066800438634,-1.7526133600877267
0.8316666666666667,0.0,-0.8712138111201895,-0.8712138111201895,-1.742427622240379
0.8333333333333334,0.0,-0.8660254037844386,-0.8660254037844386,-1.7320508075688772
0.8350000000000001,0.0,-0.8607420270039434,-0.8607420270039434,-1.7214840540078868
0.8366666666666667,0.0,-0.8553642601605068,-0.8553642601605068,-1.7107285203210136
0.8383333333333334,0.0,-0.849892692986864,-0.849892692986864,-1.699785385973728
0.8400000000000001,0.0,-0.844327925502015,-0.844327925502015,-1.68865585100403
0.8416666666666667,0.0,-0.8386705679454243,-0.8386705679454243,-1.6773411358908485
0.8433333333333334,0.0,-0.8329212407100997,-0.8329212407100997,-1.6658424814201993
0.8450000000000001,0.0,-0.8270805742745618,-0.8270805742745618,-1.6541611485491237
0.8466666666666667,0.0,-0.8211492091337039,-0.8211492091337039,-1.6422984182674079
0.8483333333333334,0.0,-0.815127795728554,-0.815127795728554,-1.630255591457108
0.8500000000000001,0.0,-0.809016994374947,-0.809016994374947,-1.618033988749894
0.8516666666666667,0.0,-0.8028174751911145,-0.8028174751911145,-1.605634950382229
0.8533333333333334,0.0,-0.7965299180241961,-0.7965299180241961,-1.5930598360483923
0.8550000000000001,0.0,-0.7901550123756901,-0.7901550123756901,-1.5803100247513802
0.8566666666666667,0.0,-0.7836934573258398,-0.7836934573258398,-1.5673869146516797
0.8583333333333334,0.0,-0.7771459614569708,-0.7771459614569708,-1.5542919229139416
0.8600000000000001,0.0,-0.770513242775789,-0.770513242775789,-1.541026485551578
0.8616666666666667,0.0,-0.7637960286346424,-0.7637960286346424,-1.5275920572692847
0.8633333333333334,0.0,-0.7569950556517565,-0.7569950556517565,-1.513990111303513
0.8650000000000001,0.0,-0.7501110696304595,-0.7501110696304595,-1.500222139260919
0.8666666666666667,0.0,-0.743144825477394,-0.743144825477394,-1.486289650954788
0.8683333333333334,0.0,-0.7360970871197339,-0.7360970871197339,-1.4721941742394677
0.8700000000000001,0.0,-0.7289686274214109,-0.7289686274214109,-1.4579372548428218
0.8716666666666667,0.0,-0.721760228098362,-0.721760228098362,-1.443520456196724
0.8733333333333334,0.0,-0.714472679632803,-0.714472679632803,-1.428945359265606
0.8750000000000001,0.0,-0.707106781186547,-0.707106781186547,-1.414213562373094
0.8766666666666667,0.0,-0.6996633405133654,-0.6996633405133654,-1.3993266810267309
0.8783333333333334,0.0,-0.6921431738704066,-0.6921431738704066,-1.3842863477408132
0.88,0.0,-0.684547105928689,-0.684547105928689,-1.369094211857378
0.8816666666666667,0.0,-0.6768759696826608,-0.6768759696826608,-1.3537519393653217
0.8833333333333334,0.0,-0.6691306063588581,-0.6691306063588581,-1.3382612127177163
0.885,0.0,-0.6613118653236523,-0.6613118653236523,-1.3226237306473045
0.8866666666666667,0.0,-0.6534206039901057,-0.6534206039901057,-1.3068412079802114
0.8883333333333334,0.0,-0.6454576877239506,-0.6454576877239506,-1.2909153754479012
0.89,0.0,-0.6374239897486896,-0.6374239897486896,-1.2748479794973793
0.8916666666666667,0.0,-0.6293203910498372,-0.6293203910498372,-1.2586407820996743
0.8933333333333334,0.0,-0.6211477802783099,-0.6211477802783099,-1.2422955605566197
0.895,0.0,-0.6129070536529765,-0.6129070536529765,-1.225814107305953
0.8966666666666667,0.0,-0.6045991148623747,-0.6045991148623747,-1.2091982297247494
0.8983333333333334,0.0,-0.5962248749656155,-0.5962248749656155,-1.192449749931231
0.9,0.0,-0.5877852522924734,-0.5877852522924734,-1.1755705045849467
0.9016666666666667,0.0,-0.5792811723426788,-0.5792811723426788,-1.1585623446853577
0.9033333333333334,0.0,-0.5707135676844315,-0.5707135676844315,-1.141427135368863
0.905,0.0,-0.5620833778521309,-0.5620833778521309,-1.1241667557042618
0.9066666666666667,0.0,-0.5533915492433442,-0.5533915492433442,-1.1067830984866884
0.9083333333333334,0.0,-0.544639035015027,-0.544639035015027,-1.089278070030054
0.91,0.0,-0.5358267949789963,-0.5358267949789963,-1.0716535899579926
0.9116666666666667,0.0,-0.526955795496677,-0.526955795496677,-1.053911590993354
0.9133333333333334,0.0,-0.5180270093731295,-0.5180270093731295,-1.036054018746259
0.915,0.0,-0.5090414157503712,-0.5090414157503712,-1.0180828315007424
0.9166666666666667,0.0,-0.49999999999999967,-0.49999999999999967,-0.9999999999999993
0.9183333333333334,0.0,-0.4909037536151403,-0.4909037536151403,-0.9818075072302807
0.92,0.0,-0.4817536741017153,-0.4817536741017153,-0.9635073482034306
0.9216666666666667,0.0,-0.47255076486905384,-0.47255076486905384,-0.9451015297381077
0.9233333333333333,0.0,-0.4632960351198621,-0.4632960351198621,-0.9265920702397242
0.925,0.0,-0.45399049973954697,-0.45399049973954697,-0.9079809994790939
0.9266666666666667,0.0,-0.44463517918492745,-0.44463517918492745,-0.8892703583698549
0.9283333333333333,0.0,-0.4352310993723273,-0.4352310993723273,-0.8704621987446546
0.93,0.0,-0.4257792915650722,-0.4257792915650722,-0.8515585831301444
0.9316666666666668,0.0,-0.41628079226040055,-0.41628079226040055,-0.8325615845208011
0.9333333333333333,0.0,-0.40673664307580015,-0.40673664307580015,-0.8134732861516003
0.935,0.0,-0.39714789063478034,-0.39714789063478034,-0.7942957812695607
0.9366666666666668,0.0,-0.3875155864521025,-0.3875155864521025,-0.775031172904205
0.9383333333333334,0.0,-0.3778407868184672,-0.3778407868184672,-0.7556815736369344
0.9400000000000001,0.0,-0.36812455268467786,-0.36812455268467786,-0.7362491053693557
0.9416666666666668,0.0,-0.35836794954529994,-0.35836794954529994,-0.7167358990905999
0.9433333333333334,0.0,-0.3485720473218155,-0.3485720473218155,-0.697144094643631
0.9450000000000001,0.0,-0.3387379202452914,-0.3387379202452914,-0.6774758404905828
0.9466666666666668,0.0,-0.32886664673858307,-0.32886664673858307,-0.6577332934771661
0.9483333333333334,0.0,-0.3189593092980704,-0.3189593092980704,-0.6379186185961409
0.9500000000000001,0.0,-0.3090169943749477,-0.3090169943749477,-0.6180339887498953
0.9516666666666668,0.0,-0.29904079225608665,-0.29904079225608665,-0.5980815845121733
0.9533333333333334,0.0,-0.28903179694447134,-0.28903179694447134,-0.5780635938889427
0.9550000000000001,0.0,-0.2789911060392288,-0.2789911060392288,-0.5579822120784576
0.9566666666666668,0.0,-0.26891982061526504,-0.26891982061526504,-0.5378396412305301
0.9583333333333334,0.0,-0.2588190451025207,-0.2588190451025207,-0.5176380902050414
0.9600000000000001,0.0,-0.2486898871648545,-0.2486898871648545,-0.497379774329709
0.9616666666666668,0.0,-0.23853345757858035,-0.23853345757858035,-0.4770669151571607
0.9633333333333334,0.0,-0.22835087011065586,-0.22835087011065586,-0.4567017402213117
0.9650000000000001,0.0,-0.21814324139654243,-0.21814324139654243,-0.43628648279308485
0.9666666666666667,0.0,-0.20791169081775987,-0.20791169081775987,-0.41582338163551974
0.9683333333333334,0.0,-0.19765734037912644,-0.19765734037912644,-0.3953146807582529
0.9700000000000001,0.0,-0.18738131458572468,-0.18738131458572468,-0.37476262917144937
0.9716666666666667,0.0,-0.17708474031958313,-0.17708474031958313,-0.35416948063916626
0.9733333333333334,0.0,-0.16676874671610187,-0.16676874671610187,-0.33353749343220374
0.9750000000000001,0.0,-0.15643446504023023,-0.15643446504023023,-0.31286893008046046
0.9766666666666667,0.0,-0.14608302856241162,-0.14608302856241162,-0.29216605712482324
0.9783333333333334,0.0,-0.13571557243430415,-0.13571557243430415,-0.2714311448686083
0.9800000000000001,0.0,-0.1253332335643038,-0.1253332335643038,-0.2506664671286076
0.9816666666666667,0.0,-0.11493715049286679,-0.11493715049286679,-0.22987430098573358
0.9833333333333334,0.0,-0.10452846326765342,-0.10452846326765342,-0.20905692653530683
0.9850000000000001,0.0,-0.09410831331851403,-0.09410831331851403,-0.18821662663702807
0.9866666666666667,0.0,-0.08367784333231584,-0.08367784333231584,-0.1673556866646317
0.9883333333333334,0.0,-0.07323819712763181,-0.07323819712763181,-0.14647639425526363
0.9900000000000001,0.0,-0.06279051952931326,-0.06279051952931326,-0.12558103905862653
0.9916666666666667,0.0,-0.05233595624294348,-0.05233595624294348,-0.10467191248588696
0.9933333333333334,0.0,-0.04187565372919905,-0.04187565372919905,-0.0837513074583981
0.9950000000000001,0.0,-0.03141075907812747,-0.03141075907812747,-0.06282151815625495
0.9966666666666667,0.0,-0.02094241988335679,-0.02094241988335679,-0.04188483976671358
0.9983333333333334,0.0,-0.010471784116245386,-0.010471784116245386,-0.020943568232490772
1.0,0.0,-2.4492935982947064e-16,-2.4492935982947064e-16,-4.898587196589413e-16
1.0016666666666667,0.0,0.010471784116245785,0.010471784116245785,0.02094356823249157
1.0033333333333334,0.0,0.020942419883357186,0.020942419883357186,0.04188483976671437
1.0050000000000001,0.0,0.03141075907812876,0.03141075907812876,0.06282151815625751
1.0066666666666668,0.0,0.04187565372920033,0.04187565372920033,0.08375130745840066
1.0083333333333333,0.0,0.052335956242942995,0.052335956242942995,0.10467191248588599
1.01,0.0,0.06279051952931278,0.06279051952931278,0.12558103905862555
1.0116666666666667,0.0,0.07323819712763133,0.07323819712763133,0.14647639425526265
1.0133333333333334,0.0,0.08367784333231536,0.08367784333231536,0.16735568666463072
1.0150000000000001,0.0,0.09410831331851442,0.09410831331851442,0.18821662663702884
1.0166666666666668,0.0,0.10452846326765382,0.10452846326765382,0.20905692653530764
1.0183333333333333,0.0,0.1149371504928663,0.1149371504928663,0.2298743009857326
1.02,0.0,0.12533323356430418,0.12533323356430418,0.25066646712860835
1.0216666666666667,0.0,0.13571557243430454,0.13571557243430454,0.2714311448686091
1.0233333333333334,0.0,0.146083028562412,0.146083028562412,0.292166057124824
1.0250000000000001,0.0,0.1564344650402315,0.1564344650402315,0.312868930080463
1.0266666666666668,0.0,0.16676874671610314,0.16676874671610314,0.3335374934322063
1.0283333333333333,0.0,0.17708474031958263,0.17708474031958263,0.35416948063916526
1.03,0.0,0.1873813145857242,0.1873813145857242,0.3747626291714484
1.0316666666666667,0.0,0.19765734037912597,0.19765734037912597,0.39531468075825194
1.0333333333333334,0.0,0.20791169081775937,0.20791169081775937,0.41582338163551874
1.0350000000000001,0.0,0.21814324139654281,0.21814324139654281,0.43628648279308563
1.0366666666666666,0.0,0.22835087011065539,0.22835087011065539,0.45670174022131077
1.0383333333333333,0.0,0.23853345757858074,0.23853345757858074,0.4770669151571615
1.04,0.0,0.24868988716485488,0.24868988716485488,0.49737977432970976
1.0416666666666667,0.0,0.2588190451025211,0.2588190451025211,0.5176380902050421
1.0433333333333334,0.0,0.26891982061526626,0.26891982061526626,0.5378396412305325
1.0450000000000002,0.0,0.27899110603923005,0.27899110603923005,0.5579822120784601
1.0466666666666666,0.0,0.2890317969444709,0.2890317969444709,0.5780635938889418
1.0483333333333333,0.0,0.2990407922560862,0.2990407922560862,0.5980815845121724
1.05,0.0,0.3090169943749472,0.3090169943749472,0.6180339887498943
1.0516666666666667,0.0,0.3189593092980699,0.3189593092980699,0.6379186185961399
1.0533333333333335,0.0,0.32886664673858346,0.32886664673858346,0.6577332934771669
1.0550000000000002,0.0,0.3387379202452918,0.3387379202452918,0.6774758404905836
1.0566666666666666,0.0,0.348572047321815,0.348572047321815,0.69714409464363
1.0583333333333333,0.0,0.3583679495453003,0.3583679495453003,0.7167358990906006
1.06,0.0,0.3681245526846782,0.3681245526846782,0.7362491053693564
1.0616666666666668,0.0,0.3778407868184676,0.3778407868184676,0.7556815736369352
1.0633333333333335,0.0,0.38751558645210366,0.38751558645210366,0.7750311729042073
1.0650000000000002,0.0,0.3971478906347815,0.3971478906347815,0.794295781269563
1.0666666666666667,0.0,0.4067366430757997,0.4067366430757997,0.8134732861515994
1.0683333333333334,0.0,0.4162807922604009,0.4162807922604009,0.8325615845208018
1.07,0.0,0.42577929156507255,0.42577929156507255,0.8515585831301451
1.0716666666666668,0.0,0.4352310993723276,0.4352310993723276,0.8704621987446552
1.0733333333333335,0.0,0.44463517918492784,0.44463517918492784,0.8892703583698557
1.0750000000000002,0.0,0.45399049973954736,0.45399049973954736,0.9079809994790947
1.0766666666666667,0.0,0.4632960351198617,0.4632960351198617,0.9265920702397235
1.0783333333333334,0.0,0.4725507648690542,0.4725507648690542,0.9451015297381083
1.08,0.0,0.48175367410171566,0.48175367410171566,0.9635073482034313
1.0816666666666668,0.0,0.49090375361514144,0.49090375361514144,0.9818075072302829
1.0833333333333335,0.0,0.5000000000000008,0.5000000000000008,1.0000000000000016
1.085,0.0,0.5090414157503708,0.5090414157503708,1.0180828315007415
1.0866666666666667,0.0,0.5180270093731298,0.5180270093731298,1.0360540187462597
1.0883333333333334,0.0,0.5269557954966774,0.5269557954966774,1.0539115909933547
1.09,0.0,0.5358267949789967,0.5358267949789967,1.0716535899579933
1.0916666666666668,0.0,0.5446390350150273,0.5446390350150273,1.0892780700300546
1.0933333333333335,0.0,0.5533915492433445,0.5533915492433445,1.106783098486689
1.095,0.0,0.5620833778521305,0.5620833778521305,1.124166755704261
1.0966666666666667,0.0,0.5707135676844318,0.5707135676844318,1.1414271353688636
1.0983333333333334,0.0,0.5792811723426792,0.5792811723426792,1.1585623446853583
1.1,0.0,0.5877852522924736,0.5877852522924736,1.1755705045849472
1.1016666666666668,0.0,0.5962248749656165,0.5962248749656165,1.192449749931233
1.1033333333333335,0.0,0.6045991148623757,0.6045991148623757,1.2091982297247514
1.105,0.0,0.6129070536529762,0.6129070536529762,1.2258141073059523
1.1066666666666667,0.0,0.6211477802783102,0.6211477802783102,1.2422955605566204
1.1083333333333334,0.0,0.6293203910498375,0.6293203910498375,1.258640782099675
1.11,0.0,0.63742398974869,0.63742398974869,1.27484797949738
1.1116666666666668,0.0,0.645457687723951,0.645457687723951,1.290915375447902
1.1133333333333335,0.0,0.653420603990106,0.653420603990106,1.306841207980212
1.115,0.0,0.6613118653236519,0.6613118653236519,1.3226237306473039
1.1166666666666667,0.0,0.6691306063588585,0.6691306063588585,1.338261212717717
1.1183333333333334,0.0,0.6768759696826612,0.6768759696826612,1.3537519393653223
1.12,0.0,0.6845471059286893,0.6845471059286893,1.3690942118573786
1.1216666666666668,0.0,0.6921431738704076,0.6921431738704076,1.3842863477408152
1.1233333333333333,0.0,0.699663340513365,0.699663340513365,1.39932668102673
1.125,0.0,0.7071067811865474,0.7071067811865474,1.4142135623730947
1.1266666666666667,0.0,0.7144726796328034,0.7144726796328034,1.4289453592656067
1.1283333333333334,0.0,0.7217602280983623,0.7217602280983623,1.4435204561967245
1.1300000000000001,0.0,0.7289686274214119,0.7289686274214119,1.4579372548428238
1.1316666666666668,0.0,0.7360970871197348,0.7360970871197348,1.4721941742394695
1.1333333333333333,0.0,0.7431448254773937,0.7431448254773937,1.4862896509547874
1.135,0.0,0.7501110696304591,0.7501110696304591,1.5002221392609183
1.1366666666666667,0.0,0.7569950556517562,0.7569950556517562,1.5139901113035124
1.1383333333333334,0.0,0.7637960286346421,0.7637960286346421,1.5275920572692843
1.1400000000000001,0.0,0.7705132427757893,0.7705132427757893,1.5410264855515785
1.1416666666666668,0.0,0.7771459614569711,0.7771459614569711,1.5542919229139422
1.1433333333333333,0.0,0.7836934573258396,0.7836934573258396,1.5673869146516792
1.145,0.0,0.7901550123756903,0.7901550123756903,1.5803100247513806
1.1466666666666667,0.0,0.7965299180241964,0.7965299180241964,1.5930598360483927
1.1483333333333334,0.0,0.8028174751911148,0.8028174751911148,1.6056349503822296
1.1500000000000001,0.0,0.8090169943749478,0.8090169943749478,1.6180339887498956
1.1516666666666668,0.0,0.8151277957285546,0.8151277957285546,1.6302555914571093
1.1533333333333333,0.0,0.8211492091337036,0.8211492091337036,1.6422984182674072
1.155,0.0,0.8270805742745616,0.8270805742745616,1.6541611485491232
1.1566666666666667,0.0,0.8329212407100993,0.8329212407100993,1.6658424814201986
1.1583333333333334,0.0,0.838670567945424,0.838670567945424,1.677341135890848
1.1600000000000001,0.0,0.8443279255020152,0.8443279255020152,1.6886558510040304
1.1616666666666668,0.0,0.8498926929868642,0.8498926929868642,1.6997853859737284
1.1633333333333333,0.0,0.8553642601605065,0.8553642601605065,1.710728520321013
1.165,0.0,0.8607420270039436,0.8607420270039436,1.7214840540078873
1.1666666666666667,0.0,0.8660254037844388,0.8660254037844388,1.7320508075688776
1.1683333333333334,0.0,0.8712138111201897,0.8712138111201897,1.7424276222403794
1.1700000000000002,0.0,0.8763066800438639,0.8763066800438639,1.7526133600877278
1.1716666666666666,0.0,0.8813034520649918,0.8813034520649918,1.7626069041299837
1.1733333333333333,0.0,0.8862035792312145,0.8862035792312145,1.772407158462429
1.175,0.0,0.8910065241883678,0.8910065241883678,1.7820130483767356
1.1766666666666667,0.0,0.8957117602394128,0.8957117602394128,1.7914235204788256
1.1783333333333335,0.0,0.9003187714021936,0.9003187714021936,1.8006375428043873
1.1800000000000002,0.0,0.9048270524660197,0.9048270524660197,1.8096541049320394
1.1816666666666666,0.0,0.9092361090470684,0.9092361090470684,1.8184722180941368
1.1833333333333333,0.0,0.9135454576426009,0.9135454576426009,1.8270909152852017
1.185,0.0,0.9177546256839813,0.9177546256839813,1.8355092513679625
1.1866666666666668,0.0,0.9218631515885007,0.9218631515885007,1.8437263031770015
1.1883333333333335,0.0,0.9258705848099951,0.9258705848099951,1.8517411696199901
1.1900000000000002,0.0,0.9297764858882518,0.9297764858882518,1.8595529717765036
1.1916666666666667,0.0,0.9335804264972015,0.9335804264972015,1.867160852994403
1.1933333333333334,0.0,0.9372819894918913,0.9372819894918913,1.8745639789837827
1.195,0.0,0.9408807689542255,0.9408807689542255,1.881761537908451
1.1966666666666668,0.0,0.9443763702374811,0.9443763702374811,1.8887527404749622
1.1983333333333335,0.0,0.9477684100095858,0.9477684100095858,1.8955368200191716
1.2000000000000002,0.0,0.9510565162951538,0.9510565162951538,1.9021130325903075
1.2016666666666667,0.0,0.9542403285162768,0.9542403285162768,1.9084806570325537
1.2033333333333334,0.0,0.9573194975320674,0.9573194975320674,1.9146389950641347
1.205,0.0,0.9602936856769432,0.9602936856769432,1.9205873713538864
1.2066666666666668,0.0,0.9631625667976583,0.9631625667976583,1.9263251335953167
1.2083333333333335,0.0,0.9659258262890685,0.9659258262890685,1.931851652578137
1.2100000000000002,0.0,0.9685831611286314,0.9685831611286314,1.9371663222572628
1.2116666666666667,0.0,0.971134279909636,0.971134279909636,1.942268559819272
1.2133333333333334,0.0,0.9735789028731602,0.9735789028731602,1.9471578057463204
1.215,0.0,0.9759167619387474,0.9759167619387474,1.9518335238774949
1.2166666666666668,0.0,0.9781476007338057,0.9781476007338057,1.9562952014676114
1.2183333333333335,0.0,0.980271174621722,0.980271174621722,1.960542349243444
1.22,0.0,0.9822872507286886,0.9822872507286886,1.9645745014573772
1.2216666666666667,0.0,0.984195607969242,0.984195607969242,1.968391215938484
1.2233333333333334,0.0,0.985996037070505,0.985996037070505,1.97199207414101
1.225,0.0,0.9876883405951378,0.9876883405951378,1.9753766811902755
1.2266666666666668,0.0,0.9892723329629884,0.9892723329629884,1.9785446659259769
1.2283333333333335,0.0,0.9907478404714437,0.9907478404714437,1.9814956809428874
1.23,0.0,0.9921147013144778,0.9921147013144778,1.9842294026289555
1.2316666666666667,0.0,0.9933727656003964,0.9933727656003964,1.986745531200793
1.2333333333333334,0.0,0.9945218953682733,0.9945218953682733,1.9890437907365466
1.235,0.0,0.99556196460308,0.99556196460308,1.99112392920616
1.2366666666666668,0.0,0.9964928592495044,0.9964928592495044,1.9929857184990087
1.2383333333333335,0.0,0.9973144772244582,0.9973144772244582,1.9946289544489164
1.24,0.0,0.9980267284282716,0.9980267284282716,1.9960534568565431
1.2416666666666667,0.0,0.9986295347545739,0.9986295347545739,1.9972590695091479
1.2433333333333334,0.0,0.9991228300988584,0.9991228300988584,1.9982456601977168
1.245,0.0,0.9995065603657316,0.9995065603657316,1.9990131207314632
1.2466666666666668,0.0,0.9997806834748455,0.9997806834748455,1.999561366949691
1.2483333333333335,0.0,0.9999451693655121,0.9999451693655121,1.9998903387310243
1.25,0.0,1.0,1.0,2.0
1.2516666666666667,0.0,0.9999451693655121,0.9999451693655121,1.9998903387310243
1.2533333333333334,0.0,0.9997806834748455,0.9997806834748455,1.999561366949691
1.2550000000000001,0.0,0.9995065603657315,0.9995065603657315,1.999013120731463
1.2566666666666668,0.0,0.9991228300988583,0.9991228300988583,1.9982456601977165
1.2583333333333333,0.0,0.9986295347545739,0.9986295347545739,1.9972590695091479
1.26,0.0,0.9980267284282716,0.9980267284282716,1.9960534568565431
1.2616666666666667,0.0,0.9973144772244581,0.9973144772244581,1.9946289544489162
1.2633333333333334,0.0,0.9964928592495044,0.9964928592495044,1.9929857184990087
1.2650000000000001,0.0,0.99556196460308,0.99556196460308,1.99112392920616
1.2666666666666668,0.0,0.9945218953682733,0.9945218953682733,1.9890437907365466
1.2683333333333333,0.0,0.9933727656003964,0.9933727656003964,1.986745531200793
1.27,0.0,0.9921147013144779,0.9921147013144779,1.9842294026289558
1.2716666666666667,0.0,0.9907478404714436,0.9907478404714436,1.9814956809428872
1.2733333333333334,0.0,0.9892723329629884,0.9892723329629884,1.9785446659259769
1.2750000000000001,0.0,0.9876883405951377,0.9876883405951377,1.9753766811902753
1.2766666666666668,0.0,0.985996037070505,0.985996037070505,1.97199207414101
1.2783333333333333,0.0,0.9841956079692421,0.9841956079692421,1.9683912159384842
1.28,0.0,0.9822872507286886,0.9822872507286886,1.9645745014573772
1.2816666666666667,0.0,0.9802711746217219,0.9802711746217219,1.9605423492434437
1.2833333333333334,0.0,0.9781476007338055,0.9781476007338055,1.956295201467611
1.2850000000000001,0.0,0.9759167619387473,0.9759167619387473,1.9518335238774946
1.2866666666666668,0.0,0.97357890287316,0.97357890287316,1.94715780574632
1.2883333333333333,0.0,0.9711342799096363,0.9711342799096363,1.9422685598192726
1.29,0.0,0.9685831611286311,0.9685831611286311,1.9371663222572622
1.2916666666666667,0.0,0.9659258262890684,0.9659258262890684,1.9318516525781368
1.2933333333333334,0.0,0.963162566797658,0.963162566797658,1.926325133595316
1.2950000000000002,0.0,0.9602936856769431,0.9602936856769431,1.9205873713538861
1.2966666666666669,0.0,0.957319497532067,0.957319497532067,1.914638995064134
1.2983333333333333,0.0,0.9542403285162768,0.9542403285162768,1.9084806570325537
1.3,0.0,0.9510565162951536,0.9510565162951536,1.9021130325903073
1.3016666666666667,0.0,0.9477684100095854,0.9477684100095854,1.895536820019171
1.3033333333333335,0.0,0.944376370237481,0.944376370237481,1.888752740474962
1.3050000000000002,0.0,0.940880768954225,0.940880768954225,1.88176153790845
1.3066666666666666,0.0,0.9372819894918919,0.9372819894918919,1.8745639789837838
1.3083333333333333,0.0,0.9335804264972017,0.9335804264972017,1.8671608529944035
1.31,0.0,0.9297764858882517,0.9297764858882517,1.8595529717765034
1.3116666666666668,0.0,0.9258705848099946,0.9258705848099946,1.8517411696199892
1.3133333333333335,0.0,0.9218631515885006,0.9218631515885006,1.8437263031770013
1.3150000000000002,0.0,0.9177546256839808,0.9177546256839808,1.8355092513679616
1.3166666666666667,0.0,0.9135454576426008,0.9135454576426008,1.8270909152852015
1.3183333333333334,0.0,0.9092361090470688,0.9092361090470688,1.8184722180941375
1.32,0.0,0.9048270524660192,0.9048270524660192,1.8096541049320385
1.3216666666666668,0.0,0.9003187714021935,0.9003187714021935,1.800637542804387
1.3233333333333335,0.0,0.8957117602394123,0.8957117602394123,1.7914235204788247
1.3250000000000002,0.0,0.8910065241883676,0.8910065241883676,1.7820130483767351
1.3266666666666667,0.0,0.8862035792312147,0.8862035792312147,1.7724071584624295
1.3283333333333334,0.0,0.8813034520649926,0.8813034520649926,1.7626069041299852
1.33,0.0,0.8763066800438634,0.8763066800438634,1.7526133600877267
1.3316666666666668,0.0,0.8712138111201896,0.8712138111201896,1.7424276222403792
1.3333333333333335,0.0,0.8660254037844383,0.8660254037844383,1.7320508075688765
1.3350000000000002,0.0,0.8607420270039435,0.8607420270039435,1.721484054007887
1.3366666666666667,0.0,0.8553642601605068,0.8553642601605068,1.7107285203210136
1.3383333333333334,0.0,0.8498926929868635,0.8498926929868635,1.699785385973727
1.34,0.0,0.8443279255020151,0.8443279255020151,1.6886558510040302
1.3416666666666668,0.0,0.8386705679454234,0.8386705679454234,1.6773411358908468
1.3433333333333335,0.0,0.8329212407100992,0.8329212407100992,1.6658424814201984
1.3450000000000002,0.0,0.8270805742745609,0.8270805742745609,1.6541611485491219
1.3466666666666667,0.0,0.8211492091337045,0.8211492091337045,1.642298418267409
1.3483333333333334,0.0,0.8151277957285541,0.8151277957285541,1.6302555914571082
1.35,0.0,0.8090169943749476,0.8090169943749476,1.6180339887498951
1.3516666666666668,0.0,0.802817475191114,0.802817475191114,1.605634950382228
1.3533333333333335,0.0,0.7965299180241961,0.7965299180241961,1.5930598360483923
1.355,0.0,0.7901550123756906,0.7901550123756906,1.5803100247513813
1.3566666666666667,0.0,0.7836934573258394,0.7836934573258394,1.5673869146516788
1.3583333333333334,0.0,0.7771459614569709,0.7771459614569709,1.5542919229139418
1.36,0.0,0.7705132427757886,0.7705132427757886,1.5410264855515772
1.3616666666666668,0.0,0.7637960286346419,0.7637960286346419,1.5275920572692838
1.3633333333333335,0.0,0.7569950556517554,0.7569950556517554,1.5139901113035108
1.365,0.0,0.7501110696304601,0.7501110696304601,1.5002221392609203
1.3666666666666667,0.0,0.7431448254773941,0.7431448254773941,1.4862896509547883
1.3683333333333334,0.0,0.7360970871197345,0.7360970871197345,1.472194174239469
1.37,0.0,0.728968627421411,0.728968627421411,1.457937254842822
1.3716666666666668,0.0,0.7217602280983622,0.7217602280983622,1.4435204561967243
1.3733333333333335,0.0,0.7144726796328025,0.7144726796328025,1.428945359265605
1.375,0.0,0.7071067811865483,0.7071067811865483,1.4142135623730967
1.3766666666666667,0.0,0.6996633405133654,0.6996633405133654,1.3993266810267309
1.3783333333333334,0.0,0.692143173870406,0.692143173870406,1.384286347740812
1.3800000000000001,0.0,0.6845471059286884,0.6845471059286884,1.3690942118573768
1.3816666666666668,0.0,0.6768759696826596,0.6768759696826596,1.3537519393653192
1.3833333333333335,0.0,0.6691306063588576,0.6691306063588576,1.3382612127177151
1.385,0.0,0.6613118653236517,0.6613118653236517,1.3226237306473034
1.3866666666666667,0.0,0.6534206039901058,0.6534206039901058,1.3068412079802116
1.3883333333333334,0.0,0.6454576877239501,0.6454576877239501,1.2909153754479001
1.3900000000000001,0.0,0.6374239897486897,0.6374239897486897,1.2748479794973795
1.3916666666666668,0.0,0.6293203910498366,0.6293203910498366,1.2586407820996732
1.3933333333333333,0.0,0.6211477802783114,0.6211477802783114,1.2422955605566228
1.395,0.0,0.6129070536529766,0.6129070536529766,1.2258141073059532
1.3966666666666667,0.0,0.6045991148623755,0.6045991148623755,1.209198229724751
1.3983333333333334,0.0,0.5962248749656156,0.5962248749656156,1.1924497499312312
1.4000000000000001,0.0,0.5877852522924734,0.5877852522924734,1.1755705045849467
1.4016666666666668,0.0,0.5792811723426782,0.5792811723426782,1.1585623446853563
1.4033333333333333,0.0,0.5707135676844316,0.5707135676844316,1.1414271353688632
1.405,0.0,0.562083377852131,0.562083377852131,1.124166755704262
1.4066666666666667,0.0,0.5533915492433436,0.5533915492433436,1.106783098486687
1.4083333333333334,0.0,0.5446390350150271,0.5446390350150271,1.0892780700300542
1.4100000000000001,0.0,0.5358267949789957,0.5358267949789957,1.0716535899579913
1.4116666666666668,0.0,0.5269557954966771,0.5269557954966771,1.0539115909933543
1.4133333333333333,0.0,0.5180270093731304,0.5180270093731304,1.0360540187462608
1.415,0.0,0.5090414157503721,0.5090414157503721,1.0180828315007442
1.4166666666666667,0.0,0.4999999999999998,0.4999999999999998,0.9999999999999996
1.4183333333333334,0.0,0.49090375361514116,0.49090375361514116,0.9818075072302823
1.4200000000000002,0.0,0.48175367410171466,0.48175367410171466,0.9635073482034293
1.4216666666666669,0.0,0.47255076486905395,0.47255076486905395,0.9451015297381079
1.4233333333333333,0.0,0.4632960351198622,0.4632960351198622,0.9265920702397245
1.425,0.0,0.4539904997395463,0.4539904997395463,0.9079809994790926
1.4266666666666667,0.0,0.44463517918492756,0.44463517918492756,0.8892703583698551
1.4283333333333335,0.0,0.43523109937232657,0.43523109937232657,0.8704621987446531
1.4300000000000002,0.0,0.4257792915650723,0.4257792915650723,0.8515585831301447
1.4316666666666669,0.0,0.4162807922603998,0.4162807922603998,0.8325615845207996
1.4333333333333333,0.0,0.40673664307580104,0.40673664307580104,0.8134732861516021
1.435,0.0,0.39714789063478045,0.39714789063478045,0.7942957812695609
1.4366666666666668,0.0,0.3875155864521034,0.3875155864521034,0.7750311729042068
1.4383333333333335,0.0,0.3778407868184665,0.3778407868184665,0.755681573636933
1.4400000000000002,0.0,0.368124552684678,0.368124552684678,0.736249105369356
1.4416666666666667,0.0,0.3583679495453009,0.3583679495453009,0.7167358990906018
1.4433333333333334,0.0,0.3485720473218148,0.3485720473218148,0.6971440946436296
1.445,0.0,0.33873792024529153,0.33873792024529153,0.6774758404905831
1.4466666666666668,0.0,0.32886664673858235,0.32886664673858235,0.6577332934771647
1.4483333333333335,0.0,0.3189593092980697,0.3189593092980697,0.6379186185961394
1.4500000000000002,0.0,0.30901699437494606,0.30901699437494606,0.6180339887498921
1.4516666666666667,0.0,0.29904079225608765,0.29904079225608765,0.5980815845121753
1.4533333333333334,0.0,0.28903179694447145,0.28903179694447145,0.5780635938889429
1.455,0.0,0.2789911060392298,0.2789911060392298,0.5579822120784595
1.4566666666666668,0.0,0.26891982061526515,0.26891982061526515,0.5378396412305303
1.4583333333333335,0.0,0.2588190451025208,0.2588190451025208,0.5176380902050416
1.4600000000000002,0.0,0.24868988716485377,0.24868988716485377,0.49737977432970754
1.4616666666666667,0.0,0.2385334575785805,0.2385334575785805,0.477066915157161
1.4633333333333334,0.0,0.22835087011065597,0.22835087011065597,0.45670174022131194
1.465,0.0,0.21814324139654168,0.21814324139654168,0.43628648279308335
1.4666666666666668,0.0,0.20791169081775912,0.20791169081775912,0.41582338163551824
1.4683333333333335,0.0,0.19765734037912483,0.19765734037912483,0.39531468075824966
1.4700000000000002,0.0,0.18738131458572393,0.18738131458572393,0.37476262917144787
1.4716666666666667,0.0,0.17708474031958324,0.17708474031958324,0.3541694806391665
1.4733333333333334,0.0,0.16676874671610287,0.16676874671610287,0.33353749343220573
1.475,0.0,0.15643446504023034,0.15643446504023034,0.3128689300804607
1.4766666666666668,0.0,0.14608302856241173,0.14608302856241173,0.29216605712482346
1.4783333333333335,0.0,0.1357155724343034,0.1357155724343034,0.2714311448686068
1.4800000000000002,0.0,0.1253332335643039,0.1253332335643039,0.2506664671286078
1.4816666666666667,0.0,0.11493715049286692,0.11493715049286692,0.22987430098573383
1.4833333333333334,0.0,0.10452846326765265,0.10452846326765265,0.2090569265353053
1.485,0.0,0.09410831331851414,0.09410831331851414,0.1882166266370283
1.4866666666666668,0.0,0.0836778433323142,0.0836778433323142,0.1673556866646284
1.4883333333333335,0.0,0.07323819712763105,0.07323819712763105,0.1464763942552621
1.49,0.0,0.06279051952931339,0.06279051952931339,0.12558103905862678
1.4916666666666667,0.0,0.052335956242944494,0.052335956242944494,0.10467191248588899
1.4933333333333334,0.0,0.041875653729199165,0.041875653729199165,0.08375130745839833
1.495,0.0,0.03141075907812848,0.03141075907812848,0.06282151815625696
1.4966666666666668,0.0,0.020942419883356024,0.020942419883356024,0.04188483976671205
1.4983333333333335,0.0,0.01047178411624551,0.01047178411624551,0.02094356823249102
1.5,0.0,3.6739403974420594e-16,3.6739403974420594e-16,7.347880794884119e-16
1.5016666666666667,0.0,-0.01047178411624655,-0.01047178411624655,-0.0209435682324931
1.5033333333333334,0.0,-0.020942419883357065,-0.020942419883357065,-0.04188483976671413
1.5050000000000001,0.0,-0.03141075907812952,-0.03141075907812952,-0.06282151815625904
1.5066666666666668,0.0,-0.041875653729200206,-0.041875653729200206,-0.08375130745840041
1.5083333333333335,0.0,-0.052335956242945535,-0.052335956242945535,-0.10467191248589107
1.51,0.0,-0.06279051952931265,-0.06279051952931265,-0.1255810390586253
1.5116666666666667,0.0,-0.07323819712763209,-0.07323819712763209,-0.14647639425526418
1.5133333333333334,0.0,-0.08367784333231525,-0.08367784333231525,-0.1673556866646305
1.5150000000000001,0.0,-0.09410831331851519,-0.09410831331851519,-0.18821662663703037
1.5166666666666668,0.0,-0.10452846326765369,-0.10452846326765369,-0.20905692653530739
1.5183333333333335,0.0,-0.11493715049286794,-0.11493715049286794,-0.22987430098573589
1.52,0.0,-0.12533323356430318,-0.12533323356430318,-0.25066646712860635
1.5216666666666667,0.0,-0.13571557243430443,-0.13571557243430443,-0.27143114486860886
1.5233333333333334,0.0,-0.146083028562411,-0.146083028562411,-0.292166057124822
1.5250000000000001,0.0,-0.15643446504023137,-0.15643446504023137,-0.31286893008046274
1.5266666666666668,0.0,-0.16676874671610215,-0.16676874671610215,-0.3335374934322043
1.5283333333333333,0.0,-0.17708474031958252,-0.17708474031958252,-0.35416948063916504
1.53,0.0,-0.18738131458572496,-0.18738131458572496,-0.3747626291714499
1.5316666666666667,0.0,-0.19765734037912586,-0.19765734037912586,-0.3953146807582517
1.5333333333333334,0.0,-0.20791169081776012,-0.20791169081776012,-0.41582338163552024
1.5350000000000001,0.0,-0.2181432413965427,-0.2181432413965427,-0.4362864827930854
1.5366666666666668,0.0,-0.228350870110657,-0.228350870110657,-0.456701740221314
1.5383333333333333,0.0,-0.23853345757857977,-0.23853345757857977,-0.47706691515715954
1.54,0.0,-0.24868988716485477,-0.24868988716485477,-0.49737977432970953
1.5416666666666667,0.0,-0.25881904510252013,-0.25881904510252013,-0.5176380902050403
1.5433333333333334,0.0,-0.26891982061526615,-0.26891982061526615,-0.5378396412305323
1.5450000000000002,0.0,-0.27899110603922905,-0.27899110603922905,-0.5579822120784581
1.5466666666666669,0.0,-0.28903179694447245,-0.28903179694447245,-0.5780635938889449
1.5483333333333333,0.0,-0.29904079225608693,-0.29904079225608693,-0.5980815845121739
1.55,0.0,-0.30901699437494706,-0.30901699437494706,-0.6180339887498941
1.5516666666666667,0.0,-0.31895930929807065,-0.31895930929807065,-0.6379186185961413
1.5533333333333335,0.0,-0.32886664673858335,-0.32886664673858335,-0.6577332934771667
1.5550000000000002,0.0,-0.33873792024529253,-0.33873792024529253,-0.6774758404905851
1.5566666666666669,0.0,-0.34857204732181574,-0.34857204732181574,-0.6971440946436315
1.5583333333333333,0.0,-0.3583679495453002,-0.3583679495453002,-0.7167358990906004
1.56,0.0,-0.36812455268467725,-0.36812455268467725,-0.7362491053693545
1.5616666666666668,0.0,-0.3778407868184675,-0.3778407868184675,-0.755681573636935
1.5633333333333335,0.0,-0.3875155864521027,-0.3875155864521027,-0.7750311729042054
1.5650000000000002,0.0,-0.3971478906347814,-0.3971478906347814,-0.7942957812695628
1.5666666666666669,0.0,-0.4067366430758004,-0.4067366430758004,-0.8134732861516007
1.5683333333333334,0.0,-0.41628079226040077,-0.41628079226040077,-0.8325615845208015
1.57,0.0,-0.42577929156507327,-0.42577929156507327,-0.8515585831301465
1.5716666666666668,0.0,-0.4352310993723275,-0.4352310993723275,-0.870462198744655
1.5733333333333335,0.0,-0.4446351791849285,-0.4446351791849285,-0.889270358369857
1.5750000000000002,0.0,-0.45399049973954725,-0.45399049973954725,-0.9079809994790945
1.5766666666666667,0.0,-0.4632960351198616,-0.4632960351198616,-0.9265920702397232
1.5783333333333334,0.0,-0.4725507648690533,-0.4725507648690533,-0.9451015297381066
1.58,0.0,-0.48175367410171555,-0.48175367410171555,-0.9635073482034311
1.5816666666666668,0.0,-0.49090375361514055,-0.49090375361514055,-0.9818075072302811
1.5833333333333335,0.0,-0.5000000000000007,-0.5000000000000007,-1.0000000000000013
1.5850000000000002,0.0,-0.5090414157503714,-0.5090414157503714,-1.0180828315007429
1.5866666666666667,0.0,-0.5180270093731297,-0.5180270093731297,-1.0360540187462595
1.5883333333333334,0.0,-0.526955795496678,-0.526955795496678,-1.053911590993356
1.59,0.0,-0.5358267949789965,-0.5358267949789965,-1.071653589957993
1.5916666666666668,0.0,-0.544639035015028,-0.544639035015028,-1.089278070030056
1.5933333333333335,0.0,-0.5533915492433444,-0.5533915492433444,-1.1067830984866889
1.5950000000000002,0.0,-0.5620833778521319,-0.5620833778521319,-1.1241667557042638
1.5966666666666667,0.0,-0.5707135676844309,-0.5707135676844309,-1.1414271353688619
1.5983333333333334,0.0,-0.5792811723426791,-0.5792811723426791,-1.1585623446853581
1.6,0.0,-0.5877852522924728,-0.5877852522924728,-1.1755705045849456
1.6016666666666668,0.0,-0.5962248749656164,-0.5962248749656164,-1.1924497499312328
1.6033333333333335,0.0,-0.6045991148623749,-0.6045991148623749,-1.2091982297247499
1.6050000000000002,0.0,-0.6129070536529775,-0.6129070536529775,-1.225814107305955
1.6066666666666667,0.0,-0.6211477802783107,-0.6211477802783107,-1.2422955605566215
1.6083333333333334,0.0,-0.6293203910498374,-0.6293203910498374,-1.2586407820996748
1.61,0.0,-0.6374239897486905,-0.6374239897486905,-1.274847979497381
1.6116666666666668,0.0,-0.6454576877239508,-0.6454576877239508,-1.2909153754479017
1.6133333333333335,0.0,-0.6534206039901066,-0.6534206039901066,-1.3068412079802132
1.6150000000000002,0.0,-0.6613118653236525,-0.6613118653236525,-1.322623730647305
1.6166666666666667,0.0,-0.6691306063588583,-0.6691306063588583,-1.3382612127177167
1.6183333333333334,0.0,-0.6768759696826604,-0.6768759696826604,-1.3537519393653208
1.62,0.0,-0.6845471059286892,-0.6845471059286892,-1.3690942118573783
1.6216666666666668,0.0,-0.6921431738704068,-0.6921431738704068,-1.3842863477408136
1.6233333333333335,0.0,-0.6996633405133662,-0.6996633405133662,-1.3993266810267324
1.625,0.0,-0.7071067811865479,-0.7071067811865479,-1.4142135623730958
1.6266666666666667,0.0,-0.7144726796328033,-0.7144726796328033,-1.4289453592656065
1.6283333333333334,0.0,-0.7217602280983628,-0.7217602280983628,-1.4435204561967256
1.6300000000000001,0.0,-0.7289686274214118,-0.7289686274214118,-1.4579372548428235
1.6316666666666668,0.0,-0.7360970871197353,-0.7360970871197353,-1.4721941742394706
1.6333333333333335,0.0,-0.7431448254773948,-0.7431448254773948,-1.4862896509547896
1.635,0.0,-0.7501110696304596,-0.7501110696304596,-1.5002221392609192
1.6366666666666667,0.0,-0.7569950556517561,-0.7569950556517561,-1.5139901113035121
1.6383333333333334,0.0,-0.7637960286346426,-0.7637960286346426,-1.5275920572692852
1.6400000000000001,0.0,-0.7705132427757891,-0.7705132427757891,-1.5410264855515783
1.6416666666666668,0.0,-0.7771459614569716,-0.7771459614569716,-1.5542919229139431
1.6433333333333335,0.0,-0.7836934573258401,-0.7836934573258401,-1.5673869146516801
1.645,0.0,-0.7901550123756902,-0.7901550123756902,-1.5803100247513804
1.6466666666666667,0.0,-0.7965299180241957,-0.7965299180241957,-1.5930598360483914
1.6483333333333334,0.0,-0.8028174751911147,-0.8028174751911147,-1.6056349503822294
1.6500000000000001,0.0,-0.8090169943749472,-0.8090169943749472,-1.6180339887498945
1.6516666666666668,0.0,-0.8151277957285546,-0.8151277957285546,-1.6302555914571093
1.6533333333333335,0.0,-0.821149209133704,-0.821149209133704,-1.642298418267408
1.655,0.0,-0.8270805742745615,-0.8270805742745615,-1.654161148549123
1.6566666666666667,0.0,-0.8329212407100998,-0.8329212407100998,-1.6658424814201995
1.6583333333333334,0.0,-0.8386705679454239,-0.8386705679454239,-1.6773411358908479
1.6600000000000001,0.0,-0.8443279255020156,-0.8443279255020156,-1.6886558510040313
1.6616666666666668,0.0,-0.8498926929868641,-0.8498926929868641,-1.6997853859737282
1.6633333333333333,0.0,-0.8553642601605065,-0.8553642601605065,-1.710728520321013
1.665,0.0,-0.8607420270039432,-0.8607420270039432,-1.7214840540078864
1.6666666666666667,0.0,-0.8660254037844387,-0.8660254037844387,-1.7320508075688774
1.6683333333333334,0.0,-0.8712138111201893,-0.8712138111201893,-1.7424276222403785
1.6700000000000002,0.0,-0.8763066800438639,-0.8763066800438639,-1.7526133600877278
1.6716666666666669,0.0,-0.8813034520649922,-0.8813034520649922,-1.7626069041299843
1.6733333333333333,0.0,-0.8862035792312144,-0.8862035792312144,-1.7724071584624288
1.675,0.0,-0.8910065241883681,-0.8910065241883681,-1.7820130483767362
1.6766666666666667,0.0,-0.8957117602394128,-0.8957117602394128,-1.7914235204788256
1.6783333333333335,0.0,-0.900318771402194,-0.900318771402194,-1.800637542804388
1.6800000000000002,0.0,-0.9048270524660197,-0.9048270524660197,-1.8096541049320394
1.6816666666666669,0.0,-0.9092361090470691,-0.9092361090470691,-1.8184722180941382
1.6833333333333333,0.0,-0.9135454576426005,-0.9135454576426005,-1.827090915285201
1.685,0.0,-0.9177546256839811,-0.9177546256839811,-1.8355092513679623
1.6866666666666668,0.0,-0.9218631515885003,-0.9218631515885003,-1.8437263031770006
1.6883333333333335,0.0,-0.925870584809995,-0.925870584809995,-1.85174116961999
1.6900000000000002,0.0,-0.9297764858882513,-0.9297764858882513,-1.8595529717765027
1.6916666666666669,0.0,-0.9335804264972021,-0.9335804264972021,-1.8671608529944042
1.6933333333333334,0.0,-0.9372819894918917,-0.9372819894918917,-1.8745639789837834
1.695,0.0,-0.9408807689542253,-0.9408807689542253,-1.8817615379084507
1.6966666666666668,0.0,-0.9443763702374813,-0.9443763702374813,-1.8887527404749627
1.6983333333333335,0.0,-0.9477684100095858,-0.9477684100095858,-1.8955368200191716
1.7000000000000002,0.0,-0.951056516295154,-0.951056516295154,-1.902113032590308
1.7016666666666669,0.0,-0.954240328516277,-0.954240328516277,-1.908480657032554
1.7033333333333334,0.0,-0.9573194975320672,-0.9573194975320672,-1.9146389950641345
1.705,0.0,-0.960293685676943,-0.960293685676943,-1.920587371353886
1.7066666666666668,0.0,-0.9631625667976583,-0.9631625667976583,-1.9263251335953167
1.7083333333333335,0.0,-0.9659258262890683,-0.9659258262890683,-1.9318516525781366
1.7100000000000002,0.0,-0.9685831611286314,-0.9685831611286314,-1.9371663222572628
1.7116666666666667,0.0,-0.9711342799096362,-0.9711342799096362,-1.9422685598192724
1.7133333333333334,0.0,-0.9735789028731602,-0.9735789028731602,-1.9471578057463204
1.715,0.0,-0.9759167619387475,-0.9759167619387475,-1.951833523877495
1.7166666666666668,0.0,-0.9781476007338057,-0.9781476007338057,-1.9562952014676114
1.7183333333333335,0.0,-0.9802711746217221,-0.9802711746217221,-1.9605423492434442
1.7200000000000002,0.0,-0.9822872507286888,-0.9822872507286888,-1.9645745014573777
1.7216666666666667,0.0,-0.9841956079692419,-0.9841956079692419,-1.9683912159384838
1.7233333333333334,0.0,-0.9859960370705049,-0.9859960370705049,-1.9719920741410097
1.725,0.0,-0.9876883405951378,-0.9876883405951378,-1.9753766811902755
1.7266666666666668,0.0,-0.9892723329629883,-0.9892723329629883,-1.9785446659259767
1.7283333333333335,0.0,-0.9907478404714437,-0.9907478404714437,-1.9814956809428874
1.7300000000000002,0.0,-0.9921147013144779,-0.9921147013144779,-1.9842294026289558
1.7316666666666667,0.0,-0.9933727656003963,-0.9933727656003963,-1.9867455312007927
1.7333333333333334,0.0,-0.9945218953682734,-0.9945218953682734,-1.9890437907365468
1.735,0.0,-0.99556196460308,-0.99556196460308,-1.99112392920616
1.7366666666666668,0.0,-0.9964928592495045,-0.9964928592495045,-1.992985718499009
1.7383333333333335,0.0,-0.9973144772244581,-0.9973144772244581,-1.9946289544489162
1.7400000000000002,0.0,-0.9980267284282717,-0.9980267284282717,-1.9960534568565433
1.7416666666666667,0.0,-0.9986295347545738,-0.9986295347545738,-1.9972590695091477
1.7433333333333334,0.0,-0.9991228300988584,-0.9991228300988584,-1.9982456601977168
1.745,0.0,-0.9995065603657316,-0.9995065603657316,-1.9990131207314632
1.7466666666666668,0.0,-0.9997806834748455,-0.9997806834748455,-1.999561366949691
1.7483333333333335,0.0,-0.9999451693655121,-0.9999451693655121,-1.9998903387310243
1.7500000000000002,0.0,-1.0,-1.0,-2.0
1.7516666666666667,0.0,-0.9999451693655121,-0.9999451693655121,-1.9998903387310243
1.7533333333333334,0.0,-0.9997806834748455,-0.9997806834748455,-1.999561366949691
1.7550000000000001,0.0,-0.9995065603657315,-0.9995065603657315,-1.999013120731463
1.7566666666666668,0.0,-0.9991228300988584,-0.9991228300988584,-1.9982456601977168
1.7583333333333335,0.0,-0.9986295347545738,-0.9986295347545738,-1.9972590695091477
1.76,0.0,-0.9980267284282716,-0.9980267284282716,-1.9960534568565431
1.7616666666666667,0.0,-0.9973144772244581,-0.9973144772244581,-1.9946289544489162
1.7633333333333334,0.0,-0.9964928592495044,-0.9964928592495044,-1.9929857184990087
1.7650000000000001,0.0,-0.9955619646030799,-0.9955619646030799,-1.9911239292061598
1.7666666666666668,0.0,-0.9945218953682733,-0.9945218953682733,-1.9890437907365466
1.7683333333333335,0.0,-0.9933727656003962,-0.9933727656003962,-1.9867455312007924
1.77,0.0,-0.992114701314478,-0.992114701314478,-1.984229402628956
1.7716666666666667,0.0,-0.9907478404714436,-0.9907478404714436,-1.9814956809428872
1.7733333333333334,0.0,-0.9892723329629884,-0.9892723329629884,-1.9785446659259769
1.7750000000000001,0.0,-0.9876883405951377,-0.9876883405951377,-1.9753766811902753
1.7766666666666668,0.0,-0.985996037070505,-0.985996037070505,-1.97199207414101
1.7783333333333335,0.0,-0.9841956079692418,-0.9841956079692418,-1.9683912159384835
1.78,0.0,-0.9822872507286886,-0.9822872507286886,-1.9645745014573772
1.7816666666666667,0.0,-0.9802711746217219,-0.9802711746217219,-1.9605423492434437
1.7833333333333334,0.0,-0.9781476007338055,-0.9781476007338055,-1.956295201467611
1.7850000000000001,0.0,-0.9759167619387473,-0.9759167619387473,-1.9518335238774946
1.7866666666666668,0.0,-0.97357890287316,-0.97357890287316,-1.94715780574632
1.7883333333333336,0.0,-0.971134279909636,-0.971134279909636,-1.942268559819272
1.79,0.0,-0.9685831611286312,-0.9685831611286312,-1.9371663222572624
1.7916666666666667,0.0,-0.9659258262890684,-0.9659258262890684,-1.9318516525781368
1.7933333333333334,0.0,-0.9631625667976581,-0.9631625667976581,-1.9263251335953162
1.7950000000000002,0.0,-0.9602936856769432,-0.9602936856769432,-1.9205873713538864
1.7966666666666669,0.0,-0.957319497532067,-0.957319497532067,-1.914638995064134
1.7983333333333333,0.0,-0.9542403285162768,-0.9542403285162768,-1.9084806570325537
1.8,0.0,-0.9510565162951538,-0.9510565162951538,-1.9021130325903075
1.8016666666666667,0.0,-0.9477684100095854,-0.9477684100095854,-1.895536820019171
1.8033333333333335,0.0,-0.944376370237481,-0.944376370237481,-1.888752740474962
1.8050000000000002,0.0,-0.9408807689542251,-0.9408807689542251,-1.8817615379084502
1.8066666666666669,0.0,-0.9372819894918913,-0.9372819894918913,-1.8745639789837827
1.8083333333333333,0.0,-0.9335804264972019,-0.9335804264972019,-1.8671608529944037
1.81,0.0,-0.9297764858882517,-0.9297764858882517,-1.8595529717765034
1.8116666666666668,0.0,-0.9258705848099946,-0.9258705848099946,-1.8517411696199892
1.8133333333333335,0.0,-0.9218631515885006,-0.9218631515885006,-1.8437263031770013
1.8150000000000002,0.0,-0.9177546256839808,-0.9177546256839808,-1.8355092513679616
1.8166666666666669,0.0,-0.9135454576426009,-0.9135454576426009,-1.8270909152852017
1.8183333333333334,0.0,-0.9092361090470688,-0.9092361090470688,-1.8184722180941375
1.82,0.0,-0.9048270524660192,-0.9048270524660192,-1.8096541049320385
1.8216666666666668,0.0,-0.9003187714021935,-0.9003187714021935,-1.800637542804387
1.8233333333333335,0.0,-0.8957117602394123,-0.8957117602394123,-1.7914235204788247
1.8250000000000002,0.0,-0.8910065241883677,-0.8910065241883677,-1.7820130483767354
1.8266666666666669,0.0,-0.886203579231214,-0.886203579231214,-1.772407158462428
1.8283333333333334,0.0,-0.8813034520649926,-0.8813034520649926,-1.7626069041299852
1.83,0.0,-0.8763066800438635,-0.8763066800438635,-1.752613360087727
1.8316666666666668,0.0,-0.8712138111201896,-0.8712138111201896,-1.7424276222403792
1.8333333333333335,0.0,-0.8660254037844383,-0.8660254037844383,-1.7320508075688765
1.8350000000000002,0.0,-0.8607420270039436,-0.8607420270039436,-1.7214840540078873
1.836666666666667,0.0,-0.855364260160506,-0.855364260160506,-1.710728520321012
1.8383333333333334,0.0,-0.8498926929868637,-0.8498926929868637,-1.6997853859737273
1.84,0.0,-0.8443279255020152,-0.8443279255020152,-1.6886558510040304
1.8416666666666668,0.0,-0.8386705679454235,-0.8386705679454235,-1.677341135890847
1.8433333333333335,0.0,-0.8329212407100993,-0.8329212407100993,-1.6658424814201986
1.8450000000000002,0.0,-0.8270805742745609,-0.8270805742745609,-1.6541611485491219
1.8466666666666667,0.0,-0.8211492091337046,-0.8211492091337046,-1.6422984182674092
1.8483333333333334,0.0,-0.8151277957285541,-0.8151277957285541,-1.6302555914571082
1.85,0.0,-0.8090169943749477,-0.8090169943749477,-1.6180339887498953
1.8516666666666668,0.0,-0.8028174751911141,-0.8028174751911141,-1.6056349503822283
1.8533333333333335,0.0,-0.7965299180241963,-0.7965299180241963,-1.5930598360483925
1.8550000000000002,0.0,-0.7901550123756896,-0.7901550123756896,-1.5803100247513793
1.8566666666666667,0.0,-0.7836934573258395,-0.7836934573258395,-1.567386914651679
1.8583333333333334,0.0,-0.777145961456971,-0.777145961456971,-1.554291922913942
1.86,0.0,-0.7705132427757886,-0.7705132427757886,-1.5410264855515772
1.8616666666666668,0.0,-0.763796028634642,-0.763796028634642,-1.527592057269284
1.8633333333333335,0.0,-0.7569950556517555,-0.7569950556517555,-1.513990111303511
1.8650000000000002,0.0,-0.750111069630459,-0.750111069630459,-1.500222139260918
1.8666666666666667,0.0,-0.7431448254773941,-0.7431448254773941,-1.4862896509547883
1.8683333333333334,0.0,-0.7360970871197346,-0.7360970871197346,-1.4721941742394693
1.87,0.0,-0.7289686274214111,-0.7289686274214111,-1.4579372548428222
1.8716666666666668,0.0,-0.7217602280983623,-0.7217602280983623,-1.4435204561967245
1.8733333333333335,0.0,-0.7144726796328026,-0.7144726796328026,-1.4289453592656052
1.8750000000000002,0.0,-0.7071067811865472,-0.7071067811865472,-1.4142135623730945
1.8766666666666667,0.0,-0.6996633405133655,-0.6996633405133655,-1.399326681026731
1.8783333333333334,0.0,-0.6921431738704061,-0.6921431738704061,-1.3842863477408123
1.8800000000000001,0.0,-0.6845471059286885,-0.6845471059286885,-1.369094211857377
1.8816666666666668,0.0,-0.6768759696826597,-0.6768759696826597,-1.3537519393653195
1.8833333333333335,0.0,-0.6691306063588577,-0.6691306063588577,-1.3382612127177154
1.8850000000000002,0.0,-0.6613118653236505,-0.6613118653236505,-1.322623730647301
1.8866666666666667,0.0,-0.6534206039901058,-0.6534206039901058,-1.3068412079802116
1.8883333333333334,0.0,-0.6454576877239502,-0.6454576877239502,-1.2909153754479004
1.8900000000000001,0.0,-0.6374239897486897,-0.6374239897486897,-1.2748479794973795
1.8916666666666668,0.0,-0.6293203910498366,-0.6293203910498366,-1.2586407820996732
1.8933333333333335,0.0,-0.6211477802783101,-0.6211477802783101,-1.2422955605566202
1.895,0.0,-0.6129070536529767,-0.6129070536529767,-1.2258141073059534
1.8966666666666667,0.0,-0.6045991148623756,-0.6045991148623756,-1.2091982297247512
1.8983333333333334,0.0,-0.5962248749656156,-0.5962248749656156,-1.1924497499312312
1.9000000000000001,0.0,-0.5877852522924735,-0.5877852522924735,-1.175570504584947
1.9016666666666668,0.0,-0.5792811723426783,-0.5792811723426783,-1.1585623446853566
1.9033333333333335,0.0,-0.5707135676844317,-0.5707135676844317,-1.1414271353688634
1.905,0.0,-0.5620833778521311,-0.5620833778521311,-1.1241667557042623
1.9066666666666667,0.0,-0.5533915492433437,-0.5533915492433437,-1.1067830984866873
1.9083333333333334,0.0,-0.5446390350150272,-0.5446390350150272,-1.0892780700300544
1.9100000000000001,0.0,-0.5358267949789958,-0.5358267949789958,-1.0716535899579915
1.9116666666666668,0.0,-0.5269557954966773,-0.5269557954966773,-1.0539115909933545
1.9133333333333336,0.0,-0.518027009373129,-0.518027009373129,-1.036054018746258
1.915,0.0,-0.5090414157503722,-0.5090414157503722,-1.0180828315007444
1.9166666666666667,0.0,-0.4999999999999999,-0.4999999999999999,-0.9999999999999998
1.9183333333333334,0.0,-0.49090375361514127,-0.49090375361514127,-0.9818075072302825
1.9200000000000002,0.0,-0.48175367410171477,-0.48175367410171477,-0.9635073482034295
1.9216666666666669,0.0,-0.47255076486905406,-0.47255076486905406,-0.9451015297381081
1.9233333333333336,0.0,-0.4632960351198608,-0.4632960351198608,-0.9265920702397216
1.925,0.0,-0.4539904997395464,-0.4539904997395464,-0.9079809994790928
1.9266666666666667,0.0,-0.4446351791849277,-0.4446351791849277,-0.8892703583698554
1.9283333333333335,0.0,-0.4352310993723267,-0.4352310993723267,-0.8704621987446534
1.9300000000000002,0.0,-0.42577929156507244,-0.42577929156507244,-0.8515585831301449
1.9316666666666669,0.0,-0.41628079226039993,-0.41628079226039993,-0.8325615845207999
1.9333333333333333,0.0,-0.4067366430758012,-0.4067366430758012,-0.8134732861516024
1.935,0.0,-0.39714789063478056,-0.39714789063478056,-0.7942957812695611
1.9366666666666668,0.0,-0.38751558645210354,-0.38751558645210354,-0.7750311729042071
1.9383333333333335,0.0,-0.3778407868184666,-0.3778407868184666,-0.7556815736369332
1.9400000000000002,0.0,-0.3681245526846781,-0.3681245526846781,-0.7362491053693562
1.9416666666666669,0.0,-0.3583679495452993,-0.3583679495452993,-0.7167358990905986
1.9433333333333334,0.0,-0.3485720473218149,-0.3485720473218149,-0.6971440946436298
1.945,0.0,-0.33873792024529165,-0.33873792024529165,-0.6774758404905833
1.9466666666666668,0.0,-0.32886664673858246,-0.32886664673858246,-0.6577332934771649
1.9483333333333335,0.0,-0.3189593092980698,-0.3189593092980698,-0.6379186185961396
1.9500000000000002,0.0,-0.3090169943749462,-0.3090169943749462,-0.6180339887498923
1.9516666666666669,0.0,-0.29904079225608604,-0.29904079225608604,-0.5980815845121721
1.9533333333333334,0.0,-0.2890317969444716,-0.2890317969444716,-0.5780635938889432
1.955,0.0,-0.2789911060392299,-0.2789911060392299,-0.5579822120784598
1.9566666666666668,0.0,-0.26891982061526526,-0.26891982061526526,-0.5378396412305305
1.9583333333333335,0.0,-0.25881904510252096,-0.25881904510252096,-0.5176380902050419
1.9600000000000002,0.0,-0.24868988716485388,-0.24868988716485388,-0.49737977432970776
1.961666666666667,0.0,-0.2385334575785806,-0.2385334575785806,-0.4770669151571612
1.9633333333333334,0.0,-0.2283508701106561,-0.2283508701106561,-0.4567017402213122
1.965,0.0,-0.21814324139654181,-0.21814324139654181,-0.43628648279308363
1.9666666666666668,0.0,-0.20791169081775923,-0.20791169081775923,-0.41582338163551846
1.9683333333333335,0.0,-0.19765734037912494,-0.19765734037912494,-0.3953146807582499
1.9700000000000002,0.0,-0.18738131458572405,-0.18738131458572405,-0.3747626291714481
1.971666666666667,0.0,-0.1770847403195816,-0.1770847403195816,-0.3541694806391632
1.9733333333333334,0.0,-0.16676874671610298,-0.16676874671610298,-0.33353749343220596
1.975,0.0,-0.15643446504023048,-0.15643446504023048,-0.31286893008046096
1.9766666666666668,0.0,-0.14608302856241187,-0.14608302856241187,-0.29216605712482374
1.9783333333333335,0.0,-0.13571557243430352,-0.13571557243430352,-0.27143114486860703
1.9800000000000002,0.0,-0.125333233564304,-0.125333233564304,-0.250666467128608
1.9816666666666667,0.0,-0.11493715049286703,-0.11493715049286703,-0.22987430098573405
1.9833333333333334,0.0,-0.10452846326765278,-0.10452846326765278,-0.20905692653530555
1.985,0.0,-0.09410831331851427,-0.09410831331851427,-0.18821662663702854
1.9866666666666668,0.0,-0.08367784333231433,-0.08367784333231433,-0.16735568666462866
1.9883333333333335,0.0,-0.07323819712763117,-0.07323819712763117,-0.14647639425526235
1.9900000000000002,0.0,-0.06279051952931174,-0.06279051952931174,-0.12558103905862347
1.9916666666666667,0.0,-0.05233595624294462,-0.05233595624294462,-0.10467191248588924
1.9933333333333334,0.0,-0.04187565372919929,-0.04187565372919929,-0.08375130745839858
1.995,0.0,-0.031410759078128604,-0.031410759078128604,-0.06282151815625721
1.9966666666666668,0.0,-0.020942419883356145,-0.020942419883356145,-0.04188483976671229
1.9983333333333335,0.0,-0.01047178411624563,-0.01047178411624563,-0.02094356823249126
2.0,0.0,-4.898587196589413e-16,-4.898587196589413e-16,-9.797174393178826e-16
0.0,1.5707963267948966,0.0,1.0,1.0
0.0016666666666666668,1.5707963267948966,0.010471784116245794,0.9999451693655121,1.010416953481758
0.0033333333333333335,1.5707963267948966,0.02094241988335696,0.9997806834748455,1.0207231033582025
0.005,1.5707963267948966,0.03141075907812829,0.9995065603657316,1.03091731944386
0.006666666666666667,1.5707963267948966,0.04187565372919963,0.9991228300988584,1.040998483828058
0.008333333333333333,1.5707963267948966,0.05233595624294383,0.9986295347545738,1.0509654909975177
0.01,1.5707963267948966,0.06279051952931337,0.9980267284282716,1.060817247957585
0.011666666666666667,1.5707963267948966,0.07323819712763169,0.9973144772244581,1.07055267435209
0.013333333333333334,1.5707963267948966,0.0836778433323155,0.9964928592495044,1.08017070258182
0.015000000000000001,1.5707963267948966,0.09410831331851433,0.99556196460308,1.0896702779215943
0.016666666666666666,1.5707963267948966,0.10452846326765346,0.9945218953682734,1.0990503586359268
0.018333333333333333,1.5707963267948966,0.1149371504928666,0.9933727656003964,1.108309916093263
0.02,1.5707963267948966,0.12533323356430426,0.9921147013144779,1.1174479348787822
0.021666666666666667,1.5707963267948966,0.13571557243430438,0.9907478404714436,1.126463412905748
0.023333333333333334,1.5707963267948966,0.14608302856241162,0.9892723329629883,1.1353553615254
0.025,1.5707963267948966,0.15643446504023087,0.9876883405951378,1.1441228056353687
0.02666666666666667,1.5707963267948966,0.16676874671610228,0.985996037070505,1.1527647837866073
0.028333333333333335,1.5707963267948966,0.1770847403195833,0.984195607969242,1.1612803482888252
0.030000000000000002,1.5707963267948966,0.18738131458572463,0.9822872507286887,1.1696685653144134
0.03166666666666667,1.5707963267948966,0.19765734037912616,0.9802711746217219,1.177928515000848
0.03333333333333333,1.5707963267948966,0.20791169081775931,0.9781476007338057,1.186059291551565
0.035,1.5707963267948966,0.21814324139654256,0.9759167619387474,1.19406000333529
0.03666666666666667,1.5707963267948966,0.22835087011065572,0.9735789028731603,1.201929772983816
0.03833333333333334,1.5707963267948966,0.2385334575785809,0.9711342799096361,1.209667737488217
0.04,1.5707963267948966,0.2486898871648548,0.9685831611286312,1.217273048293486
0.04166666666666667,1.5707963267948966,0.2588190451025208,0.9659258262890683,1.2247448713915892
0.043333333333333335,1.5707963267948966,0.2689198206152657,0.9631625667976582,1.2320823874129239
0.045000000000000005,1.5707963267948966,0.2789911060392293,0.9602936856769431,1.2392847917161722
0.04666666666666667,1.5707963267948966,0.2890317969444716,0.9573194975320672,1.246351294476539
0.04833333333333334,1.5707963267948966,0.2990407922560867,0.9542403285162769,1.2532811207723635
0.05,1.5707963267948966,0.3090169943749474,0.9510565162951536,1.260073510670101
0.05166666666666667,1.5707963267948966,0.31895930929807,0.9477684100095857,1.2667277193076556
0.05333333333333334,1.5707963267948966,0.32886664673858323,0.9443763702374811,1.2732430169760645
0.055,1.5707963267948966,0.33873792024529137,0.9408807689542255,1.2796186891995167
0.05666666666666667,1.5707963267948966,0.3485720473218152,0.9372819894918916,1.2858540368137068
0.058333333333333334,1.5707963267948966,0.35836794954530027,0.9335804264972017,1.2919483760425021
0.060000000000000005,1.5707963267948966,0.368124552684678,0.9297764858882515,1.2979010385729295
0.06166666666666667,1.5707963267948966,0.3778407868184671,0.9258705848099948,1.303711371628462
0.06333333333333334,1.5707963267948966,0.387515586452103,0.9218631515885005,1.3093787380406035
0.065,1.5707963267948966,0.3971478906347806,0.9177546256839813,1.314902516318762
0.06666666666666667,1.5707963267948966,0.40673664307580015,0.913545457642601,1.3202821007184011
0.06833333333333334,1.5707963267948966,0.4162807922604012,0.9092361090470686,1.32551690130747
0.07,1.5707963267948966,0.4257792915650727,0.9048270524660195,1.3306063440310922
0.07166666666666667,1.5707963267948966,0.4352310993723275,0.9003187714021935,1.335549870774521
0.07333333333333333,1.5707963267948966,0.44463517918492745,0.895711760239413,1.3403469394243404
0.07500000000000001,1.5707963267948966,0.4539904997395468,0.8910065241883679,1.3449970239279148
0.07666666666666667,1.5707963267948966,0.4632960351198618,0.8862035792312146,1.3494996143510765
0.07833333333333334,1.5707963267948966,0.472550764869054,0.8813034520649923,1.3538542169340464
0.08,1.5707963267948966,0.4817536741017153,0.8763066800438637,1.3580603541455791
0.08166666666666667,1.5707963267948966,0.49090375361514077,0.8712138111201895,1.3621175647353303
0.08333333333333334,1.5707963267948966,0.5,0.8660254037844386,1.3660254037844386
0.085,1.5707963267948966,0.5090414157503713,0.8607420270039436,1.369783442754315
0.08666666666666667,1.5707963267948966,0.5180270093731302,0.8553642601605067,1.373391269533637
0.08833333333333333,1.5707963267948966,0.5269557954966776,0.8498926929868639,1.3768484884835415
0.09000000000000001,1.5707963267948966,0.5358267949789967,0.8443279255020152,1.3801547204810118
0.09166666666666667,1.5707963267948966,0.5446390350150271,0.838670567945424,1.383309602960451
0.09333333333333334,1.5707963267948966,0.5533915492433441,0.8329212407100995,1.3863127899534438
0.095,1.5707963267948966,0.5620833778521306,0.8270805742745617,1.3891639521266923
0.09666666666666668,1.5707963267948966,0.5707135676844317,0.8211492091337041,1.3918627768181357
0.09833333333333334,1.5707963267948966,0.5792811723426788,0.8151277957285542,1.394408968071233
0.1,1.5707963267948966,0.5877852522924731,0.8090169943749475,1.3968022466674206
0.10166666666666667,1.5707963267948966,0.5962248749656158,0.8028174751911145,1.3990423501567304
0.10333333333333335,1.5707963267948966,0.6045991148623748,0.7965299180241964,1.4011290328865713
0.10500000000000001,1.5707963267948966,0.6129070536529765,0.7901550123756905,1.403062066028667
0.10666666666666667,1.5707963267948966,0.6211477802783104,0.7836934573258398,1.4048412376041504
0.10833333333333334,1.5707963267948966,0.6293203910498375,0.7771459614569708,1.4064663525068082
0.11,1.5707963267948966,0.6374239897486896,0.7705132427757893,1.4079372325244788
0.11166666666666668,1.5707963267948966,0.6454576877239506,0.7637960286346424,1.409253716358593
0.11333333333333334,1.5707963267948966,0.6534206039901054,0.7569950556517564,1.4104156596418618
0.115,1.5707963267948966,0.6613118653236518,0.7501110696304596,1.4114229349541114
0.11666666666666667,1.5707963267948966,0.6691306063588582,0.7431448254773942,1.4122754318362525
0.11833333333333335,1.5707963267948966,0.6768759696826607,0.7360970871197344,1.4129730568023953
0.12000000000000001,1.5707963267948966,0.6845471059286887,0.7289686274214114,1.4135157333501
0.12166666666666667,1.5707963267948966,0.6921431738704068,0.7217602280983623,1.413903401968769
0.12333333333333334,1.5707963267948966,0.6996633405133653,0.7144726796328036,1.4141360201461688
0.125,1.5707963267948966,0.7071067811865476,0.7071067811865476,1.4142135623730951
0.12666666666666668,1.5707963267948966,0.7144726796328034,0.6996633405133653,1.4141360201461688
0.12833333333333335,1.5707963267948966,0.7217602280983623,0.6921431738704068,1.413903401968769
0.13,1.5707963267948966,0.7289686274214116,0.6845471059286888,1.4135157333501005
0.13166666666666668,1.5707963267948966,0.7360970871197343,0.6768759696826607,1.412973056802395
0.13333333333333333,1.5707963267948966,0.7431448254773941,0.6691306063588583,1.4122754318362525
0.135,1.5707963267948966,0.7501110696304596,0.6613118653236518,1.4114229349541114
0.1366666666666667,1.5707963267948966,0.7569950556517565,0.6534206039901056,1.410415659641862
0.13833333333333334,1.5707963267948966,0.7637960286346421,0.6454576877239505,1.4092537163585925
0.14,1.5707963267948966,0.7705132427757893,0.6374239897486895,1.4079372325244788
0.14166666666666666,1.5707963267948966,0.7771459614569708,0.6293203910498377,1.4064663525068086
0.14333333333333334,1.5707963267948966,0.7836934573258398,0.6211477802783105,1.4048412376041504
0.14500000000000002,1.5707963267948966,0.7901550123756904,0.6129070536529764,1.4030620660286668
0.14666666666666667,1.5707963267948966,0.7965299180241963,0.6045991148623749,1.4011290328865713
0.14833333333333334,1.5707963267948966,0.8028174751911146,0.5962248749656157,1.3990423501567304
0.15000000000000002,1.5707963267948966,0.8090169943749475,0.5877852522924732,1.3968022466674208
0.15166666666666667,1.5707963267948966,0.8151277957285542,0.5792811723426787,1.3944089680712328
0.15333333333333335,1.5707963267948966,0.8211492091337041,0.5707135676844317,1.3918627768181357
0.155,1.5707963267948966,0.8270805742745618,0.5620833778521308,1.3891639521266925
0.15666666666666668,1.5707963267948966,0.8329212407100995,0.5533915492433441,1.3863127899534438
0.15833333333333335,1.5707963267948966,0.838670567945424,0.5446390350150269,1.383309602960451
0.16,1.5707963267948966,0.8443279255020151,0.5358267949789967,1.3801547204810118
0.16166666666666668,1.5707963267948966,0.849892692986864,0.5269557954966777,1.3768484884835417
0.16333333333333333,1.5707963267948966,0.8553642601605066,0.5180270093731302,1.3733912695336368
0.165,1.5707963267948966,0.8607420270039436,0.5090414157503711,1.3697834427543147
0.16666666666666669,1.5707963267948966,0.8660254037844387,0.49999999999999994,1.3660254037844386
0.16833333333333333,1.5707963267948966,0.8712138111201894,0.490903753615141,1.3621175647353303
0.17,1.5707963267948966,0.8763066800438637,0.4817536741017152,1.358060354145579
0.1716666666666667,1.5707963267948966,0.8813034520649923,0.47255076486905373,1.353854216934046
0.17333333333333334,1.5707963267948966,0.8862035792312147,0.46329603511986206,1.349499614351077
0.17500000000000002,1.5707963267948966,0.8910065241883678,0.45399049973954686,1.3449970239279145
0.17666666666666667,1.5707963267948966,0.8957117602394129,0.44463517918492734,1.3403469394243404
0.17833333333333334,1.5707963267948966,0.9003187714021935,0.43523109937232757,1.335549870774521
0.18000000000000002,1.5707963267948966,0.9048270524660196,0.4257792915650729,1.3306063440310925
0.18166666666666667,1.5707963267948966,0.9092361090470685,0.4162807922604012,1.3255169013074697
0.18333333333333335,1.5707963267948966,0.9135454576426009,0.40673664307580004,1.320282100718401
0.18500000000000003,1.5707963267948966,0.9177546256839811,0.3971478906347806,1.3149025163187618
0.18666666666666668,1.5707963267948966,0.9218631515885005,0.38751558645210316,1.3093787380406037
0.18833333333333335,1.5707963267948966,0.9258705848099947,0.3778407868184671,1.3037113716284618
0.19,1.5707963267948966,0.9297764858882513,0.36812455268467814,1.2979010385729295
0.19166666666666668,1.5707963267948966,0.9335804264972017,0.3583679495453002,1.291948376042502
0.19333333333333336,1.5707963267948966,0.9372819894918916,0.34857204732181535,1.2858540368137068
0.195,1.5707963267948966,0.9408807689542255,0.3387379202452913,1.2796186891995167
0.19666666666666668,1.5707963267948966,0.9443763702374811,0.32886664673858296,1.273243016976064
0.19833333333333333,1.5707963267948966,0.9477684100095857,0.3189593092980703,1.266727719307656
0.2,1.5707963267948966,0.9510565162951535,0.3090169943749475,1.260073510670101
0.2016666666666667,1.5707963267948966,0.9542403285162769,0.29904079225608654,1.2532811207723635
0.20333333333333334,1.5707963267948966,0.9573194975320672,0.2890317969444717,1.246351294476539
0.20500000000000002,1.5707963267948966,0.9602936856769431,0.27899110603922955,1.2392847917161727
0.2066666666666667,1.5707963267948966,0.9631625667976582,0.26891982061526576,1.232082387412924
0.20833333333333334,1.5707963267948966,0.9659258262890683,0.2588190451025206,1.224744871391589
0.21000000000000002,1.5707963267948966,0.9685831611286311,0.24868988716485482,1.217273048293486
0.21166666666666667,1.5707963267948966,0.9711342799096361,0.2385334575785811,1.2096677374882172
0.21333333333333335,1.5707963267948966,0.9735789028731603,0.22835087011065575,1.201929772983816
0.21500000000000002,1.5707963267948966,0.9759167619387474,0.21814324139654231,1.1940600033352897
0.21666666666666667,1.5707963267948966,0.9781476007338057,0.20791169081775931,1.186059291551565
0.21833333333333335,1.5707963267948966,0.9802711746217219,0.19765734037912633,1.1779285150008483
0.22,1.5707963267948966,0.9822872507286886,0.18738131458572457,1.1696685653144132
0.22166666666666668,1.5707963267948966,0.9841956079692419,0.17708474031958343,1.1612803482888254
0.22333333333333336,1.5707963267948966,0.985996037070505,0.16676874671610217,1.152764783786607
0.225,1.5707963267948966,0.9876883405951378,0.15643446504023098,1.1441228056353687
0.22666666666666668,1.5707963267948966,0.9892723329629883,0.14608302856241148,1.1353553615253997
0.22833333333333336,1.5707963267948966,0.9907478404714436,0.13571557243430404,1.1264634129057476
0.23,1.5707963267948966,0.9921147013144779,0.12533323356430454,1.1174479348787825
0.2316666666666667,1.5707963267948966,0.9933727656003964,0.11493715049286667,1.108309916093263
0.23333333333333334,1.5707963267948966,0.9945218953682733,0.10452846326765329,1.0990503586359266
0.23500000000000001,1.5707963267948966,0.99556196460308,0.09410831331851435,1.0896702779215943
0.2366666666666667,1.5707963267948966,0.9964928592495044,0.08367784333231573,1.0801707025818201
0.23833333333333334,1.5707963267948966,0.9973144772244581,0.07323819712763169,1.07055267435209
0.24000000000000002,1.5707963267948966,0.9980267284282716,0.06279051952931314,1.0608172479575848
0.24166666666666667,1.5707963267948966,0.9986295347545738,0.05233595624294425,1.0509654909975181
0.24333333333333335,1.5707963267948966,0.9991228300988584,0.04187565372919981,1.0409984838280582
0.24500000000000002,1.5707963267948966,0.9995065603657316,0.031410759078128236,1.03091731944386
0.24666666666666667,1.5707963267948966,0.9997806834748455,0.02094241988335711,1.0207231033582027
0.24833333333333335,1.5707963267948966,0.9999451693655121,0.010471784116245709,1.0104169534817578
0.25,1.5707963267948966,1.0,1.2246467991473532e-16,1.0000000000000002
0.2516666666666667,1.5707963267948966,0.9999451693655121,-0.010471784116245907,0.9894733852492662
0.25333333333333335,1.5707963267948966,0.9997806834748455,-0.020942419883356867,0.9788382635914886
0.255,1.5707963267948966,0.9995065603657316,-0.031410759078127994,0.9680958012876036
0.2566666666666667,1.5707963267948966,0.9991228300988584,-0.04187565372919957,0.9572471763696588
0.25833333333333336,1.5707963267948966,0.9986295347545738,-0.052335956242944,0.9462935785116299
0.26,1.5707963267948966,0.9980267284282716,-0.06279051952931335,0.9352362088989582
0.26166666666666666,1.5707963267948966,0.9973144772244581,-0.07323819712763145,0.9240762800968266
0.26333333333333336,1.5707963267948966,0.9964928592495044,-0.08367784333231548,0.9128150159171888
0.265,1.5707963267948966,0.99556196460308,-0.09410831331851455,0.9014536512845654
0.26666666666666666,1.5707963267948966,0.9945218953682734,-0.10452846326765305,0.8899934321006203
0.26833333333333337,1.5707963267948966,0.9933727656003964,-0.11493715049286643,0.87843561510753
0.27,1.5707963267948966,0.9921147013144778,-0.12533323356430429,0.8667814677501735
0.27166666666666667,1.5707963267948966,0.9907478404714436,-0.13571557243430424,0.8550322680371394
0.2733333333333334,1.5707963267948966,0.9892723329629883,-0.1460830285624117,0.8431893044005766
0.275,1.5707963267948966,0.9876883405951377,-0.15643446504023073,0.8312538755549069
0.27666666666666667,1.5707963267948966,0.985996037070505,-0.16676874671610237,0.8192272903544027
0.2783333333333334,1.5707963267948966,0.9841956079692419,-0.17708474031958363,0.8071108676496582
0.28,1.5707963267948966,0.9822872507286886,-0.18738131458572477,0.7949059361429638
0.2816666666666667,1.5707963267948966,0.9802711746217219,-0.19765734037912608,0.7826138342425958
0.2833333333333333,1.5707963267948966,0.9781476007338057,-0.20791169081775907,0.7702359099160466
0.28500000000000003,1.5707963267948966,0.9759167619387474,-0.2181432413965425,0.7577735205422049
0.2866666666666667,1.5707963267948966,0.9735789028731603,-0.2283508701106555,0.7452280327625048
0.28833333333333333,1.5707963267948966,0.9711342799096361,-0.23853345757858088,0.7326008223310552
0.29000000000000004,1.5707963267948966,0.9685831611286311,-0.24868988716485502,0.719893273963776
0.2916666666666667,1.5707963267948966,0.9659258262890683,-0.2588190451025208,0.7071067811865475
0.29333333333333333,1.5707963267948966,0.9631625667976582,-0.26891982061526554,0.6942427461823927
0.29500000000000004,1.5707963267948966,0.9602936856769431,-0.2789911060392293,0.6813025796377138
0.2966666666666667,1.5707963267948966,0.9573194975320672,-0.28903179694447184,0.6682877005875953
0.29833333333333334,1.5707963267948966,0.9542403285162769,-0.2990407922560863,0.6551995362601906
0.30000000000000004,1.5707963267948966,0.9510565162951535,-0.3090169943749473,0.6420395219202062
0.3016666666666667,1.5707963267948966,0.9477684100095857,-0.31895930929807004,0.6288091007115156
0.30333333333333334,1.5707963267948966,0.9443763702374811,-0.3288666467385831,0.615509723498898
0.305,1.5707963267948966,0.9408807689542255,-0.3387379202452911,0.6021428487089344
0.3066666666666667,1.5707963267948966,0.9372819894918915,-0.3485720473218151,0.5887099421700763
0.30833333333333335,1.5707963267948966,0.9335804264972017,-0.35836794954530043,0.5752124769519014
0.31,1.5707963267948966,0.9297764858882515,-0.3681245526846779,0.5616519332035735
0.3116666666666667,1.5707963267948966,0.9258705848099946,-0.3778407868184673,0.5480297979915274
0.31333333333333335,1.5707963267948966,0.9218631515885005,-0.38751558645210293,0.5343475651363976
0.315,1.5707963267948966,0.9177546256839813,-0.3971478906347804,0.5206067350492009
0.3166666666666667,1.5707963267948966,0.9135454576426009,-0.4067366430758002,0.5068088145668006
0.31833333333333336,1.5707963267948966,0.9092361090470686,-0.416280792260401,0.49295531678666765
0.32,1.5707963267948966,0.9048270524660195,-0.42577929156507266,0.4790477609009468
0.3216666666666667,1.5707963267948966,0.9003187714021934,-0.43523109937232773,0.4650876720298657
0.32333333333333336,1.5707963267948966,0.8957117602394128,-0.44463517918492756,0.4510765810544852
0.325,1.5707963267948966,0.8910065241883679,-0.45399049973954664,0.43701602444882126
0.32666666666666666,1.5707963267948966,0.8862035792312148,-0.4632960351198614,0.42290754411135345
0.32833333333333337,1.5707963267948966,0.8813034520649923,-0.4725507648690539,0.4087526871959384
0.33,1.5707963267948966,0.8763066800438635,-0.4817536741017154,0.3945530059421481
0.33166666666666667,1.5707963267948966,0.8712138111201895,-0.49090375361514077,0.3803100575050487
0.33333333333333337,1.5707963267948966,0.8660254037844386,-0.5000000000000001,0.3660254037844385
0.335,1.5707963267948966,0.8607420270039436,-0.5090414157503712,0.35170061125357244
0.33666666666666667,1.5707963267948966,0.8553642601605067,-0.51802700937313,0.33733725078737675
0.3383333333333334,1.5707963267948966,0.8498926929868639,-0.5269557954966775,0.3229368974901864
0.34,1.5707963267948966,0.844327925502015,-0.5358267949789968,0.3085011305230182
0.3416666666666667,1.5707963267948966,0.838670567945424,-0.5446390350150271,0.29403153293039697
0.3433333333333334,1.5707963267948966,0.8329212407100993,-0.5533915492433443,0.279529691466755
0.34500000000000003,1.5707963267948966,0.8270805742745617,-0.5620833778521306,0.26499719642243114
0.3466666666666667,1.5707963267948966,0.8211492091337041,-0.5707135676844315,0.25043564144927266
0.34833333333333333,1.5707963267948966,0.8151277957285544,-0.5792811723426785,0.23584662338587592
0.35000000000000003,1.5707963267948966,0.8090169943749475,-0.587785252292473,0.22123174208247443
0.3516666666666667,1.5707963267948966,0.8028174751911145,-0.5962248749656158,0.20659260022549863
0.35333333333333333,1.5707963267948966,0.7965299180241964,-0.6045991148623747,0.19193080316182165
0.35500000000000004,1.5707963267948966,0.7901550123756903,-0.6129070536529766,0.1772479587227137
0.3566666666666667,1.5707963267948966,0.7836934573258398,-0.6211477802783103,0.16254567704752954
0.35833333333333334,1.5707963267948966,0.777145961456971,-0.6293203910498373,0.14782557040713373
0.36000000000000004,1.5707963267948966,0.7705132427757893,-0.6374239897486896,0.13308925302709962
0.3616666666666667,1.5707963267948966,0.763796028634642,-0.6454576877239507,0.11833834091069129
0.36333333333333334,1.5707963267948966,0.7569950556517564,-0.6534206039901054,0.10357445166165102
0.36500000000000005,1.5707963267948966,0.7501110696304594,-0.661311865323652,0.08879920430680732
0.3666666666666667,1.5707963267948966,0.7431448254773942,-0.6691306063588582,0.074014219118536
0.36833333333333335,1.5707963267948966,0.7360970871197344,-0.6768759696826605,0.05922111743707392
0.37000000000000005,1.5707963267948966,0.7289686274214114,-0.6845471059286887,0.044421521492722715
0.3716666666666667,1.5707963267948966,0.7217602280983619,-0.6921431738704069,0.02961705422795502
0.37333333333333335,1.5707963267948966,0.7144726796328033,-0.6996633405133654,0.014809339119437825
0.375,1.5707963267948966,0.7071067811865476,-0.7071067811865475,1.1102230246251565e-16
0.3766666666666667,1.5707963267948966,0.6996633405133653,-0.7144726796328035,-0.014809339119438159
0.37833333333333335,1.5707963267948966,0.6921431738704068,-0.7217602280983622,-0.029617054227955353
0.38,1.5707963267948966,0.6845471059286888,-0.7289686274214113,-0.04442152149272249
0.3816666666666667,1.5707963267948966,0.6768759696826607,-0.7360970871197343,-0.05922111743707359
0.38333333333333336,1.5707963267948966,0.669130606358858,-0.7431448254773944,-0.07401421911853634
0.385,1.5707963267948966,0.6613118653236518,-0.7501110696304595,-0.08879920430680766
0.3866666666666667,1.5707963267948966,0.6534206039901053,-0.7569950556517562,-0.10357445166165091
0.38833333333333336,1.5707963267948966,0.6454576877239505,-0.7637960286346421,-0.11833834091069162
0.39,1.5707963267948966,0.6374239897486899,-0.7705132427757894,-0.1330892530270995
0.3916666666666667,1.5707963267948966,0.6293203910498374,-0.7771459614569706,-0.14782557040713318
0.39333333333333337,1.5707963267948966,0.6211477802783101,-0.7836934573258402,-0.1625456770475301
0.395,1.5707963267948966,0.6129070536529764,-0.7901550123756904,-0.17724795872271404
0.39666666666666667,1.5707963267948966,0.6045991148623749,-0.7965299180241959,-0.19193080316182098
0.3983333333333334,1.5707963267948966,0.5962248749656157,-0.8028174751911148,-0.20659260022549908
0.4,1.5707963267948966,0.5877852522924732,-0.8090169943749473,-0.2212317420824741
0.40166666666666667,1.5707963267948966,0.5792811723426787,-0.8151277957285543,-0.2358466233858756
0.4033333333333334,1.5707963267948966,0.5707135676844314,-0.8211492091337043,-0.2504356414492729
0.405,1.5707963267948966,0.5620833778521305,-0.8270805742745616,-0.26499719642243114
0.4066666666666667,1.5707963267948966,0.5533915492433441,-0.8329212407100994,-0.2795296914667553
0.4083333333333334,1.5707963267948966,0.5446390350150269,-0.8386705679454242,-0.2940315329303973
0.41000000000000003,1.5707963267948966,0.5358267949789967,-0.8443279255020147,-0.3085011305230181
0.4116666666666667,1.5707963267948966,0.5269557954966777,-0.8498926929868638,-0.32293689749018606
0.4133333333333334,1.5707963267948966,0.5180270093731302,-0.8553642601605066,-0.3373372507873764
0.41500000000000004,1.5707963267948966,0.5090414157503711,-0.8607420270039438,-0.35170061125357266
0.4166666666666667,1.5707963267948966,0.49999999999999994,-0.8660254037844388,-0.3660254037844389
0.41833333333333333,1.5707963267948966,0.490903753615141,-0.8712138111201894,-0.38031005750504837
0.42000000000000004,1.5707963267948966,0.4817536741017152,-0.8763066800438636,-0.39455300594214837
0.4216666666666667,1.5707963267948966,0.4725507648690541,-0.8813034520649924,-0.40875268719593827
0.42333333333333334,1.5707963267948966,0.4632960351198616,-0.8862035792312145,-0.4229075441113529
0.42500000000000004,1.5707963267948966,0.45399049973954647,-0.8910065241883682,-0.43701602444882176
0.4266666666666667,1.5707963267948966,0.44463517918492734,-0.8957117602394129,-0.45107658105448556
0.42833333333333334,1.5707963267948966,0.43523109937232757,-0.9003187714021933,-0.46508767202986573
0.43000000000000005,1.5707963267948966,0.4257792915650725,-0.9048270524660198,-0.4790477609009473
0.4316666666666667,1.5707963267948966,0.4162807922604012,-0.9092361090470685,-0.4929553167866673
0.43333333333333335,1.5707963267948966,0.40673664307580004,-0.913545457642601,-0.5068088145668009
0.43500000000000005,1.5707963267948966,0.39714789063478023,-0.9177546256839813,-0.520606735049201
0.4366666666666667,1.5707963267948966,0.38751558645210277,-0.9218631515885004,-0.5343475651363976
0.43833333333333335,1.5707963267948966,0.3778407868184671,-0.9258705848099947,-0.5480297979915276
0.44,1.5707963267948966,0.36812455268467814,-0.9297764858882515,-0.5616519332035733
0.4416666666666667,1.5707963267948966,0.3583679495453002,-0.9335804264972016,-0.5752124769519014
0.44333333333333336,1.5707963267948966,0.34857204732181535,-0.9372819894918915,-0.5887099421700761
0.445,1.5707963267948966,0.3387379202452913,-0.9408807689542255,-0.6021428487089342
0.4466666666666667,1.5707963267948966,0.32886664673858296,-0.9443763702374811,-0.6155097234988982
0.44833333333333336,1.5707963267948966,0.31895930929806987,-0.9477684100095859,-0.628809100711516
0.45,1.5707963267948966,0.3090169943749475,-0.9510565162951535,-0.642039521920206
0.4516666666666667,1.5707963267948966,0.29904079225608654,-0.9542403285162769,-0.6551995362601903
0.45333333333333337,1.5707963267948966,0.2890317969444717,-0.9573194975320674,-0.6682877005875957
0.455,1.5707963267948966,0.2789911060392291,-0.960293685676943,-0.6813025796377139
0.4566666666666667,1.5707963267948966,0.2689198206152653,-0.9631625667976583,-0.694242746182393
0.45833333333333337,1.5707963267948966,0.2588190451025206,-0.9659258262890683,-0.7071067811865477
0.46,1.5707963267948966,0.24868988716485482,-0.968583161128631,-0.7198932739637761
0.46166666666666667,1.5707963267948966,0.2385334575785811,-0.971134279909636,-0.7326008223310548
0.4633333333333334,1.5707963267948966,0.22835087011065575,-0.9735789028731603,-0.7452280327625045
0.465,1.5707963267948966,0.21814324139654231,-0.9759167619387474,-0.7577735205422051
0.4666666666666667,1.5707963267948966,0.20791169081775931,-0.9781476007338057,-0.7702359099160464
0.4683333333333334,1.5707963267948966,0.19765734037912588,-0.9802711746217218,-0.7826138342425959
0.47000000000000003,1.5707963267948966,0.18738131458572457,-0.9822872507286887,-0.7949059361429641
0.4716666666666667,1.5707963267948966,0.17708474031958343,-0.984195607969242,-0.8071108676496586
0.4733333333333334,1.5707963267948966,0.16676874671610217,-0.9859960370705049,-0.8192272903544027
0.47500000000000003,1.5707963267948966,0.15643446504023098,-0.9876883405951377,-0.8312538755549067
0.4766666666666667,1.5707963267948966,0.14608302856241148,-0.9892723329629883,-0.8431893044005768
0.4783333333333334,1.5707963267948966,0.13571557243430404,-0.9907478404714436,-0.8550322680371396
0.48000000000000004,1.5707963267948966,0.1253332335643041,-0.9921147013144779,-0.8667814677501737
0.4816666666666667,1.5707963267948966,0.11493715049286667,-0.9933727656003964,-0.8784356151075298
0.48333333333333334,1.5707963267948966,0.10452846326765373,-0.9945218953682733,-0.8899934321006195
0.48500000000000004,1.5707963267948966,0.09410831331851435,-0.99556196460308,-0.9014536512845657
0.4866666666666667,1.5707963267948966,0.08367784333231529,-0.9964928592495043,-0.9128150159171889
0.48833333333333334,1.5707963267948966,0.07323819712763169,-0.9973144772244581,-0.9240762800968264
0.49000000000000005,1.5707963267948966,0.06279051952931314,-0.9980267284282716,-0.9352362088989584
0.4916666666666667,1.5707963267948966,0.05233595624294381,-0.9986295347545738,-0.94629357851163
0.49333333333333335,1.5707963267948966,0.04187565372919981,-0.9991228300988584,-0.9572471763696586
0.49500000000000005,1.5707963267948966,0.031410759078128236,-0.9995065603657316,-0.9680958012876033
0.4966666666666667,1.5707963267948966,0.020942419883356666,-0.9997806834748455,-0.9788382635914888
0.49833333333333335,1.5707963267948966,0.010471784116245709,-0.9999451693655121,-0.9894733852492664
0.5,1.5707963267948966,1.2246467991473532e-16,-1.0,-0.9999999999999999
0.5016666666666667,1.5707963267948966,-0.010471784116245907,-0.9999451693655121,-1.010416953481758
0.5033333333333334,1.5707963267948966,-0.02094241988335731,-0.9997806834748455,-1.0207231033582027
0.505,1.5707963267948966,-0.031410759078127994,-0.9995065603657316,-1.0309173194438597
0.5066666666666667,1.5707963267948966,-0.04187565372919957,-0.9991228300988584,-1.040998483828058
0.5083333333333334,1.5707963267948966,-0.052335956242944,-0.9986295347545738,-1.050965490997518
0.51,1.5707963267948966,-0.06279051952931335,-0.9980267284282716,-1.0608172479575848
0.5116666666666667,1.5707963267948966,-0.07323819712763188,-0.9973144772244581,-1.07055267435209
0.5133333333333334,1.5707963267948966,-0.08367784333231593,-0.9964928592495044,-1.0801707025818204
0.515,1.5707963267948966,-0.0941083133185141,-0.9955619646030801,-1.089670277921594
0.5166666666666667,1.5707963267948966,-0.1045284632676535,-0.9945218953682733,-1.0990503586359268
0.5183333333333333,1.5707963267948966,-0.11493715049286643,-0.9933727656003964,-1.1083099160932628
0.52,1.5707963267948966,-0.12533323356430429,-0.9921147013144779,-1.1174479348787822
0.5216666666666667,1.5707963267948966,-0.13571557243430468,-0.9907478404714436,-1.1264634129057483
0.5233333333333333,1.5707963267948966,-0.14608302856241126,-0.9892723329629883,-1.1353553615253995
0.525,1.5707963267948966,-0.15643446504023073,-0.9876883405951378,-1.1441228056353685
0.5266666666666667,1.5707963267948966,-0.16676874671610237,-0.9859960370705049,-1.1527647837866073
0.5283333333333333,1.5707963267948966,-0.17708474031958318,-0.984195607969242,-1.1612803482888252
0.53,1.5707963267948966,-0.18738131458572477,-0.9822872507286886,-1.1696685653144134
0.5316666666666667,1.5707963267948966,-0.19765734037912652,-0.9802711746217219,-1.1779285150008483
0.5333333333333333,1.5707963267948966,-0.20791169081775907,-0.9781476007338058,-1.1860592915515649
0.535,1.5707963267948966,-0.2181432413965425,-0.9759167619387473,-1.1940600033352897
0.5366666666666667,1.5707963267948966,-0.22835087011065594,-0.9735789028731603,-1.2019297729838163
0.5383333333333333,1.5707963267948966,-0.23853345757858088,-0.9711342799096361,-1.209667737488217
0.54,1.5707963267948966,-0.24868988716485502,-0.9685831611286311,-1.2172730482934861
0.5416666666666667,1.5707963267948966,-0.2588190451025212,-0.9659258262890682,-1.2247448713915894
0.5433333333333333,1.5707963267948966,-0.26891982061526554,-0.9631625667976582,-1.2320823874129236
0.545,1.5707963267948966,-0.2789911060392293,-0.9602936856769431,-1.2392847917161722
0.5466666666666667,1.5707963267948966,-0.28903179694447184,-0.9573194975320672,-1.2463512944765391
0.5483333333333333,1.5707963267948966,-0.2990407922560867,-0.9542403285162767,-1.2532811207723635
0.55,1.5707963267948966,-0.30901699437494773,-0.9510565162951536,-1.2600735106701013
0.5516666666666667,1.5707963267948966,-0.3189593092980705,-0.9477684100095854,-1.266727719307656
0.5533333333333333,1.5707963267948966,-0.3288666467385831,-0.944376370237481,-1.273243016976064
0.555,1.5707963267948966,-0.3387379202452915,-0.9408807689542256,-1.2796186891995172
0.5566666666666668,1.5707963267948966,-0.34857204732181557,-0.9372819894918912,-1.2858540368137068
0.5583333333333333,1.5707963267948966,-0.35836794954530043,-0.9335804264972017,-1.2919483760425021
0.56,1.5707963267948966,-0.3681245526846783,-0.9297764858882512,-1.2979010385729295
0.5616666666666666,1.5707963267948966,-0.3778407868184669,-0.9258705848099948,-1.3037113716284616
0.5633333333333334,1.5707963267948966,-0.38751558645210293,-0.9218631515885005,-1.3093787380406035
0.5650000000000001,1.5707963267948966,-0.3971478906347808,-0.917754625683981,-1.3149025163187618
0.5666666666666667,1.5707963267948966,-0.4067366430757998,-0.9135454576426011,-1.320282100718401
0.5683333333333334,1.5707963267948966,-0.416280792260401,-0.9092361090470686,-1.3255169013074697
0.5700000000000001,1.5707963267948966,-0.42577929156507266,-0.9048270524660196,-1.3306063440310922
0.5716666666666667,1.5707963267948966,-0.43523109937232735,-0.9003187714021934,-1.3355498707745208
0.5733333333333334,1.5707963267948966,-0.44463517918492756,-0.895711760239413,-1.3403469394243406
0.5750000000000001,1.5707963267948966,-0.4539904997395471,-0.8910065241883676,-1.3449970239279145
0.5766666666666667,1.5707963267948966,-0.4632960351198614,-0.8862035792312147,-1.349499614351076
0.5783333333333334,1.5707963267948966,-0.4725507648690539,-0.8813034520649925,-1.3538542169340464
0.5800000000000001,1.5707963267948966,-0.4817536741017154,-0.8763066800438634,-1.3580603541455787
0.5816666666666667,1.5707963267948966,-0.49090375361514077,-0.8712138111201895,-1.3621175647353303
0.5833333333333334,1.5707963267948966,-0.5000000000000001,-0.8660254037844386,-1.3660254037844388
0.5850000000000001,1.5707963267948966,-0.5090414157503717,-0.8607420270039434,-1.369783442754315
0.5866666666666667,1.5707963267948966,-0.51802700937313,-0.8553642601605068,-1.3733912695336368
0.5883333333333334,1.5707963267948966,-0.5269557954966775,-0.849892692986864,-1.3768484884835415
0.5900000000000001,1.5707963267948966,-0.5358267949789968,-0.844327925502015,-1.3801547204810118
0.5916666666666667,1.5707963267948966,-0.5446390350150271,-0.8386705679454243,-1.3833096029604515
0.5933333333333334,1.5707963267948966,-0.5533915492433443,-0.8329212407100991,-1.3863127899534433
0.5950000000000001,1.5707963267948966,-0.562083377852131,-0.8270805742745618,-1.389163952126693
0.5966666666666667,1.5707963267948966,-0.5707135676844315,-0.8211492091337044,-1.3918627768181357
0.5983333333333334,1.5707963267948966,-0.5792811723426788,-0.815127795728554,-1.3944089680712328
0.6000000000000001,1.5707963267948966,-0.5877852522924734,-0.8090169943749476,-1.3968022466674208
0.6016666666666667,1.5707963267948966,-0.5962248749656158,-0.8028174751911145,-1.3990423501567304
0.6033333333333334,1.5707963267948966,-0.6045991148623752,-0.7965299180241961,-1.4011290328865713
0.6050000000000001,1.5707963267948966,-0.6129070536529769,-0.7901550123756901,-1.403062066028667
0.6066666666666667,1.5707963267948966,-0.6211477802783103,-0.7836934573258398,-1.4048412376041501
0.6083333333333334,1.5707963267948966,-0.6293203910498376,-0.7771459614569708,-1.4064663525068084
0.61,1.5707963267948966,-0.6374239897486896,-0.7705132427757896,-1.4079372325244792
0.6116666666666667,1.5707963267948966,-0.6454576877239507,-0.7637960286346418,-1.4092537163585925
0.6133333333333334,1.5707963267948966,-0.6534206039901057,-0.7569950556517565,-1.4104156596418622
0.615,1.5707963267948966,-0.6613118653236517,-0.75011106963046,-1.4114229349541119
0.6166666666666667,1.5707963267948966,-0.6691306063588582,-0.743144825477394,-1.4122754318362523
0.6183333333333334,1.5707963267948966,-0.676875969682661,-0.7360970871197345,-1.4129730568023955
0.62,1.5707963267948966,-0.6845471059286887,-0.7289686274214116,-1.4135157333501003
0.6216666666666667,1.5707963267948966,-0.6921431738704069,-0.721760228098362,-1.4139034019687688
0.6233333333333334,1.5707963267948966,-0.6996633405133658,-0.714472679632803,-1.4141360201461688
0.625,1.5707963267948966,-0.7071067811865475,-0.7071067811865477,-1.4142135623730951
0.6266666666666667,1.5707963267948966,-0.7144726796328035,-0.6996633405133654,-1.4141360201461688
0.6283333333333334,1.5707963267948966,-0.7217602280983624,-0.6921431738704066,-1.4139034019687688
0.63,1.5707963267948966,-0.7289686274214113,-0.684547105928689,-1.4135157333501003
0.6316666666666667,1.5707963267948966,-0.7360970871197343,-0.6768759696826608,-1.4129730568023953
0.6333333333333334,1.5707963267948966,-0.7431448254773944,-0.6691306063588581,-1.4122754318362525
0.635,1.5707963267948966,-0.7501110696304595,-0.6613118653236516,-1.411422934954111
0.6366666666666667,1.5707963267948966,-0.7569950556517562,-0.6534206039901057,-1.410415659641862
0.6383333333333334,1.5707963267948966,-0.7637960286346421,-0.6454576877239506,-1.4092537163585928
0.64,1.5707963267948966,-0.7705132427757894,-0.6374239897486896,-1.407937232524479
0.6416666666666667,1.5707963267948966,-0.7771459614569711,-0.6293203910498372,-1.4064663525068082
0.6433333333333334,1.5707963267948966,-0.7836934573258402,-0.6211477802783099,-1.40484123760415
0.645,1.5707963267948966,-0.7901550123756904,-0.6129070536529765,-1.4030620660286668
0.6466666666666667,1.5707963267948966,-0.7965299180241965,-0.6045991148623747,-1.4011290328865713
0.6483333333333334,1.5707963267948966,-0.8028174751911148,-0.5962248749656155,-1.3990423501567304
0.65,1.5707963267948966,-0.8090169943749473,-0.5877852522924734,-1.3968022466674208
0.6516666666666667,1.5707963267948966,-0.8151277957285543,-0.5792811723426788,-1.3944089680712333
0.6533333333333333,1.5707963267948966,-0.8211492091337037,-0.5707135676844322,-1.3918627768181357
0.655,1.5707963267948966,-0.8270805742745616,-0.5620833778521309,-1.3891639521266925
0.6566666666666667,1.5707963267948966,-0.8329212407100994,-0.5533915492433442,-1.3863127899534438
0.6583333333333333,1.5707963267948966,-0.8386705679454242,-0.544639035015027,-1.383309602960451
0.66,1.5707963267948966,-0.8443279255020153,-0.5358267949789963,-1.3801547204810116
0.6616666666666667,1.5707963267948966,-0.8498926929868642,-0.526955795496677,-1.3768484884835412
0.6633333333333333,1.5707963267948966,-0.8553642601605066,-0.5180270093731303,-1.373391269533637
0.665,1.5707963267948966,-0.8607420270039438,-0.5090414157503712,-1.369783442754315
0.6666666666666667,1.5707963267948966,-0.8660254037844388,-0.49999999999999967,-1.3660254037844384
0.6683333333333333,1.5707963267948966,-0.8712138111201894,-0.49090375361514105,-1.3621175647353305
0.67,1.5707963267948966,-0.8763066800438636,-0.4817536741017153,-1.358060354145579
0.6716666666666667,1.5707963267948966,-0.8813034520649924,-0.47255076486905384,-1.3538542169340462
0.6733333333333333,1.5707963267948966,-0.8862035792312145,-0.4632960351198621,-1.3494996143510767
0.675,1.5707963267948966,-0.8910065241883678,-0.45399049973954697,-1.3449970239279148
0.6766666666666667,1.5707963267948966,-0.8957117602394129,-0.44463517918492745,-1.3403469394243404
0.6783333333333333,1.5707963267948966,-0.9003187714021936,-0.4352310993723273,-1.3355498707745208
0.68,1.5707963267948966,-0.9048270524660198,-0.4257792915650722,-1.330606344031092
0.6816666666666668,1.5707963267948966,-0.9092361090470689,-0.41628079226040055,-1.3255169013074695
0.6833333333333333,1.5707963267948966,-0.913545457642601,-0.40673664307580015,-1.3202821007184011
0.685,1.5707963267948966,-0.9177546256839813,-0.39714789063478034,-1.3149025163187615
0.6866666666666668,1.5707963267948966,-0.9218631515885007,-0.3875155864521025,-1.3093787380406032
0.6883333333333334,1.5707963267948966,-0.9258705848099947,-0.3778407868184672,-1.303711371628462
0.6900000000000001,1.5707963267948966,-0.9297764858882515,-0.36812455268467786,-1.2979010385729293
0.6916666666666668,1.5707963267948966,-0.9335804264972019,-0.35836794954529994,-1.2919483760425017
0.6933333333333334,1.5707963267948966,-0.9372819894918915,-0.3485720473218155,-1.285854036813707
0.6950000000000001,1.5707963267948966,-0.9408807689542255,-0.3387379202452914,-1.279618689199517
0.6966666666666667,1.5707963267948966,-0.9443763702374809,-0.3288666467385839,-1.273243016976065
0.6983333333333334,1.5707963267948966,-0.9477684100095856,-0.3189593092980704,-1.266727719307656
0.7000000000000001,1.5707963267948966,-0.9510565162951535,-0.3090169943749477,-1.260073510670101
0.7016666666666667,1.5707963267948966,-0.9542403285162769,-0.29904079225608665,-1.2532811207723635
0.7033333333333334,1.5707963267948966,-0.9573194975320674,-0.28903179694447134,-1.2463512944765387
0.7050000000000001,1.5707963267948966,-0.9602936856769432,-0.2789911060392288,-1.239284791716172
0.7066666666666667,1.5707963267948966,-0.9631625667976581,-0.26891982061526587,-1.232082387412924
0.7083333333333334,1.5707963267948966,-0.9659258262890683,-0.2588190451025207,-1.224744871391589
0.7100000000000001,1.5707963267948966,-0.9685831611286312,-0.2486898871648545,-1.2172730482934857
0.7116666666666667,1.5707963267948966,-0.971134279909636,-0.23853345757858122,-1.2096677374882172
0.7133333333333334,1.5707963267948966,-0.9735789028731603,-0.22835087011065586,-1.201929772983816
0.7150000000000001,1.5707963267948966,-0.9759167619387474,-0.21814324139654243,-1.19406000333529
0.7166666666666667,1.5707963267948966,-0.9781476007338056,-0.20791169081775987,-1.1860592915515655
0.7183333333333334,1.5707963267948966,-0.9802711746217218,-0.19765734037912644,-1.1779285150008483
0.7200000000000001,1.5707963267948966,-0.9822872507286887,-0.18738131458572468,-1.1696685653144134
0.7216666666666667,1.5707963267948966,-0.984195607969242,-0.17708474031958313,-1.1612803482888252
0.7233333333333334,1.5707963267948966,-0.985996037070505,-0.16676874671610187,-1.1527647837866069
0.7250000000000001,1.5707963267948966,-0.9876883405951379,-0.15643446504023023,-1.144122805635368
0.7266666666666667,1.5707963267948966,-0.9892723329629883,-0.14608302856241162,-1.1353553615254
0.7283333333333334,1.5707963267948966,-0.9907478404714436,-0.13571557243430415,-1.1264634129057478
0.7300000000000001,1.5707963267948966,-0.9921147013144779,-0.1253332335643038,-1.1174479348787816
0.7316666666666667,1.5707963267948966,-0.9933727656003964,-0.11493715049286679,-1.1083099160932632
0.7333333333333334,1.5707963267948966,-0.9945218953682734,-0.10452846326765342,-1.0990503586359268
0.7350000000000001,1.5707963267948966,-0.99556196460308,-0.09410831331851403,-1.089670277921594
0.7366666666666667,1.5707963267948966,-0.9964928592495043,-0.08367784333231584,-1.0801707025818201
0.7383333333333334,1.5707963267948966,-0.9973144772244581,-0.07323819712763181,-1.07055267435209
0.7400000000000001,1.5707963267948966,-0.9980267284282716,-0.06279051952931326,-1.0608172479575848
0.7416666666666667,1.5707963267948966,-0.9986295347545739,-0.05233595624294348,-1.0509654909975175
0.7433333333333334,1.5707963267948966,-0.9991228300988584,-0.04187565372919905,-1.0409984838280575
0.745,1.5707963267948966,-0.9995065603657316,-0.03141075907812836,-1.03091731944386
0.7466666666666667,1.5707963267948966,-0.9997806834748455,-0.02094241988335679,-1.0207231033582023
0.7483333333333334,1.5707963267948966,-0.9999451693655121,-0.010471784116245386,-1.0104169534817575
0.75,1.5707963267948966,-1.0,-2.4492935982947064e-16,-1.0000000000000002
0.7516666666666667,1.5707963267948966,-0.9999451693655121,0.010471784116245785,-0.9894733852492663
0.7533333333333334,1.5707963267948966,-0.9997806834748455,0.020942419883357186,-0.9788382635914883
0.755,1.5707963267948966,-0.9995065603657316,0.03141075907812787,-0.9680958012876038
0.7566666666666667,1.5707963267948966,-0.9991228300988584,0.04187565372919944,-0.957247176369659
0.7583333333333334,1.5707963267948966,-0.9986295347545738,0.05233595624294388,-0.94629357851163
0.76,1.5707963267948966,-0.9980267284282716,0.06279051952931278,-0.9352362088989588
0.7616666666666667,1.5707963267948966,-0.9973144772244581,0.07323819712763133,-0.9240762800968267
0.7633333333333334,1.5707963267948966,-0.9964928592495044,0.08367784333231536,-0.912815015917189
0.765,1.5707963267948966,-0.99556196460308,0.09410831331851442,-0.9014536512845656
0.7666666666666667,1.5707963267948966,-0.9945218953682733,0.10452846326765382,-0.8899934321006194
0.7683333333333334,1.5707963267948966,-0.9933727656003963,0.11493715049286718,-0.8784356151075292
0.77,1.5707963267948966,-0.9921147013144779,0.12533323356430418,-0.8667814677501737
0.7716666666666667,1.5707963267948966,-0.9907478404714436,0.13571557243430454,-0.855032268037139
0.7733333333333334,1.5707963267948966,-0.9892723329629882,0.146083028562412,-0.8431893044005763
0.775,1.5707963267948966,-0.9876883405951378,0.15643446504023062,-0.8312538755549072
0.7766666666666667,1.5707963267948966,-0.9859960370705049,0.16676874671610226,-0.8192272903544027
0.7783333333333334,1.5707963267948966,-0.9841956079692419,0.17708474031958352,-0.8071108676496583
0.78,1.5707963267948966,-0.9822872507286887,0.1873813145857242,-0.7949059361429645
0.7816666666666667,1.5707963267948966,-0.9802711746217219,0.19765734037912597,-0.7826138342425959
0.7833333333333334,1.5707963267948966,-0.9781476007338056,0.20791169081775937,-0.7702359099160462
0.785,1.5707963267948966,-0.9759167619387473,0.21814324139654281,-0.7577735205422045
0.7866666666666667,1.5707963267948966,-0.9735789028731602,0.22835087011065625,-0.7452280327625039
0.7883333333333333,1.5707963267948966,-0.9711342799096361,0.23853345757858074,-0.7326008223310554
0.79,1.5707963267948966,-0.9685831611286311,0.24868988716485488,-0.7198932739637762
0.7916666666666667,1.5707963267948966,-0.9659258262890682,0.2588190451025211,-0.7071067811865471
0.7933333333333333,1.5707963267948966,-0.9631625667976582,0.2689198206152654,-0.6942427461823928
0.795,1.5707963267948966,-0.9602936856769431,0.27899110603922916,-0.6813025796377139
0.7966666666666667,1.5707963267948966,-0.9573194975320672,0.28903179694447173,-0.6682877005875956
0.7983333333333333,1.5707963267948966,-0.954240328516277,0.2990407922560862,-0.6551995362601908
0.8,1.5707963267948966,-0.9510565162951536,0.3090169943749472,-0.6420395219202064
0.8016666666666667,1.5707963267948966,-0.9477684100095857,0.3189593092980699,-0.6288091007115157
0.8033333333333333,1.5707963267948966,-0.944376370237481,0.32886664673858346,-0.6155097234988975
0.805,1.5707963267948966,-0.9408807689542253,0.3387379202452918,-0.6021428487089335
0.8066666666666668,1.5707963267948966,-0.9372819894918912,0.34857204732181585,-0.5887099421700754
0.8083333333333333,1.5707963267948966,-0.9335804264972017,0.3583679495453003,-0.5752124769519014
0.81,1.5707963267948966,-0.9297764858882512,0.3681245526846782,-0.561651933203573
0.8116666666666668,1.5707963267948966,-0.9258705848099945,0.3778407868184676,-0.548029797991527
0.8133333333333334,1.5707963267948966,-0.9218631515885005,0.3875155864521028,-0.5343475651363977
0.8150000000000001,1.5707963267948966,-0.917754625683981,0.3971478906347807,-0.5206067350492003
0.8166666666666668,1.5707963267948966,-0.9135454576426008,0.4067366430758005,-0.5068088145668003
0.8183333333333334,1.5707963267948966,-0.9092361090470686,0.4162807922604009,-0.49295531678666776
0.8200000000000001,1.5707963267948966,-0.9048270524660196,0.42577929156507255,-0.47904776090094703
0.8216666666666668,1.5707963267948966,-0.9003187714021934,0.4352310993723276,-0.4650876720298658
0.8233333333333334,1.5707963267948966,-0.895711760239413,0.444635179184927,-0.451076581054486
0.8250000000000001,1.5707963267948966,-0.891006524188368,0.4539904997395465,-0.4370160244488215
0.8266666666666668,1.5707963267948966,-0.8862035792312147,0.4632960351198617,-0.422907544111353
0.8283333333333334,1.5707963267948966,-0.881303452064992,0.4725507648690542,-0.4087526871959379
0.8300000000000001,1.5707963267948966,-0.8763066800438634,0.48175367410171566,-0.3945530059421477
0.8316666666666667,1.5707963267948966,-0.8712138111201895,0.49090375361514066,-0.3803100575050488
0.8333333333333334,1.5707963267948966,-0.8660254037844386,0.5,-0.3660254037844386
0.8350000000000001,1.5707963267948966,-0.8607420270039434,0.5090414157503715,-0.3517006112535719
0.8366666666666667,1.5707963267948966,-0.8553642601605068,0.5180270093731298,-0.337337250787377
0.8383333333333334,1.5707963267948966,-0.849892692986864,0.5269557954966774,-0.3229368974901866
0.8400000000000001,1.5707963267948966,-0.844327925502015,0.5358267949789967,-0.3085011305230183
0.8416666666666667,1.5707963267948966,-0.8386705679454243,0.5446390350150266,-0.29403153293039763
0.8433333333333334,1.5707963267948966,-0.8329212407100997,0.5533915492433438,-0.2795296914667559
0.8450000000000001,1.5707963267948966,-0.8270805742745618,0.5620833778521305,-0.26499719642243136
0.8466666666666667,1.5707963267948966,-0.8211492091337039,0.5707135676844318,-0.2504356414492721
0.8483333333333334,1.5707963267948966,-0.815127795728554,0.5792811723426792,-0.2358466233858748
0.8500000000000001,1.5707963267948966,-0.809016994374947,0.5877852522924736,-0.22123174208247343
0.8516666666666667,1.5707963267948966,-0.8028174751911145,0.5962248749656158,-0.20659260022549863
0.8533333333333334,1.5707963267948966,-0.7965299180241961,0.604599114862375,-0.1919308031618211
0.8550000000000001,1.5707963267948966,-0.7901550123756901,0.6129070536529768,-0.17724795872271326
0.8566666666666667,1.5707963267948966,-0.7836934573258398,0.6211477802783102,-0.16254567704752965
0.8583333333333334,1.5707963267948966,-0.7771459614569708,0.6293203910498375,-0.1478255704071333
0.8600000000000001,1.5707963267948966,-0.770513242775789,0.63742398974869,-0.13308925302709906
0.8616666666666667,1.5707963267948966,-0.7637960286346424,0.6454576877239503,-0.11833834091069206
0.8633333333333334,1.5707963267948966,-0.7569950556517565,0.6534206039901054,-0.10357445166165113
0.8650000000000001,1.5707963267948966,-0.7501110696304595,0.6613118653236519,-0.08879920430680754
0.8666666666666667,1.5707963267948966,-0.743144825477394,0.6691306063588585,-0.07401421911853556
0.8683333333333334,1.5707963267948966,-0.7360970871197339,0.6768759696826612,-0.0592211174370727
0.8700000000000001,1.5707963267948966,-0.7289686274214109,0.6845471059286893,-0.044421521492721605
0.8716666666666667,1.5707963267948966,-0.721760228098362,0.6921431738704069,-0.02961705422795513
0.8733333333333334,1.5707963267948966,-0.714472679632803,0.6996633405133657,-0.014809339119437381
0.8750000000000001,1.5707963267948966,-0.707106781186547,0.7071067811865479,8.881784197001252e-16
0.8766666666666667,1.5707963267948966,-0.6996633405133654,0.7144726796328034,0.014809339119437936
0.8783333333333334,1.5707963267948966,-0.6921431738704066,0.7217602280983623,0.029617054227955686
0.88,1.5707963267948966,-0.684547105928689,0.7289686274214112,0.04442152149272227
0.8816666666666667,1.5707963267948966,-0.6768759696826608,0.7360970871197342,0.05922111743707337
0.8833333333333334,1.5707963267948966,-0.6691306063588581,0.7431448254773942,0.07401421911853612
0.885,1.5707963267948966,-0.6613118653236523,0.7501110696304591,0.08879920430680688
0.8866666666666667,1.5707963267948966,-0.6534206039901057,0.7569950556517562,0.10357445166165047
0.8883333333333334,1.5707963267948966,-0.6454576877239506,0.7637960286346421,0.11833834091069151
0.89,1.5707963267948966,-0.6374239897486896,0.7705132427757893,0.13308925302709962
0.8916666666666667,1.5707963267948966,-0.6293203910498372,0.7771459614569711,0.14782557040713395
0.8933333333333334,1.5707963267948966,-0.6211477802783099,0.7836934573258402,0.1625456770475303
0.895,1.5707963267948966,-0.6129070536529765,0.7901550123756903,0.17724795872271382
0.8966666666666667,1.5707963267948966,-0.6045991148623747,0.7965299180241964,0.19193080316182165
0.8983333333333334,1.5707963267948966,-0.5962248749656155,0.8028174751911148,0.2065926002254993
0.9,1.5707963267948966,-0.5877852522924734,0.8090169943749472,0.22123174208247387
0.9016666666666667,1.5707963267948966,-0.5792811723426788,0.8151277957285542,0.23584662338587536
0.9033333333333334,1.5707963267948966,-0.5707135676844315,0.8211492091337041,0.25043564144927266
0.905,1.5707963267948966,-0.5620833778521309,0.8270805742745616,0.2649971964224307
0.9066666666666667,1.5707963267948966,-0.5533915492433442,0.8329212407100993,0.2795296914667551
0.9083333333333334,1.5707963267948966,-0.544639035015027,0.838670567945424,0.2940315329303971
0.91,1.5707963267948966,-0.5358267949789963,0.8443279255020152,0.30850113052301886
0.9116666666666667,1.5707963267948966,-0.526955795496677,0.8498926929868642,0.32293689749018717
0.9133333333333334,1.5707963267948966,-0.5180270093731295,0.855364260160507,0.33733725078737753
0.915,1.5707963267948966,-0.5090414157503712,0.8607420270039436,0.35170061125357244
0.9166666666666667,1.5707963267948966,-0.49999999999999967,0.8660254037844388,0.36602540378443915
0.9183333333333334,1.5707963267948966,-0.4909037536151403,0.8712138111201897,0.38031005750504937
0.92,1.5707963267948966,-0.4817536741017153,0.8763066800438636,0.39455300594214826
0.9216666666666667,1.5707963267948966,-0.47255076486905384,0.8813034520649923,0.40875268719593844
0.9233333333333333,1.5707963267948966,-0.4632960351198621,0.8862035792312145,0.4229075441113524
0.925,1.5707963267948966,-0.45399049973954697,0.8910065241883678,0.4370160244488208
0.9266666666666667,1.5707963267948966,-0.44463517918492745,0.8957117602394128,0.45107658105448534
0.9283333333333333,1.5707963267948966,-0.4352310993723273,0.9003187714021936,0.46508767202986634
0.93,1.5707963267948966,-0.4257792915650722,0.9048270524660197,0.4790477609009475
0.9316666666666668,1.5707963267948966,-0.41628079226040055,0.9092361090470689,0.4929553167866683
0.9333333333333333,1.5707963267948966,-0.40673664307580015,0.9135454576426009,0.5068088145668007
0.935,1.5707963267948966,-0.39714789063478034,0.9177546256839813,0.520606735049201
0.9366666666666668,1.5707963267948966,-0.3875155864521025,0.9218631515885007,0.5343475651363983
0.9383333333333334,1.5707963267948966,-0.3778407868184672,0.9258705848099947,0.5480297979915275
0.9400000000000001,1.5707963267948966,-0.36812455268467786,0.9297764858882515,0.5616519332035737
0.9416666666666668,1.5707963267948966,-0.35836794954529994,0.9335804264972019,0.5752124769519019
0.9433333333333334,1.5707963267948966,-0.3485720473218155,0.9372819894918913,0.5887099421700759
0.9450000000000001,1.5707963267948966,-0.3387379202452914,0.9408807689542255,0.602142848708934
0.9466666666666668,1.5707963267948966,-0.32886664673858307,0.9443763702374811,0.615509723498898
0.9483333333333334,1.5707963267948966,-0.3189593092980704,0.9477684100095856,0.6288091007115151
0.9500000000000001,1.5707963267948966,-0.3090169943749477,0.9510565162951535,0.6420395219202059
0.9516666666666668,1.5707963267948966,-0.29904079225608665,0.9542403285162768,0.6551995362601901
0.9533333333333334,1.5707963267948966,-0.28903179694447134,0.9573194975320674,0.668287700587596
0.9550000000000001,1.5707963267948966,-0.2789911060392288,0.9602936856769432,0.6813025796377143
0.9566666666666668,1.5707963267948966,-0.26891982061526504,0.9631625667976583,0.6942427461823932
0.9583333333333334,1.5707963267948966,-0.2588190451025207,0.9659258262890683,0.7071067811865477
0.9600000000000001,1.5707963267948966,-0.2486898871648545,0.9685831611286312,0.7198932739637767
0.9616666666666668,1.5707963267948966,-0.23853345757858035,0.9711342799096362,0.7326008223310558
0.9633333333333334,1.5707963267948966,-0.22835087011065586,0.9735789028731602,0.7452280327625043
0.9650000000000001,1.5707963267948966,-0.21814324139654243,0.9759167619387474,0.757773520542205
0.9666666666666667,1.5707963267948966,-0.20791169081775987,0.9781476007338055,0.7702359099160456
0.9683333333333334,1.5707963267948966,-0.19765734037912644,0.9802711746217218,0.7826138342425953
0.9700000000000001,1.5707963267948966,-0.18738131458572468,0.9822872507286886,0.7949059361429639
0.9716666666666667,1.5707963267948966,-0.17708474031958313,0.984195607969242,0.8071108676496589
0.9733333333333334,1.5707963267948966,-0.16676874671610187,0.985996037070505,0.8192272903544031
0.9750000000000001,1.5707963267948966,-0.15643446504023023,0.9876883405951378,0.8312538755549075
0.9766666666666667,1.5707963267948966,-0.14608302856241162,0.9892723329629883,0.8431893044005767
0.9783333333333334,1.5707963267948966,-0.13571557243430415,0.9907478404714436,0.8550322680371394
0.9800000000000001,1.5707963267948966,-0.1253332335643038,0.9921147013144779,0.8667814677501741
0.9816666666666667,1.5707963267948966,-0.11493715049286679,0.9933727656003964,0.8784356151075297
0.9833333333333334,1.5707963267948966,-0.10452846326765342,0.9945218953682733,0.8899934321006199
0.9850000000000001,1.5707963267948966,-0.09410831331851403,0.99556196460308,0.901453651284566
0.9866666666666667,1.5707963267948966,-0.08367784333231584,0.9964928592495043,0.9128150159171884
0.9883333333333334,1.5707963267948966,-0.07323819712763181,0.9973144772244581,0.9240762800968263
0.9900000000000001,1.5707963267948966,-0.06279051952931326,0.9980267284282716,0.9352362088989583
0.9916666666666667,1.5707963267948966,-0.05233595624294348,0.9986295347545739,0.9462935785116304
0.9933333333333334,1.5707963267948966,-0.04187565372919905,0.9991228300988584,0.9572471763696593
0.9950000000000001,1.5707963267948966,-0.03141075907812747,0.9995065603657316,0.9680958012876041
0.9966666666666667,1.5707963267948966,-0.02094241988335679,0.9997806834748455,0.9788382635914887
0.9983333333333334,1.5707963267948966,-0.010471784116245386,0.9999451693655121,0.9894733852492668
1.0,1.5707963267948966,-2.4492935982947064e-16,1.0,0.9999999999999998
1.0016666666666667,1.5707963267948966,0.010471784116245785,0.9999451693655121,1.010416953481758
1.0033333333333334,1.5707963267948966,0.020942419883357186,0.9997806834748455,1.0207231033582027
1.0050000000000001,1.5707963267948966,0.03141075907812876,0.9995065603657315,1.0309173194438603
1.0066666666666668,1.5707963267948966,0.04187565372920033,0.9991228300988583,1.0409984838280586
1.0083333333333333,1.5707963267948966,0.052335956242942995,0.9986295347545739,1.050965490997517
1.01,1.5707963267948966,0.06279051952931278,0.9980267284282716,1.0608172479575844
1.0116666666666667,1.5707963267948966,0.07323819712763133,0.9973144772244581,1.0705526743520895
1.0133333333333334,1.5707963267948966,0.08367784333231536,0.9964928592495044,1.0801707025818197
1.0150000000000001,1.5707963267948966,0.09410831331851442,0.99556196460308,1.0896702779215943
1.0166666666666668,1.5707963267948966,0.10452846326765382,0.9945218953682733,1.099050358635927
1.0183333333333333,1.5707963267948966,0.1149371504928663,0.9933727656003964,1.1083099160932628
1.02,1.5707963267948966,0.12533323356430418,0.9921147013144779,1.117447934878782
1.0216666666666667,1.5707963267948966,0.13571557243430454,0.9907478404714436,1.126463412905748
1.0233333333333334,1.5707963267948966,0.146083028562412,0.9892723329629884,1.1353553615254004
1.0250000000000001,1.5707963267948966,0.1564344650402315,0.9876883405951377,1.1441228056353692
1.0266666666666668,1.5707963267948966,0.16676874671610314,0.9859960370705046,1.1527647837866077
1.0283333333333333,1.5707963267948966,0.17708474031958263,0.9841956079692421,1.1612803482888248
1.03,1.5707963267948966,0.1873813145857242,0.9822872507286886,1.1696685653144128
1.0316666666666667,1.5707963267948966,0.19765734037912597,0.9802711746217219,1.1779285150008478
1.0333333333333334,1.5707963267948966,0.20791169081775937,0.9781476007338058,1.186059291551565
1.0350000000000001,1.5707963267948966,0.21814324139654281,0.9759167619387473,1.1940600033352902
1.0366666666666666,1.5707963267948966,0.22835087011065539,0.9735789028731604,1.2019297729838159
1.0383333333333333,1.5707963267948966,0.23853345757858074,0.9711342799096359,1.2096677374882165
1.04,1.5707963267948966,0.24868988716485488,0.9685831611286311,1.217273048293486
1.0416666666666667,1.5707963267948966,0.2588190451025211,0.9659258262890684,1.2247448713915894
1.0433333333333334,1.5707963267948966,0.26891982061526626,0.963162566797658,1.2320823874129243
1.0450000000000002,1.5707963267948966,0.27899110603923005,0.9602936856769426,1.2392847917161727
1.0466666666666666,1.5707963267948966,0.2890317969444709,0.9573194975320675,1.2463512944765385
1.0483333333333333,1.5707963267948966,0.2990407922560862,0.9542403285162768,1.253281120772363
1.05,1.5707963267948966,0.3090169943749472,0.9510565162951536,1.2600735106701009
1.0516666666666667,1.5707963267948966,0.3189593092980699,0.947768410009586,1.266727719307656
1.0533333333333335,1.5707963267948966,0.32886664673858346,0.944376370237481,1.2732430169760645
1.0550000000000002,1.5707963267948966,0.3387379202452918,0.940880768954225,1.2796186891995167
1.0566666666666666,1.5707963267948966,0.348572047321815,0.9372819894918912,1.2858540368137064
1.0583333333333333,1.5707963267948966,0.3583679495453003,0.9335804264972017,1.2919483760425021
1.06,1.5707963267948966,0.3681245526846782,0.9297764858882517,1.29790103857293
1.0616666666666668,1.5707963267948966,0.3778407868184676,0.9258705848099946,1.3037113716284623
1.0633333333333335,1.5707963267948966,0.38751558645210366,0.9218631515885,1.3093787380406037
1.0650000000000002,1.5707963267948966,0.3971478906347815,0.9177546256839808,1.3149025163187624
1.0666666666666667,1.5707963267948966,0.4067366430757997,0.9135454576426008,1.3202821007184005
1.0683333333333334,1.5707963267948966,0.4162807922604009,0.9092361090470688,1.3255169013074697
1.07,1.5707963267948966,0.42577929156507255,0.90482705246602,1.3306063440310925
1.0716666666666668,1.5707963267948966,0.4352310993723276,0.9003187714021935,1.3355498707745213
1.0733333333333335,1.5707963267948966,0.44463517918492784,0.8957117602394123,1.3403469394243401
1.0750000000000002,1.5707963267948966,0.45399049973954736,0.8910065241883676,1.344997023927915
1.0766666666666667,1.5707963267948966,0.4632960351198617,0.8862035792312147,1.3494996143510765
1.0783333333333334,1.5707963267948966,0.4725507648690542,0.8813034520649926,1.3538542169340468
1.08,1.5707963267948966,0.48175367410171566,0.8763066800438634,1.3580603541455791
1.0816666666666668,1.5707963267948966,0.49090375361514144,0.8712138111201887,1.36211756473533
1.0833333333333335,1.5707963267948966,0.5000000000000008,0.8660254037844383,1.366025403784439
1.085,1.5707963267948966,0.5090414157503708,0.8607420270039435,1.3697834427543143
1.0866666666666667,1.5707963267948966,0.5180270093731298,0.8553642601605068,1.3733912695336365
1.0883333333333334,1.5707963267948966,0.5269557954966774,0.8498926929868645,1.376848488483542
1.09,1.5707963267948966,0.5358267949789967,0.8443279255020151,1.3801547204810118
1.0916666666666668,1.5707963267948966,0.5446390350150273,0.8386705679454234,1.3833096029604506
1.0933333333333335,1.5707963267948966,0.5533915492433445,0.8329212407100992,1.3863127899534438
1.095,1.5707963267948966,0.5620833778521305,0.8270805742745619,1.3891639521266925
1.0966666666666667,1.5707963267948966,0.5707135676844318,0.8211492091337045,1.3918627768181362
1.0983333333333334,1.5707963267948966,0.5792811723426792,0.8151277957285541,1.3944089680712333
1.1,1.5707963267948966,0.5877852522924736,0.8090169943749466,1.3968022466674201
1.1016666666666668,1.5707963267948966,0.5962248749656165,0.802817475191114,1.3990423501567304
1.1033333333333335,1.5707963267948966,0.6045991148623757,0.7965299180241961,1.4011290328865718
1.105,1.5707963267948966,0.6129070536529762,0.7901550123756906,1.4030620660286668
1.1066666666666667,1.5707963267948966,0.6211477802783102,0.7836934573258405,1.4048412376041508
1.1083333333333334,1.5707963267948966,0.6293203910498375,0.7771459614569709,1.4064663525068084
1.11,1.5707963267948966,0.63742398974869,0.7705132427757886,1.4079372325244786
1.1116666666666668,1.5707963267948966,0.645457687723951,0.7637960286346419,1.409253716358593
1.1133333333333335,1.5707963267948966,0.653420603990106,0.7569950556517566,1.4104156596418627
1.115,1.5707963267948966,0.6613118653236519,0.7501110696304601,1.411422934954112
1.1166666666666667,1.5707963267948966,0.6691306063588585,0.7431448254773941,1.4122754318362527
1.1183333333333334,1.5707963267948966,0.6768759696826612,0.7360970871197333,1.4129730568023944
1.12,1.5707963267948966,0.6845471059286893,0.728968627421411,1.4135157333501003
1.1216666666666668,1.5707963267948966,0.6921431738704076,0.7217602280983622,1.4139034019687697
1.1233333333333333,1.5707963267948966,0.699663340513365,0.7144726796328038,1.4141360201461688
1.125,1.5707963267948966,0.7071067811865474,0.7071067811865483,1.4142135623730958
1.1266666666666667,1.5707963267948966,0.7144726796328034,0.6996633405133654,1.4141360201461688
1.1283333333333334,1.5707963267948966,0.7217602280983623,0.692143173870406,1.4139034019687684
1.1300000000000001,1.5707963267948966,0.7289686274214119,0.6845471059286884,1.4135157333501003
1.1316666666666668,1.5707963267948966,0.7360970871197348,0.676875969682661,1.4129730568023957
1.1333333333333333,1.5707963267948966,0.7431448254773937,0.6691306063588589,1.4122754318362527
1.135,1.5707963267948966,0.7501110696304591,0.661311865323653,1.4114229349541123
1.1366666666666667,1.5707963267948966,0.7569950556517562,0.6534206039901058,1.410415659641862
1.1383333333333334,1.5707963267948966,0.7637960286346421,0.6454576877239501,1.409253716358592
1.1400000000000001,1.5707963267948966,0.7705132427757893,0.6374239897486897,1.407937232524479
1.1416666666666668,1.5707963267948966,0.7771459614569711,0.629320391049838,1.406466352506809
1.1433333333333333,1.5707963267948966,0.7836934573258396,0.6211477802783114,1.404841237604151
1.145,1.5707963267948966,0.7901550123756903,0.6129070536529766,1.4030620660286668
1.1466666666666667,1.5707963267948966,0.7965299180241964,0.604599114862374,1.4011290328865704
1.1483333333333334,1.5707963267948966,0.8028174751911148,0.5962248749656156,1.3990423501567304
1.1500000000000001,1.5707963267948966,0.8090169943749478,0.5877852522924734,1.3968022466674213
1.1516666666666668,1.5707963267948966,0.8151277957285546,0.5792811723426782,1.3944089680712328
1.1533333333333333,1.5707963267948966,0.8211492091337036,0.570713567684433,1.3918627768181366
1.155,1.5707963267948966,0.8270805742745616,0.562083377852131,1.3891639521266925
1.1566666666666667,1.5707963267948966,0.8329212407100993,0.5533915492433436,1.3863127899534429
1.1583333333333334,1.5707963267948966,0.838670567945424,0.5446390350150271,1.383309602960451
1.1600000000000001,1.5707963267948966,0.8443279255020152,0.5358267949789972,1.3801547204810123
1.1616666666666668,1.5707963267948966,0.8498926929868642,0.5269557954966771,1.3768484884835415
1.1633333333333333,1.5707963267948966,0.8553642601605065,0.5180270093731304,1.373391269533637
1.165,1.5707963267948966,0.8607420270039436,0.5090414157503705,1.369783442754314
1.1666666666666667,1.5707963267948966,0.8660254037844388,0.4999999999999998,1.3660254037844386
1.1683333333333334,1.5707963267948966,0.8712138111201897,0.49090375361514116,1.362117564735331
1.1700000000000002,1.5707963267948966,0.8763066800438639,0.48175367410171466,1.3580603541455787
1.1716666666666666,1.5707963267948966,0.8813034520649918,0.4725507648690555,1.3538542169340473
1.1733333333333333,1.5707963267948966,0.8862035792312145,0.4632960351198622,1.3494996143510767
1.175,1.5707963267948966,0.8910065241883678,0.4539904997395463,1.344997023927914
1.1766666666666667,1.5707963267948966,0.8957117602394128,0.44463517918492756,1.3403469394243404
1.1783333333333335,1.5707963267948966,0.9003187714021936,0.4352310993723282,1.3355498707745217
1.1800000000000002,1.5707963267948966,0.9048270524660197,0.4257792915650723,1.330606344031092
1.1816666666666666,1.5707963267948966,0.9092361090470684,0.41628079226040143,1.32551690130747
1.1833333333333333,1.5707963267948966,0.9135454576426009,0.40673664307579943,1.3202821007184002
1.185,1.5707963267948966,0.9177546256839813,0.39714789063478045,1.3149025163187618
1.1866666666666668,1.5707963267948966,0.9218631515885007,0.3875155864521034,1.3093787380406041
1.1883333333333335,1.5707963267948966,0.9258705848099951,0.3778407868184665,1.3037113716284616
1.1900000000000002,1.5707963267948966,0.9297764858882518,0.3681245526846763,1.2979010385729282
1.1916666666666667,1.5707963267948966,0.9335804264972015,0.3583679495453009,1.2919483760425023
1.1933333333333334,1.5707963267948966,0.9372819894918913,0.3485720473218148,1.2858540368137061
1.195,1.5707963267948966,0.9408807689542255,0.33873792024529153,1.279618689199517
1.1966666666666668,1.5707963267948966,0.9443763702374811,0.328866646738584,1.2732430169760651
1.1983333333333335,1.5707963267948966,0.9477684100095858,0.3189593092980697,1.2667277193076556
1.2000000000000002,1.5707963267948966,0.9510565162951538,0.30901699437494606,1.2600735106700998
1.2016666666666667,1.5707963267948966,0.9542403285162768,0.29904079225608593,1.2532811207723626
1.2033333333333334,1.5707963267948966,0.9573194975320674,0.28903179694447145,1.246351294476539
1.205,1.5707963267948966,0.9602936856769432,0.2789911060392298,1.239284791716173
1.2066666666666668,1.5707963267948966,0.9631625667976583,0.26891982061526515,1.2320823874129234
1.2083333333333335,1.5707963267948966,0.9659258262890685,0.25881904510251913,1.2247448713915876
1.2100000000000002,1.5707963267948966,0.9685831611286314,0.24868988716485377,1.2172730482934853
1.2116666666666667,1.5707963267948966,0.971134279909636,0.2385334575785805,1.2096677374882165
1.2133333333333334,1.5707963267948966,0.9735789028731602,0.22835087011065597,1.201929772983816
1.215,1.5707963267948966,0.9759167619387474,0.21814324139654342,1.1940600033352908
1.2166666666666668,1.5707963267948966,0.9781476007338057,0.20791169081775912,1.1860592915515649
1.2183333333333335,1.5707963267948966,0.980271174621722,0.19765734037912483,1.1779285150008467
1.22,1.5707963267948966,0.9822872507286886,0.18738131458572393,1.1696685653144125
1.2216666666666667,1.5707963267948966,0.984195607969242,0.17708474031958324,1.1612803482888252
1.2233333333333334,1.5707963267948966,0.985996037070505,0.16676874671610287,1.152764783786608
1.225,1.5707963267948966,0.9876883405951378,0.15643446504023034,1.144122805635368
1.2266666666666668,1.5707963267948966,0.9892723329629884,0.14608302856240998,1.1353553615253984
1.2283333333333335,1.5707963267948966,0.9907478404714437,0.1357155724343034,1.1264634129057471
1.23,1.5707963267948966,0.9921147013144778,0.1253332335643039,1.1174479348787816
1.2316666666666667,1.5707963267948966,0.9933727656003964,0.11493715049286692,1.1083099160932635
1.2333333333333334,1.5707963267948966,0.9945218953682733,0.10452846326765443,1.0990503586359277
1.235,1.5707963267948966,0.99556196460308,0.09410831331851414,1.089670277921594
1.2366666666666668,1.5707963267948966,0.9964928592495044,0.0836778433323142,1.0801707025818186
1.2383333333333335,1.5707963267948966,0.9973144772244582,0.07323819712763105,1.0705526743520892
1.24,1.5707963267948966,0.9980267284282716,0.06279051952931339,1.060817247957585
1.2416666666666667,1.5707963267948966,0.9986295347545739,0.052335956242944494,1.0509654909975183
1.2433333333333334,1.5707963267948966,0.9991228300988584,0.041875653729199165,1.0409984838280575
1.245,1.5707963267948966,0.9995065603657316,0.03141075907812671,1.0309173194438583
1.2466666666666668,1.5707963267948966,0.9997806834748455,0.020942419883356024,1.0207231033582016
1.2483333333333335,1.5707963267948966,0.9999451693655121,0.01047178411624551,1.0104169534817578
1.25,1.5707963267948966,1.0,3.6739403974420594e-16,1.0000000000000004
1.2516666666666667,1.5707963267948966,0.9999451693655121,-0.010471784116244774,0.9894733852492674
1.2533333333333334,1.5707963267948966,0.9997806834748455,-0.020942419883357065,0.9788382635914884
1.2550000000000001,1.5707963267948966,0.9995065603657315,-0.03141075907812952,0.968095801287602
1.2566666666666668,1.5707963267948966,0.9991228300988583,-0.041875653729200206,0.9572471763696581
1.2583333333333333,1.5707963267948966,0.9986295347545739,-0.05233595624294376,0.9462935785116302
1.26,1.5707963267948966,0.9980267284282716,-0.06279051952931265,0.9352362088989589
1.2616666666666667,1.5707963267948966,0.9973144772244581,-0.07323819712763031,0.9240762800968277
1.2633333333333334,1.5707963267948966,0.9964928592495044,-0.08367784333231525,0.9128150159171892
1.2650000000000001,1.5707963267948966,0.99556196460308,-0.09410831331851519,0.9014536512845648
1.2666666666666668,1.5707963267948966,0.9945218953682733,-0.10452846326765369,0.8899934321006195
1.2683333333333333,1.5707963267948966,0.9933727656003964,-0.11493715049286618,0.8784356151075303
1.27,1.5707963267948966,0.9921147013144779,-0.12533323356430318,0.8667814677501747
1.2716666666666667,1.5707963267948966,0.9907478404714436,-0.13571557243430443,0.8550322680371392
1.2733333333333334,1.5707963267948966,0.9892723329629884,-0.146083028562411,0.8431893044005774
1.2750000000000001,1.5707963267948966,0.9876883405951377,-0.15643446504023137,0.8312538755549063
1.2766666666666668,1.5707963267948966,0.985996037070505,-0.16676874671610215,0.8192272903544029
1.2783333333333333,1.5707963267948966,0.9841956079692421,-0.17708474031958252,0.8071108676496596
1.28,1.5707963267948966,0.9822872507286886,-0.18738131458572496,0.7949059361429637
1.2816666666666667,1.5707963267948966,0.9802711746217219,-0.19765734037912586,0.782613834242596
1.2833333333333334,1.5707963267948966,0.9781476007338055,-0.20791169081776012,0.7702359099160454
1.2850000000000001,1.5707963267948966,0.9759167619387473,-0.2181432413965427,0.7577735205422046
1.2866666666666668,1.5707963267948966,0.97357890287316,-0.228350870110657,0.7452280327625029
1.2883333333333333,1.5707963267948966,0.9711342799096363,-0.23853345757857977,0.7326008223310565
1.29,1.5707963267948966,0.9685831611286311,-0.24868988716485477,0.7198932739637763
1.2916666666666667,1.5707963267948966,0.9659258262890684,-0.25881904510252013,0.7071067811865483
1.2933333333333334,1.5707963267948966,0.963162566797658,-0.26891982061526615,0.6942427461823919
1.2950000000000002,1.5707963267948966,0.9602936856769431,-0.27899110603922905,0.681302579637714
1.2966666666666669,1.5707963267948966,0.957319497532067,-0.28903179694447245,0.6682877005875946
1.2983333333333333,1.5707963267948966,0.9542403285162768,-0.29904079225608693,0.6551995362601899
1.3,1.5707963267948966,0.9510565162951536,-0.30901699437494706,0.6420395219202066
1.3016666666666667,1.5707963267948966,0.9477684100095854,-0.31895930929807065,0.6288091007115149
1.3033333333333335,1.5707963267948966,0.944376370237481,-0.32886664673858335,0.6155097234988977
1.3050000000000002,1.5707963267948966,0.940880768954225,-0.33873792024529253,0.6021428487089324
1.3066666666666666,1.5707963267948966,0.9372819894918919,-0.34857204732181407,0.5887099421700779
1.3083333333333333,1.5707963267948966,0.9335804264972017,-0.3583679495453002,0.5752124769519016
1.31,1.5707963267948966,0.9297764858882517,-0.36812455268467725,0.5616519332035744
1.3116666666666668,1.5707963267948966,0.9258705848099946,-0.3778407868184675,0.5480297979915272
1.3133333333333335,1.5707963267948966,0.9218631515885006,-0.3875155864521027,0.5343475651363979
1.3150000000000002,1.5707963267948966,0.9177546256839808,-0.3971478906347814,0.5206067350491994
1.3166666666666667,1.5707963267948966,0.9135454576426008,-0.4067366430758004,0.5068088145668004
1.3183333333333334,1.5707963267948966,0.9092361090470688,-0.41628079226040077,0.492955316786668
1.32,1.5707963267948966,0.9048270524660192,-0.42577929156507327,0.479047760900946
1.3216666666666668,1.5707963267948966,0.9003187714021935,-0.4352310993723275,0.465087672029866
1.3233333333333335,1.5707963267948966,0.8957117602394123,-0.4446351791849285,0.45107658105448384
1.3250000000000002,1.5707963267948966,0.8910065241883676,-0.45399049973954725,0.4370160244488203
1.3266666666666667,1.5707963267948966,0.8862035792312147,-0.4632960351198616,0.4229075441113531
1.3283333333333334,1.5707963267948966,0.8813034520649926,-0.4725507648690533,0.4087526871959393
1.33,1.5707963267948966,0.8763066800438634,-0.48175367410171555,0.3945530059421478
1.3316666666666668,1.5707963267948966,0.8712138111201896,-0.49090375361514055,0.38031005750504904
1.3333333333333335,1.5707963267948966,0.8660254037844383,-0.5000000000000007,0.3660254037844376
1.3350000000000002,1.5707963267948966,0.8607420270039435,-0.5090414157503714,0.3517006112535721
1.3366666666666667,1.5707963267948966,0.8553642601605068,-0.5180270093731297,0.3373372507873771
1.3383333333333334,1.5707963267948966,0.8498926929868635,-0.526955795496678,0.3229368974901855
1.34,1.5707963267948966,0.8443279255020151,-0.5358267949789965,0.30850113052301853
1.3416666666666668,1.5707963267948966,0.8386705679454234,-0.544639035015028,0.2940315329303954
1.3433333333333335,1.5707963267948966,0.8329212407100992,-0.5533915492433444,0.27952969146675477
1.3450000000000002,1.5707963267948966,0.8270805742745609,-0.5620833778521319,0.264997196422429
1.3466666666666667,1.5707963267948966,0.8211492091337045,-0.5707135676844309,0.25043564144927355
1.3483333333333334,1.5707963267948966,0.8151277957285541,-0.5792811723426791,0.23584662338587503
1.35,1.5707963267948966,0.8090169943749476,-0.5877852522924728,0.22123174208247476
1.3516666666666668,1.5707963267948966,0.802817475191114,-0.5962248749656164,0.20659260022549764
1.3533333333333335,1.5707963267948966,0.7965299180241961,-0.6045991148623749,0.1919308031618212
1.355,1.5707963267948966,0.7901550123756906,-0.612907053652976,0.1772479587227146
1.3566666666666667,1.5707963267948966,0.7836934573258394,-0.6211477802783107,0.16254567704752865
1.3583333333333334,1.5707963267948966,0.7771459614569709,-0.6293203910498374,0.1478255704071335
1.36,1.5707963267948966,0.7705132427757886,-0.6374239897486905,0.13308925302709806
1.3616666666666668,1.5707963267948966,0.7637960286346419,-0.6454576877239508,0.11833834091069106
1.3633333333333335,1.5707963267948966,0.7569950556517554,-0.6534206039901066,0.1035744516616488
1.365,1.5707963267948966,0.7501110696304601,-0.6613118653236512,0.08879920430680899
1.3666666666666667,1.5707963267948966,0.7431448254773941,-0.6691306063588583,0.07401421911853578
1.3683333333333334,1.5707963267948966,0.7360970871197345,-0.6768759696826604,0.059221117437074144
1.37,1.5707963267948966,0.728968627421411,-0.6845471059286892,0.04442152149272183
1.3716666666666668,1.5707963267948966,0.7217602280983622,-0.6921431738704068,0.029617054227955353
1.3733333333333335,1.5707963267948966,0.7144726796328025,-0.6996633405133662,0.014809339119436271
1.375,1.5707963267948966,0.7071067811865483,-0.7071067811865466,1.7763568394002505e-15
1.3766666666666667,1.5707963267948966,0.6996633405133654,-0.7144726796328033,-0.014809339119437825
1.3783333333333334,1.5707963267948966,0.692143173870406,-0.7217602280983628,-0.029617054227956796
1.3800000000000001,1.5707963267948966,0.6845471059286884,-0.7289686274214118,-0.04442152149272338
1.3816666666666668,1.5707963267948966,0.6768759696826596,-0.7360970871197353,-0.0592211174370757
1.3833333333333335,1.5707963267948966,0.6691306063588576,-0.7431448254773948,-0.07401421911853723
1.385,1.5707963267948966,0.6613118653236517,-0.7501110696304596,-0.08879920430680788
1.3866666666666667,1.5707963267948966,0.6534206039901058,-0.7569950556517561,-0.10357445166165025
1.3883333333333334,1.5707963267948966,0.6454576877239501,-0.7637960286346426,-0.11833834091069251
1.3900000000000001,1.5707963267948966,0.6374239897486897,-0.7705132427757891,-0.1330892530270994
1.3916666666666668,1.5707963267948966,0.6293203910498366,-0.7771459614569716,-0.14782557040713495
1.3933333333333333,1.5707963267948966,0.6211477802783114,-0.783693457325839,-0.16254567704752754
1.395,1.5707963267948966,0.6129070536529766,-0.7901550123756902,-0.1772479587227136
1.3966666666666667,1.5707963267948966,0.6045991148623755,-0.7965299180241957,-0.1919308031618202
1.3983333333333334,1.5707963267948966,0.5962248749656156,-0.8028174751911147,-0.20659260022549908
1.4000000000000001,1.5707963267948966,0.5877852522924734,-0.8090169943749472,-0.22123174208247387
1.4016666666666668,1.5707963267948966,0.5792811723426782,-0.8151277957285546,-0.23584662338587647
1.4033333333333333,1.5707963267948966,0.5707135676844316,-0.821149209133704,-0.25043564144927244
1.405,1.5707963267948966,0.562083377852131,-0.8270805742745615,-0.26499719642243047
1.4066666666666667,1.5707963267948966,0.5533915492433436,-0.8329212407100998,-0.2795296914667562
1.4083333333333334,1.5707963267948966,0.5446390350150271,-0.8386705679454239,-0.29403153293039686
1.4100000000000001,1.5707963267948966,0.5358267949789957,-0.8443279255020156,-0.30850113052302
1.4116666666666668,1.5707963267948966,0.5269557954966771,-0.8498926929868641,-0.32293689749018695
1.4133333333333333,1.5707963267948966,0.5180270093731304,-0.8553642601605065,-0.3373372507873761
1.415,1.5707963267948966,0.5090414157503721,-0.8607420270039432,-0.3517006112535711
1.4166666666666667,1.5707963267948966,0.4999999999999998,-0.8660254037844387,-0.36602540378443893
1.4183333333333334,1.5707963267948966,0.49090375361514116,-0.8712138111201893,-0.3803100575050481
1.4200000000000002,1.5707963267948966,0.48175367410171466,-0.8763066800438639,-0.39455300594214926
1.4216666666666669,1.5707963267948966,0.47255076486905395,-0.8813034520649922,-0.4087526871959382
1.4233333333333333,1.5707963267948966,0.4632960351198622,-0.8862035792312144,-0.4229075441113522
1.425,1.5707963267948966,0.4539904997395463,-0.8910065241883681,-0.4370160244488218
1.4266666666666667,1.5707963267948966,0.44463517918492756,-0.8957117602394128,-0.4510765810544852
1.4283333333333335,1.5707963267948966,0.43523109937232657,-0.900318771402194,-0.4650876720298674
1.4300000000000002,1.5707963267948966,0.4257792915650723,-0.9048270524660197,-0.47904776090094736
1.4316666666666669,1.5707963267948966,0.4162807922603998,-0.9092361090470691,-0.49295531678666926
1.4333333333333333,1.5707963267948966,0.40673664307580104,-0.9135454576426005,-0.5068088145667995
1.435,1.5707963267948966,0.39714789063478045,-0.9177546256839811,-0.5206067350492007
1.4366666666666668,1.5707963267948966,0.3875155864521034,-0.9218631515885003,-0.5343475651363969
1.4383333333333335,1.5707963267948966,0.3778407868184665,-0.925870584809995,-0.5480297979915285
1.4400000000000002,1.5707963267948966,0.368124552684678,-0.9297764858882513,-0.5616519332035734
1.4416666666666667,1.5707963267948966,0.3583679495453009,-0.9335804264972015,-0.5752124769519007
1.4433333333333334,1.5707963267948966,0.3485720473218148,-0.9372819894918917,-0.5887099421700769
1.445,1.5707963267948966,0.33873792024529153,-0.9408807689542253,-0.6021428487089338
1.4466666666666668,1.5707963267948966,0.32886664673858235,-0.9443763702374813,-0.615509723498899
1.4483333333333335,1.5707963267948966,0.3189593092980697,-0.9477684100095858,-0.6288091007115161
1.4500000000000002,1.5707963267948966,0.30901699437494606,-0.951056516295154,-0.642039521920208
1.4516666666666667,1.5707963267948966,0.29904079225608765,-0.9542403285162766,-0.655199536260189
1.4533333333333334,1.5707963267948966,0.28903179694447145,-0.9573194975320672,-0.6682877005875958
1.455,1.5707963267948966,0.2789911060392298,-0.960293685676943,-0.6813025796377132
1.4566666666666668,1.5707963267948966,0.26891982061526515,-0.9631625667976583,-0.6942427461823932
1.4583333333333335,1.5707963267948966,0.2588190451025208,-0.9659258262890683,-0.7071067811865475
1.4600000000000002,1.5707963267948966,0.24868988716485377,-0.9685831611286314,-0.7198932739637777
1.4616666666666667,1.5707963267948966,0.2385334575785805,-0.9711342799096362,-0.7326008223310557
1.4633333333333334,1.5707963267948966,0.22835087011065597,-0.9735789028731602,-0.7452280327625043
1.465,1.5707963267948966,0.21814324139654168,-0.9759167619387475,-0.7577735205422058
1.4666666666666668,1.5707963267948966,0.20791169081775912,-0.9781476007338057,-0.7702359099160465
1.4683333333333335,1.5707963267948966,0.19765734037912483,-0.9802711746217221,-0.7826138342425972
1.4700000000000002,1.5707963267948966,0.18738131458572393,-0.9822872507286888,-0.7949059361429649
1.4716666666666667,1.5707963267948966,0.17708474031958324,-0.9841956079692419,-0.8071108676496587
1.4733333333333334,1.5707963267948966,0.16676874671610287,-0.9859960370705049,-0.819227290354402
1.475,1.5707963267948966,0.15643446504023034,-0.9876883405951378,-0.8312538755549075
1.4766666666666668,1.5707963267948966,0.14608302856241173,-0.9892723329629883,-0.8431893044005766
1.4783333333333335,1.5707963267948966,0.1357155724343034,-0.9907478404714437,-0.8550322680371403
1.4800000000000002,1.5707963267948966,0.1253332335643039,-0.9921147013144779,-0.866781467750174
1.4816666666666667,1.5707963267948966,0.11493715049286692,-0.9933727656003963,-0.8784356151075294
1.4833333333333334,1.5707963267948966,0.10452846326765265,-0.9945218953682734,-0.8899934321006208
1.485,1.5707963267948966,0.09410831331851414,-0.99556196460308,-0.9014536512845659
1.4866666666666668,1.5707963267948966,0.0836778433323142,-0.9964928592495045,-0.9128150159171903
1.4883333333333335,1.5707963267948966,0.07323819712763105,-0.9973144772244581,-0.9240762800968271
1.49,1.5707963267948966,0.06279051952931339,-0.9980267284282716,-0.9352362088989582
1.4916666666666667,1.5707963267948966,0.052335956242944494,-0.9986295347545738,-0.9462935785116293
1.4933333333333334,1.5707963267948966,0.041875653729199165,-0.9991228300988584,-0.9572471763696592
1.495,1.5707963267948966,0.03141075907812848,-0.9995065603657316,-0.9680958012876031
1.4966666666666668,1.5707963267948966,0.020942419883356024,-0.9997806834748455,-0.9788382635914895
1.4983333333333335,1.5707963267948966,0.01047178411624551,-0.9999451693655121,-0.9894733852492666
1.5,1.5707963267948966,3.6739403974420594e-16,-1.0,-0.9999999999999997
1.5016666666666667,1.5707963267948966,-0.01047178411624655,-0.9999451693655121,-1.0104169534817586
1.5033333333333334,1.5707963267948966,-0.020942419883357065,-0.9997806834748455,-1.0207231033582025
1.5050000000000001,1.5707963267948966,-0.03141075907812952,-0.9995065603657315,-1.030917319443861
1.5066666666666668,1.5707963267948966,-0.041875653729200206,-0.9991228300988584,-1.0409984838280586
1.5083333333333335,1.5707963267948966,-0.052335956242945535,-0.9986295347545738,-1.0509654909975195
1.51,1.5707963267948966,-0.06279051952931265,-0.9980267284282716,-1.0608172479575841
1.5116666666666667,1.5707963267948966,-0.07323819712763209,-0.9973144772244581,-1.0705526743520901
1.5133333333333334,1.5707963267948966,-0.08367784333231525,-0.9964928592495044,-1.0801707025818197
1.5150000000000001,1.5707963267948966,-0.09410831331851519,-0.9955619646030799,-1.089670277921595
1.5166666666666668,1.5707963267948966,-0.10452846326765369,-0.9945218953682733,-1.099050358635927
1.5183333333333335,1.5707963267948966,-0.11493715049286794,-0.9933727656003962,-1.1083099160932641
1.52,1.5707963267948966,-0.12533323356430318,-0.992114701314478,-1.1174479348787811
1.5216666666666667,1.5707963267948966,-0.13571557243430443,-0.9907478404714436,-1.126463412905748
1.5233333333333334,1.5707963267948966,-0.146083028562411,-0.9892723329629884,-1.1353553615253995
1.5250000000000001,1.5707963267948966,-0.15643446504023137,-0.9876883405951377,-1.144122805635369
1.5266666666666668,1.5707963267948966,-0.16676874671610215,-0.985996037070505,-1.152764783786607
1.5283333333333333,1.5707963267948966,-0.17708474031958252,-0.9841956079692421,-1.1612803482888245
1.53,1.5707963267948966,-0.18738131458572496,-0.9822872507286886,-1.1696685653144137
1.5316666666666667,1.5707963267948966,-0.19765734037912586,-0.9802711746217219,-1.1779285150008478
1.5333333333333334,1.5707963267948966,-0.20791169081776012,-0.9781476007338055,-1.1860592915515655
1.5350000000000001,1.5707963267948966,-0.2181432413965427,-0.9759167619387473,-1.19406000333529
1.5366666666666668,1.5707963267948966,-0.228350870110657,-0.97357890287316,-1.201929772983817
1.5383333333333333,1.5707963267948966,-0.23853345757857977,-0.9711342799096363,-1.209667737488216
1.54,1.5707963267948966,-0.24868988716485477,-0.9685831611286312,-1.217273048293486
1.5416666666666667,1.5707963267948966,-0.25881904510252013,-0.9659258262890684,-1.2247448713915885
1.5433333333333334,1.5707963267948966,-0.26891982061526615,-0.9631625667976581,-1.2320823874129243
1.5450000000000002,1.5707963267948966,-0.27899110603922905,-0.9602936856769432,-1.2392847917161722
1.5466666666666669,1.5707963267948966,-0.28903179694447245,-0.957319497532067,-1.2463512944765394
1.5483333333333333,1.5707963267948966,-0.29904079225608693,-0.9542403285162768,-1.2532811207723638
1.55,1.5707963267948966,-0.30901699437494706,-0.9510565162951538,-1.2600735106701009
1.5516666666666667,1.5707963267948966,-0.31895930929807065,-0.9477684100095854,-1.266727719307656
1.5533333333333335,1.5707963267948966,-0.32886664673858335,-0.944376370237481,-1.2732430169760645
1.5550000000000002,1.5707963267948966,-0.33873792024529253,-0.9408807689542251,-1.2796186891995176
1.5566666666666669,1.5707963267948966,-0.34857204732181574,-0.9372819894918913,-1.285854036813707
1.5583333333333333,1.5707963267948966,-0.3583679495453002,-0.9335804264972019,-1.2919483760425021
1.56,1.5707963267948966,-0.36812455268467725,-0.9297764858882517,-1.2979010385729288
1.5616666666666668,1.5707963267948966,-0.3778407868184675,-0.9258705848099946,-1.303711371628462
1.5633333333333335,1.5707963267948966,-0.3875155864521027,-0.9218631515885006,-1.3093787380406035
1.5650000000000002,1.5707963267948966,-0.3971478906347814,-0.9177546256839808,-1.3149025163187622
1.5666666666666669,1.5707963267948966,-0.4067366430758004,-0.9135454576426009,-1.3202821007184014
1.5683333333333334,1.5707963267948966,-0.41628079226040077,-0.9092361090470688,-1.3255169013074695
1.57,1.5707963267948966,-0.42577929156507327,-0.9048270524660192,-1.3306063440310925
1.5716666666666668,1.5707963267948966,-0.4352310993723275,-0.9003187714021935,-1.335549870774521
1.5733333333333335,1.5707963267948966,-0.4446351791849285,-0.8957117602394123,-1.3403469394243408
1.5750000000000002,1.5707963267948966,-0.45399049973954725,-0.8910065241883677,-1.344997023927915
1.5766666666666667,1.5707963267948966,-0.4632960351198616,-0.8862035792312148,-1.3494996143510765
1.5783333333333334,1.5707963267948966,-0.4725507648690533,-0.8813034520649926,-1.353854216934046
1.58,1.5707963267948966,-0.48175367410171555,-0.8763066800438635,-1.3580603541455791
1.5816666666666668,1.5707963267948966,-0.49090375361514055,-0.8712138111201896,-1.36211756473533
1.5833333333333335,1.5707963267948966,-0.5000000000000007,-0.8660254037844383,-1.3660254037844388
1.5850000000000002,1.5707963267948966,-0.5090414157503714,-0.8607420270039436,-1.369783442754315
1.5866666666666667,1.5707963267948966,-0.5180270093731297,-0.8553642601605069,-1.3733912695336365
1.5883333333333334,1.5707963267948966,-0.526955795496678,-0.8498926929868637,-1.3768484884835417
1.59,1.5707963267948966,-0.5358267949789965,-0.8443279255020152,-1.3801547204810118
1.5916666666666668,1.5707963267948966,-0.544639035015028,-0.8386705679454235,-1.3833096029604515
1.5933333333333335,1.5707963267948966,-0.5533915492433444,-0.8329212407100993,-1.3863127899534438
1.5950000000000002,1.5707963267948966,-0.5620833778521319,-0.8270805742745609,-1.389163952126693
1.5966666666666667,1.5707963267948966,-0.5707135676844309,-0.8211492091337046,-1.3918627768181355
1.5983333333333334,1.5707963267948966,-0.5792811723426791,-0.8151277957285541,-1.3944089680712333
1.6,1.5707963267948966,-0.5877852522924728,-0.8090169943749477,-1.3968022466674204
1.6016666666666668,1.5707963267948966,-0.5962248749656164,-0.8028174751911141,-1.3990423501567304
1.6033333333333335,1.5707963267948966,-0.6045991148623749,-0.7965299180241963,-1.4011290328865713
1.6050000000000002,1.5707963267948966,-0.6129070536529775,-0.7901550123756896,-1.4030620660286672
1.6066666666666667,1.5707963267948966,-0.6211477802783107,-0.7836934573258395,-1.4048412376041504
1.6083333333333334,1.5707963267948966,-0.6293203910498374,-0.777145961456971,-1.4064663525068084
1.61,1.5707963267948966,-0.6374239897486905,-0.7705132427757886,-1.4079372325244792
1.6116666666666668,1.5707963267948966,-0.6454576877239508,-0.763796028634642,-1.409253716358593
1.6133333333333335,1.5707963267948966,-0.6534206039901066,-0.7569950556517555,-1.410415659641862
1.6150000000000002,1.5707963267948966,-0.6613118653236525,-0.750111069630459,-1.4114229349541114
1.6166666666666667,1.5707963267948966,-0.6691306063588583,-0.7431448254773941,-1.4122754318362525
1.6183333333333334,1.5707963267948966,-0.6768759696826604,-0.7360970871197346,-1.412973056802395
1.62,1.5707963267948966,-0.6845471059286892,-0.7289686274214111,-1.4135157333501003
1.6216666666666668,1.5707963267948966,-0.6921431738704068,-0.7217602280983623,-1.413903401968769
1.6233333333333335,1.5707963267948966,-0.6996633405133662,-0.7144726796328026,-1.4141360201461688
1.625,1.5707963267948966,-0.7071067811865479,-0.7071067811865472,-1.4142135623730951
1.6266666666666667,1.5707963267948966,-0.7144726796328033,-0.6996633405133655,-1.4141360201461688
1.6283333333333334,1.5707963267948966,-0.7217602280983628,-0.6921431738704061,-1.4139034019687688
1.6300000000000001,1.5707963267948966,-0.7289686274214118,-0.6845471059286885,-1.4135157333501003
1.6316666666666668,1.5707963267948966,-0.7360970871197353,-0.6768759696826597,-1.412973056802395
1.6333333333333335,1.5707963267948966,-0.7431448254773948,-0.6691306063588577,-1.4122754318362525
1.635,1.5707963267948966,-0.7501110696304596,-0.6613118653236518,-1.4114229349541114
1.6366666666666667,1.5707963267948966,-0.7569950556517561,-0.6534206039901058,-1.410415659641862
1.6383333333333334,1.5707963267948966,-0.7637960286346426,-0.6454576877239502,-1.4092537163585928
1.6400000000000001,1.5707963267948966,-0.7705132427757891,-0.6374239897486897,-1.4079372325244788
1.6416666666666668,1.5707963267948966,-0.7771459614569716,-0.6293203910498366,-1.4064663525068082
1.6433333333333335,1.5707963267948966,-0.7836934573258401,-0.6211477802783101,-1.4048412376041501
1.645,1.5707963267948966,-0.7901550123756902,-0.6129070536529767,-1.4030620660286668
1.6466666666666667,1.5707963267948966,-0.7965299180241957,-0.6045991148623756,-1.4011290328865713
1.6483333333333334,1.5707963267948966,-0.8028174751911147,-0.5962248749656156,-1.3990423501567304
1.6500000000000001,1.5707963267948966,-0.8090169943749472,-0.5877852522924735,-1.3968022466674208
1.6516666666666668,1.5707963267948966,-0.8151277957285546,-0.5792811723426783,-1.3944089680712328
1.6533333333333335,1.5707963267948966,-0.821149209133704,-0.5707135676844317,-1.3918627768181357
1.655,1.5707963267948966,-0.8270805742745615,-0.5620833778521311,-1.3891639521266925
1.6566666666666667,1.5707963267948966,-0.8329212407100998,-0.5533915492433437,-1.3863127899534433
1.6583333333333334,1.5707963267948966,-0.8386705679454239,-0.5446390350150272,-1.383309602960451
1.6600000000000001,1.5707963267948966,-0.8443279255020156,-0.5358267949789958,-1.3801547204810114
1.6616666666666668,1.5707963267948966,-0.8498926929868641,-0.5269557954966773,-1.3768484884835415
1.6633333333333333,1.5707963267948966,-0.8553642601605065,-0.5180270093731305,-1.373391269533637
1.665,1.5707963267948966,-0.8607420270039432,-0.5090414157503722,-1.3697834427543154
1.6666666666666667,1.5707963267948966,-0.8660254037844387,-0.4999999999999999,-1.3660254037844386
1.6683333333333334,1.5707963267948966,-0.8712138111201893,-0.49090375361514127,-1.3621175647353305
1.6700000000000002,1.5707963267948966,-0.8763066800438639,-0.48175367410171477,-1.3580603541455787
1.6716666666666669,1.5707963267948966,-0.8813034520649922,-0.47255076486905406,-1.3538542169340462
1.6733333333333333,1.5707963267948966,-0.8862035792312144,-0.46329603511986234,-1.3494996143510767
1.675,1.5707963267948966,-0.8910065241883681,-0.4539904997395464,-1.3449970239279145
1.6766666666666667,1.5707963267948966,-0.8957117602394128,-0.4446351791849277,-1.3403469394243404
1.6783333333333335,1.5707963267948966,-0.900318771402194,-0.4352310993723267,-1.3355498707745206
1.6800000000000002,1.5707963267948966,-0.9048270524660197,-0.42577929156507244,-1.330606344031092
1.6816666666666669,1.5707963267948966,-0.9092361090470691,-0.41628079226039993,-1.325516901307469
1.6833333333333333,1.5707963267948966,-0.9135454576426005,-0.4067366430758012,-1.3202821007184018
1.685,1.5707963267948966,-0.9177546256839811,-0.39714789063478056,-1.3149025163187618
1.6866666666666668,1.5707963267948966,-0.9218631515885003,-0.38751558645210354,-1.309378738040604
1.6883333333333335,1.5707963267948966,-0.925870584809995,-0.3778407868184666,-1.3037113716284616
1.6900000000000002,1.5707963267948966,-0.9297764858882513,-0.3681245526846781,-1.2979010385729295
1.6916666666666669,1.5707963267948966,-0.9335804264972021,-0.3583679495452993,-1.2919483760425015
1.6933333333333334,1.5707963267948966,-0.9372819894918917,-0.3485720473218149,-1.2858540368137066
1.695,1.5707963267948966,-0.9408807689542253,-0.33873792024529165,-1.279618689199517
1.6966666666666668,1.5707963267948966,-0.9443763702374813,-0.32886664673858246,-1.2732430169760638
1.6983333333333335,1.5707963267948966,-0.9477684100095858,-0.3189593092980698,-1.2667277193076556
1.7000000000000002,1.5707963267948966,-0.951056516295154,-0.3090169943749462,-1.2600735106701002
1.7016666666666669,1.5707963267948966,-0.954240328516277,-0.29904079225608604,-1.253281120772363
1.7033333333333334,1.5707963267948966,-0.9573194975320672,-0.2890317969444716,-1.246351294476539
1.705,1.5707963267948966,-0.960293685676943,-0.2789911060392299,-1.239284791716173
1.7066666666666668,1.5707963267948966,-0.9631625667976583,-0.26891982061526526,-1.2320823874129236
1.7083333333333335,1.5707963267948966,-0.9659258262890683,-0.25881904510252096,-1.2247448713915894
1.7100000000000002,1.5707963267948966,-0.9685831611286314,-0.24868988716485388,-1.2172730482934853
1.7116666666666667,1.5707963267948966,-0.9711342799096362,-0.2385334575785806,-1.2096677374882168
1.7133333333333334,1.5707963267948966,-0.9735789028731602,-0.2283508701106561,-1.2019297729838163
1.715,1.5707963267948966,-0.9759167619387475,-0.21814324139654181,-1.1940600033352893
1.7166666666666668,1.5707963267948966,-0.9781476007338057,-0.20791169081775923,-1.1860592915515649
1.7183333333333335,1.5707963267948966,-0.9802711746217221,-0.19765734037912494,-1.177928515000847
1.7200000000000002,1.5707963267948966,-0.9822872507286888,-0.18738131458572405,-1.1696685653144128
1.7216666666666667,1.5707963267948966,-0.9841956079692419,-0.17708474031958335,-1.1612803482888252
1.7233333333333334,1.5707963267948966,-0.9859960370705049,-0.16676874671610298,-1.152764783786608
1.725,1.5707963267948966,-0.9876883405951378,-0.15643446504023048,-1.1441228056353683
1.7266666666666668,1.5707963267948966,-0.9892723329629883,-0.14608302856241187,-1.1353553615254002
1.7283333333333335,1.5707963267948966,-0.9907478404714437,-0.13571557243430352,-1.1264634129057471
1.7300000000000002,1.5707963267948966,-0.9921147013144779,-0.125333233564304,-1.1174479348787818
1.7316666666666667,1.5707963267948966,-0.9933727656003963,-0.11493715049286703,-1.1083099160932635
1.7333333333333334,1.5707963267948966,-0.9945218953682734,-0.10452846326765278,-1.0990503586359262
1.735,1.5707963267948966,-0.99556196460308,-0.09410831331851427,-1.0896702779215943
1.7366666666666668,1.5707963267948966,-0.9964928592495045,-0.08367784333231433,-1.0801707025818188
1.7383333333333335,1.5707963267948966,-0.9973144772244581,-0.07323819712763117,-1.0705526743520892
1.7400000000000002,1.5707963267948966,-0.9980267284282717,-0.06279051952931174,-1.0608172479575835
1.7416666666666667,1.5707963267948966,-0.9986295347545738,-0.05233595624294462,-1.0509654909975183
1.7433333333333334,1.5707963267948966,-0.9991228300988584,-0.04187565372919929,-1.0409984838280577
1.745,1.5707963267948966,-0.9995065603657316,-0.031410759078128604,-1.0309173194438601
1.7466666666666668,1.5707963267948966,-0.9997806834748455,-0.020942419883356145,-1.0207231033582016
1.7483333333333335,1.5707963267948966,-0.9999451693655121,-0.01047178411624563,-1.0104169534817578
1.7500000000000002,1.5707963267948966,-1.0,1.2864981197413093e-15,-0.9999999999999987
1.7516666666666667,1.5707963267948966,-0.9999451693655121,0.010471784116246429,-0.9894733852492658
1.7533333333333334,1.5707963267948966,-0.9997806834748455,0.020942419883356943,-0.9788382635914885
1.7550000000000001,1.5707963267948966,-0.9995065603657315,0.0314107590781294,-0.9680958012876021
1.7566666666666668,1.5707963267948966,-0.9991228300988584,0.04187565372920009,-0.9572471763696583
1.7583333333333335,1.5707963267948966,-0.9986295347545738,0.05233595624294541,-0.9462935785116284
1.76,1.5707963267948966,-0.9980267284282716,0.06279051952931253,-0.935236208898959
1.7616666666666667,1.5707963267948966,-0.9973144772244581,0.07323819712763197,-0.9240762800968261
1.7633333333333334,1.5707963267948966,-0.9964928592495044,0.08367784333231512,-0.9128150159171893
1.7650000000000001,1.5707963267948966,-0.9955619646030799,0.09410831331851506,-0.9014536512845648
1.7666666666666668,1.5707963267948966,-0.9945218953682733,0.10452846326765357,-0.8899934321006198
1.7683333333333335,1.5707963267948966,-0.9933727656003962,0.11493715049286782,-0.8784356151075284
1.77,1.5707963267948966,-0.992114701314478,0.12533323356430304,-0.866781467750175
1.7716666666666667,1.5707963267948966,-0.9907478404714436,0.1357155724343043,-0.8550322680371393
1.7733333333333334,1.5707963267948966,-0.9892723329629884,0.1460830285624109,-0.8431893044005776
1.7750000000000001,1.5707963267948966,-0.9876883405951377,0.15643446504023126,-0.8312538755549064
1.7766666666666668,1.5707963267948966,-0.985996037070505,0.166768746716102,-0.819227290354403
1.7783333333333335,1.5707963267948966,-0.9841956079692418,0.17708474031958416,-0.8071108676496577
1.78,1.5707963267948966,-0.9822872507286886,0.18738131458572485,-0.7949059361429638
1.7816666666666667,1.5707963267948966,-0.9802711746217219,0.19765734037912572,-0.7826138342425961
1.7833333333333334,1.5707963267948966,-0.9781476007338055,0.20791169081776,-0.7702359099160454
1.7850000000000001,1.5707963267948966,-0.9759167619387473,0.2181432413965426,-0.7577735205422047
1.7866666666666668,1.5707963267948966,-0.97357890287316,0.22835087011065686,-0.7452280327625032
1.7883333333333336,1.5707963267948966,-0.971134279909636,0.23853345757858138,-0.7326008223310546
1.79,1.5707963267948966,-0.9685831611286312,0.24868988716485466,-0.7198932739637766
1.7916666666666667,1.5707963267948966,-0.9659258262890684,0.25881904510252,-0.7071067811865483
1.7933333333333334,1.5707963267948966,-0.9631625667976581,0.26891982061526604,-0.6942427461823921
1.7950000000000002,1.5707963267948966,-0.9602936856769432,0.27899110603922894,-0.6813025796377142
1.7966666666666669,1.5707963267948966,-0.957319497532067,0.28903179694447234,-0.6682877005875947
1.7983333333333333,1.5707963267948966,-0.9542403285162768,0.2990407922560868,-0.65519953626019
1.8,1.5707963267948966,-0.9510565162951538,0.30901699437494695,-0.6420395219202069
1.8016666666666667,1.5707963267948966,-0.9477684100095854,0.31895930929807054,-0.6288091007115149
1.8033333333333335,1.5707963267948966,-0.944376370237481,0.32886664673858323,-0.6155097234988978
1.8050000000000002,1.5707963267948966,-0.9408807689542251,0.3387379202452924,-0.6021428487089326
1.8066666666666669,1.5707963267948966,-0.9372819894918913,0.3485720473218156,-0.5887099421700757
1.8083333333333333,1.5707963267948966,-0.9335804264972019,0.3583679495453001,-0.5752124769519018
1.81,1.5707963267948966,-0.9297764858882517,0.36812455268467714,-0.5616519332035745
1.8116666666666668,1.5707963267948966,-0.9258705848099946,0.3778407868184674,-0.5480297979915272
1.8133333333333335,1.5707963267948966,-0.9218631515885006,0.3875155864521026,-0.534347565136398
1.8150000000000002,1.5707963267948966,-0.9177546256839808,0.3971478906347813,-0.5206067350491995
1.8166666666666669,1.5707963267948966,-0.9135454576426009,0.40673664307580026,-0.5068088145668006
1.8183333333333334,1.5707963267948966,-0.9092361090470688,0.41628079226040066,-0.4929553167866681
1.82,1.5707963267948966,-0.9048270524660192,0.42577929156507316,-0.4790477609009461
1.8216666666666668,1.5707963267948966,-0.9003187714021935,0.4352310993723274,-0.4650876720298661
1.8233333333333335,1.5707963267948966,-0.8957117602394123,0.4446351791849284,-0.45107658105448395
1.8250000000000002,1.5707963267948966,-0.8910065241883677,0.45399049973954714,-0.43701602444882054
1.8266666666666669,1.5707963267948966,-0.886203579231214,0.46329603511986306,-0.4229075441113509
1.8283333333333334,1.5707963267948966,-0.8813034520649926,0.4725507648690532,-0.40875268719593943
1.83,1.5707963267948966,-0.8763066800438635,0.48175367410171543,-0.39455300594214804
1.8316666666666668,1.5707963267948966,-0.8712138111201896,0.49090375361514044,-0.38031005750504915
1.8333333333333335,1.5707963267948966,-0.8660254037844383,0.5000000000000006,-0.3660254037844377
1.8350000000000002,1.5707963267948966,-0.8607420270039436,0.5090414157503713,-0.3517006112535723
1.836666666666667,1.5707963267948966,-0.855364260160506,0.5180270093731312,-0.33733725078737486
1.8383333333333334,1.5707963267948966,-0.8498926929868637,0.5269557954966779,-0.3229368974901857
1.84,1.5707963267948966,-0.8443279255020152,0.5358267949789964,-0.30850113052301875
1.8416666666666668,1.5707963267948966,-0.8386705679454235,0.5446390350150279,-0.29403153293039563
1.8433333333333335,1.5707963267948966,-0.8329212407100993,0.5533915492433443,-0.279529691466755
1.8450000000000002,1.5707963267948966,-0.8270805742745609,0.5620833778521318,-0.26499719642242914
1.8466666666666667,1.5707963267948966,-0.8211492091337046,0.5707135676844308,-0.25043564144927377
1.8483333333333334,1.5707963267948966,-0.8151277957285541,0.579281172342679,-0.23584662338587514
1.85,1.5707963267948966,-0.8090169943749477,0.5877852522924727,-0.22123174208247498
1.8516666666666668,1.5707963267948966,-0.8028174751911141,0.5962248749656163,-0.20659260022549786
1.8533333333333335,1.5707963267948966,-0.7965299180241963,0.6045991148623748,-0.19193080316182143
1.8550000000000002,1.5707963267948966,-0.7901550123756896,0.6129070536529774,-0.17724795872271226
1.8566666666666667,1.5707963267948966,-0.7836934573258395,0.6211477802783107,-0.16254567704752876
1.8583333333333334,1.5707963267948966,-0.777145961456971,0.6293203910498373,-0.14782557040713373
1.86,1.5707963267948966,-0.7705132427757886,0.6374239897486904,-0.13308925302709818
1.8616666666666668,1.5707963267948966,-0.763796028634642,0.6454576877239507,-0.11833834091069129
1.8633333333333335,1.5707963267948966,-0.7569950556517555,0.6534206039901065,-0.10357445166164903
1.8650000000000002,1.5707963267948966,-0.750111069630459,0.6613118653236524,-0.08879920430680666
1.8666666666666667,1.5707963267948966,-0.7431448254773941,0.6691306063588582,-0.0740142191185359
1.8683333333333334,1.5707963267948966,-0.7360970871197346,0.6768759696826603,-0.059221117437074366
1.87,1.5707963267948966,-0.7289686274214111,0.6845471059286891,-0.04442152149272205
1.8716666666666668,1.5707963267948966,-0.7217602280983623,0.6921431738704067,-0.029617054227955575
1.8733333333333335,1.5707963267948966,-0.7144726796328026,0.6996633405133661,-0.014809339119436493
1.8750000000000002,1.5707963267948966,-0.7071067811865472,0.7071067811865478,5.551115123125783e-16
1.8766666666666667,1.5707963267948966,-0.6996633405133655,0.7144726796328031,0.014809339119437603
1.8783333333333334,1.5707963267948966,-0.6921431738704061,0.7217602280983628,0.029617054227956685
1.8800000000000001,1.5707963267948966,-0.6845471059286885,0.7289686274214117,0.04442152149272316
1.8816666666666668,1.5707963267948966,-0.6768759696826597,0.7360970871197352,0.05922111743707548
1.8833333333333335,1.5707963267948966,-0.6691306063588577,0.7431448254773947,0.074014219118537
1.8850000000000002,1.5707963267948966,-0.6613118653236505,0.7501110696304607,0.08879920430681021
1.8866666666666667,1.5707963267948966,-0.6534206039901058,0.756995055651756,0.10357445166165014
1.8883333333333334,1.5707963267948966,-0.6454576877239502,0.7637960286346425,0.11833834091069229
1.8900000000000001,1.5707963267948966,-0.6374239897486897,0.7705132427757891,0.1330892530270994
1.8916666666666668,1.5707963267948966,-0.6293203910498366,0.7771459614569715,0.14782557040713484
1.8933333333333335,1.5707963267948966,-0.6211477802783101,0.78369345732584,0.16254567704752987
1.895,1.5707963267948966,-0.6129070536529767,0.7901550123756902,0.17724795872271348
1.8966666666666667,1.5707963267948966,-0.6045991148623756,0.7965299180241957,0.1919308031618201
1.8983333333333334,1.5707963267948966,-0.5962248749656156,0.8028174751911146,0.20659260022549897
1.9000000000000001,1.5707963267948966,-0.5877852522924735,0.8090169943749471,0.22123174208247365
1.9016666666666668,1.5707963267948966,-0.5792811723426783,0.8151277957285545,0.23584662338587625
1.9033333333333335,1.5707963267948966,-0.5707135676844317,0.821149209133704,0.25043564144927233
1.905,1.5707963267948966,-0.5620833778521311,0.8270805742745614,0.26499719642243025
1.9066666666666667,1.5707963267948966,-0.5533915492433437,0.8329212407100998,0.2795296914667561
1.9083333333333334,1.5707963267948966,-0.5446390350150272,0.8386705679454239,0.29403153293039674
1.9100000000000001,1.5707963267948966,-0.5358267949789958,0.8443279255020155,0.30850113052301975
1.9116666666666668,1.5707963267948966,-0.5269557954966773,0.8498926929868641,0.32293689749018684
1.9133333333333336,1.5707963267948966,-0.518027009373129,0.8553642601605074,0.3373372507873784
1.915,1.5707963267948966,-0.5090414157503722,0.8607420270039431,0.3517006112535709
1.9166666666666667,1.5707963267948966,-0.4999999999999999,0.8660254037844387,0.3660254037844388
1.9183333333333334,1.5707963267948966,-0.49090375361514127,0.8712138111201891,0.38031005750504787
1.9200000000000002,1.5707963267948966,-0.48175367410171477,0.8763066800438638,0.39455300594214904
1.9216666666666669,1.5707963267948966,-0.47255076486905406,0.8813034520649922,0.4087526871959381
1.9233333333333336,1.5707963267948966,-0.4632960351198608,0.8862035792312152,0.4229075441113544
1.925,1.5707963267948966,-0.4539904997395464,0.891006524188368,0.4370160244488216
1.9266666666666667,1.5707963267948966,-0.4446351791849277,0.8957117602394127,0.451076581054485
1.9283333333333335,1.5707963267948966,-0.4352310993723267,0.9003187714021939,0.46508767202986717
1.9300000000000002,1.5707963267948966,-0.42577929156507244,0.9048270524660196,0.47904776090094714
1.9316666666666669,1.5707963267948966,-0.41628079226039993,0.9092361090470691,0.49295531678666915
1.9333333333333333,1.5707963267948966,-0.4067366430758012,0.9135454576426004,0.5068088145667993
1.935,1.5707963267948966,-0.39714789063478056,0.9177546256839811,0.5206067350492005
1.9366666666666668,1.5707963267948966,-0.38751558645210354,0.9218631515885003,0.5343475651363967
1.9383333333333335,1.5707963267948966,-0.3778407868184666,0.925870584809995,0.5480297979915283
1.9400000000000002,1.5707963267948966,-0.3681245526846781,0.9297764858882513,0.5616519332035732
1.9416666666666669,1.5707963267948966,-0.3583679495452993,0.9335804264972021,0.5752124769519027
1.9433333333333334,1.5707963267948966,-0.3485720473218149,0.9372819894918916,0.5887099421700767
1.945,1.5707963267948966,-0.33873792024529165,0.9408807689542253,0.6021428487089338
1.9466666666666668,1.5707963267948966,-0.32886664673858246,0.9443763702374813,0.6155097234988989
1.9483333333333335,1.5707963267948966,-0.3189593092980698,0.9477684100095858,0.628809100711516
1.9500000000000002,1.5707963267948966,-0.3090169943749462,0.951056516295154,0.6420395219202077
1.9516666666666669,1.5707963267948966,-0.29904079225608604,0.954240328516277,0.655199536260191
1.9533333333333334,1.5707963267948966,-0.2890317969444716,0.9573194975320672,0.6682877005875956
1.955,1.5707963267948966,-0.2789911060392299,0.9602936856769428,0.681302579637713
1.9566666666666668,1.5707963267948966,-0.26891982061526526,0.9631625667976582,0.694242746182393
1.9583333333333335,1.5707963267948966,-0.25881904510252096,0.9659258262890682,0.7071067811865472
1.9600000000000002,1.5707963267948966,-0.24868988716485388,0.9685831611286313,0.7198932739637774
1.961666666666667,1.5707963267948966,-0.2385334575785806,0.9711342799096361,0.7326008223310555
1.9633333333333334,1.5707963267948966,-0.2283508701106561,0.9735789028731602,0.745228032762504
1.965,1.5707963267948966,-0.21814324139654181,0.9759167619387475,0.7577735205422057
1.9666666666666668,1.5707963267948966,-0.20791169081775923,0.9781476007338057,0.7702359099160465
1.9683333333333335,1.5707963267948966,-0.19765734037912494,0.9802711746217221,0.7826138342425971
1.9700000000000002,1.5707963267948966,-0.18738131458572405,0.9822872507286888,0.7949059361429648
1.971666666666667,1.5707963267948966,-0.1770847403195816,0.9841956079692422,0.8071108676496606
1.9733333333333334,1.5707963267948966,-0.16676874671610298,0.9859960370705048,0.8192272903544018
1.975,1.5707963267948966,-0.15643446504023048,0.9876883405951378,0.8312538755549073
1.9766666666666668,1.5707963267948966,-0.14608302856241187,0.9892723329629883,0.8431893044005765
1.9783333333333335,1.5707963267948966,-0.13571557243430352,0.9907478404714437,0.8550322680371402
1.9800000000000002,1.5707963267948966,-0.125333233564304,0.9921147013144779,0.8667814677501738
1.9816666666666667,1.5707963267948966,-0.11493715049286703,0.9933727656003963,0.8784356151075293
1.9833333333333334,1.5707963267948966,-0.10452846326765278,0.9945218953682734,0.8899934321006207
1.985,1.5707963267948966,-0.09410831331851427,0.99556196460308,0.9014536512845657
1.9866666666666668,1.5707963267948966,-0.08367784333231433,0.9964928592495045,0.9128150159171902
1.9883333333333335,1.5707963267948966,-0.07323819712763117,0.9973144772244581,0.924076280096827
1.9900000000000002,1.5707963267948966,-0.06279051952931174,0.9980267284282717,0.93523620889896
1.9916666666666667,1.5707963267948966,-0.05233595624294462,0.9986295347545738,0.9462935785116292
1.9933333333333334,1.5707963267948966,-0.04187565372919929,0.9991228300988584,0.9572471763696591
1.995,1.5707963267948966,-0.031410759078128604,0.9995065603657316,0.968095801287603
1.9966666666666668,1.5707963267948966,-0.020942419883356145,0.9997806834748455,0.9788382635914894
1.9983333333333335,1.5707963267948966,-0.01047178411624563,0.9999451693655121,0.9894733852492665
2.0,1.5707963267948966,-4.898587196589413e-16,1.0,0.9999999999999996
0.0,3.141592653589793,0.0,1.2246467991473532e-16,1.2246467991473532e-16
0.0016666666666666668,3.141592653589793,0.010471784116245794,-0.010471784116245463,3.3133218391157016e-16
0.0033333333333333335,3.141592653589793,0.02094241988335696,-0.020942419883356867,9.367506770274758e-17
0.005,3.141592653589793,0.03141075907812829,-0.031410759078127994,2.983724378680108e-16
0.006666666666666667,3.141592653589793,0.04187565372919963,-0.04187565372919957,6.245004513516506e-17
0.008333333333333333,3.141592653589793,0.05233595624294383,-0.052335956242943564,2.636779683484747e-16
0.01,3.141592653589793,0.06279051952931337,-0.06279051952931335,2.7755575615628914e-17
0.011666666666666667,3.141592653589793,0.07323819712763169,-0.07323819712763145,2.3592239273284576e-16
0.013333333333333334,3.141592653589793,0.0836778433323155,-0.08367784333231548,1.3877787807814457e-17
0.015000000000000001,3.141592653589793,0.09410831331851433,-0.0941083133185141,2.220446049250313e-16
0.016666666666666666,3.141592653589793,0.10452846326765346,-0.1045284632676535,-4.163336342344337e-17
0.018333333333333333,3.141592653589793,0.1149371504928666,-0.11493715049286643,1.6653345369377348e-16
0.02,3.141592653589793,0.12533323356430426,-0.12533323356430429,-2.7755575615628914e-17
0.021666666666666667,3.141592653589793,0.13571557243430438,-0.13571557243430424,1.3877787807814457e-16
0.023333333333333334,3.141592653589793,0.14608302856241162,-0.1460830285624117,-8.326672684688674e-17
0.025,3.141592653589793,0.15643446504023087,-0.15643446504023073,1.3877787807814457e-16
0.02666666666666667,3.141592653589793,0.16676874671610228,-0.16676874671610237,-8.326672684688674e-17
0.028333333333333335,3.141592653589793,0.1770847403195833,-0.17708474031958318,1.1102230246251565e-16
0.030000000000000002,3.141592653589793,0.18738131458572463,-0.18738131458572432,3.0531133177191805e-16
0.03166666666666667,3.141592653589793,0.19765734037912616,-0.19765734037912608,8.326672684688674e-17
0.03333333333333333,3.141592653589793,0.20791169081775931,-0.20791169081775907,2.498001805406602e-16
0.035,3.141592653589793,0.21814324139654256,-0.2181432413965425,5.551115123125783e-17
0.03666666666666667,3.141592653589793,0.22835087011065572,-0.2283508701106555,2.220446049250313e-16
0.03833333333333334,3.141592653589793,0.2385334575785809,-0.23853345757858088,2.7755575615628914e-17
0.04,3.141592653589793,0.2486898871648548,-0.24868988716485457,2.220446049250313e-16
0.04166666666666667,3.141592653589793,0.2588190451025208,-0.2588190451025208,0.0
0.043333333333333335,3.141592653589793,0.2689198206152657,-0.26891982061526554,1.6653345369377348e-16
0.045000000000000005,3.141592653589793,0.2789911060392293,-0.2789911060392293,0.0
0.04666666666666667,3.141592653589793,0.2890317969444716,-0.28903179694447145,1.6653345369377348e-16
0.04833333333333334,3.141592653589793,0.2990407922560867,-0.2990407922560867,0.0
0.05,3.141592653589793,0.3090169943749474,-0.3090169943749473,1.1102230246251565e-16
0.05166666666666667,3.141592653589793,0.31895930929807,-0.31895930929807004,-5.551115123125783e-17
0.05333333333333334,3.141592653589793,0.32886664673858323,-0.3288666467385831,1.1102230246251565e-16
0.055,3.141592653589793,0.33873792024529137,-0.3387379202452911,2.7755575615628914e-16
0.05666666666666667,3.141592653589793,0.3485720473218152,-0.3485720473218151,5.551115123125783e-17
0.058333333333333334,3.141592653589793,0.35836794954530027,-0.3583679495453,2.7755575615628914e-16
0.060000000000000005,3.141592653589793,0.368124552684678,-0.3681245526846779,5.551115123125783e-17
0.06166666666666667,3.141592653589793,0.3778407868184671,-0.3778407868184669,2.220446049250313e-16
0.06333333333333334,3.141592653589793,0.387515586452103,-0.38751558645210293,5.551115123125783e-17
0.065,3.141592653589793,0.3971478906347806,-0.3971478906347804,2.220446049250313e-16
0.06666666666666667,3.141592653589793,0.40673664307580015,-0.4067366430758002,-5.551115123125783e-17
0.06833333333333334,3.141592653589793,0.4162807922604012,-0.416280792260401,2.220446049250313e-16
0.07,3.141592653589793,0.4257792915650727,-0.42577929156507266,5.551115123125783e-17
0.07166666666666667,3.141592653589793,0.4352310993723275,-0.43523109937232735,1.6653345369377348e-16
0.07333333333333333,3.141592653589793,0.44463517918492745,-0.4446351791849271,3.3306690738754696e-16
0.07500000000000001,3.141592653589793,0.4539904997395468,-0.45399049973954664,1.6653345369377348e-16
0.07666666666666667,3.141592653589793,0.4632960351198618,-0.46329603511986184,-5.551115123125783e-17
0.07833333333333334,3.141592653589793,0.472550764869054,-0.4725507648690539,1.1102230246251565e-16
0.08,3.141592653589793,0.4817536741017153,-0.481753674101715,3.3306690738754696e-16
0.08166666666666667,3.141592653589793,0.49090375361514077,-0.49090375361514077,0.0
0.08333333333333334,3.141592653589793,0.5,-0.5000000000000001,-1.1102230246251565e-16
0.085,3.141592653589793,0.5090414157503713,-0.5090414157503712,1.1102230246251565e-16
0.08666666666666667,3.141592653589793,0.5180270093731302,-0.51802700937313,2.220446049250313e-16
0.08833333333333333,3.141592653589793,0.5269557954966776,-0.5269557954966775,1.1102230246251565e-16
0.09000000000000001,3.141592653589793,0.5358267949789967,-0.5358267949789964,2.220446049250313e-16
0.09166666666666667,3.141592653589793,0.5446390350150271,-0.5446390350150271,0.0
0.09333333333333334,3.141592653589793,0.5533915492433441,-0.5533915492433439,2.220446049250313e-16
0.095,3.141592653589793,0.5620833778521306,-0.5620833778521306,0.0
0.09666666666666668,3.141592653589793,0.5707135676844317,-0.5707135676844315,2.220446049250313e-16
0.09833333333333334,3.141592653589793,0.5792811723426788,-0.5792811723426788,0.0
0.1,3.141592653589793,0.5877852522924731,-0.587785252292473,1.1102230246251565e-16
0.10166666666666667,3.141592653589793,0.5962248749656158,-0.5962248749656158,0.0
0.10333333333333335,3.141592653589793,0.6045991148623748,-0.6045991148623747,1.1102230246251565e-16
0.10500000000000001,3.141592653589793,0.6129070536529765,-0.6129070536529763,2.220446049250313e-16
0.10666666666666667,3.141592653589793,0.6211477802783104,-0.6211477802783103,1.1102230246251565e-16
0.10833333333333334,3.141592653589793,0.6293203910498375,-0.6293203910498376,-1.1102230246251565e-16
0.11,3.141592653589793,0.6374239897486896,-0.6374239897486896,0.0
0.11166666666666668,3.141592653589793,0.6454576877239506,-0.6454576877239504,2.220446049250313e-16
0.11333333333333334,3.141592653589793,0.6534206039901054,-0.6534206039901054,0.0
0.115,3.141592653589793,0.6613118653236518,-0.6613118653236517,1.1102230246251565e-16
0.11666666666666667,3.141592653589793,0.6691306063588582,-0.6691306063588582,0.0
0.11833333333333335,3.141592653589793,0.6768759696826607,-0.6768759696826605,2.220446049250313e-16
0.12000000000000001,3.141592653589793,0.6845471059286887,-0.6845471059286887,0.0
0.12166666666666667,3.141592653589793,0.6921431738704068,-0.6921431738704067,1.1102230246251565e-16
0.12333333333333334,3.141592653589793,0.6996633405133653,-0.6996633405133651,2.220446049250313e-16
0.125,3.141592653589793,0.7071067811865476,-0.7071067811865475,1.1102230246251565e-16
0.12666666666666668,3.141592653589793,0.7144726796328034,-0.7144726796328035,-1.1102230246251565e-16
0.12833333333333335,3.141592653589793,0.7217602280983623,-0.7217602280983622,1.1102230246251565e-16
0.13,3.141592653589793,0.7289686274214116,-0.7289686274214113,2.220446049250313e-16
0.13166666666666668,3.141592653589793,0.7360970871197343,-0.7360970871197343,0.0
0.13333333333333333,3.141592653589793,0.7431448254773941,-0.743144825477394,1.1102230246251565e-16
0.135,3.141592653589793,0.7501110696304596,-0.7501110696304595,1.1102230246251565e-16
0.1366666666666667,3.141592653589793,0.7569950556517565,-0.7569950556517562,3.3306690738754696e-16
0.13833333333333334,3.141592653589793,0.7637960286346421,-0.7637960286346421,0.0
0.14,3.141592653589793,0.7705132427757893,-0.7705132427757894,-1.1102230246251565e-16
0.14166666666666666,3.141592653589793,0.7771459614569708,-0.7771459614569706,2.220446049250313e-16
0.14333333333333334,3.141592653589793,0.7836934573258398,-0.7836934573258396,2.220446049250313e-16
0.14500000000000002,3.141592653589793,0.7901550123756904,-0.7901550123756904,0.0
0.14666666666666667,3.141592653589793,0.7965299180241963,-0.7965299180241959,3.3306690738754696e-16
0.14833333333333334,3.141592653589793,0.8028174751911146,-0.8028174751911143,2.220446049250313e-16
0.15000000000000002,3.141592653589793,0.8090169943749475,-0.8090169943749473,1.1102230246251565e-16
0.15166666666666667,3.141592653589793,0.8151277957285542,-0.8151277957285543,-1.1102230246251565e-16
0.15333333333333335,3.141592653589793,0.8211492091337041,-0.8211492091337043,-1.1102230246251565e-16
0.155,3.141592653589793,0.8270805742745618,-0.8270805742745616,2.220446049250313e-16
0.15666666666666668,3.141592653589793,0.8329212407100995,-0.8329212407100994,1.1102230246251565e-16
0.15833333333333335,3.141592653589793,0.838670567945424,-0.8386705679454242,-1.1102230246251565e-16
0.16,3.141592653589793,0.8443279255020151,-0.8443279255020147,3.3306690738754696e-16
0.16166666666666668,3.141592653589793,0.849892692986864,-0.8498926929868638,2.220446049250313e-16
0.16333333333333333,3.141592653589793,0.8553642601605066,-0.8553642601605066,0.0
0.165,3.141592653589793,0.8607420270039436,-0.8607420270039438,-1.1102230246251565e-16
0.16666666666666669,3.141592653589793,0.8660254037844387,-0.8660254037844388,-1.1102230246251565e-16
0.16833333333333333,3.141592653589793,0.8712138111201894,-0.8712138111201894,0.0
0.17,3.141592653589793,0.8763066800438637,-0.8763066800438636,1.1102230246251565e-16
0.1716666666666667,3.141592653589793,0.8813034520649923,-0.8813034520649924,-1.1102230246251565e-16
0.17333333333333334,3.141592653589793,0.8862035792312147,-0.8862035792312145,2.220446049250313e-16
0.17500000000000002,3.141592653589793,0.8910065241883678,-0.8910065241883678,0.0
0.17666666666666667,3.141592653589793,0.8957117602394129,-0.8957117602394129,0.0
0.17833333333333334,3.141592653589793,0.9003187714021935,-0.9003187714021933,2.220446049250313e-16
0.18000000000000002,3.141592653589793,0.9048270524660196,-0.9048270524660194,2.220446049250313e-16
0.18166666666666667,3.141592653589793,0.9092361090470685,-0.9092361090470685,0.0
0.18333333333333335,3.141592653589793,0.9135454576426009,-0.913545457642601,-1.1102230246251565e-16
0.18500000000000003,3.141592653589793,0.9177546256839811,-0.9177546256839813,-1.1102230246251565e-16
0.18666666666666668,3.141592653589793,0.9218631515885005,-0.9218631515885004,1.1102230246251565e-16
0.18833333333333335,3.141592653589793,0.9258705848099947,-0.9258705848099947,0.0
0.19,3.141592653589793,0.9297764858882513,-0.9297764858882515,-1.1102230246251565e-16
0.19166666666666668,3.141592653589793,0.9335804264972017,-0.9335804264972016,1.1102230246251565e-16
0.19333333333333336,3.141592653589793,0.9372819894918916,-0.9372819894918915,1.1102230246251565e-16
0.195,3.141592653589793,0.9408807689542255,-0.9408807689542255,0.0
0.19666666666666668,3.141592653589793,0.9443763702374811,-0.9443763702374811,0.0
0.19833333333333333,3.141592653589793,0.9477684100095857,-0.9477684100095856,1.1102230246251565e-16
0.2,3.141592653589793,0.9510565162951535,-0.9510565162951535,0.0
0.2016666666666667,3.141592653589793,0.9542403285162769,-0.9542403285162769,0.0
0.20333333333333334,3.141592653589793,0.9573194975320672,-0.9573194975320674,-1.1102230246251565e-16
0.20500000000000002,3.141592653589793,0.9602936856769431,-0.960293685676943,1.1102230246251565e-16
0.2066666666666667,3.141592653589793,0.9631625667976582,-0.9631625667976581,1.1102230246251565e-16
0.20833333333333334,3.141592653589793,0.9659258262890683,-0.9659258262890683,0.0
0.21000000000000002,3.141592653589793,0.9685831611286311,-0.968583161128631,1.1102230246251565e-16
0.21166666666666667,3.141592653589793,0.9711342799096361,-0.971134279909636,1.1102230246251565e-16
0.21333333333333335,3.141592653589793,0.9735789028731603,-0.9735789028731603,0.0
0.21500000000000002,3.141592653589793,0.9759167619387474,-0.9759167619387474,0.0
0.21666666666666667,3.141592653589793,0.9781476007338057,-0.9781476007338057,0.0
0.21833333333333335,3.141592653589793,0.9802711746217219,-0.9802711746217218,1.1102230246251565e-16
0.22,3.141592653589793,0.9822872507286886,-0.9822872507286887,-1.1102230246251565e-16
0.22166666666666668,3.141592653589793,0.9841956079692419,-0.984195607969242,-1.1102230246251565e-16
0.22333333333333336,3.141592653589793,0.985996037070505,-0.9859960370705049,1.1102230246251565e-16
0.225,3.141592653589793,0.9876883405951378,-0.9876883405951377,1.1102230246251565e-16
0.22666666666666668,3.141592653589793,0.9892723329629883,-0.9892723329629883,0.0
0.22833333333333336,3.141592653589793,0.9907478404714436,-0.9907478404714436,0.0
0.23,3.141592653589793,0.9921147013144779,-0.9921147013144778,1.1102230246251565e-16
0.2316666666666667,3.141592653589793,0.9933727656003964,-0.9933727656003964,0.0
0.23333333333333334,3.141592653589793,0.9945218953682733,-0.9945218953682734,-1.1102230246251565e-16
0.23500000000000001,3.141592653589793,0.99556196460308,-0.99556196460308,0.0
0.2366666666666667,3.141592653589793,0.9964928592495044,-0.9964928592495043,1.1102230246251565e-16
0.23833333333333334,3.141592653589793,0.9973144772244581,-0.9973144772244581,0.0
0.24000000000000002,3.141592653589793,0.9980267284282716,-0.9980267284282716,0.0
0.24166666666666667,3.141592653589793,0.9986295347545738,-0.9986295347545738,0.0
0.24333333333333335,3.141592653589793,0.9991228300988584,-0.9991228300988584,0.0
0.24500000000000002,3.141592653589793,0.9995065603657316,-0.9995065603657316,0.0
0.24666666666666667,3.141592653589793,0.9997806834748455,-0.9997806834748455,0.0
0.24833333333333335,3.141592653589793,0.9999451693655121,-0.9999451693655121,0.0
0.25,3.141592653589793,1.0,-1.0,0.0
0.2516666666666667,3.141592653589793,0.9999451693655121,-0.9999451693655121,0.0
0.25333333333333335,3.141592653589793,0.9997806834748455,-0.9997806834748455,0.0
0.255,3.141592653589793,0.9995065603657316,-0.9995065603657316,0.0
0.2566666666666667,3.141592653589793,0.9991228300988584,-0.9991228300988584,0.0
0.25833333333333336,3.141592653589793,0.9986295347545738,-0.9986295347545738,0.0
0.26,3.141592653589793,0.9980267284282716,-0.9980267284282716,0.0
0.26166666666666666,3.141592653589793,0.9973144772244581,-0.9973144772244581,0.0
0.26333333333333336,3.141592653589793,0.9964928592495044,-0.9964928592495044,0.0
0.265,3.141592653589793,0.99556196460308,-0.99556196460308,0.0
0.26666666666666666,3.141592653589793,0.9945218953682734,-0.9945218953682734,0.0
0.26833333333333337,3.141592653589793,0.9933727656003964,-0.9933727656003964,0.0
0.27,3.141592653589793,0.9921147013144778,-0.9921147013144779,-1.1102230246251565e-16
0.27166666666666667,3.141592653589793,0.9907478404714436,-0.9907478404714436,0.0
0.2733333333333334,3.141592653589793,0.9892723329629883,-0.9892723329629883,0.0
0.275,3.141592653589793,0.9876883405951377,-0.9876883405951378,-1.1102230246251565e-16
0.27666666666666667,3.141592653589793,0.985996037070505,-0.9859960370705049,1.1102230246251565e-16
0.2783333333333334,3.141592653589793,0.9841956079692419,-0.9841956079692419,0.0
0.28,3.141592653589793,0.9822872507286886,-0.9822872507286886,0.0
0.2816666666666667,3.141592653589793,0.9802711746217219,-0.9802711746217219,0.0
0.2833333333333333,3.141592653589793,0.9781476007338057,-0.9781476007338058,-1.1102230246251565e-16
0.28500000000000003,3.141592653589793,0.9759167619387474,-0.9759167619387473,1.1102230246251565e-16
0.2866666666666667,3.141592653589793,0.9735789028731603,-0.9735789028731603,0.0
0.28833333333333333,3.141592653589793,0.9711342799096361,-0.9711342799096361,0.0
0.29000000000000004,3.141592653589793,0.9685831611286311,-0.9685831611286311,0.0
0.2916666666666667,3.141592653589793,0.9659258262890683,-0.9659258262890684,-1.1102230246251565e-16
0.29333333333333333,3.141592653589793,0.9631625667976582,-0.9631625667976582,0.0
0.29500000000000004,3.141592653589793,0.9602936856769431,-0.9602936856769431,0.0
0.2966666666666667,3.141592653589793,0.9573194975320672,-0.9573194975320672,0.0
0.29833333333333334,3.141592653589793,0.9542403285162769,-0.954240328516277,-1.1102230246251565e-16
0.30000000000000004,3.141592653589793,0.9510565162951535,-0.9510565162951536,-1.1102230246251565e-16
0.3016666666666667,3.141592653589793,0.9477684100095857,-0.9477684100095857,0.0
0.30333333333333334,3.141592653589793,0.9443763702374811,-0.944376370237481,1.1102230246251565e-16
0.305,3.141592653589793,0.9408807689542255,-0.9408807689542256,-1.1102230246251565e-16
0.3066666666666667,3.141592653589793,0.9372819894918915,-0.9372819894918916,-1.1102230246251565e-16
0.30833333333333335,3.141592653589793,0.9335804264972017,-0.9335804264972017,0.0
0.31,3.141592653589793,0.9297764858882515,-0.9297764858882516,-1.1102230246251565e-16
0.3116666666666667,3.141592653589793,0.9258705848099946,-0.9258705848099945,1.1102230246251565e-16
0.31333333333333335,3.141592653589793,0.9218631515885005,-0.9218631515885005,0.0
0.315,3.141592653589793,0.9177546256839813,-0.9177546256839815,-2.220446049250313e-16
0.3166666666666667,3.141592653589793,0.9135454576426009,-0.9135454576426008,1.1102230246251565e-16
0.31833333333333336,3.141592653589793,0.9092361090470686,-0.9092361090470686,0.0
0.32,3.141592653589793,0.9048270524660195,-0.9048270524660196,-1.1102230246251565e-16
0.3216666666666667,3.141592653589793,0.9003187714021934,-0.9003187714021934,0.0
0.32333333333333336,3.141592653589793,0.8957117602394128,-0.895711760239413,-2.220446049250313e-16
0.325,3.141592653589793,0.8910065241883679,-0.891006524188368,-1.1102230246251565e-16
0.32666666666666666,3.141592653589793,0.8862035792312148,-0.8862035792312147,1.1102230246251565e-16
0.32833333333333337,3.141592653589793,0.8813034520649923,-0.8813034520649925,-2.220446049250313e-16
0.33,3.141592653589793,0.8763066800438635,-0.8763066800438634,1.1102230246251565e-16
0.33166666666666667,3.141592653589793,0.8712138111201895,-0.8712138111201895,0.0
0.33333333333333337,3.141592653589793,0.8660254037844386,-0.8660254037844386,0.0
0.335,3.141592653589793,0.8607420270039436,-0.8607420270039434,2.220446049250313e-16
0.33666666666666667,3.141592653589793,0.8553642601605067,-0.8553642601605068,-1.1102230246251565e-16
0.3383333333333334,3.141592653589793,0.8498926929868639,-0.849892692986864,-1.1102230246251565e-16
0.34,3.141592653589793,0.844327925502015,-0.844327925502015,0.0
0.3416666666666667,3.141592653589793,0.838670567945424,-0.8386705679454243,-2.220446049250313e-16
0.3433333333333334,3.141592653589793,0.8329212407100993,-0.8329212407100991,2.220446049250313e-16
0.34500000000000003,3.141592653589793,0.8270805742745617,-0.8270805742745618,-1.1102230246251565e-16
0.3466666666666667,3.141592653589793,0.8211492091337041,-0.8211492091337044,-2.220446049250313e-16
0.34833333333333333,3.141592653589793,0.8151277957285544,-0.8151277957285544,0.0
0.35000000000000003,3.141592653589793,0.8090169943749475,-0.8090169943749476,-1.1102230246251565e-16
0.3516666666666667,3.141592653589793,0.8028174751911145,-0.8028174751911145,0.0
0.35333333333333333,3.141592653589793,0.7965299180241964,-0.7965299180241961,2.220446049250313e-16
0.35500000000000004,3.141592653589793,0.7901550123756903,-0.7901550123756906,-3.3306690738754696e-16
0.3566666666666667,3.141592653589793,0.7836934573258398,-0.7836934573258398,0.0
0.35833333333333334,3.141592653589793,0.777145961456971,-0.7771459614569708,2.220446049250313e-16
0.36000000000000004,3.141592653589793,0.7705132427757893,-0.7705132427757896,-3.3306690738754696e-16
0.3616666666666667,3.141592653589793,0.763796028634642,-0.7637960286346418,2.220446049250313e-16
0.36333333333333334,3.141592653589793,0.7569950556517564,-0.7569950556517565,-1.1102230246251565e-16
0.36500000000000005,3.141592653589793,0.7501110696304594,-0.7501110696304595,-1.1102230246251565e-16
0.3666666666666667,3.141592653589793,0.7431448254773942,-0.743144825477394,2.220446049250313e-16
0.36833333333333335,3.141592653589793,0.7360970871197344,-0.7360970871197345,-1.1102230246251565e-16
0.37000000000000005,3.141592653589793,0.7289686274214114,-0.7289686274214116,-1.1102230246251565e-16
0.3716666666666667,3.141592653589793,0.7217602280983619,-0.721760228098362,-1.1102230246251565e-16
0.37333333333333335,3.141592653589793,0.7144726796328033,-0.7144726796328037,-4.440892098500626e-16
0.375,3.141592653589793,0.7071067811865476,-0.7071067811865477,-1.1102230246251565e-16
0.3766666666666667,3.141592653589793,0.6996633405133653,-0.6996633405133654,-1.1102230246251565e-16
0.37833333333333335,3.141592653589793,0.6921431738704068,-0.6921431738704072,-4.440892098500626e-16
0.38,3.141592653589793,0.6845471059286888,-0.684547105928689,-1.1102230246251565e-16
0.3816666666666667,3.141592653589793,0.6768759696826607,-0.6768759696826608,-1.1102230246251565e-16
0.38333333333333336,3.141592653589793,0.669130606358858,-0.6691306063588581,-1.1102230246251565e-16
0.385,3.141592653589793,0.6613118653236518,-0.6613118653236516,2.220446049250313e-16
0.3866666666666667,3.141592653589793,0.6534206039901053,-0.6534206039901057,-4.440892098500626e-16
0.38833333333333336,3.141592653589793,0.6454576877239505,-0.6454576877239506,-1.1102230246251565e-16
0.39,3.141592653589793,0.6374239897486899,-0.6374239897486896,2.220446049250313e-16
0.3916666666666667,3.141592653589793,0.6293203910498374,-0.6293203910498378,-4.440892098500626e-16
0.39333333333333337,3.141592653589793,0.6211477802783101,-0.6211477802783099,2.220446049250313e-16
0.395,3.141592653589793,0.6129070536529764,-0.6129070536529765,-1.1102230246251565e-16
0.39666666666666667,3.141592653589793,0.6045991148623749,-0.6045991148623754,-4.440892098500626e-16
0.3983333333333334,3.141592653589793,0.5962248749656157,-0.5962248749656155,2.220446049250313e-16
0.4,3.141592653589793,0.5877852522924732,-0.5877852522924734,-1.1102230246251565e-16
0.40166666666666667,3.141592653589793,0.5792811723426787,-0.5792811723426788,-1.1102230246251565e-16
0.4033333333333334,3.141592653589793,0.5707135676844314,-0.5707135676844315,-1.1102230246251565e-16
0.405,3.141592653589793,0.5620833778521305,-0.5620833778521309,-4.440892098500626e-16
0.4066666666666667,3.141592653589793,0.5533915492433441,-0.5533915492433442,-1.1102230246251565e-16
0.4083333333333334,3.141592653589793,0.5446390350150269,-0.544639035015027,-1.1102230246251565e-16
0.41000000000000003,3.141592653589793,0.5358267949789967,-0.5358267949789971,-4.440892098500626e-16
0.4116666666666667,3.141592653589793,0.5269557954966777,-0.5269557954966778,-1.1102230246251565e-16
0.4133333333333334,3.141592653589793,0.5180270093731302,-0.5180270093731303,-1.1102230246251565e-16
0.41500000000000004,3.141592653589793,0.5090414157503711,-0.5090414157503712,-1.1102230246251565e-16
0.4166666666666667,3.141592653589793,0.49999999999999994,-0.49999999999999967,2.7755575615628914e-16
0.41833333333333333,3.141592653589793,0.490903753615141,-0.49090375361514105,-5.551115123125783e-17
0.42000000000000004,3.141592653589793,0.4817536741017152,-0.4817536741017153,-1.1102230246251565e-16
0.4216666666666667,3.141592653589793,0.4725507648690541,-0.47255076486905384,2.7755575615628914e-16
0.42333333333333334,3.141592653589793,0.4632960351198616,-0.4632960351198621,-4.996003610813204e-16
0.42500000000000004,3.141592653589793,0.45399049973954647,-0.4539904997395462,2.7755575615628914e-16
0.4266666666666667,3.141592653589793,0.44463517918492734,-0.44463517918492745,-1.1102230246251565e-16
0.42833333333333334,3.141592653589793,0.43523109937232757,-0.43523109937232807,-4.996003610813204e-16
0.43000000000000005,3.141592653589793,0.4257792915650725,-0.4257792915650722,2.7755575615628914e-16
0.4316666666666667,3.141592653589793,0.4162807922604012,-0.4162807922604013,-1.1102230246251565e-16
0.43333333333333335,3.141592653589793,0.40673664307580004,-0.40673664307580015,-1.1102230246251565e-16
0.43500000000000005,3.141592653589793,0.39714789063478023,-0.39714789063478034,-1.1102230246251565e-16
0.4366666666666667,3.141592653589793,0.38751558645210277,-0.38751558645210327,-4.996003610813204e-16
0.43833333333333335,3.141592653589793,0.3778407868184671,-0.3778407868184672,-1.1102230246251565e-16
0.44,3.141592653589793,0.36812455268467814,-0.36812455268467786,2.7755575615628914e-16
0.4416666666666667,3.141592653589793,0.3583679495453002,-0.35836794954530077,-5.551115123125783e-16
0.44333333333333336,3.141592653589793,0.34857204732181535,-0.3485720473218155,-1.6653345369377348e-16
0.445,3.141592653589793,0.3387379202452913,-0.3387379202452914,-1.1102230246251565e-16
0.4466666666666667,3.141592653589793,0.32886664673858296,-0.32886664673858307,-1.1102230246251565e-16
0.44833333333333336,3.141592653589793,0.31895930929806987,-0.31895930929806954,3.3306690738754696e-16
0.45,3.141592653589793,0.3090169943749475,-0.3090169943749477,-1.6653345369377348e-16
0.4516666666666667,3.141592653589793,0.29904079225608654,-0.29904079225608665,-1.1102230246251565e-16
0.45333333333333337,3.141592653589793,0.2890317969444717,-0.28903179694447134,3.3306690738754696e-16
0.455,3.141592653589793,0.2789911060392291,-0.27899110603922966,-5.551115123125783e-16
0.4566666666666667,3.141592653589793,0.2689198206152653,-0.26891982061526504,2.7755575615628914e-16
0.45833333333333337,3.141592653589793,0.2588190451025206,-0.2588190451025207,-1.1102230246251565e-16
0.46,3.141592653589793,0.24868988716485482,-0.24868988716485535,-5.273559366969494e-16
0.46166666666666667,3.141592653589793,0.2385334575785811,-0.23853345757858122,-1.1102230246251565e-16
0.4633333333333334,3.141592653589793,0.22835087011065575,-0.22835087011065586,-1.1102230246251565e-16
0.465,3.141592653589793,0.21814324139654231,-0.21814324139654243,-1.1102230246251565e-16
0.4666666666666667,3.141592653589793,0.20791169081775931,-0.20791169081775898,3.3306690738754696e-16
0.4683333333333334,3.141592653589793,0.19765734037912588,-0.19765734037912644,-5.551115123125783e-16
0.47000000000000003,3.141592653589793,0.18738131458572457,-0.18738131458572468,-1.1102230246251565e-16
0.4716666666666667,3.141592653589793,0.17708474031958343,-0.17708474031958313,3.0531133177191805e-16
0.4733333333333334,3.141592653589793,0.16676874671610217,-0.16676874671610273,-5.551115123125783e-16
0.47500000000000003,3.141592653589793,0.15643446504023098,-0.1564344650402311,-1.1102230246251565e-16
0.4766666666666667,3.141592653589793,0.14608302856241148,-0.14608302856241162,-1.3877787807814457e-16
0.4783333333333334,3.141592653589793,0.13571557243430404,-0.13571557243430415,-1.1102230246251565e-16
0.48000000000000004,3.141592653589793,0.1253332335643041,-0.1253332335643038,3.0531133177191805e-16
0.4816666666666667,3.141592653589793,0.11493715049286667,-0.11493715049286679,-1.249000902703301e-16
0.48333333333333334,3.141592653589793,0.10452846326765373,-0.1045284632676543,-5.689893001203927e-16
0.48500000000000004,3.141592653589793,0.09410831331851435,-0.09410831331851403,3.191891195797325e-16
0.4866666666666667,3.141592653589793,0.08367784333231529,-0.08367784333231584,-5.551115123125783e-16
0.48833333333333334,3.141592653589793,0.07323819712763169,-0.07323819712763181,-1.249000902703301e-16
0.49000000000000005,3.141592653589793,0.06279051952931314,-0.06279051952931326,-1.249000902703301e-16
0.4916666666666667,3.141592653589793,0.05233595624294381,-0.05233595624294437,-5.620504062164855e-16
0.49333333333333335,3.141592653589793,0.04187565372919981,-0.04187565372919993,-1.1796119636642288e-16
0.49500000000000005,3.141592653589793,0.031410759078128236,-0.03141075907812836,-1.249000902703301e-16
0.4966666666666667,3.141592653589793,0.020942419883356666,-0.02094241988335679,-1.249000902703301e-16
0.49833333333333335,3.141592653589793,0.010471784116245709,-0.010471784116245386,3.226585665316861e-16
0.5,3.141592653589793,1.2246467991473532e-16,-2.4492935982947064e-16,-1.2246467991473532e-16
0.5016666666666667,3.141592653589793,-0.010471784116245907,0.010471784116245785,-1.214306433183765e-16
0.5033333333333334,3.141592653589793,-0.02094241988335731,0.020942419883357186,-1.249000902703301e-16
0.505,3.141592653589793,-0.031410759078127994,0.03141075907812787,-1.249000902703301e-16
0.5066666666666667,3.141592653589793,-0.04187565372919957,0.04187565372919944,-1.249000902703301e-16
0.5083333333333334,3.141592653589793,-0.052335956242944,0.05233595624294388,-1.1796119636642288e-16
0.51,3.141592653589793,-0.06279051952931335,0.06279051952931278,-5.689893001203927e-16
0.5116666666666667,3.141592653589793,-0.07323819712763188,0.07323819712763222,3.3306690738754696e-16
0.5133333333333334,3.141592653589793,-0.08367784333231593,0.08367784333231536,-5.689893001203927e-16
0.515,3.141592653589793,-0.0941083133185141,0.09410831331851353,-5.689893001203927e-16
0.5166666666666667,3.141592653589793,-0.1045284632676535,0.10452846326765382,3.191891195797325e-16
0.5183333333333333,3.141592653589793,-0.11493715049286643,0.1149371504928663,-1.249000902703301e-16
0.52,3.141592653589793,-0.12533323356430429,0.12533323356430418,-1.1102230246251565e-16
0.5216666666666667,3.141592653589793,-0.13571557243430468,0.13571557243430454,-1.3877787807814457e-16
0.5233333333333333,3.141592653589793,-0.14608302856241126,0.14608302856241112,-1.3877787807814457e-16
0.525,3.141592653589793,-0.15643446504023073,0.15643446504023062,-1.1102230246251565e-16
0.5266666666666667,3.141592653589793,-0.16676874671610237,0.16676874671610226,-1.1102230246251565e-16
0.5283333333333333,3.141592653589793,-0.17708474031958318,0.17708474031958263,-5.551115123125783e-16
0.53,3.141592653589793,-0.18738131458572477,0.18738131458572507,3.0531133177191805e-16
0.5316666666666667,3.141592653589793,-0.19765734037912652,0.19765734037912597,-5.551115123125783e-16
0.5333333333333333,3.141592653589793,-0.20791169081775907,0.2079116908177585,-5.551115123125783e-16
0.535,3.141592653589793,-0.2181432413965425,0.21814324139654281,3.0531133177191805e-16
0.5366666666666667,3.141592653589793,-0.22835087011065594,0.22835087011065539,-5.551115123125783e-16
0.5383333333333333,3.141592653589793,-0.23853345757858088,0.23853345757858074,-1.3877787807814457e-16
0.54,3.141592653589793,-0.24868988716485502,0.24868988716485488,-1.3877787807814457e-16
0.5416666666666667,3.141592653589793,-0.2588190451025212,0.2588190451025211,-1.1102230246251565e-16
0.5433333333333333,3.141592653589793,-0.26891982061526554,0.2689198206152654,-1.1102230246251565e-16
0.545,3.141592653589793,-0.2789911060392293,0.27899110603922916,-1.1102230246251565e-16
0.5466666666666667,3.141592653589793,-0.28903179694447184,0.28903179694447173,-1.1102230246251565e-16
0.5483333333333333,3.141592653589793,-0.2990407922560867,0.29904079225608704,3.3306690738754696e-16
0.55,3.141592653589793,-0.30901699437494773,0.3090169943749472,-5.551115123125783e-16
0.5516666666666667,3.141592653589793,-0.3189593092980705,0.31895930929807076,2.7755575615628914e-16
0.5533333333333333,3.141592653589793,-0.3288666467385831,0.32886664673858346,3.3306690738754696e-16
0.555,3.141592653589793,-0.3387379202452915,0.338737920245291,-4.996003610813204e-16
0.5566666666666668,3.141592653589793,-0.34857204732181557,0.34857204732181585,2.7755575615628914e-16
0.5583333333333333,3.141592653589793,-0.35836794954530043,0.3583679495453003,-1.1102230246251565e-16
0.56,3.141592653589793,-0.3681245526846783,0.3681245526846782,-1.1102230246251565e-16
0.5616666666666666,3.141592653589793,-0.3778407868184669,0.3778407868184668,-1.1102230246251565e-16
0.5633333333333334,3.141592653589793,-0.38751558645210293,0.3875155864521028,-1.1102230246251565e-16
0.5650000000000001,3.141592653589793,-0.3971478906347808,0.3971478906347807,-1.1102230246251565e-16
0.5666666666666667,3.141592653589793,-0.4067366430757998,0.4067366430757997,-1.1102230246251565e-16
0.5683333333333334,3.141592653589793,-0.416280792260401,0.4162807922604009,-1.1102230246251565e-16
0.5700000000000001,3.141592653589793,-0.42577929156507266,0.42577929156507255,-1.1102230246251565e-16
0.5716666666666667,3.141592653589793,-0.43523109937232735,0.4352310993723276,2.7755575615628914e-16
0.5733333333333334,3.141592653589793,-0.44463517918492756,0.444635179184927,-5.551115123125783e-16
0.5750000000000001,3.141592653589793,-0.4539904997395471,0.45399049973954736,2.7755575615628914e-16
0.5766666666666667,3.141592653589793,-0.4632960351198614,0.4632960351198617,3.3306690738754696e-16
0.5783333333333334,3.141592653589793,-0.4725507648690539,0.4725507648690534,-4.996003610813204e-16
0.5800000000000001,3.141592653589793,-0.4817536741017154,0.48175367410171566,2.7755575615628914e-16
0.5816666666666667,3.141592653589793,-0.49090375361514077,0.49090375361514066,-1.1102230246251565e-16
0.5833333333333334,3.141592653589793,-0.5000000000000001,0.5,-1.1102230246251565e-16
0.5850000000000001,3.141592653589793,-0.5090414157503717,0.5090414157503715,-1.1102230246251565e-16
0.5866666666666667,3.141592653589793,-0.51802700937313,0.5180270093731298,-1.1102230246251565e-16
0.5883333333333334,3.141592653589793,-0.5269557954966775,0.5269557954966774,-1.1102230246251565e-16
0.5900000000000001,3.141592653589793,-0.5358267949789968,0.5358267949789967,-1.1102230246251565e-16
0.5916666666666667,3.141592653589793,-0.5446390350150271,0.5446390350150266,-4.440892098500626e-16
0.5933333333333334,3.141592653589793,-0.5533915492433443,0.5533915492433445,2.220446049250313e-16
0.5950000000000001,3.141592653589793,-0.562083377852131,0.5620833778521305,-5.551115123125783e-16
0.5966666666666667,3.141592653589793,-0.5707135676844315,0.570713567684431,-4.440892098500626e-16
0.5983333333333334,3.141592653589793,-0.5792811723426788,0.5792811723426792,3.3306690738754696e-16
0.6000000000000001,3.141592653589793,-0.5877852522924734,0.5877852522924729,-4.440892098500626e-16
0.6016666666666667,3.141592653589793,-0.5962248749656158,0.5962248749656158,0.0
0.6033333333333334,3.141592653589793,-0.6045991148623752,0.604599114862375,-1.1102230246251565e-16
0.6050000000000001,3.141592653589793,-0.6129070536529769,0.6129070536529768,-1.1102230246251565e-16
0.6066666666666667,3.141592653589793,-0.6211477802783103,0.6211477802783102,-1.1102230246251565e-16
0.6083333333333334,3.141592653589793,-0.6293203910498376,0.6293203910498375,-1.1102230246251565e-16
0.61,3.141592653589793,-0.6374239897486896,0.6374239897486892,-4.440892098500626e-16
0.6116666666666667,3.141592653589793,-0.6454576877239507,0.645457687723951,2.220446049250313e-16
0.6133333333333334,3.141592653589793,-0.6534206039901057,0.6534206039901054,-3.3306690738754696e-16
0.615,3.141592653589793,-0.6613118653236517,0.6613118653236513,-4.440892098500626e-16
0.6166666666666667,3.141592653589793,-0.6691306063588582,0.6691306063588585,2.220446049250313e-16
0.6183333333333334,3.141592653589793,-0.676875969682661,0.6768759696826605,-4.440892098500626e-16
0.62,3.141592653589793,-0.6845471059286887,0.6845471059286886,-1.1102230246251565e-16
0.6216666666666667,3.141592653589793,-0.6921431738704069,0.6921431738704069,0.0
0.6233333333333334,3.141592653589793,-0.6996633405133658,0.6996633405133657,-1.1102230246251565e-16
0.625,3.141592653589793,-0.7071067811865475,0.7071067811865474,-1.1102230246251565e-16
0.6266666666666667,3.141592653589793,-0.7144726796328035,0.7144726796328034,-1.1102230246251565e-16
0.6283333333333334,3.141592653589793,-0.7217602280983624,0.7217602280983623,-1.1102230246251565e-16
0.63,3.141592653589793,-0.7289686274214113,0.7289686274214112,-1.1102230246251565e-16
0.6316666666666667,3.141592653589793,-0.7360970871197343,0.7360970871197342,-1.1102230246251565e-16
0.6333333333333334,3.141592653589793,-0.7431448254773944,0.7431448254773942,-1.1102230246251565e-16
0.635,3.141592653589793,-0.7501110696304595,0.7501110696304597,2.220446049250313e-16
0.6366666666666667,3.141592653589793,-0.7569950556517562,0.7569950556517562,0.0
0.6383333333333334,3.141592653589793,-0.7637960286346421,0.7637960286346421,0.0
0.64,3.141592653589793,-0.7705132427757894,0.7705132427757893,-1.1102230246251565e-16
0.6416666666666667,3.141592653589793,-0.7771459614569711,0.7771459614569711,0.0
0.6433333333333334,3.141592653589793,-0.7836934573258402,0.7836934573258402,0.0
0.645,3.141592653589793,-0.7901550123756904,0.7901550123756903,-1.1102230246251565e-16
0.6466666666666667,3.141592653589793,-0.7965299180241965,0.7965299180241964,-1.1102230246251565e-16
0.6483333333333334,3.141592653589793,-0.8028174751911148,0.8028174751911148,0.0
0.65,3.141592653589793,-0.8090169943749473,0.8090169943749472,-1.1102230246251565e-16
0.6516666666666667,3.141592653589793,-0.8151277957285543,0.8151277957285542,-1.1102230246251565e-16
0.6533333333333333,3.141592653589793,-0.8211492091337037,0.8211492091337036,-1.1102230246251565e-16
0.655,3.141592653589793,-0.8270805742745616,0.8270805742745616,0.0
0.6566666666666667,3.141592653589793,-0.8329212407100994,0.8329212407100993,-1.1102230246251565e-16
0.6583333333333333,3.141592653589793,-0.8386705679454242,0.838670567945424,-1.1102230246251565e-16
0.66,3.141592653589793,-0.8443279255020153,0.8443279255020152,-1.1102230246251565e-16
0.6616666666666667,3.141592653589793,-0.8498926929868642,0.8498926929868642,0.0
0.6633333333333333,3.141592653589793,-0.8553642601605066,0.8553642601605065,-1.1102230246251565e-16
0.665,3.141592653589793,-0.8607420270039438,0.8607420270039436,-1.1102230246251565e-16
0.6666666666666667,3.141592653589793,-0.8660254037844388,0.8660254037844388,0.0
0.6683333333333333,3.141592653589793,-0.8712138111201894,0.8712138111201893,-1.1102230246251565e-16
0.67,3.141592653589793,-0.8763066800438636,0.8763066800438636,0.0
0.6716666666666667,3.141592653589793,-0.8813034520649924,0.8813034520649923,-1.1102230246251565e-16
0.6733333333333333,3.141592653589793,-0.8862035792312145,0.8862035792312145,0.0
0.675,3.141592653589793,-0.8910065241883678,0.8910065241883678,0.0
0.6766666666666667,3.141592653589793,-0.8957117602394129,0.8957117602394128,-1.1102230246251565e-16
0.6783333333333333,3.141592653589793,-0.9003187714021936,0.9003187714021936,0.0
0.68,3.141592653589793,-0.9048270524660198,0.9048270524660197,-1.1102230246251565e-16
0.6816666666666668,3.141592653589793,-0.9092361090470689,0.9092361090470689,0.0
0.6833333333333333,3.141592653589793,-0.913545457642601,0.9135454576426009,-1.1102230246251565e-16
0.685,3.141592653589793,-0.9177546256839813,0.9177546256839813,0.0
0.6866666666666668,3.141592653589793,-0.9218631515885007,0.9218631515885007,0.0
0.6883333333333334,3.141592653589793,-0.9258705848099947,0.9258705848099947,0.0
0.6900000000000001,3.141592653589793,-0.9297764858882515,0.9297764858882515,0.0
0.6916666666666668,3.141592653589793,-0.9335804264972019,0.9335804264972019,0.0
0.6933333333333334,3.141592653589793,-0.9372819894918915,0.9372819894918913,-1.1102230246251565e-16
0.6950000000000001,3.141592653589793,-0.9408807689542255,0.9408807689542255,0.0
0.6966666666666667,3.141592653589793,-0.9443763702374809,0.9443763702374808,-1.1102230246251565e-16
0.6983333333333334,3.141592653589793,-0.9477684100095856,0.9477684100095856,0.0
0.7000000000000001,3.141592653589793,-0.9510565162951535,0.9510565162951535,0.0
0.7016666666666667,3.141592653589793,-0.9542403285162769,0.9542403285162768,-1.1102230246251565e-16
0.7033333333333334,3.141592653589793,-0.9573194975320674,0.9573194975320674,0.0
0.7050000000000001,3.141592653589793,-0.9602936856769432,0.9602936856769432,0.0
0.7066666666666667,3.141592653589793,-0.9631625667976581,0.9631625667976581,0.0
0.7083333333333334,3.141592653589793,-0.9659258262890683,0.9659258262890683,0.0
0.7100000000000001,3.141592653589793,-0.9685831611286312,0.9685831611286312,0.0
0.7116666666666667,3.141592653589793,-0.971134279909636,0.971134279909636,0.0
0.7133333333333334,3.141592653589793,-0.9735789028731603,0.9735789028731602,-1.1102230246251565e-16
0.7150000000000001,3.141592653589793,-0.9759167619387474,0.9759167619387474,0.0
0.7166666666666667,3.141592653589793,-0.9781476007338056,0.9781476007338055,-1.1102230246251565e-16
0.7183333333333334,3.141592653589793,-0.9802711746217218,0.9802711746217218,0.0
0.7200000000000001,3.141592653589793,-0.9822872507286887,0.9822872507286886,-1.1102230246251565e-16
0.7216666666666667,3.141592653589793,-0.984195607969242,0.984195607969242,0.0
0.7233333333333334,3.141592653589793,-0.985996037070505,0.985996037070505,0.0
0.7250000000000001,3.141592653589793,-0.9876883405951379,0.9876883405951378,-1.1102230246251565e-16
0.7266666666666667,3.141592653589793,-0.9892723329629883,0.9892723329629883,0.0
0.7283333333333334,3.141592653589793,-0.9907478404714436,0.9907478404714436,0.0
0.7300000000000001,3.141592653589793,-0.9921147013144779,0.9921147013144779,0.0
0.7316666666666667,3.141592653589793,-0.9933727656003964,0.9933727656003964,0.0
0.7333333333333334,3.141592653589793,-0.9945218953682734,0.9945218953682733,-1.1102230246251565e-16
0.7350000000000001,3.141592653589793,-0.99556196460308,0.99556196460308,0.0
0.7366666666666667,3.141592653589793,-0.9964928592495043,0.9964928592495043,0.0
0.7383333333333334,3.141592653589793,-0.9973144772244581,0.9973144772244581,0.0
0.7400000000000001,3.141592653589793,-0.9980267284282716,0.9980267284282716,0.0
0.7416666666666667,3.141592653589793,-0.9986295347545739,0.9986295347545739,0.0
0.7433333333333334,3.141592653589793,-0.9991228300988584,0.9991228300988584,0.0
0.745,3.141592653589793,-0.9995065603657316,0.9995065603657316,0.0
0.7466666666666667,3.141592653589793,-0.9997806834748455,0.9997806834748455,0.0
0.7483333333333334,3.141592653589793,-0.9999451693655121,0.9999451693655121,0.0
0.75,3.141592653589793,-1.0,1.0,0.0
0.7516666666666667,3.141592653589793,-0.9999451693655121,0.9999451693655121,0.0
0.7533333333333334,3.141592653589793,-0.9997806834748455,0.9997806834748455,0.0
0.755,3.141592653589793,-0.9995065603657316,0.9995065603657316,0.0
0.7566666666666667,3.141592653589793,-0.9991228300988584,0.9991228300988584,0.0
0.7583333333333334,3.141592653589793,-0.9986295347545738,0.9986295347545738,0.0
0.76,3.141592653589793,-0.9980267284282716,0.9980267284282716,0.0
0.7616666666666667,3.141592653589793,-0.9973144772244581,0.9973144772244581,0.0
0.7633333333333334,3.141592653589793,-0.9964928592495044,0.9964928592495044,0.0
0.765,3.141592653589793,-0.99556196460308,0.99556196460308,0.0
0.7666666666666667,3.141592653589793,-0.9945218953682733,0.9945218953682733,0.0
0.7683333333333334,3.141592653589793,-0.9933727656003963,0.9933727656003963,0.0
0.77,3.141592653589793,-0.9921147013144779,0.9921147013144779,0.0
0.7716666666666667,3.141592653589793,-0.9907478404714436,0.9907478404714436,0.0
0.7733333333333334,3.141592653589793,-0.9892723329629882,0.9892723329629884,2.220446049250313e-16
0.775,3.141592653589793,-0.9876883405951378,0.9876883405951379,1.1102230246251565e-16
0.7766666666666667,3.141592653589793,-0.9859960370705049,0.985996037070505,1.1102230246251565e-16
0.7783333333333334,3.141592653589793,-0.9841956079692419,0.9841956079692418,-1.1102230246251565e-16
0.78,3.141592653589793,-0.9822872507286887,0.9822872507286886,-1.1102230246251565e-16
0.7816666666666667,3.141592653589793,-0.9802711746217219,0.9802711746217219,0.0
0.7833333333333334,3.141592653589793,-0.9781476007338056,0.9781476007338058,2.220446049250313e-16
0.785,3.141592653589793,-0.9759167619387473,0.9759167619387473,0.0
0.7866666666666667,3.141592653589793,-0.9735789028731602,0.97357890287316,-2.220446049250313e-16
0.7883333333333333,3.141592653589793,-0.9711342799096361,0.9711342799096359,-2.220446049250313e-16
0.79,3.141592653589793,-0.9685831611286311,0.9685831611286311,0.0
0.7916666666666667,3.141592653589793,-0.9659258262890682,0.9659258262890684,2.220446049250313e-16
0.7933333333333333,3.141592653589793,-0.9631625667976582,0.9631625667976585,3.3306690738754696e-16
0.795,3.141592653589793,-0.9602936856769431,0.9602936856769431,0.0
0.7966666666666667,3.141592653589793,-0.9573194975320672,0.957319497532067,-2.220446049250313e-16
0.7983333333333333,3.141592653589793,-0.954240328516277,0.9542403285162768,-2.220446049250313e-16
0.8,3.141592653589793,-0.9510565162951536,0.9510565162951536,0.0
0.8016666666666667,3.141592653589793,-0.9477684100095857,0.947768410009586,3.3306690738754696e-16
0.8033333333333333,3.141592653589793,-0.944376370237481,0.944376370237481,0.0
0.805,3.141592653589793,-0.9408807689542253,0.940880768954225,-3.3306690738754696e-16
0.8066666666666668,3.141592653589793,-0.9372819894918912,0.9372819894918912,0.0
0.8083333333333333,3.141592653589793,-0.9335804264972017,0.9335804264972017,0.0
0.81,3.141592653589793,-0.9297764858882512,0.9297764858882517,4.440892098500626e-16
0.8116666666666668,3.141592653589793,-0.9258705848099945,0.9258705848099946,1.1102230246251565e-16
0.8133333333333334,3.141592653589793,-0.9218631515885005,0.9218631515885006,1.1102230246251565e-16
0.8150000000000001,3.141592653589793,-0.917754625683981,0.9177546256839808,-2.220446049250313e-16
0.8166666666666668,3.141592653589793,-0.9135454576426008,0.9135454576426008,0.0
0.8183333333333334,3.141592653589793,-0.9092361090470686,0.9092361090470688,1.1102230246251565e-16
0.8200000000000001,3.141592653589793,-0.9048270524660196,0.90482705246602,4.440892098500626e-16
0.8216666666666668,3.141592653589793,-0.9003187714021934,0.9003187714021935,1.1102230246251565e-16
0.8233333333333334,3.141592653589793,-0.895711760239413,0.8957117602394131,1.1102230246251565e-16
0.8250000000000001,3.141592653589793,-0.891006524188368,0.8910065241883676,-4.440892098500626e-16
0.8266666666666668,3.141592653589793,-0.8862035792312147,0.8862035792312147,0.0
0.8283333333333334,3.141592653589793,-0.881303452064992,0.8813034520649926,5.551115123125783e-16
0.8300000000000001,3.141592653589793,-0.8763066800438634,0.8763066800438634,0.0
0.8316666666666667,3.141592653589793,-0.8712138111201895,0.8712138111201896,1.1102230246251565e-16
0.8333333333333334,3.141592653589793,-0.8660254037844386,0.8660254037844383,-3.3306690738754696e-16
0.8350000000000001,3.141592653589793,-0.8607420270039434,0.8607420270039435,1.1102230246251565e-16
0.8366666666666667,3.141592653589793,-0.8553642601605068,0.8553642601605068,0.0
0.8383333333333334,3.141592653589793,-0.849892692986864,0.8498926929868645,5.551115123125783e-16
0.8400000000000001,3.141592653589793,-0.844327925502015,0.8443279255020151,1.1102230246251565e-16
0.8416666666666667,3.141592653589793,-0.8386705679454243,0.8386705679454244,1.1102230246251565e-16
0.8433333333333334,3.141592653589793,-0.8329212407100997,0.8329212407100992,-4.440892098500626e-16
0.8450000000000001,3.141592653589793,-0.8270805742745618,0.8270805742745619,1.1102230246251565e-16
0.8466666666666667,3.141592653589793,-0.8211492091337039,0.8211492091337045,5.551115123125783e-16
0.8483333333333334,3.141592653589793,-0.815127795728554,0.8151277957285541,1.1102230246251565e-16
0.8500000000000001,3.141592653589793,-0.809016994374947,0.8090169943749466,-4.440892098500626e-16
0.8516666666666667,3.141592653589793,-0.8028174751911145,0.802817475191114,-4.440892098500626e-16
0.8533333333333334,3.141592653589793,-0.7965299180241961,0.7965299180241961,0.0
0.8550000000000001,3.141592653589793,-0.7901550123756901,0.7901550123756906,5.551115123125783e-16
0.8566666666666667,3.141592653589793,-0.7836934573258398,0.7836934573258405,6.661338147750939e-16
0.8583333333333334,3.141592653589793,-0.7771459614569708,0.7771459614569709,1.1102230246251565e-16
0.8600000000000001,3.141592653589793,-0.770513242775789,0.7705132427757886,-4.440892098500626e-16
0.8616666666666667,3.141592653589793,-0.7637960286346424,0.7637960286346419,-4.440892098500626e-16
0.8633333333333334,3.141592653589793,-0.7569950556517565,0.7569950556517566,1.1102230246251565e-16
0.8650000000000001,3.141592653589793,-0.7501110696304595,0.7501110696304601,6.661338147750939e-16
0.8666666666666667,3.141592653589793,-0.743144825477394,0.7431448254773941,1.1102230246251565e-16
0.8683333333333334,3.141592653589793,-0.7360970871197339,0.7360970871197333,-5.551115123125783e-16
0.8700000000000001,3.141592653589793,-0.7289686274214109,0.728968627421411,1.1102230246251565e-16
0.8716666666666667,3.141592653589793,-0.721760228098362,0.7217602280983622,1.1102230246251565e-16
0.8733333333333334,3.141592653589793,-0.714472679632803,0.7144726796328038,7.771561172376096e-16
0.8750000000000001,3.141592653589793,-0.707106781186547,0.7071067811865471,1.1102230246251565e-16
0.8766666666666667,3.141592653589793,-0.6996633405133654,0.6996633405133654,0.0
0.8783333333333334,3.141592653589793,-0.6921431738704066,0.692143173870406,-5.551115123125783e-16
0.88,3.141592653589793,-0.684547105928689,0.6845471059286884,-5.551115123125783e-16
0.8816666666666667,3.141592653589793,-0.6768759696826608,0.676875969682661,1.1102230246251565e-16
0.8833333333333334,3.141592653589793,-0.6691306063588581,0.6691306063588589,7.771561172376096e-16
0.885,3.141592653589793,-0.6613118653236523,0.661311865323653,7.771561172376096e-16
0.8866666666666667,3.141592653589793,-0.6534206039901057,0.6534206039901058,1.1102230246251565e-16
0.8883333333333334,3.141592653589793,-0.6454576877239506,0.6454576877239501,-5.551115123125783e-16
0.89,3.141592653589793,-0.6374239897486896,0.6374239897486897,1.1102230246251565e-16
0.8916666666666667,3.141592653589793,-0.6293203910498372,0.629320391049838,7.771561172376096e-16
0.8933333333333334,3.141592653589793,-0.6211477802783099,0.62114778027831,1.1102230246251565e-16
0.895,3.141592653589793,-0.6129070536529765,0.6129070536529766,1.1102230246251565e-16
0.8966666666666667,3.141592653589793,-0.6045991148623747,0.604599114862374,-6.661338147750939e-16
0.8983333333333334,3.141592653589793,-0.5962248749656155,0.5962248749656156,1.1102230246251565e-16
0.9,3.141592653589793,-0.5877852522924734,0.5877852522924734,0.0
0.9016666666666667,3.141592653589793,-0.5792811723426788,0.5792811723426796,7.771561172376096e-16
0.9033333333333334,3.141592653589793,-0.5707135676844315,0.5707135676844316,1.1102230246251565e-16
0.905,3.141592653589793,-0.5620833778521309,0.562083377852131,1.1102230246251565e-16
0.9066666666666667,3.141592653589793,-0.5533915492433442,0.5533915492433436,-6.661338147750939e-16
0.9083333333333334,3.141592653589793,-0.544639035015027,0.5446390350150271,1.1102230246251565e-16
0.91,3.141592653589793,-0.5358267949789963,0.5358267949789972,8.881784197001252e-16
0.9116666666666667,3.141592653589793,-0.526955795496677,0.5269557954966771,1.1102230246251565e-16
0.9133333333333334,3.141592653589793,-0.5180270093731295,0.5180270093731288,-6.661338147750939e-16
0.915,3.141592653589793,-0.5090414157503712,0.5090414157503705,-6.661338147750939e-16
0.9166666666666667,3.141592653589793,-0.49999999999999967,0.4999999999999998,1.1102230246251565e-16
0.9183333333333334,3.141592653589793,-0.4909037536151403,0.49090375361514116,8.326672684688674e-16
0.92,3.141592653589793,-0.4817536741017153,0.4817536741017162,8.881784197001252e-16
0.9216666666666667,3.141592653589793,-0.47255076486905384,0.47255076486905395,1.1102230246251565e-16
0.9233333333333333,3.141592653589793,-0.4632960351198621,0.4632960351198622,1.1102230246251565e-16
0.925,3.141592653589793,-0.45399049973954697,0.4539904997395463,-6.661338147750939e-16
0.9266666666666667,3.141592653589793,-0.44463517918492745,0.44463517918492756,1.1102230246251565e-16
0.9283333333333333,3.141592653589793,-0.4352310993723273,0.4352310993723282,8.881784197001252e-16
0.93,3.141592653589793,-0.4257792915650722,0.4257792915650723,1.1102230246251565e-16
0.9316666666666668,3.141592653589793,-0.41628079226040055,0.4162807922603998,-7.216449660063518e-16
0.9333333333333333,3.141592653589793,-0.40673664307580015,0.40673664307579943,-7.216449660063518e-16
0.935,3.141592653589793,-0.39714789063478034,0.39714789063478045,1.1102230246251565e-16
0.9366666666666668,3.141592653589793,-0.3875155864521025,0.3875155864521034,8.881784197001252e-16
0.9383333333333334,3.141592653589793,-0.3778407868184672,0.37784078681846817,9.43689570931383e-16
0.9400000000000001,3.141592653589793,-0.36812455268467786,0.368124552684678,1.1102230246251565e-16
0.9416666666666668,3.141592653589793,-0.35836794954529994,0.3583679495452992,-7.216449660063518e-16
0.9433333333333334,3.141592653589793,-0.3485720473218155,0.3485720473218148,-7.216449660063518e-16
0.9450000000000001,3.141592653589793,-0.3387379202452914,0.33873792024529153,1.1102230246251565e-16
0.9466666666666668,3.141592653589793,-0.32886664673858307,0.328866646738584,9.43689570931383e-16
0.9483333333333334,3.141592653589793,-0.3189593092980704,0.31895930929807137,9.43689570931383e-16
0.9500000000000001,3.141592653589793,-0.3090169943749477,0.3090169943749478,1.1102230246251565e-16
0.9516666666666668,3.141592653589793,-0.29904079225608665,0.29904079225608593,-7.216449660063518e-16
0.9533333333333334,3.141592653589793,-0.28903179694447134,0.28903179694447145,1.1102230246251565e-16
0.9550000000000001,3.141592653589793,-0.2789911060392288,0.2789911060392298,9.992007221626409e-16
0.9566666666666668,3.141592653589793,-0.26891982061526504,0.26891982061526515,1.1102230246251565e-16
0.9583333333333334,3.141592653589793,-0.2588190451025207,0.2588190451025208,1.1102230246251565e-16
0.9600000000000001,3.141592653589793,-0.2486898871648545,0.24868988716485377,-7.216449660063518e-16
0.9616666666666668,3.141592653589793,-0.23853345757858035,0.2385334575785805,1.3877787807814457e-16
0.9633333333333334,3.141592653589793,-0.22835087011065586,0.22835087011065597,1.1102230246251565e-16
0.9650000000000001,3.141592653589793,-0.21814324139654243,0.21814324139654342,9.992007221626409e-16
0.9666666666666667,3.141592653589793,-0.20791169081775987,0.20791169081776084,9.71445146547012e-16
0.9683333333333334,3.141592653589793,-0.19765734037912644,0.19765734037912658,1.3877787807814457e-16
0.9700000000000001,3.141592653589793,-0.18738131458572468,0.18738131458572393,-7.494005416219807e-16
0.9716666666666667,3.141592653589793,-0.17708474031958313,0.17708474031958324,1.1102230246251565e-16
0.9733333333333334,3.141592653589793,-0.16676874671610187,0.16676874671610287,9.992007221626409e-16
0.9750000000000001,3.141592653589793,-0.15643446504023023,0.15643446504023034,1.1102230246251565e-16
0.9766666666666667,3.141592653589793,-0.14608302856241162,0.14608302856241173,1.1102230246251565e-16
0.9783333333333334,3.141592653589793,-0.13571557243430415,0.1357155724343034,-7.494005416219807e-16
0.9800000000000001,3.141592653589793,-0.1253332335643038,0.1253332335643039,1.1102230246251565e-16
0.9816666666666667,3.141592653589793,-0.11493715049286679,0.11493715049286692,1.249000902703301e-16
0.9833333333333334,3.141592653589793,-0.10452846326765342,0.10452846326765443,1.0130785099704553e-15
0.9850000000000001,3.141592653589793,-0.09410831331851403,0.09410831331851414,1.1102230246251565e-16
0.9866666666666667,3.141592653589793,-0.08367784333231584,0.08367784333231597,1.249000902703301e-16
0.9883333333333334,3.141592653589793,-0.07323819712763181,0.07323819712763105,-7.632783294297951e-16
0.9900000000000001,3.141592653589793,-0.06279051952931326,0.06279051952931339,1.249000902703301e-16
0.9916666666666667,3.141592653589793,-0.05233595624294348,0.052335956242944494,1.0130785099704553e-15
0.9933333333333334,3.141592653589793,-0.04187565372919905,0.041875653729199165,1.1796119636642288e-16
0.9950000000000001,3.141592653589793,-0.03141075907812747,0.03141075907812671,-7.632783294297951e-16
0.9966666666666667,3.141592653589793,-0.02094241988335679,0.020942419883356024,-7.667477763817487e-16
0.9983333333333334,3.141592653589793,-0.010471784116245386,0.01047178411624551,1.231653667943533e-16
1.0,3.141592653589793,-2.4492935982947064e-16,3.6739403974420594e-16,1.224646799147353e-16
1.0016666666666667,3.141592653589793,0.010471784116245785,-0.010471784116244774,1.0113437864944785e-15
1.0033333333333334,3.141592653589793,0.020942419883357186,-0.020942419883357065,1.214306433183765e-16
1.0050000000000001,3.141592653589793,0.03141075907812876,-0.03141075907812952,-7.632783294297951e-16
1.0066666666666668,3.141592653589793,0.04187565372920033,-0.041875653729200206,1.249000902703301e-16
1.0083333333333333,3.141592653589793,0.052335956242942995,-0.05233595624294376,-7.632783294297951e-16
1.01,3.141592653589793,0.06279051952931278,-0.06279051952931265,1.249000902703301e-16
1.0116666666666667,3.141592653589793,0.07323819712763133,-0.07323819712763031,1.0130785099704553e-15
1.0133333333333334,3.141592653589793,0.08367784333231536,-0.08367784333231525,1.1102230246251565e-16
1.0150000000000001,3.141592653589793,0.09410831331851442,-0.09410831331851519,-7.632783294297951e-16
1.0166666666666668,3.141592653589793,0.10452846326765382,-0.10452846326765369,1.249000902703301e-16
1.0183333333333333,3.141592653589793,0.1149371504928663,-0.11493715049286618,1.249000902703301e-16
1.02,3.141592653589793,0.12533323356430418,-0.12533323356430318,9.992007221626409e-16
1.0216666666666667,3.141592653589793,0.13571557243430454,-0.13571557243430443,1.1102230246251565e-16
1.0233333333333334,3.141592653589793,0.146083028562412,-0.14608302856241276,-7.494005416219807e-16
1.0250000000000001,3.141592653589793,0.1564344650402315,-0.15643446504023137,1.3877787807814457e-16
1.0266666666666668,3.141592653589793,0.16676874671610314,-0.16676874671610215,9.992007221626409e-16
1.0283333333333333,3.141592653589793,0.17708474031958263,-0.17708474031958252,1.1102230246251565e-16
1.03,3.141592653589793,0.1873813145857242,-0.1873813145857232,9.992007221626409e-16
1.0316666666666667,3.141592653589793,0.19765734037912597,-0.19765734037912586,1.1102230246251565e-16
1.0333333333333334,3.141592653589793,0.20791169081775937,-0.20791169081776012,-7.494005416219807e-16
1.0350000000000001,3.141592653589793,0.21814324139654281,-0.2181432413965427,1.1102230246251565e-16
1.0366666666666666,3.141592653589793,0.22835087011065539,-0.22835087011065525,1.3877787807814457e-16
1.0383333333333333,3.141592653589793,0.23853345757858074,-0.23853345757857977,9.71445146547012e-16
1.04,3.141592653589793,0.24868988716485488,-0.24868988716485477,1.1102230246251565e-16
1.0416666666666667,3.141592653589793,0.2588190451025211,-0.25881904510252185,-7.771561172376096e-16
1.0433333333333334,3.141592653589793,0.26891982061526626,-0.26891982061526615,1.1102230246251565e-16
1.0450000000000002,3.141592653589793,0.27899110603923005,-0.27899110603922905,9.992007221626409e-16
1.0466666666666666,3.141592653589793,0.2890317969444709,-0.2890317969444708,1.1102230246251565e-16
1.0483333333333333,3.141592653589793,0.2990407922560862,-0.2990407922560852,9.992007221626409e-16
1.05,3.141592653589793,0.3090169943749472,-0.30901699437494706,1.1102230246251565e-16
1.0516666666666667,3.141592653589793,0.3189593092980699,-0.31895930929807065,-7.216449660063518e-16
1.0533333333333335,3.141592653589793,0.32886664673858346,-0.32886664673858335,1.1102230246251565e-16
1.0550000000000002,3.141592653589793,0.3387379202452918,-0.33873792024529087,9.43689570931383e-16
1.0566666666666666,3.141592653589793,0.348572047321815,-0.34857204732181407,9.43689570931383e-16
1.0583333333333333,3.141592653589793,0.3583679495453003,-0.3583679495453002,1.1102230246251565e-16
1.06,3.141592653589793,0.3681245526846782,-0.3681245526846789,-7.216449660063518e-16
1.0616666666666668,3.141592653589793,0.3778407868184676,-0.3778407868184675,1.1102230246251565e-16
1.0633333333333335,3.141592653589793,0.38751558645210366,-0.3875155864521027,9.43689570931383e-16
1.0650000000000002,3.141592653589793,0.3971478906347815,-0.3971478906347814,1.1102230246251565e-16
1.0666666666666667,3.141592653589793,0.4067366430757997,-0.40673664307579876,9.43689570931383e-16
1.0683333333333334,3.141592653589793,0.4162807922604009,-0.41628079226040077,1.1102230246251565e-16
1.07,3.141592653589793,0.42577929156507255,-0.42577929156507327,-7.216449660063518e-16
1.0716666666666668,3.141592653589793,0.4352310993723276,-0.4352310993723275,1.1102230246251565e-16
1.0733333333333335,3.141592653589793,0.44463517918492784,-0.4446351791849269,9.43689570931383e-16
1.0750000000000002,3.141592653589793,0.45399049973954736,-0.45399049973954725,1.1102230246251565e-16
1.0766666666666667,3.141592653589793,0.4632960351198617,-0.4632960351198616,1.1102230246251565e-16
1.0783333333333334,3.141592653589793,0.4725507648690542,-0.47255076486905484,-6.661338147750939e-16
1.08,3.141592653589793,0.48175367410171566,-0.48175367410171555,1.1102230246251565e-16
1.0816666666666668,3.141592653589793,0.49090375361514144,-0.49090375361514055,8.881784197001252e-16
1.0833333333333335,3.141592653589793,0.5000000000000008,-0.5000000000000007,1.1102230246251565e-16
1.085,3.141592653589793,0.5090414157503708,-0.5090414157503699,8.881784197001252e-16
1.0866666666666667,3.141592653589793,0.5180270093731298,-0.5180270093731297,1.1102230246251565e-16
1.0883333333333334,3.141592653589793,0.5269557954966774,-0.526955795496678,-6.661338147750939e-16
1.09,3.141592653589793,0.5358267949789967,-0.5358267949789965,1.1102230246251565e-16
1.0916666666666668,3.141592653589793,0.5446390350150273,-0.5446390350150265,7.771561172376096e-16
1.0933333333333335,3.141592653589793,0.5533915492433445,-0.5533915492433444,1.1102230246251565e-16
1.095,3.141592653589793,0.5620833778521305,-0.5620833778521305,0.0
1.0966666666666667,3.141592653589793,0.5707135676844318,-0.5707135676844324,-5.551115123125783e-16
1.0983333333333334,3.141592653589793,0.5792811723426792,-0.5792811723426791,1.1102230246251565e-16
1.1,3.141592653589793,0.5877852522924736,-0.5877852522924728,7.771561172376096e-16
1.1016666666666668,3.141592653589793,0.5962248749656165,-0.5962248749656164,1.1102230246251565e-16
1.1033333333333335,3.141592653589793,0.6045991148623757,-0.6045991148623764,-6.661338147750939e-16
1.105,3.141592653589793,0.6129070536529762,-0.612907053652976,1.1102230246251565e-16
1.1066666666666667,3.141592653589793,0.6211477802783102,-0.6211477802783107,-5.551115123125783e-16
1.1083333333333334,3.141592653589793,0.6293203910498375,-0.6293203910498374,1.1102230246251565e-16
1.11,3.141592653589793,0.63742398974869,-0.6374239897486892,7.771561172376096e-16
1.1116666666666668,3.141592653589793,0.645457687723951,-0.6454576877239508,1.1102230246251565e-16
1.1133333333333335,3.141592653589793,0.653420603990106,-0.6534206039901066,-5.551115123125783e-16
1.115,3.141592653589793,0.6613118653236519,-0.6613118653236525,-5.551115123125783e-16
1.1166666666666667,3.141592653589793,0.6691306063588585,-0.6691306063588583,1.1102230246251565e-16
1.1183333333333334,3.141592653589793,0.6768759696826612,-0.6768759696826604,7.771561172376096e-16
1.12,3.141592653589793,0.6845471059286893,-0.6845471059286892,1.1102230246251565e-16
1.1216666666666668,3.141592653589793,0.6921431738704076,-0.6921431738704081,-5.551115123125783e-16
1.1233333333333333,3.141592653589793,0.699663340513365,-0.699663340513365,0.0
1.125,3.141592653589793,0.7071067811865474,-0.7071067811865479,-5.551115123125783e-16
1.1266666666666667,3.141592653589793,0.7144726796328034,-0.7144726796328033,1.1102230246251565e-16
1.1283333333333334,3.141592653589793,0.7217602280983623,-0.7217602280983616,6.661338147750939e-16
1.1300000000000001,3.141592653589793,0.7289686274214119,-0.7289686274214118,1.1102230246251565e-16
1.1316666666666668,3.141592653589793,0.7360970871197348,-0.7360970871197353,-5.551115123125783e-16
1.1333333333333333,3.141592653589793,0.7431448254773937,-0.7431448254773936,1.1102230246251565e-16
1.135,3.141592653589793,0.7501110696304591,-0.7501110696304596,-4.440892098500626e-16
1.1366666666666667,3.141592653589793,0.7569950556517562,-0.7569950556517561,1.1102230246251565e-16
1.1383333333333334,3.141592653589793,0.7637960286346421,-0.7637960286346415,6.661338147750939e-16
1.1400000000000001,3.141592653589793,0.7705132427757893,-0.7705132427757891,1.1102230246251565e-16
1.1416666666666668,3.141592653589793,0.7771459614569711,-0.7771459614569716,-4.440892098500626e-16
1.1433333333333333,3.141592653589793,0.7836934573258396,-0.7836934573258401,-4.440892098500626e-16
1.145,3.141592653589793,0.7901550123756903,-0.7901550123756902,1.1102230246251565e-16
1.1466666666666667,3.141592653589793,0.7965299180241964,-0.7965299180241957,6.661338147750939e-16
1.1483333333333334,3.141592653589793,0.8028174751911148,-0.8028174751911147,1.1102230246251565e-16
1.1500000000000001,3.141592653589793,0.8090169943749478,-0.8090169943749482,-4.440892098500626e-16
1.1516666666666668,3.141592653589793,0.8151277957285546,-0.8151277957285546,0.0
1.1533333333333333,3.141592653589793,0.8211492091337036,-0.821149209133704,-4.440892098500626e-16
1.155,3.141592653589793,0.8270805742745616,-0.8270805742745615,1.1102230246251565e-16
1.1566666666666667,3.141592653589793,0.8329212407100993,-0.8329212407100988,5.551115123125783e-16
1.1583333333333334,3.141592653589793,0.838670567945424,-0.8386705679454239,1.1102230246251565e-16
1.1600000000000001,3.141592653589793,0.8443279255020152,-0.8443279255020156,-4.440892098500626e-16
1.1616666666666668,3.141592653589793,0.8498926929868642,-0.8498926929868641,1.1102230246251565e-16
1.1633333333333333,3.141592653589793,0.8553642601605065,-0.8553642601605065,0.0
1.165,3.141592653589793,0.8607420270039436,-0.8607420270039432,4.440892098500626e-16
1.1666666666666667,3.141592653589793,0.8660254037844388,-0.8660254037844387,1.1102230246251565e-16
1.1683333333333334,3.141592653589793,0.8712138111201897,-0.87121381112019,-3.3306690738754696e-16
1.1700000000000002,3.141592653589793,0.8763066800438639,-0.8763066800438639,0.0
1.1716666666666666,3.141592653589793,0.8813034520649918,-0.8813034520649922,-3.3306690738754696e-16
1.1733333333333333,3.141592653589793,0.8862035792312145,-0.8862035792312144,1.1102230246251565e-16
1.175,3.141592653589793,0.8910065241883678,-0.8910065241883672,5.551115123125783e-16
1.1766666666666667,3.141592653589793,0.8957117602394128,-0.8957117602394128,0.0
1.1783333333333335,3.141592653589793,0.9003187714021936,-0.900318771402194,-3.3306690738754696e-16
1.1800000000000002,3.141592653589793,0.9048270524660197,-0.9048270524660197,0.0
1.1816666666666666,3.141592653589793,0.9092361090470684,-0.9092361090470684,0.0
1.1833333333333333,3.141592653589793,0.9135454576426009,-0.9135454576426005,3.3306690738754696e-16
1.185,3.141592653589793,0.9177546256839813,-0.9177546256839811,1.1102230246251565e-16
1.1866666666666668,3.141592653589793,0.9218631515885007,-0.9218631515885011,-3.3306690738754696e-16
1.1883333333333335,3.141592653589793,0.9258705848099951,-0.925870584809995,1.1102230246251565e-16
1.1900000000000002,3.141592653589793,0.9297764858882518,-0.9297764858882513,4.440892098500626e-16
1.1916666666666667,3.141592653589793,0.9335804264972015,-0.9335804264972015,0.0
1.1933333333333334,3.141592653589793,0.9372819894918913,-0.937281989491891,3.3306690738754696e-16
1.195,3.141592653589793,0.9408807689542255,-0.9408807689542253,1.1102230246251565e-16
1.1966666666666668,3.141592653589793,0.9443763702374811,-0.9443763702374813,-2.220446049250313e-16
1.1983333333333335,3.141592653589793,0.9477684100095858,-0.9477684100095858,0.0
1.2000000000000002,3.141592653589793,0.9510565162951538,-0.9510565162951534,3.3306690738754696e-16
1.2016666666666667,3.141592653589793,0.9542403285162768,-0.9542403285162766,2.220446049250313e-16
1.2033333333333334,3.141592653589793,0.9573194975320674,-0.9573194975320672,1.1102230246251565e-16
1.205,3.141592653589793,0.9602936856769432,-0.9602936856769434,-2.220446049250313e-16
1.2066666666666668,3.141592653589793,0.9631625667976583,-0.9631625667976583,0.0
1.2083333333333335,3.141592653589793,0.9659258262890685,-0.9659258262890683,2.220446049250313e-16
1.2100000000000002,3.141592653589793,0.9685831611286314,-0.9685831611286314,0.0
1.2116666666666667,3.141592653589793,0.971134279909636,-0.9711342799096357,2.220446049250313e-16
1.2133333333333334,3.141592653589793,0.9735789028731602,-0.9735789028731602,0.0
1.215,3.141592653589793,0.9759167619387474,-0.9759167619387475,-1.1102230246251565e-16
1.2166666666666668,3.141592653589793,0.9781476007338057,-0.9781476007338057,0.0
1.2183333333333335,3.141592653589793,0.980271174621722,-0.9802711746217218,2.220446049250313e-16
1.22,3.141592653589793,0.9822872507286886,-0.9822872507286885,1.1102230246251565e-16
1.2216666666666667,3.141592653589793,0.984195607969242,-0.9841956079692419,1.1102230246251565e-16
1.2233333333333334,3.141592653589793,0.985996037070505,-0.9859960370705051,-1.1102230246251565e-16
1.225,3.141592653589793,0.9876883405951378,-0.9876883405951378,0.0
1.2266666666666668,3.141592653589793,0.9892723329629884,-0.9892723329629883,1.1102230246251565e-16
1.2283333333333335,3.141592653589793,0.9907478404714437,-0.9907478404714437,0.0
1.23,3.141592653589793,0.9921147013144778,-0.9921147013144777,1.1102230246251565e-16
1.2316666666666667,3.141592653589793,0.9933727656003964,-0.9933727656003963,1.1102230246251565e-16
1.2333333333333334,3.141592653589793,0.9945218953682733,-0.9945218953682734,-1.1102230246251565e-16
1.235,3.141592653589793,0.99556196460308,-0.99556196460308,0.0
1.2366666666666668,3.141592653589793,0.9964928592495044,-0.9964928592495043,1.1102230246251565e-16
1.2383333333333335,3.141592653589793,0.9973144772244582,-0.9973144772244581,1.1102230246251565e-16
1.24,3.141592653589793,0.9980267284282716,-0.9980267284282716,0.0
1.2416666666666667,3.141592653589793,0.9986295347545739,-0.9986295347545739,0.0
1.2433333333333334,3.141592653589793,0.9991228300988584,-0.9991228300988584,0.0
1.245,3.141592653589793,0.9995065603657316,-0.9995065603657316,0.0
1.2466666666666668,3.141592653589793,0.9997806834748455,-0.9997806834748455,0.0
1.2483333333333335,3.141592653589793,0.9999451693655121,-0.9999451693655121,0.0
1.25,3.141592653589793,1.0,-1.0,0.0
1.2516666666666667,3.141592653589793,0.9999451693655121,-0.9999451693655121,0.0
1.2533333333333334,3.141592653589793,0.9997806834748455,-0.9997806834748455,0.0
1.2550000000000001,3.141592653589793,0.9995065603657315,-0.9995065603657316,-1.1102230246251565e-16
1.2566666666666668,3.141592653589793,0.9991228300988583,-0.9991228300988584,-1.1102230246251565e-16
1.2583333333333333,3.141592653589793,0.9986295347545739,-0.9986295347545739,0.0
1.26,3.141592653589793,0.9980267284282716,-0.9980267284282716,0.0
1.2616666666666667,3.141592653589793,0.9973144772244581,-0.9973144772244581,0.0
1.2633333333333334,3.141592653589793,0.9964928592495044,-0.9964928592495044,0.0
1.2650000000000001,3.141592653589793,0.99556196460308,-0.9955619646030801,-1.1102230246251565e-16
1.2666666666666668,3.141592653589793,0.9945218953682733,-0.9945218953682733,0.0
1.2683333333333333,3.141592653589793,0.9933727656003964,-0.9933727656003964,0.0
1.27,3.141592653589793,0.9921147013144779,-0.9921147013144778,1.1102230246251565e-16
1.2716666666666667,3.141592653589793,0.9907478404714436,-0.9907478404714436,0.0
1.2733333333333334,3.141592653589793,0.9892723329629884,-0.9892723329629884,0.0
1.2750000000000001,3.141592653589793,0.9876883405951377,-0.9876883405951377,0.0
1.2766666666666668,3.141592653589793,0.985996037070505,-0.985996037070505,0.0
1.2783333333333333,3.141592653589793,0.9841956079692421,-0.9841956079692421,0.0
1.28,3.141592653589793,0.9822872507286886,-0.9822872507286886,0.0
1.2816666666666667,3.141592653589793,0.9802711746217219,-0.9802711746217219,0.0
1.2833333333333334,3.141592653589793,0.9781476007338055,-0.9781476007338055,0.0
1.2850000000000001,3.141592653589793,0.9759167619387473,-0.9759167619387473,0.0
1.2866666666666668,3.141592653589793,0.97357890287316,-0.97357890287316,0.0
1.2883333333333333,3.141592653589793,0.9711342799096363,-0.9711342799096363,0.0
1.29,3.141592653589793,0.9685831611286311,-0.9685831611286312,-1.1102230246251565e-16
1.2916666666666667,3.141592653589793,0.9659258262890684,-0.9659258262890684,0.0
1.2933333333333334,3.141592653589793,0.963162566797658,-0.9631625667976581,-1.1102230246251565e-16
1.2950000000000002,3.141592653589793,0.9602936856769431,-0.9602936856769432,-1.1102230246251565e-16
1.2966666666666669,3.141592653589793,0.957319497532067,-0.957319497532067,0.0
1.2983333333333333,3.141592653589793,0.9542403285162768,-0.9542403285162768,0.0
1.3,3.141592653589793,0.9510565162951536,-0.9510565162951538,-1.1102230246251565e-16
1.3016666666666667,3.141592653589793,0.9477684100095854,-0.9477684100095854,0.0
1.3033333333333335,3.141592653589793,0.944376370237481,-0.944376370237481,0.0
1.3050000000000002,3.141592653589793,0.940880768954225,-0.9408807689542251,-1.1102230246251565e-16
1.3066666666666666,3.141592653589793,0.9372819894918919,-0.9372819894918919,0.0
1.3083333333333333,3.141592653589793,0.9335804264972017,-0.9335804264972019,-1.1102230246251565e-16
1.31,3.141592653589793,0.9297764858882517,-0.9297764858882517,0.0
1.3116666666666668,3.141592653589793,0.9258705848099946,-0.9258705848099946,0.0
1.3133333333333335,3.141592653589793,0.9218631515885006,-0.9218631515885006,0.0
1.3150000000000002,3.141592653589793,0.9177546256839808,-0.9177546256839808,0.0
1.3166666666666667,3.141592653589793,0.9135454576426008,-0.9135454576426009,-1.1102230246251565e-16
1.3183333333333334,3.141592653589793,0.9092361090470688,-0.9092361090470688,0.0
1.32,3.141592653589793,0.9048270524660192,-0.9048270524660192,0.0
1.3216666666666668,3.141592653589793,0.9003187714021935,-0.9003187714021935,0.0
1.3233333333333335,3.141592653589793,0.8957117602394123,-0.8957117602394123,0.0
1.3250000000000002,3.141592653589793,0.8910065241883676,-0.8910065241883677,-1.1102230246251565e-16
1.3266666666666667,3.141592653589793,0.8862035792312147,-0.8862035792312148,-1.1102230246251565e-16
1.3283333333333334,3.141592653589793,0.8813034520649926,-0.8813034520649926,0.0
1.33,3.141592653589793,0.8763066800438634,-0.8763066800438635,-1.1102230246251565e-16
1.3316666666666668,3.141592653589793,0.8712138111201896,-0.8712138111201896,0.0
1.3333333333333335,3.141592653589793,0.8660254037844383,-0.8660254037844383,0.0
1.3350000000000002,3.141592653589793,0.8607420270039435,-0.8607420270039436,-1.1102230246251565e-16
1.3366666666666667,3.141592653589793,0.8553642601605068,-0.8553642601605069,-1.1102230246251565e-16
1.3383333333333334,3.141592653589793,0.8498926929868635,-0.8498926929868637,-1.1102230246251565e-16
1.34,3.141592653589793,0.8443279255020151,-0.8443279255020152,-1.1102230246251565e-16
1.3416666666666668,3.141592653589793,0.8386705679454234,-0.8386705679454235,-1.1102230246251565e-16
1.3433333333333335,3.141592653589793,0.8329212407100992,-0.8329212407100993,-1.1102230246251565e-16
1.3450000000000002,3.141592653589793,0.8270805742745609,-0.8270805742745609,0.0
1.3466666666666667,3.141592653589793,0.8211492091337045,-0.8211492091337046,-1.1102230246251565e-16
1.3483333333333334,3.141592653589793,0.8151277957285541,-0.8151277957285541,0.0
1.35,3.141592653589793,0.8090169943749476,-0.8090169943749477,-1.1102230246251565e-16
1.3516666666666668,3.141592653589793,0.802817475191114,-0.8028174751911141,-1.1102230246251565e-16
1.3533333333333335,3.141592653589793,0.7965299180241961,-0.7965299180241963,-1.1102230246251565e-16
1.355,3.141592653589793,0.7901550123756906,-0.7901550123756907,-1.1102230246251565e-16
1.3566666666666667,3.141592653589793,0.7836934573258394,-0.7836934573258395,-1.1102230246251565e-16
1.3583333333333334,3.141592653589793,0.7771459614569709,-0.777145961456971,-1.1102230246251565e-16
1.36,3.141592653589793,0.7705132427757886,-0.7705132427757886,0.0
1.3616666666666668,3.141592653589793,0.7637960286346419,-0.763796028634642,-1.1102230246251565e-16
1.3633333333333335,3.141592653589793,0.7569950556517554,-0.7569950556517555,-1.1102230246251565e-16
1.365,3.141592653589793,0.7501110696304601,-0.7501110696304601,0.0
1.3666666666666667,3.141592653589793,0.7431448254773941,-0.7431448254773941,0.0
1.3683333333333334,3.141592653589793,0.7360970871197345,-0.7360970871197346,-1.1102230246251565e-16
1.37,3.141592653589793,0.728968627421411,-0.7289686274214111,-1.1102230246251565e-16
1.3716666666666668,3.141592653589793,0.7217602280983622,-0.7217602280983623,-1.1102230246251565e-16
1.3733333333333335,3.141592653589793,0.7144726796328025,-0.7144726796328026,-1.1102230246251565e-16
1.375,3.141592653589793,0.7071067811865483,-0.7071067811865485,-1.1102230246251565e-16
1.3766666666666667,3.141592653589793,0.6996633405133654,-0.6996633405133655,-1.1102230246251565e-16
1.3783333333333334,3.141592653589793,0.692143173870406,-0.6921431738704061,-1.1102230246251565e-16
1.3800000000000001,3.141592653589793,0.6845471059286884,-0.6845471059286885,-1.1102230246251565e-16
1.3816666666666668,3.141592653589793,0.6768759696826596,-0.6768759696826597,-1.1102230246251565e-16
1.3833333333333335,3.141592653589793,0.6691306063588576,-0.6691306063588577,-1.1102230246251565e-16
1.385,3.141592653589793,0.6613118653236517,-0.6613118653236518,-1.1102230246251565e-16
1.3866666666666667,3.141592653589793,0.6534206039901058,-0.6534206039901058,0.0
1.3883333333333334,3.141592653589793,0.6454576877239501,-0.6454576877239502,-1.1102230246251565e-16
1.3900000000000001,3.141592653589793,0.6374239897486897,-0.6374239897486897,0.0
1.3916666666666668,3.141592653589793,0.6293203910498366,-0.6293203910498366,0.0
1.3933333333333333,3.141592653589793,0.6211477802783114,-0.6211477802783115,-1.1102230246251565e-16
1.395,3.141592653589793,0.6129070536529766,-0.6129070536529767,-1.1102230246251565e-16
1.3966666666666667,3.141592653589793,0.6045991148623755,-0.6045991148623756,-1.1102230246251565e-16
1.3983333333333334,3.141592653589793,0.5962248749656156,-0.5962248749656156,0.0
1.4000000000000001,3.141592653589793,0.5877852522924734,-0.5877852522924735,-1.1102230246251565e-16
1.4016666666666668,3.141592653589793,0.5792811723426782,-0.5792811723426783,-1.1102230246251565e-16
1.4033333333333333,3.141592653589793,0.5707135676844316,-0.5707135676844317,-1.1102230246251565e-16
1.405,3.141592653589793,0.562083377852131,-0.5620833778521311,-1.1102230246251565e-16
1.4066666666666667,3.141592653589793,0.5533915492433436,-0.5533915492433437,-1.1102230246251565e-16
1.4083333333333334,3.141592653589793,0.5446390350150271,-0.5446390350150272,-1.1102230246251565e-16
1.4100000000000001,3.141592653589793,0.5358267949789957,-0.5358267949789958,-1.1102230246251565e-16
1.4116666666666668,3.141592653589793,0.5269557954966771,-0.5269557954966773,-1.1102230246251565e-16
1.4133333333333333,3.141592653589793,0.5180270093731304,-0.5180270093731305,-1.1102230246251565e-16
1.415,3.141592653589793,0.5090414157503721,-0.5090414157503722,-1.1102230246251565e-16
1.4166666666666667,3.141592653589793,0.4999999999999998,-0.4999999999999999,-1.1102230246251565e-16
1.4183333333333334,3.141592653589793,0.49090375361514116,-0.49090375361514127,-1.1102230246251565e-16
1.4200000000000002,3.141592653589793,0.48175367410171466,-0.48175367410171477,-1.1102230246251565e-16
1.4216666666666669,3.141592653589793,0.47255076486905395,-0.47255076486905406,-1.1102230246251565e-16
1.4233333333333333,3.141592653589793,0.4632960351198622,-0.46329603511986234,-1.1102230246251565e-16
1.425,3.141592653589793,0.4539904997395463,-0.4539904997395464,-1.1102230246251565e-16
1.4266666666666667,3.141592653589793,0.44463517918492756,-0.4446351791849277,-1.1102230246251565e-16
1.4283333333333335,3.141592653589793,0.43523109937232657,-0.4352310993723267,-1.1102230246251565e-16
1.4300000000000002,3.141592653589793,0.4257792915650723,-0.42577929156507244,-1.1102230246251565e-16
1.4316666666666669,3.141592653589793,0.4162807922603998,-0.41628079226039993,-1.1102230246251565e-16
1.4333333333333333,3.141592653589793,0.40673664307580104,-0.4067366430758012,-1.6653345369377348e-16
1.435,3.141592653589793,0.39714789063478045,-0.39714789063478056,-1.1102230246251565e-16
1.4366666666666668,3.141592653589793,0.3875155864521034,-0.38751558645210354,-1.6653345369377348e-16
1.4383333333333335,3.141592653589793,0.3778407868184665,-0.3778407868184666,-1.1102230246251565e-16
1.4400000000000002,3.141592653589793,0.368124552684678,-0.3681245526846781,-1.1102230246251565e-16
1.4416666666666667,3.141592653589793,0.3583679495453009,-0.358367949545301,-1.1102230246251565e-16
1.4433333333333334,3.141592653589793,0.3485720473218148,-0.3485720473218149,-1.1102230246251565e-16
1.445,3.141592653589793,0.33873792024529153,-0.33873792024529165,-1.1102230246251565e-16
1.4466666666666668,3.141592653589793,0.32886664673858235,-0.32886664673858246,-1.1102230246251565e-16
1.4483333333333335,3.141592653589793,0.3189593092980697,-0.3189593092980698,-1.1102230246251565e-16
1.4500000000000002,3.141592653589793,0.30901699437494606,-0.3090169943749462,-1.1102230246251565e-16
1.4516666666666667,3.141592653589793,0.29904079225608765,-0.29904079225608776,-1.1102230246251565e-16
1.4533333333333334,3.141592653589793,0.28903179694447145,-0.2890317969444716,-1.6653345369377348e-16
1.455,3.141592653589793,0.2789911060392298,-0.2789911060392299,-1.1102230246251565e-16
1.4566666666666668,3.141592653589793,0.26891982061526515,-0.26891982061526526,-1.1102230246251565e-16
1.4583333333333335,3.141592653589793,0.2588190451025208,-0.25881904510252096,-1.6653345369377348e-16
1.4600000000000002,3.141592653589793,0.24868988716485377,-0.24868988716485388,-1.1102230246251565e-16
1.4616666666666667,3.141592653589793,0.2385334575785805,-0.2385334575785806,-1.1102230246251565e-16
1.4633333333333334,3.141592653589793,0.22835087011065597,-0.2283508701106561,-1.3877787807814457e-16
1.465,3.141592653589793,0.21814324139654168,-0.21814324139654181,-1.3877787807814457e-16
1.4666666666666668,3.141592653589793,0.20791169081775912,-0.20791169081775923,-1.1102230246251565e-16
1.4683333333333335,3.141592653589793,0.19765734037912483,-0.19765734037912494,-1.1102230246251565e-16
1.4700000000000002,3.141592653589793,0.18738131458572393,-0.18738131458572405,-1.1102230246251565e-16
1.4716666666666667,3.141592653589793,0.17708474031958324,-0.17708474031958335,-1.1102230246251565e-16
1.4733333333333334,3.141592653589793,0.16676874671610287,-0.16676874671610298,-1.1102230246251565e-16
1.475,3.141592653589793,0.15643446504023034,-0.15643446504023048,-1.3877787807814457e-16
1.4766666666666668,3.141592653589793,0.14608302856241173,-0.14608302856241187,-1.3877787807814457e-16
1.4783333333333335,3.141592653589793,0.1357155724343034,-0.13571557243430352,-1.1102230246251565e-16
1.4800000000000002,3.141592653589793,0.1253332335643039,-0.125333233564304,-1.1102230246251565e-16
1.4816666666666667,3.141592653589793,0.11493715049286692,-0.11493715049286703,-1.1102230246251565e-16
1.4833333333333334,3.141592653589793,0.10452846326765265,-0.10452846326765278,-1.249000902703301e-16
1.485,3.141592653589793,0.09410831331851414,-0.09410831331851427,-1.249000902703301e-16
1.4866666666666668,3.141592653589793,0.0836778433323142,-0.08367784333231433,-1.249000902703301e-16
1.4883333333333335,3.141592653589793,0.07323819712763105,-0.07323819712763117,-1.249000902703301e-16
1.49,3.141592653589793,0.06279051952931339,-0.06279051952931351,-1.249000902703301e-16
1.4916666666666667,3.141592653589793,0.052335956242944494,-0.05233595624294462,-1.249000902703301e-16
1.4933333333333334,3.141592653589793,0.041875653729199165,-0.04187565372919929,-1.249000902703301e-16
1.495,3.141592653589793,0.03141075907812848,-0.031410759078128604,-1.249000902703301e-16
1.4966666666666668,3.141592653589793,0.020942419883356024,-0.020942419883356145,-1.214306433183765e-16
1.4983333333333335,3.141592653589793,0.01047178411624551,-0.01047178411624563,-1.214306433183765e-16
1.5,3.141592653589793,3.6739403974420594e-16,-4.898587196589413e-16,-1.2246467991473535e-16
1.5016666666666667,3.141592653589793,-0.01047178411624655,0.010471784116246429,-1.214306433183765e-16
1.5033333333333334,3.141592653589793,-0.020942419883357065,0.020942419883356943,-1.214306433183765e-16
1.5050000000000001,3.141592653589793,-0.03141075907812952,0.0314107590781294,-1.1796119636642288e-16
1.5066666666666668,3.141592653589793,-0.041875653729200206,0.04187565372920009,-1.1796119636642288e-16
1.5083333333333335,3.141592653589793,-0.052335956242945535,0.05233595624294541,-1.249000902703301e-16
1.51,3.141592653589793,-0.06279051952931265,0.06279051952931253,-1.249000902703301e-16
1.5116666666666667,3.141592653589793,-0.07323819712763209,0.07323819712763197,-1.249000902703301e-16
1.5133333333333334,3.141592653589793,-0.08367784333231525,0.08367784333231512,-1.249000902703301e-16
1.5150000000000001,3.141592653589793,-0.09410831331851519,0.09410831331851506,-1.249000902703301e-16
1.5166666666666668,3.141592653589793,-0.10452846326765369,0.10452846326765357,-1.249000902703301e-16
1.5183333333333335,3.141592653589793,-0.11493715049286794,0.11493715049286782,-1.249000902703301e-16
1.52,3.141592653589793,-0.12533323356430318,0.12533323356430304,-1.3877787807814457e-16
1.5216666666666667,3.141592653589793,-0.13571557243430443,0.1357155724343043,-1.3877787807814457e-16
1.5233333333333334,3.141592653589793,-0.146083028562411,0.1460830285624109,-1.1102230246251565e-16
1.5250000000000001,3.141592653589793,-0.15643446504023137,0.15643446504023126,-1.1102230246251565e-16
1.5266666666666668,3.141592653589793,-0.16676874671610215,0.166768746716102,-1.3877787807814457e-16
1.5283333333333333,3.141592653589793,-0.17708474031958252,0.1770847403195824,-1.1102230246251565e-16
1.53,3.141592653589793,-0.18738131458572496,0.18738131458572485,-1.1102230246251565e-16
1.5316666666666667,3.141592653589793,-0.19765734037912586,0.19765734037912572,-1.3877787807814457e-16
1.5333333333333334,3.141592653589793,-0.20791169081776012,0.20791169081776,-1.1102230246251565e-16
1.5350000000000001,3.141592653589793,-0.2181432413965427,0.2181432413965426,-1.1102230246251565e-16
1.5366666666666668,3.141592653589793,-0.228350870110657,0.22835087011065686,-1.3877787807814457e-16
1.5383333333333333,3.141592653589793,-0.23853345757857977,0.23853345757857966,-1.1102230246251565e-16
1.54,3.141592653589793,-0.24868988716485477,0.24868988716485466,-1.1102230246251565e-16
1.5416666666666667,3.141592653589793,-0.25881904510252013,0.25881904510252,-1.1102230246251565e-16
1.5433333333333334,3.141592653589793,-0.26891982061526615,0.26891982061526604,-1.1102230246251565e-16
1.5450000000000002,3.141592653589793,-0.27899110603922905,0.27899110603922894,-1.1102230246251565e-16
1.5466666666666669,3.141592653589793,-0.28903179694447245,0.28903179694447234,-1.1102230246251565e-16
1.5483333333333333,3.141592653589793,-0.29904079225608693,0.2990407922560868,-1.1102230246251565e-16
1.55,3.141592653589793,-0.30901699437494706,0.30901699437494695,-1.1102230246251565e-16
1.5516666666666667,3.141592653589793,-0.31895930929807065,0.31895930929807054,-1.1102230246251565e-16
1.5533333333333335,3.141592653589793,-0.32886664673858335,0.32886664673858323,-1.1102230246251565e-16
1.5550000000000002,3.141592653589793,-0.33873792024529253,0.3387379202452924,-1.1102230246251565e-16
1.5566666666666669,3.141592653589793,-0.34857204732181574,0.3485720473218156,-1.1102230246251565e-16
1.5583333333333333,3.141592653589793,-0.3583679495453002,0.3583679495453001,-1.1102230246251565e-16
1.56,3.141592653589793,-0.36812455268467725,0.36812455268467714,-1.1102230246251565e-16
1.5616666666666668,3.141592653589793,-0.3778407868184675,0.3778407868184674,-1.1102230246251565e-16
1.5633333333333335,3.141592653589793,-0.3875155864521027,0.3875155864521026,-1.1102230246251565e-16
1.5650000000000002,3.141592653589793,-0.3971478906347814,0.3971478906347813,-1.1102230246251565e-16
1.5666666666666669,3.141592653589793,-0.4067366430758004,0.40673664307580026,-1.1102230246251565e-16
1.5683333333333334,3.141592653589793,-0.41628079226040077,0.41628079226040066,-1.1102230246251565e-16
1.57,3.141592653589793,-0.42577929156507327,0.42577929156507316,-1.1102230246251565e-16
1.5716666666666668,3.141592653589793,-0.4352310993723275,0.4352310993723274,-1.1102230246251565e-16
1.5733333333333335,3.141592653589793,-0.4446351791849285,0.4446351791849284,-1.1102230246251565e-16
1.5750000000000002,3.141592653589793,-0.45399049973954725,0.45399049973954714,-1.1102230246251565e-16
1.5766666666666667,3.141592653589793,-0.4632960351198616,0.4632960351198615,-1.1102230246251565e-16
1.5783333333333334,3.141592653589793,-0.4725507648690533,0.4725507648690532,-1.1102230246251565e-16
1.58,3.141592653589793,-0.48175367410171555,0.48175367410171543,-1.1102230246251565e-16
1.5816666666666668,3.141592653589793,-0.49090375361514055,0.49090375361514044,-1.1102230246251565e-16
1.5833333333333335,3.141592653589793,-0.5000000000000007,0.5000000000000006,-1.1102230246251565e-16
1.5850000000000002,3.141592653589793,-0.5090414157503714,0.5090414157503713,-1.1102230246251565e-16
1.5866666666666667,3.141592653589793,-0.5180270093731297,0.5180270093731296,-1.1102230246251565e-16
1.5883333333333334,3.141592653589793,-0.526955795496678,0.5269557954966779,-1.1102230246251565e-16
1.59,3.141592653589793,-0.5358267949789965,0.5358267949789964,-1.1102230246251565e-16
1.5916666666666668,3.141592653589793,-0.544639035015028,0.5446390350150279,-1.1102230246251565e-16
1.5933333333333335,3.141592653589793,-0.5533915492433444,0.5533915492433443,-1.1102230246251565e-16
1.5950000000000002,3.141592653589793,-0.5620833778521319,0.5620833778521318,-1.1102230246251565e-16
1.5966666666666667,3.141592653589793,-0.5707135676844309,0.5707135676844308,-1.1102230246251565e-16
1.5983333333333334,3.141592653589793,-0.5792811723426791,0.579281172342679,-1.1102230246251565e-16
1.6,3.141592653589793,-0.5877852522924728,0.5877852522924727,-1.1102230246251565e-16
1.6016666666666668,3.141592653589793,-0.5962248749656164,0.5962248749656163,-1.1102230246251565e-16
1.6033333333333335,3.141592653589793,-0.6045991148623749,0.6045991148623748,-1.1102230246251565e-16
1.6050000000000002,3.141592653589793,-0.6129070536529775,0.6129070536529774,-1.1102230246251565e-16
1.6066666666666667,3.141592653589793,-0.6211477802783107,0.6211477802783107,0.0
1.6083333333333334,3.141592653589793,-0.6293203910498374,0.6293203910498373,-1.1102230246251565e-16
1.61,3.141592653589793,-0.6374239897486905,0.6374239897486904,-1.1102230246251565e-16
1.6116666666666668,3.141592653589793,-0.6454576877239508,0.6454576877239507,-1.1102230246251565e-16
1.6133333333333335,3.141592653589793,-0.6534206039901066,0.6534206039901065,-1.1102230246251565e-16
1.6150000000000002,3.141592653589793,-0.6613118653236525,0.6613118653236524,-1.1102230246251565e-16
1.6166666666666667,3.141592653589793,-0.6691306063588583,0.6691306063588582,-1.1102230246251565e-16
1.6183333333333334,3.141592653589793,-0.6768759696826604,0.6768759696826603,-1.1102230246251565e-16
1.62,3.141592653589793,-0.6845471059286892,0.6845471059286891,-1.1102230246251565e-16
1.6216666666666668,3.141592653589793,-0.6921431738704068,0.6921431738704067,-1.1102230246251565e-16
1.6233333333333335,3.141592653589793,-0.6996633405133662,0.6996633405133661,-1.1102230246251565e-16
1.625,3.141592653589793,-0.7071067811865479,0.7071067811865478,-1.1102230246251565e-16
1.6266666666666667,3.141592653589793,-0.7144726796328033,0.7144726796328031,-1.1102230246251565e-16
1.6283333333333334,3.141592653589793,-0.7217602280983628,0.7217602280983628,0.0
1.6300000000000001,3.141592653589793,-0.7289686274214118,0.7289686274214117,-1.1102230246251565e-16
1.6316666666666668,3.141592653589793,-0.7360970871197353,0.7360970871197352,-1.1102230246251565e-16
1.6333333333333335,3.141592653589793,-0.7431448254773948,0.7431448254773947,-1.1102230246251565e-16
1.635,3.141592653589793,-0.7501110696304596,0.7501110696304595,-1.1102230246251565e-16
1.6366666666666667,3.141592653589793,-0.7569950556517561,0.756995055651756,-1.1102230246251565e-16
1.6383333333333334,3.141592653589793,-0.7637960286346426,0.7637960286346425,-1.1102230246251565e-16
1.6400000000000001,3.141592653589793,-0.7705132427757891,0.7705132427757891,0.0
1.6416666666666668,3.141592653589793,-0.7771459614569716,0.7771459614569715,-1.1102230246251565e-16
1.6433333333333335,3.141592653589793,-0.7836934573258401,0.78369345732584,-1.1102230246251565e-16
1.645,3.141592653589793,-0.7901550123756902,0.7901550123756902,0.0
1.6466666666666667,3.141592653589793,-0.7965299180241957,0.7965299180241957,0.0
1.6483333333333334,3.141592653589793,-0.8028174751911147,0.8028174751911146,-1.1102230246251565e-16
1.6500000000000001,3.141592653589793,-0.8090169943749472,0.8090169943749471,-1.1102230246251565e-16
1.6516666666666668,3.141592653589793,-0.8151277957285546,0.8151277957285545,-1.1102230246251565e-16
1.6533333333333335,3.141592653589793,-0.821149209133704,0.821149209133704,0.0
1.655,3.141592653589793,-0.8270805742745615,0.8270805742745614,-1.1102230246251565e-16
1.6566666666666667,3.141592653589793,-0.8329212407100998,0.8329212407100998,0.0
1.6583333333333334,3.141592653589793,-0.8386705679454239,0.8386705679454239,0.0
1.6600000000000001,3.141592653589793,-0.8443279255020156,0.8443279255020155,-1.1102230246251565e-16
1.6616666666666668,3.141592653589793,-0.8498926929868641,0.8498926929868641,0.0
1.6633333333333333,3.141592653589793,-0.8553642601605065,0.8553642601605064,-1.1102230246251565e-16
1.665,3.141592653589793,-0.8607420270039432,0.8607420270039431,-1.1102230246251565e-16
1.6666666666666667,3.141592653589793,-0.8660254037844387,0.8660254037844387,0.0
1.6683333333333334,3.141592653589793,-0.8712138111201893,0.8712138111201891,-1.1102230246251565e-16
1.6700000000000002,3.141592653589793,-0.8763066800438639,0.8763066800438638,-1.1102230246251565e-16
1.6716666666666669,3.141592653589793,-0.8813034520649922,0.8813034520649922,0.0
1.6733333333333333,3.141592653589793,-0.8862035792312144,0.8862035792312144,0.0
1.675,3.141592653589793,-0.8910065241883681,0.891006524188368,-1.1102230246251565e-16
1.6766666666666667,3.141592653589793,-0.8957117602394128,0.8957117602394127,-1.1102230246251565e-16
1.6783333333333335,3.141592653589793,-0.900318771402194,0.9003187714021939,-1.1102230246251565e-16
1.6800000000000002,3.141592653589793,-0.9048270524660197,0.9048270524660196,-1.1102230246251565e-16
1.6816666666666669,3.141592653589793,-0.9092361090470691,0.9092361090470691,0.0
1.6833333333333333,3.141592653589793,-0.9135454576426005,0.9135454576426004,-1.1102230246251565e-16
1.685,3.141592653589793,-0.9177546256839811,0.9177546256839811,0.0
1.6866666666666668,3.141592653589793,-0.9218631515885003,0.9218631515885003,0.0
1.6883333333333335,3.141592653589793,-0.925870584809995,0.925870584809995,0.0
1.6900000000000002,3.141592653589793,-0.9297764858882513,0.9297764858882513,0.0
1.6916666666666669,3.141592653589793,-0.9335804264972021,0.9335804264972021,0.0
1.6933333333333334,3.141592653589793,-0.9372819894918917,0.9372819894918916,-1.1102230246251565e-16
1.695,3.141592653589793,-0.9408807689542253,0.9408807689542253,0.0
1.6966666666666668,3.141592653589793,-0.9443763702374813,0.9443763702374813,0.0
1.6983333333333335,3.141592653589793,-0.9477684100095858,0.9477684100095858,0.0
1.7000000000000002,3.141592653589793,-0.951056516295154,0.951056516295154,0.0
1.7016666666666669,3.141592653589793,-0.954240328516277,0.954240328516277,0.0
1.7033333333333334,3.141592653589793,-0.9573194975320672,0.9573194975320672,0.0
1.705,3.141592653589793,-0.960293685676943,0.9602936856769428,-1.1102230246251565e-16
1.7066666666666668,3.141592653589793,-0.9631625667976583,0.9631625667976582,-1.1102230246251565e-16
1.7083333333333335,3.141592653589793,-0.9659258262890683,0.9659258262890682,-1.1102230246251565e-16
1.7100000000000002,3.141592653589793,-0.9685831611286314,0.9685831611286313,-1.1102230246251565e-16
1.7116666666666667,3.141592653589793,-0.9711342799096362,0.9711342799096361,-1.1102230246251565e-16
1.7133333333333334,3.141592653589793,-0.9735789028731602,0.9735789028731602,0.0
1.715,3.141592653589793,-0.9759167619387475,0.9759167619387475,0.0
1.7166666666666668,3.141592653589793,-0.9781476007338057,0.9781476007338057,0.0
1.7183333333333335,3.141592653589793,-0.9802711746217221,0.9802711746217221,0.0
1.7200000000000002,3.141592653589793,-0.9822872507286888,0.9822872507286888,0.0
1.7216666666666667,3.141592653589793,-0.9841956079692419,0.9841956079692419,0.0
1.7233333333333334,3.141592653589793,-0.9859960370705049,0.9859960370705048,-1.1102230246251565e-16
1.725,3.141592653589793,-0.9876883405951378,0.9876883405951378,0.0
1.7266666666666668,3.141592653589793,-0.9892723329629883,0.9892723329629883,0.0
1.7283333333333335,3.141592653589793,-0.9907478404714437,0.9907478404714437,0.0
1.7300000000000002,3.141592653589793,-0.9921147013144779,0.9921147013144779,0.0
1.7316666666666667,3.141592653589793,-0.9933727656003963,0.9933727656003963,0.0
1.7333333333333334,3.141592653589793,-0.9945218953682734,0.9945218953682734,0.0
1.735,3.141592653589793,-0.99556196460308,0.99556196460308,0.0
1.7366666666666668,3.141592653589793,-0.9964928592495045,0.9964928592495045,0.0
1.7383333333333335,3.141592653589793,-0.9973144772244581,0.9973144772244581,0.0
1.7400000000000002,3.141592653589793,-0.9980267284282717,0.9980267284282717,0.0
1.7416666666666667,3.141592653589793,-0.9986295347545738,0.9986295347545738,0.0
1.7433333333333334,3.141592653589793,-0.9991228300988584,0.9991228300988584,0.0
1.745,3.141592653589793,-0.9995065603657316,0.9995065603657316,0.0
1.7466666666666668,3.141592653589793,-0.9997806834748455,0.9997806834748455,0.0
1.7483333333333335,3.141592653589793,-0.9999451693655121,0.9999451693655121,0.0
1.7500000000000002,3.141592653589793,-1.0,1.0,0.0
1.7516666666666667,3.141592653589793,-0.9999451693655121,0.9999451693655121,0.0
1.7533333333333334,3.141592653589793,-0.9997806834748455,0.9997806834748455,0.0
1.7550000000000001,3.141592653589793,-0.9995065603657315,0.9995065603657315,0.0
1.7566666666666668,3.141592653589793,-0.9991228300988584,0.9991228300988584,0.0
1.7583333333333335,3.141592653589793,-0.9986295347545738,0.9986295347545738,0.0
1.76,3.141592653589793,-0.9980267284282716,0.9980267284282717,1.1102230246251565e-16
1.7616666666666667,3.141592653589793,-0.9973144772244581,0.9973144772244581,0.0
1.7633333333333334,3.141592653589793,-0.9964928592495044,0.9964928592495044,0.0
1.7650000000000001,3.141592653589793,-0.9955619646030799,0.99556196460308,1.1102230246251565e-16
1.7666666666666668,3.141592653589793,-0.9945218953682733,0.9945218953682733,0.0
1.7683333333333335,3.141592653589793,-0.9933727656003962,0.9933727656003963,1.1102230246251565e-16
1.77,3.141592653589793,-0.992114701314478,0.992114701314478,0.0
1.7716666666666667,3.141592653589793,-0.9907478404714436,0.9907478404714436,0.0
1.7733333333333334,3.141592653589793,-0.9892723329629884,0.9892723329629884,0.0
1.7750000000000001,3.141592653589793,-0.9876883405951377,0.9876883405951377,0.0
1.7766666666666668,3.141592653589793,-0.985996037070505,0.985996037070505,0.0
1.7783333333333335,3.141592653589793,-0.9841956079692418,0.9841956079692418,0.0
1.78,3.141592653589793,-0.9822872507286886,0.9822872507286886,0.0
1.7816666666666667,3.141592653589793,-0.9802711746217219,0.980271174621722,1.1102230246251565e-16
1.7833333333333334,3.141592653589793,-0.9781476007338055,0.9781476007338055,0.0
1.7850000000000001,3.141592653589793,-0.9759167619387473,0.9759167619387474,1.1102230246251565e-16
1.7866666666666668,3.141592653589793,-0.97357890287316,0.9735789028731601,1.1102230246251565e-16
1.7883333333333336,3.141592653589793,-0.971134279909636,0.971134279909636,0.0
1.79,3.141592653589793,-0.9685831611286312,0.9685831611286312,0.0
1.7916666666666667,3.141592653589793,-0.9659258262890684,0.9659258262890685,1.1102230246251565e-16
1.7933333333333334,3.141592653589793,-0.9631625667976581,0.9631625667976581,0.0
1.7950000000000002,3.141592653589793,-0.9602936856769432,0.9602936856769432,0.0
1.7966666666666669,3.141592653589793,-0.957319497532067,0.957319497532067,0.0
1.7983333333333333,3.141592653589793,-0.9542403285162768,0.9542403285162768,0.0
1.8,3.141592653589793,-0.9510565162951538,0.9510565162951538,0.0
1.8016666666666667,3.141592653589793,-0.9477684100095854,0.9477684100095856,1.1102230246251565e-16
1.8033333333333335,3.141592653589793,-0.944376370237481,0.9443763702374811,1.1102230246251565e-16
1.8050000000000002,3.141592653589793,-0.9408807689542251,0.9408807689542251,0.0
1.8066666666666669,3.141592653589793,-0.9372819894918913,0.9372819894918913,0.0
1.8083333333333333,3.141592653589793,-0.9335804264972019,0.9335804264972019,0.0
1.81,3.141592653589793,-0.9297764858882517,0.9297764858882518,1.1102230246251565e-16
1.8116666666666668,3.141592653589793,-0.9258705848099946,0.9258705848099946,0.0
1.8133333333333335,3.141592653589793,-0.9218631515885006,0.9218631515885007,1.1102230246251565e-16
1.8150000000000002,3.141592653589793,-0.9177546256839808,0.9177546256839809,1.1102230246251565e-16
1.8166666666666669,3.141592653589793,-0.9135454576426009,0.9135454576426009,0.0
1.8183333333333334,3.141592653589793,-0.9092361090470688,0.9092361090470688,0.0
1.82,3.141592653589793,-0.9048270524660192,0.9048270524660194,1.1102230246251565e-16
1.8216666666666668,3.141592653589793,-0.9003187714021935,0.9003187714021936,1.1102230246251565e-16
1.8233333333333335,3.141592653589793,-0.8957117602394123,0.8957117602394125,1.1102230246251565e-16
1.8250000000000002,3.141592653589793,-0.8910065241883677,0.8910065241883677,0.0
1.8266666666666669,3.141592653589793,-0.886203579231214,0.8862035792312141,1.1102230246251565e-16
1.8283333333333334,3.141592653589793,-0.8813034520649926,0.8813034520649927,1.1102230246251565e-16
1.83,3.141592653589793,-0.8763066800438635,0.8763066800438635,0.0
1.8316666666666668,3.141592653589793,-0.8712138111201896,0.8712138111201897,1.1102230246251565e-16
1.8333333333333335,3.141592653589793,-0.8660254037844383,0.8660254037844384,1.1102230246251565e-16
1.8350000000000002,3.141592653589793,-0.8607420270039436,0.8607420270039436,0.0
1.836666666666667,3.141592653589793,-0.855364260160506,0.855364260160506,0.0
1.8383333333333334,3.141592653589793,-0.8498926929868637,0.8498926929868637,0.0
1.84,3.141592653589793,-0.8443279255020152,0.8443279255020152,0.0
1.8416666666666668,3.141592653589793,-0.8386705679454235,0.8386705679454235,0.0
1.8433333333333335,3.141592653589793,-0.8329212407100993,0.8329212407100993,0.0
1.8450000000000002,3.141592653589793,-0.8270805742745609,0.827080574274561,1.1102230246251565e-16
1.8466666666666667,3.141592653589793,-0.8211492091337046,0.8211492091337046,0.0
1.8483333333333334,3.141592653589793,-0.8151277957285541,0.8151277957285542,1.1102230246251565e-16
1.85,3.141592653589793,-0.8090169943749477,0.8090169943749478,1.1102230246251565e-16
1.8516666666666668,3.141592653589793,-0.8028174751911141,0.8028174751911142,1.1102230246251565e-16
1.8533333333333335,3.141592653589793,-0.7965299180241963,0.7965299180241964,1.1102230246251565e-16
1.8550000000000002,3.141592653589793,-0.7901550123756896,0.7901550123756897,1.1102230246251565e-16
1.8566666666666667,3.141592653589793,-0.7836934573258395,0.7836934573258396,1.1102230246251565e-16
1.8583333333333334,3.141592653589793,-0.777145961456971,0.777145961456971,0.0
1.86,3.141592653589793,-0.7705132427757886,0.7705132427757887,1.1102230246251565e-16
1.8616666666666668,3.141592653589793,-0.763796028634642,0.763796028634642,0.0
1.8633333333333335,3.141592653589793,-0.7569950556517555,0.7569950556517556,1.1102230246251565e-16
1.8650000000000002,3.141592653589793,-0.750111069630459,0.7501110696304591,1.1102230246251565e-16
1.8666666666666667,3.141592653589793,-0.7431448254773941,0.7431448254773942,1.1102230246251565e-16
1.8683333333333334,3.141592653589793,-0.7360970871197346,0.7360970871197348,1.1102230246251565e-16
1.87,3.141592653589793,-0.7289686274214111,0.7289686274214111,0.0
1.8716666666666668,3.141592653589793,-0.7217602280983623,0.7217602280983623,0.0
1.8733333333333335,3.141592653589793,-0.7144726796328026,0.7144726796328027,1.1102230246251565e-16
1.8750000000000002,3.141592653589793,-0.7071067811865472,0.7071067811865474,1.1102230246251565e-16
1.8766666666666667,3.141592653589793,-0.6996633405133655,0.6996633405133657,1.1102230246251565e-16
1.8783333333333334,3.141592653589793,-0.6921431738704061,0.6921431738704062,1.1102230246251565e-16
1.8800000000000001,3.141592653589793,-0.6845471059286885,0.6845471059286886,1.1102230246251565e-16
1.8816666666666668,3.141592653589793,-0.6768759696826597,0.6768759696826598,1.1102230246251565e-16
1.8833333333333335,3.141592653589793,-0.6691306063588577,0.6691306063588578,1.1102230246251565e-16
1.8850000000000002,3.141592653589793,-0.6613118653236505,0.6613118653236506,1.1102230246251565e-16
1.8866666666666667,3.141592653589793,-0.6534206039901058,0.6534206039901059,1.1102230246251565e-16
1.8883333333333334,3.141592653589793,-0.6454576877239502,0.6454576877239502,0.0
1.8900000000000001,3.141592653589793,-0.6374239897486897,0.6374239897486899,1.1102230246251565e-16
1.8916666666666668,3.141592653589793,-0.6293203910498366,0.6293203910498367,1.1102230246251565e-16
1.8933333333333335,3.141592653589793,-0.6211477802783101,0.6211477802783102,1.1102230246251565e-16
1.895,3.141592653589793,-0.6129070536529767,0.6129070536529768,1.1102230246251565e-16
1.8966666666666667,3.141592653589793,-0.6045991148623756,0.6045991148623757,1.1102230246251565e-16
1.8983333333333334,3.141592653589793,-0.5962248749656156,0.5962248749656157,1.1102230246251565e-16
1.9000000000000001,3.141592653589793,-0.5877852522924735,0.5877852522924736,1.1102230246251565e-16
1.9016666666666668,3.141592653589793,-0.5792811723426783,0.5792811723426784,1.1102230246251565e-16
1.9033333333333335,3.141592653589793,-0.5707135676844317,0.5707135676844318,1.1102230246251565e-16
1.905,3.141592653589793,-0.5620833778521311,0.5620833778521312,1.1102230246251565e-16
1.9066666666666667,3.141592653589793,-0.5533915492433437,0.5533915492433438,1.1102230246251565e-16
1.9083333333333334,3.141592653589793,-0.5446390350150272,0.5446390350150273,1.1102230246251565e-16
1.9100000000000001,3.141592653589793,-0.5358267949789958,0.5358267949789959,1.1102230246251565e-16
1.9116666666666668,3.141592653589793,-0.5269557954966773,0.5269557954966774,1.1102230246251565e-16
1.9133333333333336,3.141592653589793,-0.518027009373129,0.5180270093731291,1.1102230246251565e-16
1.915,3.141592653589793,-0.5090414157503722,0.5090414157503723,1.1102230246251565e-16
1.9166666666666667,3.141592653589793,-0.4999999999999999,0.5,1.1102230246251565e-16
1.9183333333333334,3.141592653589793,-0.49090375361514127,0.4909037536151414,1.1102230246251565e-16
1.9200000000000002,3.141592653589793,-0.48175367410171477,0.4817536741017149,1.1102230246251565e-16
1.9216666666666669,3.141592653589793,-0.47255076486905406,0.4725507648690542,1.1102230246251565e-16
1.9233333333333336,3.141592653589793,-0.4632960351198608,0.4632960351198609,1.1102230246251565e-16
1.925,3.141592653589793,-0.4539904997395464,0.4539904997395465,1.1102230246251565e-16
1.9266666666666667,3.141592653589793,-0.4446351791849277,0.4446351791849278,1.1102230246251565e-16
1.9283333333333335,3.141592653589793,-0.4352310993723267,0.4352310993723268,1.1102230246251565e-16
1.9300000000000002,3.141592653589793,-0.42577929156507244,0.42577929156507255,1.1102230246251565e-16
1.9316666666666669,3.141592653589793,-0.41628079226039993,0.41628079226040005,1.1102230246251565e-16
1.9333333333333333,3.141592653589793,-0.4067366430758012,0.4067366430758013,1.1102230246251565e-16
1.935,3.141592653589793,-0.39714789063478056,0.3971478906347807,1.1102230246251565e-16
1.9366666666666668,3.141592653589793,-0.38751558645210354,0.38751558645210366,1.1102230246251565e-16
1.9383333333333335,3.141592653589793,-0.3778407868184666,0.3778407868184667,1.1102230246251565e-16
1.9400000000000002,3.141592653589793,-0.3681245526846781,0.3681245526846782,1.1102230246251565e-16
1.9416666666666669,3.141592653589793,-0.3583679495452993,0.35836794954529944,1.1102230246251565e-16
1.9433333333333334,3.141592653589793,-0.3485720473218149,0.348572047321815,1.1102230246251565e-16
1.945,3.141592653589793,-0.33873792024529165,0.33873792024529176,1.1102230246251565e-16
1.9466666666666668,3.141592653589793,-0.32886664673858246,0.32886664673858257,1.1102230246251565e-16
1.9483333333333335,3.141592653589793,-0.3189593092980698,0.3189593092980699,1.1102230246251565e-16
1.9500000000000002,3.141592653589793,-0.3090169943749462,0.3090169943749463,1.1102230246251565e-16
1.9516666666666669,3.141592653589793,-0.29904079225608604,0.29904079225608615,1.1102230246251565e-16
1.9533333333333334,3.141592653589793,-0.2890317969444716,0.28903179694447173,1.1102230246251565e-16
1.955,3.141592653589793,-0.2789911060392299,0.27899110603923,1.1102230246251565e-16
1.9566666666666668,3.141592653589793,-0.26891982061526526,0.26891982061526537,1.1102230246251565e-16
1.9583333333333335,3.141592653589793,-0.25881904510252096,0.2588190451025211,1.1102230246251565e-16
1.9600000000000002,3.141592653589793,-0.24868988716485388,0.248689887164854,1.1102230246251565e-16
1.961666666666667,3.141592653589793,-0.2385334575785806,0.23853345757858072,1.1102230246251565e-16
1.9633333333333334,3.141592653589793,-0.2283508701106561,0.22835087011065622,1.1102230246251565e-16
1.965,3.141592653589793,-0.21814324139654181,0.21814324139654193,1.1102230246251565e-16
1.9666666666666668,3.141592653589793,-0.20791169081775923,0.20791169081775934,1.1102230246251565e-16
1.9683333333333335,3.141592653589793,-0.19765734037912494,0.19765734037912505,1.1102230246251565e-16
1.9700000000000002,3.141592653589793,-0.18738131458572405,0.18738131458572418,1.3877787807814457e-16
1.971666666666667,3.141592653589793,-0.1770847403195816,0.17708474031958174,1.3877787807814457e-16
1.9733333333333334,3.141592653589793,-0.16676874671610298,0.1667687467161031,1.1102230246251565e-16
1.975,3.141592653589793,-0.15643446504023048,0.1564344650402306,1.1102230246251565e-16
1.9766666666666668,3.141592653589793,-0.14608302856241187,0.14608302856241198,1.1102230246251565e-16
1.9783333333333335,3.141592653589793,-0.13571557243430352,0.13571557243430363,1.1102230246251565e-16
1.9800000000000002,3.141592653589793,-0.125333233564304,0.12533323356430415,1.3877787807814457e-16
1.9816666666666667,3.141592653589793,-0.11493715049286703,0.11493715049286715,1.249000902703301e-16
1.9833333333333334,3.141592653589793,-0.10452846326765278,0.1045284632676529,1.249000902703301e-16
1.985,3.141592653589793,-0.09410831331851427,0.0941083133185144,1.249000902703301e-16
1.9866666666666668,3.141592653589793,-0.08367784333231433,0.08367784333231444,1.1102230246251565e-16
1.9883333333333335,3.141592653589793,-0.07323819712763117,0.0732381971276313,1.249000902703301e-16
1.9900000000000002,3.141592653589793,-0.06279051952931174,0.06279051952931186,1.249000902703301e-16
1.9916666666666667,3.141592653589793,-0.05233595624294462,0.05233595624294474,1.1796119636642288e-16
1.9933333333333334,3.141592653589793,-0.04187565372919929,0.041875653729199415,1.249000902703301e-16
1.995,3.141592653589793,-0.031410759078128604,0.03141075907812873,1.249000902703301e-16
1.9966666666666668,3.141592653589793,-0.020942419883356145,0.020942419883356267,1.214306433183765e-16
1.9983333333333335,3.141592653589793,-0.01047178411624563,0.010471784116245754,1.231653667943533e-16
2.0,3.141592653589793,-4.898587196589413e-16,6.123233995736766e-16,1.2246467991473535e-16
