sample,p_A_mPa,p_B_mPa
0,1.25142255439,-1
1,-1.25433263904,1
2,0.407841851502,-1
3,-1.62775535979,1
4,-0.248315533042,-1
5,-0.208706170052,1
6,0.63726805614,-1
7,-0.658981911678,1
8,0.658916080951,-1
9,-0.9474249666,1
10,-0.664366277824,-1
11,-1.1055007785,1
12,1.81281298224,-1
13,-2.51680220918,1
14,0.648276042285,-1
15,-1.72174141067,1
16,0.0307273910773,-1
17,0.181528168686,1
18,1.08024702678,-1
19,0.713780879159,1
20,-1.12916832161,-1
21,0.380588083843,1
22,0.993796903941,-1
23,1.57888070682,1
24,-0.513639200496,-1
25,-0.529043409709,1
26,0.276672591959,-1
27,-1.20325537412,1
28,0.565291719428,-1
29,1.26586476439,1
30,-0.579231377393,-1
31,0.669973706202,1
32,0.740240865546,-1
33,1.32709433093,1
34,-0.631555946464,-1
35,-1.32732199176,1
36,-1.86230137088,-1
37,0.442794357113,1
38,1.11626707334,-1
39,0.435746729407,1
40,0.970567703279,-1
41,-0.817621058876,1
42,0.686907059737,-1
43,-1.50055619034,1
44,-0.757421278347,-1
45,-2.2952818598,1
46,0.241657368979,-1
47,-0.242412711601,1
48,-0.772873330713,-1
49,-0.0266772801808,1
50,-1.1106145483,-1
51,1.93019270382,1
52,-0.875838993482,-1
53,2.11674508892,1
54,0.987336445106,-1
55,0.422850584686,1
56,1.799739745,-1
57,0.33366171767,1
58,0.374107542395,-1
59,1.48313721951,1
60,-0.39959910712,-1
61,0.633282458622,1
62,3.01617774717,-1
63,0.324871806523,1
64,-0.899315494812,-1
65,-0.939736422917,1
66,-0.987951368008,-1
67,0.183846794133,1
68,1.14706144647,-1
69,0.914073048087,1
70,-1.12192783556,-1
71,0.804423844335,1
72,1.82662849321,-1
73,-0.569178045764,1
74,1.24080666012,-1
75,1.39122082238,1
76,1.3532976093,-1
77,-2.37670215842,1
78,0.471156100395,-1
79,-0.0832373707051,1
80,0.120648687769,-1
81,-1.1390914952,1
82,2.47054309218,-1
83,-0.291879283821,1
84,1.03808214536,-1
85,0.876402321187,1
86,-0.144381058854,-1
87,0.182324543223,1
88,1.48256500414,-1
89,-1.28148982747,1
90,-1.22047958438,-1
91,-0.209735172305,1
92,0.961854050501,-1
93,-0.629936578225,1
94,1.03671874591,-1
95,-0.291870868647,1
96,-1.36482933751,-1
97,-0.146070233278,1
98,-0.762248673768,-1
99,0.099616308915,1
100,-1.55382112066,-1
101,0.4643239735,1
102,0.457196254213,-1
103,-0.490440641326,1
104,-1.07539740638,-1
105,-0.714144479938,1
106,-1.63696208329,-1
107,0.376299984072,1
108,-1.55222732501,-1
109,-0.851388139974,1
110,-0.775928652974,-1
111,1.43452489537,1
112,-0.430820753774,-1
113,-0.10012169732,1
114,-0.675509281906,-1
115,1.75865648252,1
116,2.30376569388,-1
117,0.515468381961,1
118,0.176052129862,-1
119,-0.369339846145,1
120,0.799138013462,-1
121,0.334017351487,1
122,-0.470888908978,-1
123,-1.84897716962,1
124,-0.606659130576,-1
125,-0.0454920727259,1
126,0.298754342115,-1
127,0.287682225464,1
128,0.00324072886163,-1
129,-0.115430667836,1
130,-0.636678090625,-1
131,0.360024448193,1
132,-1.1635225653,-1
133,-0.398854871973,1
134,0.641467259502,-1
135,0.684258083825,1
136,-0.191252214592,-1
137,-0.606063047071,1
138,0.310126691398,-1
139,0.478715457909,1
140,-1.1743840631,-1
141,-0.156810757207,1
142,0.779379419428,-1
143,-0.737226560768,1
144,0.155907281972,-1
145,-0.560040590054,1
146,-0.95604653839,-1
147,0.443636914262,1
148,0.877943460324,-1
149,0.279722418496,1
150,0.282502247799,-1
151,-0.061873100022,1
152,0.848438741441,-1
153,1.18386484503,1
154,1.83928739392,-1
155,1.83369958943,1
156,1.143234825,-1
157,-0.248067456783,1
158,-0.532165431196,-1
159,-0.771762940227,1
160,1.14879637674,-1
161,0.0124609832433,1
162,0.321984333082,-1
163,0.689797705567,1
164,0.192500409272,-1
165,-0.824279526317,1
166,-0.554018316284,-1
167,0.794614223439,1
168,0.45716142535,-1
169,-1.16486442553,1
170,0.0822097279203,-1
171,0.106547101882,1
172,1.89607314655,-1
173,0.846166235605,1
174,-0.62240907284,-1
175,0.242195766078,1
176,-1.86916897969,-1
177,-1.33380750765,1
178,0.0596770518828,-1
179,0.0400812746759,1
180,2.02137402607,-1
181,1.95228463426,1
182,-0.837539278927,-1
183,0.526241148801,1
184,1.01310445467,-1
185,0.215643445946,1
186,0.371176647074,-1
187,0.990424599001,1
188,0.33529182193,-1
189,0.523460925645,1
190,-1.57558447689,-1
191,0.0961115928477,1
192,-0.738632459447,-1
193,0.442550140415,1
194,0.608281513758,-1
195,-0.966494671422,1
196,-2.1864187586,-1
197,-0.676227642423,1
198,1.21666910102,-1
199,1.29276301643,1
200,2.24266028718,-1
201,-1.03153069411,1
202,1.21794773432,-1
203,-1.968233737,1
204,-0.809895489568,-1
205,-1.67154480493,1
206,-0.0829031389343,-1
207,-1.67416979497,1
208,1.62142581467,-1
209,-0.434447786423,1
210,-0.276956000057,-1
211,0.0372409990895,1
212,0.194066903883,-1
213,-1.26811603226,1
214,-0.64973090233,-1
215,-1.53521252504,1
216,0.768973397386,-1
217,2.06045167054,1
218,-0.291452654135,-1
219,1.28783277391,1
220,-0.725020297133,-1
221,0.40788464204,1
222,-0.496785351322,-1
223,-0.807928317327,1
224,1.24490716182,-1
225,-2.4705575034,1
226,-0.0913229945703,-1
227,0.643207181897,1
228,-0.615580326145,-1
229,-0.603226895868,1
230,-0.630246093902,-1
231,-0.62845038008,1
232,0.788642691068,-1
233,2.62114116419,1
234,-0.182504342939,-1
235,-0.346813301038,1
236,-0.557444174617,-1
237,0.38126962342,1
238,0.90753168658,-1
239,-0.625179476346,1
240,1.9211459763,-1
241,-1.8504531561,1
242,0.884635079491,-1
243,0.627736688477,1
244,1.20280999951,-1
245,-0.21361904296,1
246,0.0674919250198,-1
247,0.34877625797,1
248,1.19579989328,-1
249,-0.460040084551,1
250,0.789132469665,-1
251,1.35508178875,1
252,0.0652962149772,-1
253,0.0458228471058,1
254,0.304155173691,-1
255,0.435791167066,1
256,-1.1861725154,-1
257,0.268674357436,1
258,0.79656467302,-1
259,2.97771322358,1
260,0.597513282103,-1
261,-0.771279289844,1
262,0.605223895902,-1
263,1.17556786657,1
264,0.0652876971539,-1
265,-1.17369333928,1
266,0.430899187121,-1
267,0.238758719021,1
268,-0.544422507193,-1
269,0.465075195244,1
270,0.530715539185,-1
271,1.96734373695,1
272,0.564070267936,-1
273,-0.170145492703,1
274,-0.81404349738,-1
275,0.743954027492,1
276,0.266514052381,-1
277,-1.42642385433,1
278,0.391395557295,-1
279,0.672777716679,1
280,-0.77922890471,-1
281,-1.02709110128,1
282,-0.678060736708,-1
283,-1.16353820876,1
284,-0.602053617659,-1
285,0.937154838868,1
286,3.31232033976,-1
287,-0.24952491231,1
288,0.035642007339,-1
289,-0.675621265808,1
290,-0.429886461808,-1
291,-0.979342492282,1
292,-1.61132688129,-1
293,-0.139184512946,1
294,-1.67713932258,-1
295,0.185400549127,1
296,0.174196057834,-1
297,0.536778643815,1
298,-0.599106310205,-1
299,-0.368854529955,1
300,-1.61079813179,-1
301,-0.922634796802,1
302,-0.932731779576,-1
303,1.48699763056,1
304,0.127225496873,-1
305,-0.735265013535,1
306,0.328276224439,-1
307,0.88518064191,1
308,-0.41911013558,-1
309,-0.0425357065694,1
310,-0.515281521933,-1
311,0.943398230687,1
312,0.796306521292,-1
313,-1.61498777072,1
314,0.732829243507,-1
315,-0.601309004359,1
316,1.0702659895,-1
317,-0.387234565507,1
318,1.28776946597,-1
319,0.421277619791,1
320,0.60459501484,-1
321,-1.7302544659,1
322,-0.951757657433,-1
323,-1.35082190995,1
324,-0.686127141645,-1
325,-0.428011340329,1
326,-2.06634457755,-1
327,0.0508013048348,1
328,0.739137992384,-1
329,0.361181657215,1
330,-0.755660216357,-1
331,0.410395272032,1
332,1.31643003168,-1
333,0.305788259772,1
334,0.99427839869,-1
335,-0.721056076755,1
336,0.546950461903,-1
337,-2.16827533874,1
338,1.39224484246,-1
339,0.603662922786,1
340,1.44196827933,-1
341,1.05252924864,1
342,0.671738723913,-1
343,-1.19959962914,1
344,1.07298096528,-1
345,-0.366490001644,1
346,-0.0609336956766,-1
347,0.0698156152128,1
348,0.6661491897,-1
349,0.408744839484,1
350,-0.630999889881,-1
351,0.304028812069,1
352,1.36265948531,-1
353,-0.0896310291627,1
354,-0.818312400911,-1
355,-0.373161394006,1
356,-0.209719303553,-1
357,-1.73109012933,1
358,-2.03826700506,-1
359,-0.530733072108,1
360,-2.18162119021,-1
361,-0.0332064039722,1
362,-0.25859425545,-1
363,0.766659763407,1
364,1.25463762596,-1
365,-0.830871015833,1
366,-1.73612813957,-1
367,0.988944325028,1
368,0.892212935768,-1
369,1.6073958551,1
370,2.41932759413,-1
371,-0.212452351702,1
372,0.0328247030988,-1
373,1.29353489361,1
374,-0.679735149995,-1
375,2.07027664904,1
376,2.4275886343,-1
377,-0.283359746138,1
378,0.0575324418297,-1
379,-0.391914619456,1
380,-0.0355757563654,-1
381,0.7258699844,1
382,1.37697261126,-1
383,-1.64535291343,1
384,-1.13253615936,-1
385,-1.21095612669,1
386,-1.42684593597,-1
387,0.734590574755,1
388,-0.676631973599,-1
389,0.374318078757,1
390,0.331086470692,-1
391,1.19929007162,1
392,1.14967043084,-1
393,0.113996383792,1
394,1.56813621293,-1
395,-0.205888595072,1
396,1.40070860458,-1
397,-0.46416342363,1
398,0.188579995453,-1
399,-0.491047469006,1
400,-0.484869284559,-1
401,-0.686612676118,1
402,-1.22388957415,-1
403,0.0338453489765,1
404,-0.325865862453,-1
405,0.706787088799,1
406,0.195668294314,-1
407,-1.18114685,1
408,-1.89431870578,-1
409,0.725458558913,1
410,-0.445373403029,-1
411,0.242149482829,1
412,-0.504345439853,-1
413,0.780295413874,1
414,-0.104168378261,-1
415,-0.984511524309,1
416,-0.313618900462,-1
417,-1.07060158948,1
418,-0.819693978285,-1
419,-1.30265613159,1
420,-1.8628800567,-1
421,-0.0917633058661,1
422,-0.401934194021,-1
423,0.0695997024479,1
424,-0.883002000795,-1
425,1.08306872082,1
426,0.399871719383,-1
427,-1.47693136043,1
428,1.41046897091,-1
429,-0.808999261221,1
430,-0.538386696013,-1
431,-0.970890540993,1
432,-1.25140197454,-1
433,-3.18601691929,1
434,-1.03285709036,-1
435,-0.491930570886,1
436,-1.04099832992,-1
437,-0.0911698330942,1
438,0.257375824008,-1
439,0.519664087399,1
440,-0.0415088609532,-1
441,-1.11836571206,1
442,0.106316422992,-1
443,1.16087048228,1
444,-1.42120060447,-1
445,0.655241423932,1
446,2.28859373453,-1
447,1.08443078708,1
448,-2.50599752355,-1
449,-1.52511592684,1
450,0.636605511411,-1
451,-0.472080019995,1
452,-0.907989562367,-1
453,0.155945169283,1
454,-0.194574614115,-1
455,0.830650744311,1
456,0.828065575657,-1
457,0.16622782595,1
458,0.0871453413108,-1
459,-1.88766944864,1
460,1.60119887795,-1
461,0.702905969375,1
462,0.747050762988,-1
463,0.349487014196,1
464,3.15255406429,-1
465,-0.125091641986,1
466,1.47549828549,-1
467,0.345129003966,1
468,0.277692587988,-1
469,-0.232048268891,1
470,-2.27224619833,-1
471,-1.25652194093,1
472,1.56128140179,-1
473,1.32595129201,1
474,1.65584300857,-1
475,0.0819847380083,1
476,1.36183087919,-1
477,-0.0828332093851,1
478,-0.709659411417,-1
479,0.0982385210598,1
480,-0.0791942627666,-1
481,1.41128749691,1
482,-1.31902277232,-1
483,-0.795682170945,1
484,0.886134332597,-1
485,1.19343239108,1
486,-1.76959398454,-1
487,-0.145771776238,1
488,-1.83839883465,-1
489,0.372617176901,1
490,0.674594305442,-1
491,-0.805394929248,1
492,-0.696257561982,-1
493,1.12790389914,1
494,0.379388380683,-1
495,0.577471072505,1
496,-1.03420903906,-1
497,-0.974977736228,1
498,0.842796088025,-1
499,0.521997212033,1
500,0.0596715652839,-1
501,-0.0709197164309,1
502,-0.447590539734,-1
503,1.81940404796,1
504,0.710376722075,-1
505,-0.651211818471,1
506,1.33126910179,-1
507,1.34269443425,1
508,-0.834042127691,-1
509,0.803656782623,1
510,0.586533960541,-1
511,-1.79720244319,1
512,0.326330605855,-1
513,1.01795018935,1
514,-1.76221760765,-1
515,-0.0386001288468,1
516,-0.422380124465,-1
517,0.301185528098,1
518,0.899530724651,-1
519,1.41853142674,1
520,-0.0413092777055,-1
521,1.41792414674,1
522,1.07992287701,-1
523,-0.862526611485,1
524,0.489243242394,-1
525,0.765336134754,1
526,-0.210208347845,-1
527,0.3070901117,1
528,0.165388808258,-1
529,-0.0576089707453,1
530,1.91228220343,-1
531,1.20351159264,1
532,1.09979962633,-1
533,-0.231820473776,1
534,0.192101202619,-1
535,-1.01856992801,1
536,-0.290170455664,-1
537,-0.0823782791371,1
538,-1.97412072091,-1
539,-0.840299093794,1
540,-0.950035116803,-1
541,-0.468706899208,1
542,-1.33253277807,-1
543,0.656794420092,1
544,-1.2833954237,-1
545,-1.09093176367,1
546,0.841216085767,-1
547,0.881432568209,1
548,0.636555981105,-1
549,-1.18657780327,1
550,-1.29533094398,-1
551,0.186046149153,1
552,-0.136279665233,-1
553,0.447072002125,1
554,1.3457755701,-1
555,0.848410023727,1
556,-0.355321110352,-1
557,0.19645802807,1
558,-0.554992659685,-1
559,0.41991099355,1
560,-1.13372265342,-1
561,1.1539852495,1
562,1.19559601244,-1
563,-0.232920144187,1
564,-0.116287441729,-1
565,-0.161562911126,1
566,-0.567456848277,-1
567,2.43969559699,1
568,-0.279786784858,-1
569,1.25429368883,1
570,0.148596587991,-1
571,-0.962829088008,1
572,-0.530921799547,-1
573,0.220099311949,1
574,-0.110856756506,-1
575,-0.00604412190129,1
576,-0.00713988761592,-1
577,-0.986025689109,1
578,0.972644377534,-1
579,-0.7018418404,1
580,-0.826375245603,-1
581,-1.77980580037,1
582,-1.23273829745,-1
583,-0.358505757412,1
584,-0.919476949479,-1
585,-0.785423211924,1
586,0.0782666973556,-1
587,-0.318162783619,1
588,-1.77802370525,-1
589,-0.0863299715439,1
590,-0.261740745928,-1
591,1.10825683653,1
592,-1.0353809003,-1
593,0.188788667406,1
594,-1.47906968126,-1
595,2.43723459244,1
596,-0.667221635529,-1
597,0.785433579151,1
598,-0.100681694245,-1
599,-0.640933810944,1
600,-1.79332881877,-1
601,-1.18599197797,1
602,-0.483049243672,-1
603,-0.58795056924,1
604,0.418852857565,-1
605,-1.1534092201,1
606,-0.558992008894,-1
607,-1.76697242581,1
608,-0.761512715314,-1
609,0.248662870159,1
610,-0.274016897167,-1
611,0.347694072898,1
612,0.899331825774,-1
613,0.944831509946,1
614,-0.133401140186,-1
615,-2.66244193676,1
616,0.0459464234354,-1
617,2.01644747428,1
618,0.240009978495,-1
619,-2.15688154728,1
620,-1.32533038832,-1
621,-0.333122482859,1
622,-1.21402586812,-1
623,0.700269282945,1
624,-0.0515651980076,-1
625,-0.0647947758415,1
626,-0.518062458146,-1
627,-1.90113065757,1
628,2.10801435263,-1
629,-1.21863142727,1
630,-0.501318504861,-1
631,0.516787597692,1
632,-0.0605809019815,-1
633,-0.550036399066,1
634,-0.160258340119,-1
635,0.916366436716,1
636,1.95079630414,-1
637,-0.21457344317,1
638,0.299792846449,-1
639,2.2624810531,1
640,-0.959890405971,-1
641,0.112036669345,1
642,1.68107519685,-1
643,0.212155646368,1
644,-1.85420872539,-1
645,-0.884967126212,1
646,0.43212240903,-1
647,-0.567332569432,1
648,0.449618934272,-1
649,1.31035077925,1
650,0.885466831163,-1
651,-0.752565942639,1
652,-1.24977631475,-1
653,-0.48526826301,1
654,-0.0945914648863,-1
655,-0.440171418303,1
656,0.58010695745,-1
657,0.97271869585,1
658,-0.252826738444,-1
659,-0.6629807228,1
660,0.104166839533,-1
661,-0.435916459559,1
662,0.0798397405964,-1
663,0.909892992497,1
664,-0.638964764181,-1
665,-1.456613081,1
666,-0.917575529838,-1
667,0.0698034592227,1
668,-1.03985143213,-1
669,-0.218175304944,1
670,0.4272828363,-1
671,-0.184109970274,1
672,-0.366299925079,-1
673,0.668841510646,1
674,-0.374809667123,-1
675,0.947081063751,1
676,0.883185399505,-1
677,-0.529152696592,1
678,-0.850331025429,-1
679,-0.0307045857579,1
680,1.77087468834,-1
681,-0.295081180057,1
682,0.28117135684,-1
683,-0.447476207389,1
684,1.33651407184,-1
685,-0.689138923343,1
686,-1.15437018739,-1
687,0.30548125771,1
688,-0.268672376451,-1
689,0.0376716101897,1
690,-0.0771656126102,-1
691,-0.762577617506,1
692,0.81029393535,-1
693,0.345029444981,1
694,0.694682313629,-1
695,0.262677515149,1
696,-0.313509112217,-1
697,0.116609139706,1
698,1.22165386728,-1
699,-0.290181657366,1
700,0.153096586041,-1
701,-0.197281806451,1
702,1.76988278497,-1
703,-0.592710623584,1
704,-0.836136384072,-1
705,-1.35916130236,1
706,-1.34218592591,-1
707,2.13858499998,1
708,0.136667613724,-1
709,0.0926356341757,1
710,0.240640523315,-1
711,0.0468312347072,1
712,0.875734434271,-1
713,-0.877478765524,1
714,0.696162622068,-1
715,-1.73393729643,1
716,-1.18115681204,-1
717,-0.0589444867859,1
718,-0.00776072932133,-1
719,-0.341629902477,1
720,1.1307917733,-1
721,0.720818592483,1
722,0.651530950858,-1
723,1.13710968937,1
724,-0.177021502195,-1
725,-0.989217586698,1
726,0.767378482813,-1
727,0.138927418386,1
728,1.41412621176,-1
729,-0.55216693492,1
730,-0.340403711189,-1
731,-0.0111105614478,1
732,-0.0408694915198,-1
733,-0.852088255255,1
734,0.955285585912,-1
735,-0.337845112411,1
736,-0.421259399208,-1
737,0.590441075966,1
738,0.408084460409,-1
739,-1.34375164936,1
740,-1.30162264733,-1
741,2.34176981324,1
742,-0.333150648659,-1
743,0.637588790755,1
744,0.252551083403,-1
745,-1.11484040285,1
746,-1.48172549601,-1
747,-0.0478210560502,1
748,0.850221085723,-1
749,0.826566597569,1
750,-0.0851495763397,-1
751,0.8933398486,1
752,-0.0493773228838,-1
753,0.792947605705,1
754,-1.52747872301,-1
755,-1.89720125291,1
756,-0.15534544378,-1
757,0.501661298141,1
758,0.2231508811,-1
759,0.399577658126,1
760,0.360000173351,-1
761,0.81915065725,1
762,-1.07721396211,-1
763,-1.46494710916,1
764,1.49085336851,-1
765,-0.0377260278471,1
766,-0.400129406101,-1
767,0.74879432632,1
768,-0.809732806306,-1
769,-1.52359988438,1
770,0.0867490215427,-1
771,0.383977753115,1
772,1.08912223087,-1
773,0.11098695777,1
774,2.42281077823,-1
775,0.758101601682,1
776,0.687104043629,-1
777,0.48444200453,1
778,0.0173616085195,-1
779,-1.11520978536,1
780,-1.27755315749,-1
781,-0.349102777711,1
782,0.780576633471,-1
783,-0.325573049069,1
784,1.21260064692,-1
785,-0.809333897092,1
786,-0.126337191813,-1
787,1.55048938945,1
788,-1.97600486894,-1
789,0.587180002956,1
790,-0.440301507116,-1
791,-0.214510593747,1
792,1.43719489612,-1
793,-0.0895500856914,1
794,0.0918500192709,-1
795,0.423255305354,1
796,0.0756817964114,-1
797,-0.876426339797,1
798,1.32348391154,-1
799,-1.05493782695,1
800,-1.19531885866,-1
801,0.554848857613,1
802,-0.962429150551,-1
803,0.267271310288,1
804,0.60886723894,-1
805,-0.196629243243,1
806,1.10535062192,-1
807,0.326933236949,1
808,-0.708710452356,-1
809,0.918843700785,1
810,1.32923311529,-1
811,-1.00587495772,1
812,-1.37233964657,-1
813,0.901254846435,1
814,0.402361521622,-1
815,1.83202447614,1
816,0.766480118496,-1
817,-0.418769806774,1
818,0.169221512405,-1
819,-1.33917150922,1
820,0.802798903637,-1
821,-0.268301439891,1
822,0.521922972449,-1
823,-0.000660337422347,1
824,0.251162903646,-1
825,-0.634989724907,1
826,-0.728325694467,-1
827,0.354482898662,1
828,0.0910212391707,-1
829,0.783625128448,1
830,0.044604972447,-1
831,-0.999243832078,1
832,-0.208052655354,-1
833,0.0561934723386,1
834,-0.82418234752,-1
835,1.02048258676,1
836,-0.925585743159,-1
837,1.0165326114,1
838,-1.86163229486,-1
839,-1.36170565206,1
840,-1.93082470209,-1
841,-0.0808772429643,1
842,0.039501746901,-1
843,0.0817953689778,1
844,1.00225948067,-1
845,-0.623381065006,1
846,-0.170998559047,-1
847,2.36264286123,1
848,0.59664299693,-1
849,-0.576038858275,1
850,-0.405674770803,-1
851,-0.436293294022,1
852,-0.357316262012,-1
853,-0.6460290269,1
854,1.45653767135,-1
855,-0.791094842788,1
856,-1.47090215182,-1
857,-0.820926578956,1
858,-1.38417433006,-1
859,-0.0735941688824,1
860,0.425022774282,-1
861,0.683924857184,1
862,0.52816292947,-1
863,-0.84636006153,1
864,-0.740695505816,-1
865,-1.10645182978,1
866,1.68768235611,-1
867,-0.685462435222,1
868,-0.574575411613,-1
869,2.1290055223,1
870,0.753592815315,-1
871,-1.19330654435,1
872,-1.16413366897,-1
873,0.703903722323,1
874,0.427296796227,-1
875,-1.10421521736,1
876,-0.294423494716,-1
877,-0.0990255140795,1
878,0.575446923953,-1
879,1.12514221563,1
880,0.809224696709,-1
881,-0.745316650443,1
882,-1.02236722456,-1
883,0.972030398565,1
884,0.777052395562,-1
885,0.277048413496,1
886,-1.03740349546,-1
887,-0.863063913304,1
888,0.162587229816,-1
889,0.500044018401,1
890,-0.170382062101,-1
891,0.0350221822525,1
892,0.71801669679,-1
893,-0.174859022832,1
894,0.203544636664,-1
895,0.820943743531,1
896,-0.54717279202,-1
897,0.555172739702,1
898,-0.247509960925,-1
899,-0.511750725711,1
900,0.38279018789,-1
901,-1.33769021987,1
902,1.55419560454,-1
903,-0.481107011067,1
904,0.765932745298,-1
905,0.437637703019,1
906,0.86602675263,-1
907,0.710696359633,1
908,0.118725330109,-1
909,-0.560409493231,1
910,-0.348655792138,-1
911,-2.19681795716,1
912,-0.668800183867,-1
913,-0.04251646127,1
914,-0.121254256942,-1
915,-0.917851803084,1
916,1.31712707795,-1
917,-0.33687678469,1
918,-0.79412693068,-1
919,-0.721217510448,1
920,0.207330737887,-1
921,0.144846735441,1
922,-0.0873828880437,-1
923,-1.63877442276,1
924,0.307668510821,-1
925,-0.373540902075,1
926,-0.846869943243,-1
927,-0.507323272681,1
928,-0.386335630301,-1
929,0.583089288521,1
930,1.26590564592,-1
931,1.29205211301,1
932,-0.592835531774,-1
933,-0.222850638821,1
934,0.274105448853,-1
935,0.0891936304594,1
936,0.570892768828,-1
937,0.433515244822,1
938,-0.186335456304,-1
939,-0.788140267875,1
940,-1.19237018522,-1
941,1.69232591242,1
942,0.184569877726,-1
943,-0.572206405485,1
944,-0.662308004406,-1
945,-0.245470314917,1
946,0.378652869686,-1
947,1.3139739323,1
948,0.852861225779,-1
949,0.684567744445,1
950,-1.55085505019,-1
951,0.143937664371,1
952,-0.679434994707,-1
953,-0.155647294315,1
954,0.25196655953,-1
955,-0.2314407611,1
956,0.817260347932,-1
957,-1.24658032516,1
958,0.0535222576108,-1
959,0.693832888019,1
960,0.472419485693,-1
961,1.61529749712,1
962,-0.495909818674,-1
963,-0.535190101965,1
964,-0.643945516182,-1
965,0.738291948774,1
966,-1.01832221731,-1
967,-1.08889866637,1
968,-1.03941370825,-1
969,0.760984095619,1
970,0.812897471912,-1
971,0.224701518313,1
972,-0.687237943703,-1
973,-0.191116444823,1
974,-0.930170410368,-1
975,-1.48264582319,1
976,-0.219248776253,-1
977,-0.770620920837,1
978,0.87203417025,-1
979,0.958209707794,1
980,-0.823179600272,-1
981,1.09181858368,1
982,0.961112765408,-1
983,-0.881650401942,1
984,-0.150964731517,-1
985,-0.960032949361,1
986,1.15175691322,-1
987,-0.543429514951,1
988,-0.150495121089,-1
989,-0.200209796645,1
990,0.929180727445,-1
991,-0.329908207109,1
992,-0.91782389829,-1
993,0.492213982125,1
994,-0.711632010265,-1
995,0.695131335136,1
996,0.530611692166,-1
997,-0.428127052667,1
998,-1.78040435875,-1
999,1.44557380701,1
1000,0.0998366330921,-1
1001,0.263009243042,1
1002,1.10797094897,-1
1003,-0.338636397654,1
1004,0.0917914624164,-1
1005,0.471120883844,1
1006,3.21008580153,-1
1007,-0.154050327584,1
1008,0.629534525083,-1
1009,-0.571116751364,1
1010,0.185485754603,-1
1011,-0.746709322915,1
1012,1.3365060196,-1
1013,-0.155489329463,1
1014,1.25954469136,-1
1015,-0.299259647789,1
1016,-0.167050674622,-1
1017,0.760221824471,1
1018,-0.337506532894,-1
1019,-0.0802908614648,1
1020,-1.42782449738,-1
1021,1.19105052147,1
1022,-0.217466666708,-1
1023,-1.80444135456,1
1024,0.240754046777,-1
1025,0.768400476323,1
1026,1.56059359424,-1
1027,1.12745216213,1
1028,0.413733872783,-1
1029,1.01993711762,1
1030,-0.635999792386,-1
1031,-0.159157932997,1
1032,0.200797747558,-1
1033,-1.49559381834,1
1034,-0.19767879276,-1
1035,-0.251163203683,1
1036,-0.251929705466,-1
1037,-0.522854281638,1
1038,-0.825080588277,-1
1039,0.561671652949,1
1040,0.627620574069,-1
1041,0.607975179994,1
1042,0.146490550939,-1
1043,0.53850986751,1
1044,1.10360766983,-1
1045,0.676924661072,1
1046,-1.49505589066,-1
1047,-1.01254888045,1
1048,-1.51291572473,-1
1049,0.132422919168,1
1050,0.830649095033,-1
1051,0.39677726823,1
1052,1.63656691808,-1
1053,-0.0953854158487,1
1054,-0.426349833726,-1
1055,0.838326604616,1
1056,3.44881647201,-1
1057,1.03325980913,1
1058,-1.08100212317,-1
1059,0.970874988734,1
1060,0.934332908292,-1
1061,-0.319743456931,1
1062,-1.87124572815,-1
1063,-0.50039455914,1
1064,-0.717007080296,-1
1065,1.24969072426,1
1066,-0.644700212151,-1
1067,1.07258830197,1
1068,0.697615033734,-1
1069,0.663054131727,1
1070,0.117811986209,-1
1071,-0.0262955787096,1
1072,-0.690065451844,-1
1073,-0.093365792528,1
1074,0.326770165198,-1
1075,-0.101402521211,1
1076,0.65777936411,-1
1077,-0.236600208832,1
1078,0.191844015462,-1
1079,0.194619615311,1
1080,1.03880178721,-1
1081,0.491963218347,1
1082,0.349029025634,-1
1083,-2.40285567661,1
1084,0.0509917262208,-1
1085,0.992741007455,1
1086,1.8518930069,-1
1087,-0.610021589044,1
1088,-0.593672527931,-1
1089,0.219996925555,1
1090,0.841432825025,-1
1091,0.770622797362,1
1092,-0.427045159247,-1
1093,-1.26374473703,1
1094,0.264541190623,-1
1095,0.774651439067,1
1096,-0.373488516766,-1
1097,1.68226116479,1
1098,-1.39668655406,-1
1099,0.105543217716,1
1100,0.611834322771,-1
1101,0.709692131004,1
1102,0.703804727438,-1
1103,-0.0262392696457,1
1104,1.04670069042,-1
1105,1.34743761264,1
1106,-1.152404755,-1
1107,-0.803519233688,1
1108,-0.0862230438968,-1
1109,0.0534039233022,1
1110,-1.13115221327,-1
1111,0.00913013135202,1
1112,-0.589108515851,-1
1113,1.87603853487,1
1114,-0.140738244041,-1
1115,-0.911135917024,1
1116,-0.701166067222,-1
1117,1.42125329629,1
1118,-0.0723219163413,-1
1119,-0.155675543722,1
1120,0.885294860452,-1
1121,0.11803823872,1
1122,1.30098834603,-1
1123,0.546147028169,1
1124,0.806789537678,-1
1125,1.77857567006,1
1126,0.749271580273,-1
1127,0.767301260644,1
1128,-0.243152482741,-1
1129,-0.757653280321,1
1130,0.419815228839,-1
1131,-0.400449610524,1
1132,-0.00722198421674,-1
1133,0.352595770921,1
1134,0.709779461297,-1
1135,1.40505873297,1
1136,-0.169798449219,-1
1137,1.05068181002,1
1138,0.709332941693,-1
1139,0.184225718549,1
1140,0.94784876612,-1
1141,0.73489695935,1
1142,1.40890705658,-1
1143,0.163136612917,1
1144,1.35867069063,-1
1145,-0.151227952732,1
1146,1.9619455275,-1
1147,-0.156649397649,1
1148,-0.467197520431,-1
1149,-0.0341969012877,1
1150,-0.0901221965908,-1
1151,0.88589627593,1
1152,-0.185032865663,-1
1153,-0.692879096066,1
1154,1.5566789173,-1
1155,-0.122593124772,1
1156,1.47597142295,-1
1157,-1.80261781564,1
1158,-0.0508597226603,-1
1159,2.16272095919,1
1160,-0.548041698755,-1
1161,1.6586609179,1
1162,-0.894371925134,-1
1163,-0.343078737949,1
1164,-0.622214742649,-1
1165,-0.726976447669,1
1166,-1.23342128543,-1
1167,-0.53543761199,1
1168,0.33136760175,-1
1169,-1.01836434395,1
1170,-2.70226132742,-1
1171,-0.464742615781,1
1172,1.01540184479,-1
1173,1.41503389521,1
1174,-1.08086872646,-1
1175,-2.4238383825,1
1176,0.664086211123,-1
1177,-2.1485639742,1
1178,-2.63802738972,-1
1179,-0.756030679986,1
1180,-1.17368767651,-1
1181,1.00202260501,1
1182,-0.873029457957,-1
1183,0.0128605439687,1
1184,0.154970646499,-1
1185,-0.560107875272,1
1186,0.955982689581,-1
1187,-0.556312337937,1
1188,0.066800541245,-1
1189,0.368143394655,1
1190,0.782724791685,-1
1191,-1.29852539681,1
1192,-1.20813137794,-1
1193,-2.68424725207,1
1194,0.326095346906,-1
1195,0.950919088559,1
1196,-1.7198432494,-1
1197,1.55040504554,1
1198,-2.50579288606,-1
1199,-0.689737166309,1
1200,1.01754309155,-1
1201,0.97262795579,1
1202,0.109523295952,-1
1203,-1.87832457514,1
1204,1.35717286009,-1
1205,1.02728586531,1
1206,-1.47664540728,-1
1207,0.198893569676,1
1208,-0.157153956225,-1
1209,-0.340369590242,1
1210,-1.04193720916,-1
1211,-1.73552355982,1
1212,-2.74373895655,-1
1213,0.366895111727,1
1214,-1.07656522704,-1
1215,0.890280224783,1
1216,0.910530438765,-1
1217,0.12254168038,1
1218,1.35480215674,-1
1219,-0.85759456293,1
1220,0.800354790445,-1
1221,-0.851224652487,1
1222,0.273885516308,-1
1223,1.22468849684,1
1224,-0.944566577315,-1
1225,1.18353247418,1
1226,0.555922078884,-1
1227,-0.62213590885,1
1228,-0.599507151741,-1
1229,-0.576160515946,1
1230,0.431365311501,-1
1231,0.565502895882,1
1232,0.140445096981,-1
1233,-0.114169706076,1
1234,0.234778992103,-1
1235,-1.04950838023,1
1236,-0.699823104661,-1
1237,-0.961961768734,1
1238,0.154568709088,-1
1239,-1.09605282675,1
1240,-1.93773689856,-1
1241,-0.113883435372,1
1242,0.342672449342,-1
1243,0.131197215444,1
1244,0.345986838043,-1
1245,0.941175095863,1
1246,2.08869418929,-1
1247,-0.769781299218,1
1248,-0.693172942359,-1
1249,-0.812469726579,1
1250,1.26903594792,-1
1251,0.471908936698,1
1252,-2.57800726714,-1
1253,-0.783382639213,1
1254,1.44070937252,-1
1255,0.716968717429,1
1256,0.97953567376,-1
1257,-0.197715306907,1
1258,1.02524099877,-1
1259,-0.258990047738,1
1260,0.297393860419,-1
1261,0.00402099499012,1
1262,0.907123518937,-1
1263,-2.34640359233,1
1264,0.0232810865262,-1
1265,-1.20731091255,1
1266,-0.0784367709038,-1
1267,1.69085429538,1
1268,0.140782631552,-1
1269,2.03422449624,1
1270,-0.504529175906,-1
1271,-0.281028456732,1
1272,-1.22572539267,-1
1273,-0.294484506505,1
1274,-1.84483433737,-1
1275,2.35846156564,1
1276,-0.793266163783,-1
1277,-1.54154270317,1
1278,-0.621880052445,-1
1279,1.2913924588,1
1280,1.66872612002,-1
1281,-0.378240546374,1
1282,-1.79086441589,-1
1283,1.0438614258,1
1284,0.761811158792,-1
1285,-0.393957928299,1
1286,-1.53119907753,-1
1287,-0.66190719596,1
1288,0.802514126377,-1
1289,-1.23869947788,1
1290,0.229446732385,-1
1291,1.64577735516,1
1292,0.114563394318,-1
1293,-0.918570102986,1
1294,1.48489672663,-1
1295,-1.12698007571,1
1296,0.00317691877118,-1
1297,-0.430356172964,1
1298,1.03704372087,-1
1299,-2.26547443204,1
1300,-0.693795657313,-1
1301,-0.426903938592,1
1302,0.463647091728,-1
1303,0.602863171373,1
1304,0.939582876664,-1
1305,0.00621792607991,1
1306,1.42239429041,-1
1307,0.575260918196,1
1308,0.120991497158,-1
1309,1.18124686115,1
1310,0.468891361393,-1
1311,-1.10229558242,1
1312,-1.02889224272,-1
1313,-1.1112357593,1
1314,2.72721714702,-1
1315,-0.309574081246,1
1316,1.20243687036,-1
1317,-1.17741195193,1
1318,0.887175925174,-1
1319,-0.557562953306,1
1320,0.41297029933,-1
1321,-0.823251279564,1
1322,-1.78622610949,-1
1323,0.369998806476,1
1324,-1.69276120897,-1
1325,0.38116768627,1
1326,0.146771815308,-1
1327,-1.10347574026,1
1328,-0.385279017382,-1
1329,-1.43741397223,1
1330,-0.329444026873,-1
1331,-0.946517919282,1
1332,0.984577373639,-1
1333,-2.01675057069,1
1334,-0.170883050917,-1
1335,1.26982676648,1
1336,-0.0195383716094,-1
1337,0.787534398276,1
1338,-0.527407295352,-1
1339,-0.793484810058,1
1340,-0.270349229821,-1
1341,0.542284831487,1
1342,-0.568876782281,-1
1343,-0.516117987684,1
1344,1.85713219471,-1
1345,0.309157158727,1
1346,1.51999676762,-1
1347,-0.822702233676,1
1348,0.984533119313,-1
1349,-0.956268382213,1
1350,0.145689497528,-1
1351,-0.548209829859,1
1352,-0.696329110998,-1
1353,-0.129490199484,1
1354,0.443387128486,-1
1355,-2.17763226618,1
1356,0.948380900429,-1
1357,0.168871544218,1
1358,-1.32383482681,-1
1359,-0.117949636922,1
1360,1.13728410921,-1
1361,-0.817862568513,1
1362,-0.148380069172,-1
1363,0.63385403279,1
1364,1.9880751541,-1
1365,-1.15982884288,1
1366,-0.835798464866,-1
1367,-2.17260675469,1
1368,0.269623507892,-1
1369,-0.0784642428298,1
1370,-0.935279817838,-1
1371,-1.20304372618,1
1372,-0.293276746226,-1
1373,1.0009013777,1
1374,0.885218509013,-1
1375,-0.160255560782,1
1376,-1.21321465172,-1
1377,-1.75252371251,1
1378,-0.753731731752,-1
1379,-2.3003170286,1
1380,-1.18482193799,-1
1381,-0.997444391649,1
1382,-0.382006418189,-1
1383,0.181181936305,1
1384,1.47382714303,-1
1385,1.10442374904,1
1386,-0.665232571109,-1
1387,0.13952741516,1
1388,1.31139284939,-1
1389,0.63008030871,1
1390,-1.14685993786,-1
1391,0.716235003254,1
1392,0.00773236196007,-1
1393,0.903272367525,1
1394,-0.0382646785437,-1
1395,0.619470438004,1
1396,1.58616676041,-1
1397,-0.381518666645,1
1398,1.04817091884,-1
1399,0.48340108498,1
1400,0.584046407535,-1
1401,0.149559857057,1
1402,0.549605826407,-1
1403,1.46186515976,1
1404,-1.42420730266,-1
1405,0.419139833738,1
1406,1.25704342629,-1
1407,-0.0665251461556,1
1408,0.82329070185,-1
1409,-0.191021573287,1
1410,0.86457429458,-1
1411,1.11688753303,1
1412,-0.549221011699,-1
1413,0.046821014467,1
1414,-1.21640310171,-1
1415,-1.31425102256,1
1416,-0.577415101397,-1
1417,0.897037473185,1
1418,-1.81090326328,-1
1419,-2.19348669309,1
1420,-0.377005379726,-1
1421,0.507976630701,1
1422,-0.413735466878,-1
1423,0.566332582695,1
1424,2.01966181711,-1
1425,-1.07694045744,1
1426,-0.780766538444,-1
1427,-0.771028090479,1
1428,-0.223533237264,-1
1429,-1.96440023592,1
1430,2.36525019002,-1
1431,-1.15286344844,1
1432,-0.133973630755,-1
1433,-0.346746569296,1
1434,0.600520151392,-1
1435,0.0305367281548,1
1436,0.960157236672,-1
1437,1.58651084264,1
1438,0.624088547449,-1
1439,0.50153582438,1
1440,-0.0573611594833,-1
1441,-0.361538628336,1
1442,-0.0472853382059,-1
1443,-0.436070769574,1
1444,0.831641939455,-1
1445,1.47155202767,1
1446,1.16940873335,-1
1447,-0.543906473703,1
1448,0.0578918838261,-1
1449,1.02790121593,1
1450,0.194737289062,-1
1451,-0.382990404555,1
1452,-0.949337913817,-1
1453,-0.632768855888,1
1454,0.249226839213,-1
1455,1.02702536654,1
1456,0.354119679531,-1
1457,-0.0932826267468,1
1458,0.517796162201,-1
1459,0.318680999978,1
1460,-0.0615774126815,-1
1461,1.49351369563,1
1462,1.52780948733,-1
1463,-0.920300340267,1
1464,0.104870204704,-1
1465,0.171315416397,1
1466,0.921592441283,-1
1467,3.2898523624,1
1468,-0.151103232455,-1
1469,0.42769149471,1
1470,-1.61965172523,-1
1471,-0.721009943254,1
1472,0.351538644675,-1
1473,0.470344047008,1
1474,0.661868657094,-1
1475,0.322034669801,1
1476,0.536439672329,-1
1477,0.249123084323,1
1478,2.21398169227,-1
1479,-0.164124954863,1
1480,-0.162806676134,-1
1481,-1.19402267195,1
1482,0.0841111170099,-1
1483,-1.24572154716,1
1484,1.37547553393,-1
1485,0.515480948176,1
1486,-0.386924551911,-1
1487,-0.233142308216,1
1488,-1.36118573006,-1
1489,0.487055852052,1
1490,2.43861099595,-1
1491,-0.638756413741,1
1492,-0.0914718968296,-1
1493,0.923975563907,1
1494,-0.942583168321,-1
1495,0.0299137208162,1
1496,-0.968077190662,-1
1497,-0.314962334962,1
1498,-0.403771439345,-1
1499,0.301411154608,1
1500,-0.629624290978,-1
1501,-0.460545534804,1
1502,-1.13626402373,-1
1503,0.00635521722433,1
1504,0.238824385534,-1
1505,-1.82838351079,1
1506,0.47435567434,-1
1507,-1.07543717115,1
1508,0.400499111378,-1
1509,-2.21447879175,1
1510,-1.28760172171,-1
1511,1.1505989119,1
1512,-0.314682140005,-1
1513,0.829042972796,1
1514,0.376868232687,-1
1515,-0.0496096748727,1
1516,0.165874958261,-1
1517,-0.0764204619623,1
1518,-0.639993170268,-1
1519,-0.267946037759,1
1520,1.44167444475,-1
1521,0.309882044287,1
1522,0.762009336215,-1
1523,-1.94976759361,1
1524,0.335843530891,-1
1525,1.09762135539,1
1526,-0.679466954244,-1
1527,-1.12943344511,1
1528,-0.303547283824,-1
1529,1.01323812922,1
1530,1.73856676603,-1
1531,0.667417213263,1
1532,-1.92197459001,-1
1533,0.669850117716,1
1534,0.317569315375,-1
1535,1.08565190462,1
1536,-0.696274403424,-1
1537,1.70067585124,1
1538,-1.06429909794,-1
1539,-0.29345774147,1
1540,0.972624429476,-1
1541,-0.0192660856808,1
1542,-0.586464316357,-1
1543,0.649400221802,1
1544,-1.4776762048,-1
1545,-0.946330616677,1
1546,-0.848849918268,-1
1547,1.81688267491,1
1548,-0.500584365981,-1
1549,-1.34623452457,1
1550,-0.135036991724,-1
1551,0.948692141248,1
1552,-0.372076184266,-1
1553,-0.517276242009,1
1554,0.172419777916,-1
1555,0.292953148472,1
1556,-1.52256966881,-1
1557,0.596867496578,1
1558,1.6902528768,-1
1559,-0.987310710403,1
1560,-0.016794246066,-1
1561,-1.31899414191,1
1562,-0.844463702734,-1
1563,0.610690416459,1
1564,1.42227057242,-1
1565,0.400508304794,1
1566,0.49446694506,-1
1567,-1.66458027577,1
1568,-1.14752033364,-1
1569,1.10386742704,1
1570,1.29409950172,-1
1571,0.982486705549,1
1572,1.06396466591,-1
1573,-0.455224381168,1
1574,-0.417163463756,-1
1575,1.40155180649,1
1576,-1.12495093854,-1
1577,0.939460461993,1
1578,-0.689696201282,-1
1579,-0.701295123947,1
1580,0.626244313775,-1
1581,0.0640475327053,1
1582,0.25661316754,-1
1583,0.694003024605,1
1584,-0.542218514224,-1
1585,-0.839644807175,1
1586,0.212348730411,-1
1587,0.0788328680595,1
1588,-0.138054778481,-1
1589,1.4240331795,1
1590,0.612747563922,-1
1591,-0.106461305961,1
1592,-0.483885610106,-1
1593,-0.278427479789,1
1594,0.0821604724499,-1
1595,0.225111374904,1
1596,2.84818217392,-1
1597,-3.42994032373,1
1598,0.881163457972,-1
1599,3.5152551161,1
1600,1.18075669281,-1
1601,-1.00697061861,1
1602,0.897086896361,-1
1603,1.7388566372,1
1604,1.13125799627,-1
1605,1.61708249897,1
1606,1.63325765102,-1
1607,-0.607529053585,1
1608,-0.129843491284,-1
1609,0.62884130258,1
1610,-0.845679288684,-1
1611,1.01469649441,1
1612,0.195261861801,-1
1613,1.30613887786,1
1614,-1.12362403927,-1
1615,-0.333055574661,1
1616,0.356579736814,-1
1617,-0.739520145266,1
1618,1.20641065652,-1
1619,-0.366726991103,1
1620,-0.460956090646,-1
1621,0.224083820563,1
1622,-0.616460973405,-1
1623,0.0606876822551,1
1624,-1.08500194432,-1
1625,1.56028482782,1
1626,1.91549737103,-1
1627,0.319644648059,1
1628,0.440424237555,-1
1629,0.234313068136,1
1630,0.469480477851,-1
1631,0.282648970588,1
1632,-0.840472263255,-1
1633,-0.820162527498,1
1634,1.48976753882,-1
1635,0.326291716613,1
1636,-0.286863544958,-1
1637,-1.02652015984,1
1638,-1.03573818948,-1
1639,0.97393375386,1
1640,0.439823975763,-1
1641,1.22450342587,1
1642,0.189262759755,-1
1643,0.844186251108,1
1644,-0.14301811601,-1
1645,1.11666005045,1
1646,-1.83928769435,-1
1647,-0.269089975959,1
1648,-0.640585819158,-1
1649,0.00888180143356,1
1650,0.804780135138,-1
1651,0.13756888178,1
1652,-0.674553409734,-1
1653,-0.572797539604,1
1654,-0.930623865722,-1
1655,1.96236171348,1
1656,-0.111577336848,-1
1657,-0.43421709724,1
1658,0.172486143212,-1
1659,-0.396732689291,1
1660,0.0930540327533,-1
1661,-0.830872891078,1
1662,0.254528358598,-1
1663,-0.0311392454772,1
1664,0.202783629327,-1
1665,0.0800686363327,1
1666,-0.700565733193,-1
1667,0.166459158357,1
1668,0.00721337108474,-1
1669,0.331536912886,1
1670,-0.614365326099,-1
1671,-0.371288251397,1
1672,0.518137505168,-1
1673,0.276604190246,1
1674,0.287093159978,-1
1675,-0.688100123822,1
1676,-0.18088636617,-1
1677,0.870416966355,1
1678,-0.96700788811,-1
1679,-0.47056614728,1
1680,0.231049564615,-1
1681,-0.911298889546,1
1682,0.209965707533,-1
1683,-0.541674305727,1
1684,-0.762579567825,-1
1685,0.0975627410597,1
1686,0.196222420951,-1
1687,-2.85861640814,1
1688,-0.420366333327,-1
1689,0.264692454027,1
1690,-0.943139465996,-1
1691,0.891490196872,1
1692,-1.31651091503,-1
1693,0.393886105362,1
1694,-0.541605462728,-1
1695,0.396081205554,1
1696,-0.806944833029,-1
1697,0.0332521783593,1
1698,-0.146148050973,-1
1699,-0.209268052191,1
1700,-1.24571814268,-1
1701,0.789767698136,1
1702,0.119396838189,-1
1703,-0.129932075939,1
1704,0.963739381541,-1
1705,1.49104651737,1
1706,1.51822614909,-1
1707,1.03869339704,1
1708,0.622290466328,-1
1709,-0.708653051934,1
1710,0.33768109846,-1
1711,1.96158798589,1
1712,-1.3729838422,-1
1713,-0.58435549301,1
1714,0.394431677345,-1
1715,0.483574235387,1
1716,0.658905209338,-1
1717,0.102606291462,1
1718,1.31137131183,-1
1719,0.859057079945,1
1720,1.11408836372,-1
1721,0.120673013056,1
1722,1.45765812583,-1
1723,-1.42907589933,1
1724,0.451852583655,-1
1725,0.238237654419,1
1726,1.39778840735,-1
1727,0.828815401896,1
1728,-1.20404935272,-1
1729,-0.681453041894,1
1730,0.503229922031,-1
1731,1.66373779258,1
1732,-1.52695300877,-1
1733,1.28014826608,1
1734,0.693461244027,-1
1735,0.451375473777,1
1736,-0.899598485908,-1
1737,-0.846463835615,1
1738,-0.567573622703,-1
1739,-0.429031402573,1
1740,0.235751473923,-1
1741,0.087043703824,1
1742,-1.41408236814,-1
1743,-0.192676748024,1
1744,1.37757281975,-1
1745,0.920081522144,1
1746,0.221539045327,-1
1747,-0.763289899769,1
1748,1.82643758897,-1
1749,-0.0118700842856,1
1750,-0.246108568931,-1
1751,0.144842243482,1
1752,0.716669955781,-1
1753,0.88438698975,1
1754,0.483686086576,-1
1755,-0.100039532024,1
1756,1.21724791443,-1
1757,0.232161426656,1
1758,1.62775314727,-1
1759,1.76076229806,1
1760,-1.28654343967,-1
1761,-1.59040690626,1
1762,1.25572629705,-1
1763,-0.205375734422,1
1764,0.323680881723,-1
1765,0.978142270714,1
1766,-1.16499357393,-1
1767,1.28257099267,1
1768,-0.202621478306,-1
1769,-0.845058177936,1
1770,-0.00803648335238,-1
1771,-0.264988386079,1
1772,2.21190980723,-1
1773,0.277669840267,1
1774,-2.48957634098,-1
1775,-0.388072512176,1
1776,0.908163730119,-1
1777,-0.262818376154,1
1778,4.0535618744,-1
1779,-0.147945152834,1
1780,1.30053788893,-1
1781,-1.04335563284,1
1782,0.0723328599819,-1
1783,-1.33759199576,1
1784,1.36227869506,-1
1785,-1.33720293259,1
1786,-1.18385940973,-1
1787,2.45466252463,1
1788,-1.32005447546,-1
1789,0.0669309574862,1
1790,-1.27392542229,-1
1791,1.12491295438,1
1792,-1.29733434314,-1
1793,1.34335775691,1
1794,0.654159396889,-1
1795,0.574845658517,1
1796,0.58877353113,-1
1797,-0.361264752864,1
1798,-0.991029934477,-1
1799,-0.528667395761,1
1800,-0.203392345469,-1
1801,0.260654394509,1
1802,-1.73325974282,-1
1803,-0.518634174358,1
1804,-1.45287156078,-1
1805,0.269481746669,1
1806,0.91029214748,-1
1807,-0.126858449631,1
1808,0.295664504478,-1
1809,-1.08170562566,1
1810,0.151265358516,-1
1811,-0.0743646671551,1
1812,2.68703425012,-1
1813,-1.47936441282,1
1814,-0.146413522999,-1
1815,1.51877725172,1
1816,-0.535961746141,-1
1817,-0.311971840039,1
1818,0.171564488491,-1
1819,0.177716255921,1
1820,0.0679320488436,-1
1821,-1.88819648065,1
1822,0.821134029046,-1
1823,-1.6047982917,1
1824,0.835624003594,-1
1825,-0.203093650567,1
1826,-0.559692457979,-1
1827,-1.29091276918,1
1828,0.105745962088,-1
1829,-1.36423447096,1
1830,-0.700454657844,-1
1831,-0.518994647296,1
1832,-2.06506384346,-1
1833,-0.274188463225,1
1834,0.634033712513,-1
1835,0.705480351814,1
1836,1.00414663735,-1
1837,0.67917602968,1
1838,-1.21024174666,-1
1839,-0.694110861173,1
1840,-0.717762264044,-1
1841,1.11873550708,1
1842,-0.669284775122,-1
1843,-0.625149080052,1
1844,1.02786286093,-1
1845,-1.56075788713,1
1846,-1.90883878791,-1
1847,-0.0796996973108,1
1848,0.997876413418,-1
1849,0.00496108068148,1
1850,-1.44076195911,-1
1851,0.112529421518,1
1852,0.263155752929,-1
1853,-0.228560146826,1
1854,-1.04331009889,-1
1855,1.03085393726,1
1856,0.823688752372,-1
1857,-0.204059223547,1
1858,0.801919973407,-1
1859,0.0203251623634,1
1860,-0.881118718267,-1
1861,-1.3524790874,1
1862,1.83516020973,-1
1863,0.716449550813,1
1864,-0.358453451777,-1
1865,1.26683025848,1
1866,0.0174040161761,-1
1867,-1.15409486162,1
1868,0.673199695407,-1
1869,0.84622010257,1
1870,0.132628178612,-1
1871,-0.448905401336,1
1872,-0.673642186758,-1
1873,0.44870081762,1
1874,-0.555837610321,-1
1875,0.0492939364695,1
1876,1.26921389575,-1
1877,-0.693809353284,1
1878,-0.754980528663,-1
1879,0.0665517665744,1
1880,-2.03724226996,-1
1881,-0.188843823538,1
1882,0.797817506102,-1
1883,0.905918002196,1
1884,-0.399191299221,-1
1885,-0.166873118634,1
1886,0.544073195548,-1
1887,1.31335679312,1
1888,-1.0191690051,-1
1889,-0.41258598916,1
1890,-0.0176684769712,-1
1891,-1.19880303601,1
1892,-1.05292358704,-1
1893,-0.532811191271,1
1894,0.125192966383,-1
1895,0.832199371274,1
1896,-2.62430876887,-1
1897,-0.226386862791,1
1898,0.307279179379,-1
1899,-0.283200031132,1
1900,1.62502777794,-1
1901,-1.45148012905,1
1902,0.680976715487,-1
1903,1.20865630883,1
1904,0.79825953596,-1
1905,-0.456655559519,1
1906,0.645828236577,-1
1907,-0.856795811495,1
1908,1.38555319356,-1
1909,0.276916135258,1
1910,-0.590267130293,-1
1911,0.189266431754,1
1912,-1.94177006184,-1
1913,-0.462729593265,1
1914,-0.914564957985,-1
1915,-0.294405677623,1
1916,0.526803388415,-1
1917,-0.441474436515,1
1918,0.921158117734,-1
1919,-0.698466799188,1
1920,-1.07687340773,-1
1921,-0.228128116015,1
1922,-1.21037473517,-1
1923,-0.400074326562,1
1924,0.717802033247,-1
1925,-0.27814470131,1
1926,1.88233645361,-1
1927,-0.17862674145,1
1928,-1.05628549658,-1
1929,1.89403313215,1
1930,1.21131397513,-1
1931,0.0363732454456,1
1932,0.393925652304,-1
1933,-0.892498682164,1
1934,1.83951083158,-1
1935,-0.145969262332,1
1936,-0.486772284651,-1
1937,1.05446962961,1
1938,0.100909835756,-1
1939,-0.195612952825,1
1940,0.489871201452,-1
1941,-1.6240663165,1
1942,0.708506613796,-1
1943,-1.12595881638,1
1944,3.08259557001,-1
1945,-1.28233064926,1
1946,-0.178688390212,-1
1947,-0.768957050534,1
1948,-0.262539247969,-1
1949,0.91758423371,1
1950,0.0234161298487,-1
1951,-0.416266925073,1
1952,-0.161444779793,-1
1953,-1.68619820413,1
1954,1.55091681498,-1
1955,-0.0386502121112,1
1956,-0.180927310965,-1
1957,-0.494041755116,1
1958,3.23191977542,-1
1959,0.0105300070942,1
1960,0.543581342647,-1
1961,-0.735980321915,1
1962,0.953762427074,-1
1963,-0.824731776107,1
1964,0.0794619528259,-1
1965,0.659547760503,1
1966,-1.2843155409,-1
1967,-0.843911958994,1
1968,1.3338801136,-1
1969,1.09709059914,1
1970,0.142430449997,-1
1971,-0.025751592038,1
1972,-0.821580576277,-1
1973,0.359414872062,1
1974,-0.150976257303,-1
1975,1.65191210688,1
1976,2.87998628646,-1
1977,-0.434003720753,1
1978,1.37050848677,-1
1979,-0.255503642844,1
1980,0.662349147481,-1
1981,-0.78814931274,1
1982,-0.0289454113803,-1
1983,-0.553923293147,1
1984,1.35585144379,-1
1985,0.889166192882,1
1986,-1.29027701274,-1
1987,-0.502760648731,1
1988,-0.071078538664,-1
1989,0.554788099539,1
1990,1.12793094,-1
1991,2.28056203132,1
1992,0.775922897863,-1
1993,-0.450783335542,1
1994,0.442089111503,-1
1995,0.0820473992592,1
1996,-1.25074241178,-1
1997,-0.412479846386,1
1998,-0.788393465683,-1
1999,-0.421865172961,1
2000,-0.10515871595,-1
2001,-0.369055220609,1
2002,0.404923791754,-1
2003,-0.495664997577,1
2004,-0.514385157419,-1
2005,-3.06562873326,1
2006,-0.405305946511,-1
2007,0.036422605507,1
2008,-0.349909619547,-1
2009,1.71804003084,1
2010,0.945371427487,-1
2011,0.655881742254,1
2012,0.0649755643018,-1
2013,2.22360253037,1
2014,-1.16768783578,-1
2015,0.00318000531645,1
2016,-2.22598285579,-1
2017,0.0185866970892,1
2018,0.668487856745,-1
2019,-0.573137567511,1
2020,-0.293540133867,-1
2021,-1.53937744298,1
2022,-0.343337328653,-1
2023,2.67491092768,1
2024,-1.5698253926,-1
2025,-0.0676599375783,1
2026,0.453901599957,-1
2027,0.821639470504,1
2028,-0.583935558017,-1
2029,0.386651087829,1
2030,1.75045177755,-1
2031,0.424372179811,1
2032,-0.653404725893,-1
2033,1.30409707485,1
2034,0.454906967472,-1
2035,0.210774118426,1
2036,-0.473364686204,-1
2037,-0.408274150801,1
2038,-1.83973394082,-1
2039,1.45975184031,1
2040,0.71267533003,-1
2041,-2.53820882361,1
2042,-0.993007674215,-1
2043,1.79887227824,1
2044,-2.10678600799,-1
2045,-0.568949407233,1
2046,-0.789679894282,-1
2047,1.32730768252,1
2048,1.03876787448,-1
2049,-1.45657320879,1
2050,1.21012293777,-1
2051,-0.781975511314,1
2052,0.697969847269,-1
2053,1.82566513292,1
2054,-0.574582627982,-1
2055,-0.465012044753,1
2056,-1.28666754147,-1
2057,0.264409007197,1
2058,-1.53790922594,-1
2059,1.36618758775,1
2060,-0.0237773813697,-1
2061,0.0293242056227,1
2062,-0.349518500902,-1
2063,-0.410818557677,1
2064,2.55998344304,-1
2065,1.81143769724,1
2066,-0.547447295227,-1
2067,0.989022321816,1
2068,-1.43822642274,-1
2069,1.00538667532,1
2070,0.165080058285,-1
2071,1.09929872507,1
2072,-1.19658402966,-1
2073,1.79965278128,1
2074,-0.577759605571,-1
2075,-0.515031647255,1
2076,-0.156584103493,-1
2077,1.22045168268,1
2078,-1.44068566013,-1
2079,-0.474196713594,1
2080,-0.332172254041,-1
2081,0.657958233743,1
2082,-1.92983998445,-1
2083,0.696043493563,1
2084,-1.88008893176,-1
2085,-0.85126529297,1
2086,-1.49293804056,-1
2087,-0.459656142708,1
2088,-0.559712670056,-1
2089,-0.230255389241,1
2090,0.582508791956,-1
2091,-0.271871940511,1
2092,1.21939122718,-1
2093,-0.766082546885,1
2094,-0.908106678272,-1
2095,0.612269116578,1
2096,0.138937453494,-1
2097,-0.350588521068,1
2098,2.54870878106,-1
2099,-1.09499735064,1
2100,1.42979232337,-1
2101,1.3313749886,1
2102,-0.774968919936,-1
2103,0.742834195539,1
2104,1.27126936873,-1
2105,1.96470415261,1
2106,-0.589340525115,-1
2107,-0.0436099586119,1
2108,0.736354044741,-1
2109,-1.07355836394,1
2110,-0.752255554378,-1
2111,-1.10067631422,1
2112,-0.201476536468,-1
2113,-0.360538978672,1
2114,-2.48380939313,-1
2115,-0.444609419823,1
2116,1.35136431585,-1
2117,-1.04998696598,1
2118,0.00402984371357,-1
2119,0.997581585435,1
2120,0.836170424335,-1
2121,0.827359525731,1
2122,1.37208634182,-1
2123,-0.67968139367,1
2124,-0.0736250977808,-1
2125,0.217184725856,1
2126,0.853650605813,-1
2127,-2.19265307796,1
2128,0.583872064254,-1
2129,-0.511334873155,1
2130,-0.465213784862,-1
2131,-0.420507358454,1
2132,0.483355997749,-1
2133,-2.69512466112,1
2134,-1.25998991097,-1
2135,-0.0541955178157,1
2136,1.06204134749,-1
2137,-2.06514205615,1
2138,-0.540184098691,-1
2139,1.45256889309,1
2140,0.198787515498,-1
2141,0.653836303882,1
2142,1.49827663154,-1
2143,0.482586088877,1
2144,-0.46604681653,-1
2145,0.511533941202,1
2146,-0.164195485298,-1
2147,1.42575839906,1
2148,-0.807638307927,-1
2149,0.109210112568,1
2150,0.965944709705,-1
2151,0.416787596946,1
2152,-0.884834733489,-1
2153,0.605825748492,1
2154,1.97200324993,-1
2155,-0.745258818015,1
2156,-0.412564787822,-1
2157,-0.225294957956,1
2158,-0.368509668895,-1
2159,1.07200659755,1
2160,1.06610195572,-1
2161,0.278899640413,1
2162,-0.739969427735,-1
2163,1.0847178777,1
2164,-0.798583311824,-1
2165,1.45031239787,1
2166,-0.49654308878,-1
2167,0.859881112285,1
2168,0.190608084756,-1
2169,0.641409417675,1
2170,-0.0281489261224,-1
2171,-0.00350129299625,1
2172,-0.489083479492,-1
2173,-1.30785365607,1
2174,-1.48801231756,-1
2175,0.0980409757516,1
2176,-0.82442171855,-1
2177,1.716446095,1
2178,-0.452585567544,-1
2179,0.184108925036,1
2180,-0.115643772096,-1
2181,0.0410190252297,1
2182,-2.11214293479,-1
2183,1.73363887995,1
2184,0.806772012662,-1
2185,-0.489112514986,1
2186,0.567288206387,-1
2187,0.524602806783,1
2188,0.272196662676,-1
2189,-0.252114469385,1
2190,-0.137733211041,-1
2191,0.507631393397,1
2192,-0.49155980932,-1
2193,-0.600179080233,1
2194,-0.732632984549,-1
2195,0.449617797949,1
2196,-0.0613680809251,-1
2197,1.37732433945,1
2198,0.872502327237,-1
2199,-1.90061509132,1
2200,-1.15315931443,-1
2201,-1.13547722216,1
2202,1.29635995363,-1
2203,3.2720723958,1
2204,-0.770964648575,-1
2205,0.923839065689,1
2206,-1.08745464318,-1
2207,-0.574588636978,1
2208,-0.34150678936,-1
2209,0.892123654075,1
2210,0.113074738248,-1
2211,0.0748105800889,1
2212,0.638218817679,-1
2213,0.114046312876,1
2214,0.621050796893,-1
2215,-0.928716196938,1
2216,-1.17328476708,-1
2217,-0.388184103258,1
2218,0.768790905572,-1
2219,1.10043993768,1
2220,1.67637836651,-1
2221,0.0521824085337,1
2222,-0.270945576701,-1
2223,-0.433412069472,1
2224,0.902921284011,-1
2225,-0.126191563146,1
2226,-1.04033124529,-1
2227,2.27949571765,1
2228,-0.0790983331487,-1
2229,-1.32485624802,1
2230,0.117491007327,-1
2231,0.255054001931,1
2232,0.910304261234,-1
2233,0.668184467293,1
2234,0.511210394101,-1
2235,0.0476172689155,1
2236,-0.158268674891,-1
2237,1.2205152583,1
2238,0.555005940995,-1
2239,1.27782378815,1
2240,-0.992117947382,-1
2241,-0.749466799395,1
2242,-0.121448746769,-1
2243,-0.826587278058,1
2244,1.10869725764,-1
2245,-0.902847751483,1
2246,0.291442975882,-1
2247,-0.485004032316,1
2248,0.346265467199,-1
2249,-1.10442774143,1
2250,-1.65227394098,-1
2251,-1.9965107212,1
2252,-0.0723077696193,-1
2253,-0.346648718893,1
2254,0.712200836774,-1
2255,-0.283927962996,1
2256,3.32207314704,-1
2257,1.03240120511,1
2258,0.724070968492,-1
2259,1.50405838361,1
2260,0.949704964956,-1
2261,-0.163262834472,1
2262,-0.503708607431,-1
2263,0.182301632415,1
2264,1.70586052948,-1
2265,-0.488311828179,1
2266,-0.144124120717,-1
2267,-0.385985648192,1
2268,0.817308452516,-1
2269,-0.639998635502,1
2270,-0.381339121301,-1
2271,-0.0933763910302,1
2272,0.150007337982,-1
2273,-0.154956366646,1
2274,1.06910505972,-1
2275,-0.284524611811,1
2276,0.337766245837,-1
2277,-0.94932973639,1
2278,0.287514205117,-1
2279,1.17299756304,1
2280,2.08113299692,-1
2281,1.38773973572,1
2282,-0.65881017016,-1
2283,1.18459015087,1
2284,0.403171584247,-1
2285,-1.14365681277,1
2286,-0.823666831092,-1
2287,1.08274309165,1
2288,1.00048137223,-1
2289,0.356995929009,1
2290,-0.659234914236,-1
2291,-0.392239583762,1
2292,-0.975570530179,-1
2293,-0.258449794039,1
2294,-0.506314283841,-1
2295,0.484384848974,1
2296,0.414526008687,-1
2297,0.721420587221,1
2298,0.450954364915,-1
2299,-0.841044338586,1
2300,0.377909647199,-1
2301,0.566197839913,1
2302,-1.47388693189,-1
2303,-0.219419259192,1
2304,0.140061971534,-1
2305,0.70829941534,1
2306,-1.38505036425,-1
2307,0.19851860088,1
2308,0.090531672349,-1
2309,-1.00692113522,1
2310,1.20264938929,-1
2311,2.29008696906,1
2312,1.07381261597,-1
2313,-1.56675945797,1
2314,0.622055673547,-1
2315,0.157178690802,1
2316,0.400275944096,-1
2317,-1.07914932703,1
2318,0.394360147825,-1
2319,0.238524510445,1
2320,-0.745206882955,-1
2321,-0.328653136204,1
2322,-1.74223586198,-1
2323,0.874771423504,1
2324,-1.37201531477,-1
2325,1.49372181429,1
2326,1.79433200556,-1
2327,0.392389775155,1
2328,0.143368269528,-1
2329,-1.60487105537,1
2330,0.741314372517,-1
2331,-0.518421426912,1
2332,-0.653513597803,-1
2333,0.285074267708,1
2334,0.551212687505,-1
2335,0.771720198071,1
2336,-0.721244164101,-1
2337,-1.1401776595,1
2338,-0.366120159215,-1
2339,-1.23354379163,1
2340,-0.502740694306,-1
2341,-0.201566858879,1
2342,-0.374720269769,-1
2343,1.24359985489,1
2344,-1.53944292724,-1
2345,1.1940358832,1
2346,0.571109673469,-1
2347,1.49464497261,1
2348,-1.62621052437,-1
2349,0.209226718464,1
2350,0.787762270498,-1
2351,-0.383324565035,1
2352,0.705299962632,-1
2353,1.28983140646,1
2354,-0.563464945132,-1
2355,0.42112594723,1
2356,0.818569652975,-1
2357,-0.229522470735,1
2358,-0.0584725138994,-1
2359,-1.14282045361,1
2360,-0.861943098612,-1
2361,-0.0169060575488,1
2362,-0.572475400148,-1
2363,-0.662771751521,1
2364,-0.516736179978,-1
2365,1.35515893714,1
2366,0.886331588287,-1
2367,2.35345089087,1
2368,-1.08024495601,-1
2369,0.87774686752,1
2370,-0.262945326546,-1
2371,-1.34247146084,1
2372,-0.913059472859,-1
2373,-1.10627429025,1
2374,0.625672091821,-1
2375,0.554094000051,1
2376,-2.27230999714,-1
2377,0.492814956341,1
2378,-0.797754248654,-1
2379,0.759704097989,1
2380,-0.623715103473,-1
2381,1.22687202403,1
2382,0.471690771239,-1
2383,0.0345138145678,1
2384,-0.0604759984205,-1
2385,0.072745762852,1
2386,0.45875357975,-1
2387,0.751225975767,1
2388,-1.18871539704,-1
2389,-0.676336649009,1
2390,-0.500152898394,-1
2391,-0.843367763363,1
2392,0.722241471416,-1
2393,-1.31533348864,1
2394,-0.583179763146,-1
2395,-0.441789152621,1
2396,-1.55361659687,-1
2397,0.135575038656,1
2398,-1.16525875153,-1
2399,2.51168733595,1
2400,0.389217912195,-1
2401,0.334603382673,1
2402,0.790773606866,-1
2403,0.734270486625,1
2404,-1.06042320876,-1
2405,0.394653964569,1
2406,-0.612291682729,-1
2407,0.388634384991,1
2408,-1.01735550872,-1
2409,-2.6618807496,1
2410,0.149469225223,-1
2411,-1.45188291296,1
2412,0.608680613619,-1
2413,0.242195032118,1
2414,0.267854020076,-1
2415,-0.0955880830056,1
2416,-1.18421417911,-1
2417,-1.1562531152,1
2418,-0.165963392995,-1
2419,0.707625446372,1
2420,1.7573084195,-1
2421,-0.409723290742,1
2422,1.29338183094,-1
2423,-0.812355235238,1
2424,-2.31855564483,-1
2425,0.736871575528,1
2426,-0.565798242354,-1
2427,1.96758514626,1
2428,-0.0976831245951,-1
2429,1.89867536402,1
2430,-0.0319015198701,-1
2431,-0.722583515236,1
2432,-1.31984702663,-1
2433,0.949243303926,1
2434,0.883398026639,-1
2435,0.225820004951,1
2436,-0.570118545646,-1
2437,0.199410439126,1
2438,-0.274734239163,-1
2439,0.214250484172,1
2440,-1.33262056746,-1
2441,-0.622297921252,1
2442,-0.821019266449,-1
2443,0.733167246084,1
2444,-0.62696759303,-1
2445,1.29339355542,1
2446,-0.349958863592,-1
2447,0.824743629132,1
2448,0.235937514068,-1
2449,0.78233102728,1
2450,0.141594931568,-1
2451,0.361856511962,1
2452,0.593648235209,-1
2453,0.238707978627,1
2454,-0.937075101922,-1
2455,-0.642257706389,1
2456,0.394309804106,-1
2457,0.0851355276644,1
2458,1.09102097311,-1
2459,-0.319663276429,1
2460,-4.2473539123,-1
2461,0.322318574574,1
2462,-0.220710112259,-1
2463,0.855360287441,1
2464,-0.317919491964,-1
2465,-0.967914041805,1
2466,-0.0137652363744,-1
2467,-0.00218022587094,1
2468,-0.931832840967,-1
2469,-0.790598426156,1
2470,0.830601023584,-1
2471,-0.244251305915,1
2472,-1.73933565222,-1
2473,0.321470450165,1
2474,-0.846364956189,-1
2475,2.1446486445,1
2476,-0.681255171236,-1
2477,0.348689211559,1
2478,0.0955256924604,-1
2479,-1.41997373892,1
2480,-0.712229302318,-1
2481,1.08703022979,1
2482,1.13472743708,-1
2483,-0.33698149038,1
2484,-0.672229512607,-1
2485,-0.651475921619,1
2486,0.857318974492,-1
2487,-0.534785057057,1
2488,-0.677537702162,-1
2489,0.62486292321,1
2490,1.14197836552,-1
2491,0.530639344594,1
2492,-0.377550348565,-1
2493,-0.559405051937,1
2494,0.0460025751839,-1
2495,2.69864333055,1
2496,-1.46880406111,-1
2497,0.185191414093,1
2498,0.832172280674,-1
2499,0.416969336021,1
2500,-0.461232316428,-1
2501,0.397230775911,1
2502,0.0691472111341,-1
2503,1.03866823275,1
2504,-0.571094839738,-1
2505,0.513198770034,1
2506,0.762606398795,-1
2507,-1.15796442726,1
2508,-0.515112439933,-1
2509,0.0107860528915,1
2510,0.700906137677,-1
2511,-0.0547308163769,1
2512,2.92400753165,-1
2513,-0.0448351722926,1
2514,0.575088139628,-1
2515,1.23116219041,1
2516,1.66559855004,-1
2517,0.0760872472644,1
2518,-0.57516605697,-1
2519,-0.426824517414,1
2520,-1.03832678119,-1
2521,1.34475573098,1
2522,1.48386065642,-1
2523,1.45817367002,1
2524,-0.7197409171,-1
2525,0.107539189771,1
2526,0.191126579828,-1
2527,2.57146383015,1
2528,0.708161941214,-1
2529,-0.399802329396,1
2530,-0.708861946821,-1
2531,0.845629390512,1
2532,1.71495943196,-1
2533,-0.281553587635,1
2534,-1.67683649849,-1
2535,0.292421883594,1
2536,0.231962565389,-1
2537,0.242779419521,1
2538,-1.63318975507,-1
2539,-1.33929075582,1
2540,0.351001145882,-1
2541,0.740991999517,1
2542,-0.738189319701,-1
2543,-1.00390092634,1
2544,0.517312520836,-1
2545,0.739152974378,1
2546,-2.06031895188,-1
2547,-0.182971608879,1
2548,-0.783770310814,-1
2549,-0.166517333719,1
2550,-1.85862493493,-1
2551,-1.46772591619,1
2552,-1.10080211967,-1
2553,-1.09409965715,1
2554,-1.06466211318,-1
2555,-0.898492695283,1
2556,0.500965016438,-1
2557,-0.194470668936,1
2558,1.19059790049,-1
2559,0.229696865976,1
2560,-1.59350187742,-1
2561,-0.138155024551,1
2562,-1.61721065919,-1
2563,0.0426000889645,1
2564,0.22368654531,-1
2565,-1.13370965771,1
2566,0.369842185322,-1
2567,-0.883886169792,1
2568,-0.37518228617,-1
2569,-1.22322736384,1
2570,-2.54528206992,-1
2571,-0.610508898963,1
2572,-0.459676539423,-1
2573,0.735370019165,1
2574,-1.01484643576,-1
2575,-0.0364303554618,1
2576,0.123599432521,-1
2577,-1.12741273744,1
2578,0.0130452040978,-1
2579,-0.807256755463,1
2580,-1.43056337176,-1
2581,1.9042735251,1
2582,-1.50416022036,-1
2583,1.39504087026,1
2584,-0.147429474773,-1
2585,-0.948404718087,1
2586,1.28973182361,-1
2587,0.0401163016869,1
2588,0.832749988122,-1
2589,0.0635542495469,1
2590,1.78893493323,-1
2591,-1.05941190082,1
2592,1.37652534776,-1
2593,-1.11538752427,1
2594,1.25549358625,-1
2595,-0.830203191103,1
2596,-0.548814183567,-1
2597,2.13713954687,1
2598,0.89883418708,-1
2599,-0.0627601009759,1
2600,-0.340997914969,-1
2601,-1.10289512729,1
2602,0.381207105973,-1
2603,-0.70557412,1
2604,-1.3918034018,-1
2605,-0.807414893637,1
2606,1.52996289919,-1
2607,-0.623078330991,1
2608,0.655921264488,-1
2609,-1.18594344861,1
2610,-0.0103676643736,-1
2611,-1.09719798005,1
2612,0.671970866355,-1
2613,0.330522673863,1
2614,0.219305284059,-1
2615,-1.03374069887,1
2616,-1.59173494883,-1
2617,0.185863924186,1
2618,-0.44690436278,-1
2619,-0.892685101606,1
2620,0.661407670657,-1
2621,2.4158025819,1
2622,-0.139562174377,-1
2623,1.41936976549,1
2624,-0.188205172557,-1
2625,0.921585192126,1
2626,0.351351672901,-1
2627,-0.45487227859,1
2628,-0.507979434101,-1
2629,-0.88897946387,1
2630,-1.15814462803,-1
2631,1.37452497585,1
2632,0.0576834160477,-1
2633,1.91739495314,1
2634,-0.215309589189,-1
2635,-0.816639602499,1
2636,-0.311415336039,-1
2637,0.538286616213,1
2638,-1.67307943797,-1
2639,-0.0915802727665,1
2640,-0.302327319674,-1
2641,-0.300049001696,1
2642,0.578862273692,-1
2643,-0.72400832025,1
2644,-0.223232127262,-1
2645,-1.04060056621,1
2646,0.0865858962813,-1
2647,1.64179273939,1
2648,-0.826446858955,-1
2649,1.0140290966,1
2650,0.142690996529,-1
2651,-0.776332464659,1
2652,-0.559209880928,-1
2653,0.695983808006,1
2654,-0.642405622044,-1
2655,0.161948781256,1
2656,-0.0218473973063,-1
2657,-0.419457552547,1
2658,0.542328780843,-1
2659,-0.820481387399,1
2660,-0.516041064939,-1
2661,0.996537954433,1
2662,0.871135840803,-1
2663,-0.423927079791,1
2664,-0.98250634655,-1
2665,1.88217914663,1
2666,-0.800317042199,-1
2667,-0.284768661791,1
2668,0.02271272708,-1
2669,-1.49981836667,1
2670,1.72600520773,-1
2671,0.251526409927,1
2672,-0.5311479915,-1
2673,2.42641626359,1
2674,-0.982899325009,-1
2675,-0.163717908326,1
2676,-0.449865982675,-1
2677,-0.143220659506,1
2678,-0.27109548301,-1
2679,-0.714236682333,1
2680,1.8782878353,-1
2681,1.55425143685,1
2682,-0.193009724309,-1
2683,0.927156118922,1
2684,-1.79607063585,-1
2685,-1.48601322906,1
2686,0.0878700540096,-1
2687,1.00899974372,1
2688,-0.18513045198,-1
2689,-0.236646391249,1
2690,0.584001169435,-1
2691,0.614485787095,1
2692,-0.412898572474,-1
2693,-0.840438987194,1
2694,1.08724936799,-1
2695,-1.35056489067,1
2696,-0.325378973034,-1
2697,0.869189529923,1
2698,-1.67095168628,-1
2699,0.567334672122,1
2700,-0.696593526582,-1
2701,1.96005238135,1
2702,0.551653658369,-1
2703,-0.905310760411,1
2704,1.53562630554,-1
2705,-1.80682942763,1
2706,1.87425281238,-1
2707,0.010103209923,1
2708,0.887910522973,-1
2709,-0.0345784815364,1
2710,-0.433188575482,-1
2711,0.441475612378,1
2712,-0.0303365949418,-1
2713,-0.584181987919,1
2714,-0.66944893769,-1
2715,1.40618342294,1
2716,0.647641490513,-1
2717,0.342046863297,1
2718,-0.426121737445,-1
2719,-1.64531076182,1
2720,-0.00696433156122,-1
2721,0.0353673402001,1
2722,0.259806171438,-1
2723,-0.869625937976,1
2724,-0.111077776392,-1
2725,0.479747291748,1
2726,-0.11424758567,-1
2727,1.45954713715,1
2728,-1.59965694698,-1
2729,-1.94443268683,1
2730,-0.0560289662473,-1
2731,2.1980723086,1
2732,1.46027573099,-1
2733,-0.580264163786,1
2734,-0.748532901311,-1
2735,-0.682305378237,1
2736,-1.43357093979,-1
2737,-1.52888278473,1
2738,-0.421374028356,-1
2739,-1.39523435031,1
2740,0.565579833879,-1
2741,-0.260286917714,1
2742,-0.431313810354,-1
2743,-0.469749623866,1
2744,1.1720505615,-1
2745,1.19135452464,1
2746,-0.467949078863,-1
2747,0.345917990007,1
2748,-0.0587529453063,-1
2749,-2.61161216971,1
2750,0.865074295909,-1
2751,0.560733752228,1
2752,0.597357358778,-1
2753,-0.776700550267,1
2754,-1.37326086507,-1
2755,1.66968057081,1
2756,-1.01351475043,-1
2757,0.908414273961,1
2758,-0.744131804727,-1
2759,-1.28071489267,1
2760,1.19350794137,-1
2761,0.990263005743,1
2762,-0.575830082768,-1
2763,-0.72675020125,1
2764,1.13578232893,-1
2765,-0.150893962981,1
2766,1.28745595442,-1
2767,-0.158858432683,1
2768,-0.195220289441,-1
2769,0.626474101713,1
2770,0.242775976923,-1
2771,0.52399034564,1
2772,-0.295511109475,-1
2773,-0.440208230158,1
2774,-0.776715284347,-1
2775,-0.273300711759,1
2776,-0.0411618934561,-1
2777,0.92580170558,1
2778,-0.254168631237,-1
2779,2.27103169894,1
2780,1.1794150934,-1
2781,-0.816424907692,1
2782,0.238847906035,-1
2783,-0.360025612816,1
2784,0.396814383916,-1
2785,-0.579900408555,1
2786,-0.574508573252,-1
2787,-0.145087395486,1
2788,-0.726295052889,-1
2789,-0.642318550324,1
2790,0.32283457419,-1
2791,-1.02007582301,1
2792,0.202226964901,-1
2793,0.379513464961,1
2794,-0.054894377408,-1
2795,0.0602531187147,1
2796,-0.884418651826,-1
2797,-2.1124837219,1
2798,0.402129442783,-1
2799,-0.812107630528,1
2800,-0.271050456859,-1
2801,-0.514106719528,1
2802,-1.21936987263,-1
2803,0.655390470798,1
2804,-0.879797294458,-1
2805,1.7241600314,1
2806,0.645554890851,-1
2807,-1.18524724289,1
2808,-0.739083022939,-1
2809,-0.0709478263517,1
2810,0.246368056831,-1
2811,0.740661021332,1
2812,-1.7257247346,-1
2813,0.231890391989,1
2814,1.25871346746,-1
2815,1.22758953833,1
2816,0.380665710919,-1
2817,0.704910911571,1
2818,-0.902967699513,-1
2819,-1.11644883353,1
2820,0.986007458176,-1
2821,-0.171911372455,1
2822,0.340347068191,-1
2823,-1.69300321945,1
2824,0.317767216917,-1
2825,0.59709033024,1
2826,-0.528539554243,-1
2827,-0.522537707716,1
2828,0.45859140745,-1
2829,-0.641884776589,1
2830,-0.783065933804,-1
2831,-1.75143158867,1
2832,0.70844986316,-1
2833,2.59251461298,1
2834,-0.240720592075,-1
2835,1.91614925045,1
2836,-1.47595251862,-1
2837,1.28020677247,1
2838,0.00069136193504,-1
2839,-0.269929955977,1
2840,-1.03958952115,-1
2841,1.86429953043,1
2842,-0.602984001311,-1
2843,0.46692297549,1
2844,0.123213782219,-1
2845,-0.445012311576,1
2846,-1.55874585593,-1
2847,-0.0245322989434,1
2848,1.67944180621,-1
2849,0.512218654255,1
2850,0.47020822467,-1
2851,0.0611662058753,1
2852,-0.679296699109,-1
2853,0.970614979895,1
2854,0.447831108016,-1
2855,-0.410036050026,1
2856,-1.22083634817,-1
2857,-1.32408542027,1
2858,0.698312197538,-1
2859,-0.782984325398,1
2860,-0.435854924366,-1
2861,-0.396469838091,1
2862,1.24711841059,-1
2863,-0.482796522628,1
2864,1.28218827533,-1
2865,0.0788981994001,1
2866,-0.345810760719,-1
2867,-0.272578658318,1
2868,0.636249014018,-1
2869,-0.612394982162,1
2870,0.737368583608,-1
2871,0.57785468397,1
2872,0.320913916776,-1
2873,-0.0196745713164,1
2874,1.44330580428,-1
2875,-0.968502981298,1
2876,1.27564549894,-1
2877,2.00701462084,1
2878,2.15325872013,-1
2879,-0.443104877916,1
2880,-0.954437773417,-1
2881,-0.028198262033,1
2882,-0.432712475866,-1
2883,-1.55902919339,1
2884,-0.34682872387,-1
2885,-2.04406021713,1
2886,1.11196656598,-1
2887,0.272955752605,1
2888,-0.746777728906,-1
2889,-0.268027792662,1
2890,0.440860418009,-1
2891,-0.260109799472,1
2892,-0.0376834676106,-1
2893,0.0861158565772,1
2894,1.086891562,-1
2895,-0.358269719114,1
2896,1.01363382585,-1
2897,0.955429409057,1
2898,0.855144101989,-1
2899,0.354995209151,1
2900,-0.127749382779,-1
2901,-0.711912329292,1
2902,-1.95368394482,-1
2903,-2.4440900061,1
2904,-1.1253912648,-1
2905,-0.0785979053324,1
2906,-0.221171320094,-1
2907,-0.494833385585,1
2908,-2.41395201222,-1
2909,-0.778572791094,1
2910,-1.06644501676,-1
2911,1.68675174605,1
2912,-0.801901866725,-1
2913,-0.155194422826,1
2914,-0.150654135038,-1
2915,0.182923990651,1
2916,-0.0810198223595,-1
2917,-0.795340762767,1
2918,-0.462627751714,-1
2919,-0.476865046241,1
2920,-0.567151587337,-1
2921,-0.504304387453,1
2922,0.808986589486,-1
2923,2.44828850213,1
2924,0.219730755531,-1
2925,0.265430410293,1
2926,-0.616363657212,-1
2927,0.227475918816,1
2928,0.372417711426,-1
2929,0.85977202667,1
2930,-0.459624271833,-1
2931,0.952060078263,1
2932,-0.541441321008,-1
2933,0.202593042763,1
2934,-0.112287616033,-1
2935,-0.0317380339147,1
2936,0.423493331475,-1
2937,-1.15665607572,1
2938,-1.28974041465,-1
2939,0.586451522832,1
2940,1.14979549174,-1
2941,0.946944073079,1
2942,0.655135324383,-1
2943,0.632967867921,1
2944,-0.793263376201,-1
2945,-2.16426421441,1
2946,-0.561508431624,-1
2947,1.53695421274,1
2948,0.39453215748,-1
2949,0.989960054774,1
2950,1.41865193421,-1
2951,0.67221130064,1
2952,0.278662872659,-1
2953,-0.933222275036,1
2954,0.146339153611,-1
2955,-1.92105698534,1
2956,0.766946067973,-1
2957,-0.0440070020667,1
2958,-0.396547454195,-1
2959,-0.265157980664,1
2960,-0.644331569698,-1
2961,-1.42510605774,1
2962,-2.69539313511,-1
2963,-0.456444684486,1
2964,0.572024234503,-1
2965,-0.397682595773,1
2966,-0.436320895075,-1
2967,0.761536478764,1
2968,-0.704715631937,-1
2969,-0.960800781754,1
2970,1.54346878519,-1
2971,-1.11226497535,1
2972,0.916188402117,-1
2973,-0.312219053351,1
2974,0.948299813903,-1
2975,0.154024526889,1
2976,-0.568752229147,-1
2977,-1.45767058647,1
2978,-0.149943249488,-1
2979,-0.462713357439,1
2980,-0.128405095595,-1
2981,0.54840773003,1
2982,1.76156544403,-1
2983,-0.898726167934,1
2984,1.14741791385,-1
2985,0.105546905561,1
2986,-0.785660884948,-1
2987,2.01146691595,1
2988,-1.19058170362,-1
2989,1.21693074971,1
2990,-0.876125195377,-1
2991,-0.481798509227,1
2992,-0.0571078804635,-1
2993,-1.61595590172,1
2994,-1.26367454029,-1
2995,-1.86851420049,1
2996,-0.629447336247,-1
2997,1.02467275597,1
2998,0.0379496864786,-1
2999,-0.464819213255,1
3000,-0.507911743095,-1
3001,0.691205850886,1
3002,0.70716886405,-1
3003,0.686921978801,1
3004,1.11876133739,-1
3005,0.19130000865,1
3006,-0.392763841619,-1
3007,0.505047922827,1
3008,-0.0937584605075,-1
3009,1.10819342394,1
3010,0.0344089402098,-1
3011,0.104822102119,1
3012,-1.06651635101,-1
3013,-2.40798358955,1
3014,-1.31587392674,-1
3015,0.553682552441,1
3016,1.29028539208,-1
3017,1.15749379871,1
3018,-0.322690925442,-1
3019,0.608151589914,1
3020,0.490157131002,-1
3021,-0.757408925659,1
3022,0.849700443921,-1
3023,1.84512509378,1
3024,-1.63364760439,-1
3025,-1.27151884523,1
3026,-0.256329141685,-1
3027,-1.56955678694,1
3028,-1.29740717805,-1
3029,0.616804823854,1
3030,0.486386414165,-1
3031,0.408364819324,1
3032,0.826802653211,-1
3033,1.96452882555,1
3034,0.294988321007,-1
3035,-0.982647105576,1
3036,-0.189298557046,-1
3037,-0.919760263711,1
3038,-1.16294457237,-1
3039,1.11248977755,1
3040,0.730207728523,-1
3041,0.283573181429,1
3042,-0.637300837769,-1
3043,-0.805431238626,1
3044,-0.697078035283,-1
3045,0.0102815304206,1
3046,-0.0274075125192,-1
3047,-0.348288235307,1
3048,-2.18814846378,-1
3049,-0.835386818049,1
3050,-1.08324260894,-1
3051,1.68639812345,1
3052,-0.355444227966,-1
3053,-0.547619090971,1
3054,-0.894913138856,-1
3055,0.499774072796,1
3056,-0.232701653616,-1
3057,-0.654373288208,1
3058,0.868324433843,-1
3059,0.495640169429,1
3060,0.500331056122,-1
3061,1.03564563601,1
3062,-0.573346686282,-1
3063,-0.121863731784,1
3064,-1.40602972463,-1
3065,2.68168750054,1
3066,-1.45461073849,-1
3067,-0.639793602907,1
3068,-0.834470694069,-1
3069,0.337471367529,1
3070,2.00061469,-1
3071,0.184473048514,1
3072,0.39644390913,-1
3073,-0.0284861091544,1
3074,-0.369160179493,-1
3075,0.689619670817,1
3076,0.442153795198,-1
3077,2.58972836864,1
3078,0.59887309545,-1
3079,-0.0724929840177,1
3080,0.408265836356,-1
3081,1.44478727982,1
3082,0.746073231645,-1
3083,0.672952246703,1
3084,0.521304708047,-1
3085,1.7687934475,1
3086,-0.791538145882,-1
3087,-0.790773028644,1
3088,-1.17119666117,-1
3089,-0.811866784085,1
3090,0.233968438819,-1
3091,0.182330583823,1
3092,-0.674944334963,-1
3093,-0.337010790886,1
3094,-0.119827795668,-1
3095,-0.0817854108578,1
3096,1.50283103999,-1
3097,-0.409194276619,1
3098,2.42797036423,-1
3099,-0.535652962432,1
3100,-0.315944323402,-1
3101,-0.884563113498,1
3102,-0.944019681895,-1
3103,0.324809708662,1
3104,-0.942690778306,-1
3105,-0.142358292468,1
3106,0.47197181624,-1
3107,-0.248338220983,1
3108,-0.359151468806,-1
3109,-1.27927798645,1
3110,-1.09536655551,-1
3111,-1.6351372467,1
3112,1.72753315453,-1
3113,0.490911853696,1
3114,-1.29937507991,-1
3115,-0.713736900678,1
3116,-1.3268197966,-1
3117,-1.70413250062,1
3118,1.69231424121,-1
3119,-1.65915822059,1
3120,0.846105947958,-1
3121,-1.53816352926,1
3122,-0.63015165057,-1
3123,0.722263731882,1
3124,-0.430368218731,-1
3125,0.406503152036,1
3126,1.21508003708,-1
3127,-0.822257284045,1
3128,0.32169208153,-1
3129,-1.09580093761,1
3130,0.210298824863,-1
3131,-1.06943320435,1
3132,-0.606855511318,-1
3133,-1.29133477236,1
3134,0.759263431717,-1
3135,0.829816445194,1
3136,0.0284587945789,-1
3137,-1.55664542855,1
3138,-0.815331743214,-1
3139,1.10836794473,1
3140,-0.509841350589,-1
3141,-0.25385094118,1
3142,0.867345797085,-1
3143,0.805144140159,1
3144,2.76203421432,-1
3145,-0.401706452,1
3146,0.0781140415928,-1
3147,0.488712539969,1
3148,1.64249708829,-1
3149,0.992785206424,1
3150,-0.472916940242,-1
3151,1.56547136341,1
3152,-0.273719031013,-1
3153,-0.175374864535,1
3154,-1.66024841336,-1
3155,-0.433973288694,1
3156,0.0328435582403,-1
3157,-0.000440870126663,1
3158,-0.463426622426,-1
3159,-1.6110630372,1
3160,-1.36518557644,-1
3161,-0.625421697946,1
3162,-0.0916015629463,-1
3163,0.644474132731,1
3164,-0.0439494076342,-1
3165,0.406399930004,1
3166,0.879313519407,-1
3167,-1.99001635376,1
3168,-0.233778686361,-1
3169,-0.1730456268,1
3170,-1.11314619672,-1
3171,-0.447246057244,1
3172,-1.17533966149,-1
3173,0.0788703358918,1
3174,-0.165315853284,-1
3175,-0.958641375647,1
3176,-0.506206970806,-1
3177,-1.35932527897,1
3178,0.930581245084,-1
3179,1.73784909556,1
3180,1.33264042679,-1
3181,-0.669625933901,1
3182,1.45970208985,-1
3183,0.648814858228,1
3184,0.671339916742,-1
3185,1.51782908155,1
3186,-0.134370614992,-1
3187,0.213959202583,1
3188,0.206290038429,-1
3189,0.295931792296,1
3190,0.159652845472,-1
3191,-0.721111492355,1
3192,1.6583063801,-1
3193,-0.725401042797,1
3194,0.246454422052,-1
3195,1.67248416765,1
3196,-0.511070254935,-1
3197,0.605081008648,1
3198,-1.63668663673,-1
3199,-0.00766316911299,1
3200,1.18097120047,-1
3201,-1.44986274309,1
3202,-0.679060522648,-1
3203,-0.433927736793,1
3204,0.350124745944,-1
3205,0.297717122019,1
3206,-1.65933911102,-1
3207,-0.426015931981,1
3208,0.535192685045,-1
3209,-0.0849423524394,1
3210,0.123546922691,-1
3211,0.952570211131,1
3212,-0.000403560176036,-1
3213,0.641678456379,1
3214,2.34510826682,-1
3215,1.20130818057,1
3216,-1.00284612902,-1
3217,0.63851694326,1
3218,0.529696764712,-1
3219,1.32672922237,1
3220,-1.08530612118,-1
3221,-0.73922423576,1
3222,0.478867744628,-1
3223,-0.358175807289,1
3224,-1.38356393577,-1
3225,-1.15888125181,1
3226,-0.633351529833,-1
3227,-0.357070416872,1
3228,-0.142512817471,-1
3229,-0.499905429161,1
3230,0.240854038399,-1
3231,-0.192047034849,1
3232,2.0729506156,-1
3233,0.251067884307,1
3234,0.728408959058,-1
3235,-0.660806352037,1
3236,-0.472541673139,-1
3237,0.155727805012,1
3238,0.91682201707,-1
3239,0.999650713372,1
3240,3.03268563454,-1
3241,0.538856523203,1
3242,-0.524587575709,-1
3243,1.41470817632,1
3244,-0.747598131826,-1
3245,1.17153305921,1
3246,0.654872307682,-1
3247,-0.286115800165,1
3248,-0.159716489417,-1
3249,-0.267692259629,1
3250,-0.368624063926,-1
3251,-2.43743674491,1
3252,-0.29668031688,-1
3253,0.0263035803211,1
3254,-0.152955088658,-1
3255,-0.494353727689,1
3256,-0.844861357873,-1
3257,-1.99512816052,1
3258,-0.277175735464,-1
3259,-0.932413007745,1
3260,1.26233160198,-1
3261,-0.0709881331677,1
3262,1.11353098009,-1
3263,0.834795725525,1
3264,-0.0403818201624,-1
3265,0.390492863296,1
3266,0.141064482164,-1
3267,0.874596339453,1
3268,0.703788606173,-1
3269,0.533738420912,1
3270,-0.145428599327,-1
3271,-1.19984292013,1
3272,0.27053639798,-1
3273,1.75659712081,1
3274,1.10329174248,-1
3275,-1.20496633528,1
3276,0.113074601114,-1
3277,0.35254671196,1
3278,0.432297171063,-1
3279,-2.35237738176,1
3280,-1.52990052952,-1
3281,-0.524821328864,1
3282,-1.03737714128,-1
3283,-0.723193314052,1
3284,-0.175611987939,-1
3285,1.1821132432,1
3286,-0.671074557936,-1
3287,0.163293215249,1
3288,1.09003766123,-1
3289,-0.196640868639,1
3290,0.311478783353,-1
3291,-1.29904850401,1
3292,0.309147258726,-1
3293,-0.1670382619,1
3294,-0.0215076722134,-1
3295,-0.279332321072,1
3296,-1.41236846139,-1
3297,0.998486442045,1
3298,0.771170560614,-1
3299,0.765972627472,1
3300,1.353772507,-1
3301,-1.92199973581,1
3302,-0.973475644447,-1
3303,-1.93915852172,1
3304,-0.736429791961,-1
3305,-1.17665404129,1
3306,-0.288608439744,-1
3307,0.458507260139,1
3308,2.27592073102,-1
3309,-0.342245529107,1
3310,0.00649370676907,-1
3311,1.00753973116,1
3312,-0.936796213289,-1
3313,-0.0260552407014,1
3314,-0.188850481275,-1
3315,1.56773326852,1
3316,-0.321927620673,-1
3317,1.04390710619,1
3318,-0.528276146642,-1
3319,0.351215380596,1
3320,-1.35197286073,-1
3321,0.402304936301,1
3322,0.115595543326,-1
3323,-1.81649013179,1
3324,0.238766437059,-1
3325,-1.27993193426,1
3326,-0.180041512165,-1
3327,0.544324634779,1
3328,-0.803256677083,-1
3329,0.824882701657,1
3330,-1.48063981994,-1
3331,1.18998497697,1
3332,0.679242188325,-1
3333,-0.539443558934,1
3334,3.02709626089,-1
3335,-0.754885671075,1
3336,0.393603304109,-1
3337,-0.321547493802,1
3338,-1.59855173603,-1
3339,0.375610010529,1
3340,-0.510353105385,-1
3341,-0.497996738729,1
3342,-0.974738359259,-1
3343,-0.492473314753,1
3344,0.455603282245,-1
3345,0.742467266426,1
3346,1.26748388933,-1
3347,0.398508693915,1
3348,-1.29909470805,-1
3349,-0.180656698604,1
3350,-0.05502054747,-1
3351,-0.171445833021,1
3352,-0.651053500636,-1
3353,-1.59147822571,1
3354,-1.80809808966,-1
3355,-0.0573463266055,1
3356,-0.724986013086,-1
3357,-0.249341522848,1
3358,1.38848171977,-1
3359,1.72909203809,1
3360,2.36595141626,-1
3361,0.535899972667,1
3362,-0.889058744648,-1
3363,0.764841614174,1
3364,-1.39879728948,-1
3365,0.551329192502,1
3366,1.3633809767,-1
3367,-2.22833059018,1
3368,-1.21016230298,-1
3369,0.5391169773,1
3370,0.535051049373,-1
3371,-0.234460169721,1
3372,-0.319305205191,-1
3373,0.704797880141,1
3374,2.24349854207,-1
3375,0.539101750365,1
3376,0.425726315232,-1
3377,1.65932305193,1
3378,0.656969640674,-1
3379,-1.26191179366,1
3380,-0.171919383558,-1
3381,-0.168513886866,1
3382,-0.277885999191,-1
3383,-0.970382993635,1
3384,0.0580249857539,-1
3385,0.0180999252572,1
3386,1.7066494205,-1
3387,1.13289627016,1
3388,0.617091643445,-1
3389,0.770712753161,1
3390,-0.881597387822,-1
3391,-1.67954162234,1
3392,-0.463168967514,-1
3393,-1.33112445708,1
3394,-0.0220797466208,-1
3395,-0.837840003335,1
3396,0.0353438870698,-1
3397,0.716565142176,1
3398,0.00521888916371,-1
3399,-1.28673646706,1
3400,0.876393872469,-1
3401,-0.884911156308,1
3402,0.98909472308,-1
3403,0.170932835992,1
3404,-0.345599070649,-1
3405,0.359989022739,1
3406,-1.13217939886,-1
3407,0.634168905279,1
3408,0.917548559243,-1
3409,0.567569196585,1
3410,0.583261204131,-1
3411,0.137291100903,1
3412,-0.668324242655,-1
3413,0.728338850736,1
3414,1.03508901185,-1
3415,0.273874231408,1
3416,-0.789011046197,-1
3417,-0.871604932078,1
3418,0.127015371543,-1
3419,0.0468496971816,1
3420,-0.670433530702,-1
3421,-2.0247652633,1
3422,0.840383984792,-1
3423,-2.48492771685,1
3424,-0.488272644672,-1
3425,1.13217342458,1
3426,0.0967585348906,-1
3427,1.58395621066,1
3428,0.733764701656,-1
3429,0.177527073378,1
3430,0.339464066741,-1
3431,-0.670859806528,1
3432,0.288133553994,-1
3433,0.654394732003,1
3434,-0.873874670012,-1
3435,0.398328275724,1
3436,-1.12679439336,-1
3437,0.839203722463,1
3438,0.36418997077,-1
3439,0.29728200025,1
3440,0.0885409234586,-1
3441,-0.439157396489,1
3442,-0.372039283598,-1
3443,-1.30397786566,1
3444,-0.141381854286,-1
3445,0.181634270031,1
3446,0.787522932197,-1
3447,-0.319947312087,1
3448,1.13387997068,-1
3449,-0.104775792056,1
3450,-0.196313230532,-1
3451,0.276287979077,1
3452,0.566348787434,-1
3453,1.00709196315,1
3454,-0.467851638516,-1
3455,1.15071670479,1
3456,1.73534090541,-1
3457,1.73703186404,1
3458,1.27547531131,-1
3459,1.63604697377,1
3460,0.526214857437,-1
3461,-0.510729388016,1
3462,0.609138685616,-1
3463,0.604811470948,1
3464,0.0082350843146,-1
3465,-0.291131475914,1
3466,0.0624346272582,-1
3467,-0.637914260457,1
3468,0.176569047652,-1
3469,0.276749680313,1
3470,-0.32333773032,-1
3471,-2.18577087506,1
3472,-0.931139755446,-1
3473,0.424324161431,1
3474,0.479979490905,-1
3475,-0.94286627603,1
3476,-1.18044649921,-1
3477,0.483621007496,1
3478,-0.465457215488,-1
3479,1.67682241814,1
3480,1.91509157787,-1
3481,0.819495274526,1
3482,-0.928765821254,-1
3483,0.785517871278,1
3484,-0.0879126877901,-1
3485,1.8741109271,1
3486,0.62411003024,-1
3487,0.697256273036,1
3488,-0.215506747559,-1
3489,-0.549865147555,1
3490,-1.11405158712,-1
3491,-0.133677990005,1
3492,-0.196672861506,-1
3493,-0.374828769707,1
3494,-1.04495485365,-1
3495,0.418878425801,1
3496,0.165090838477,-1
3497,-0.279501360088,1
3498,0.874940166713,-1
3499,-0.154207057207,1
3500,-1.33461089611,-1
3501,0.885747340282,1
3502,-0.42900537536,-1
3503,1.20830479271,1
3504,0.0414477952522,-1
3505,-1.23283011415,1
3506,0.408015423344,-1
3507,-2.45137683895,1
3508,0.426089159329,-1
3509,-2.17943454872,1
3510,-1.17516711736,-1
3511,-0.917996803479,1
3512,-0.695703656191,-1
3513,-1.07009244192,1
3514,-0.203516218983,-1
3515,-2.57918087374,1
3516,1.04797963641,-1
3517,-2.0618197552,1
3518,1.06307172541,-1
3519,0.431241414616,1
3520,-1.1961515681,-1
3521,-0.917962853355,1
3522,-0.331461216109,-1
3523,0.0186186552499,1
3524,1.22929607766,-1
3525,1.97784675016,1
3526,-2.27700549816,-1
3527,0.565731645773,1
3528,-0.770546277797,-1
3529,0.698868438675,1
3530,0.12799740517,-1
3531,-1.83763196051,1
3532,0.485986241618,-1
3533,0.459908032599,1
3534,1.41469461309,-1
3535,0.0742935850357,1
3536,-0.624383592287,-1
3537,1.69230956634,1
3538,-0.350039723526,-1
3539,-0.948557831205,1
3540,1.44288042335,-1
3541,0.820658479974,1
3542,-1.94062938354,-1
3543,-2.42957230458,1
3544,-0.433831690022,-1
3545,-0.677198985329,1
3546,-1.80009392589,-1
3547,1.08961203216,1
3548,-0.600064890367,-1
3549,-0.737257434163,1
3550,-0.489935366622,-1
3551,-0.451450006695,1
3552,0.694536090291,-1
3553,-2.10546262969,1
3554,-1.21108191571,-1
3555,-1.31480661323,1
3556,2.62993713096,-1
3557,-0.686425692028,1
3558,0.110132606781,-1
3559,0.633466540014,1
3560,0.64127000114,-1
3561,-1.60979949465,1
3562,0.871095497943,-1
3563,-0.444758031116,1
3564,-1.02052208906,-1
3565,0.396571233509,1
3566,0.154571934893,-1
3567,1.08246259269,1
3568,2.14978018445,-1
3569,1.37924865922,1
3570,0.354216911718,-1
3571,-0.687495519574,1
3572,-0.425402346196,-1
3573,-0.532466630543,1
3574,-1.16784818671,-1
3575,0.760236413553,1
3576,1.00025999359,-1
3577,-0.057155233199,1
3578,0.482154001758,-1
3579,-2.55876122874,1
3580,-0.490217995116,-1
3581,0.366761844729,1
3582,0.490824198461,-1
3583,-0.954384947265,1
3584,-0.378570902713,-1
3585,-1.1284897221,1
3586,-1.1961657331,-1
3587,0.7808838743,1
3588,-1.2406225828,-1
3589,0.664272031269,1
3590,0.753657135901,-1
3591,-1.20593799602,1
3592,-1.33933966815,-1
3593,-0.367095421793,1
3594,-2.21481724726,-1
3595,-0.362702326182,1
3596,1.37049526529,-1
3597,1.40034554799,1
3598,-0.387146795438,-1
3599,-0.697388311531,1
3600,-2.02470009914,-1
3601,-0.573459027265,1
3602,0.232628987328,-1
3603,0.225773517691,1
3604,-0.381470346498,-1
3605,1.9321724704,1
3606,0.209160515689,-1
3607,-0.250704153769,1
3608,1.91839216417,-1
3609,0.579936029008,1
3610,0.981180408901,-1
3611,-0.992306788053,1
3612,0.440517832311,-1
3613,0.929049689207,1
3614,0.763052509877,-1
3615,0.125330182698,1
3616,-1.21603000781,-1
3617,-0.22811663901,1
3618,0.718889847858,-1
3619,-0.427740991842,1
3620,-0.933374906246,-1
3621,0.663409347138,1
3622,-0.347191589986,-1
3623,0.249509686209,1
3624,0.716877366916,-1
3625,-1.1022766866,1
3626,0.596248100231,-1
3627,-0.126917478921,1
3628,1.41748705448,-1
3629,0.245318991889,1
3630,-0.458084818362,-1
3631,0.370216670197,1
3632,1.39654632526,-1
3633,1.50622841519,1
3634,-0.773976007619,-1
3635,-0.557444886175,1
3636,-0.203728230608,-1
3637,0.227997718141,1
3638,1.14511702455,-1
3639,1.46135000261,1
3640,-1.04234992989,-1
3641,-0.680499693712,1
3642,-1.36232289978,-1
3643,0.268443726882,1
3644,-1.84650398398,-1
3645,0.552260635435,1
3646,0.0272577757365,-1
3647,-3.06446500854,1
3648,-0.425187419993,-1
3649,0.563524911063,1
3650,0.811779382622,-1
3651,0.236857828724,1
3652,0.0710088630275,-1
3653,0.900020845076,1
3654,-0.560082748868,-1
3655,0.547528567271,1
3656,0.879303850044,-1
3657,-0.703110489661,1
3658,1.77258831747,-1
3659,0.622593635924,1
3660,0.299556794162,-1
3661,0.229715450011,1
3662,1.69811086304,-1
3663,-1.24837696683,1
3664,-1.38407254735,-1
3665,-0.542825643663,1
3666,-0.69643889745,-1
3667,1.19545302554,1
3668,0.872367490701,-1
3669,0.556678068398,1
3670,0.59840652177,-1
3671,-0.46631091475,1
3672,1.56795194562,-1
3673,1.11731109501,1
3674,1.17744267969,-1
3675,-2.3779075489,1
3676,-1.31973838481,-1
3677,-1.22149106415,1
3678,-0.785966270244,-1
3679,-1.00791473297,1
3680,1.30410749783,-1
3681,-0.206723649036,1
3682,-0.446309826724,-1
3683,-0.741718361024,1
3684,-0.226114006804,-1
3685,0.0239024030533,1
3686,-0.475593396216,-1
3687,-0.346668825046,1
3688,-1.47701433298,-1
3689,-0.597890466869,1
3690,0.840294182855,-1
3691,-0.324973124006,1
3692,0.806666215299,-1
3693,-0.914361566043,1
3694,-0.997689351926,-1
3695,1.00198641595,1
3696,-0.720574629407,-1
3697,-0.3449581215,1
3698,1.90856024091,-1
3699,0.106009971682,1
3700,-0.142842252555,-1
3701,-1.08157757795,1
3702,0.356238056366,-1
3703,-1.52381708448,1
3704,-1.97021773039,-1
3705,0.506180428957,1
3706,1.69546220161,-1
3707,-0.660994229204,1
3708,0.427420142641,-1
3709,0.216232586619,1
3710,0.15517417539,-1
3711,-2.46331842029,1
3712,-1.52051004234,-1
3713,-0.551792015632,1
3714,0.11606232073,-1
3715,0.242646661623,1
3716,-1.59650007723,-1
3717,0.927916274575,1
3718,0.313677917448,-1
3719,-2.30061160625,1
3720,-0.903745045073,-1
3721,-0.0817588530357,1
3722,1.0235233094,-1
3723,0.973311723497,1
3724,1.04909880045,-1
3725,1.34446954213,1
3726,-2.01967718053,-1
3727,-0.622581051954,1
3728,-0.205067702922,-1
3729,-0.263077547402,1
3730,-0.610764761941,-1
3731,1.40091902202,1
3732,-0.57540859466,-1
3733,-1.21447801209,1
3734,-1.6808929322,-1
3735,-0.241364584471,1
3736,0.110851568833,-1
3737,1.12789560931,1
3738,0.164095008825,-1
3739,0.609909060463,1
3740,-0.452075424647,-1
3741,0.306807035889,1
3742,-0.119298487377,-1
3743,1.88472232955,1
3744,-1.28466405447,-1
3745,-0.355925073566,1
3746,0.646265966851,-1
3747,-1.01257353229,1
3748,1.50474302499,-1
3749,0.579928815774,1
3750,-0.161857478408,-1
3751,1.80944232571,1
3752,0.307235728971,-1
3753,-1.24510983891,1
3754,-0.620870501871,-1
3755,0.769919162259,1
3756,-1.05388450887,-1
3757,-0.746720282836,1
3758,-2.38256526526,-1
3759,-0.768536286432,1
3760,-0.716749317786,-1
3761,1.24752846906,1
3762,-1.42601216941,-1
3763,-0.521604932858,1
3764,0.521565885409,-1
3765,0.401569610758,1
3766,-0.755488603666,-1
3767,-1.10392210776,1
3768,-0.538793748419,-1
3769,0.972549956483,1
3770,-0.198784598888,-1
3771,2.32725791042,1
3772,-0.179073687626,-1
3773,1.20883893598,1
3774,0.596017015974,-1
3775,0.367095972493,1
3776,1.72353416084,-1
3777,-0.391141360106,1
3778,0.223847429237,-1
3779,-0.054166691358,1
3780,-0.305653483883,-1
3781,-1.20676097268,1
3782,-1.00945924703,-1
3783,-0.918218138956,1
3784,0.366932615014,-1
3785,-0.266427114948,1
3786,0.604809746261,-1
3787,-0.480692814748,1
3788,0.443906057882,-1
3789,0.029563102322,1
3790,-1.74776314816,-1
3791,-0.295357285365,1
3792,-1.06864374879,-1
3793,-0.189106206979,1
3794,-1.05365804615,-1
3795,-0.221736926585,1
3796,0.316170453699,-1
3797,0.899746141375,1
3798,0.203207356074,-1
3799,-0.208020620301,1
3800,0.114177418609,-1
3801,0.555315194419,1
3802,-1.30201772791,-1
3803,-0.370074071476,1
3804,1.51787795931,-1
3805,-1.36167132731,1
3806,-1.24142136932,-1
3807,0.528085125831,1
3808,-0.612214059814,-1
3809,-0.467114391314,1
3810,1.19195408999,-1
3811,1.85062301571,1
3812,-1.0328756453,-1
3813,1.37071452933,1
3814,0.309609738874,-1
3815,0.299011933806,1
3816,0.340923747361,-1
3817,-0.601482798114,1
3818,-0.365185448839,-1
3819,0.359749820089,1
3820,-0.0381090485783,-1
3821,-1.79876708104,1
3822,0.109318263074,-1
3823,0.113833987188,1
3824,-0.236439574382,-1
3825,-0.110815242474,1
3826,1.83674725774,-1
3827,1.64341582961,1
3828,0.0645365062587,-1
3829,1.2795989187,1
3830,-0.720695420043,-1
3831,-2.35102591797,1
3832,0.527791273255,-1
3833,1.64136648272,1
3834,1.00950100014,-1
3835,-2.43455537317,1
3836,-0.911290118641,-1
3837,0.727083368708,1
3838,0.951185211367,-1
3839,0.584277631286,1
3840,0.169186341928,-1
3841,-0.269556224138,1
3842,-1.18458623864,-1
3843,-1.10433855918,1
3844,-1.32538988437,-1
3845,1.39951338538,1
3846,-0.821538130865,-1
3847,-0.654102603977,1
3848,-0.362209249195,-1
3849,0.448991599564,1
3850,-0.559768205131,-1
3851,-2.03364467934,1
3852,-1.1130329292,-1
3853,-1.30281125211,1
3854,0.857201580632,-1
3855,1.38602569233,1
3856,-0.206649132845,-1
3857,0.480397496337,1
3858,-0.506729508001,-1
3859,-0.47323179694,1
3860,0.766928592802,-1
3861,0.285793434839,1
3862,0.0694813606643,-1
3863,0.950608908469,1
3864,-1.03524762167,-1
3865,0.646851904124,1
3866,-0.45194343974,-1
3867,1.16255848406,1
3868,1.08684110894,-1
3869,-0.206584927739,1
3870,0.139083907509,-1
3871,-0.524395945719,1
3872,-1.83596270728,-1
3873,0.792620228793,1
3874,-0.316504918197,-1
3875,-0.443057505826,1
3876,0.878440398531,-1
3877,-0.449044415515,1
3878,0.572818871074,-1
3879,-0.77769825578,1
3880,-0.348071050942,-1
3881,1.02483560894,1
3882,0.309257214195,-1
3883,1.74916941851,1
3884,-0.706208170466,-1
3885,0.711645901013,1
3886,-0.898655853559,-1
3887,-1.34749013678,1
3888,-1.16598293651,-1
3889,-0.158730842847,1
3890,-0.572703655674,-1
3891,-2.19676270986,1
3892,0.32823529478,-1
3893,-1.30439784493,1
3894,-0.242748559898,-1
3895,-0.157256285934,1
3896,-0.366806051599,-1
3897,-0.56298675539,1
3898,0.360753091559,-1
3899,1.45788797637,1
3900,-2.30654450584,-1
3901,-1.00286438047,1
3902,0.758504801146,-1
3903,-0.563892536445,1
3904,-1.31347050611,-1
3905,0.816846320416,1
3906,1.06148478073,-1
3907,-0.36099222675,1
3908,-0.633464073933,-1
3909,0.922211516049,1
3910,-0.26838844213,-1
3911,1.10440325397,1
3912,-0.623305241777,-1
3913,-0.367584991356,1
3914,0.0921101116753,-1
3915,-1.94497976174,1
3916,0.3918698938,-1
3917,-0.321388030619,1
3918,0.304975709072,-1
3919,-0.856029171568,1
3920,-0.331954398909,-1
3921,-0.360806330286,1
3922,-0.644622711759,-1
3923,0.347314141743,1
3924,-1.00757222532,-1
3925,0.369863020844,1
3926,1.21529476914,-1
3927,-0.764778220659,1
3928,0.497245901289,-1
3929,-0.397529457509,1
3930,-0.889385822146,-1
3931,0.018759588713,1
3932,1.9068551192,-1
3933,1.52435173684,1
3934,-0.441693413223,-1
3935,0.65489653059,1
3936,0.214941190308,-1
3937,1.74510369206,1
3938,-0.828620768601,-1
3939,-0.809347562145,1
3940,-1.01916813675,-1
3941,-0.843018531014,1
3942,2.45682693166,-1
3943,0.561717137876,1
3944,0.863921768015,-1
3945,-1.95983682678,1
3946,-1.84985112104,-1
3947,-0.0709825707336,1
3948,0.728790234505,-1
3949,-0.649246101095,1
3950,-0.732247615495,-1
3951,-1.00804899124,1
3952,0.659289648165,-1
3953,0.676203433505,1
3954,0.0290907375218,-1
3955,0.0635706737005,1
3956,-1.53477786682,-1
3957,1.45407273152,1
3958,1.97805700584,-1
3959,0.88881979235,1
3960,0.707073958513,-1
3961,0.534153710757,1
3962,-1.92922035842,-1
3963,2.26924166827,1
3964,0.844714208055,-1
3965,1.03884517209,1
3966,0.136195503594,-1
3967,0.677836853361,1
3968,0.638419830206,-1
3969,1.29760827736,1
3970,0.853133622771,-1
3971,-2.03546286195,1
3972,1.69946351278,-1
3973,-0.320947330793,1
3974,0.553802705669,-1
3975,0.0212882935716,1
3976,-0.234966374011,-1
3977,-0.917573759887,1
3978,1.3323462633,-1
3979,-0.272579408453,1
3980,-0.136987605205,-1
3981,0.124783519689,1
3982,-0.253197090476,-1
3983,1.42849674914,1
3984,-0.402070854926,-1
3985,-0.769584063824,1
3986,-1.0437085682,-1
3987,1.11317993884,1
3988,0.679622303956,-1
3989,0.294382023542,1
3990,1.11163840594,-1
3991,1.51930372181,1
3992,0.339422843834,-1
3993,0.541924216704,1
3994,0.551866159234,-1
3995,0.696826412759,1
3996,-0.130314587952,-1
3997,0.952215603001,1
3998,1.42349595537,-1
3999,-0.761730946778,1
4000,-1.303978393,-1
4001,-0.057482448868,1
4002,0.419983315158,-1
4003,0.811674033572,1
4004,0.048154522196,-1
4005,-0.281365937766,1
4006,-0.695877904974,-1
4007,2.14458161633,1
4008,0.150268524243,-1
4009,1.21128150083,1
4010,0.545072808163,-1
4011,0.1974072781,1
4012,-0.507553160798,-1
4013,-2.04461895018,1
4014,-0.387843344374,-1
4015,-0.943592334004,1
4016,-1.16711417154,-1
4017,-1.37893172244,1
4018,0.472303299619,-1
4019,1.55765303412,1
4020,-0.525684528506,-1
4021,1.39290204873,1
4022,0.318074522467,-1
4023,-0.135505234975,1
4024,-0.349531449534,-1
4025,-1.09826493956,1
4026,-0.303684275028,-1
4027,-0.772680561657,1
4028,-0.741344687192,-1
4029,-0.875169321136,1
4030,-0.504247243573,-1
4031,1.55340513686,1
4032,0.0619138285544,-1
4033,-1.31647931298,1
4034,-0.390082303144,-1
4035,-0.858674718022,1
4036,1.22914443158,-1
4037,-0.571883206873,1
4038,1.5442020156,-1
4039,-1.37316021953,1
4040,0.770906464848,-1
4041,0.78198990032,1
4042,-1.46234472172,-1
4043,-0.811404283903,1
4044,0.00967965843358,-1
4045,1.5897693028,1
4046,0.592419233047,-1
4047,-0.69706349873,1
4048,0.800538148227,-1
4049,0.371737052162,1
4050,-1.16401519002,-1
4051,0.537422403465,1
4052,0.879459201217,-1
4053,-0.28223855145,1
4054,1.4968330277,-1
4055,-0.353004593433,1
4056,-0.0923854381598,-1
4057,-0.188266353931,1
4058,-0.329272616884,-1
4059,-0.679555894103,1
4060,0.337696023118,-1
4061,-0.926731731555,1
4062,-0.0677550346586,-1
4063,-1.91030225438,1
4064,-0.702233541245,-1
4065,-0.18572056775,1
4066,0.92926595182,-1
4067,0.24727546171,1
4068,0.632557883299,-1
4069,0.81945298006,1
4070,0.0337664091332,-1
4071,1.08031196957,1
4072,-1.42243021739,-1
4073,-0.965515588151,1
4074,-0.185412048796,-1
4075,-0.608652264012,1
4076,-1.83006638963,-1
4077,-0.884600504889,1
4078,0.693516461753,-1
4079,1.14335495671,1
4080,0.190709480915,-1
4081,0.374884616566,1
4082,0.490816577939,-1
4083,-0.658249801942,1
4084,1.23051672943,-1
4085,-0.569892510466,1
4086,-0.717577888975,-1
4087,-1.36932655165,1
4088,-0.15852708022,-1
4089,-0.862412588744,1
4090,-0.16935455286,-1
4091,-0.245704201142,1
4092,0.192789521219,-1
4093,0.146934787697,1
4094,0.992816115244,-1
4095,2.62406114008,1
4096,-1.21908787308,-1
4097,-1.11698373239,1
4098,0.917855917142,-1
4099,0.747835295549,1
4100,1.80183380161,-1
4101,-0.416410811024,1
4102,1.04069325647,-1
4103,0.644320075551,1
4104,1.7248797028,-1
4105,1.54835425169,1
4106,-0.363615457152,-1
4107,0.228647021693,1
4108,0.156329643647,-1
4109,0.280877629034,1
4110,-0.679546503519,-1
4111,-0.372659797209,1
4112,-0.980165453721,-1
4113,-1.32480677137,1
4114,-0.236966203375,-1
4115,-1.55482775293,1
4116,-1.26960348035,-1
4117,-1.1404119859,1
4118,0.177371237991,-1
4119,-0.764056238458,1
4120,0.750931807402,-1
4121,0.920859208321,1
4122,1.36559756107,-1
4123,1.96755402358,1
4124,-0.45027214277,-1
4125,1.17152120263,1
4126,0.0682302359808,-1
4127,-0.0595205277138,1
4128,0.152950230307,-1
4129,0.270461819586,1
4130,0.652872256686,-1
4131,-1.26701046733,1
4132,-1.05159122612,-1
4133,0.526419174335,1
4134,-2.22455203691,-1
4135,1.6120016098,1
4136,-1.38816132322,-1
4137,0.143210546442,1
4138,1.49374476652,-1
4139,-0.33761946731,1
4140,0.168820944984,-1
4141,-0.933295660873,1
4142,-0.277990162573,-1
4143,-1.43643337478,1
4144,-0.396877504682,-1
4145,0.228158682288,1
4146,1.43116755701,-1
4147,-1.82199561672,1
4148,0.13534077954,-1
4149,-2.01622779217,1
4150,-0.491738035773,-1
4151,0.506353616321,1
4152,0.183798082947,-1
4153,1.05529134252,1
4154,0.322783399895,-1
4155,0.138667559905,1
4156,0.0792204511621,-1
4157,-1.06708013826,1
4158,-0.718520203902,-1
4159,0.149587632311,1
4160,0.368853255782,-1
4161,-0.589149443688,1
4162,0.0466002550779,-1
4163,-0.158323952156,1
4164,0.252360477955,-1
4165,-2.48605891656,1
4166,0.455149494123,-1
4167,-0.663449254149,1
4168,1.52537188634,-1
4169,0.63410969523,1
4170,-0.691959059984,-1
4171,0.756328007349,1
4172,1.70554557091,-1
4173,0.57797448324,1
4174,0.390148634673,-1
4175,-0.215599880605,1
4176,-0.702470641549,-1
4177,0.805535334802,1
4178,0.344758177131,-1
4179,-0.219853243575,1
4180,-0.0019434899556,-1
4181,0.520522482165,1
4182,-0.369172735377,-1
4183,-0.072935294844,1
4184,0.806911364552,-1
4185,-0.241571627206,1
4186,0.159352130486,-1
4187,0.992882786412,1
4188,-0.128436890186,-1
4189,-1.16872932474,1
4190,0.160936061751,-1
4191,1.00139113127,1
4192,-1.19410898279,-1
4193,1.49723652196,1
4194,0.326509654704,-1
4195,1.12679057681,1
4196,-1.17756930028,-1
4197,0.269069979264,1
4198,-0.42938611097,-1
4199,-0.760997034467,1
4200,0.759779695133,-1
4201,-0.185826882756,1
4202,-2.32392334322,-1
4203,-0.165086534481,1
4204,-0.453131371938,-1
4205,-1.17505726889,1
4206,0.149548088831,-1
4207,-0.0647234668138,1
4208,-1.05016980835,-1
4209,-0.39772093834,1
4210,0.0895092768215,-1
4211,-0.3625512055,1
4212,-1.00564917248,-1
4213,0.681552994182,1
4214,0.651854259853,-1
4215,0.361843897348,1
4216,2.54555648348,-1
4217,0.320933087651,1
4218,-0.180264060939,-1
4219,1.51183060361,1
4220,1.11499729405,-1
4221,2.4198030211,1
4222,0.33464984872,-1
4223,1.65075467222,1
4224,0.215438616406,-1
4225,1.26085334905,1
4226,-0.688914485208,-1
4227,0.0538732798454,1
4228,0.895459724439,-1
4229,0.247600056599,1
4230,1.17156596914,-1
4231,-0.396074597578,1
4232,-0.274413097695,-1
4233,2.72420212127,1
4234,2.48425991809,-1
4235,-0.633122182847,1
4236,-0.289909549609,-1
4237,-0.490157759489,1
4238,1.12581119534,-1
4239,-0.933849326239,1
4240,0.896553902849,-1
4241,0.584194759572,1
4242,-1.48538017935,-1
4243,1.15646143823,1
4244,-0.500612147352,-1
4245,-1.04942006497,1
4246,0.519024072966,-1
4247,-1.03412071612,1
4248,-0.290259625409,-1
4249,1.0854875118,1
4250,-1.12072088478,-1
4251,-0.970315573103,1
4252,2.1657705619,-1
4253,-1.68930258242,1
4254,-0.660301933792,-1
4255,0.690345815554,1
4256,-0.357343875659,-1
4257,0.180800110118,1
4258,-2.40730973288,-1
4259,-0.704525825485,1
4260,-0.946438847611,-1
4261,0.0166626272259,1
4262,0.914044839423,-1
4263,1.1359131963,1
4264,-1.15578976772,-1
4265,-1.18672820497,1
4266,1.5127206502,-1
4267,-0.666473084486,1
4268,-0.686918237748,-1
4269,-0.0644412723043,1
4270,0.795828950841,-1
4271,-1.46841980209,1
4272,-0.902642451539,-1
4273,0.709391630607,1
4274,1.7523428788,-1
4275,0.0963551709411,1
4276,0.984265928535,-1
4277,0.494528526086,1
4278,0.939721220935,-1
4279,-1.29025518905,1
4280,-0.686436864881,-1
4281,0.638451526073,1
4282,-0.680615263301,-1
4283,1.61486657704,1
4284,1.05011886437,-1
4285,1.66427517009,1
4286,-0.778296845888,-1
4287,0.369858212059,1
4288,2.1793034756,-1
4289,-2.43230257153,1
4290,0.281916774583,-1
4291,-0.0878548212935,1
4292,-0.335495946633,-1
4293,-1.16150708896,1
4294,-1.72315923474,-1
4295,0.463556375388,1
4296,-0.311155482408,-1
4297,1.64457858012,1
4298,0.51592247057,-1
4299,-0.994533451221,1
4300,-0.19908352446,-1
4301,-0.063687282659,1
4302,0.15947665267,-1
4303,-0.618781086683,1
4304,-0.780747798301,-1
4305,-1.09140492594,1
4306,1.23859827132,-1
4307,-2.21584370453,1
4308,0.398386365139,-1
4309,0.176605358436,1
4310,0.635226198795,-1
4311,-0.103244183715,1
4312,1.09675844688,-1
4313,2.80855489898,1
4314,1.0893921213,-1
4315,-0.45863762308,1
4316,0.578989078515,-1
4317,-0.826642901387,1
4318,-2.84391438301,-1
4319,0.662436549523,1
4320,-1.80381009049,-1
4321,0.0352086682014,1
4322,1.25375728532,-1
4323,-0.334563171356,1
4324,0.281559885787,-1
4325,2.44190329575,1
4326,0.159820747182,-1
4327,-1.1958101934,1
4328,-0.310239055435,-1
4329,0.0877181888101,1
4330,0.0614606758475,-1
4331,-1.25970936947,1
4332,0.443134568016,-1
4333,-0.933710520201,1
4334,0.952867165307,-1
4335,0.423341728681,1
4336,-1.36183614069,-1
4337,2.00845090551,1
4338,-0.72598502986,-1
4339,-0.348265518614,1
4340,0.744071512875,-1
4341,1.44913346691,1
4342,2.90273173963,-1
4343,-0.146336620377,1
4344,-0.420681011497,-1
4345,0.0136301932918,1
4346,1.17053722783,-1
4347,0.108871831259,1
4348,-0.563203032708,-1
4349,-0.854388916526,1
4350,-0.363156693515,-1
4351,2.41344642472,1
4352,1.23166543959,-1
4353,1.10618732775,1
4354,1.82427297539,-1
4355,0.598981007436,1
4356,-0.686410222265,-1
4357,0.64098653173,1
4358,-1.50460007076,-1
4359,-0.637297983653,1
4360,-0.106227733123,-1
4361,0.699239295645,1
4362,-0.854105861324,-1
4363,0.0697198148975,1
4364,2.54497027139,-1
4365,0.722626884956,1
4366,-0.634692751061,-1
4367,-0.609901818472,1
4368,-0.937267252169,-1
4369,1.02127512998,1
4370,-0.000529621792206,-1
4371,0.88790152423,1
4372,-0.833129644185,-1
4373,0.0936664064924,1
4374,-0.169637058033,-1
4375,0.215859163911,1
4376,-0.884579839421,-1
4377,0.0819308322397,1
4378,0.883785275815,-1
4379,0.577340283455,1
4380,-0.0996242322955,-1
4381,-1.65001909315,1
4382,-0.633570796806,-1
4383,1.34938293028,1
4384,0.176900540916,-1
4385,-1.22584443838,1
4386,0.127507618072,-1
4387,0.747424223422,1
4388,0.222328231457,-1
4389,0.623120654629,1
4390,-0.215447739198,-1
4391,0.411909299199,1
4392,0.130150103368,-1
4393,0.117771472225,1
4394,-0.185636729846,-1
4395,1.35156721177,1
4396,0.455285878139,-1
4397,-0.206653093239,1
4398,0.86283180063,-1
4399,-0.359584230622,1
4400,-0.911815638628,-1
4401,-0.342510956303,1
4402,0.525854031981,-1
4403,1.64731866252,1
4404,-0.956792831438,-1
4405,0.821436747385,1
4406,0.0290529159541,-1
4407,-0.51371382154,1
4408,0.309714860307,-1
4409,1.05025037653,1
4410,-0.599883956322,-1
4411,-1.52156048753,1
4412,0.559853889737,-1
4413,1.14005887451,1
4414,-1.68438038722,-1
4415,-1.02483549976,1
4416,-0.134766366829,-1
4417,-1.18824694989,1
4418,0.221687247902,-1
4419,-0.642139929535,1
4420,0.752793537166,-1
4421,-1.47022708806,1
4422,-0.895928442265,-1
4423,2.01943814719,1
4424,-0.671412040642,-1
4425,1.72979520801,1
4426,-0.457190277934,-1
4427,0.0541875077942,1
4428,0.0602320065472,-1
4429,-1.31135494868,1
4430,-0.598186099025,-1
4431,1.83222691063,1
4432,-0.950211259498,-1
4433,1.02175661327,1
4434,-1.5737404961,-1
4435,-0.2728503958,1
4436,-0.697576054851,-1
4437,0.0800422205499,1
4438,0.00359823629254,-1
4439,-0.911399391188,1
4440,0.356688795175,-1
4441,-1.29196948263,1
4442,1.32434194661,-1
4443,1.08032688363,1
4444,0.829672887744,-1
4445,1.36344433845,1
4446,0.886400206149,-1
4447,-0.184832182668,1
4448,0.108871714974,-1
4449,0.141513572626,1
4450,0.890310082741,-1
4451,0.153979202501,1
4452,-0.612712402265,-1
4453,-1.1223787191,1
4454,0.038796098856,-1
4455,-0.263873936647,1
4456,0.494170378534,-1
4457,1.36010800888,1
4458,-0.465445297014,-1
4459,-0.716971792637,1
4460,-0.363697616225,-1
4461,1.21231744893,1
4462,-0.783760445015,-1
4463,0.544974258901,1
4464,-0.309495528766,-1
4465,-1.64634036151,1
4466,-0.51612536098,-1
4467,0.0796711654791,1
4468,-1.40859284286,-1
4469,1.4704330299,1
4470,0.718945251103,-1
4471,0.640543090662,1
4472,1.94214389594,-1
4473,1.26830632573,1
4474,0.578401377459,-1
4475,0.811877964078,1
4476,0.268037256781,-1
4477,-1.05425575581,1
4478,1.17324958824,-1
4479,-2.37285479324,1
4480,-0.272557473732,-1
4481,1.6107204772,1
4482,-0.313019290599,-1
4483,-1.25490976291,1
4484,1.47973022638,-1
4485,-0.262261598122,1
4486,-0.721095589265,-1
4487,0.586318742913,1
4488,0.438524061567,-1
4489,-0.403032355077,1
4490,-0.159392601072,-1
4491,0.333760532357,1
4492,-0.101561150702,-1
4493,-0.531768151529,1
4494,1.46122784906,-1
4495,-0.443694682984,1
4496,-0.720119257448,-1
4497,-0.66822898275,1
4498,-0.138965918016,-1
4499,0.884665428758,1
4500,1.38550817418,-1
4501,0.645122121353,1
4502,0.637537339106,-1
4503,0.0840004099814,1
4504,1.93241239623,-1
4505,0.277870352382,1
4506,-0.474681506628,-1
4507,0.091220546435,1
4508,-0.662195173988,-1
4509,0.124920328302,1
4510,0.196073829527,-1
4511,-0.65820276951,1
4512,0.363658415897,-1
4513,-0.230675828598,1
4514,0.383752538192,-1
4515,-0.524322054764,1
4516,-1.10659700251,-1
4517,0.868855862654,1
4518,0.0722086885107,-1
4519,-0.852590847228,1
4520,0.157866372271,-1
4521,1.15852299087,1
4522,-0.671456786335,-1
4523,0.44234342535,1
4524,1.00563410424,-1
4525,0.499643453587,1
4526,2.57654925193,-1
4527,-0.604891134252,1
4528,1.01938203305,-1
4529,-1.27933679258,1
4530,0.156620262695,-1
4531,1.42086802392,1
4532,-0.156014964455,-1
4533,0.306640759363,1
4534,0.68750533111,-1
4535,-0.0626207731076,1
4536,0.302216827763,-1
4537,-0.455796074572,1
4538,-0.0755281147633,-1
4539,-0.390708210117,1
4540,0.652042737124,-1
4541,-1.18741666192,1
4542,0.647468167576,-1
4543,0.579944377846,1
4544,0.0444149570556,-1
4545,-0.116980052667,1
4546,0.0151556852187,-1
4547,0.744767322789,1
4548,0.581177759323,-1
4549,0.538330829061,1
4550,0.45554006424,-1
4551,1.21715999856,1
4552,0.469959566119,-1
4553,1.04091055307,1
4554,0.727040643338,-1
4555,-1.25127762138,1
4556,0.267980984446,-1
4557,0.334177620448,1
4558,-0.0168051549005,-1
4559,0.308049719375,1
4560,-1.14939636052,-1
4561,-1.75484783729,1
4562,-0.123741417974,-1
4563,-2.4915167152,1
4564,0.0145063844686,-1
4565,-0.0345992429245,1
4566,-1.25939271683,-1
4567,-0.876404164383,1
4568,-0.321722853486,-1
4569,-1.02922708895,1
4570,-0.693024546206,-1
4571,-0.206288739759,1
4572,-0.399438041759,-1
4573,-0.320382759048,1
4574,0.392019271067,-1
4575,0.203628987646,1
4576,0.665455881763,-1
4577,-1.41475233243,1
4578,0.889320277124,-1
4579,1.23828480964,1
4580,-1.04601969487,-1
4581,0.713881935677,1
4582,1.02274350762,-1
4583,-0.627293477282,1
4584,0.406465258744,-1
4585,2.17441450182,1
4586,0.396217311298,-1
4587,0.0325747161024,1
4588,0.0212480332196,-1
4589,1.44604742536,1
4590,0.633420812973,-1
4591,-0.0812694522357,1
4592,0.403792350277,-1
4593,-0.684793752684,1
4594,-0.606243071723,-1
4595,1.03171266849,1
4596,0.0898430266944,-1
4597,-1.36156663018,1
4598,-0.824006461751,-1
4599,-0.451897970538,1
4600,0.0593258845332,-1
4601,0.435446217143,1
4602,-1.04488914058,-1
4603,0.894079298527,1
4604,-1.60481485554,-1
4605,-0.487876387456,1
4606,0.219561726399,-1
4607,0.645672016941,1
4608,-0.516656593786,-1
4609,-1.63697546991,1
4610,-0.561011865163,-1
4611,0.34503456401,1
4612,-0.262764853346,-1
4613,1.72443324263,1
4614,-1.12154120447,-1
4615,0.541456312022,1
4616,-0.24309713863,-1
4617,0.675088253958,1
4618,-0.126434804156,-1
4619,-0.131089211768,1
4620,-1.04535509766,-1
4621,0.113212928379,1
4622,0.130126262379,-1
4623,-0.943085332607,1
4624,-0.793992931153,-1
4625,-0.958565621274,1
4626,-0.16530115296,-1
4627,-0.638789977041,1
4628,-0.517837660648,-1
4629,0.00573968512684,1
4630,0.224542077106,-1
4631,0.487336349458,1
4632,0.365157352353,-1
4633,-0.737641003079,1
4634,-0.707664352721,-1
4635,-0.0910230439069,1
4636,0.62057695202,-1
4637,-1.02433937375,1
4638,-0.707727939845,-1
4639,-0.426134016117,1
4640,2.43886955115,-1
4641,1.16345228407,1
4642,-0.604813161287,-1
4643,-0.0944108364766,1
4644,-0.408745535589,-1
4645,1.10658393803,1
4646,0.847695728528,-1
4647,-0.980565835986,1
4648,0.974195540599,-1
4649,0.659420382818,1
4650,0.0832344417849,-1
4651,-1.11925350945,1
4652,0.154609762781,-1
4653,0.860220192259,1
4654,-0.842287008538,-1
4655,0.516141524153,1
4656,0.622690878807,-1
4657,-0.146902954321,1
4658,-0.489020112413,-1
4659,1.51377351737,1
4660,2.03062013939,-1
4661,-1.81972160762,1
4662,0.669627410101,-1
4663,-0.674211734568,1
4664,0.0801723965625,-1
4665,0.105988733175,1
4666,0.22123264069,-1
4667,-1.64964683504,1
4668,-0.172933147785,-1
4669,-1.15917390633,1
4670,0.461031391222,-1
4671,-0.916584907807,1
4672,-0.0509427774705,-1
4673,0.702065787814,1
4674,1.65225672943,-1
4675,0.393441569175,1
4676,0.799973837166,-1
4677,2.22301179991,1
4678,-1.82114142674,-1
4679,0.034274219977,1
4680,0.206097761596,-1
4681,-0.568848530752,1
4682,1.20136671381,-1
4683,0.341742886384,1
4684,0.441913324781,-1
4685,2.22598792648,1
4686,0.314490342472,-1
4687,-0.749282730988,1
4688,-0.567007863249,-1
4689,-0.660340924777,1
4690,1.46881261137,-1
4691,0.367026038888,1
4692,0.0646665136448,-1
4693,-1.15078147277,1
4694,0.136870710147,-1
4695,0.943249511047,1
4696,-2.05018467278,-1
4697,-0.71408432072,1
4698,1.00326781193,-1
4699,0.544991439358,1
4700,-0.148238224134,-1
4701,-0.226303475773,1
4702,0.823959614237,-1
4703,-0.347203108576,1
4704,2.23909924911,-1
4705,0.00641516550554,1
4706,2.20234822837,-1
4707,-1.28990374541,1
4708,-1.80193688009,-1
4709,-0.707877239702,1
4710,0.905589617421,-1
4711,0.00952858354327,1
4712,1.67124658189,-1
4713,-0.176524203252,1
4714,-1.47788872899,-1
4715,-0.00953939121307,1
4716,1.40540788748,-1
4717,-0.743627566538,1
4718,-0.13714221724,-1
4719,-0.202423410483,1
4720,-1.46486528385,-1
4721,0.517754006903,1
4722,0.636255756973,-1
4723,-1.27443270379,1
4724,-0.193414388029,-1
4725,-2.44660264329,1
4726,-0.370132635278,-1
4727,1.19507017506,1
4728,-0.262026578407,-1
4729,0.623278509559,1
4730,-0.943047334155,-1
4731,2.34350363368,1
4732,0.123857576848,-1
4733,-0.535977042387,1
4734,0.548097156474,-1
4735,-0.157033209057,1
4736,1.46734803913,-1
4737,-0.250926513391,1
4738,-0.672488540697,-1
4739,0.162562669733,1
4740,-0.951130715472,-1
4741,-0.205161844881,1
4742,0.690123535942,-1
4743,0.336569964572,1
4744,0.33556973103,-1
4745,0.265417753787,1
4746,0.969102941819,-1
4747,-0.905339951194,1
4748,1.21457567376,-1
4749,-1.10526784428,1
4750,-2.21775261219,-1
4751,-0.116195712966,1
4752,-0.247025183744,-1
4753,1.38182857383,1
4754,-0.625499519257,-1
4755,-1.55843963832,1
4756,0.0518644997279,-1
4757,-0.132002427125,1
4758,0.172138003528,-1
4759,1.04481282976,1
4760,0.16006291214,-1
4761,-0.686222278279,1
4762,-2.44352625618,-1
4763,0.271996387141,1
4764,0.755787061863,-1
4765,-0.612805891479,1
4766,1.43052132561,-1
4767,-0.464778922038,1
4768,0.128118131901,-1
4769,0.819172452448,1
4770,0.146183572097,-1
4771,0.0349149350914,1
4772,1.12381369998,-1
4773,0.273153294032,1
4774,-0.0571118422204,-1
4775,-0.35537817772,1
4776,-0.604756974073,-1
4777,1.94668729985,1
4778,-2.28776419999,-1
4779,-0.90976779372,1
4780,-0.47163087508,-1
4781,-0.741105939202,1
4782,-0.442846502115,-1
4783,-0.677733773229,1
4784,-1.49005543113,-1
4785,-0.734874411254,1
4786,-0.0356669446625,-1
4787,1.51090817531,1
4788,0.36367848,-1
4789,0.286998103191,1
4790,1.40734004675,-1
4791,-0.22348826055,1
4792,0.66517226129,-1
4793,-0.0622297891356,1
4794,-0.634548523697,-1
4795,1.36206358998,1
4796,0.251577047112,-1
4797,-1.47535777387,1
4798,0.560764348228,-1
4799,-1.84288209033,1
4800,0.807218541915,-1
4801,0.222556334852,1
4802,0.426022787613,-1
4803,0.382305821428,1
4804,-0.641814374395,-1
4805,0.840555098513,1
4806,2.07503683709,-1
4807,-0.618556614791,1
4808,0.233584913898,-1
4809,-0.549200267531,1
4810,-0.652330446824,-1
4811,-1.1576901139,1
4812,0.474033484684,-1
4813,-0.578992809311,1
4814,-0.688881315401,-1
4815,-0.339821581956,1
4816,-1.69352410889,-1
4817,0.597920971066,1
4818,-0.816513426771,-1
4819,-0.83938548516,1
4820,0.608795806266,-1
4821,1.60283064439,1
4822,-0.486148534198,-1
4823,0.377004321739,1
4824,-0.64243301151,-1
4825,0.0246361722113,1
4826,0.17155240841,-1
4827,1.01906186863,1
4828,0.646152481547,-1
4829,1.53030344159,1
4830,0.770236148781,-1
4831,-1.85851529444,1
4832,-0.894575933925,-1
4833,1.86483198625,1
4834,-0.337409278085,-1
4835,0.0199335312514,1
4836,0.535756116019,-1
4837,0.0657849667919,1
4838,-0.761955168251,-1
4839,-0.789850979589,1
4840,-3.13942127948,-1
4841,-0.31517414605,1
4842,0.762353744841,-1
4843,-0.935716493408,1
4844,0.537375324408,-1
4845,-0.0115358271711,1
4846,-1.82975782984,-1
4847,-0.211671586714,1
4848,-0.559646813537,-1
4849,1.04018806696,1
4850,0.572008070446,-1
4851,2.06242337934,1
4852,-0.133703419381,-1
4853,-0.313282793941,1
4854,1.15287837947,-1
4855,0.0187548184819,1
4856,-0.0630283306601,-1
4857,-0.177603804691,1
4858,2.21131692699,-1
4859,1.38110137895,1
4860,-0.409425503575,-1
4861,-0.0881257936063,1
4862,-0.883208146165,-1
4863,-1.53263358844,1
4864,3.34920819369,-1
4865,0.279048507884,1
4866,-1.68044621911,-1
4867,-1.49616715946,1
4868,-1.24437020935,-1
4869,0.177506814143,1
4870,0.274383746545,-1
4871,-0.651495410154,1
4872,1.16967876369,-1
4873,0.723837749818,1
4874,-0.331066863957,-1
4875,1.47841262056,1
4876,0.331756565968,-1
4877,-0.29884703623,1
4878,0.605424686704,-1
4879,1.37377783109,1
4880,-0.972704770453,-1
4881,-0.26290933522,1
4882,0.373923025451,-1
4883,1.23444106269,1
4884,-0.869633512378,-1
4885,-0.586961630835,1
4886,0.493869133319,-1
4887,-0.525597542554,1
4888,0.166608518714,-1
4889,-0.169992289913,1
4890,-0.573270985856,-1
4891,-0.132398722672,1
4892,0.26898157071,-1
4893,0.793761751761,1
4894,-2.3601944474,-1
4895,0.557558644018,1
4896,0.738426340715,-1
4897,1.06729226506,1
4898,0.203757592995,-1
4899,-1.03578795767,1
4900,-2.51781107215,-1
4901,-0.297803463225,1
4902,-2.93779971735,-1
4903,-0.326119555409,1
4904,0.273614120119,-1
4905,1.23618961433,1
4906,1.47409048545,-1
4907,1.72842553135,1
4908,-1.20360797305,-1
4909,-0.42722504668,1
4910,-1.27390210439,-1
4911,-0.0308053530914,1
4912,-1.78512408407,-1
4913,0.0984118413897,1
4914,0.412191902664,-1
4915,-0.399362139134,1
4916,0.452704230703,-1
4917,0.378011415815,1
4918,-0.376851117237,-1
4919,-0.778868807798,1
4920,0.164565351186,-1
4921,0.604936572182,1
4922,-1.36506020826,-1
4923,-0.690401892057,1
4924,-0.0180122518093,-1
4925,-0.787156403121,1
4926,0.577759504218,-1
4927,0.922143632414,1
4928,2.70578030745,-1
4929,1.27397153418,1
4930,-1.3898760327,-1
4931,0.670376380774,1
4932,-0.655570874841,-1
4933,-1.0226002862,1
4934,0.0678162025785,-1
4935,-1.19479015618,1
4936,0.742357743786,-1
4937,-1.17166304579,1
4938,-0.3292698306,-1
4939,-0.102317481089,1
4940,0.281698246884,-1
4941,-0.288869019101,1
4942,-0.583379940039,-1
4943,-0.548576990352,1
4944,-2.59310480171,-1
4945,0.279303348191,1
4946,0.920833638731,-1
4947,0.492629348573,1
4948,-0.845346089497,-1
4949,-0.879749316597,1
4950,1.14406608017,-1
4951,0.216522305827,1
4952,-0.264923217553,-1
4953,0.0346306554144,1
4954,-1.68959573272,-1
4955,-1.25783902521,1
4956,0.21701700784,-1
4957,0.39150022236,1
4958,-0.703163933411,-1
4959,0.905818809696,1
4960,-0.0529778347596,-1
4961,-0.113218131256,1
4962,0.0383663486682,-1
4963,0.545315376057,1
4964,-1.75362304205,-1
4965,-0.434626024617,1
4966,1.26178557076,-1
4967,-0.522818147109,1
4968,-0.0374402489934,-1
4969,-1.62643121409,1
4970,-0.129728658799,-1
4971,0.792050123838,1
4972,0.551679842218,-1
4973,-0.929651799737,1
4974,0.605058335239,-1
4975,0.0073109202475,1
4976,-1.08031782416,-1
4977,0.128582951597,1
4978,-1.63326709671,-1
4979,2.21662464542,1
4980,0.33917302127,-1
4981,-0.567432735715,1
4982,-0.117908149872,-1
4983,1.02460767271,1
4984,-0.266653959965,-1
4985,0.338287811679,1
4986,-1.53628014484,-1
4987,-0.376631070804,1
4988,1.04787097113,-1
4989,0.0733833921692,1
4990,-0.13920361702,-1
4991,-0.224658569168,1
4992,1.31128338425,-1
4993,-0.697829871127,1
4994,-0.674810389084,-1
4995,0.377352500289,1
4996,1.22400801075,-1
4997,-1.79812218899,1
4998,1.90600621931,-1
4999,-0.185381652321,1
